frame,tracker,timestamp,predict_us,associate_us,update_us,create_delete_us,total_us,num_tracks,num_detections
1,object,25457.988356385,1.8189966795034707,3.670000296551734,1.4159995771478862,71.54000195441768,78.44499850762077,1,1
2,object,25458.017598056,74.86299728043377,162.12199989240617,33.0360016960185,5.194000550545752,275.2149994194042,1,1
3,object,25458.041732404,57.41900167777203,104.4589989760425,44.49900006875396,3.634999302448705,210.0120000250172,1,1
4,object,25458.065721059,81.12900104606524,148.81199967931025,29.75000097649172,4.137997166253626,263.82899886812083,1,1
5,object,25458.092697264,59.20499825151637,302.6650010724552,77.09399869781919,15.953999536577612,454.91799755836837,1,1
6,object,25458.120113915,320.9079986845609,398.8520002167206,64.24700040952303,6.5490021370351315,790.5560014478397,1,1
7,object,25458.148193195,234.6639994357247,402.38400106318295,106.37399827828631,13.225002476247028,756.647001253441,1,1
8,object,25458.174183939,96.08799882698804,251.58499920507893,44.00200123200193,4.522000381257385,396.1969996453263,1,1
9,object,25458.198512565,199.78899945272133,263.58200193499215,61.29900066298433,9.523999324301258,534.1940013749991,1,1
10,object,25458.223846415,77.49799988232553,142.5139998900704,42.409999878145754,6.512000254588202,268.9339999051299,1,1
11,object,25458.247916273,47.3809996037744,98.80099969450384,27.481997676659375,2.79700179817155,176.46099877310917,1,1
12,object,25458.274502831,105.00900316401385,222.42499835556373,33.54799991939217,7.351998647209257,368.334000086179,1,1
13,object,25458.299579625,87.57099931244738,219.49000074528158,37.46999936993234,4.41200245404616,348.94300188170746,1,1
14,object,25458.32472858,77.19800123595633,114.00500079616904,28.433998522814363,3.1950003176461905,222.83200087258592,1,1
15,object,25458.349878996,50.78100002720021,144.21699961530976,37.968999095028266,3.903001925209537,236.87000066274777,1,1
16,object,25458.373957681,54.96599987964146,100.36199819296598,25.209999876096845,3.2290008675772697,183.76699881628156,1,1
17,object,25458.399512734,36.49000063887797,79.74700201884843,23.59999780310318,2.297001628903672,142.13400208973326,1,1
18,object,25458.425577023,105.23499804548919,172.53600162803195,29.353999707382172,3.7610006984323263,310.88600007933564,1,1
19,object,25458.449690111,55.602999054826796,134.00100215221755,30.279999919002876,3.850000211969018,223.73400133801624,1,1
20,object,25458.474191371,94.62600064580329,163.80200031562708,47.618999815313146,5.165002221474424,311.21200299821794,1,1
21,object,25458.49891647,68.92400051583536,104.70400229678489,28.51699900929816,4.404999344842508,206.55000116676092,1,1
22,object,25458.523481737,110.62900011893362,221.38200074550696,53.444997320184484,6.181002390803769,391.63700057542883,1,1
23,object,25458.549015188,63.12999903457239,129.63900007889606,39.98800093540922,3.8469988794531673,236.60399892833084,1,1
24,object,25458.572864927,58.71699977433309,127.3220004804898,39.26800127374008,4.049001290695742,229.35600281925872,1,1
25,object,25458.59795321,69.53500269446522,127.20999802695587,42.55599924363196,4.049001290695742,243.3500012557488,1,1
26,object,25458.624494091,68.74300015624613,121.72299830126576,24.991000827867538,2.8569993446581066,218.31399863003753,1,1
27,object,25458.6487937,80.78800237854011,145.26899758493528,28.584003302967176,3.411998477531597,258.05300174397416,1,1
28,object,25458.673919174,54.01399903348647,106.22899935697205,28.572998417075723,2.9560032999143004,191.77200010744855,1,1
29,object,25458.703729339,122.69100261619315,234.84399935114197,39.54899875679985,5.386002158047631,402.4700028821826,1,1
30,object,25458.727383415,29.391001589829102,71.24799958546646,25.039000320248306,2.1699997887481004,127.84800128429197,1,1
31,object,25458.753363799,42.82099689589813,83.9790009194985,23.45300163142383,2.2179992811288685,152.47099872794934,1,1
32,object,25458.778292635,49.97299765818752,97.44900307850912,27.92199666146189,2.5610024749767035,177.90499987313524,1,1
33,object,25458.803269207,52.858998969895765,116.72099935822189,42.95699909562245,4.702000296674669,217.23899772041477,1,1
34,object,25458.83085992,168.63100245245732,218.86999820708297,52.36699871602468,5.038000381318852,444.90599975688383,1,1
35,object,25458.855250997,83.32600191351958,120.73199832229875,45.708999095950276,4.4910011638421565,254.25800049561076,1,1
36,object,25458.880770102,44.6599988208618,85.82599912188016,24.396998924203217,2.574000973254442,157.45699784019962,1,1
37,object,25458.905412829,46.27299858839251,88.77100117388181,24.85599907231517,2.4319997464772314,162.33199858106673,1,1
38,object,25458.929996687,55.38800178328529,218.5829980589915,77.44899994577281,5.709000106435269,357.1289998944849,1,1
39,object,25458.957676514,46.990997361717746,99.3450012174435,25.476001610513777,5.230998795013875,177.0429989846889,1,1
40,object,25458.981698438,35.45999788912013,122.82100215088576,26.198998966719955,2.8430004022084177,187.32299940893427,1,1
41,object,25459.007614144,73.78800000878982,121.32600022596307,36.229997931513935,4.350000381236896,235.69399854750372,1,1
42,object,25459.033885466,107.38600030890666,277.3279993562028,82.06799975596368,4.9390000640414655,471.7209994851146,1,1
43,object,25459.058349199,33.29999890411273,77.3089996073395,24.218999897129834,2.2610001906286925,137.08899859921075,1,1
44,object,25459.087087468,31.766998290549964,82.59000242105685,29.203998565208167,2.5170011213049293,146.0780003981199,1,1
45,object,25459.111666865,142.51500033424236,157.2860019223299,57.77999831479974,4.214001819491386,361.7950023908634,1,1
46,object,25459.135770504,44.01700061862357,88.89799937605858,27.32100256253034,2.967997716041282,163.20400027325377,1,1
47,object,25459.161884964,52.44799831416458,111.78300337633118,67.1540001349058,4.063997039338574,235.44899886474013,1,1
48,object,25459.185173208,53.035000746604055,105.03899829927832,34.50500298640691,3.672997991088778,196.25200002337806,1,1
49,object,25459.212522931,87.90499850874767,155.68900198559277,42.62400034349412,4.704997991211712,290.92299882904626,1,1
50,object,25459.237701585,31.614999898010865,78.013999882387,24.259999918285757,2.4709988792892545,136.35999857797287,1,1
51,object,25459.263065787,67.6240015309304,143.7760001863353,47.755998821230605,4.66799974674359,263.8240002852399,1,1
52,object,25459.288579397,67.3769973218441,208.2819992210716,43.869000364793465,3.9610022213310003,323.48899912904017,1,1
53,object,25459.312449553,59.286001487635076,113.74300083843991,29.304999770829454,3.026998456334695,205.36100055323914,1,1
54,object,25459.339401029,205.93700173776597,217.05199833377264,43.9670002378989,6.037000275682658,472.99300058512017,1,1
55,object,25459.363126409,191.10799985355698,210.49000133643858,31.616000342182815,5.51699849893339,438.73100003111176,1,1
56,object,25459.387315445,50.706999900285155,87.13900024304166,26.69199966476299,2.5659974198788404,167.10399722796865,1,1
57,object,25459.413565479,128.2599987462163,134.60300033329986,35.47899905242957,4.114001058042049,302.4559991899878,1,1
58,object,25459.436768218,174.47899881517515,240.57399787125178,61.456001276383176,5.049001629231498,481.5579995920416,1,1
59,object,25459.460029604,49.20299761579372,88.83900227374397,27.49099803622812,3.236000338802114,168.76899826456793,1,1
60,object,25459.487244237,125.35199857666157,187.37600112217478,42.25000157020986,6.337999366223812,361.31600063527003,1,1
61,object,25459.510990117,103.62100147176534,197.42099902941845,57.36399907618761,3.9280021155718714,362.3340016929433,1,1
62,object,25459.537060005,81.16499884636141,174.33099856134504,44.92600055527873,3.044002369279042,303.46600033226423,1,1
63,object,25459.560213089,70.89100108714774,135.94199845101684,43.088999518658966,4.221001290716231,254.14300034753978,1,1
64,object,25459.583077123,132.74000230012462,154.163997649448,51.52599987923168,4.6499990276061,343.0799988564104,1,1
65,object,25459.606810034,90.51499728229828,165.024001034908,31.335999665316194,3.8340003811754286,290.7089983636979,1,1
66,object,25459.633194361,134.2249997833278,234.53300309483893,39.95699808001518,5.354999302653596,414.0700002608355,1,1
67,object,25459.657827154,57.375000324100256,187.37299978965893,48.539000999880955,4.600999091053382,297.8880002046935,1,1
68,object,25459.681338947,108.87899770750664,208.06000247830525,52.699997468153015,5.114001396577805,374.7529990505427,1,1
69,object,25459.704111182,44.391999836079776,182.19100093119778,95.7629999902565,8.166000043274835,330.5120008008089,1,1
70,object,25459.727398895,47.86000135936774,89.52999996836297,26.0499982687179,2.8079994081053883,166.247999004554,1,1
71,object,25459.754389157,33.79100235179067,85.24599979864433,30.881998100085184,3.3560027077328414,153.27500295825303,1,1
72,object,25459.77713056,46.11799886333756,186.85800023376942,44.587002776097506,5.549998604692519,283.113000477897,1,1
73,object,25459.80163098,59.244997828500345,116.20800069067627,39.083002775441855,4.1149978642351925,218.65099915885366,1,1
74,object,25459.825673289,47.460998757742345,113.88900020392612,59.43400174146518,8.546998287783936,229.33099899091758,1,1
75,object,25459.849024219,81.91100278054364,126.34899758268148,26.208002964267507,3.196997568011284,237.6650008955039,1,1
76,object,25459.873184809,46.01600085152313,99.01199882733636,29.45300002465956,3.1950003176461905,177.67600002116524,1,1
77,object,25459.899590241,38.68400017381646,113.41600111336447,25.278000975959003,3.731998731382191,181.11000099452212,1,1
78,object,25459.922937031,86.89400056027807,139.87300189910457,36.03900040616281,3.7249992601573467,266.5310021257028,1,1
79,object,25459.947869561,51.091999921482056,179.46299703908153,59.20300100115128,10.44899909175001,300.2069970534649,1,1
80,object,25459.971561175,32.968000596156344,79.09299893071875,24.854001821950078,2.46399940806441,139.37900075688958,1,1
81,object,25459.995955406,61.91200009197928,107.69000073196366,27.710997528629377,3.435001417528838,200.74799977010116,1,1
82,object,25460.021752022,44.147000153316185,124.3170008820016,121.79099940112792,14.534001820720732,304.78900225716643,1,1
83,object,25460.045414592,46.262997784651816,98.00500265555456,90.21699952427298,11.754997103707865,246.23999706818722,1,1
84,object,25460.07050006,544.8240008263383,531.0269989422522,139.01500278734602,12.489999789977446,1227.356002345914,1,1
85,object,25460.094452418,41.82699922239408,87.17300079297274,24.501998268533498,2.8329995984677225,156.33499788236804,1,1
86,object,25460.117247201,87.7150014275685,222.32999981497414,78.18899757694453,5.365000106394291,393.59899892588146,1,1
87,object,25460.141781552,47.42099918075837,104.14800271973945,38.72099841828458,4.115001502214,194.4050018209964,1,1
88,object,25460.167146268,68.11899947933853,152.6260020909831,42.12799831293523,5.994003004161641,268.8670028874185,1,1
89,object,25460.189863654,223.7090011476539,224.52199846156873,40.94700125278905,7.11599932401441,496.2940001860261,1,1
90,object,25460.214810185,102.07499872194603,370.62200135551393,70.68400009302422,9.886000043479726,553.2670002139639,1,1
91,object,25460.238638189,115.72900257306173,158.84199819993228,36.993998946854845,5.958001565886661,317.5230012857355,1,1
92,object,25460.261308271,110.26100037270226,203.07399972807616,29.928000003565103,4.702000296674669,347.9650004010182,1,1
93,object,25460.288233368,97.05900083645247,240.67000049399212,42.74599996278994,4.4150001485832036,384.89000144181773,1,1
94,object,25460.31135253,111.15199959021993,137.60599904344417,28.704002033919096,4.257999535184354,281.72000020276755,1,1
95,object,25460.335569826,81.29900015774183,144.75500211119652,30.852999771013856,4.207999154459685,261.1150011944119,1,1
96,object,25460.360338175,86.32599929114804,177.88100012694485,45.744000090053305,4.315999831305817,314.266999339452,1,1
97,object,25460.383453725,44.232998334337026,86.71100295032375,24.700999347260222,2.5329973141197115,158.1779979460407,1,1
98,object,25460.408853377,33.83799776202068,104.10200047772378,30.939001590013504,2.5219997041858733,171.40099953394383,1,1
99,object,25460.433430922,89.62900028564036,155.83799904561602,38.782000046921894,5.531001079361886,289.78000045754015,1,1
100,object,25460.4583837,92.46899935533293,228.9180010848213,89.67000030679628,10.993000614689663,422.05000136164017,1,1
101,object,25460.483093572,35.96100214053877,78.68399916333146,23.723001504549757,2.8289978217799217,141.1970006301999,1,1
102,object,25460.506866884,117.2539996332489,185.958000656683,33.627999073360115,3.5520024539437145,340.3920018172357,1,1
103,object,25460.532082741,58.417001127963886,184.66199981048703,28.89600000344217,4.039000486955047,276.01400142884813,1,1
104,object,25460.556950371,69.17700011399575,158.10400145710446,27.93999738059938,4.051002179039642,259.2720011307392,1,1
105,object,25460.580679733,44.02699778438546,96.80100265541114,28.86099900933914,4.749999789055437,174.43899923819117,1,1
106,object,25460.6056267,51.08400000608526,96.22300058254041,36.298999475548044,4.047000402351841,187.65300046652555,1,1
107,object,25460.630808347,45.53100006887689,86.10300210420974,23.974000214366242,2.592998498585075,158.20100088603795,1,1
108,object,25460.655685264,60.78500155126676,146.44800103269517,33.94499799469486,3.616001777118072,244.79400235577486,1,1
109,object,25460.682639702,48.39299799641594,113.07300155749545,34.99499871395528,3.9869992178864777,200.44799748575315,1,1
110,object,25460.706654668,41.385999793419614,82.9759992484469,23.664000764256343,2.1050000214017928,150.13099982752465,1,1
111,object,25460.730489739,45.54000042844564,96.618001407478,23.699998564552516,2.6220004656352103,168.48000086611137,1,1
112,object,25460.755261527,55.846001487225294,121.41899787820876,27.77400004561059,3.225999535061419,208.26499894610606,1,1
113,object,25460.779114979,46.42100248020142,149.51499906601384,99.00900113279931,6.895999831613153,301.84100251062773,1,1
114,object,25460.804895134,63.84100197465159,160.85099923657253,44.53400106285699,4.443998477654532,273.67000075173564,1,1
115,object,25460.830065438,62.29100108612329,196.63899729494005,47.640001866966486,4.418001481099054,310.9880017291289,1,1
116,object,25460.854429554,61.587998061440885,120.06000179098919,41.180999687639996,4.138997610425577,226.96799715049565,1,1
117,object,25460.878573215,57.7790015086066,137.74599938187748,43.91800030134618,4.4480002543423325,243.8910014461726,1,1
118,object,25460.903039388,58.729001466417685,95.8460004767403,25.42899892432615,3.9610022213310003,183.96500308881514,1,1
119,object,25460.928516744,47.8410001960583,88.6999987415038,25.054003344848752,3.430999640841037,165.0260019232519,1,1
120,object,25460.95373698,46.52300049201585,111.7490028264001,34.72099706414156,3.678000211948529,196.67100059450604,1,1
121,object,25460.977456214,31.538998882751912,76.22400153195485,22.444997739512473,2.06700133276172,132.27499948698096,1,1
122,object,25461.003564802,81.91100278054364,165.94899716437794,41.73100023763254,5.084002623334527,294.67500280588865,1,1
123,object,25461.027896971,121.29699825891294,230.7169997948222,54.527001339010894,6.275997293414548,412.81699668616056,1,1
124,object,25461.052104088,66.77399869658984,215.13799947570078,66.763001086656,7.496000762330368,356.171000021277,1,1
125,object,25461.078174641,82.38800000981428,124.00000196066685,29.778999305563048,3.78299955627881,239.95000083232298,1,1
126,object,25461.101318612,139.25500024924986,181.005998456385,25.476001610513777,3.678000211948529,349.41500052809715,1,1
127,object,25461.125611412,55.24799780687317,89.07800292945467,24.29699816275388,2.8430004022084177,171.46599930129014,1,1
128,object,25461.15017543,110.44599887100048,299.9040007125586,103.17099804524332,10.332001693313941,523.8529993221164,1,1
129,object,25461.17386327,38.194000808289275,83.17500032717362,34.27899719099514,2.707001840462908,158.35500016692095,1,1
130,object,25461.197853155,104.05200009699911,131.9579969276674,28.771002689609304,2.7749993023462594,267.5559990166221,1,1
131,object,25461.223834036,40.256996726384386,172.65200222027488,46.057000872679055,3.006996848853305,261.9729966681916,1,1
132,object,25461.247236808,34.71599848126061,78.36700024199672,25.105000531766564,2.230997779406607,140.4189970344305,1,1
133,object,25461.273114338,45.50700032268651,88.93999984138645,23.74099858570844,2.6950001483783126,160.8829988981597,1,1
134,object,25461.296448868,41.46699939155951,82.82999988296069,23.232998501043767,2.849003067240119,150.3790008428041,1,1
135,object,25461.320907482,142.96399967861362,269.88099853042513,110.90100088040344,8.525999874109402,532.2719989635516,1,1
136,object,25461.346117117,160.01600306481123,244.1179967718199,51.65500260773115,6.738999218214303,462.52800166257657,1,1
137,object,25461.369886838,48.830999730853364,148.5519969719462,114.74200073280372,10.113999451277778,322.23899688688107,1,1
138,object,25461.394965709,59.730999055318534,116.57299910439178,41.04799882043153,4.241002898197621,221.59299987833947,1,1
139,object,25461.418767691,51.50400102138519,148.02799705648795,54.701002227375284,6.12800067756325,260.3610009828117,1,1
140,object,25461.442166117,39.53899795305915,106.29100142978132,24.267999833682552,2.44399780058302,172.54199701710604,1,1
141,object,25461.468726013,42.790998122654855,95.05900015938096,23.67500201216899,2.8999966161791235,164.42499691038392,1,1
142,object,25461.492461291,45.26499833445996,89.40300176618621,24.840999685693532,2.9709990485571325,162.47999883489683,1,1
143,object,25461.516564527,33.23700002511032,87.87600017967634,23.63800012972206,2.116001269314438,146.86700160382316,1,1
144,object,25461.541075281,43.123000068590045,87.05700020072982,24.31800021440722,3.516001015668735,158.01400149939582,1,1
145,object,25461.564391309,33.01200194982812,75.56399941677228,23.461001546820626,2.2179992811288685,134.2550021945499,1,1
146,object,25461.588100797,52.39600068307482,94.18500121682882,23.86699998169206,2.4039982235990465,172.85200010519475,1,1
147,object,25461.615328462,38.2250000257045,166.37199951219372,40.28100011055358,5.580997822107747,250.45899747055955,1,1
148,object,25461.638951933,32.92600013082847,87.72000001044944,42.85500108380802,5.711997800972313,169.21299902605824,1,1
149,object,25461.664024208,44.85300087253563,84.74000060232356,25.089997507166117,2.540000423323363,157.22299940534867,1,1
150,object,25461.689092724,44.42400313564576,95.42699990561232,25.072000426007435,3.444998583290726,168.36800205055624,1,1
151,object,25461.712780991,31.495997973252088,77.01499998802319,23.364998924080282,2.392000169493258,134.26799705484882,1,1
152,object,25461.739578989,53.97999848355539,102.21100092167035,25.977002223953605,3.496999852359295,185.66500148153864,1,1
153,object,25461.766885765,55.2160017832648,142.70099927671254,29.181999707361683,10.562998795649037,237.66199956298806,1,1
154,object,25461.795192786,47.27600025944412,89.15799844544381,23.798998881829903,2.8180002118460834,163.0509977985639,1,1
155,object,25461.820932717,49.02599903289229,100.3440011118073,25.569999706931412,3.0849987524561584,178.02499860408716,1,1
156,object,25461.845974316,75.18100028391927,102.26900121779181,30.612001864938065,3.621997166192159,211.6840005328413,1,1
157,object,25461.872074105,55.3010031580925,99.37399954651482,25.690998882055283,2.9650000215042382,183.33100160816684,1,1
158,object,25461.898601307,90.05800166050903,229.1450000484474,62.07099795574322,6.764999852748588,388.03899951744825,1,1
159,object,25461.922159698,48.64000220550224,141.39599807094783,48.802001401782036,4.515000910032541,243.35300258826464,1,1
160,object,25461.949364093,109.61999942082912,388.13599894638173,67.33199916197918,8.319999324157834,573.4079968533479,1,1
161,object,25461.97467451,88.76900028553791,194.36500224401243,58.29399742651731,5.1670031098183244,346.595003065886,1,1
162,object,25462.00066488,281.3440005411394,323.6539996578358,49.558999307919294,7.785998604958877,662.3429981118534,1,1
163,object,25462.027452875,39.391998143401,106.75199882825837,41.28100044908933,3.9490005292464048,191.3739979499951,1,1
164,object,25462.051957118,56.381999456789345,115.83800005610101,55.200998758664355,5.113000952405855,232.53399922396056,1,1
165,object,25462.077155487,48.07699951925315,163.57899949070998,46.67900066124275,3.417000698391348,261.7520003695972,1,1
166,object,25462.101566533,32.271997042698786,88.38200301397592,24.43299672449939,2.4610017135273665,147.54799849470146,1,1
167,object,25462.127658798,65.55300205945969,96.77699927124195,28.976999601582065,4.587000148603693,195.8940010808874,1,1
168,object,25462.152040397,61.61400233395398,112.21099703107029,40.84600004716776,3.726003342308104,218.39700275450014,1,1
169,object,25462.17637057,31.57299943268299,76.71200000913814,23.69399953749962,2.1660016500391066,134.14500062935986,1,1
170,object,25462.201245911,47.38699863082729,85.9259998833295,23.331998818321154,2.812001184793189,159.45699851727113,1,1
171,object,25462.224945963,44.250999053474516,120.07600162178278,29.116999940015376,3.4719996619969606,196.91600027726963,1,1
172,object,25462.249186523,51.74100078875199,93.85299927089363,24.361001123907045,2.926997694885358,172.88199887843803,1,1
173,object,25462.276271001,55.365002481266856,235.88899784954265,112.03000030945987,9.079998562810943,412.3639992030803,1,1
174,object,25462.299674416,34.059998142765835,83.3650010463316,26.62299812072888,2.3990032786969095,146.44700058852322,1,1
175,object,25462.324562546,48.952999350149184,84.01800005231053,23.082000552676618,2.576998667791486,158.62999862292781,1,1
176,object,25462.348582829,44.824999349657446,91.80500273942016,24.960998416645452,2.79700179817155,164.3880023038946,1,1
177,object,25462.37166827,33.651002013357356,82.93199789477512,23.48400084883906,2.2140011424198747,142.2810018993914,1,1
178,object,25462.398187267,183.38999871048145,344.0690015850123,70.99199865479022,8.31099896458909,606.7619979148731,1,1
179,object,25462.421253562,44.97299960348755,87.43400030652992,23.76500196987763,3.1149975256994367,159.28699940559454,1,1
180,object,25462.445053986,56.173998018493876,178.09100245358422,24.92099883966148,2.7989990485366434,261.9849983602762,1,1
181,object,25462.470375649,71.28599827410653,162.5219993002247,26.26300192787312,3.615998139139265,263.6869976413436,1,1
182,object,25462.494277746,36.85200135805644,143.11199993244372,26.994999643648043,4.302000888856128,211.26100182300434,1,1
183,object,25462.518327139,77.53899990348145,125.71600018418394,23.55600008741021,2.662996848812327,229.47399702388793,1,1
184,object,25462.543983473,62.51800004974939,187.76900105876848,40.221999370260164,3.703000402310863,294.2120008810889,1,1
185,object,25462.567730728,50.481001380831,114.61699978099205,38.37300027953461,3.5670018405653536,207.038003281923,1,1
186,object,25462.592119709,65.48999954247847,141.02700151852332,48.58399915974587,4.715999239124358,259.816999459872,1,1
187,object,25462.616077666,67.72300184820779,117.94199963333085,39.283997466554865,3.6750025174114853,228.624001465505,1,1
188,object,25462.640155102,48.14900239580311,91.6499993763864,27.895999664906412,3.043998731300235,170.73900016839616,1,1
189,object,25462.666020111,45.10500002652407,81.86299965018407,21.40099968528375,2.4820001272019,150.85099948919378,1,1
190,object,25462.693596914,100.2589997369796,116.57700088107958,24.89400139893405,3.211996954632923,244.94199897162616,1,1
191,object,25462.717162519,33.63900032127276,114.82000263640657,26.39499871293083,4.0480008465237916,178.90200251713395,1,1
192,object,25462.742244195,142.18800060916692,249.40799994510598,42.29299884173088,6.131002010079101,440.0200014060829,1,1
193,object,25462.766921926,152.23400259856135,302.62799919000827,58.86899816687219,4.585002898238599,518.3160028536804,1,1
194,object,25462.790102968,180.07100152317435,143.4659970982466,45.153999963076785,11.263000487815589,379.9539990723133,1,1
195,object,25462.815955168,120.0400001835078,177.52799976733513,33.51399936946109,5.95199890085496,337.033998221159,1,1
196,object,25462.839585388,54.841002565808594,103.94899800303392,24.408000172115862,4.014000296592712,187.2120010375511,1,1
197,object,25462.865501176,44.08600216265768,121.28099842811935,25.405002816114575,3.183999069733545,193.95600247662514,1,1
198,object,25462.890225162,49.51800292474218,107.65799743239768,24.436001694994047,3.092998667852953,184.70500071998686,1,1
199,object,25462.913301692,34.0389997290913,77.62200038996525,24.49000021442771,2.234002749901265,138.38500308338553,1,1
200,object,25462.940353488,45.76900028041564,99.68599988496862,28.751001082127914,7.284997991519049,181.49099923903123,1,1
201,object,25462.9644889,49.649999709799886,96.17199975764379,26.732999685918912,4.165998689131811,176.7209978424944,1,1
202,object,25462.989126376,55.83999882219359,106.59600229701027,25.436998839722946,3.2099997042678297,191.08299966319464,1,1
203,object,25463.013444369,60.26099799782969,104.80000128154643,30.120001611066982,4.713998350780457,199.89499924122356,1,1
204,object,25463.036888905,38.95699774147943,105.49000216997229,30.56700006709434,3.8580001273658127,178.87200010591187,1,1
205,object,25463.063493017,79.71099694259465,141.76100012264214,31.352999940281734,4.792000254383311,257.61699725990184,1,1
206,object,25463.087508919,49.838999984785914,98.29099872149527,27.660000341711566,3.083001502091065,178.87300055008382,1,1
207,object,25463.111828564,33.57999958097935,86.6029986354988,23.31100040464662,2.373999450355768,145.86799807148054,1,1
208,object,25463.136330857,55.675001931376755,110.51599722122774,25.421002646908164,2.1659980120602995,193.77799981157295,1,1
209,object,25463.159953601,59.54000152996741,146.65299750049599,28.074002329958603,4.3479994928929955,238.615000853315,1,1
210,object,25463.183314532,31.051997211761773,72.55400123540312,23.303000489249825,2.134998794645071,129.0439977310598,1,1
211,object,25463.210325332,34.57500133663416,84.15100091951899,23.70999936829321,2.977998519781977,145.41400014422834,1,1
212,object,25463.233791241,46.25599831342697,126.53100202442147,27.55799869191833,3.163000656059012,203.50799968582578,1,1
213,object,25463.286225387,48.89399860985577,2.163000317523256,1.1470001481939107,5.407000571722165,57.6109996472951,1,0
214,object,25463.331157435,36.93899998324923,1.8499995348975062,1.5609984984621406,4.792000254383311,45.14199827099219,1,0
215,object,25463.3761857,45.82399924402125,2.277000021422282,1.2760028766933829,5.711997800972313,55.08899994310923,1,0
216,object,25463.377328919,30.26999911526218,102.49300248688087,38.63999882014468,2.8860013117082417,174.28900173399597,1,1
217,object,25463.402641303,63.75500015565194,174.5000008668285,43.02500019548461,5.261998012429103,286.54199923039414,1,1
218,object,25463.42686634,80.6419993750751,115.66700050025247,25.837998691713437,2.4310029402840883,224.5780015073251,1,1
219,object,25463.451122546,46.9879996671807,85.78599954489619,23.819000489311293,2.736000169534236,159.32899987092242,1,1
220,object,25463.47930766,45.46999844023958,89.66700261225924,23.98899960098788,2.697001036722213,161.8230016902089,1,1
221,object,25463.503296504,138.89399997424334,178.81899839267135,29.417002224363387,3.9139995351433754,351.04400012642145,1,1
222,object,25463.529060896,119.64599980274215,247.71200332907028,43.47799767856486,3.4760014386847615,414.31200224906206,1,1
223,object,25463.55326789,94.14899977855384,140.39199959370308,42.355997720733285,3.807999746641144,280.70499683963135,1,1
224,object,25463.577250944,59.58700057817623,117.76799874496646,39.90100231021643,3.6199999158270657,220.87600154918619,1,1
225,object,25463.604940533,112.17999781365506,237.1520022279583,30.84299896727316,4.231998900650069,384.4069979095366,1,1
226,object,25463.628625899,110.37899821531028,166.0410016484093,28.417998692020774,3.687000571517274,308.5249991272576,1,1
227,object,25463.67634885,79.69400030560791,4.020999767817557,2.411001332802698,9.694998880149797,95.82100028637797,1,0
228,object,25463.721314598,83.42200089828111,2.868000592570752,2.6220004656352103,12.96600021305494,101.87800216954201,1,0
229,object,25463.766209933,51.30399949848652,2.2649983293376863,1.4550023479387164,6.354999641189352,61.37899981695227,1,0
230,object,25463.797254506,34.87399953883141,81.31199865601957,23.604003217769787,2.6189991331193596,142.40900054574013,1,1
231,object,25463.821558993,44.78299888432957,119.20900215045549,28.80699685192667,4.614001227309927,197.41299911402166,1,1
232,object,25463.845396094,42.742001824080944,88.97999941837043,28.84499917854555,3.597000613808632,164.16400103480555,1,1
233,object,25463.87258851,43.839001591550186,96.9989996519871,25.18199835321866,2.6190027710981667,168.63900236785412,1,1
234,object,25463.896558821,43.40699888416566,114.31600069045089,96.772000688361,7.882998033892363,262.3779982968699,1,1
235,object,25463.921292545,32.39400029997341,76.757998613175,23.489999875891954,2.1599989850074053,134.80199777404778,1,1
236,object,25463.945793134,68.32000144640915,184.65799803379923,39.25900091417134,4.1669991333037615,296.4039995276835,1,1
237,object,25463.969011966,49.612997827352956,202.06300177960657,73.01299774553627,5.246001819614321,329.9349991721101,1,1
238,object,25463.993263137,31.8710008286871,87.80999996815808,78.75200026319362,6.324000423774123,204.75700148381293,1,1
239,object,25464.020248718,108.29999882844277,141.79000208969228,29.28100002463907,3.812998329522088,283.1839992722962,1,1
240,object,25464.044268151,85.44199954485521,121.749999379972,28.648002626141533,2.89699892164208,238.73700047261082,1,1
241,object,25464.069221628,36.2190003215801,80.13800106709823,23.310996766667813,2.08600249607116,141.7540006514173,1,1
242,object,25464.094648986,123.75699952826835,294.4920015579555,114.76899817353114,6.361999112414196,539.3799983721692,1,1
243,object,25464.121206152,97.83800123841502,197.28299957932904,45.046999730402604,4.355002602096647,344.5230031502433,1,1
244,object,25464.147019508,271.6050003073178,296.4849991258234,103.39200161979534,8.45400063553825,679.9360016884748,1,1
245,object,25464.170403838,54.01599992183037,159.00599828455597,40.18700201413594,4.679997800849378,257.88899802137166,1,1
246,object,25464.195772955,45.20199945545755,86.43699766253121,24.68000093358569,2.9959992389194667,159.31499729049392,1,1
247,object,25464.219404695,35.36300209816545,79.0939993748907,23.14100129297003,2.2169988369569182,139.8150016029831,1,1
248,object,25464.243558595,60.36099875927903,116.61800090223551,26.878999051405117,2.887001755880192,206.74500046879984,1,1
249,object,25464.270976814,56.89299723599106,144.73100236500613,31.43600042676553,5.473997589433566,238.5339976171963,1,1
250,object,25464.295501777,32.87700019427575,75.91000030515715,22.73900099680759,1.9709987100213766,133.49700020626187,1,1
251,object,25464.322012103,35.266002669231966,94.0629979595542,24.6640011027921,2.278000465594232,156.2710021971725,1,1
252,object,25464.34696134,50.237998948432505,93.991999165155,24.45499922032468,2.7130008675158024,171.39799820142798,1,1
253,object,25464.371867692,43.45799970906228,236.16000180481933,26.924997655441985,4.459001502254978,311.00200067157857,1,1
254,object,25464.397070685,33.14700006740168,80.88999675237574,23.981003323569894,2.8609974833671004,140.8789976267144,1,1
255,object,25464.425672588,144.18999853660353,115.05300062708557,26.394001906737685,3.077999281231314,288.7150003516581,1,1
256,object,25464.450876859,44.90600258577615,203.58499750727788,52.324001444503665,4.158999217906967,304.97400075546466,1,1
257,object,25464.476873264,62.627997976960614,157.63000192237087,49.05199966742657,3.9580008888151497,273.2680004555732,1,1
258,object,25464.501695327,41.821000195341185,119.5110016851686,39.00400042766705,3.2389980333391577,203.575000341516,1,1
259,object,25464.52711976,67.36499926773831,108.788997749798,24.292003217851743,2.8089998522773385,203.2550000876654,1,1
260,object,25464.556776946,424.3690018483903,427.39299897220917,55.87499981629662,9.430001227883622,917.0670018647797,1,1
261,object,25464.582137517,403.2500000903383,764.2179989488795,140.37700020708144,16.079000488389283,1323.9239997346886,1,1
262,object,25464.610929294,382.47100019361824,820.6530001189094,124.42500155884773,17.515998479211703,1345.065000350587,1,1
263,object,25464.631900485,166.11299724900164,252.80500267399475,56.88300007022917,6.336998922051862,482.1379989152774,1,1
264,object,25464.658252978,253.63399981870316,545.9940002765507,88.91399920685217,12.839002010878175,901.3810013129842,1,1
265,object,25464.687119461,248.88800180633552,631.2959994829725,160.53999934229068,18.402999558020383,1059.1270001896191,1,1
266,object,25464.710635189,157.81999900355004,326.22599974274635,53.747000492876396,8.090002665994689,545.8830019051675,1,1
267,object,25464.735032101,91.47799937636591,187.81099788611755,60.78600199543871,6.1209975683595985,346.19599682628177,1,1
268,object,25464.757798448,40.759998228168115,126.61300206673332,32.68699947511777,10.575997293926775,210.63599706394598,1,1
269,object,25464.784112394,86.0779982758686,186.7159990069922,68.30600250395946,7.173999620135874,348.27399940695614,1,1
270,object,25464.81119512,35.95999805838801,88.80600216798484,27.081998268840834,3.326000296510756,155.17399879172444,1,1
271,object,25464.838263958,152.26799951051362,151.95599917205982,69.22600005054846,11.732998245861381,385.1829969789833,1,1
272,object,25464.865954773,130.5940022575669,411.2429996894207,81.21299833874218,13.501001376425847,636.5510016621556,1,1
273,object,25464.890206127,43.50400195107795,101.69600136578083,26.009998691733927,4.073001036886126,175.28300304547884,1,1
274,object,25464.914771268,191.35700131300837,378.5250009968877,74.03799827443436,11.095999070676044,655.0159996550065,1,1
275,object,25464.941555892,50.38800009060651,238.72100064181723,73.12199886655435,10.538999049458653,372.76999864843674,1,1
276,object,25464.966446184,80.76100129983388,178.93599942908622,40.78299753018655,6.377002137014642,306.8570003961213,1,1
277,object,25464.99076475,45.32199818640947,86.81200051796623,23.7300009757746,2.5789995561353862,158.4429992362857,1,1
278,object,25465.015370786,85.09899998898618,152.08499826258048,36.06400059652515,4.025001544505358,277.27300039259717,1,1
279,object,25465.039990883,126.9450003746897,195.5419975274708,45.27100099949166,4.875000740867108,372.6329996425193,1,1
280,object,25465.065950465,209.16699941153638,292.5570006482303,64.09699926734902,9.458002750761807,575.2790020778775,1,1
281,object,25465.089874582,123.27999866101891,279.3829989968799,41.59200034337118,12.126001820433885,456.3809998217039,1,1
282,object,25465.11427499,136.8670018564444,284.33599800337106,54.055999498814344,6.5490021370351315,481.80800149566494,1,1
283,object,25465.140359579,182.0110010157805,485.94599866191857,69.40800085430965,7.2359980549663305,744.600998586975,1,1
284,object,25465.164234922,163.0690021556802,341.5440005483106,68.26699973316863,8.625000191386789,581.5050026285462,1,1
285,object,25465.189760455,168.65799989318475,367.19200215884484,79.64799806359224,5.809000867884606,621.3070009835064,1,1
286,object,25465.216643713,219.96799841872416,638.9380032487679,144.35299817705527,17.972000932786614,1021.231000777334,1,1
287,object,25465.24106159,71.15599873941392,405.80600034445524,142.94599895947613,7.479000487364829,627.3869985307101,1,1
288,object,25465.266051037,181.71699775848538,318.68900259723887,62.34700049390085,8.917999366531149,571.6710002161562,1,1
289,object,25465.288683807,47.34599860967137,104.0620009007398,30.31999949598685,3.4910008253064007,185.21899983170442,1,1
290,object,25465.312057919,42.532999941613525,106.42399865901098,31.265000870916992,2.868000592570752,183.09000006411225,1,1
291,object,25465.338775031,92.80100130126812,266.8999986781273,31.497002055402845,3.5489974834490567,394.7469995182473,1,1
292,object,25465.363236103,74.3609998608008,146.6370013076812,26.924997655441985,3.3050018828362226,251.2280007067602,1,1
293,object,25465.388841646,135.90800153906457,236.91000023973174,40.185997931985185,8.761002391111106,421.7650021018926,1,1
294,object,25465.413867744,167.76700067566708,231.0880008735694,40.66999827045947,5.290999979479238,444.8159997991752,1,1
295,object,25465.440351629,191.82100004400127,600.964998739073,203.05900034145452,42.85400063963607,1038.698999764165,1,1
296,object,25465.492742565,327.6980023656506,20.692998077720404,8.237999281845987,51.03300281916745,407.66200254438445,1,0
297,object,25465.504416494,265.44399952399544,537.629999598721,99.6570015558973,17.87399742170237,920.6049981003162,1,1
298,object,25465.518950767,1984.4759990519378,613.6720003269147,109.30699863820337,20.388000848470256,2727.842998865526,1,1
299,object,25465.545012077,126.76299957092851,210.8410008077044,46.04599962476641,6.2110011640470475,389.8610011674464,1,1
300,object,25465.570770641,200.9210002142936,356.50200152304024,67.01699749100953,12.01300256070681,636.4530017890502,1,1
301,object,25465.594026945,57.48900002799928,152.8469983895775,29.28400135715492,4.525998519966379,244.14599829469807,1,1
302,object,25465.621514346,248.06800138321705,400.5619994131848,54.00100053520873,8.39999847812578,711.0309998097364,1,1
303,object,25465.645290509,63.59299732139334,105.26000187383033,92.93499897466972,4.327001079218462,266.11499924911186,1,1
304,object,25465.673162878,55.219999921973795,133.86700084083714,36.79200017359108,3.158998879371211,229.03799981577322,1,1
305,object,25465.699814133,254.6379982959479,416.6930011706427,92.5839995034039,17.53100150381215,781.4460004738066,1,1
306,object,25465.727092463,75.27100024162792,104.94000161997974,29.78299744427204,2.750002749962732,212.74400205584243,1,1
307,object,25465.75281303,184.57999976817518,468.23699813103303,85.25600060238503,16.527999832760543,754.6009983343538,1,1
308,object,25465.77593964,46.08200106304139,94.56999760004692,24.065000616246834,2.5510016712360084,167.26800095057115,1,1
309,object,25465.801124319,191.57699716743082,254.42600235692225,99.42299948306754,12.301999959163368,557.727998966584,1,1
310,object,25465.826312312,41.48199877818115,88.07199992588721,25.68499985500239,2.75799902738072,157.99699758645147,1,1
311,object,25465.852969512,77.64499969198368,186.57100008567795,32.39299985580146,5.10199970449321,301.7109993379563,1,1
312,object,25465.878074137,104.39300240250304,189.11799998022616,39.20399831258692,5.628000508295372,338.3430012036115,1,1
313,object,25465.901955592,64.36900002881885,105.13900269870646,30.09499778272584,3.6710007407236844,203.27400125097483,1,1
314,object,25465.925402882,47.14700116892345,89.63700020103715,25.745997845660895,3.0619994504377246,165.59199866605923,1,1
315,object,25465.950785093,241.9459997327067,320.9670030628331,64.65299884439446,6.456000846810639,634.0220024867449,1,1
316,object,25465.973800983,115.09500109241344,235.77200045110658,42.58699846104719,5.08299854118377,398.536998545751,1,1
317,object,25465.999471026,256.005998380715,364.7860030469019,57.04999784938991,9.074999979929999,686.9169992569368,1,1
318,object,25466.024273439,169.94099860312417,483.89299990958534,303.14399919006974,8.62900196807459,965.6069996708538,1,1
319,object,25466.048648971,87.80700227362104,183.19599985261448,41.977000364568084,8.31400029710494,321.29400278790854,1,1
320,object,25466.074389205,142.28399959392846,111.69599747518077,31.029001547722146,3.3760006772354245,288.3849992940668,1,1
321,object,25466.097819588,46.84599844040349,149.53600111766718,42.269999539712444,5.37799860467203,244.02999770245515,1,1
322,object,25466.122457858,81.7260006442666,340.2599977562204,41.74900095677003,4.565001290757209,468.30000064801425,1,1
323,object,25466.152226882,290.3659988078289,628.9740013016853,87.26599844521843,16.45700103836134,1023.062999593094,1,1
324,object,25466.175128703,152.71600204869173,213.22899920050986,61.016999097773805,8.59099964145571,435.5529999884311,1,1
325,object,25466.200262786,49.390000640414655,94.37600238015875,24.909997591748834,3.269000444561243,171.94500105688348,1,1
326,object,25466.224377922,60.69200026104227,139.63799938210286,33.58200046932325,3.9279984775930643,237.83999859006144,1,1
327,object,25466.251744948,50.709000788629055,91.91699791699648,24.50499960104935,2.9700022423639894,170.10100054903887,1,1
328,object,25466.277175995,111.69999925186858,213.9409989467822,35.49699977156706,7.236001692945138,368.373999663163,1,1
329,object,25466.302120596,99.20999946189113,228.98799943504855,40.61300205648877,5.174999387236312,373.98600034066476,1,1
330,object,25466.326593463,121.2759998452384,174.6950001688674,36.39499846030958,4.409001121530309,336.7749995959457,1,1
331,object,25466.351153453,80.99199840216897,138.70200200472027,25.535999157000333,4.350000381236896,249.57999994512647,1,1
332,object,25466.375055267,68.2419995428063,99.53200060408562,28.03200186463073,2.8659997042268515,198.6720017157495,1,1
333,object,25466.401784929,111.67699994985014,195.99900042521767,25.443001504754648,3.0279989005066454,336.1470007803291,1,1
334,object,25466.425862183,74.19199755531736,196.4250004675705,50.66300218459219,4.911998985335231,326.1919991928153,1,1
335,object,25466.451810247,43.72500188765116,109.30499774985947,48.35900108446367,4.294000973459333,205.68300169543363,1,1
336,object,25466.476501099,132.2699972661212,193.68600260349922,44.53099973034114,4.07900006393902,374.5659996639006,1,1
337,object,25466.500419157,52.21399987931363,88.41199814924039,25.941000785678625,3.364999429322779,169.93199824355543,1,1
338,object,25466.526263063,138.29100134898908,123.89399853418581,35.42600097716786,4.113000613870099,301.72400147421286,1,1
339,object,25466.549768874,78.99200136307627,131.5829977102112,44.7490019723773,3.74599767383188,259.06999871949665,1,1
340,object,25466.574628172,54.912001360207796,97.75600119610317,25.691999326227233,2.730001142481342,181.09000302501954,1,1
341,object,25466.602400265,36.212997656548396,160.7670019438956,29.8509985441342,4.215002263663337,231.04600040824153,1,1
342,object,25466.630863078,48.77199899055995,132.9709994024597,33.58600224601105,3.7909994716756046,219.12000011070631,1,1
343,object,25466.661670852,61.72299981699325,105.01199722057208,29.938000807305798,2.835000486811623,199.50799833168276,1,1
344,object,25466.691602758,32.762000046204776,94.93999823462218,25.75899998191744,2.410000888630748,155.87099915137514,1,1
345,object,25466.722079792,32.07099871360697,77.4529980844818,23.672000679653138,2.1470004867296666,135.34299796447158,1,1
346,object,25466.751742178,33.09900057502091,79.73399988259189,24.582001060480252,2.2419990273192525,139.6570005454123,1,1
347,object,25466.780810226,53.65000106394291,94.71700104768388,28.251000912860036,3.15499710268341,179.77300012717023,1,1
348,object,25466.808748781,67.28399966959842,211.49399981368333,39.3839982280042,6.256002961890772,324.4180006731767,1,1
349,object,25466.834452678,111.38800255139358,169.8039995972067,39.63699782616459,3.6570017982739955,324.4860017730389,1,1
350,object,25466.859937411,57.74399687652476,122.9190020239912,29.381000786088407,4.260997229721397,214.30499691632576,1,1
351,object,25466.885301193,61.85799793456681,79.61300070746802,23.43700180063024,2.558997948653996,167.46699839131907,1,1
352,object,25466.909429847,54.3569985893555,265.08100199862383,114.74499842734076,8.334998710779473,442.51799772609957,1,1
353,object,25466.937221693,42.09300095681101,92.42400119546801,26.600999262882397,3.21200059261173,164.33000200777315,1,1
354,object,25466.961396514,29.787999665131792,94.34599996893667,23.67199704167433,2.535001840442419,150.3409985161852,1,1
355,object,25466.985856041,48.14400017494336,149.4530006311834,32.74999835412018,5.351001163944602,235.69800032419153,1,1
356,object,25467.010167829,39.738999475957826,91.39399844571017,23.79700163146481,2.210999809904024,157.14099936303683,1,1
357,object,25467.034347848,101.9020019157324,133.9049995294772,27.07399835344404,2.6890011213254184,265.57000091997907,1,1
358,object,25467.059500906,45.68499934975989,88.65299969329499,25.30399797251448,3.0660012271255255,162.70799824269488,1,1
359,object,25467.08512257,120.06399992969818,181.9160024751909,30.602997867390513,3.896999260177836,336.47999953245744,1,1
360,object,25467.109097535,85.84699753555469,176.82199904811569,31.824001780478284,3.3700016501825303,297.8630000143312,1,1
361,object,25467.13356054,50.74999717180617,100.0440024654381,28.42799949576147,3.0989976949058473,182.32099682791159,1,1
362,object,25467.157238202,45.09700011112727,109.31600263575092,40.04299989901483,3.8299986044876277,198.28600125038065,1,1
363,object,25467.181466771,76.95100066484883,106.93600052036345,36.59299909486435,3.9700025808997452,224.45000286097638,1,1
364,object,25467.207847045,139.5090002915822,333.0020008434076,52.20899765845388,11.103002179879695,535.8230009733234,1,1
365,object,25467.232279947,77.32599988230504,239.04200133983977,48.86700116912834,4.306999471737072,369.5420018630102,1,1
366,object,25467.257577128,71.07500277925283,143.4639998478815,53.38600021786988,4.792997060576454,272.71799990558065,1,1
367,object,25467.282056554,64.81099990196526,162.32000052696094,40.26800161227584,4.104000254301354,271.5030022955034,1,1
368,object,25467.30653534,45.71499812300317,117.50500198104419,42.54999657860026,3.440000000409782,209.2099966830574,1,1
369,object,25467.333375543,151.12799883354455,173.73000082443468,49.285001296084374,4.983998223906383,379.12699917797,1,1
370,object,25467.357273367,84.6049988467712,131.0680017923005,39.75899744546041,4.337001882959157,259.76899996749125,1,1
371,object,25467.382148908,45.64999835565686,114.51700265752152,42.20999835524708,3.360000846441835,205.7370002148673,1,1
372,object,25467.40632844,69.0160013618879,207.26999719045125,34.01800131541677,5.817000783281401,316.1210006510373,1,1
373,object,25467.430291849,37.915000575594604,82.86099910037592,25.242999981855974,2.7170026442036033,148.7360023020301,1,1
374,object,25467.457388617,32.053001632448286,116.71799802570604,26.451001758687198,2.8709982871077955,178.09299970394932,1,1
375,object,25467.482478013,46.56199962482788,91.01699833991006,29.639002605108544,3.4479999158065766,170.66600048565306,1,1
376,object,25467.508013963,56.77700028172694,118.7979978567455,40.77000266988762,3.9239967009052634,220.26899750926532,1,1
377,object,25467.533238523,110.52700210711919,268.63299717660993,129.49300071340986,10.304000170435756,518.9570001675747,1,1
378,object,25467.556847672,92.89299850934185,221.28199998405762,76.39800242031924,7.6979995355941355,398.27100044931285,1,1
379,object,25467.580324538,36.75499829114415,77.94799967086874,23.979999241419137,2.3190004867501557,141.00199769018218,1,1
380,object,25467.60782366,70.18799806246534,163.10000137309544,29.053000616841018,4.547000571619719,266.8880006240215,1,1
381,object,25467.631135921,52.1869988006074,162.9209982638713,39.637001464143395,6.225000106496736,260.9699986351188,1,1
382,object,25467.657636438,53.28499901224859,115.6939979409799,28.8500013994053,4.654000804293901,202.4829991569277,1,1
383,object,25467.682157902,36.143999750493094,93.301001470536,27.94499960145913,3.851000656140968,161.2410014786292,1,1
384,object,25467.706146884,87.68100087763742,120.00000060652383,38.80699659930542,5.032001354265958,251.51999943773262,1,1
385,object,25467.732805848,100.93499804497696,179.62100173463114,34.097000025212765,3.9560000004712492,318.6089998052921,1,1
386,object,25467.756572635,103.57499922974966,231.56899987952784,69.76499935262837,5.628000508295372,410.53699897020124,1,1
387,object,25467.780475543,60.31199882272631,117.36400119843893,41.243998566642404,4.192999767838046,223.1129983556457,1,1
388,object,25467.804429676,58.228997659171,118.23200111393817,39.22399992006831,3.896999260177836,219.5819979533553,1,1
389,object,25467.828262273,59.3209988437593,115.52800060599111,39.319998904829845,4.023000656161457,218.1919990107417,1,1
390,object,25467.852589926,100.49100092146546,148.54099936201237,49.22700099996291,6.029000360285863,304.2880016437266,1,1
391,object,25467.878037248,36.36200199252926,123.49799726507626,27.586000214796513,4.615001671481878,192.0610011438839,1,1
392,object,25467.902229583,120.91299868188798,188.84699966292828,34.17400148464367,5.351001163944602,349.28500099340454,1,1
393,object,25467.92760488,52.656003390438855,128.2399971387349,41.4870009990409,4.055000317748636,226.4380018459633,1,1
394,object,25467.951811054,40.02700006822124,89.26999726099893,27.4600024567917,2.640997990965843,159.39799777697772,1,1
395,object,25467.977785992,44.790001993533224,87.16799857211299,24.75300061632879,2.7130008675158024,159.4240020494908,1,1
396,object,25468.00388148,106.32600242388435,175.72899741935544,35.96500027924776,4.141002136748284,322.16100225923583,1,1
397,object,25468.027071655,47.26100087282248,114.06599878682755,34.57400089246221,4.367997462395579,200.26899801450782,1,1
398,object,25468.052809696,141.19000115897506,309.32599838706665,57.74199962615967,5.903999408474192,514.1619985806756,1,1
399,object,25468.076584694,230.56399732013233,333.07000194326974,44.65700112632476,8.202998287742957,616.4939986774698,1,1
400,object,25468.100838342,100.5689991870895,210.8230000885669,36.13299850258045,5.623001925414428,353.1479997036513,1,1
401,object,25468.127431511,92.48900096281432,172.37000065506436,28.340000426396728,5.488000169862062,298.68700221413746,1,1
402,object,25468.152044731,59.97200059937313,116.51100066956133,38.81700104102492,3.8429971027653664,219.14299941272475,1,1
403,object,25468.178436692,53.05399827193469,118.84200284839608,40.5449973186478,3.469001967459917,215.91000040643848,1,1
404,object,25468.20236556,58.00700091640465,116.37699935818091,38.941001548664644,3.6940000427421182,217.01900186599232,1,1
405,object,25468.226162984,44.26500163390301,121.78699762444012,26.477002393221483,3.401997673790902,195.93099932535551,1,1
406,object,25468.254498684,48.35900108446367,207.5949996651616,41.86899968772195,4.518999048741534,302.34199948608875,1,1
407,object,25468.278744228,125.3100017493125,197.23500008694828,56.19999865302816,4.866000381298363,383.6110008705873,1,1
408,object,25468.326233041,48.60300032305531,2.1189989638514817,1.2279997463338077,6.485999620053917,58.43599865329452,1,0
409,object,25468.371205611,53.23799996403977,1.9409999367780983,1.938999048434198,7.242000719998032,64.3599996692501,1,0
410,object,25468.416205643,43.93199924379587,2.064000000245869,1.0180010576732457,5.680998583557084,52.69499888527207,1,0
411,object,25468.461202372,66.72800009255297,3.058998117921874,1.472002622904256,7.221999112516642,78.48099994589575,1,0
412,object,25468.506401935,49.97300129616633,2.5429981178604066,1.1650008673314005,6.688998837489635,60.36999911884777,1,0
413,object,25468.551197538,44.49799962458201,1.8940008885692805,1.3120006769895554,5.383997631724924,53.08799882186577,1,0
414,object,25468.596199821,49.29799979436211,1.8589998944662511,1.248998160008341,6.501002644654363,58.90700049349107,1,0
415,object,25468.641266613,44.77199763641693,2.0660008885897696,1.7070015019271523,5.546997272176668,54.09199729911052,1,0
416,object,25468.686413532,50.27899896958843,2.1520027075894177,1.1230004020035267,6.190999556565657,59.74500163574703,1,0
417,object,25468.731174195,40.59500133735128,1.9500002963468432,1.2979980965610594,5.170000804355368,49.01300053461455,1,0
418,object,25468.776289893,68.77600026200525,2.706998202484101,1.1160009307786822,6.577000021934509,79.17599941720255,1,0
419,object,25468.821167378,51.09700214234181,2.4609980755485594,1.3669996405951679,6.539001333294436,61.46400119177997,1,0
420,object,25468.866194113,46.369998017326,1.9889994291588664,1.1880001693498343,5.984002200420946,55.530999816255644,1,0
421,object,25468.911195744,46.01099863066338,1.8930004443973303,1.18200114229694,5.709000106435269,54.79500032379292,1,0
422,object,25468.956168813,44.368996896082535,2.3660031729377806,1.167998561868444,5.759000487159938,53.6619991180487,1,0
423,object,25469.001428333,54.6790033695288,2.62100002146326,1.676999090705067,8.029997843550518,67.00700032524765,1,0
424,object,25469.046234419,47.27600025944412,1.8749997252598405,1.3980024959892035,5.769998097093776,56.31900057778694,1,0
425,object,25469.091135896,45.93599805957638,1.9690014596562833,1.2269993021618575,5.634999979520217,54.766998800914735,1,0
426,object,25469.136195819,48.297002649633214,2.1519990696106106,1.3619974197354168,6.378002581186593,58.189001720165834,1,0
427,object,25469.181750619,63.38900129776448,3.405999450478703,1.6699996194802225,8.294002327602357,76.75900269532576,1,0
428,object,25469.226673621,383.0799978459254,24.141001631505787,12.991000403417274,58.04600004921667,478.2579999300651,0,0
429,object,25469.271200219,1.5700024960096925,5.346999387256801,1.1160009307786822,0.7559974619653076,8.789000276010484,0,0
430,object,25469.316166498,1.61500065587461,3.1999989005271345,1.1750016710720956,0.676998752169311,6.666999979643151,0,0
431,object,25469.361178088,1.8480022845324129,2.887998562073335,1.010001142276451,0.757998350309208,6.504000339191407,0,0
432,object,25469.406143802,1.4090001059230417,3.6040000850334764,1.038999471347779,0.7810012903064489,6.833000952610746,0,0
433,object,25469.451195171,2.177999704144895,3.3949982025660574,1.2790005712304264,0.8409988367930055,7.692997314734384,0,0
434,object,25469.496189492,1.5359983080998063,3.3569995139259845,1.010001142276451,0.6279988156165928,6.530997779918835,0,0
435,object,25469.541332728,1.8259997887071222,3.7099998735357076,1.186999725177884,0.8140013960655779,7.537000783486292,0,0
436,object,25469.586406498,2.1519990696106106,6.205998943187296,1.7980019038077444,1.9619983504526317,12.117998267058283,0,0
437,object,25469.631141829,1.2840027920901775,3.269997250754386,1.086002157535404,0.8349998097401112,6.475002010120079,0,0
438,object,25469.676190931,1.4329998521134257,3.4629993024282157,0.9440009307581931,1.1089978215750307,6.948997906874865,0,0
439,object,25469.721173387,1.3790013326797634,2.8559989004861563,1.0219991963822395,0.6950031092856079,5.952002538833767,0,0
440,object,25469.766242845,1.6230005712714046,3.830002242466435,1.2309974408708513,1.139000232797116,7.823000487405807,0,0
441,object,25469.811288142,1.6760022845119238,4.543999239103869,1.5639998309779912,0.853000528877601,8.637001883471385,0,0
442,object,25469.856342361,2.562999725341797,5.57400198886171,2.233999111922458,0.8399983926210552,11.21099921874702,0,0
443,object,25469.901281101,4.211000486975536,4.830999387195334,1.7080019460991025,0.7989983714651316,11.549000191735104,0,0
444,object,25469.946396001,3.011999069713056,7.15200076228939,2.707001840462908,2.1129999367985874,14.984001609263942,0,0
445,object,25469.991337128,2.8559989004861563,5.342997610569,1.3420030882116407,1.3169992598704994,10.857998859137297,0,0
446,object,25470.036591545,7.765000191284344,7.667000318178907,2.4130022211465985,1.3379976735450327,19.183000404154882,0,0
447,object,25470.081202031,2.0330007828306407,4.276000254321843,1.047999830916524,0.795997038949281,8.152997907018289,0,0
448,object,25470.126639152,4.836998414248228,15.333000192185864,6.260001100599766,4.4529988372232765,30.882998544257134,0,0
449,object,25470.171239494,1.424999936716631,6.933998520253226,0.9630020940676332,1.1880001693498343,10.510000720387325,0,0
450,object,25470.216360248,3.188000846421346,8.475999493384734,2.1310006559360772,2.1050000214017928,15.90000101714395,0,0
451,object,25470.262414983,2.0599982235580683,5.810001312056556,1.491000148234889,1.9569997675716877,11.317999451421201,0,0
452,object,25470.306231126,1.5969999367371202,4.662000719690695,1.3669996405951679,0.9059986041393131,8.531998901162297,0,0
453,object,25470.351213007,1.9979997887276113,4.206998710287735,1.1949996405746788,1.3700009731110185,8.769999112701043,0,0
454,object,25470.396286441,6.481001037172973,6.124999345047399,2.574000973254442,1.7290003597736359,16.90900171524845,0,0
455,object,25470.441712315,2.511998900445178,6.070000381441787,2.3049979063216597,1.4670004020445049,12.35399759025313,0,0
456,object,25470.486383603,1.848999090725556,4.589997843140736,1.153002813225612,0.9479990694671869,8.539998816559091,0,0
457,object,25470.531588455,2.058000973192975,5.530997441383079,1.9120016077067703,1.3349999790079892,10.836000001290813,0,0
458,object,25470.576276853,3.5330012906342745,5.037996743340045,1.758002326823771,1.1080010153818876,11.437001376179978,0,0
459,object,25470.621206978,2.13099701795727,3.836001269519329,1.086998963728547,0.8940005500335246,7.947997801238671,0,0
460,object,25470.666136884,1.5789992175996304,2.821001544361934,1.4030010788701475,0.7349990482907742,6.538000889122486,0,0
461,object,25470.711189931,1.8089995137415826,3.3309988793917,1.0410003596916795,0.805001036496833,6.985999789321795,0,0
462,object,25470.756237269,1.6569974832236767,3.6390010791365057,0.9930008673109114,1.1699994502123445,7.458998879883438,0,0
463,object,25470.801350391,2.791999577311799,5.022000550525263,1.6220001270994544,1.5890000213403255,11.025000276276842,0,0
464,object,25470.846179024,1.5209989214781672,3.7380013964138925,0.9610012057237327,1.0929979907814413,7.312999514397234,0,0
465,object,25470.891191777,1.8330028979107738,3.8389989640563726,1.0139992809854448,0.7429989636875689,7.42900010664016,0,0
466,object,25470.93621797,2.001001121243462,4.027999239042401,1.0639996617101133,0.8829993021208793,7.975999324116856,0,0
467,object,25470.981186715,2.3050015443004668,48.86700116912834,1.9469989638309926,0.9180002962239087,54.03700197348371,0,0
468,object,25471.026184881,1.405998773407191,3.2179996196646243,1.148000592365861,0.6830014172010124,6.455000402638689,0,0
469,object,25471.071199654,1.9269973563496023,3.255001502111554,1.314998371526599,0.7650014595128596,7.261998689500615,0,0
470,object,25471.116269951,2.082000719383359,5.689998943125829,1.8620012269821018,1.2380005500745028,10.872001439565793,0,0
471,object,25471.161240191,2.2090025595389307,3.8420002965722233,1.104999682866037,0.8770002750679851,8.033002814045176,0,0
472,object,25471.206160939,1.2800010154023767,3.7760000850539654,1.0809999366756529,0.7419985195156187,6.878999556647614,0,0
473,object,25471.251241401,2.5749977794475853,6.086000212235376,3.1529998523183167,2.329001290490851,14.142999134492129,0,0
474,object,25471.296152109,1.28199826576747,3.378001565579325,1.019001501845196,0.8850001904647797,6.564001523656771,0,0
475,object,25471.341266723,1.6699996194802225,4.369001544546336,1.6710000636521727,0.8799979696050286,8.58999919728376,0,0
476,object,25471.386255116,2.349002897972241,3.9429978642147034,1.2040000001434237,1.2490017979871482,8.745002560317516,0,0
477,object,25471.431168159,1.3219978427514434,3.2370007829740644,0.9399991540703923,0.6330010364763439,6.131998816272244,0,0
478,object,25471.476228597,1.6160011000465602,5.69400071981363,1.6239973774645478,1.2460004654712975,10.179999662796035,0,0
479,object,25471.521182624,1.4759971236344427,3.335000656079501,0.9610012057237327,0.8220013114623725,6.594000296900049,0,0
480,object,25471.566191795,1.5660007193218917,3.893001121468842,1.076998159987852,1.305001205764711,7.841001206543297,0,0
481,object,25471.611171176,1.7410020518582314,3.4660006349440664,1.047999830916524,0.8189999789465219,7.074002496665344,0,0
482,object,25471.656427034,2.906999725382775,7.639002433279529,2.881999535020441,2.0170009520370513,15.445002645719796,0,0
483,object,25471.700956134,1.9600011000875384,2.8989998099859804,1.4300021575763822,81.4159975561779,87.7050006238278,1,1
484,object,25471.728546478,153.5379997221753,205.1880001090467,33.94699888303876,5.780002538813278,398.45300125307404,1,1
485,object,25471.753904024,91.15300053963438,136.70599946635775,33.244999940507114,5.507998139364645,266.6119980858639,1,1
486,object,25471.779050728,58.55799827259034,121.71400157967582,24.205997760873288,3.336001100251451,207.8139987133909,1,1
487,object,25471.803672833,89.37799793784507,143.27700046123937,31.38300235150382,3.7249992601573467,267.7630000107456,1,1
488,object,25471.82832668,57.93899981654249,100.20700210588984,29.130998882465065,2.998000127263367,190.27500093216076,1,1
489,object,25471.854305689,68.36600005044602,143.09299876913428,27.912999939871952,3.463999746600166,242.83599850605242,1,1
490,object,25471.878805247,46.50799746741541,93.26000144938007,27.463000151328743,2.7599999157246202,169.99099898384884,1,1
491,object,25471.904572221,44.93500091484748,87.27000022190623,23.595999664394185,2.5170011213049293,158.31800192245282,1,1
492,object,25471.929007019,39.7020012314897,79.46599725983106,24.24700142000802,2.2790009097661823,145.69400082109496,1,1
493,object,25471.953437617,54.83499990077689,98.40399798122235,23.90400186413899,2.762997610261664,179.9059973563999,1,1
494,object,25471.980228856,56.24200275633484,117.50699923140928,33.888998586917296,3.8530015444848686,211.4910021191463,1,1
495,object,25472.003955736,33.98500120965764,85.23499855073169,23.05000089108944,2.468001184752211,144.73800183623098,1,1
496,object,25472.046205536,49.539998144609854,2.277000021422282,1.4210017980076373,6.531998224090785,59.76999818813056,1,0
497,object,25472.091370378,101.64500054088421,4.9629998102318496,3.0430019251070917,12.770000466844067,122.42100274306722,1,0
498,object,25472.136496707,62.05099998624064,3.8420002965722233,2.163000317523256,9.920997399603948,77.97699799994007,1,0
499,object,25472.17147373,69.30900053703226,132.74700177134946,46.851997467456385,4.708999767899513,253.61699954373762,1,1
500,object,25472.196575123,31.233001209329814,116.49600128293969,24.95800072210841,2.319997292943299,175.0070005073212,1,1
501,object,25472.220664776,62.37699926714413,135.46800255426206,42.32900028000586,3.4139993658754975,243.58800146728754,1,1
502,object,25472.246672466,49.835998652270064,103.80300227552652,24.308999854838476,2.4999972083605826,180.44799799099565,1,1
503,object,25472.27169158,36.03599907364696,78.59000106691383,23.31100040464662,2.248998498544097,140.1859990437515,1,1
504,object,25472.296311429,49.235000915359706,88.4689980011899,37.59399987757206,2.6420020731166005,177.94000086723827,1,1
505,object,25472.322697335,45.29900252236985,85.97699707024731,23.24100205441937,2.696000592550263,157.21300223958679,1,1
506,object,25472.346664582,33.46199810039252,81.77800191333517,23.382999643217772,2.5219997041858733,141.14499936113134,1,1
507,object,25472.371828205,48.73500074609183,135.20799984689802,30.069000786170363,2.9340008040890098,216.94600218324922,1,1
508,object,25472.399527092,38.21900099865161,103.9220005623065,31.677998777013272,4.493002052186057,178.31200239015743,1,1
509,object,25472.423554538,37.7649994334206,77.90800009388477,24.09100125078112,2.4129985831677914,142.17699936125427,1,1
510,object,25472.449291948,45.23399911704473,93.32800254924223,25.819997972575948,2.7860005502589047,167.1680001891218,1,1
511,object,25472.473461992,46.44200089387596,92.70300142816268,27.334001060808077,2.977998519781977,169.4570019026287,1,1
512,object,25472.497816203,31.08700184384361,77.01299909967929,25.62300142017193,2.278000465594232,136.00100282928906,1,1
513,object,25472.525124764,78.95199814811349,141.51800132822245,43.257998186163604,4.602003173204139,268.3300008357037,1,1
514,object,25472.548657765,52.29599992162548,90.81000098376535,28.332997317193076,2.854001650121063,174.29299987270497,1,1
515,object,25472.573462284,64.9860012345016,127.07800124189816,41.384999349247664,4.092999006388709,237.54200083203614,1,1
516,object,25472.598987744,92.55099939764477,140.5020011588931,51.835999329341576,4.6339991968125105,289.52299908269197,1,1
517,object,25472.623018576,52.90099943522364,115.50000272109173,29.72599759232253,3.412002115510404,201.5390018641483,1,1
518,object,25472.649795439,107.68599895527586,207.35300131491385,66.61400038865395,6.460999429691583,388.11400008853525,1,1
519,object,25472.673749476,132.2170028288383,254.17299912078306,109.8930006264709,10.547999409027398,506.83100198511966,1,1
520,object,25472.721412878,79.92700193426572,4.420999175636098,1.948999852174893,13.079999916953966,99.37700087903067,1,0
521,object,25472.766221975,68.4870028635487,2.128999767592177,1.272997906198725,6.913000106578693,78.80200064391829,1,0
522,object,25472.811343416,54.57299994304776,2.038999809883535,1.5430014173034579,6.979997124290094,65.13499829452485,1,0
523,object,25472.841706901,35.77499956008978,113.12800052110106,34.56100239418447,3.116998414043337,186.58100088941865,1,1
524,object,25472.865770028,70.77500049490482,149.48300304240547,66.07399700442329,15.948000509524718,302.2800010512583,1,1
525,object,25472.889234407,32.932999602053314,78.33799827494659,23.148000764194876,2.077998942695558,136.49699758389033,1,1
526,object,25472.915144173,71.13299943739548,125.16100105131045,27.07900057430379,3.3520009310450405,226.72500199405476,1,1
527,object,25472.940019217,64.03099905583076,111.8159998441115,34.414002584526315,3.5140001273248345,213.7750016117934,1,1
528,object,25472.991135947,45.14499960350804,2.3030006559565663,1.1750016710720956,5.870999302715063,54.494001233251765,1,0
529,object,25473.036237332,47.55400004796684,2.2550011635757983,1.2659984349738806,5.917001544730738,56.992001191247255,1,0
530,object,25473.081200307,44.50100095709786,1.8620012269821018,1.100997906178236,5.609999789157882,53.07399987941608,1,0
531,object,25473.12617738,48.48100070375949,2.7280002541374415,1.3049975677859038,6.247002602322027,58.761001128004864,1,0
532,object,25473.171195679,66.57100311713293,3.574998117983341,2.968001354020089,22.988999262452126,96.10300185158849,1,0
533,object,25473.216189515,45.03899981500581,2.2130006982479244,1.1570009519346058,5.965001037111506,54.374002502299845,1,0
534,object,25473.261206589,53.07900210027583,2.1189989638514817,1.1990014172624797,6.546997610712424,62.944000092102215,1,0
535,object,25473.306208088,36.01699791033752,2.0600018615368754,1.6289995983242989,4.974001058144495,44.68000042834319,1,0
536,object,25473.351240219,52.41400140221231,2.1669984562322497,1.59599949256517,6.351001502480358,62.528000853490084,1,0
537,object,25473.396208434,44.71700231079012,1.8739992810878903,1.2849995982833207,5.887999577680603,53.764000767841935,1,0
538,object,25473.441139004,41.23899998376146,2.677999873412773,1.739001163514331,5.256999429548159,50.91300045023672,1,0
539,object,25473.486319463,50.79799666418694,2.4130022211465985,1.1279989848844707,5.940000846749172,60.27899871696718,1,0
540,object,25473.531219688,46.173998271115124,2.0410006982274354,1.5229998098220676,5.794001481262967,55.532000260427594,1,0
541,object,25473.567370907,116.08400018303655,222.69900000537746,76.91200153203681,7.241997082019225,422.93699880247004,1,1
542,object,25473.592161485,45.1239975518547,107.08199988584965,28.497001039795578,2.6519992388784885,183.35499771637842,1,1
543,object,25473.617883152,47.49999789055437,99.93000276153907,0.6219997885636985,45.793996832799166,193.8459972734563,2,1
544,object,25473.642794899,102.91800208506174,193.4669999172911,27.306999982101843,4.474000888876617,328.1660028733313,2,1
545,object,25473.666880729,45.25400072452612,113.89599967515096,22.432999685406685,2.857999788830057,184.44099987391382,2,1
546,object,25473.691018302,71.4289999450557,114.1459979407955,22.66800220240839,3.498000296531245,211.74100038479082,2,1
547,object,25473.718396288,56.43599797622301,126.74200115725398,25.11400089133531,3.9099977584555745,212.20199778326787,2,1
548,object,25473.74316759,82.80099791591056,217.70199964521453,52.00600207899697,5.465000867843628,357.9740005079657,2,1
549,object,25473.786316356,61.61900091683492,2.968998160213232,1.91100116353482,9.79100150289014,76.29000174347311,2,0
550,object,25473.831274579,57.427001593168825,2.7380010578781366,1.4549987099599093,7.840000762371346,69.46000212337822,2,0
551,object,25473.876224709,62.68899960559793,1.9369981600902975,1.5360019460786134,6.741996912751347,72.90399662451819,2,0
552,object,25473.887490846,71.90900214482099,141.8899992131628,44.94200038607232,5.347999831428751,264.0890015754849,2,1
553,object,25473.912559835,70.14199945842847,140.53099948796444,38.002999644959345,4.843001079279929,253.51899967063218,2,1
554,object,25473.936723712,54.88399983732961,136.75800073542632,39.85200237366371,4.265999450581148,235.7600023970008,2,1
555,object,25473.960718225,111.13299842691049,220.27100203558803,38.04199877777137,4.646000888897106,374.092000129167,2,1
556,object,25473.987202773,56.919998314697295,233.74800002784468,34.36499900999479,4.385001375339925,329.4179987278767,2,1
557,object,25474.011683313,52.1769979968667,203.35500084911473,37.98100078711286,8.667997462907806,302.1809970960021,2,1
558,object,25474.036117457,102.759000583319,171.02600031648763,32.33600000385195,6.417998520191759,312.5389994238503,2,1
559,object,25474.060552635,88.62200047587976,141.69399946695194,34.998000046471134,4.377998266136274,269.6919982554391,2,1
560,object,25474.084610362,94.1520011110697,159.4400018802844,40.65999746671878,5.313002475304529,299.5650029333774,2,1
561,object,25474.110782805,101.6690002870746,348.813999153208,28.512000426417217,4.574998456519097,483.5699983232189,2,1
562,object,25474.135643261,79.92599785211496,177.8250007191673,46.00900138029829,6.22999868937768,309.9899986409582,2,1
563,object,25474.161748399,45.59700028039515,278.6839977488853,42.68500197213143,5.8919977163895965,372.8579977178015,2,1
564,object,25474.186032506,79.55899855005555,123.9890007127542,25.386001652805135,3.820998244918883,232.75499916053377,2,1
565,object,25474.209833371,49.980000767391175,107.18900011852384,31.49999974993989,3.206001565558836,191.87500220141374,2,1
566,object,25474.237246723,57.31700002797879,162.9999969736673,43.93900235299952,5.337999027688056,269.59399838233367,2,1
567,object,25474.262235404,55.372998758684844,111.96800187462941,26.116998924408108,3.7770005292259157,197.23500008694828,2,1
568,object,25474.311221407,59.420999605208635,2.529002813389525,1.3169992598704994,7.803999324096367,71.07100100256503,2,0
569,object,25474.356182599,57.283999922219664,3.2989992178045213,1.6420017345808446,9.899998985929415,72.12499986053444,2,0
570,object,25474.401229586,57.6879974687472,2.120003046002239,1.40099655254744,7.956001354614273,69.16499842191115,2,0
571,object,25474.430065873,57.76300167781301,115.54099910426885,23.893000616226345,4.1620005504228175,201.35900194873102,2,1
572,object,25474.454855178,57.716999435797334,116.9480019598268,23.34600139874965,2.972999936901033,200.9840027312748,2,1
573,object,25474.479461222,48.50000186706893,97.52699770615436,22.28499943157658,2.8810027288272977,171.19300173362717,2,1
574,object,25474.504658678,114.04500037315302,268.9789980649948,74.63600195478648,9.480998414801434,467.14099880773574,2,1
575,object,25474.531478967,60.881000536028296,111.86899791937321,23.163000150816515,3.6909987102262676,199.6039973164443,2,1
576,object,25474.555429514,56.557000789325684,143.10700134956278,36.820998502662405,4.321998858358711,240.80699949990958,2,1
577,object,25474.580421344,54.494001233251765,102.39699986414053,22.340998839354143,2.755001332843676,181.9870012695901,2,1
578,object,25474.604946567,205.40400146273896,384.4229977403302,123.5210002050735,25.837001885520294,739.1850012936629,1,1
579,object,25474.628236391,37.65300061786547,97.20700109028257,26.047997380374,3.6720011848956347,164.58000027341768,1,1
580,object,25474.654651373,62.85199924604967,148.21900185779668,31.546998798148707,3.9700025808997452,246.5880024828948,1,1
581,object,25474.679274475,122.58900096639991,419.32400199584663,171.5459984552581,29.553000786108896,743.0120022036135,1,1
582,object,25474.704253046,72.03100176411681,95.94999937689863,24.658998881932348,3.130000550299883,195.77000057324767,1,1
583,object,25474.72956125,107.0140024239663,203.234998480184,37.6860007236246,4.96700158691965,352.90200321469456,1,1
584,object,25474.752825251,58.312001783633605,99.94599895435385,37.047000660095364,3.5800003388430923,198.88500173692591,1,1
585,object,25474.779302948,82.52499901573174,155.85899745929055,36.59400317701511,4.694000381277874,279.67200003331527,1,1
586,object,25474.803635125,60.03700036671944,110.13399853254668,26.616999093675986,2.8030008252244443,199.59099881816655,1,1
587,object,25474.851285531,59.294998209225014,2.134001988451928,1.2560012692119926,7.3929986683651805,70.07800013525411,1,0
588,object,25474.896183994,45.86000068229623,1.981999957934022,1.3690005289390683,5.584999598795548,54.79600076796487,1,0
589,object,25474.941197805,51.75299884285778,2.472999767633155,1.6230005712714046,7.894999725976959,63.7439989077393,1,0
590,object,25474.950354785,57.29099939344451,111.38799891341478,35.68800093489699,4.086999979335815,208.4539992210921,1,1
591,object,25474.974952263,46.80799975176342,100.1029995677527,23.16999962204136,2.643999323481694,172.72499826503918,1,1
592,object,25474.998670859,52.130999392829835,89.83099905890413,27.150999812874943,2.7420028345659375,171.85500109917484,1,1
593,object,25475.022506235,44.271000660955906,88.01999865681864,24.693999876035377,2.610999217722565,159.5959984115325,1,1
594,object,25475.049919047,39.949001802597195,108.15299901878461,33.67599856574088,3.574001311790198,185.3520006989129,1,1
595,object,25475.075383473,45.589000364998356,86.81300096213818,26.64700150489807,2.543998562032357,161.59300139406696,1,1
596,object,25475.101223847,65.65800140378997,128.8009989366401,41.25900159124285,4.859997716266662,240.57799964793958,1,1
597,object,25475.125957654,47.493998863501474,83.13900252687745,24.025997845456004,2.736000169534236,157.39499940536916,1,1
598,object,25475.149953477,53.39899871614762,94.31899889023043,23.541000700788572,2.8710019250866026,174.13000023225322,1,1
599,object,25475.175575033,74.28499884554185,111.57100016134791,26.3660003838595,3.787998139159754,216.00999752990901,1,1
600,object,25475.200057521,39.860999095253646,84.30399975623004,24.16099960100837,2.545002644183114,150.87100109667517,1,1
601,object,25475.224492789,46.321001718752086,96.36799950385466,27.177000447409227,3.1089984986465424,172.97500016866252,1,1
602,object,25475.248941152,44.79400013224222,116.21199882938527,26.2100002146326,3.2700008887331933,190.48600006499328,1,1
603,object,25475.273977482,103.76700083725154,220.39299801690504,78.7960016168654,7.917999027995393,410.8739994990174,1,1
604,object,25475.298591244,93.06599895353429,201.90899886074476,75.73599941679277,6.991002010181546,377.70199924125336,1,1
605,object,25475.324979751,48.73299985774793,112.11899982299656,43.59599915915169,4.13500310969539,208.58300194959156,1,1
606,object,25475.348864941,52.154002332827076,121.17599908378907,41.4829992223531,3.5619996197056025,218.37500025867485,1,1
607,object,25475.374912685,62.43600000743754,142.68099766923115,40.36899917991832,4.11800283472985,249.60399969131686,1,1
608,object,25475.39836311,42.3339988628868,95.59499812894501,26.55299977050163,2.958000550279394,167.43999731261283,1,1
609,object,25475.422305741,44.15099829202518,86.56099817017093,24.99600304872729,2.5480003387201577,158.25599984964356,1,1
610,object,25475.450584987,51.249000534880906,90.58299838216044,23.409000277752057,2.505999873392284,167.7469990681857,1,1
611,object,25475.474454362,44.94599852478132,116.8750022770837,26.342000637669116,39.159000152722,227.32200159225613,1,1
612,object,25475.499331563,54.79599712998606,138.74800060875714,43.74399941298179,5.665002390742302,242.9529995424673,1,1
613,object,25475.525153814,68.80699947942048,132.2880016232375,40.82599843968637,3.82100188289769,245.74200142524205,1,1
614,object,25475.548901665,61.052000091876835,137.54099927609786,44.62700235308148,4.089997673872858,247.30999939492904,1,1
615,object,25475.577528859,130.02699779463,202.8800008702092,111.37600085930899,15.718000213382766,460.00099973753095,1,1
616,object,25475.603679298,119.1809969895985,558.1230034295004,113.4329977503512,10.874002327909693,801.6110004973598,1,1
617,object,25475.62638379,66.4549988869112,153.58100063167512,33.887998142745346,6.150003173388541,260.0740008347202,1,1
618,object,25475.650762663,47.17499905382283,102.7389989758376,28.06699922075495,3.7720019463449717,181.75299919676036,1,1
619,object,25475.675258323,53.09100015438162,115.4549972852692,26.982001145370305,3.0990013328846544,198.62699991790578,1,1
620,object,25475.699731853,48.82499706582166,91.54500003205612,26.777001039590687,2.7850001060869545,169.93199824355543,1,1
621,object,25475.727408792,49.070997192757204,112.69199967500754,28.06700285873376,3.4519980545155704,193.28199778101407,1,1
622,object,25475.751812045,37.441997847054154,125.58100206661038,44.65299934963696,4.064000677317381,211.73999994061887,1,1
623,object,25475.776590163,44.85200042836368,85.58999979868531,23.921998945297673,2.816999767674133,157.1809989400208,1,1
624,object,25475.800564974,41.318999137729406,91.83799920720048,29.931001336080953,3.2469979487359524,166.3349976297468,1,1
625,object,25475.824936816,47.55700138048269,95.11700045550242,23.71200025663711,2.730997948674485,169.1170000412967,1,1
626,object,25475.851746681,49.4679989060387,100.11999984271824,24.963999749161303,3.5990015021525323,178.15100000007078,1,1
627,object,25475.874873079,35.31900074449368,90.05800166050903,33.954998798435554,2.6649977371562272,161.9969989405945,1,1
628,object,25475.91625482,68.22000068495981,3.5949997254647315,2.2239983081817627,9.229999704984948,83.26899842359126,1,0
629,object,25475.961200376,70.73799861245789,2.5369990908075124,1.2570017133839428,6.865000614197925,81.39700003084727,1,0
630,object,25476.006269671,48.97899998468347,2.4039982235990465,1.176998921437189,5.883000994799659,58.44299812451936,1,0
631,object,25476.051231629,52.701998356496915,2.230000973213464,1.2669988791458309,7.296002877410501,63.49500108626671,1,0
632,object,25476.067319383,33.436997910030186,9.900002623908222,1.4229990483727306,31.57099854433909,76.33099812665023,2,1
633,object,25476.092482778,56.47500074701384,87.1619995450601,27.050999051425606,3.5570010368246585,174.2450003803242,2,1
634,object,25476.120193516,53.58600174076855,88.75200001057237,24.532000679755583,3.1859999580774456,170.05600238917395,2,1
635,object,25476.145265354,54.79700121213682,91.50500045507215,27.825997676700354,3.5570010368246585,177.68500038073398,2,1
636,object,25476.170717873,52.88499960443005,98.52100265561603,0.4879984771832824,56.29899897030555,208.1929997075349,3,1
637,object,25476.196048653,61.70599954202771,106.52700075297616,25.79300053184852,4.278997948858887,198.30499877571128,3,1
638,object,25476.220797497,56.25499761663377,110.06800195900723,23.853001039242372,3.2719981390982866,193.44799875398166,3,1
639,object,25476.247179475,53.66999903344549,90.69999941857532,28.192000172566622,3.6769997677765787,176.238998392364,3,1
640,object,25476.272441062,85.1479999255389,141.07899914961308,36.32800144259818,7.110000296961516,269.6650008147117,3,1
641,object,25476.298190287,81.8049993540626,152.40599896060303,24.993001716211438,4.205998266115785,263.40999829699285,3,1
642,object,25476.323838235,48.87700197286904,95.18099977867678,31.812000088393688,3.4009972296189517,179.27099906955846,3,1
643,object,25476.348508676,70.41599747026339,115.02600318635814,27.21199780353345,4.5529995986726135,217.2069980588276,3,1
644,object,25476.375689794,57.31200144509785,106.63599823601544,24.3479989876505,3.3520009310450405,191.64799959980883,3,1
645,object,25476.400401984,59.453999710967764,102.2729993565008,22.681000700686127,3.279001248301938,187.68700101645663,3,1
646,object,25476.425807266,53.916999604552984,81.45299943862483,23.442000383511186,3.34899959852919,162.1609990252182,3,1
647,object,25476.450911897,58.205998357152566,98.70799840427935,25.1340024988167,3.6659985198639333,185.71399778011255,3,1
648,object,25476.475270776,51.37599873705767,80.45399954426102,23.44599852222018,3.2940006349235773,158.56999743846245,3,1
649,object,25476.501436523,115.04699796205387,172.309999470599,40.85700129508041,6.590998964384198,334.80499769211747,3,1
650,object,25476.528432413,98.82999802357517,279.5649998006411,51.70400254428387,8.680999599164352,438.7799999676645,3,1
651,object,25476.553325628,79.40700015751645,113.04100189590827,23.807999241398647,4.055000317748636,220.311001612572,3,1
652,object,25476.578699154,82.2059992060531,101.02599844685756,27.092002710560337,3.50600021192804,213.83000057539903,3,1
653,object,25476.603658547,85.11300256941468,121.98999684187584,30.234001314966008,4.1050006984733045,241.44200142472982,3,1
654,object,25476.62885117,58.14399992232211,99.55199857358821,38.346999645000324,4.41100200987421,200.45400015078485,3,1
655,object,25476.659030681,75.99500167998485,156.95899855927564,35.2870010829065,5.878999218111858,274.12000054027885,3,1
656,object,25476.683404605,76.34900248376653,111.1879973905161,34.2820021614898,7.915998139651492,229.73500017542392,2,1
657,object,25476.71043882,52.897001296514645,89.96099859359674,28.578000637935475,3.4530021366663277,174.8890026647132,2,1
658,object,25476.736204133,50.01399767934345,84.71500041196123,23.273001716006547,2.9479997465386987,160.94999955384992,2,1
659,object,25476.761781081,47.859997721388936,91.24700227403082,29.240000003483146,2.7460009732749313,171.09300097217783,2,1
660,object,25476.79227586,52.63699858915061,89.9580008990597,23.45300163142383,3.2239986467175186,169.27199976635166,2,1
661,object,25476.818774213,45.39600195130333,84.24599946010858,24.2629976128228,3.5610028135124594,157.46600183774717,2,1
662,object,25476.845655677,59.36299930908717,103.27700147172436,27.140999009134248,4.68900179839693,194.4700015883427,2,1
663,object,25476.871072429,115.21900160005316,213.42699983506463,114.41899914643727,13.714998203795403,456.7799987853505,2,1
664,object,25476.896683376,56.371001846855506,90.36399933393113,26.529000024311244,3.7770005292259157,177.0410017343238,2,1
665,object,25476.925168379,65.7740019960329,119.0309994854033,38.55400063912384,4.2959982238244265,227.65500034438446,2,1
666,object,25476.951063849,79.8700020823162,128.98899876745418,40.90700167580508,4.989997250959277,254.75599977653474,2,1
667,object,25476.977768832,95.43499982100911,228.97999951965176,59.994999901391566,7.772003300487995,392.18200254254043,2,1
668,object,25477.003171784,53.40099960449152,87.29500041226856,23.43500091228634,3.2339994504582137,167.36500037950464,2,1
669,object,25477.028441149,39.61300171795301,77.9209985921625,22.90699922014028,2.5810004444792867,143.02199997473508,2,1
670,object,25477.056500959,38.039001083234325,98.34299999056384,26.411998987896368,3.039000148419291,165.83300021011382,2,1
671,object,25477.081248065,55.933000112418085,98.57300028670579,23.91700036241673,3.2040006772149354,181.62700143875554,2,1
672,object,25477.107718844,57.131001085508615,93.07800064561889,26.480000087758526,3.558998287189752,180.24800010607578,2,1
673,object,25477.134120636,64.03400038834661,102.78399713570252,27.992002287646756,4.208999598631635,199.01899941032752,2,1
674,object,25477.160415569,108.35699868039228,156.39400226064026,41.23299731872976,6.0010024753864855,311.9850007351488,2,1
675,object,25477.187267283,42.41599890519865,81.4240011095535,25.261000700993463,3.1380004656966776,152.2390011814423,2,1
676,object,25477.211843551,46.62800347432494,88.89199671102688,27.887002943316475,2.887998562073335,166.29500169074163,2,1
677,object,25477.239347057,49.099002353614196,93.16499927081168,28.11499871313572,3.692999598570168,174.07199993613176,2,1
678,object,25477.264387407,53.137999202590436,84.46699939668179,23.28899790882133,3.24900247505866,164.1429989831522,2,1
679,object,25477.289595295,57.07700256607495,93.27299994765781,27.661000785883516,3.407996700843796,181.41900000046007,2,1
680,object,25477.317538901,63.987001340137795,106.60699990694411,26.163997972616926,3.654000465758145,200.41199968545698,2,1
681,object,25477.342175983,49.2349972773809,86.64599954499863,24.552002287236974,2.7649984986055642,163.19799760822207,2,1
682,object,25477.36878262,52.22099935053848,87.60700075072236,23.458000214304775,3.35000004270114,166.63600035826676,2,1
683,object,25477.394105609,88.26699922792614,110.09100126102567,29.579998226836324,4.346002242527902,232.28400095831603,2,1
684,object,25477.418863296,72.45700180646963,146.13299936172552,35.63700011000037,5.022000550525263,259.2490018287208,2,1
685,object,25477.445181706,61.055001424392685,111.8949985539075,23.669999791309237,5.420999514171854,202.04099928378128,2,1
686,object,25477.469909867,72.83000013558194,171.17199968197383,37.12699981406331,4.084002284798771,285.21300191641785,2,1
687,object,25477.495888716,66.55200195382349,124.9999986612238,30.176001018844545,3.888999344781041,225.61700097867288,2,1
688,object,25477.52121501,64.13399751181714,95.99300028639846,25.011002435348928,3.325996658531949,188.46399689209647,2,1
689,object,25477.546006705,52.52399932942353,88.66699863574468,23.897002392914146,2.7619971660897136,167.84999752417207,2,1
690,object,25477.573927526,43.41400199336931,94.97499922872521,26.86600055312738,4.063000233145431,169.31800200836733,2,1
691,object,25477.598488875,66.4569997752551,120.05900134681724,42.01599949738011,5.052999767940491,233.58500038739294,2,1
692,object,25477.624215049,53.047999244881794,88.07099948171526,23.962002160260454,3.688997821882367,168.76999870873988,1,1
693,object,25477.65050718,43.46500281826593,90.16599869937636,23.51700095459819,2.9340008040890098,160.0820032763295,1,1
694,object,25477.674924305,50.26600047131069,129.52999895787798,41.531002352712676,4.379999154480174,225.70700093638152,1,1
695,object,25477.70339774,79.61899973452091,206.5940025204327,98.20500054047443,8.59099964145571,393.00900243688375,1,1
696,object,25477.729407933,44.81300129555166,100.27200187323615,24.20799864921719,3.3670003176666796,172.66000213567168,1,1
697,object,25477.755333256,80.20500172278844,142.01299927663058,52.29300222708844,5.207999492995441,279.7190027195029,1,1
698,object,25477.780735988,55.07100286195055,100.83099914481863,31.15499930572696,3.5519988159649074,190.60900012846105,1,1
699,object,25477.805380971,48.260000767186284,92.05400056089275,25.792996893869713,3.0480005079880357,169.15499872993678,1,1
700,object,25477.832767992,55.13599899131805,128.112002130365,42.32100036460906,4.620997060555965,230.18999854684807,1,1
701,object,25477.857624095,43.37400241638534,83.12499994644895,23.234999389387667,2.6699999580159783,152.40400171023794,1,1
702,object,25477.882761928,36.586003261618316,22.905998775968328,1.1419979273341596,31.79700070177205,92.43100066669285,2,1
703,object,25477.908629067,55.00000042957254,95.74200157658197,26.98900061659515,3.2190000638365746,180.95000268658623,2,1
704,object,25477.933158044,51.60199725651182,97.16600106912665,24.426000891253352,3.0669980333186686,176.2609972502105,2,1
705,object,25477.95838429,39.96099985670298,75.29399954364635,23.81200101808645,2.7380010578781366,141.80500147631392,2,1
706,object,25477.985935113,45.034001232124865,115.35099838511087,23.177999537438154,2.901000698329881,186.46399985300377,2,1
707,object,25478.011300758,65.15099812531844,105.58000212768093,40.65200118930079,4.94499909109436,216.32800053339452,2,1
708,object,25478.03749966,94.66999836149625,92.68600115319714,23.420001525664702,5.038000381318852,215.81400142167695,2,1
709,object,25478.062411142,51.3400009367615,79.66699922690168,24.05700070085004,3.121000190731138,158.18500105524436,2,1
710,object,25478.088171177,58.08799687656574,97.89700197870843,24.883000151021406,3.1710005714558065,184.03899957775138,2,1
711,object,25478.115121706,58.67900108569302,90.51099914358929,24.605000362498686,3.07400114252232,176.8690017343033,2,1
712,object,25478.140264844,47.07299740402959,84.77200026391074,25.88200004538521,3.435001417528838,161.16199913085438,2,1
713,object,25478.166756011,41.48399966652505,80.63100176514126,25.261997507186607,2.8280010155867785,150.2049999544397,2,1
714,object,25478.192024327,59.614001656882465,88.68099757819436,24.264001694973558,3.6439996620174497,176.20300059206784,2,1
715,object,25478.216687923,52.79600009089336,87.18400204088539,25.27099786675535,3.159999323543161,168.41099932207726,2,1
716,object,25478.243986152,76.05499922647141,108.36200090125203,34.550001146271825,5.161000444786623,224.1280017187819,2,1
717,object,25478.268886825,99.55099812941626,180.76600099448115,26.204001187579706,3.7859972508158535,310.30699756229296,2,1
718,object,25478.294370382,54.598000133410096,112.54400305915624,35.87099854485132,6.666999979643151,209.6800017170608,2,1
719,object,25478.320022128,141.78900164552033,163.7940004002303,39.99600085080601,7.296999683603644,352.8760025801603,2,1
720,object,25478.344692913,89.89499838207848,107.01100109145045,29.549999453593045,4.182998964097351,230.63899789121933,2,1
721,object,25478.372413629,108.19100134540349,185.4739966802299,90.43700265465304,13.413999113254249,397.5159997935407,2,1
722,object,25478.397213106,90.06799882627092,158.63199951127172,43.19800063967705,5.656002031173557,297.55400100839324,2,1
723,object,25478.423493613,38.58399941236712,74.9869977880735,23.099000827642158,2.5529989216011018,139.22299694968387,2,1
724,object,25478.449264218,55.40100028156303,96.697000117274,24.221997591666877,3.7669997254852206,180.08699771598913,2,1
725,object,25478.474088218,61.41099947853945,92.82199971494265,24.312001187354326,3.963999915868044,182.50900029670447,2,1
726,object,25478.501672817,69.67299850657582,120.06399992969818,33.86200114618987,4.654000804293901,228.25300038675778,2,1
727,object,25478.526671576,47.740999434608966,94.92299795965664,27.590001991484314,3.1130002753343433,173.36699966108426,2,1
728,object,25478.551886285,58.43599865329452,116.62200267892331,27.793998015113175,3.444998583290726,206.29699793062173,2,1
729,object,25478.579372309,62.92200123425573,138.04099944536574,35.954999475507066,4.23500023316592,241.15300038829446,2,1
730,object,25478.603715756,59.0960007684771,102.28999963146634,24.452001525787637,3.011999069713056,188.85000099544413,2,1
731,object,25478.629628063,57.39900007029064,94.64299728279002,23.303000489249825,3.23000131174922,178.5749991540797,2,1
732,object,25478.656535431,65.95499871764332,105.11499931453727,30.816001526545733,4.640998668037355,206.52699822676368,2,1
733,object,25478.680582356,63.937000959413126,113.45399980200455,38.70699947583489,4.484001692617312,220.58200192986988,2,1
734,object,25478.707028519,66.57500125584193,118.63300096592866,42.60199784766883,4.918001650366932,232.72800171980634,2,1
735,object,25478.731833835,84.9779971758835,182.01200145995244,51.77899947739206,4.9660011427477,323.7349992559757,2,1
736,object,25478.756519229,64.70800144597888,119.81699935859069,40.77099947608076,4.478002665564418,229.77400294621475,2,1
737,object,25478.785210657,45.93000267050229,83.69499846594408,23.860000510467216,2.9719994927290827,156.45700113964267,2,1
738,object,25478.810428321,60.66299829399213,101.98200106970035,23.661999875912443,5.866000719834119,192.17299995943904,1,1
739,object,25478.85626917,69.89599933149293,3.50700065609999,1.6810008673928678,8.199000149033964,83.28300100401975,1,0
740,object,25478.901228539,59.1629977861885,2.0170009520370513,1.663000148255378,6.68199936626479,69.52499825274572,1,0
741,object,25478.946184215,42.46800017426722,1.9369981600902975,1.468000846216455,5.784000677522272,51.65699985809624,1,0
742,object,25478.991203955,46.39500184566714,2.5889967218972743,1.234002411365509,6.251997547224164,56.469998526154086,1,0
743,object,25479.036407657,84.70299871987663,3.1510026019532233,1.45800004247576,12.951997632626444,102.26399899693206,1,0
744,object,25479.081235684,74.23699935316108,3.68300243280828,1.9049984985031188,8.953000360634178,88.77800064510666,1,0
745,object,25479.126241779,53.072002629050985,2.273998688906431,1.1330012057442218,6.68099892209284,63.16000144579448,1,0
746,object,25479.171214747,46.65800224756822,2.420998498564586,1.9130020518787205,5.717996828025207,56.70999962603673,1,0
747,object,25479.216198743,45.46799755189568,1.9450017134658992,1.1900010576937348,5.6249991757795215,54.22799949883483,1,0
748,object,25479.261221342,60.76600038795732,2.5189983716700226,1.6730009519960731,6.095000571804121,71.05300028342754,1,0
749,object,25479.306485735,79.68800127855502,4.970999725628644,2.4469991330988705,10.787000064738095,97.89300020202063,1,0
750,object,25479.351367591,52.9630015080329,2.5139997887890786,1.4889992598909885,7.816001016180962,64.78200157289393,1,0
751,object,25479.396237085,55.41900100070052,2.6620000426191837,1.4030010788701475,7.926999387564138,67.41100150975399,1,0
752,object,25479.437280692,83.32599827554077,214.94700195034966,61.75599992275238,8.691000402905047,368.72000055154786,1,1
753,object,25479.461474404,44.83399970922619,105.41200026636943,39.285998354898766,3.484001354081556,193.01599968457595,1,1
754,object,25479.486775345,34.53699901001528,84.11999806412496,25.04599979147315,2.615000994410366,146.31799786002375,1,1
755,object,25479.511913222,56.77900117007084,264.7239998623263,24.621000193292275,2.630000381032005,348.75400160672143,1,1
756,object,25479.536691323,54.28300210041925,90.62399840331636,24.944998585851863,3.1960007618181407,173.04799985140562,1,1
757,object,25479.562845288,40.02599962404929,229.2040007887408,42.59399793227203,3.421999281272292,315.24599762633443,1,1
758,object,25479.587548917,44.823998905485496,87.33900176594034,23.755001166136935,2.649998350534588,158.56800018809736,1,1
759,object,25479.613007368,61.886999901616946,153.85699953185394,41.90400068182498,7.0880014391150326,264.7360015544109,1,1
760,object,25479.638358083,46.01099863066338,108.70700134546496,39.808001019991934,3.6199999158270657,198.14600091194734,1,1
761,object,25479.662682622,63.27299706754275,303.7330025108531,72.4239980627317,6.096001015976071,445.5259986571036,1,1
762,object,25479.687456956,60.3320004302077,132.3610013059806,50.15499846194871,3.9100013964343816,246.7580015945714,1,1
763,object,25479.714535309,66.01999848498963,102.70499842590652,26.25799970701337,3.339002432767302,198.32199905067682,1,1
764,object,25479.738788574,60.14600148773752,122.17000039527193,37.08700023707934,4.1669991333037615,223.57000125339255,1,1
765,object,25479.764336804,51.34800085215829,95.96699965186417,23.606997274328023,2.859000233002007,173.7809980113525,1,1
766,object,25479.788635369,39.18999937013723,87.17099990462884,24.842000129865482,2.5789995561353862,153.78199896076694,1,1
767,object,25479.813717984,51.862996770069,94.3040031415876,28.839000151492655,2.7669993869494647,177.77299945009872,1,1
768,object,25479.841705792,46.77899778471328,99.71400140784681,31.16899824817665,3.3899996196851134,181.05199706042185,1,1
769,object,25479.865902074,41.506998968543485,133.85299826040864,30.672999855596572,3.216002369299531,209.24899945384823,1,1
770,object,25479.89108867,84.988001617603,134.8629994026851,37.00199886225164,3.9990009099710733,260.8520007925108,1,1
771,object,25479.916151973,80.28699812712148,105.49600119702518,24.772998585831374,3.1900017347652465,213.74599964474328,1,1
772,object,25479.940205892,38.39800046989694,88.4790024429094,24.897999537643045,2.9149996407795697,154.69000209122896,1,1
773,object,25479.966543925,44.13900023791939,118.05800022557378,41.95600195089355,3.670000296551734,207.82300271093845,1,1
774,object,25479.991857964,65.18699956359342,132.310000481084,27.188998501515016,3.2560019462835044,227.94200049247593,1,1
775,object,25480.017684003,103.78400111221708,264.8539993970189,49.213998863706365,9.259001672035083,427.11100104497746,1,1
776,object,25480.042039554,33.855001674965024,78.34699863451533,24.65100260451436,2.392000169493258,139.24500308348797,1,1
777,object,25480.067136322,46.4530021417886,92.9769994399976,26.592999347485602,2.987999323522672,169.01100025279447,1,1
778,object,25480.093005234,54.60199827211909,85.85000250604935,24.479999410687014,2.763998054433614,167.69599824328907,1,1
779,object,25480.119521447,52.98100222717039,101.58999793929979,26.71400216058828,2.8670001483988017,184.15200247545727,1,1
780,object,25480.144174643,45.85600254358724,85.26799865649082,23.612999939359725,2.4760011001490057,157.21300223958679,1,1
781,object,25480.170258369,99.01800149236806,228.40100064058788,50.29699968872592,5.806999979540706,383.52300180122256,1,1
782,object,25480.19486282,47.0710001536645,88.61699825502001,39.99100226792507,3.897999704349786,179.57700038095936,1,1
783,object,25480.224645932,113.46300016157329,205.63900034176186,45.341999793890864,4.390996764414012,368.83499706164,1,1
784,object,25480.249165863,84.76199946017005,228.0430016980972,47.358000301755965,5.702000635210425,365.86500209523365,1,1
785,object,25480.296476407,183.82200141786598,10.684998414944857,5.691003025276586,21.170999389141798,221.36900224722922,1,0
786,object,25480.341169889,46.37699748855084,1.8850005290005356,1.2370001059025526,6.020000000717118,55.51899812417105,1,0
787,object,25480.386235014,39.79499888373539,1.9190010789316148,1.2689997674897313,5.489000614034012,48.47200034419075,1,0
788,object,25480.431445186,95.06499918643385,4.437999450601637,2.9100010578986257,12.584998330567032,114.99799802550115,1,0
789,object,25480.476229094,54.79999890667386,2.9809998522978276,1.3270000636111945,7.611000910401344,66.71899973298423,1,0
790,object,25480.521238303,64.71799861174077,3.559998731361702,2.2700005501974374,7.683000148972496,78.2309980422724,1,0
791,object,25480.566360752,70.4160011082422,3.844997991109267,2.0170009520370513,9.513998520560563,85.79199857194908,1,0
792,object,25480.611194654,53.84299947763793,2.3370012058876455,1.3179997040424496,6.055997801013291,63.55399818858132,1,0
793,object,25480.656211526,47.83700205734931,2.1599989850074053,1.1539996194187552,5.845002306159586,56.996002967935055,1,0
794,object,25480.701283215,67.41600009263493,19.05699900817126,1.8560021999292076,6.646998372161761,94.97599967289716,1,0
795,object,25480.746552659,121.99000047985464,6.9350026024039835,3.998997271992266,16.010999388527125,148.93499974277802,1,0
796,object,25480.791238505,57.00199835700914,2.245000359835103,1.8400023691356182,6.83799953549169,67.92500062147155,1,0
797,object,25480.83612215,38.95999907399528,1.9529979908838868,1.0650001058820635,5.182002496439964,47.15999966720119,1,0
798,object,25480.881190739,45.94100028043613,1.8190003174822778,1.253996742889285,5.9200028772465885,54.93400021805428,1,0
799,object,25480.926159108,51.610000809887424,2.0000006770715117,1.209999027196318,6.5730018832255155,61.39300239738077,1,0
800,object,25480.97126932,73.06199768208899,3.610999556258321,2.020002284552902,8.232997060986236,86.92599658388644,1,0
801,object,25481.01616992,49.18999911751598,2.2080021153669804,1.4029974408913404,6.386002496583387,59.18700117035769,1,0
802,object,25481.061185887,52.585000958060846,2.4459986889269203,1.3499993656296283,7.000002369750291,63.381001382367685,1,0
803,object,25481.106156592,48.0029993923381,2.744000084931031,1.2500022421590984,6.376998499035835,58.37400021846406,1,0
804,object,25481.151239252,62.72099926718511,2.18800050788559,1.7979982658289373,7.433001883327961,74.1399999242276,1,0
805,object,25481.196284968,73.59800292761065,3.9009973988868296,2.2280000848695636,3.260000084992498,82.98700049635954,0,0
806,object,25481.241216424,1.6829981177579612,3.412002115510404,0.9849973139353096,0.8269998943433166,6.9069974415469915,0,0
807,object,25481.286198866,1.9830004021059722,3.998997271992266,1.177002559415996,0.7460002962034196,7.905000529717654,0,0
808,object,25481.33128089,1.7130005289800465,5.568999768001959,1.534997863927856,1.252999936696142,10.069998097606003,0,0
809,object,25481.376184647,1.9049984985031188,3.9610022213310003,1.0539988579694182,0.8009992598090321,7.720998837612569,0,0
810,object,25481.421155026,1.5500008885283023,3.8959988160058856,1.0730000212788582,1.2509990483522415,7.769998774165288,0,0
811,object,25481.466309205,2.905999281210825,5.403002433013171,1.619999238755554,1.1730007827281952,11.102001735707745,0,0
812,object,25481.511417749,1.9050021364819258,4.157998773735017,1.186999725177884,1.0379990271758288,8.287999662570655,0,0
813,object,25481.556221426,1.8410028133075684,3.650999133242294,1.3089993444737047,1.0020012268796563,7.803002517903224,0,0
814,object,25481.601240204,2.3239990696310997,5.12100086780265,2.005999704124406,1.6760022845119238,11.12700192607008,0,0
815,object,25481.646444885,3.177003236487508,7.9979981819633394,3.3479991543572396,1.7849997675511986,16.308000340359285,0,0
816,object,25481.69151194,3.525998181430623,8.558999979868531,3.345001459820196,2.491000486770645,17.921000107889995,0,0
817,object,25481.736335226,1.715001417323947,4.691999492933974,1.6230005712714046,0.995998561847955,9.02600004337728,0,0
818,object,25481.781179872,1.8550017557572573,3.320998075651005,1.1180018191225827,0.8569986675865948,7.15100031811744,0,0
819,object,25481.826232799,1.8459977582097054,4.896999598713592,1.5540026652161032,1.3520002539735287,9.649000276112929,0,0
820,object,25481.871211169,1.4979996194597334,3.5810007830150425,1.0559997463133186,1.0209987522102892,7.155998900998384,0,0
821,object,25481.916208542,1.4620018191635609,3.2389980333391577,1.3940007193014026,0.7849994290154427,6.880000000819564,0,0
822,object,25481.961270456,2.329001290490851,5.455000064102933,2.315999154234305,1.5130026440601796,11.613003152888268,0,0
823,object,25482.006201924,1.3919998309575021,3.983001079177484,1.4229990483727306,0.8610004442743957,7.659000402782112,0,0
824,object,25482.051186021,1.6609992599114776,3.279001248301938,0.9920004231389612,0.691001332597807,6.623002263950184,0,0
825,object,25482.09632262,2.348999259993434,4.706998879555613,1.7660022422205657,1.32000059238635,10.142000974155962,0,0
826,object,25482.141349581,2.062999556073919,3.4090007829945534,1.2069976946804672,0.9630020940676332,7.642000127816573,0,0
827,object,25482.186179121,1.4600009308196604,3.731998731382191,1.04300124803558,0.838997948449105,7.0739988586865366,0,0
828,object,25482.231450857,5.869998858543113,11.606000043684617,2.320997737115249,1.606000296305865,21.402996935648844,0,0
829,object,25482.276201062,1.619999238755554,3.363002178957686,1.0650001058820635,0.9369978215545416,6.984999345149845,0,0
830,object,25482.321212309,1.9849976524710655,3.4180011425632983,1.3649987522512674,0.8989991329144686,7.6669966802001,0,0
831,object,25482.366271345,2.0219995349179953,5.447000148706138,2.420001692371443,1.3930002751294523,11.282001651125029,0,0
832,object,25482.411215877,1.510998117737472,3.7200006772764027,1.0250005288980901,1.252999936696142,7.508999260608107,0,0
833,object,25482.456200866,1.996999344555661,3.2610005291644484,1.3669996405951679,0.8640017767902464,7.489001291105524,0,0
834,object,25482.501235747,2.282999048475176,4.604000423569232,1.420001353835687,1.5699988580308855,9.87699968391098,0,0
835,object,25482.546191454,2.043001586571336,3.3849973988253623,1.205000444315374,0.8930001058615744,7.525999535573646,0,0
836,object,25482.591179876,1.429001713404432,3.4609984140843153,1.0490002750884742,0.9600007615517825,6.899001164129004,0,0
837,object,25482.636317816,2.143002348020673,4.236997483531013,1.6289995983242989,1.0390031093265861,9.048002539202571,0,0
838,object,25482.681274765,2.2700005501974374,4.1429993871133775,1.59599949256517,1.0280018614139408,9.037001291289926,0,0
839,object,25482.726238431,1.476997567806393,3.659002686617896,1.0849980753846467,0.9010000212583691,7.121998351067305,0,0
840,object,25482.771608151,5.706999218091369,12.584001524373889,2.1229971025604755,3.4900003811344504,23.903998226160184,0,0
841,object,25482.81628948,3.3529977372381836,5.673002306139097,1.953998435055837,1.191001501865685,12.170999980298802,0,0
842,object,25482.861201487,1.586999132996425,3.3420001273043454,1.18200114229694,1.4239994925446808,7.534999895142391,0,0
843,object,25482.906220792,2.044998836936429,3.6800011002924293,1.1760021152440459,0.9489995136391371,7.8500015661120415,0,0
844,object,25482.951211974,1.7090023902710527,4.35699985246174,1.1929987522307783,0.9069990483112633,8.166000043274835,0,0
845,object,25482.996274248,1.9660001271404326,5.646001227432862,1.6140002117026597,1.4569995983038098,10.683001164579764,0,0
846,object,25483.041192859,1.4830002328380942,3.5800003388430923,1.390999386785552,0.8060014806687832,7.260001439135522,0,0
847,object,25483.086202185,1.4430006558541209,4.921999789075926,1.4500001270789653,1.1269985407125205,8.941999112721533,0,0
848,object,25483.131202217,1.672000507824123,3.255001502111554,1.0320000001229346,0.8930001058615744,6.852002115920186,0,0
849,object,25483.176260813,2.173997927457094,4.093999450560659,1.191001501865685,1.4750003174412996,8.933999197324738,0,0
850,object,25483.221202199,1.7879974620882422,3.025001205969602,1.4069992175791413,0.9329996828455478,7.152997568482533,0,0
851,object,25483.266174191,1.8789978639688343,3.126002411590889,1.338998117716983,0.8159986464306712,7.1599970397073776,0,0
852,object,25483.311502336,5.480000254465267,13.036999007454142,3.4510012483224273,3.167999238939956,25.135999749181792,0,0
853,object,25483.356254408,1.663000148255378,4.418998287292197,1.5119985619094223,1.0650001058820635,8.658997103339061,0,0
854,object,25483.40128232,2.3050015443004668,5.280999175738543,2.1179985196795315,1.191001501865685,10.895000741584226,0,0
855,object,25483.446147308,1.5419973351527005,2.8950016712769866,1.3220014807302505,0.7709968485869467,6.529997335746884,0,0
856,object,25483.491204554,1.7040001694113016,4.526998964138329,2.0570005290210247,1.1750016710720956,9.463001333642751,0,0
857,object,25483.536260669,2.2519998310599476,4.534002073341981,1.1479969543870538,0.9180002962239087,8.85199915501289,0,0
858,object,25483.581211148,1.6400008462369442,4.284996975911781,1.2320015230216086,0.8710012480150908,8.028000593185425,0,0
859,object,25483.626189533,1.4970028132665902,3.688997821882367,1.290998625336215,0.843003363115713,7.320002623600885,0,0
860,object,25483.671206676,1.8369973986409605,3.344001015648246,1.2929995136801153,1.0220028343610466,7.496000762330368,0,0
861,object,25483.716178517,1.920001523103565,4.293000529287383,1.2799973774235696,0.9730028978083283,8.466002327622846,0,0
862,object,25483.761223251,2.1519990696106106,4.486999387154356,1.2800010154023767,1.0250005288980901,8.944000001065433,0,0
863,object,25483.806262645,2.515000232961029,4.999998054699972,2.091001078952104,1.3319986464921385,10.937998013105243,0,0
864,object,25483.851443234,2.576998667791486,5.154000973561779,1.6470003174617887,1.276999682886526,10.654999641701579,0,0
865,object,25483.896189303,1.514999894425273,3.549001121427864,0.9739997040014714,0.8310016710311174,6.869002390885726,0,0
866,object,25483.941382693,3.07300069835037,7.122998795239255,2.901000698329881,2.392000169493258,15.489000361412764,0,0
867,object,25483.986278657,2.1279993234202266,4.016001184936613,1.3899989426136017,1.652999344514683,9.186998795485124,0,0
868,object,25484.031466051,4.261997673893347,6.7540022428147495,2.082997525576502,1.9090002751909196,15.007997717475519,0,0
869,object,25484.076454616,13.430002582026646,8.961000276030973,2.8129979909863323,1.9149993022438139,27.119000151287764,0,0
870,object,25484.121206969,1.6759986465331167,3.7909994716756046,1.1750016710720956,1.2159980542492121,7.857997843530029,0,0
871,object,25484.166148961,1.3309982023201883,3.3610012906137854,0.9879986464511603,0.8169990906026214,6.496997229987755,0,0
872,object,25484.2113751,3.745000867638737,8.245999197242782,3.8190009945537895,3.182998625561595,18.992999684996903,0,0
873,object,25484.256175896,1.4370016288012266,3.2419993658550084,0.9809991752263159,0.776999513618648,6.436999683501199,0,0
874,object,25484.301202696,1.9290018826723099,2.9340008040890098,1.2450000212993473,0.7969974831212312,6.905000191181898,0,0
875,object,25484.346272854,2.095999661833048,3.6519995774142444,1.001000782707706,0.8729984983801842,7.6219985203351825,0,0
876,object,25484.391254976,1.958000211743638,3.9180013118311763,1.61500065587461,0.8619972504675388,8.352999429916963,0,0
877,object,25484.436216048,1.9649996829684824,3.040997398784384,1.382002665195614,0.9809991752263159,7.3689989221747965,0,0
878,object,25484.481180657,1.471998984925449,3.6080018617212772,1.034000888466835,0.8659990271553397,6.980000762268901,0,0
879,object,25484.526195103,2.034998033195734,4.049001290695742,1.2419986887834966,1.3660028344020247,8.692000847076997,0,0
880,object,25484.57122247,2.200999006163329,4.361001629149541,1.2649979908019304,1.344000338576734,9.170998964691535,0,0
881,object,25484.616204681,2.245000359835103,5.25900031789206,1.49600236909464,1.5369987522717565,10.53700179909356,0,0
882,object,25484.66123847,1.9320032151881605,4.656998498830944,1.619999238755554,0.9950017556548119,9.20400270842947,0,0
883,object,25484.706231681,1.6980011423584074,4.2289975681342185,1.5730001905467361,1.0660005500540137,8.565999451093376,0,0
884,object,25484.751192159,1.2639975466299802,3.8010002754162997,1.1859992810059339,1.0160001693293452,7.266997272381559,0,0
885,object,25484.796204721,1.7540005501359701,3.240002115489915,1.3799981388729066,0.8800016075838357,7.254002412082627,0,0
886,object,25484.841271022,2.125001628883183,4.349996743258089,1.2160016922280192,1.4239994925446808,9.114999556913972,0,0
887,object,25484.886241606,1.5699988580308855,3.6480014387052506,1.1989977792836726,1.5990008250810206,8.01599890110083,0,0
888,object,25484.931225426,2.0900006347801536,3.5009979910682887,1.1980009730905294,0.7199996616691351,7.508999260608107,0,0
889,object,25484.976139427,1.8800019461195916,3.621000359999016,1.0369985830038786,0.8040005923248827,7.342001481447369,0,0
890,object,25485.02127777,2.6080015231855214,5.06499782204628,2.415999915683642,1.1260017345193774,11.21500099543482,0,0
891,object,25485.066877869,7.193997589638457,11.875999916810542,3.355002263560891,3.4849981602746993,25.90999793028459,0,0
892,object,25485.111231105,1.4870020095258951,3.082001057919115,1.0109979484695941,1.0650001058820635,6.645001121796668,0,0
893,object,25485.156161805,1.401000190526247,3.4279983083251864,1.0120020306203514,0.8189999789465219,6.660000508418307,0,0
894,object,25485.201201642,1.448999682907015,3.492998075671494,1.0460025805514306,0.8899987733457237,6.877999112475663,0,0
895,object,25485.246166995,1.9220024114474654,4.375997377792373,0.9780014806892723,0.8999995770864189,8.17600084701553,0,0
896,object,25485.291592088,7.078000635374337,14.990997442509979,3.492001269478351,2.8950016712769866,28.456001018639654,0,0
897,object,25485.336209986,1.9780018192250282,3.293000190751627,1.3669996405951679,0.8509996405337006,7.489001291105524,0,0
898,object,25485.381262278,1.9420003809500486,3.425000613788143,1.1269985407125205,0.8730021363589913,7.367001671809703,0,0
899,object,25485.426453627,1.7400016076862812,4.450001142686233,1.9849976524710655,1.1730007827281952,9.348001185571775,0,0
900,object,25485.471215578,1.3979988580103964,3.565000952221453,1.0049989214166999,0.8700008038431406,6.83799953549169,0,0
901,object,25485.516210975,1.6239973774645478,4.836001608055085,1.4649995137006044,0.9739997040014714,8.898998203221709,0,0
902,object,25485.561317184,3.144999936921522,7.119997462723404,1.7830025171861053,1.8119972082786262,13.859997125109658,0,0
903,object,25485.606237014,1.8610007828101516,4.534002073341981,1.3399985618889332,1.1109987099189311,8.846000127959996,0,0
904,object,25485.651217585,2.0279985619708896,5.3580006351694465,1.820000761654228,1.1359989002812654,10.34199885907583,0,0
905,object,25485.696195601,2.0369989215396345,3.4000004234258085,1.1159972927998751,0.9320028766524047,7.484999514417723,0,0
906,object,25485.741424546,3.0080009310040623,3.9750011637806892,1.0410003596916795,1.233998773386702,9.258001227863133,0,0
907,object,25485.786222454,1.5890000213403255,3.7429999792948365,1.100997906178236,1.1350020940881222,7.56800000090152,0,0
908,object,25485.831157832,2.5600020308047533,3.4149998100474477,1.1429983715061098,0.934000127017498,8.052000339375809,0,0
909,object,25485.876198132,1.4550023479387164,3.3379983506165445,0.9700015652924776,0.8509996405337006,6.614001904381439,0,0
910,object,25485.921156382,1.2810014595743269,3.2370007829740644,0.9469986252952367,0.7369999366346747,6.202000804478303,0,0
911,object,25485.966225856,1.5030018403194845,3.4129989217035472,1.1250012903474271,1.4129982446320355,7.454000297002494,0,0
912,object,25486.011186436,1.643998984945938,5.67700044484809,2.0740008039865643,0.9529976523481309,10.347997886128724,0,0
913,object,25486.056242502,2.2979984350968152,4.547000571619719,1.329000951955095,1.3370008673518896,9.511000826023519,0,0
914,object,25486.101365732,2.635999408084899,5.359001079341397,2.535998646635562,0.9790019248612225,11.51000105892308,0,0
915,object,25486.146160667,1.415002770954743,3.4859986044466496,1.0450021363794804,1.1129995982628316,7.0590031100437045,0,0
916,object,25486.191181464,1.691998477326706,4.130000888835639,1.453001459594816,0.8949973562266678,8.169998181983829,0,0
917,object,25486.236132904,1.7989987100008875,2.945002052001655,1.4760007616132498,0.72900002123788,6.949001544853672,0,0
918,object,25486.281238594,1.8309983715880662,3.679000656120479,1.0779986041598022,0.8450006134808064,7.432998245349154,0,0
919,object,25486.32630346,2.153003151761368,6.009999196976423,1.730000803945586,2.086999302264303,11.98000245494768,0,0
920,object,25486.371221798,3.6279998312238604,4.773002729052678,1.8049977370537817,1.667001924943179,11.873002222273499,0,0
921,object,25486.416175706,1.6400008462369442,3.4619988582562655,1.1219999578315765,1.3749995559919626,7.598999218316749,0,0
922,object,25486.461285644,2.1800005924887955,3.178000042680651,1.3169992598704994,0.9420000424142927,7.6169999374542385,0,0
923,object,25486.506158352,1.4840006770100445,3.401997673790902,0.9950017556548119,1.0090006981045008,6.890000804560259,0,0
924,object,25486.551503398,8.135000825859606,14.053999620955437,3.0529990908689797,2.5990011636167765,27.8410007013008,0,0
925,object,25486.596211159,1.6599988157395273,3.501998435240239,1.6710000636521727,0.8509996405337006,7.6839969551656395,0,0
926,object,25486.641182192,6.304999260464683,3.6370001907926053,1.1119991540908813,0.9840005077421665,12.037999113090336,0,0
927,object,25486.686204293,2.073000359814614,4.0049999370239675,1.052998413797468,0.8960014383774251,8.027000149013475,0,0
928,object,25486.731286151,1.5660007193218917,3.7569989217445254,1.4110009942669421,0.9559989848639816,7.689999620197341,0,0
929,object,25486.776214384,2.1179985196795315,3.9869992178864777,1.071999577106908,0.9220020729117095,8.098999387584627,0,0
930,object,25486.821211595,1.3709977793041617,3.168002876918763,0.9709983714856207,0.7759990694466978,6.285998097155243,0,0
931,object,25486.866228716,1.4779980119783431,3.3270007406827062,1.0750009096227586,1.2140008038841188,7.094000466167927,0,0
932,object,25486.911135879,1.667001924943179,3.0699993658345193,1.2210002751089633,0.7419985195156187,6.70000008540228,0,0
933,object,25486.956231254,1.4760007616132498,3.7749996408820152,1.0830008250195533,1.3409990060608834,7.675000233575702,0,0
934,object,25487.00143376,3.0769988370593637,7.439000910380855,2.91700052912347,2.681998012121767,16.114998288685456,0,0
935,object,25487.046324241,1.6619997040834278,3.8289981603156775,1.4650031516794115,1.2069976946804672,8.162998710758984,0,0
936,object,25487.091194836,1.9789986254181713,5.0150010793004185,1.9549988792277873,1.4870020095258951,10.436000593472272,0,0
937,object,25487.136184897,1.5499972505494952,3.393000952200964,0.9640025382395834,0.8399983926210552,6.746999133611098,0,0
938,object,25487.181314694,2.191998646594584,3.7989993870723993,1.2030031939502805,1.0309995559509844,8.225000783568248,0,0
939,object,25487.226209838,2.0789993868675083,3.936998837161809,1.0809999366756529,1.0309995559509844,8.127997716655955,0,0
940,object,25487.271228826,1.9149993022438139,5.435998900793493,1.4670004020445049,1.8220016499981284,10.64000025507994,0,0
941,object,25487.316188658,1.6680023691151291,3.4229997254442424,1.0879994079004973,0.8880015229806304,7.067003025440499,0,0
942,object,25487.361258618,1.5090008673723787,3.330002073198557,0.9649993444327265,0.7939997885841876,6.59800207358785,0,0
943,object,25487.406211767,1.6269987099803984,3.3960022847168148,1.0209987522102892,0.8880015229806304,6.932001269888133,0,0
944,object,25487.451266767,2.359000063734129,3.3520009310450405,1.2740019883494824,0.957999873207882,7.943002856336534,0,0
945,object,25487.496180929,2.2569984139408916,5.057001544628292,1.4130018826108426,1.567997969686985,10.294999810867012,0,0
946,object,25487.541286979,1.7759994079824537,5.285997758619487,1.7710008251015097,1.3800017768517137,10.212999768555164,0,0
947,object,25487.586197791,1.619999238755554,2.9750008252449334,0.9520008461549878,0.8169990906026214,6.364000000758097,0,0
948,object,25487.631186093,1.4899997040629387,3.429999196669087,1.1830015864688903,1.2800010154023767,7.3830015026032925,0,0
949,object,25487.676181614,1.767999492585659,4.084002284798771,0.9949981176760048,1.3780008885078132,8.225000783568248,0,0
950,object,25487.721201376,1.8659993656910956,3.0090013751760125,1.3919998309575021,0.9059986041393131,7.172999175963923,0,0
951,object,25487.766226758,3.0579976737499237,4.039000486955047,1.0750009096227586,1.0549993021413684,9.226998372469097,0,0
952,object,25487.811221844,1.805998181225732,3.8890029827598482,1.757998688844964,0.9690011211205274,8.422000973951072,0,0
953,object,25487.856467646,1.630000042496249,3.8819998735561967,1.1550000635907054,1.082000380847603,7.749000360490754,0,0
954,object,25487.901254383,2.8610011213459074,3.877998096868396,1.3410026440396905,1.4049983292352408,9.485000191489235,0,0
955,object,25487.946179052,1.3499993656296283,3.7249992601573467,0.9890027286019176,1.1519987310748547,7.216000085463747,0,0
956,object,25487.991198556,1.7189995560329407,3.625002136686817,1.0090006981045008,0.9939976735040545,7.347000064328313,0,0
957,object,25488.036188184,1.8220016499981284,3.863999154418707,1.2259988579899073,0.967000232776627,7.8789998951833695,0,0
958,object,25488.081334611,2.153999957954511,5.301997589413077,1.2520031305029988,1.0699986887630075,9.777999366633594,0,0
959,object,25488.126257001,3.0849987524561584,5.064001015853137,1.5129990060813725,1.215001248056069,10.877000022446737,0,0
960,object,25488.171330596,2.845001290552318,7.753998943371698,3.2050011213868856,2.269000106025487,16.07300146133639,0,0
961,object,25488.216213722,1.6980011423584074,3.1229974410962313,0.9659997886046767,0.8490023901686072,6.636000762227923,0,0
962,object,25488.261246273,1.8640021153260022,4.21699951402843,1.672997314017266,1.2490017979871482,9.003000741358846,0,0
963,object,25488.306197456,1.9319995772093534,3.727000148501247,1.0740004654508084,1.0090006981045008,7.74200088926591,0,0
964,object,25488.351267902,1.9510007405187935,5.034999048803002,1.549000444356352,1.282001903746277,9.817002137424424,0,0
965,object,25488.396226187,2.1859996195416898,4.179000825388357,1.3239987310953438,1.1939991964027286,8.88299837242812,0,0
966,object,25488.44119659,1.501000951975584,3.363998985150829,0.9950017556548119,0.7879971235524863,6.647998816333711,0,0
967,object,25488.486460479,3.020002623088658,4.7959983930923045,4.623001586878672,3.7239988159853965,16.16300141904503,0,0
968,object,25488.531210709,2.258999302284792,5.648002115776762,2.2749991330783814,1.444001100026071,11.626001651166007,0,0
969,object,25488.576235343,1.8700011423788965,3.701999958138913,1.5080004232004285,0.9629984560888261,8.042999979807064,0,0
970,object,25488.621297307,4.141002136748284,6.08799746260047,2.5709996407385916,1.1070005712099373,13.906999811297283,0,0
971,object,25488.666277011,2.01099828700535,4.0049999370239675,1.6090016288217157,0.990999978967011,8.615999831818044,0,0
972,object,25488.711451373,3.711997123900801,10.715000826166943,3.5609991755336523,2.2180029191076756,20.20600004470907,0,0
973,object,25488.756282138,3.563996870070696,5.388003046391532,1.5859986888244748,1.4280012692324817,11.965999874519184,0,0
974,object,25488.801210628,2.48300057137385,4.253997758496553,1.363001501886174,1.2829987099394202,9.382998541695997,0,0
975,object,25488.846158116,1.5509976947214454,3.892000677296892,1.5040022844914347,0.9089999366551638,7.856000593164936,0,0
976,object,25488.891188078,1.315002009505406,3.391996870050207,0.9870018402580172,0.9200011845678091,6.614001904381439,0,0
977,object,25488.936219267,2.6079978852067143,5.403002433013171,1.71599822351709,1.410000550094992,11.136999091831967,0,0
978,object,25488.981213209,1.7719976312946528,3.6820019886363298,1.4529978216160089,0.9300019883085042,7.836999429855496,0,0
979,object,25489.026228274,2.0709994714707136,3.635999746620655,1.8760001694317907,1.2310010788496584,8.814000466372818,0,0
980,object,25489.071281748,1.929998688865453,3.697998181451112,1.0090006981045008,0.7920025382190943,7.42900010664016,0,0
981,object,25489.116261275,1.811000402085483,4.374996933620423,1.252999936696142,1.2210002751089633,8.659997547511011,0,0
982,object,25489.161493491,1.996999344555661,5.2010000217705965,1.8970022210851312,1.2329983292147517,10.32799991662614,0,0
983,object,25489.206342249,1.7710008251015097,4.120000085094944,1.3060016499366611,1.014999725157395,8.21200228529051,0,0
984,object,25489.251224918,1.4969991752877831,5.408001015894115,1.3499993656296283,1.2620002962648869,9.516999853076413,0,0
985,object,25489.296170437,1.8320024537388235,4.923000233247876,1.114996848627925,1.49600236909464,9.366001904709265,0,0
986,object,25489.341199243,2.019998646574095,3.764002030948177,1.2399978004395962,14.899000234436244,21.922998712398112,0,0
987,object,25489.386197192,1.901997165987268,3.4800032153725624,1.095999323297292,0.8139977580867708,7.291997462743893,0,0
988,object,25489.431211526,1.3790013326797634,3.3279975468758494,0.957999873207882,1.0660005500540137,6.730999302817509,0,0
989,object,25489.476230209,2.4979999579954892,4.268000338925049,1.2279997463338077,1.8050013750325888,9.799001418286934,0,0
990,object,25489.521166119,1.3569988368544728,3.5910015867557377,1.3659991964232177,0.9020004654303193,7.216000085463747,0,0
991,object,25489.566187901,1.8089995137415826,4.07799961976707,0.9409995982423425,0.9569994290359318,7.784998160786927,0,0
992,object,25489.611233492,1.7240017768926919,3.8869984564371407,1.5500008885283023,1.0129988368134946,8.17399995867163,0,0
993,object,25489.656185254,1.525000698165968,3.4199983929283917,0.9590003173798323,0.8160022844094783,6.72000169288367,0,0
994,object,25489.701241193,2.401997335255146,4.070003342349082,1.1979973351117224,1.005002559395507,8.675000572111458,0,0
995,object,25489.746192904,2.149001375073567,3.1149975256994367,1.5690020518377423,1.1880001693498343,8.02100112196058,0,0
996,object,25489.791194665,1.8070022633764893,3.3239994081668556,1.0590010788291693,0.752999767428264,6.943002517800778,0,0
997,object,25489.836328969,1.9800027075689286,12.008000339847058,2.052998752333224,1.4760007616132498,17.51700256136246,0,0
998,object,25489.881194034,1.9950020941905677,3.5150005714967847,1.052998413797468,0.8360002539120615,7.399001333396882,0,0
999,object,25489.926396489,3.6329984141048044,7.188999006757513,3.0090013751760125,2.4330001906491816,16.26399898668751,0,0
1000,object,25489.971260412,2.128999767592177,4.167999577475712,1.5020013961475343,0.8380011422559619,8.637001883471385,0,0
1001,object,25490.016229902,2.2909989638719708,4.288998752599582,1.3490025594364852,1.3259996194392443,9.254999895347282,0,0
1002,object,25490.061430913,3.4469994716346264,9.482999303145334,3.307002771180123,2.724998921621591,18.962000467581674,0,0
1003,object,25490.106193464,1.4880024536978453,3.5179982660338283,1.3810022210236639,0.8979986887425184,7.285001629497856,0,0
1004,object,25490.151254865,1.9290018826723099,4.902998625766486,1.7470010789111257,0.9709983714856207,9.549999958835542,0,0
1005,object,25490.196175605,1.77200126927346,2.9999973776284605,1.4920005924068391,0.8790011634118855,7.143000402720645,0,0
1006,object,25490.241174884,1.7380007193423808,3.011999069713056,1.315002009505406,0.7829985406715423,6.848000339232385,0,0
1007,object,25490.286208226,2.224998752353713,4.534002073341981,1.2040000001434237,1.7880011000670493,9.751001925906166,0,0
1008,object,25490.331255449,1.5209989214781672,3.5420016502030194,0.8979986887425184,0.6930022209417075,6.6540014813654125,0,0
1009,object,25490.376224096,2.701999619603157,6.824000593042001,2.388002030784264,2.1599989850074053,14.074001228436828,0,0
1010,object,25490.421223298,1.6270023479592055,3.7289973988663405,1.5570003597531468,0.8320021152030677,7.7450022217817605,0,0
1011,object,25490.466243079,2.1359992388170213,3.845998435281217,1.1900010576937348,1.0510011634323746,8.222999895224348,0,0
1012,object,25490.511699489,4.408997483551502,6.998001481406391,2.2649983293376863,2.4750006559770554,16.146997950272635,0,0
1013,object,25490.556170744,1.4159995771478862,3.3720025385264307,1.0999974620062858,1.1250012903474271,7.01300086802803,0,0
1014,object,25490.601218539,2.216002030763775,3.0419978429563344,1.5610021364409477,0.8940005500335246,7.713002560194582,0,0
1015,object,25490.646249209,2.3360007617156953,3.959998139180243,1.2860000424552709,0.7820017344783992,8.364000677829608,0,0
1016,object,25490.691188088,1.3370008673518896,3.106000804109499,1.0739968274720013,0.8510032785125077,6.3680017774458975,0,0
1017,object,25490.736303536,2.859000233002007,5.998001142870635,1.3270000636111945,2.392000169493258,12.576001608977094,0,0
1018,object,25490.781385494,3.62699938705191,7.888000254752114,1.4220022421795875,1.1649972293525934,14.101999113336205,0,0
1019,object,25490.826227145,1.7329984984826297,3.078999725403264,1.4040015230420977,0.8649985829833895,7.080998329911381,0,0
1020,object,25490.871208818,1.4329998521134257,5.098998371977359,1.4060024113859981,1.0109979484695941,8.948998583946377,0,0
1021,object,25490.916202841,1.8669998098630458,3.4629993024282157,1.0830008250195533,1.2180025805719197,7.6310025178827345,0,0
1022,object,25490.961437366,2.921999112004414,7.095000910339877,2.7149981178808957,2.716002200031653,15.44800034025684,0,0
1023,object,25491.006345557,2.5649969757068902,5.99100167164579,1.720000000204891,1.4129982446320355,11.688996892189607,0,0
1024,object,25491.051226563,1.653999788686633,4.101002559764311,1.514999894425273,0.9949981176760048,8.265000360552222,0,0
1025,object,25491.096196057,1.4280012692324817,3.3910000638570637,1.104999682866037,1.1550000635907054,7.079001079546288,0,0
1026,object,25491.141345403,4.461999196792021,6.669000867987052,2.544999006204307,1.7669990484137088,15.442998119397089,0,0
1027,object,25491.186198195,1.5700024960096925,3.5140001273248345,1.3789976947009563,0.8040005923248827,7.267000910360366,0,0
1028,object,25491.231208797,1.8070022633764893,3.62699938705191,1.1119991540908813,0.8900024113245308,7.436003215843812,0,0
1029,object,25491.276454259,3.364999429322779,7.081998774083331,1.610002072993666,2.209999365732074,14.26699964213185,0,0
1030,object,25491.321202035,1.4789984561502934,3.4460026654414833,1.1479969543870538,0.8390015864279121,6.911999662406743,0,0
1031,object,25491.366378097,2.969001798192039,7.86400050856173,2.863998815882951,2.5930021365638822,16.290003259200603,0,0
1032,object,25491.411291411,2.4369983293581754,4.396999429445714,1.0639996617101133,1.2060008884873241,9.103998309001327,0,0
1033,object,25491.456138675,1.7910024325829,2.972999936901033,1.0619987733662128,0.7989983714651316,6.624999514315277,0,0
1034,object,25491.501221423,2.377997589064762,6.310001481324434,1.4040015230420977,1.290998625336215,11.382999218767509,0,0
1035,object,25491.546218728,1.3470016710925847,3.269000444561243,1.4079996617510915,0.838997948449105,6.862999725854024,0,0
1036,object,25491.591403747,3.216002369299531,7.345999620156363,2.748998667811975,2.5279987312387675,15.838999388506636,0,0
1037,object,25491.636350615,1.6970006981864572,3.9919978007674217,1.6640005924273282,1.0600015230011195,8.413000614382327,0,0
1038,object,25491.681505464,3.264001861680299,5.436999344965443,1.8329992599319667,0.8999995770864189,11.434000043664128,0,0
1039,object,25491.726568742,3.1810013751965016,6.046997441444546,1.5410005289595574,0.9540017344988883,11.723001080099493,0,0
1040,object,25491.771260957,1.5709993022028357,3.573000867618248,1.0459989425726235,1.1349984561093152,7.324997568503022,0,0
1041,object,25491.816186918,1.8190003174822778,5.600999429589137,1.586999132996425,2.830001903930679,11.83700078399852,0,0
1042,object,25491.861176429,1.5330006135627627,3.5189987102057785,1.101001544157043,0.7620001269970089,6.915000994922593,0,0
1043,object,25491.906162572,1.4690012903884053,3.03599881590344,1.4319994079414755,0.7010021363385022,6.638001650571823,0,0
1044,object,25491.951361991,1.8329992599319667,6.350001058308408,1.9210019672755152,1.9009967218153179,12.004999007331207,0,0
1045,object,25491.996212949,1.6169979062397033,3.5049997677560896,1.0399999155197293,0.8580027497373521,7.020000339252874,0,0
1046,object,25492.041383272,2.4660002964083105,5.984999006614089,1.6550002328585833,1.0379990271758288,11.143998563056812,0,0
1047,object,25492.086286334,2.1140003809705377,5.625999619951472,2.7509995561558753,1.9079998310189694,12.398999388096854,0,0
1048,object,25492.131200472,1.8120008462574333,3.2710013329051435,1.501000951975584,0.9059986041393131,7.490001735277474,0,0
1049,object,25492.176184367,1.4090001059230417,3.4330005291849375,1.3460012269206345,0.8520000847056508,7.0400019467342645,0,0
1050,object,25492.221425979,2.7909991331398487,7.796999852871522,1.9129984138999134,2.397002390353009,14.897999790264294,0,0
1051,object,25492.266219807,2.220000169472769,3.870001819450408,1.0519979696255177,0.8600000001024455,8.00199995865114,0,0
1052,object,25492.311241629,2.324002707609907,3.8149992178659886,1.0539988579694182,0.890999217517674,8.084000000962988,0,0
1053,object,25492.35633795,2.0099978428333998,4.8290021368302405,1.8539976736065,1.3280005077831447,10.020998161053285,0,0
1054,object,25492.401185557,1.5969999367371202,4.026001988677308,1.0250005288980901,1.0069998097606003,7.655002264073119,0,0
1055,object,25492.446273745,1.8509999790694565,4.391997208585963,1.5940022422000766,1.133998011937365,8.97099744179286,0,0
1056,object,25492.491266085,2.7480018616188318,6.7069995566271245,2.210999809904024,1.5779987734276801,13.24400000157766,0,0
1057,object,25492.536199065,1.938999048434198,3.6370001907926053,1.0090006981045008,0.8419992809649557,7.42699921829626,0,0
1058,object,25492.581192701,1.5369987522717565,3.549001121427864,1.0379990271758288,0.7950002327561378,6.918999133631587,0,0
1059,object,25492.626220491,1.8759965314529836,5.248002707958221,1.5549994714092463,1.4069992175791413,10.085997928399593,0,0
1060,object,25492.671164506,1.4420002116821706,3.610999556258321,1.468000846216455,0.8870010788086802,7.408001692965627,0,0
1061,object,25492.716169285,1.9360013538971543,3.373999788891524,1.1020019883289933,0.8249990059994161,7.237002137117088,0,0
1062,object,25492.761190238,1.7399979697074741,2.831002348102629,1.0349976946599782,0.76700234785676,6.3730003603268415,0,0
1063,object,25492.806212344,1.5289988368749619,3.6380006349645555,0.990999978967011,0.8320021152030677,6.990001566009596,0,0
1064,object,25492.85126916,2.3089996830094606,4.644000000553206,1.1080010153818876,1.3509998098015785,9.412000508746132,0,0
1065,object,25492.896178124,1.9139988580718637,3.0650007829535753,1.3460012269206345,0.8819988579489291,7.2069997258950025,0,0
1066,object,25492.941518192,2.6809975679498166,8.262999472208321,2.6330017135478556,2.414999471511692,15.991998225217685,0,0
1067,object,25492.986359301,2.3619977582711726,4.191002517472953,1.8559985619504005,0.9169998520519584,9.325998689746484,0,0
1068,object,25493.03121293,1.915999746415764,4.636000085156411,1.5110017557162791,0.9949981176760048,9.057999704964459,0,0
1069,object,25493.076184101,1.382002665195614,3.17399826599285,1.0379990271758288,0.8930001058615744,6.487000064225867,0,0
1070,object,25493.121150841,1.491996954428032,3.420002030907199,0.9680006769485772,1.1890006135217845,7.0690002758055925,0,0
1071,object,25493.1663054,2.143002348020673,5.6110002333298326,1.219999830937013,1.0299991117790341,10.004001524066553,0,0
1072,object,25493.21119628,1.75300010596402,3.1669987947680056,1.014999725157395,0.8070019248407334,6.742000550730154,0,0
1073,object,25493.256389373,2.992997906403616,6.791000487282872,2.8909998945891857,2.5219997041858733,15.196997992461547,0,0
1074,object,25493.301192633,1.658001565374434,3.8660000427626073,1.471998984925449,0.88600063463673,7.88200122769922,0,0
1075,object,25493.346176194,1.9709987100213766,3.8059988582972437,1.3110002328176051,1.0469993867445737,8.1349971878808,0,0
1076,object,25493.391206222,1.6599988157395273,3.6530000215861946,1.172000338556245,1.1500014807097614,7.635000656591728,0,0
1077,object,25493.436380372,2.6519992388784885,4.659999831346795,1.6310004866681993,1.2730015441775322,10.216001101071015,0,0
1078,object,25493.481194827,1.5799996617715806,3.3319993235636503,1.0170006135012954,1.239000994246453,7.168000593082979,0,0
1079,object,25493.52619568,1.534001057734713,3.7440004234667867,1.5369987522717565,0.9220020729117095,7.737002306384966,0,0
1080,object,25493.571186457,1.791999238776043,4.232999344822019,1.0370022209826857,0.9089999366551638,7.971000741235912,0,0
1081,object,25493.616180326,1.486001565353945,3.912999090971425,1.501000951975584,0.8989991329144686,7.799000741215423,0,0
1082,object,25493.66123989,1.6189987945836037,4.303001333028078,1.7999991541728377,1.0139992809854448,8.735998562769964,0,0
1083,object,25493.706154638,1.5540026652161032,3.344997821841389,1.3210010365583003,0.7499984349124134,6.969999958528206,0,0
1084,object,25493.751195485,1.829997927416116,3.4479999158065766,1.014999725157395,0.724001438356936,7.016999006737024,0,0
1085,object,25493.796275666,2.793000021483749,5.199999577598646,1.395997969666496,1.562999386806041,10.951996955554932,0,0
1086,object,25493.841200427,1.5750010788906366,3.697998181451112,1.3650023902300745,0.7950002327561378,7.433001883327961,0,0
1087,object,25493.886545942,3.758999810088426,10.486997780390084,3.484001354081556,3.0369992600753903,20.766998204635456,0,0
1088,object,25493.931279935,4.318000719649717,6.048998329788446,2.0369989215396345,1.5210025594569743,13.925000530434772,0,0
1089,object,25493.976186973,1.7279999156016856,2.9319999157451093,1.2980017345398664,0.7939997885841876,6.752001354470849,0,0
1090,object,25494.021209255,2.8940012271050364,3.811001079156995,1.5160003385972232,1.5999976312741637,9.821000276133418,0,0
1091,object,25494.066353692,2.5369990908075124,5.732999852625653,1.586002326803282,1.8039972928818315,11.659998563118279,0,0
1092,object,25494.111465503,2.5600020308047533,5.437999789137393,2.057997335214168,1.4190009096637368,11.475000064820051,0,0
1093,object,25494.156274241,2.264001523144543,4.9629998102318496,1.1060001270379871,1.172000338556245,9.505001798970625,0,0
1094,object,25494.201281903,1.7750026017893106,3.5659977584145963,1.06200241134502,1.1979973351117224,7.601000106660649,0,0
1095,object,25494.24621554,1.5700024960096925,3.474997356534004,1.0889998520724475,1.2460004654712975,7.380000170087442,0,0
1096,object,25494.291315244,3.5229968489147723,5.7060024118982255,1.6369995137210935,0.74800118454732,11.613999959081411,0,0
1097,object,25494.336235719,1.757998688844964,3.5199991543777287,1.1180018191225827,1.4079996617510915,7.803999324096367,0,0
1098,object,25494.381239965,2.1999985619913787,5.383000825531781,1.1519987310748547,1.001000782707706,9.73599890130572,0,0
1099,object,25494.426173492,1.5590012480970472,3.663997631520033,1.0830008250195533,1.3460012269206345,7.652000931557268,0,0
1100,object,25494.471241788,1.4760007616132498,3.3989999792538583,1.0889998520724475,1.2800010154023767,7.244001608341932,0,0
1101,object,25494.516196731,1.9669969333335757,3.321001713629812,1.02400008472614,0.8630013326182961,7.175000064307824,0,0
1102,object,25494.561207232,1.3719982234761119,3.2760035537648946,1.0259973350912333,0.8690003596711904,6.54299947200343,0,0
1103,object,25494.606554957,3.74599767383188,8.910999895306304,2.8430004022084177,3.731001925189048,19.23099989653565,0,0
1104,object,25494.6513749,3.359000402269885,7.924998499220237,8.277002052636817,1.848999090725556,21.410000044852495,0,0
1105,object,25494.696229979,2.158001734642312,3.7949976103845984,1.20100230560638,1.0229996405541897,8.17700129118748,0,0
1106,object,25494.741224744,2.001001121243462,3.086999640800059,1.5449986676685512,0.8460010576527566,7.479000487364829,0,0
1107,object,25494.786242767,1.815998984966427,3.5240009310655296,1.2470009096432477,0.838997948449105,7.425998774124309,0,0
1108,object,25494.831242325,1.8050013750325888,3.396999090909958,0.9899995347950608,0.7840026228222996,6.976002623559907,0,0
1109,object,25494.876199983,2.759003109531477,4.277997504686937,1.2710006558336318,1.2320015230216086,9.540002793073654,0,0
1110,object,25494.921277463,1.9690014596562833,6.161997589515522,1.7940001271199435,1.7940001271199435,11.718999303411692,0,0
1111,object,25494.9661945,1.468000846216455,3.2369971449952573,1.0570001904852688,0.9930008673109114,6.754999049007893,0,0
1112,object,25495.011196195,1.5920013538561761,3.4240001696161926,1.1859992810059339,0.8759998308960348,7.078000635374337,0,0
1113,object,25495.056164154,1.3110002328176051,3.515997377689928,1.0120020306203514,0.8940005500335246,6.733000191161409,0,0
1114,object,25495.10127927,1.8500031728763133,4.303998139221221,1.3169992598704994,1.2750024325214326,8.746003004489467,0,0
1115,object,25495.146196743,1.59599949256517,3.4520016924943775,1.0809999366756529,1.1639967851806432,7.2929979069158435,0,0
1116,object,25495.19117977,1.4849974832031876,3.1810013751965016,1.0539988579694182,0.7119997462723404,6.431997462641448,0,0
1117,object,25495.236182449,1.8840000848285854,3.706998541019857,1.353000698145479,0.9600007615517825,7.904000085545704,0,0
1118,object,25495.281190863,1.424999936716631,3.2659991120453924,1.0230032785329968,1.1169977369718254,6.831000064266846,0,0
1119,object,25495.326316882,2.943997969850898,6.89400258124806,1.9039980543311685,1.5430014173034579,13.285000022733584,0,0
1120,object,25495.37121631,1.5969999367371202,3.6180026654619724,1.1749980330932885,0.8550014172215015,7.2450020525138825,0,0
1121,object,25495.416213037,1.8400023691356182,3.35000004270114,1.0839976312126964,0.7570015441160649,7.03100158716552,0,0
1122,object,25495.461230963,1.9229992176406085,3.7580030038952827,1.3760000001639128,0.9420000424142927,7.999002264114097,0,0
1123,object,25495.506186123,1.8499995348975062,3.5709999792743474,1.1180018191225827,0.8089991752058268,7.348000508500263,0,0
1124,object,25495.551253872,2.0890001906082034,3.216999175492674,1.4230026863515377,0.809999619377777,7.539001671830192,0,0
1125,object,25495.596575298,3.8239995774347335,5.8490004448685795,4.952999006491154,2.2569984139408916,16.88299744273536,0,0
1126,object,25495.641274052,1.6190024325624108,4.137997166253626,1.505999534856528,1.0030016710516065,8.266000804724172,0,0
1127,object,25495.686203524,1.6640005924273282,3.7039972085040063,1.0710027709137648,0.9789982868824154,7.417998858727515,0,0
1128,object,25495.731294663,2.811997546814382,5.6870012485887855,1.9069993868470192,1.2660020729526877,11.672000255202875,0,0
1129,object,25495.776140757,1.5049990906845778,3.182001819368452,1.2380005500745028,0.7669987098779529,6.692000170005485,0,0
1130,object,25495.821330236,1.7229976947419345,4.747002094518393,1.319996954407543,1.1210031516384333,8.910999895306304,0,0
1131,object,25495.86621807,1.538999640615657,4.163997800787911,1.3970020518172532,1.076998159987852,8.176997653208673,0,0
1132,object,25495.911224187,2.5080007617361844,4.457000613911077,1.7569982446730137,0.92400296125561,9.646002581575885,0,0
1133,object,25495.956176433,1.4830002328380942,3.592998837120831,1.353000698145479,1.2070013326592743,7.6360011007636786,0,0
1134,object,25496.001185237,1.525000698165968,3.645996912382543,1.210002665175125,1.0320000001229346,7.413000275846571,0,0
1135,object,25496.046178628,1.8050013750325888,3.615998139139265,0.990999978967011,0.7540002116002142,7.165999704739079,0,0
1136,object,25496.091213095,1.6930025594774634,3.9919978007674217,1.0360017768107355,1.3159988156985492,8.03700095275417,0,0
1137,object,25496.136245156,2.2179992811288685,4.211997293168679,1.158001396106556,1.0170006135012954,8.604998583905399,0,0
1138,object,25496.181216503,2.038003003690392,3.806999302469194,1.219999830937013,0.9350005711894482,8.000002708286047,0,0
1139,object,25496.226155028,1.462998625356704,3.353998181410134,1.5450023056473583,0.8639981388114393,7.225997251225635,0,0
1140,object,25496.271179725,1.5689984138589352,3.7800018617417663,1.3359967852011323,1.3040007615927607,7.9889978223945946,0,0
1141,object,25496.316364603,4.642999556381255,10.474999726284295,3.8389989640563726,3.303000994492322,22.259999241214246,0,0
1142,object,25496.361163931,1.8409991753287613,3.445999027462676,1.0700023267418146,0.8799979696050286,7.236998499138281,0,0
1143,object,25496.406168282,1.7900019884109497,3.6860001273453236,1.276999682886526,0.9239993232768029,7.677001121919602,0,0
1144,object,25496.451310134,3.1129966373555362,7.981001544976607,3.2710013329051435,1.7849997675511986,16.149999282788485,0,0
1145,object,25496.463854324,2.591001248219982,4.326997441239655,17.924001440405846,82.10099986172281,106.9429999915883,1,1
1146,object,25496.488368543,68.36700049461797,134.789999719942,40.884999179979786,4.107001586817205,248.14900098135695,1,1
1147,object,25496.513962981,76.86200115131214,129.5039983233437,43.23400207795203,4.521996743278578,254.12199829588644,1,1
1148,object,25496.538859827,66.0680016153492,110.05999840563163,27.428999601397663,3.0769988370593637,206.63399845943786,1,1
1149,object,25496.563765574,55.900000006658956,121.27700028941035,42.12700150674209,4.117999196751043,223.42200099956244,1,1
1150,object,25496.590174312,46.94900053436868,93.10199675383046,25.538000045344234,3.2900024962145835,168.87899982975796,1,1
1151,object,25496.614945265,50.742000894388184,117.46300151571631,36.86699710669927,3.6140008887741715,208.68600040557794,1,1
1152,object,25496.661179989,47.88099977304228,2.272998244734481,1.0850017133634537,6.2209983298089355,57.45999806094915,1,0
1153,object,25496.70628476,87.58699914324097,3.2560019462835044,1.91100116353482,11.169999197591096,103.9240014506504,1,0
1154,object,25496.751753242,171.33700021076947,7.050999556668103,6.015001417836174,29.48700057459064,213.8900017598644,1,0
1155,object,25496.796203036,50.52499909652397,2.3810025595594198,1.3190001482143998,6.123998900875449,60.34900070517324,1,0
1156,object,25496.841195906,54.99699909705669,2.264001523144543,1.1599986464716494,5.617999704554677,64.03899897122756,1,0
1157,object,25496.886204986,45.341999793890864,2.306001988472417,1.4269971870817244,5.686000804416835,54.76099977386184,1,0
1158,object,25496.93125414,72.09500108729117,4.781999450642616,2.8889990062452853,11.92600029753521,91.69199984171428,1,0
1159,object,25496.976213018,67.37399962730706,2.391003363300115,1.3069984561298043,6.391001079464331,77.46300252620131,1,0
1160,object,25497.021284315,51.91799937165342,1.9050021364819258,1.2379969120956957,7.038001058390364,62.09899947862141,1,0
1161,object,25497.066434949,128.76199980382808,5.228001100476831,3.46999877365306,13.177999790059403,150.63799946801737,1,0
1162,object,25497.111203769,45.19900176092051,1.7459969967603683,1.6560006770305336,5.656002031173557,54.25700146588497,1,0
1163,object,25497.156206124,60.06599869579077,2.949000190710649,2.7470014174468815,11.455998901510611,77.21799920545891,1,0
1164,object,25497.201183795,44.45199738256633,1.663000148255378,1.5220030036289245,5.780999345006421,53.41799987945706,1,0
1165,object,25497.24619533,53.191000915830955,2.3180000425782055,1.1999982234556228,6.3970001065172255,63.10599928838201,1,0
1166,object,25497.291278604,65.33299892907962,2.5750014174263924,1.4079996617510915,7.389000529656187,76.70500053791329,1,0
1167,object,25497.33618314,46.50199844036251,2.3510001483373344,1.1030024325009435,6.287998985499144,56.244000006699935,1,0
1168,object,25497.381171623,37.62399865081534,2.2079984773881733,1.396001607645303,4.80699964100495,46.034998376853764,1,0
1169,object,25497.426185201,46.28900205716491,2.2979984350968152,1.2420023267623037,5.857997166458517,55.686999985482544,1,0
1170,object,25497.471403133,95.04699846729636,5.014000635128468,3.1150011636782438,12.431999493855983,115.60799975995906,1,0
1171,object,25497.516207309,44.897002226207405,1.829997927416116,1.1779993656091392,5.808000423712656,53.712999942945316,1,0
1172,object,25497.519387478,29.756000003544614,92.32299998984672,25.888999516610056,2.459997631376609,150.427997141378,1,1
1173,object,25497.544702247,61.21399928815663,139.1040023008827,37.66599911614321,4.419998731464148,242.4039994366467,1,1
1174,object,25497.569548117,46.51099879993126,94.87200077273883,27.071000658906996,2.815999323502183,171.26999955507927,1,1
1175,object,25497.595585326,32.795000151963905,79.33600136311725,24.537999706808478,2.520999260013923,139.19000048190355,1,1
1176,object,25497.620369347,56.16899943561293,100.05399963119999,28.491998818935826,3.405999450478703,188.12099733622745,1,1
1177,object,25497.644779135,61.606999224750325,102.5220008159522,27.983998734271154,3.2140014809556305,195.3270002559293,1,1
1178,object,25497.671503087,34.62899985606782,109.43899906123988,29.168000764911994,2.9459988581947982,176.1819985404145,1,1
1179,object,25497.696184016,61.74200098030269,124.4589984708,39.60899994126521,3.787001332966611,229.5970007253345,1,1
1180,object,25497.722157817,63.378000049851835,131.53100007912144,46.335000661201775,4.692999937105924,245.93700072728097,1,1
1181,object,25497.746799804,62.5689972366672,111.28800178994425,35.0459995388519,4.122000973438844,213.0249995389022,1,1
1182,object,25497.77160696,35.25700230966322,103.60899977968074,25.32600046833977,2.4989967641886324,166.69099932187237,1,1
1183,object,25497.798795705,45.204000343801454,104.59099939907901,33.4270007442683,3.954999556299299,187.17700004344806,1,1
1184,object,25497.823637969,59.10100298933685,138.24999768985435,41.89500032225624,3.9139995351433754,243.16000053659081,1,1
1185,object,25497.849018457,52.475999837042764,107.22899969550781,40.72199953952804,3.1420022423844784,203.5690013144631,1,1
1186,object,25497.874474625,159.46499843266793,321.39999893843196,82.5160022941418,15.17000055173412,578.5510002169758,1,1
1187,object,25497.898858715,68.97200000821613,113.87699851184152,27.92599843814969,3.398003173060715,214.17300013126805,1,1
1188,object,25497.926162264,108.51299884961918,206.29600112442859,36.90499943331815,4.7050016291905195,356.41900103655644,1,1
1189,object,25497.950596029,57.05700095859356,105.65599950496107,37.046000215923414,4.1149978642351925,203.87399854371324,1,1
1190,object,25497.97595832,54.41400207928382,94.0629979595542,24.981000024126843,2.972999936901033,176.4309999998659,1,1
1191,object,25498.000546142,48.188998334808275,98.38700134423561,24.97500099707395,3.130000550299883,174.68100122641772,1,1
1192,object,25498.024929492,64.50300134019926,132.15599756222218,45.55200212053023,9.33599949348718,251.54700051643886,1,1
1193,object,25498.051973933,93.70099724037573,110.83100253017619,26.212997909169644,3.0900009733159095,233.83499865303747,1,1
1194,object,25498.076131789,42.1920012740884,92.23799861501902,24.895001843106,2.582000888651237,161.90700262086466,1,1
1195,object,25498.116345532,63.223000324796885,2.8980030037928373,13.313998351804912,6.103000487200916,85.53800216759555,1,0
1196,object,25498.161193914,45.61500099953264,2.124001184711233,1.1599986464716494,5.7729994296096265,54.67200026032515,1,0
1197,object,25498.206224994,89.46800153353252,3.7379977584350854,3.1560011848341674,14.310000551631674,110.67200102843344,1,0
1198,object,25498.246382872,83.04400034830905,153.4750008431729,48.678000894142315,4.647998139262199,289.84500022488646,1,1
1199,object,25498.270784992,54.85300061991438,114.93700003484264,39.19399750884622,4.053999873576686,213.03799803717993,1,1
1200,object,25498.295217032,60.200000007171184,122.08300177007914,43.66899884189479,4.404002538649365,230.35600315779448,1,1
1201,object,25498.323941422,75.61999882454984,146.92300101160072,27.87500125123188,5.5439995776396245,255.96200066502206,1,1
1202,object,25498.348461672,84.35699783149175,146.8920017941855,53.02399949869141,5.527999746846035,289.8009988712147,1,1
1203,object,25498.373165159,61.2639996688813,101.94500282523222,25.61499786679633,2.8620015655178577,191.6860019264277,1,1
1204,object,25498.398268573,64.11600043065846,125.70899707498029,44.725002226186916,4.368001100374386,238.91800083220005,1,1
1205,object,25498.422383306,51.96700294618495,85.00399781041779,26.878999051405117,2.6660018193069845,166.51600162731484,1,1
1206,object,25498.447586868,33.858003007480875,76.41800038982183,23.79399666097015,2.3270004021469504,136.3970004604198,1,1
1207,object,25498.474682882,75.0740000512451,139.85199984745122,36.89699951792136,4.430999979376793,256.25399939599447,1,1
1208,object,25498.498625613,47.43699901155196,97.72100020200014,24.021002900553867,2.744000084931031,171.923002199037,1,1
1209,object,25498.524540854,43.30899901106022,90.21700316225179,25.382996682310477,2.649001544341445,161.55800039996393,1,1
1210,object,25498.550024391,46.42600106308237,87.57699833950028,23.79600118729286,2.4219989427365363,160.22099953261204,1,1
1211,object,25498.574753425,46.72900104196742,88.53699910105206,25.87899871286936,2.7290006983093917,163.87399955419824,1,1
1212,object,25498.601550726,38.40699719148688,111.16899986518547,27.084999601356685,3.020002623088658,179.6809992811177,1,1
1213,object,25498.626017932,69.20399755472317,115.9189996542409,39.15400156984106,3.9849983295425773,228.2619971083477,1,1
1214,object,25498.650843794,70.807000156492,164.33000200777315,47.79499795404263,7.7930017141625285,290.7250018324703,1,1
1215,object,25498.675710092,88.31399827613495,252.0790003472939,118.54100011987612,10.332001693313941,469.2660004366189,1,1
1216,object,25498.70022456,92.32499724021181,259.38000180758536,109.97400022461079,4.96500069857575,466.6439999709837,1,1
1217,object,25498.726968756,76.70299964956939,146.30599980591796,30.42900061700493,3.602999640861526,257.0409997133538,1,1
1218,object,25498.7521856,48.56899977312423,120.33100210828707,32.898999052122235,2.763001248240471,204.562002181774,1,1
1219,object,25498.777960785,75.80400051665492,173.0010008031968,41.093000618275255,4.248999175615609,294.1470011137426,1,1
1220,object,25498.803174498,82.72000195574947,294.4919979199767,60.00400026096031,5.632999091176316,442.8489992278628,1,1
1221,object,25498.827190654,123.57699961285107,214.95500186574645,55.27000030269846,6.328999006655067,400.13100078795105,1,1
1222,object,25498.852945979,44.845000957138836,106.8559977284167,27.92899977066554,2.50100129051134,182.1309997467324,1,1
1223,object,25498.877864895,51.95500125410035,117.83399895648472,28.025999199599028,3.4040022001136094,201.2190016102977,1,1
1224,object,25498.92622276,47.24699829239398,2.1510022634174675,1.272997906198725,6.256999768083915,56.92799823009409,1,0
1225,object,25498.971190762,42.61099820723757,1.9840008462779224,2.209999365732074,6.360001862049103,53.16500028129667,1,0
1226,object,25499.016262123,102.3439981509,5.642999894917011,2.7000023692380637,13.927998224971816,124.6149986400269,1,0
1227,object,25499.047340794,59.60699854767881,166.33199993520975,63.984000007621944,5.918001988902688,295.8410004794132,1,1
1228,object,25499.07250421,45.52400059765205,90.7339999685064,25.666002329671755,2.597000275272876,164.52100317110308,1,1
1229,object,25499.096573897,37.305999285308644,84.88100138492882,26.45299900905229,2.6039997464977205,151.24399942578748,1,1
1230,object,25499.124446848,51.30700083100237,113.66900071152486,27.447997126728296,2.930002665380016,195.35400133463554,1,1
1231,object,25499.149773013,64.31200017686933,133.8969996140804,43.53700205683708,4.597997758537531,246.34399960632436,1,1
1232,object,25499.196213999,51.75800106371753,2.4600012693554163,1.219999830937013,6.815000233473256,62.253002397483215,1,0
1233,object,25499.241177097,48.345998948207125,2.08700294024311,1.0900002962443978,5.735997547162697,57.25899973185733,1,0
1234,object,25499.286184634,47.097000788198784,5.783000233350322,1.3060016499366611,6.292997568380088,60.479000239865854,1,0
1235,object,25499.295623413,43.6670015915297,89.99800047604367,27.38900002441369,2.773998858174309,163.82800095016137,1,1
1236,object,25499.321064341,39.307000406552106,82.70300168078393,24.05700070085004,2.501998096704483,148.56900088489056,1,1
1237,object,25499.345962399,60.68200309528038,97.90599870029837,23.919998056953773,2.9660004656761885,185.4740003182087,1,1
1238,object,25499.370385617,54.922998970141634,99.0270018519368,28.931000997545198,3.1999989005271345,186.08100072015077,1,1
1239,object,25499.396896469,49.72299939254299,105.55900007602759,27.518002752913162,2.9799994081258774,185.78000162960961,1,1
1240,object,25499.422094046,43.53400072432123,123.00399976084009,33.021999115590006,2.95300196739845,202.51300156814978,1,1
1241,object,25499.44643181,49.02599903289229,118.58400102937594,55.686999985482544,4.446999810170382,227.74399985792115,1,1
1242,object,25499.471029567,47.98399822902866,117.70299897762015,33.93100269022398,3.426997864153236,203.04499776102602,1,1
1243,object,25499.495394533,57.979999837698415,103.0469975376036,29.19500184361823,3.05399953504093,193.27599875396118,1,1
1244,object,25499.522630339,49.488997319713235,121.79200348327868,29.923998226877302,4.9340014811605215,206.13900051102974,1,1
1245,object,25499.547471594,46.01299951900728,90.91900210478343,36.49599966593087,3.855999239021912,177.2840005287435,1,1
1246,object,25499.573126016,55.57899930863641,177.16799993650056,45.05800097831525,4.968998837284744,282.77399906073697,1,1
1247,object,25499.598675757,65.26099969050847,138.751001941273,47.53599932882935,4.539000656222925,256.08700161683373,1,1
1248,object,25499.623085661,56.4520014449954,110.07099965354428,38.67100167553872,3.4379991120658815,208.63200188614428,1,1
1249,object,25499.649271472,86.17400089860894,164.26199726993218,56.67300138156861,9.61900150286965,316.7280010529794,1,1
1250,object,25499.67472629,59.1690004512202,117.97299885074608,39.21200186596252,3.1130002753343433,219.46700144326314,1,1
1251,object,25499.699877005,59.696998505387455,140.62799891689792,42.80100256437436,4.23399978899397,247.3599997756537,1,1
1252,object,25499.72535847,138.39500024914742,369.66999687138014,97.6230003288947,12.792002962669358,618.4800004120916,1,1
1253,object,25499.749719586,57.19099863199517,100.66300092148595,30.621999030699953,3.3280011848546565,191.80399976903573,1,1
1254,object,25499.7755081,117.34800136764534,168.81799820112064,38.89800063916482,5.145000613993034,330.20900082192384,1,1
1255,object,25499.802248669,67.90800034650601,136.68700194102712,29.26600063801743,3.7849968066439033,237.64599973219447,1,1
1256,object,25499.826621331,51.28399789100513,117.74200174841098,46.900997404009104,6.5349995566066355,222.46199660003185,1,1
1257,object,25499.851551473,52.026000048499554,95.70900147082284,26.48900044732727,3.9679980545770377,178.1920000212267,1,1
1258,object,25499.875998979,50.58999886387028,84.77400115225464,24.74999928381294,2.4889995984267443,162.6029988983646,1,1
1259,object,25499.900491257,57.54899757448584,88.60500020091422,25.314999220427126,3.183002263540402,174.65199925936759,1,1
1260,object,25499.929135144,84.43199840257876,149.77799946791492,45.600001612911,4.954999894835055,284.76499937823974,1,1
1261,object,25499.953525976,43.385000026319176,87.50499910092913,28.20399822667241,3.9900005504023284,163.08399790432304,1,1
1262,object,25499.979438686,51.06299795443192,94.10900020156987,26.22800093377009,3.1950003176461905,174.59499940741807,1,1
1263,object,25500.004044836,45.151999074732885,85.77499829698354,24.155000573955476,2.7140013116877526,157.79599925735965,1,1
1264,object,25500.027933644,40.46300091431476,99.85200085793622,26.13899778225459,2.7960013539996,169.25000090850517,1,1
1265,object,25500.054479382,47.510999138467014,99.11500092130154,27.796999347629026,3.2429998100269586,177.66599921742454,1,1
1266,object,25500.079132945,62.646999140270054,90.69400039152242,23.802000214345753,3.17399826599285,180.31699801213108,1,1
1267,object,25500.10397908,50.20800017518923,83.06699965032749,23.57500125071965,2.220000169472769,159.07000124570914,1,1
1268,object,25500.128904264,43.9690011262428,117.23300121957436,28.174999897601083,3.4000004234258085,192.77700266684406,1,1
1269,object,25500.153210925,41.544000850990415,83.12699719681405,23.55600008741021,2.5760018615983427,150.802999996813,1,1
1270,object,25500.179803667,47.21000004792586,89.96699762064964,25.162000383716077,2.8570029826369137,165.19600103492849,1,1
1271,object,25500.204827624,46.336001105373725,156.80900105508044,35.35100040608086,4.108998837182298,242.60500140371732,1,1
1272,object,25500.229949229,58.79300078959204,106.60399857442826,27.750000299420208,2.811000740621239,195.95800040406175,1,1
1273,object,25500.255897727,48.06700235349126,98.76699914457276,25.092998839681968,3.045002813450992,174.972003151197,1,1
1274,object,25500.280307435,35.60299956006929,79.04000085545704,24.612996639916673,2.672000846359879,141.92799790180288,1,1
1275,object,25500.304863153,43.39099905337207,83.48100163857453,29.499999072868377,2.668999513844028,159.040999278659,1,1
1276,object,25500.332078423,66.56199911958538,105.70399899734184,24.712000595172867,3.6940000427421182,200.6719987548422,1,1
1277,object,25500.356470468,40.97900091437623,97.10100130178034,28.366997867124155,2.2759995772503316,168.72299966053106,1,1
1278,object,25500.382427944,41.11899761483073,73.9150018489454,22.972999431658536,2.214997948613018,140.22199684404768,1,1
1279,object,25500.407145633,48.86500028078444,91.2670002435334,23.76100019318983,3.255001502111554,167.14800221961923,1,1
1280,object,25500.433120123,47.719997382955626,87.56800161791034,24.8910000664182,3.2759999157860875,163.45499898307025,1,1
1281,object,25500.459858935,117.27500168490224,206.57099958043545,79.9410008767154,10.03400029730983,413.8210024393629,1,1
1282,object,25500.484029093,83.07000098284334,119.92199870292097,26.457000785740092,4.692999937105924,234.14200040861033,1,1
1283,object,25500.509491698,59.58799738436937,105.50099977990612,28.44800110324286,3.354001819388941,196.8910000869073,1,1
1284,object,25500.534082283,70.38300100248307,108.68999743252061,34.0389997290913,3.512002876959741,216.62400104105473,1,1
1285,object,25500.558431216,49.5550011692103,97.26999996928498,27.565998607315123,3.07400114252232,177.46500088833272,1,1
1286,object,25500.586117338,62.10100036696531,142.77999798650853,53.32300133886747,5.1220013119746,263.3260010043159,1,1
1287,object,25500.610613378,51.816998166032135,94.73699901718646,23.85000334470533,2.620996383484453,173.02499691140838,1,1
1288,object,25500.63575623,82.49000165960751,193.84499682928436,62.063001678325236,6.336998922051862,344.73499908926897,1,1
1289,object,25500.660493764,86.75299977767281,166.54800128890201,48.26299846172333,4.726000042865053,306.2899995711632,1,1
1290,object,25500.684560018,45.80700260703452,103.82799882791005,27.762998797697946,3.307999577373266,180.70599981001578,1,1
1291,object,25500.709741002,48.45500006922521,86.0780019138474,24.76099689374678,2.725002559600398,162.01900143641979,1,1
1292,object,25500.736126577,85.3689998621121,128.4930003748741,40.55399767821655,4.342000465840101,258.75799838104285,1,1
1293,object,25500.760147665,37.93599898926914,81.95999907911755,25.350000214530155,3.7179997889325023,148.96399807184935,1,1
1294,object,25500.786452271,37.43799970834516,93.78499817103148,26.292000256944448,2.586999471532181,160.10199760785326,1,1
1295,object,25500.81094125,46.870998630765826,95.13300028629601,24.607001250842586,3.0459996196441352,169.65699978754856,1,1
1296,object,25500.83509522,40.567996620666236,91.96900282404386,27.64499731711112,2.6460002118255943,162.8279969736468,1,1
1297,object,25500.863069662,29.991002520546317,75.52500028396025,24.023996957112104,2.2190033632796258,131.7590031248983,1,1
1298,object,25500.887443089,52.048002544324845,93.00300007453188,27.430996851762757,3.1410017982125282,175.623001268832,1,1
1299,object,25500.913159773,61.03899795562029,98.98600183078088,25.673998607089743,3.3569995139259845,189.0559979074169,1,1
1300,object,25500.937447711,34.830001823138446,80.41799810598604,25.119999918388203,2.7099995349999517,143.07799938251264,1,1
1301,object,25500.962342076,58.63700062036514,129.78900122107007,41.347997466800734,4.544999683275819,234.31899899151176,1,1
1302,object,25500.989584141,96.37000039219856,221.96899953996763,50.6370015500579,7.599999662488699,376.5760011447128,1,1
1303,object,25501.014143261,45.45800038613379,91.97100007440895,27.227000828133896,3.196997568011284,167.85299885668792,1,1
1304,object,25501.056226271,64.14299787138589,3.746001311810687,2.0789993868675083,8.105998858809471,78.07399742887355,1,0
1305,object,25501.101227277,48.142002924578264,1.9889994291588664,1.1470001481939107,6.021000444889069,57.29900294682011,1,0
1306,object,25501.146248409,50.3169976582285,1.9990002328995615,1.309999788645655,6.144000508356839,59.76999818813056,1,0
1307,object,25501.191194758,45.63499896903522,1.820000761654228,1.1829979484900832,6.184000085340813,54.82199776452035,1,0
1308,object,25501.236167319,52.71500049275346,1.8169994291383773,1.3140015653334558,5.761998181696981,61.607999668922275,1,0
1309,object,25501.281197943,46.49999755201861,1.9740000425372273,1.3280005077831447,5.583002348430455,55.38500045076944,1,0
1310,object,25501.326245735,72.39800106617622,2.4609980755485594,1.6990015865303576,5.6489989219699055,82.20699965022504,1,0
1311,object,25501.371245326,57.43599831475876,2.176999259972945,1.276999682886526,6.686001142952591,67.57599840057082,1,0
1312,object,25501.385528742,98.81499863695353,176.9400005287025,56.365999625995755,5.029000021750107,337.1499988134019,1,1
1313,object,25501.411354622,42.49300036462955,123.06599819567055,30.859002436045557,3.3619980968069285,199.77999909315258,1,1
1314,object,25501.436474224,93.42300108983181,128.26699821744114,33.038999390555546,4.41300289821811,259.1420015960466,1,1
1315,object,25501.462571703,36.09800114645623,79.66799967107363,24.257999029941857,2.3310021788347512,142.35500202630647,1,1
1316,object,25501.487610052,48.759997298475355,93.2160000957083,25.716002710396424,3.392997314222157,171.08499741880223,1,1
1317,object,25501.515268799,46.37899837689474,110.25600178982131,38.138998206704855,4.184999852441251,198.95899822586216,1,1
1318,object,25501.53981564,45.50800076685846,112.30199743295088,44.83700104174204,4.069999704370275,206.71699894592166,1,1
1319,object,25501.565044146,56.370001402683556,95.26600115350448,37.32199911610223,7.434999133693054,196.39300080598332,1,1
1320,object,25501.590306649,159.91500185918994,232.7090005564969,53.462998039321974,8.170001819962636,454.25700227497146,1,1
1321,object,25501.615331635,53.51700019673444,108.32000043592416,35.5869997292757,4.855999577557668,202.27999993949197,1,1
1322,object,25501.641308026,89.65700180851854,143.1969976692926,36.0690028173849,3.977998858317733,272.9010011535138,1,1
1323,object,25501.667409581,54.295996960718185,127.59800301864743,33.55199805810116,4.485998942982405,219.93199698044918,1,1
1324,object,25501.691510719,38.629001210210845,85.49699850846082,25.713001377880573,2.459997631376609,152.29899872792885,1,1
1325,object,25501.716775439,54.30999954114668,114.9990021076519,42.06899757264182,3.21100014843978,214.58899936988018,1,1
1326,object,25501.741576338,124.4569975824561,193.56900156708434,62.787999922875315,6.097998266341165,386.9119973387569,1,1
1327,object,25501.76564019,37.37700171768665,80.29699893086217,24.748002033447847,2.5669978640507907,144.98900054604746,1,1
1328,object,25501.793555364,31.495997973252088,77.77000064379536,23.702999897068366,2.6790003175847232,135.64799883170053,1,1
1329,object,25501.818317212,49.350997869623825,100.43400106951594,25.889999960782006,3.1179988582152873,178.79299775813706,1,1
1330,object,25501.844025482,89.53799988375977,236.138999753166,73.52199827437289,7.728998753009364,406.927996664308,1,1
1331,object,25501.868439208,59.20600233366713,139.43699741503224,43.869000364793465,4.251000063959509,246.76300017745234,1,1
1332,object,25501.89278045,45.256998419063166,85.99799912190065,24.09200169495307,2.7229980332776904,158.06999726919457,1,1
1333,object,25501.919382473,55.14000076800585,94.88800060353242,27.098998543806374,2.9520015232264996,180.07900143857114,1,1
1334,object,25501.943769365,32.57500065956265,79.60400034789927,24.428998585790396,2.46399940806441,139.07199900131673,1,1
1335,object,25501.969386962,51.248000090708956,96.85400073067285,28.164002287667245,3.297998773632571,179.56400188268162,1,1
1336,object,25501.994309823,43.30199953983538,83.55600220966153,23.77499913563952,2.8510003176052123,153.48400120274164,1,1
1337,object,25502.020455324,42.85600152797997,86.83199848746881,24.974000552901998,2.7050009521190077,157.36700152046978,1,1
1338,object,25502.047827629,30.37199712707661,76.01700053783134,25.892000849125907,2.310000127181411,134.59099864121526,1,1
1339,object,25502.072424367,46.97699841926806,93.43100100522861,26.958998205373064,3.0240007617976516,170.39099839166738,1,1
1340,object,25502.097795882,58.9279989071656,127.78000018442981,64.01599966920912,4.565001290757209,255.28900005156174,1,1
1341,object,25502.122671154,36.5999985660892,78.34700227249414,23.13900040462613,2.281998604303226,140.3679998475127,1,1
1342,object,25502.147295936,44.67899998417124,87.72200089879334,24.87500023562461,3.0999981390777975,160.375999257667,1,1
1343,object,25502.172827037,45.49000004772097,103.30900113331154,39.06399797415361,4.763998731505126,192.62699788669124,1,1
1344,object,25502.19987441,59.03300188947469,125.58600064949133,40.607999835629016,3.6390010791365057,228.86600345373154,1,1
1345,object,25502.225614408,65.91900091734715,133.76000060816295,48.96199970971793,4.899000487057492,253.54000172228552,1,1
1346,object,25502.251152015,76.97700129938312,129.77099686395377,46.20700201485306,4.665998858399689,257.62099903658964,1,1
1347,object,25502.275517481,50.85699740448035,113.32000212860294,39.998998545343056,3.7630015867762268,207.93899966520257,1,1
1348,object,25502.300067708,47.15999966720119,91.39000030700117,25.673998607089743,3.287001163698733,167.51099974499084,1,1
1349,object,25502.326703131,50.93500294606201,97.17199645820074,25.038003514055163,2.949996996903792,176.0949999152217,1,1
1350,object,25502.351263348,48.278001486323774,94.5329993555788,29.56100070150569,3.3010001061484218,175.67300164955668,1,1
1351,object,25502.406302217,50.54400025983341,2.3709981178399175,1.2109994713682681,5.900001269765198,60.025999118806794,1,0
1352,object,25502.451384637,74.08400051645003,3.668999852379784,2.001001121243462,8.86499765329063,88.61899914336391,1,0
1353,object,25502.496282894,60.67999856895767,3.2470015867147595,2.0379993657115847,6.628000846831128,72.59300036821514,1,0
1354,object,25502.497124027,43.46200148575008,171.43000150099397,50.981998356292024,5.974001396680251,271.8480027397163,1,1
1355,object,25502.52203429,106.78400212782435,182.24299856228754,48.80699998466298,5.893998604733497,343.72799927950837,1,1
1356,object,25502.546025256,44.52299981494434,84.14799958700314,23.520999093307182,2.5410008674953133,154.73299936274998,1,1
1357,object,25502.570823231,52.54099960438907,97.51200195751153,24.952998501248658,15.502999303862453,190.5089993670117,1,1
1358,object,25502.598522734,47.376001020893455,98.2429992291145,26.633999368641526,3.331002517370507,175.58400213602,1,1
1359,object,25502.623598685,40.627000998938456,81.06399764074013,30.389001040020958,2.564000169513747,154.6439998492133,1,1
1360,object,25502.649648634,33.055999665521085,76.98799890931696,23.722001060377806,2.1759988158009946,135.94199845101684,1,1
1361,object,25502.674603914,56.904998928075656,108.6249976651743,33.994001569226384,4.071000148542225,203.59499831101857,1,1
1362,object,25502.699114153,46.95999814430252,88.50000085658394,29.09300019382499,3.787998139159754,168.3409973338712,1,1
1363,object,25502.726210851,59.858000895474106,126.68099952861667,39.66199801652692,4.355002602096647,230.55600104271434,1,1
1364,object,25502.750306862,49.098001909442246,98.53699884843081,39.446000300813466,19.177001377101988,206.2580024357885,1,1
1365,object,25502.775612517,49.457998102298006,89.46800153353252,24.24799822620116,3.106000804109499,166.27999866614118,1,1
1366,object,25502.800133062,40.04700167570263,92.30399882653728,24.840999685693532,2.5459994503762573,159.7379996383097,1,1
1367,object,25502.825536956,49.983002099907026,100.70499774883501,25.630000891396776,2.9049988370388746,179.2229995771777,1,1
1368,object,25502.852077359,49.3180014018435,109.38500054180622,26.01699816295877,3.3760006772354245,188.09600078384392,1,1
1369,object,25502.876087357,45.83600093610585,93.31099863629788,26.95700095500797,2.606000634841621,168.71000116225332,1,1
1370,object,25502.900705309,63.18300074781291,121.213000966236,45.35200059763156,4.972996975993738,234.7209992876742,1,1
1371,object,25502.92612894,57.43800284108147,115.70999777177349,39.7020012314897,4.899000487057492,217.74900233140215,1,1
1372,object,25502.950255356,37.236997741274536,79.4810002844315,23.830001737223938,2.6950001483783126,143.2429999113083,1,1
1373,object,25502.979213411,33.88100230949931,83.22399662574753,26.498000806896016,2.577002305770293,146.18000204791315,1,1
1374,object,25503.004436296,45.61799869406968,98.19100159802474,27.032001526094973,2.7479982236400247,173.58900004182942,1,1
1375,object,25503.030129428,48.172998504014686,90.66600250662304,27.40499985520728,2.8129979909863323,169.05699885683134,1,1
1376,object,25503.055860492,41.63999983575195,84.07199857174419,31.233001209329814,2.6460002118255943,159.59099982865155,1,1
1377,object,25503.080412378,62.631999753648415,119.07800217159092,39.907998143462464,3.6470009945333004,225.2650010632351,1,1
1378,object,25503.104594889,97.50500248628668,164.87500033690594,27.067999326391146,4.393998096929863,293.84200024651363,1,1
1379,object,25503.132199953,55.88199928752147,97.60299872141331,28.769001801265404,3.2520001695957035,185.5059999797959,1,1
1380,object,25503.156554712,29.741000616922975,86.56399950268678,25.52799924160354,2.0609986677300185,143.89399802894332,1,1
1381,object,25503.182096821,77.09399869781919,128.3230012631975,45.51399979391135,4.100998921785504,255.03199867671356,1,1
1382,object,25503.205852212,32.94500129413791,78.07599831721745,23.281001631403342,2.7089990908280015,137.0110003335867,1,1
1383,object,25503.232288055,39.934002415975556,88.85900024324656,26.612997316988185,2.4620021576993167,157.8680021339096,1,1
1384,object,25503.258353092,50.83600262878463,94.27300028619356,28.309998015174642,2.7610003598965704,176.1800012900494,1,1
1385,object,25503.283591529,59.99699715175666,119.62099961237982,40.11800047010183,4.180001269560307,223.91599850379862,1,1
1386,object,25503.309913623,58.24399704579264,121.60300320829265,28.231999749550596,3.1050003599375486,211.18400036357343,1,1
1387,object,25503.334350885,92.22600056091323,210.67599664092995,79.06200335128233,6.951999239390716,388.91599979251623,1,1
1388,object,25503.359769912,125.15499838627875,361.3580011005979,125.03499965532683,11.660002201097086,623.2080013433006,1,1
1389,object,25503.387510416,69.1050008754246,117.8780003101565,30.969000363256782,4.084999090991914,222.03700063982978,1,1
1390,object,25503.4119116,58.09700087411329,187.17899729381315,69.13200195413083,10.230000043520704,324.638000165578,1,1
1391,object,25503.437875254,121.71599883004092,238.22700313758105,40.88599962415174,7.431997801177204,408.2609993929509,1,1
1392,object,25503.462366103,39.33100015274249,93.96000314154662,24.631997803226113,2.2810017981100827,160.2040028956253,1,1
1393,object,25503.486596583,31.57199898851104,79.44300159579143,23.8799984799698,2.020002284552902,136.91500134882517,1,1
1394,object,25503.513681336,50.18999945605174,118.61700113513507,30.40699812117964,3.168999683111906,202.38299839547835,1,1
1395,object,25503.538203972,49.026002670871094,105.20700016058981,26.60799873410724,3.1419986044056714,183.98300016997382,1,1
1396,object,25503.562839829,36.890000046696514,83.28699914272875,26.66600266820751,4.024997906526551,150.86799976415932,1,1
1397,object,25503.587884535,59.766000049421564,91.62799688056111,29.586000891868025,2.595999831100926,183.57599765295163,1,1
1398,object,25503.612297622,39.88200114690699,83.76600089832209,25.500998162897304,2.962999133160338,152.11199934128672,1,1
1399,object,25503.638767294,39.637001464143395,92.90799789596349,24.36800059513189,3.0560004233848304,159.9690003786236,1,1
1400,object,25503.664100282,43.714000639738515,84.80199903715402,23.93800241407007,3.8529979065060616,156.30699999746867,1,1
1401,object,25503.689042323,60.185000620549545,130.50599955022335,48.661000619176775,4.613000783137977,243.96500157308765,1,1
1402,object,25503.713921843,32.502000976819545,91.17499939748086,24.95800072210841,2.3319989850278944,150.9670000814367,1,1
1403,object,25503.7381946,56.05000114883296,103.20599903934635,27.11300112423487,3.569999535102397,189.93900084751658,1,1
1404,object,25503.762808381,64.32199734263122,121.29300012020394,53.34300294634886,4.639998223865405,243.59799863304943,1,1
1405,object,25503.789242055,46.35199729818851,95.72800263413228,24.393997591687366,2.844000846380368,169.31799837038852,1,1
1406,object,25503.813423143,43.21499727666378,84.30000161752105,23.566000891150907,3.3659998734947294,154.44699965883046,1,1
1407,object,25503.839422661,57.75599856860936,123.39000022620894,54.94000288308598,3.7229983718134463,239.80900004971772,1,1
1408,object,25503.864382464,59.43200085312128,122.0459998876322,39.049002225510776,3.5909979487769306,224.1180009150412,1,1
1409,object,25503.889049287,59.05599755351432,114.64999988675117,38.41400030069053,4.0000013541430235,216.11999909509905,1,1
1410,object,25503.91742453,53.925003157928586,109.61499719996937,24.50499960104935,3.012002707691863,191.05700266663916,1,1
1411,object,25503.94121594,33.32399865030311,81.5860003058333,23.55399919906631,2.5240005925297737,140.9879987477325,1,1
1412,object,25503.966750379,34.4340005540289,86.75599747220986,27.45900201261975,2.8949980332981795,151.54399807215668,1,1
1413,object,25503.991437242,55.900000006658956,116.26400009845383,30.60400194954127,2.9849979910068214,205.75300004566088,1,1
1414,object,25504.0154349,39.27099896827713,83.17299943882972,24.029999622143805,2.653003321029246,149.1270013502799,1,1
1415,object,25504.042483757,33.02000186522491,81.91999950213358,23.720000172033906,2.330998540855944,140.99100008024834,1,1
1416,object,25504.067998122,72.5820027582813,123.26899741310626,50.40900214225985,4.556997737381607,250.81700005102903,1,1
1417,object,25504.093662964,65.42000119225122,134.34900029096752,43.06700066081248,4.379999154480174,247.2160012985114,1,1
1418,object,25504.118016486,49.889997171703726,83.4439997561276,24.69800165272318,2.378001227043569,160.40999980759807,1,1
1419,object,25504.142220237,48.15200009034015,99.46799764293246,29.912000172771513,3.650999133242294,181.18299703928642,1,1
1420,object,25504.168484262,89.54099757829681,109.51000149361789,27.860998670803383,3.110999386990443,230.02299712970853,1,1
1421,object,25504.195460052,46.5279990748968,96.83399912319146,25.68499985500239,2.8850008675362915,171.93199892062694,1,1
1422,object,25504.219893319,56.07399725704454,153.92800196423195,31.301999115385115,4.892001015832648,246.19599935249425,1,1
1423,object,25504.245968325,120.7389977935236,205.29900211840868,51.782997616101056,6.943002517800778,384.7640000458341,1,1
1424,object,25504.271329829,46.79300036514178,100.93400123878382,25.499997718725353,2.9700022423639894,176.19700156501494,1,1
1425,object,25504.297236958,49.250000301981345,135.13900194084272,47.43799945572391,4.107001586817205,235.93400328536518,1,1
1426,object,25504.324284781,166.40700050629675,154.97899948968552,26.727000658866018,3.7059980968479067,351.8189987516962,1,1
1427,object,25504.34902978,51.17499676998705,91.74000297207385,25.17999746487476,3.2860007195267826,171.38099792646244,1,1
1428,object,25504.373758248,35.23499981383793,82.02100070775487,24.83800199115649,2.6649977371562272,144.7590002499055,1,1
1429,object,25504.398609979,45.2089989266824,85.80899884691462,23.947999579831958,2.6760026230476797,157.64199997647665,1,1
1430,object,25504.422894544,38.52100053336471,93.5909993131645,27.07399835344404,2.782999217743054,161.9689974177163,1,1
1431,object,25504.449493818,52.9589997313451,101.32900206372142,30.226998205762357,3.321001713629812,187.8360017144587,1,1
1432,object,25504.475459085,73.33500252570957,140.99899999564514,43.68800000520423,4.430999979376793,262.45300250593573,1,1
1433,object,25504.50135395,50.85800148663111,97.99899999052286,29.4679994112812,3.326000296510756,181.65100118494593,1,1
1434,object,25504.525846661,47.83700205734931,116.90899918903597,36.91899837576784,2.691002009669319,204.35600163182244,1,1
1435,object,25504.549988896,57.47600152972154,95.64699939801358,23.919998056953773,2.998000127263367,180.04099911195226,1,1
1436,object,25504.577184946,105.99199958960526,339.0580022823997,37.24699854501523,8.545001037418842,490.842001454439,1,1
1437,object,25504.601160102,62.67799835768528,124.945003335597,30.14299727510661,3.069002559641376,220.83500152803026,1,1
1438,object,25504.625844631,46.042001486057416,92.71599992644042,34.38099884078838,3.1650015444029123,176.30400179768912,1,1
1439,object,25504.650610962,53.194002248346806,97.56399958860129,25.04199801478535,3.187000402249396,178.98700025398284,1,1
1440,object,25504.674766478,31.892999686533585,74.37999738613144,23.51900184294209,2.615000994410366,132.40699991001748,1,1
1441,object,25504.700584756,65.66099909832701,125.28700244729407,36.141998862149194,3.9430015021935105,231.0330019099638,1,1
1442,object,25504.72748439,57.356999604962766,112.58899758104235,29.278002330102026,3.963999915868044,203.1879994319752,1,1
1443,object,25504.751783428,46.22499909601174,89.20799882616848,26.379002520116046,3.240998921683058,165.05299936397932,1,1
1444,object,25504.777204447,80.31499964999966,120.45300172758289,31.87899710610509,4.108002030989155,236.7550005146768,1,1
1445,object,25504.802380003,47.502002416877076,92.23400047631003,26.911999157164246,2.9389993869699538,169.5870014373213,1,1
1446,object,25504.826956021,120.53099999320693,236.33100136066787,81.80599979823455,10.592000762699172,449.2600019148085,1,1
1447,object,25504.854192601,66.93099930998869,135.00000204658136,26.133999199373648,3.124998329440132,231.18999888538383,1,1
1448,object,25504.879947943,49.89799708710052,106.56700032996014,36.01800199248828,4.461999196792021,196.94499860634096,1,1
1449,object,25504.908483132,57.27800089516677,108.6429983843118,30.422001145780087,3.1230010790750384,199.4660015043337,1,1
1450,object,25504.933906734,40.86400076630525,97.06499986350536,26.423000235809013,3.0319970392156392,167.38399790483527,1,1
1451,object,25504.962379571,94.01599891134538,218.88600167585537,96.09799963072874,10.06800084724091,419.0680010651704,1,1
1452,object,25504.986090152,36.31999788922258,107.96500282594934,27.897000109078363,3.3809992601163685,175.56300008436665,1,1
1453,object,25505.011076489,61.259997892193496,96.80999937700108,26.24900298542343,3.9759979699738324,188.29499822459184,1,1
1454,object,25505.035741833,47.983001422835514,88.1000014487654,23.81299782427959,2.5469998945482075,162.4430005904287,1,1
1455,object,25505.05994558,51.21600042912178,139.55900067230687,25.346998882014304,2.9190014174673706,219.04100140091032,1,1
1456,object,25505.08424371,58.57699943589978,103.95000208518468,24.447999749099836,2.681998012121767,189.65699928230606,1,1
1457,object,25505.112106274,235.43300267192535,276.364000455942,44.077998609282076,6.695998308714479,562.5710000458639,1,1
1458,object,25505.13583196,48.40800102101639,103.9909984683618,47.62800017488189,3.9289989217650145,203.9559985860251,1,1
1459,object,25505.160590443,160.0380019226577,216.4839970646426,78.21700273780152,9.200997737934813,463.93999946303666,1,1
1460,object,25505.184940984,35.49800021573901,88.81100075086579,23.42899824725464,2.2260028345044702,149.9640020483639,1,1
1461,object,25505.209247708,72.105998697225,157.38100046291947,57.4570003664121,5.826001142850146,292.7700006694067,1,1
1462,object,25505.234174111,48.073001380544156,136.57599993166514,26.83099955902435,3.207998815923929,214.68799968715757,1,1
1463,object,25505.261274435,121.40499893575907,238.11600112821907,50.13699774281122,4.879002517554909,414.53700032434426,1,1
1464,object,25505.285913044,64.2790000711102,119.92299914709292,23.73100141994655,2.7189998945686966,210.65200053271838,1,1
1465,object,25505.311483733,41.89000173937529,83.11499914270826,24.483000743202865,2.9699986043851823,152.4580002296716,1,1
1466,object,25505.335898051,38.13000148511492,100.46199895441532,26.617999537847936,2.6610032364260405,167.87100321380422,1,1
1467,object,25505.360839426,45.26900011114776,85.7720006024465,24.632998247398064,2.7800015232060105,158.45400048419833,1,1
1468,object,25505.387797533,60.91899922466837,123.28100274316967,53.09100015438162,5.765999958384782,243.05700208060443,1,1
1469,object,25505.412612051,47.88899968843907,95.52000119583681,30.308998248074204,3.239998477511108,176.9579976098612,1,1
1470,object,25505.43797774,52.24300184636377,98.31200077314861,24.86799712642096,2.4850014597177505,177.9080012056511,1,1
1471,object,25505.462717873,46.67000030167401,87.81900032772683,25.768000341486186,3.025998012162745,163.28299898304977,1,1
1472,object,25505.488686511,45.58100044960156,84.74000060232356,23.67500201216899,2.562999725341797,156.5590027894359,1,1
1473,object,25505.515384059,61.954000557307154,168.76700101420283,37.756999518023804,4.877998435404152,273.35599952493794,1,1
1474,object,25505.53981066,44.54000008990988,84.09699876210652,24.237000616267323,2.74099875241518,155.6149982206989,1,1
1475,object,25505.565477496,64.57900235545821,125.02999743446708,40.246002754429355,4.082998202648014,233.93800074700266,1,1
1476,object,25505.589873566,37.259000237099826,80.77599704847671,30.891002097632736,2.3979991965461522,151.32399857975543,1,1
1477,object,25505.614453758,48.70599877904169,96.10599954612553,26.36499993968755,2.8340000426396728,174.01099830749445,1,1
1478,object,25505.641892881,64.14800009224564,158.31499695195816,28.14100298564881,3.958997695008293,254.5629977248609,1,1
1479,object,25505.666379818,43.277999793644994,87.57599789532833,28.487000236054882,2.7080022846348584,162.04900020966306,1,1
1480,object,25505.691748218,38.65699909511022,109.84300024574623,30.433999199885875,2.8750000637955964,181.80899860453792,1,1
1481,object,25505.717094677,50.1810027344618,96.14900045562536,28.927999665029347,3.040997398784384,178.29900025390089,1,1
1482,object,25505.742009626,57.57500184699893,104.49799810885452,32.35199983464554,4.084002284798771,198.50900207529776,1,1
1483,object,25505.76894188,86.8460010678973,141.17099999566562,39.27199941244908,4.675999662140384,271.9650001381524,1,1
1484,object,25505.793377525,63.33500277833082,172.53399710170925,29.133003408787772,3.6609999369829893,268.6630032258108,1,1
1485,object,25505.817896357,65.74500002898276,177.55500084604137,58.813999203266576,5.2150026021990925,307.3290026804898,1,1
1486,object,25505.842819481,59.68400000710972,132.64099834486842,45.152999518904835,4.233002982800826,241.7110008536838,1,1
1487,object,25505.866873263,59.11300104344264,140.54100029170513,44.06199877848849,4.559002263704315,248.27500237734057,1,1
1488,object,25505.89102738,50.82500138087198,91.92200013785623,24.14700065855868,3.2129973988048732,170.10699957609177,1,1
1489,object,25505.918870438,46.054999984335154,105.13800225453451,27.094996767118573,3.0460032576229423,181.33400226361118,1,1
1490,object,25505.943641396,47.36499977298081,88.21400115266442,25.004999770317227,2.649998350534588,163.23399904649705,1,1
1491,object,25505.970528851,106.612998933997,212.55400133668445,41.593997593736276,6.229001883184537,366.98999974760227,1,1
1492,object,25505.995153667,75.26300032623112,106.99999984353781,30.3899978462141,4.207002348266542,216.86000036424957,1,1
1493,object,25506.019448067,54.612999520031735,105.77700231806375,30.141000024741516,3.4899967431556433,194.02099860599265,1,1
1494,object,25506.048667035,64.32499867514707,138.34900164511055,31.090999982552603,3.5900011425837874,237.355001445394,1,1
1495,object,25506.07249862,48.941001296043396,98.35599848884158,33.5769982484635,2.611002855701372,183.48500088904984,1,1
1496,object,25506.097373091,36.19099879870191,83.7359984871,26.66500222403556,2.535998646635562,149.12799815647304,1,1
1497,object,25506.123406339,73.30800144700333,119.66199963353574,30.745999538339674,3.821998689090833,227.53799930796959,1,1
1498,object,25506.147980736,49.29900023853406,92.73099931306206,26.820998755283654,3.255001502111554,172.10599980899133,1,1
1499,object,25506.175732984,54.45300121209584,106.91399802453816,29.71800131490454,3.2469979487359524,194.3319985002745,1,1
1500,object,25506.200044255,46.07299706549384,92.04200250678696,25.662000552983955,2.7479982236400247,166.52499834890477,1,1
1501,object,25506.225645409,47.497000196017325,89.18900130083784,26.032001187559217,2.676999429240823,165.3950021136552,1,1
1502,object,25506.250298115,41.110000893240795,87.24999861442484,25.199002266163006,2.5859990273602307,156.14500080118887,1,1
1503,object,25506.274629797,46.401997678913176,84.62200275971554,24.18899748590775,3.0860028346069157,158.29900075914338,1,1
1504,object,25506.303532789,37.84500222536735,103.17999840481207,29.070000891806558,3.516997821861878,173.61199934384786,1,1
1505,object,25506.32884613,75.61999882454984,126.0210010514129,30.61499955947511,3.5150005714967847,235.77100000693463,1,1
1506,object,25506.353769569,34.99100057524629,80.44000060181133,24.586999643361196,2.2370004444383085,142.25500126485713,1,1
1507,object,25506.379903462,92.96500138589181,165.60699805268086,56.65300341206603,5.786998372059315,321.012001222698,1,1
1508,object,25506.403412501,42.85199975129217,87.44699880480766,28.70699972845614,3.1609997677151114,162.16699805227108,1,1
1509,object,25506.430617687,83.76400000997819,243.59300005016848,138.96699965698645,10.925999958999455,477.2499996761326,1,1
1510,object,25506.455904687,46.25699875759892,107.6379994628951,22.991000150796026,2.911001502070576,179.79699987336062,1,1
1511,object,25506.48061536,45.89099989971146,89.1679992491845,24.33600093354471,2.46299896389246,161.85799904633313,1,1
1512,object,25506.506076769,41.98899841867387,84.2139997985214,24.61800249875523,2.3799984774086624,153.20099919335917,1,1
1513,object,25506.530991981,71.28400102374144,89.22900087782182,24.086999474093318,2.6189991331193596,187.21900050877593,1,1
1514,object,25506.555646373,83.91099981963634,205.22200065897778,94.52000085730106,7.618000381626189,391.27100171754137,1,1
1515,object,25506.584479213,37.63799759326503,88.93300037016161,28.481001209001988,3.206001565558836,158.25800073798746,1,1
1516,object,25506.608850012,36.55700129456818,79.53599924803711,23.445001716027036,2.6809975679498166,142.21899982658215,1,1
1517,object,25506.635521148,50.48399907536805,104.94199887034483,30.9470015054103,4.319001163821667,190.69200061494485,1,1
1518,object,25506.660236105,56.003002100624144,120.97299986635335,44.75799869396724,4.25400139647536,225.9880020574201,1,1
1519,object,25506.684380477,45.32000093604438,125.26799764600582,41.4890018873848,3.722001565620303,215.7990020350553,1,1
1520,object,25506.713518209,56.90000034519471,132.36000086180866,38.18700133706443,3.868997737299651,231.31600028136745,1,1
1521,object,25506.738555116,86.18100036983378,179.64300059247762,51.49699791218154,5.148001946508884,322.4690008210018,1,1
1522,object,25506.76427156,127.05900007858872,284.6229981514625,61.54899892862886,6.1300015659071505,479.36099872458726,1,1
1523,object,25506.788327781,41.248000343330204,103.6120011121966,38.743997720303014,3.2850002753548324,186.88899945118465,1,1
1524,object,25506.812650541,60.776001191698015,146.0860003135167,44.402997446013615,4.470999556360766,255.7359985075891,1,1
1525,object,25506.842642608,88.54699990479276,241.23600087477826,76.04299753438681,8.974002412287518,414.80000072624534,1,1
1526,object,25506.866652253,55.47199907596223,127.4009991902858,31.655003112973645,4.820998583454639,219.34899996267632,1,1
1527,object,25506.892601348,78.00899766152725,241.23600087477826,57.91600051452406,5.671998223988339,382.8329972748179,1,1
1528,object,25506.917330624,72.1929973224178,140.03300020704046,47.01200305134989,6.456997653003782,265.69499823381193,1,1
1529,object,25506.942849897,44.993998017162085,86.73900083522312,31.373001547763124,3.8439975469373167,166.94999794708565,1,1
1530,object,25506.970397206,42.44099909556098,88.14899774733931,25.22600334486924,2.5569970603100955,158.37299724807963,1,1
1531,object,25506.995223556,68.65899922559038,125.65499855554663,41.73799970885739,4.396999429445714,240.4489969194401,1,1
1532,object,25507.020232023,54.544001613976434,100.13200153480284,29.942999390186742,3.6450001061894,188.26400264515541,1,1
1533,object,25507.045020809,47.25399776361883,109.14700033026747,39.54100247938186,3.4049990063067526,199.3469995795749,1,1
1534,object,25507.069541929,57.166002079611644,104.35099829919636,23.86699998169206,3.0760020308662206,188.4600023913663,1,1
1535,object,25507.09450727,44.20899858814664,89.57400132203475,26.270998205291107,2.9610018827952445,163.01499999826774,1,1
1536,object,25507.121286604,50.114998884964734,88.4080000105314,24.06999919912778,2.8710019250866026,165.4640000197105,1,1
1537,object,25507.1463292,30.880997655913234,77.90100062265992,22.84500078530982,2.4319997464772314,134.0589988103602,1,1
1538,object,25507.171264265,53.97499990067445,107.92099783429876,29.102000553393736,2.8559989004861563,193.8539971888531,1,1
1539,object,25507.195895392,38.20399797405116,88.62500180839561,28.310998459346592,2.8790018404833972,158.01900008227676,1,1
1540,object,25507.220107816,44.47099854587577,86.15200204076245,23.765998776070774,2.4140026653185487,156.80300202802755,1,1
1541,object,25507.246552083,33.87700053281151,80.92999996733852,23.821998183848336,2.8130016289651394,141.4420003129635,1,1
1542,object,25507.270969688,49.90099841961637,89.60600098362193,25.47899930505082,2.3620013962499797,167.3480001045391,1,1
1543,object,25507.296024692,45.96199869411066,87.79800191405229,23.43099913559854,2.4529981601517648,159.64399790391326,1,1
1544,object,25507.320392602,50.829999963752925,124.70699948607944,29.089002055115998,3.007000486832112,207.63300199178047,1,1
1545,object,25507.346438049,55.19499973161146,114.73899940028787,35.34099960234016,3.8950020098127425,209.17000074405223,1,1
1546,object,25507.372059746,74.72399738617241,131.19100185576826,35.77800089260563,3.0849987524561584,244.77799888700247,1,1
1547,object,25507.396692826,44.91099753067829,85.57000182918273,24.556000425945967,2.491000486770645,157.52800027257763,1,1
1548,object,25507.422419529,58.273999457014725,108.07699800352566,35.173001379007474,3.8719990698155016,205.39599790936336,1,1
1549,object,25507.447351553,33.87399920029566,80.98900070763193,26.993999199476093,2.2989988792687654,144.15599798667245,1,1
1550,object,25507.47193054,47.40900112665258,112.76199802523479,25.004999770317227,2.8220019885338843,187.99800091073848,1,1
1551,object,25507.496408232,43.729000026360154,83.70199793716893,23.968001187313348,2.4180008040275425,153.81699995486997,1,1
1552,object,25507.524051733,32.0370018016547,81.25699969241396,23.717999283690006,2.472999767633155,139.4850005453918,1,1
1553,object,25507.549784014,54.901996918488294,94.1500002227258,24.414999643340707,3.293000190751627,176.75999697530642,1,1
1554,object,25507.575177587,50.20000025979243,115.29999756021425,37.067002267576754,3.4329968912061304,205.99999697878957,1,1
1555,object,25507.59944414,38.82500095642172,83.62099833902903,23.616001271875575,2.3940010578371584,148.45600162516348,1,1
1556,object,25507.626705244,29.604998417198658,76.34899884578772,26.2970024778042,2.449996827635914,134.7009965684265,1,1
1557,object,25507.651732907,53.40300049283542,97.81599874258973,24.71599873388186,2.7370006137061864,178.6719985830132,1,1
1558,object,25507.677069888,46.65700180339627,91.94000085699372,25.249999453080818,2.943997969850898,166.7910000833217,1,1
1559,object,25507.702968391,99.45900092134252,210.42799926362932,72.97599950106815,6.194000889081508,389.0570005751215,1,1
1560,object,25507.727817346,107.35099931480363,208.54000104009174,58.30499867442995,8.562001312384382,382.7580003417097,1,1
1561,object,25507.752298144,76.27399827470072,227.81300140195526,53.62499723560177,11.83700078399852,369.54899769625627,1,1
1562,object,25507.779501212,38.75399852404371,89.27900125854649,27.711001166608185,3.3609976526349783,159.10499860183336,1,1
1563,object,25507.804190313,61.331000324571505,108.2499984477181,28.2239998341538,2.653003321029246,200.45800192747265,1,1
1564,object,25507.829904534,61.483999161282554,161.59900042111985,43.711999751394615,4.077002813573927,270.87200214737095,1,1
1565,object,25507.854435058,46.328997996170074,107.27100016083568,39.6229988837149,3.668999852379784,196.89199689310044,1,1
1566,object,25507.8799102,216.27800015266985,347.87899858201854,133.65899940254167,9.972001862479374,707.7879999997094,1,1
1567,object,25507.926398342,72.67200271598995,4.543999239103869,1.9979997887276113,8.262999472208321,87.47700121602975,1,0
1568,object,25507.971176048,45.65100243780762,1.896998583106324,1.263000740436837,5.965997843304649,54.77699960465543,1,0
1569,object,25508.016179198,47.52099994220771,2.2700005501974374,1.2509990483522415,6.619000487262383,57.66100002801977,1,0
1570,object,25508.018093648,24.40500247757882,78.01499668858014,24.392000341322273,2.1710002329200506,128.98299974040128,1,1
1571,object,25508.035157656,35.38000237313099,88.04000026430003,26.81299883988686,3.1269992177840322,153.36000069510192,1,1
1572,object,25508.060184239,75.48200301243924,107.48499698820524,29.816001188009977,3.468001523287967,216.25100271194242,1,1
1573,object,25508.085336258,46.184002712834626,89.56999954534695,25.429999368498102,2.8989998099859804,164.08300143666565,1,1
1574,object,25508.111227623,45.50399899017066,85.05399819114245,24.16300048935227,2.9180009732954204,157.6389986439608,1,1
1575,object,25508.135996544,73.32799941650592,137.03200238524005,41.98600072413683,4.7959983930923045,257.1420009189751,1,1
1576,object,25508.165392038,77.71799937472679,150.7259985373821,30.187999072950333,4.23600067733787,262.8679976623971,1,1
1577,object,25508.190334383,44.2040000052657,87.30499757803045,23.585002054460347,2.548997144913301,157.6429967826698,1,1
1578,object,25508.214903227,38.16699972958304,90.68600047612563,25.21699934732169,3.012002707691863,157.08200226072222,1,1
1579,object,25508.240996984,58.256999182049185,88.06400001049042,23.705000785412267,2.5759982236195356,172.6019982015714,1,1
1580,object,25508.265431256,57.4570003664121,119.15199866052717,41.210998460883275,3.430002834647894,221.25000032247044,1,1
1581,object,25508.291586456,54.0510009159334,116.19799988693558,40.95899930689484,3.8100006349850446,215.01800074474886,1,1
1582,object,25508.318036847,51.771003199974075,117.45899973902851,46.54399890569039,4.181998519925401,219.95600036461838,1,1
1583,object,25508.342577486,52.27499786997214,99.12800305755809,27.050999051425606,2.8180002118460834,181.27200019080192,1,1
1584,object,25508.369756286,46.08800009009428,87.75799869908951,25.385001208633184,2.881999535020441,162.11299953283742,1,1
1585,object,25508.394251314,58.71800021850504,114.59800225566141,41.61999822827056,3.754001227207482,218.6900019296445,1,1
1586,object,25508.419120654,119.98599802609533,280.7630007737316,134.44100113702007,9.802999556995928,544.992999493843,1,1
1587,object,25508.445803454,84.60000026389025,153.42199912993237,32.3329986713361,3.3950018405448645,273.7499999057036,1,1
1588,object,25508.469632323,39.29900049115531,83.5130013001617,25.722001737449318,2.8889990062452853,151.42300253501162,1,1
1589,object,25508.495153759,138.0499998049345,227.24900190951303,49.88399814465083,4.09900167142041,419.28200153051876,1,1
1590,object,25508.520019555,44.23200152814388,83.9870008348953,33.44899960211478,3.326000296510756,164.99400226166472,1,1
1591,object,25508.544678808,127.82100020558573,317.7269973093644,131.61000242689624,10.964999091811478,588.1229990336578,1,1
1592,object,25508.572787939,118.58500147354789,274.2830001807306,41.928000428015366,5.876998329767957,440.6730004120618,1,1
1593,object,25508.596562484,69.63300256757066,134.2449977528304,29.261002055136487,4.585999704431742,237.72500207996927,1,1
1594,object,25508.622122974,142.7710012649186,246.53999935253523,38.39000055450015,7.052000000840053,434.75300117279403,1,1
1595,object,25508.646797814,60.23600144544616,88.79600136424415,27.673999284161255,3.3100004657171667,180.01600255956873,1,1
1596,object,25508.670686248,37.87199966609478,79.39200077089481,24.315002519870177,2.248998498544097,143.82800145540386,1,1
1597,object,25508.699411091,37.39000021596439,85.17800233676098,24.4209986703936,2.701999619603157,149.69100084272213,1,1
1598,object,25508.723982518,54.13899998529814,95.19399827695452,24.745000700931996,2.901000698329881,176.97899966151454,1,1
1599,object,25508.749621093,45.68900112644769,103.599999420112,24.352997570531443,3.279001248301938,176.92099936539307,1,1
1600,object,25508.775469726,44.10700057633221,90.51700180862099,26.407997211208567,3.330002073198557,164.36200166936032,1,1
1601,object,25508.800890391,42.27399767842144,94.08600089955144,25.905999791575596,2.7320020308252424,164.9980004003737,1,1
1602,object,25508.828047198,67.03699909849092,137.29800048167817,26.993999199476093,2.887001755880192,234.21600053552538,1,1
1603,object,25508.852556339,45.553999370895326,89.28500028559938,24.124001356540248,2.7179994503967464,161.6810004634317,1,1
1604,object,25508.877924977,48.793997848406434,114.46300050010905,27.258000045549124,2.7759997465182096,193.29099814058281,1,1
1605,object,25508.902635305,31.429000955540687,75.18300117226318,22.95999729540199,2.415999915683642,131.9879993388895,1,1
1606,object,25508.927150382,53.206000302452594,108.15800123964436,39.909999031806365,3.529999958118424,204.80400053202175,1,1
1607,object,25508.952477702,69.90899782977067,141.69800124363974,53.208001190796494,5.277997843222693,270.0929981074296,1,1
1608,object,25508.979465219,68.08300167904235,140.5990005878266,42.86399780539796,5.672001861967146,257.21800193423405,1,1
1609,object,25509.003715782,77.02599759795703,144.01600128621794,39.51599865104072,4.378001904115081,264.93599943933077,1,1
1610,object,25509.029167178,43.38800135883503,86.28499926999211,25.272998755099252,2.5459994503762573,157.49199883430265,1,1
1611,object,25509.054253809,168.17600044305436,273.4889967541676,129.26800263812765,10.976997145917267,581.9099969812669,1,1
1612,object,25509.078703529,63.15299833659083,125.24799967650324,46.036999265197664,4.719000571640208,239.15699784993194,1,1
1613,object,25509.105108192,59.121997765032575,115.06500231917016,36.77099812193774,4.2050014599226415,215.16299966606312,1,1
1614,object,25509.129669258,57.31700002797879,117.71099889301695,39.824000850785524,3.5379998735152185,218.38999964529648,1,1
1615,object,25509.155360274,50.57900125393644,96.26999963074923,29.10599869210273,3.0560004233848304,179.01100000017323,1,1
1616,object,25509.179873021,43.159001506865025,83.78599886782467,30.489998607663438,2.6840025384444743,160.1190015207976,1,1
1617,object,25509.20538478,40.551996789872646,88.12099986243993,25.652003387222067,2.573997335275635,156.89899737481028,1,1
1618,object,25509.232395071,49.11999712930992,125.28000297606923,48.881996917771176,4.384000931167975,227.6659979543183,1,1
1619,object,25509.257246958,44.10700057633221,87.45800005272031,24.801996914902702,2.7790010790340602,159.14599862298928,1,1
1620,object,25509.282741137,53.04599835653789,99.66599827748723,29.671002266695723,3.1269992177840322,185.50999811850488,1,1
1621,object,25509.308112183,32.620999263599515,76.57000242033973,23.362998035736382,2.230000973213464,134.7840006928891,1,1
1622,object,25509.332324305,53.96300184656866,97.04799958853982,25.366996851516888,3.1320014386437833,179.50999972526915,1,1
1623,object,25509.357985784,56.55799759551883,87.56399984122254,23.684002371737733,3.187997208442539,170.99399701692164,1,1
1624,object,25509.383500306,34.28999843890779,92.42899977834895,38.22600046987645,2.6509987947065383,167.59599748183973,1,1
1625,object,25509.426237917,89.70400085672736,2.2559979697689414,1.5620025806128979,7.6169999374542385,101.13900134456344,1,0
1626,object,25509.471252065,67.8510004945565,3.3139986044261605,1.3760000001639128,8.841001545079052,81.38200064422563,1,0
1627,object,25509.516580923,50.21200195187703,2.9190014174673706,2.1679989004042,7.542999810539186,62.842002080287784,1,0
1628,object,25509.555162076,57.42899884353392,105.01200085855089,29.36999953817576,3.278000804129988,195.08900004439056,1,1
1629,object,25509.579752677,47.02300066128373,87.44799924897961,24.897999537643045,2.6410016289446503,162.01000107685104,1,1
1630,object,25509.604178297,44.94300083024427,96.6320003499277,23.736000002827495,2.800999936880544,168.11200111988,1,1
1631,object,25509.631726039,69.14100231369957,147.29599934071302,28.83200068026781,4.803998308489099,250.0730006431695,1,1
1632,object,25509.655882581,50.65500226919539,123.9889970747754,40.72000228916295,4.017998435301706,219.38200006843545,1,1
1633,object,25509.696350483,76.33100176462904,3.6989986256230623,2.3370012058876455,10.063999070553109,92.43100066669285,1,0
1634,object,25509.741425262,114.24699914641678,4.453002475202084,2.8239992388989776,12.265998520888388,133.78999938140623,1,0
1635,object,25509.78624769,48.940000851871446,3.3769974834285676,1.3760000001639128,6.0250022215768695,59.718000557040796,1,0
1636,object,25509.831227947,48.59699765802361,2.587999915704131,1.3890021364204586,6.3259976741392165,58.89999738428742,1,0
1637,object,25509.847713265,35.45700019458309,88.54900079313666,24.199998733820394,2.20600122702308,150.41200094856322,1,1
1638,object,25509.872471521,47.72399915964343,88.16799891064875,26.10800220281817,2.786997356452048,164.7869976295624,1,1
1639,object,25509.899156589,69.65799911995418,146.9750022806693,46.001998271094635,4.926001565763727,267.56100123748183,1,1
1640,object,25509.923776172,36.89599907374941,80.14700142666698,23.698001314187422,2.214997948613018,142.95599976321682,1,1
1641,object,25509.966189083,48.955000238493085,2.092001523124054,1.386997610097751,6.002002919558436,58.436002291273326,1,0
1642,object,25510.011209684,49.77800199412741,2.1359992388170213,1.205000444315374,6.105998181737959,59.22499985899776,1,0
1643,object,25510.056310751,79.99900117283687,2.772001607809216,1.9639992387965322,8.413000614382327,93.14800263382494,1,0
1644,object,25510.101284584,62.11599975358695,2.5230001483578235,1.8409991753287613,8.422997780144215,74.90299685741775,1,0
1645,object,25510.141952619,44.85400131670758,96.34999878471717,24.124001356540248,2.5889967218972743,167.91699817986228,1,1
1646,object,25510.168852189,75.37700003013015,140.78599997446872,40.15100057586096,3.9660008042119443,260.2800013846718,1,1
1647,object,25510.19291949,49.352998757967725,100.97500125993975,34.01499998290092,3.655000909930095,187.99800091073848,1,1
1648,object,25510.217587847,44.22100028023124,85.35199958714657,24.492997908964753,2.688000677153468,156.75399845349602,1,1
1649,object,25510.24404209,53.2040030520875,102.77799810864963,31.167000997811556,3.148998075630516,190.2980002341792,1,1
1650,object,25510.268261376,33.522999729029834,76.97600085521117,23.223998141475022,2.273001882713288,135.9960006084293,1,1
1651,object,25510.293373618,72.58900222950615,122.58999777259305,30.475002859020606,3.649998689070344,229.30400155019015,1,1
1652,object,25510.321952913,40.505001379642636,114.92699923110195,32.046998967416584,3.6240016925148666,191.10300127067603,1,1
1653,object,25510.346352205,54.18900036602281,148.6750006733928,31.219999073073268,4.936999175697565,239.02099928818643,1,1
1654,object,25510.372308973,34.944998333230615,77.04900053795427,23.664000764256343,2.292999852215871,137.9509994876571,1,1
1655,object,25510.396606787,45.27500277617946,84.79699681629427,25.007000658661127,2.564000169513747,157.6430004206486,1,1
1656,object,25510.422181823,48.434001655550674,92.04399975715205,27.205998776480556,2.6620000426191837,170.34600023180246,1,1
1657,object,25510.450315383,86.02899833931588,156.46800238755532,32.80399687355384,3.2720017770770937,278.57299937750213,1,1
1658,object,25510.474703674,97.33099795994349,155.66600268357433,26.833997253561392,4.561999958241358,284.3929978553206,1,1
1659,object,25510.501201996,88.95299833966419,179.94800145970657,44.092997995903715,7.163002010202035,320.1569998054765,1,1
1660,object,25510.52517227,111.80499859619886,209.3539987981785,47.899000492179766,6.382000719895586,375.4399986064527,1,1
1661,object,25510.54927678,43.44600165495649,101.00999861606397,28.83400156861171,2.800999936880544,176.0910017765127,1,1
1662,object,25510.578372791,58.58000076841563,217.24800171796232,35.30300091370009,3.8239995774347335,314.9550029775128,1,1
1663,object,25510.602032769,40.82400118932128,81.17100151139311,22.04100019298494,2.8239992388989776,146.8600021325983,1,1
1664,object,25510.628182519,38.814996514702216,85.73800005251542,23.515000066254288,2.3940010578371584,150.46199769130908,1,1
1665,object,25510.652690932,53.14800000633113,104.83200094313361,25.888999516610056,3.4670010791160166,187.3360015451908,1,1
1666,object,25510.677615813,55.37799734156579,87.37700045458041,25.957000616472214,2.60199885815382,171.31399727077223,1,1
1667,object,25510.704633362,32.70100205554627,81.34599920595065,26.697998691815883,2.888002200052142,143.63300215336494,1,1
1668,object,25510.729222684,44.878001062897965,86.28000068711117,24.85199729562737,2.6190027710981667,158.62900181673467,1,1
1669,object,25510.754734889,55.51000140258111,99.6449998638127,26.526999135967344,2.8289978217799217,184.51099822414108,1,1
1670,object,25510.779335896,43.86100044939667,92.8919980651699,24.671000574016944,3.1039999157655984,164.5279990043491,1,1
1671,object,25510.80371703,79.62000017869286,90.98999726120383,25.41100184316747,3.05399953504093,199.0749988181051,1,1
1672,object,25510.829978393,47.25299731944688,87.89800267550163,26.210997020825744,2.8950016712769866,164.25699868705124,1,1
1673,object,25510.854691004,39.790000300854445,87.26799933356233,23.34600139874965,2.387001586612314,152.79100261977874,1,1
1674,object,25510.880287996,72.41400089696981,126.92800009972416,34.9040019500535,4.37400012742728,238.62000307417475,1,1
1675,object,25510.906177738,39.11800013156608,89.13800047594123,26.863999664783478,2.8379981813486665,157.95799845363945,1,1
1676,object,25510.931404196,48.50100231124088,109.25199967459776,25.839999580057338,2.8530012059491128,186.4460027718451,1,1
1677,object,25510.960350169,99.38199946191162,272.66300094197504,226.29800150753,18.797996744979173,617.1409986563958,1,1
1678,object,25510.987091092,65.15399945783429,198.85300207533874,42.55099702277221,6.768001185264438,313.32599974120967,1,1
1679,object,25511.012981738,58.426998293725774,87.89200001046993,23.526001314166933,3.0560004233848304,172.90100004174747,1,1
1680,object,25511.037626339,49.45399996358901,134.45300282910466,30.068997148191556,3.1050003599375486,217.08100030082278,1,1
1681,object,25511.0622665,35.44599894667044,82.25299825426191,27.077003323938698,2.573997335275635,147.3499978601467,1,1
1682,object,25511.089248184,56.51100218528882,115.6170001195278,38.42300066025928,3.8539983506780118,214.4050013157539,1,1
1683,object,25511.113717487,53.61600051401183,86.90400136401877,25.525001547066495,2.640997990965843,168.68600141606294,1,1
1684,object,25511.139266255,38.96600173902698,82.17600043280981,27.900998247787356,2.5940025807358325,151.63700300035998,1,1
1685,object,25511.164300363,42.91799996281043,84.79600001010112,24.100998416543007,2.32499951380305,154.1399979032576,1,1
1686,object,25511.18857425,39.175996789708734,91.00100214709528,31.317998946178705,2.8239992388989776,164.3189971218817,1,1
1687,object,25511.216304849,37.35599966603331,94.44299939787015,41.13800241611898,3.1729978218209,176.10999930184335,1,1
1688,object,25511.240643412,53.58100315788761,97.6349983830005,26.787998649524525,2.911001502070576,180.9150016924832,1,1
1689,object,25511.265590162,60.049002058804035,119.99699927400798,41.16499985684641,3.7909994716756046,225.00200066133402,1,1
1690,object,25511.291189774,39.613998524146155,116.33699978119694,26.3660003838595,3.430999640841037,185.74799833004363,1,1
1691,object,25511.315794205,61.501999880420044,137.7830012643244,37.66400186577812,3.4759978007059544,240.42500081122853,1,1
1692,object,25511.341694273,47.72399915964343,85.7699997141026,23.64400279475376,2.6529996830504388,159.79100135155022,1,1
1693,object,25511.367389362,101.19999933522195,179.72600107896142,34.407999919494614,5.728998075937852,321.06299840961583,1,1
1694,object,25511.391848186,40.40400017402135,175.12400154373609,33.12099943286739,2.7089990908280015,251.35800024145283,1,1
1695,object,25511.417421887,64.11800131900236,118.96599971805699,28.459999157348648,5.468002200359479,217.01200239476748,1,1
1696,object,25511.441944387,103.51700257160701,148.59899965813383,32.11999865015969,3.6040000850334764,287.840000964934,1,1
1697,object,25511.46588339,44.06299922266044,102.23800200037658,26.073998014908284,2.7170026442036033,175.0920018821489,1,1
1698,object,25511.492595633,47.926998377079144,102.35900117550045,26.181998691754416,3.560002369340509,180.02800061367452,1,1
1699,object,25511.516696693,55.93499736278318,104.25700020277873,40.68700218340382,3.2099997042678297,204.08899945323355,1,1
1700,object,25511.541848224,48.18600064027123,141.2290002917871,49.51500159222633,3.8149992178659886,242.74500174215063,1,1
1701,object,25511.566959539,74.02300252579153,125.49999883049168,41.68799932813272,4.038000042783096,245.24900072719902,1,1
1702,object,25511.591041367,34.83399996184744,77.04300151090138,23.231001250678673,2.4649998522363603,137.57300257566385,1,1
1703,object,25511.616866058,37.83499778364785,85.46500248485245,36.72700040624477,3.5369994293432683,163.56400010408834,1,1
1704,object,25511.643033306,54.456999350804836,97.56999861565419,29.308001103345305,3.2059979275800288,184.54099699738435,1,1
1705,object,25511.667391968,58.101999456994236,116.49400039459579,36.27399928518571,4.09600033890456,214.9659994756803,1,1
1706,object,25511.693551683,52.44999920250848,91.19899914367124,23.894001060398296,2.872999175451696,170.41599858202972,1,1
1707,object,25511.718319704,50.62600030214526,102.06300066784024,27.9970008705277,3.143999492749572,183.83000133326277,1,1
1708,object,25511.74232981,46.44200089387596,87.44499791646376,24.798002414172515,2.567998308222741,161.25299953273498,1,1
1709,object,25511.769680748,43.80500104161911,107.91800013976172,39.46799915865995,3.463999746600166,194.65500008664094,1,1
1710,object,25511.793922922,58.879999414784834,132.50000120024197,40.27600152767263,4.225999873597175,235.8820020162966,1,1
1711,object,25511.81891546,60.09600110701285,263.3039985084906,48.3859985251911,5.077003152109683,376.86300129280426,1,1
1712,object,25511.843156309,40.85999898961745,88.88500087778084,27.083999157184735,2.6029993023257703,159.4319983269088,1,1
1713,object,25511.867156786,44.8969985882286,89.09400276024826,25.435998395550996,2.396998752374202,161.82399849640206,1,1
1714,object,25511.894721404,36.1299971700646,104.63800208526663,29.88499909406528,4.534998879535124,175.18799722893164,1,1
1715,object,25511.91872095,45.47099888441153,92.50199946109205,25.640998501330614,2.7170026442036033,166.3309994910378,1,1
1716,object,25511.943695637,48.38499808101915,98.71200018096715,28.079000912839547,3.206998371751979,178.38299754657783,1,1
1717,object,25511.968512476,50.38599920226261,104.66100138728507,22.865999198984355,2.2460008040070534,180.1590005925391,1,1
1718,object,25511.992792014,32.779000321170315,80.83500142674893,24.05199847999029,2.2560016077477485,139.92200183565728,1,1
1719,object,25512.019289718,61.04299973230809,126.71900185523555,32.77100040577352,3.9330006984528154,224.46600269176997,1,1
1720,object,25512.044048305,53.00399789121002,101.12500240211375,26.390000130049884,3.345998266013339,183.864998689387,1,1
1721,object,25512.068617987,31.614999898010865,77.88100265315734,23.807999241398647,2.1179985196795315,135.42200031224638,1,1
1722,object,25512.095648084,45.53899998427369,84.22300015809014,24.259999918285757,2.576998667791486,156.59899872844107,1,1
1723,object,25512.121104545,56.42800169880502,75.52699753432535,24.605000362498686,2.7179994503967464,159.2779990460258,1,1
1724,object,25512.148030555,87.8669998201076,218.65099915885366,85.1600016176235,7.991999154910445,399.6699997514952,1,1
1725,object,25512.173647842,45.29999932856299,123.37400039541535,36.912002542521805,3.3369979064445943,208.92300017294474,1,1
1726,object,25512.19788292,49.038997531170025,144.82000187854283,34.374999813735485,3.4469994716346264,231.68099869508296,1,1
1727,object,25512.223129476,143.50400306284428,176.1539970175363,57.12700294679962,8.43299858388491,385.2180016110651,1,1
1728,object,25512.24741768,66.76400153082795,133.64099868340418,42.18300091451965,5.470999894896522,248.0590010236483,1,1
1729,object,25512.272525056,84.23200051765889,133.1269995716866,40.77099947608076,4.5769993448629975,262.70699891028926,1,1
1730,object,25512.301644078,167.49899805290624,435.41800187085755,128.44799857703038,9.18500154512003,740.5500000459142,1,1
1731,object,25512.324864573,48.57000021729618,126.20100096683018,55.78499985858798,3.9229998947121203,234.47900093742646,1,1
1732,object,25512.350294129,63.47800081130117,129.79700113646686,42.34500011079945,4.264999006409198,239.88500106497668,1,1
1733,object,25512.375127025,42.69399869372137,83.2230034575332,24.87099845893681,2.387001586612314,153.1750021968037,1,1
1734,object,25512.399447696,37.3799994122237,79.45700053824112,23.562999558635056,2.2320018615573645,142.63200137065724,1,1
1735,object,25512.427705813,53.99099973146804,12.975000572623685,1.2650016287807375,52.50799949862994,120.7390014315024,2,1
1736,object,25512.452035574,52.742001571459696,94.25499956705607,91.24200005317107,3.364999429322779,241.60400062100962,2,1
1737,object,25512.477310621,91.14599743043073,124.44000094546936,30.940998840378597,4.823003109777346,251.35000032605603,2,1
1738,object,25512.504047637,40.67999907420017,78.82800127845258,23.210999643197283,2.881999535020441,145.60099953087047,2,1
1739,object,25512.528363528,77.85500201862305,94.57099804421887,24.527998903067783,3.7080026231706142,200.66200158908032,2,1
1740,object,25512.554944043,83.00400077132508,139.98699796502478,52.86700252327137,5.571997462539002,281.42999872216024,2,1
1741,object,25512.578859067,45.63899710774422,81.70000000973232,29.10900002461858,3.412002115510404,159.85999925760552,2,1
1742,object,25512.604453279,53.49699858925305,97.72700286703184,0.4619978426489979,29.26399974967353,180.94999904860742,3,1
1743,object,25512.629164588,74.80099884560332,108.89600162045099,23.852997401263565,3.5369994293432683,211.08699729666114,3,1
1744,object,25512.65296161,58.04999818792567,103.63199908169918,22.250002075452358,3.621000359999016,187.55299970507622,3,1
1745,object,25512.680407652,121.28300295444205,167.08299881429411,46.68700057663955,6.368998583639041,341.42200092901476,3,1
1746,object,25512.704280037,57.65999958384782,101.29899965249933,22.262000129558146,3.3190008252859116,184.5400001911912,3,1
1747,object,25512.729330405,60.11100049363449,101.05199908139184,23.094002244761214,3.720997483469546,187.9779993032571,3,1
1748,object,25512.754080116,109.82900130329654,218.71799981454387,81.47200060193427,8.90299997990951,418.9220016996842,3,1
1749,object,25512.777856621,127.54600174957886,274.76199829834513,71.2690016371198,10.135998309124261,483.71299999416806,3,1
1750,object,25512.8015619,70.74099994497374,159.66800128808245,46.14799763658084,6.336002115858719,282.89300098549575,3,1
1751,object,25512.827345,147.43299834663048,253.16300161648542,84.2909976199735,22.0280016947072,506.9149992777966,3,1
1752,object,25512.851392682,63.40999971143901,109.18299813056365,22.291998902801424,3.7050012906547636,198.58999803545885,3,1
1753,object,25512.877164935,140.2120033162646,257.06999804242514,36.35699977166951,7.441001798724756,441.080002929084,3,1
1754,object,25512.904641744,123.68199895718135,257.7539999037981,108.69200195884332,69.57199730095454,559.6999981207773,3,1
1755,object,25512.929367065,64.70700100180693,105.56499910308048,24.803997803246602,5.736001185141504,200.81199909327552,2,1
1756,object,25512.956766326,55.45600288314745,139.63799938210286,27.251997380517423,4.6530003601219505,226.99900000588968,2,1
1757,object,25512.981694203,42.496998503338546,110.97899914602749,25.042001652764156,3.098000888712704,181.6160001908429,2,1
1758,object,25513.006451487,58.21000013384037,113.19300028844737,25.649002054706216,3.3279975468758494,200.3800000238698,2,1
1759,object,25513.030918362,41.625997255323455,106.76800229703076,24.532000679755583,3.03499837173149,175.9609986038413,2,1
1760,object,25513.055395548,125.36500071291812,186.4930018200539,37.845999031560495,5.689998943125829,355.39400050765835,2,1
1761,object,25513.080379533,77.05700045335107,178.5929998732172,31.130999559536576,5.984999006614089,292.7659988927189,2,1
1762,object,25513.10672093,182.02099818154238,374.5340000023134,80.4090013843961,12.000997230643407,648.9649967988953,2,1
1763,object,25513.130511506,72.03600034699775,115.8580016635824,23.11799835297279,3.3569995139259845,214.36899987747893,2,1
1764,object,25513.156167733,106.84800145099871,157.01400116086006,33.003998396452516,8.220999006880447,305.08700001519173,2,1
1765,object,25513.180740807,47.32699744636193,119.11700130440295,30.18200004589744,3.6050005292054266,200.23099932586774,2,1
1766,object,25513.205960592,60.725000366801396,105.69599908194505,22.763000742997974,3.2819989428389817,192.4659991345834,2,1
1767,object,25513.232946374,83.74500248464756,176.51799862505868,27.384001441532746,5.717000021832064,293.36400257307105,1,1
1768,object,25513.257833567,39.4649978261441,90.29700231621973,27.906000468647107,2.7229980332776904,160.39099864428863,1,1
1769,object,25513.282675542,34.78700091363862,79.25499812699854,24.11100285826251,2.830998710123822,140.9840006090235,1,1
1770,object,25513.307295899,61.1809991823975,123.86099842842668,31.403000321006402,3.4370023058727384,219.88200023770332,1,1
1771,object,25513.331889824,42.567000491544604,94.18300032848492,39.26600038539618,2.60099841398187,178.61699961940758,1,1
1772,object,25513.357594246,30.343999242177233,90.48200081451796,26.22700048959814,2.496999513823539,149.55000006011687,1,1
1773,object,25513.381920852,45.55700070341118,94.44899842492305,24.278000637423247,2.535001840442419,166.8190016061999,1,1
1774,object,25513.406750492,33.19300230941735,84.42000034847297,51.262999477330595,7.037000614218414,175.91300274943933,1,1
1775,object,25513.432525582,35.46600055415183,84.81099939672276,24.187000235542655,2.60099841398187,147.06499860039912,1,1
1776,object,25513.457462693,49.07100083073601,101.90999819315039,31.49999974993989,3.0570008675567806,185.53799964138307,1,1
1777,object,25513.484429322,94.55100007471628,288.7720002036076,40.86799890501425,9.536997822578996,433.72799700591713,1,1
1778,object,25513.509223168,31.968000257620588,75.33000098192133,22.87399911438115,2.5840017769951373,132.7560021309182,1,1
1779,object,25513.53488713,50.41899930802174,117.99899948528036,26.451001758687198,2.8289978217799217,197.69799837376922,1,1
1780,object,25513.559816747,57.79499770142138,139.38700067228638,46.34400102077052,5.141999281477183,248.66799867595546,1,1
1781,object,25513.583961414,35.01100218272768,93.73799912282266,24.065000616246834,2.943997969850898,155.75799989164807,1,1
1782,object,25513.608327453,48.82800203631632,89.90999776870012,23.95100091234781,2.5760018615983427,165.2650025789626,1,1
1783,object,25513.635529074,46.67000030167401,100.83700180985034,30.385999707505107,3.64600055036135,181.5390023693908,1,1
1784,object,25513.659441324,28.400998417055234,72.3509983799886,21.788000594824553,1.9100007193628699,124.44999811123125,1,1
1785,object,25513.684925238,157.90099860168993,255.72699814802036,113.12600327073596,9.446997864870355,536.2009978853166,1,1
1786,object,25513.708496424,53.56700057745911,99.59499948308803,38.458001654362306,3.125998773612082,194.74600048852153,1,1
1787,object,25513.735031101,84.94400026393123,195.77099737944081,76.08200030517764,7.770999218337238,364.5679971668869,1,1
1788,object,25513.761475301,34.68100112513639,87.15500007383525,25.673998607089743,2.52000245382078,150.03000225988217,1,1
1789,object,25513.785463949,48.87199975200929,101.84300117543899,26.574998628348112,2.920001861639321,180.2100014174357,1,1
1790,object,25513.810398917,48.916997911874205,95.9290009632241,24.40300158923492,3.3479991543572396,172.59699961869046,1,1
1791,object,25513.835162586,90.83300028578378,198.93399803549983,75.31300070695579,7.776998245390132,372.85699727362953,1,1
1792,object,25513.858667044,64.32999725802802,130.9690014750231,49.494999984744936,5.236997822066769,250.03099653986283,1,1
1793,object,25513.885939209,296.29199707414955,416.00199983804487,177.00800162856467,10.790998203447089,900.0929967442062,1,1
1794,object,25513.909194508,57.76800026069395,125.04500045906752,34.53499812167138,4.720001015812159,222.067999857245,1,1
1795,object,25513.956330289,65.95200102310628,2.5410008674953133,1.6129997675307095,7.320999429794028,77.42700108792633,1,0
1796,object,25514.001194411,50.71399937151,2.296997990924865,1.2140008038841188,6.902999302837998,61.12799746915698,1,0
1797,object,25514.04620597,52.25499990046956,1.9479994080029428,1.6430021787527949,7.057999027892947,62.90400051511824,1,0
1798,object,25514.053693585,37.412999517982826,90.24800237966701,24.8910000664182,2.1329979063011706,154.6849998703692,1,1
1799,object,25514.078353905,48.574001993983984,92.54899850930087,24.011002096813172,2.4809996830299497,167.61500228312798,1,1
1800,object,25514.102635412,43.03599780541845,86.02800153312273,23.975000658538193,2.4660002964083105,155.50500029348768,1,1
1801,object,25514.126841072,42.78599953977391,84.78800009470433,24.329001462319866,2.8569993446581066,154.7600004414562,1,1
1802,object,25514.153393152,46.63800064008683,105.68300058366731,28.460999601520598,3.039000148419291,183.82100097369403,1,1
1803,object,25514.177968049,72.15599907794967,117.81899956986308,25.68700074334629,2.7030000637751073,218.36499945493415,1,1
1804,object,25514.226182797,61.23899947851896,3.287001163698733,2.182001480832696,8.527997124474496,75.23599924752489,1,0
1805,object,25514.271220911,45.07099947659299,2.110002242261544,1.0169969755224884,5.564001185121015,53.761999879498035,1,0
1806,object,25514.316275718,57.57500184699893,2.8139984351582825,3.908000508090481,8.236998837674037,72.53399962792173,1,0
1807,object,25514.361260423,48.06500146514736,2.176999259972945,1.1730007827281952,7.3549999797251076,58.77000148757361,1,0
1808,object,25514.406188589,45.77100116875954,1.8269965949002653,1.1020019883289933,5.826001142850146,54.526000894838944,1,0
1809,object,25514.451168774,48.498997784918174,2.5289991754107177,1.3830031093675643,6.238999048946425,58.64999911864288,1,0
1810,object,25514.496185467,53.36899994290434,2.731001586653292,1.1209995136596262,7.317998097278178,64.53899914049543,1,0
1811,object,25514.541198609,46.54599979403429,1.9639992387965322,1.0650001058820635,6.122001650510356,55.69700078922324,1,0
1812,object,25514.557434585,90.76700007426552,177.91299978853203,68.91500015626661,4.721998266177252,342.3169982852414,1,1
1813,object,25514.581701905,58.28099892823957,127.81899931724183,39.635000575799495,3.9820006350055337,229.71699945628643,1,1
1814,object,25514.607455219,52.97199822962284,98.57400073087774,32.92600013082847,3.0720002541784197,187.54399934550747,1,1
1815,object,25514.631780437,30.44199911528267,109.7189997381065,37.11400131578557,2.9709990485571325,180.24599921773188,1,1
1816,object,25514.65558358,46.788001782260835,85.79499990446493,23.615997633896768,2.769000275293365,158.9679995959159,1,1
1817,object,25514.682787083,52.430001233005896,117.74700033129193,31.848001526668668,5.357996997190639,207.38300008815713,1,1
1818,object,25514.707212002,40.397000702796504,101.13800090039149,29.12700074375607,3.043998731300235,173.7060010782443,1,1
1819,object,25514.75115693,44.38700125319883,1.9449980754870921,1.257998519577086,5.880003300262615,53.470001148525625,1,0
1820,object,25514.796251115,69.66400178498589,4.223998985253274,2.395998308202252,12.897002306999639,89.18100138544105,1,0
1821,object,25514.841186081,46.466997446259484,2.3940010578371584,1.0949988791253418,6.0010024753864855,55.95699985860847,1,0
1822,object,25514.879784216,61.88100087456405,95.6290023168549,27.90699727484025,3.692999598570168,189.11000006482936,1,1
1823,object,25514.90384288,21.7099986912217,95.95200026524253,23.69499998167157,2.082000719383359,143.43899965751916,1,1
1824,object,25514.928063855,69.2590001563076,176.90299864625558,41.69200110482052,7.414997526211664,295.26899743359536,1,1
1825,object,25514.956384183,145.0970012228936,375.37200114456937,148.57299902359955,31.97199839632958,701.0139997873921,1,1
1826,object,25514.980743194,77.79999941703863,322.50600270344876,57.630997616797686,21.007999748690054,478.94499948597513,1,1
1827,object,25515.021259752,106.31199984345585,7.448998076142743,2.9840011848136783,11.082000128226355,127.82699923263863,1,0
1828,object,25515.066206858,52.737999794771895,2.5480003387201577,1.1570009519346058,7.662998541491106,64.10599962691776,1,0
1829,object,25515.111253347,57.855999330058694,2.496999513823539,1.4540019037667662,7.148999429773539,68.95600017742254,1,0
1830,object,25515.126708881,20.0850008695852,94.16700049769133,27.040001441491768,2.1599989850074053,143.4520017937757,1,1
1831,object,25515.152266428,97.41400208440609,217.5090012315195,50.0089990964625,3.1230010790750384,368.05500349146314,1,1
1832,object,25515.176843539,96.98500070953742,270.86800037068315,118.321997433668,9.724000847199932,495.8989993610885,1,1
1833,object,25515.200412837,61.29000030341558,115.12000128277577,38.887999835424125,4.034998710267246,219.33300013188273,1,1
1834,object,25515.229043632,60.88499867473729,144.45600027102046,45.44500188785605,4.638000973500311,255.4240018071141,1,1
1835,object,25515.252868905,40.953000279841945,82.72099876194261,33.26200021547265,3.092998667852953,160.02899792511016,1,1
1836,object,25515.278704753,63.07600051513873,158.5099998919759,45.47199932858348,5.863999831490219,272.9219995671883,1,1
1837,object,25515.302965412,54.54699930851348,88.51100210449658,25.872999685816467,3.0989976949058473,172.02999879373237,1,1
1838,object,25515.327177947,44.82999793253839,97.23699986352585,24.519002181477845,2.867996954591945,169.45399693213403,1,1
1839,object,25515.356103972,56.11400047200732,101.25799963134341,28.16699998220429,3.340999683132395,188.8799997686874,1,1
1840,object,25515.380295584,48.360998334828764,96.33000081521459,25.714001822052523,3.4669974411372095,173.8719984132331,1,1
1841,object,25515.426203341,45.00099748838693,1.811000402085483,1.4990000636316836,5.69600160815753,54.006999562261626,1,0
1842,object,25515.471298649,50.99699774291366,1.8140017346013337,1.2880009307991713,6.580998160643503,60.67999856895767,1,0
1843,object,25515.516199101,45.471002522390336,2.348999259993434,1.0779986041598022,6.037000275682658,54.93500066222623,1,0
1844,object,25515.561181107,51.544000598369166,1.7849997675511986,1.1329975677654147,6.4970008679665625,60.95899880165234,1,0
1845,object,25515.606208595,48.85700036538765,1.7790007404983044,1.8749997252598405,6.4019986893981695,58.91299952054396,1,0
1846,object,25515.65115987,76.80599810555577,2.667999069672078,1.2760028766933829,7.790997187839821,88.54099723976105,1,0
1847,object,25515.696278988,67.43099947925657,3.059998562093824,1.5600016922689974,10.701998689910397,82.75299842352979,1,0
1848,object,25515.739801694,40.46500180265866,96.21799836168066,26.50500027812086,3.0330011213663965,166.22100156382658,1,1
1849,object,25515.764064147,48.139001592062414,86.50699965073727,24.655000743223354,2.7130008675158024,162.01400285353884,1,1
1850,object,25515.788393315,55.079999583540484,103.15400140825659,27.33399742282927,3.9250007830560207,189.49299919768237,1,1
1851,object,25515.812980112,66.03699875995517,119.67899990850128,27.846999728353694,3.577999450499192,217.14099784730934,1,1
1852,object,25515.836428848,37.92499774135649,84.9980024213437,26.17599966470152,2.60099841398187,151.69999824138358,1,1
1853,object,25515.860261477,45.64600021694787,88.67100041243248,25.018001906573772,2.75899947155267,162.0940020075068,1,1
1854,object,25515.8866741,67.77900125598535,155.54499987047166,129.51900134794414,9.691997547633946,362.5350000220351,1,1
1855,object,25515.910346411,65.57300002896227,124.42299703252502,25.804001779761165,3.6569981602951884,219.45699700154364,1,1
1856,object,25515.935666644,139.52999870525673,211.844002478756,45.16099943430163,5.237998266238719,401.7729988845531,1,1
1857,object,25515.959466159,79.99799709068611,150.41900041978806,38.81500015268102,5.804002285003662,275.03599994815886,1,1
1858,object,25515.983260541,60.51699892850593,140.43999908608384,45.16199987847358,4.978999641025439,251.0979975340888,1,1
1859,object,25516.010423588,57.33700163546018,144.5620000595227,37.66800000448711,4.397999873617664,243.96500157308765,1,1
1860,object,25516.03474404,63.87800021911971,108.27000005519949,33.28599996166304,3.7059980968479067,209.13999833283015,1,1
1861,object,25516.05916788,37.776000681333244,85.39799819118343,24.47299993946217,2.353001036681235,149.99999984866008,1,1
1862,object,25516.083913869,54.02200258686207,153.80399781861342,50.37200025981292,4.771001840708777,262.9690025059972,1,1
1863,object,25516.109029493,46.95199822890572,84.92900087730959,24.111999664455652,2.939999831141904,158.93299860181287,1,1
1864,object,25516.133169631,42.805997509276494,96.98700159788132,31.579998903907835,3.0510018405038863,174.42399985156953,1,1
1865,object,25516.160906199,45.07999983616173,96.64100070949644,24.107001081574708,2.4979999579954892,168.32600158522837,1,1
1866,object,25516.186589278,45.34699837677181,84.4349997350946,23.350999981630594,2.5219997041858733,155.65499779768288,1,1
1867,object,25516.211694139,43.94599818624556,85.82900045439601,25.590001314412802,2.3979991965461522,157.76299915160052,1,1
1868,object,25516.236038624,51.61299850442447,97.02200259198435,29.684997571166605,3.873003151966259,182.19300181954168,1,1
1869,object,25516.260013652,53.22499782778323,103.97000005468726,25.473000277997926,3.2999996619764715,185.9679978224449,1,1
1870,object,25516.28581759,59.32400017627515,201.99799837428145,44.57600152818486,4.541998350759968,310.43999842950143,1,1
1871,object,25516.309549739,62.03200246091001,130.76399773126468,43.02900197217241,6.5349995566066355,242.36000172095373,1,1
1872,object,25516.335190763,108.97000174736604,248.64599981810898,81.52200098265894,6.890997610753402,446.02900015888736,1,1
1873,object,25516.358579525,46.25200017471798,106.68499817256816,40.11200144304894,3.5810007830150425,196.63000057335012,1,1
1874,object,25516.382442908,44.34499714989215,86.66600115248002,24.44100027787499,2.820001100189984,158.27199968043715,1,1
1875,object,25516.410610672,44.739001168636605,101.94900096394122,25.639998057158664,2.8220019885338843,175.15000217827037,1,1
1876,object,25516.434704507,41.07300264877267,104.37099990667775,34.770997444866225,4.320001607993618,184.53500160831027,1,1
1877,object,25516.459553987,73.33400208153762,155.74799908790737,57.271001423941925,6.987000233493745,293.34000282688066,1,1
1878,object,25516.484296806,64.94400076917373,125.15499838627875,43.727999582188204,3.9469996409025043,237.77399837854318,1,1
1879,object,25516.508609126,36.05300298659131,85.39099871995859,29.465998522937298,3.2040006772149354,154.11400090670213,1,1
1880,object,25516.532732437,49.8529989272356,88.4020009834785,24.852000933606178,2.7809983293991536,165.88799917371944,1,1
1881,object,25516.559586675,36.30399805842899,86.78000085637905,28.03100142045878,2.9509974410757422,154.06599777634256,1,1
1882,object,25516.583482906,41.04999970877543,94.97000064584427,34.95499913697131,3.6519995774142444,174.62699906900525,1,1
1883,object,25516.608898369,42.57600085111335,91.4209995244164,28.72500044759363,3.3620017347857356,166.08400255790912,1,1
1884,object,25516.632758019,45.48499782686122,88.13800013740547,25.195000489475206,3.029999788850546,161.84799824259244,1,1
1885,object,25516.656645216,33.770000300137326,86.88699745107442,26.048001018352807,2.897002559620887,149.60200132918544,1,1
1886,object,25516.682926536,61.9589991401881,170.9220014163293,42.22500137984753,5.130998033564538,280.23699996992946,1,1
1887,object,25516.706919047,44.67699909582734,86.65900168125518,24.149001546902582,2.419998054392636,157.90500037837774,1,1
1888,object,25516.731681044,42.12500061839819,89.23100176616572,27.776997740147635,2.6670022634789348,161.80000238819048,1,1
1889,object,25516.755889341,47.380002797581255,93.01999671151862,25.857003493001685,2.777996996883303,169.03499999898486,1,1
1890,object,25516.779995065,135.02699948730879,236.41599909751676,78.24600106687285,8.02200156613253,457.7110012178309,1,1
1891,object,25516.805234593,52.71299960440956,142.44799967855215,38.037000194890425,3.5859993658959866,236.78399884374812,1,1
1892,object,25516.831013989,61.24799983808771,114.39799709478393,31.35000224574469,3.5199991543777287,210.51599833299406,1,1
1893,object,25516.854783619,64.17400072677992,97.43400005390868,30.00799915753305,4.645000444725156,196.2610003829468,1,1
1894,object,25516.879418732,52.542996854754165,99.04100079438649,26.64700150489807,2.7509995561558753,180.9819987101946,1,1
1895,object,25516.903647314,42.6439983129967,89.77200195658952,25.502999051241204,2.7850001060869545,160.70399942691438,1,1
1896,object,25516.929620946,48.26999793294817,132.9730002908036,43.767002352979034,3.76499883714132,228.77499941387214,1,1
1897,object,25516.956967869,64.76800263044424,118.99099990841933,27.97699926304631,3.097000444540754,214.83300224645063,1,1
1898,object,25516.980820526,58.93100023968145,110.0310000765603,37.97199678956531,2.959000994451344,209.8929981002584,1,1
1899,object,25517.006268975,58.28799839946441,109.72200107062235,36.250999983167276,3.5720004234462976,207.83299987670034,1,1
1900,object,25517.031300885,94.97599967289716,215.8820025215391,82.07299833884463,7.768001523800194,400.6990020570811,1,1
1901,object,25517.055180045,92.39999781129882,220.2159994340036,77.34300015727058,7.995000487426296,397.9539978899993,1,1
1902,object,25517.081772406,136.55400107381865,149.0299982833676,29.845999961253256,4.795001586899161,320.2250009053387,1,1
1903,object,25517.105651139,46.38099926523864,87.66199971432798,24.61400072206743,3.0949995561968535,161.7519992578309,1,1
1904,object,25517.130648645,58.97899973206222,120.8949979627505,63.60400220728479,8.262999472208321,251.74099937430583,1,1
1905,object,25517.155769783,41.41899989917874,86.02500020060688,25.084998924285173,2.554999809945002,155.0839988340158,1,1
1906,object,25517.180050528,55.466000048909336,106.34499994921498,24.303997633978724,3.560002369340509,189.67500000144355,1,1
1907,object,25517.207150588,67.82699711038731,173.4710021992214,38.04399966611527,3.9199985621962696,283.26199753792025,1,1
1908,object,25517.23165218,63.100000261329114,143.2150020264089,41.26699786866084,6.878999556647614,254.46099971304648,1,1
1909,object,25517.256246446,83.31900244229473,150.5999971413985,51.19100023875944,6.203001248650253,291.3130010711029,1,1
1910,object,25517.281271657,52.97099778545089,95.32600233796984,29.283997719176114,3.207002009730786,180.78799985232763,1,1
1911,object,25517.305105616,51.34700040798634,122.77499990887009,42.31499769957736,3.8010002754162997,220.2379982918501,1,1
1912,object,25517.329202342,85.83800081396475,156.91799853811972,49.48800051352009,4.820998583454639,297.0649984490592,1,1
1913,object,25517.356511381,64.16800169972703,126.92699965555221,30.920000426704064,3.791999915847555,225.80700169783086,1,1
1914,object,25517.380409055,39.962000300874934,91.39100075117312,25.18099790904671,2.911001502070576,159.44500046316534,1,1
1915,object,25517.407025637,37.499001336982474,84.80799806420691,26.428002456668764,2.372999006183818,151.10800086404197,1,1
1916,object,25517.432311562,71.37099964893423,137.25700046052225,39.58100205636583,4.297999112168327,252.50700127799064,1,1
1917,object,25517.456173564,55.86299812421203,117.42700007744133,43.33399920142256,3.6940000427421182,220.31799744581804,1,1
1918,object,25517.482761301,75.15700053772889,143.51700156112202,44.268999772612005,5.052999767940491,267.9960016394034,1,1
1919,object,25517.506422196,48.33600178244524,97.36599895404652,28.111000574426726,3.363998985150829,177.1770002960693,1,1
1920,object,25517.531116551,81.37800250551663,158.56799655011855,67.97700189054012,6.119000317994505,314.0420012641698,1,1
1921,object,25517.555125052,54.023999837227166,98.54000018094666,25.262997951358557,2.782002411549911,180.6090003810823,1,1
1922,object,25517.578757513,40.293998608831316,93.39299867860973,25.25300078559667,2.5369990908075124,161.47699716384523,1,1
1923,object,25517.603028779,35.36699659889564,79.93600229383446,24.987999495351687,2.2669992176815867,142.55799760576338,1,1
1924,object,25517.62971327,119.8250029119663,289.13999994983897,88.58999717631377,14.259003364713863,511.8140034028329,1,1
1925,object,25517.653931855,64.56300252466463,183.90399782219902,30.474002414848655,4.872999852523208,283.8140026142355,1,1
1926,object,25517.679052881,59.709997003665194,128.7160011997912,35.36900112521835,6.647998816333711,230.44299814500846,1,1
1927,object,25517.703246684,71.27999924705364,134.65600204654038,26.96899900911376,3.3040014386642724,236.20900174137205,1,1
1928,object,25517.727146038,49.65400148648769,89.8809994396288,25.63800080679357,2.797998604364693,167.97100033727475,1,1
1929,object,25517.753921707,40.185997931985185,124.48300185496919,41.51800021645613,4.761997843161225,210.94899784657173,1,1
1930,object,25517.777569959,48.25300129596144,88.97099905880168,23.636002879356965,2.5519984774291515,163.41200171154924,1,1
1931,object,25517.802776591,65.7519995002076,99.023000075249,24.533001123927534,2.7149981178808957,192.02299881726503,1,1
1932,object,25517.827819245,31.501997000304982,74.9770006223116,23.491000320063904,2.333999873371795,132.3039978160523,1,1
1933,object,25517.851919047,44.234999222680926,95.3050002863165,24.540000595152378,2.574000973254442,166.65400107740425,1,1
1934,object,25517.878704778,57.257002481492236,103.2149993989151,29.828999686287716,3.0769988370593637,193.3780004037544,1,1
1935,object,25517.902615536,43.957999878330156,98.66199980024248,27.02399797271937,2.591001248219982,172.234998899512,1,1
1936,object,25517.927367026,60.35899787093513,198.2790017791558,40.34000085084699,6.397996912710369,305.3759974136483,1,1
1937,object,25517.951898558,64.43999882321805,118.14100071205758,26.248999347444624,3.1960007618181407,212.0259996445384,1,1
1938,object,25517.975762617,48.055000661406666,85.80999929108657,24.141001631505787,2.4239998310804367,160.43000141507946,1,1
1939,object,25518.00221346,244.60799977532588,277.3220003291499,89.82899817056023,8.348000847036019,620.106999122072,1,1
1940,object,25518.026061463,44.90600258577615,87.06099833943881,23.8819993683137,2.987002517329529,158.8360028108582,1,1
1941,object,25518.050917988,42.75800165487453,100.44000009656884,24.049000785453245,2.610999217722565,169.85800175461918,1,1
1942,object,25518.076086687,51.39399945619516,100.75400132336654,25.055000151041895,3.0800001695752144,180.2830011001788,1,1
1943,object,25518.100088254,44.07300002640113,82.08100189222023,24.22699981252663,2.531000063754618,152.9120017949026,1,1
1944,object,25518.124365343,44.22200072440319,90.98200098378584,22.96099773957394,2.382999809924513,160.54799925768748,1,1
1945,object,25518.151766263,68.83300011395477,140.33299885340966,47.91200262843631,5.170997610548511,262.24899920634925,1,1
1946,object,25518.175604387,37.671998143196106,78.45800064387731,24.569999368395656,2.8800022846553475,143.58000044012442,1,1
1947,object,25518.201637261,37.41899854503572,131.90000026952475,52.08199945627712,4.78899892186746,226.18999719270505,1,1
1948,object,25518.225441575,46.08699964592233,92.24600216839463,23.718999727861956,2.591998054413125,164.64399959659204,1,1
1949,object,25518.250209792,60.77799844206311,132.52200005808845,40.26299939141609,3.7340032577048987,237.29700114927255,1,1
1950,object,25518.278037893,44.41800047061406,112.3549991461914,41.59799937042408,4.37500057159923,202.74599955882877,1,1
1951,object,25518.301850358,67.27000072714873,135.4710002487991,44.912001612829044,4.469999112188816,252.1230017009657,1,1
1952,object,25518.351204974,44.9860017397441,2.450000465614721,1.1989977792836726,6.202000804478303,54.83700078912079,1,0
1953,object,25518.396569136,99.11999950418249,5.118999979458749,3.117002052022144,13.40200105914846,120.75800259481184,1,0
1954,object,25518.441185052,54.422998800873756,2.7839996619150043,1.653999788686633,6.371999916154891,65.23299816763029,1,0
1955,object,25518.469311987,58.81300239707343,126.5479986614082,42.58899934939109,4.508001438807696,232.45800184668042,1,1
1956,object,25518.493915312,55.45699968934059,117.4810022348538,26.011999580077827,3.35000004270114,202.30000154697336,1,1
1957,object,25518.518235221,40.97900091437623,87.30500121600926,23.42899824725464,2.9510010790545493,154.66400145669468,1,1
1958,object,25518.545395399,90.33199967234395,223.97399879992008,76.94300074945204,7.9029996413737535,399.15199886308983,1,1
1959,object,25518.569552842,45.49399818642996,126.6490035050083,29.632999940076843,3.334997018100694,205.1109986496158,1,1
1960,object,25518.594319641,183.85200019110925,205.20699763437733,30.612001864938065,5.162000888958573,424.8330005793832,1,1
1961,object,25518.620042301,86.21199958724901,117.90999997174367,27.33599831117317,3.6720011848956347,235.1299990550615,1,1
1962,object,25518.64485404,44.77599941310473,93.29999738838524,30.003000574652106,3.21200059261173,171.2909979687538,1,1
1963,object,25518.671840674,49.31500006932765,87.70199929131195,38.349000533344224,3.9289989217650145,179.29499881574884,1,1
1964,object,25518.697402155,32.412997825304046,78.5629999882076,23.409000277752057,2.2669992176815867,136.65199730894528,1,1
1965,object,25518.723538346,53.054001909913495,101.731999166077,24.103999749058858,3.1290001061279327,182.0190009311773,1,1
1966,object,25518.749827797,44.23000063979998,86.0759973875247,24.34899943182245,2.630000381032005,157.28499784017913,1,1
1967,object,25518.775342893,31.925999792292714,76.38899842277169,23.08300099684857,2.2429994714912027,133.64099868340418,1,1
1968,object,25518.803251577,97.72600242285989,154.7519968880806,49.671001761453226,8.879000233719125,311.02800130611286,1,1
1969,object,25518.829796476,88.48400102579035,113.8340012403205,102.58600013912655,3.449000359978527,308.35300276521593,1,1
1970,object,25518.857846323,59.297999541740865,123.68800162221305,39.541999285575,5.368998245103285,227.8969986946322,1,1
1971,object,25518.884298902,43.15799742471427,109.35300088021904,27.2170000243932,3.324999852338806,183.05299818166532,1,1
1972,object,25518.909689235,47.10999928647652,90.68900180864148,24.71799962222576,2.6220004656352103,165.13900118297897,1,1
1973,object,25518.938286126,44.8320024588611,90.12399823404849,26.50399983394891,2.9100010578986257,164.37000158475712,1,1
1974,object,25518.964998593,68.43699884484522,116.10599904088303,49.81500023859553,3.511002432787791,237.86900055711158,1,1
1975,object,25518.99112661,47.40800068248063,90.5720007722266,24.684999516466632,3.1330018828157336,165.7980028539896,1,1
1976,object,25519.01658433,44.359003368299454,86.04299728176557,24.685999960638583,2.5090012059081346,157.59700181661174,1,1
1977,object,25519.041761059,33.65500015206635,92.38499842467718,29.55899981316179,2.659999154275283,158.2589975441806,1,1
1978,object,25519.070541345,50.619997637113556,101.79099990637042,27.480000426294282,2.8079994081053883,182.69899737788364,1,1
1979,object,25519.096362044,40.97499913768843,82.82899943878874,23.25899913557805,2.7339992811903358,149.79699699324556,1,1
1980,object,25519.123074323,49.824000598164275,99.10699736792594,24.626002414152026,2.7089990908280015,176.26599947107024,1,1
1981,object,25519.149499726,62.11899744812399,132.50000120024197,37.97799945459701,3.9760016079526395,236.5729997109156,1,1
1982,object,25519.175539314,74.57599713234231,101.89300155616365,24.520999431842938,2.740001946222037,203.73000006657094,1,1
1983,object,25519.202202919,48.380999942310154,86.96599979884923,25.070999981835485,2.7339992811903358,163.1519990041852,1,1
1984,object,25519.231020368,67.57600203854963,150.42700033518486,39.877999370219186,4.672998329624534,262.5540000735782,1,1
1985,object,25519.257857526,44.02699778438546,95.96699965186417,52.52499977359548,3.1939998734742403,195.71299708331935,1,1
1986,object,25519.285136548,42.29600017424673,85.36000314052217,24.05199847999029,2.9619986889883876,154.67000048374757,1,1
1987,object,25519.311728566,34.516000596340746,85.8389976201579,27.82099909381941,2.5860026653390378,150.7619999756571,1,1
1988,object,25519.34109785,35.76499875634909,85.46500248485245,27.730999136110768,2.769000275293365,151.73000065260567,1,1
1989,object,25519.368735784,51.51000004843809,97.84199937712401,25.940000341506675,3.23000131174922,178.522001078818,1,1
1990,object,25519.396327468,50.62700074631721,92.16200123773888,26.53800038387999,3.220997314201668,172.54799968213774,1,1
1991,object,25519.423957121,56.89900353900157,96.20599666959606,24.149001546902582,2.511998900445178,179.7660006559454,1,1
1992,object,25519.451306876,55.963999329833314,116.57100185402669,33.815998904174194,3.9610022213310003,210.3120023093652,1,1
1993,object,25519.480243679,70.11699926806614,134.94099766830914,29.867002012906596,3.8819998735561967,238.80699882283807,1,1
1994,object,25519.508555291,163.1400009500794,241.38200024026446,53.58400085242465,8.929000614443794,467.0350026572123,1,1
1995,object,25519.536799393,73.6499969207216,248.02100233500823,52.544997743098065,4.527002602117136,378.74299960094504,1,1
1996,object,25519.564462995,69.91700138314627,132.55199883133173,46.715998905710876,4.875000740867108,254.05999986105599,1,1
1997,object,25519.591492688,81.86000195564702,163.65199917345308,40.7879997510463,4.147001163801178,290.4470020439476,1,1
1998,object,25519.623952637,81.52299778885208,100.97999984282069,26.310000976081938,2.773002051981166,211.58600065973587,1,1
1999,object,25519.651011022,44.55099769984372,89.39300096244551,26.077999791596085,2.8380018193274736,162.8600002732128,1,1
2000,object,25519.680347576,38.12000068137422,80.00100206118077,24.92199928383343,2.7370006137061864,145.7800026400946,1,1
2001,object,25519.708413439,52.75100193102844,103.79399827797897,29.50600173790008,3.21100014843978,189.26200209534727,1,1
2002,object,25519.739924783,34.87299909465946,93.95500092068687,26.344001526013017,2.7280002541374415,157.9000017954968,1,1
2003,object,25519.767195989,47.28199928649701,93.20500248577446,27.869999030372128,2.8670001483988017,171.2240009510424,1,1
2004,object,25519.795045964,99.6469971141778,160.80400018836372,30.127001082291827,3.6380006349645555,294.2159990197979,1,1
2005,object,25519.823411647,47.70799932884984,97.54200073075481,24.535998818464577,2.5849985831882805,172.3709974612575,1,1
2006,object,25519.850212737,63.79999831551686,118.77500219270587,38.79199721268378,4.527999408310279,225.8949971292168,1,1
2007,object,25519.881948306,65.9969991829712,154.61300063179806,28.56900027836673,3.2759999157860875,252.45500000892207,1,1
2008,object,25519.908174994,75.95900024170987,160.454997967463,49.79699951945804,5.014000635128468,291.22499836375937,1,1
2009,object,25519.95618324,46.81300197262317,2.1380001271609217,1.0329968063160777,5.810001312056556,55.794000218156725,1,0
2010,object,25520.00157249,130.1299998885952,7.462000212399289,5.3679978009313345,20.321000192780048,163.28099809470586,1,0
2011,object,25520.046188152,53.8260028406512,2.4469991330988705,1.1939991964027286,6.608999683521688,64.07600085367449,1,0
2012,object,25520.09136969,86.26700218883343,4.90799720864743,2.6600027922540903,12.289998267078772,106.12500045681372,1,0
2013,object,25520.136404727,108.69800098589621,5.511999916052446,3.1809977372176945,25.49800046836026,142.88899910752662,1,0
2014,object,25520.181203422,44.19500328367576,1.981999957934022,1.0659969120752066,5.433001206256449,52.67600135994144,1,0
2015,object,25520.226316866,53.42300210031681,4.163997800787911,1.3490025594364852,7.213999197119847,66.15000165766105,1,0
2016,object,25520.271238166,41.669001802802086,3.164001100230962,1.5419973351527005,5.627000064123422,52.00200030230917,1,0
2017,object,25520.316456588,91.59899855148979,5.385001713875681,2.6179986889474094,13.045002560829744,112.64700151514262,1,0
2018,object,25520.361337071,90.40299846674316,4.65099947177805,2.526001480873674,11.797998013207689,109.37799743260257,1,0
2019,object,25520.406283366,48.53000064031221,3.5390003176871687,1.7130005289800465,6.80099765304476,60.582999140024185,1,0
2020,object,25520.45118378,44.50600317795761,2.44399780058302,1.1180018191225827,5.324000085238367,53.39200288290158,1,0
2021,object,25520.496281799,52.50699905445799,1.868000254034996,1.1320007615722716,10.32399813993834,65.8309982100036,1,0
2022,object,25520.541304385,94.63700189371593,4.0669983718544245,2.04900061362423,11.301999620627612,112.0550004998222,1,0
2023,object,25520.586187081,66.07099930988625,2.1460000425577164,1.3230019249022007,6.988997483858839,76.528998761205,1,0
2024,object,25520.631292556,67.21199679304846,3.3810028980951756,1.5810001059435308,12.740998499793932,84.9149982968811,1,0
2025,object,25520.676219393,49.58899808116257,2.369000867474824,2.010001480812207,10.165000276174396,64.133000705624,1,0
2026,object,25520.721187065,50.1790018461179,2.206998033216223,1.5510013327002525,6.2779981817584485,60.21499939379282,1,0
2027,object,25520.766193502,49.8650006193202,1.8850005290005356,1.4559991541318595,5.754998710472137,58.96099901292473,1,0
2028,object,25520.811231847,65.25699791382067,2.9050024750176817,1.4589968486689031,8.061000698944554,77.68199793645181,1,0
2029,object,25520.856240166,57.48700277763419,2.8319991542957723,1.353000698145479,2.5129993446171284,64.18500197469257,0,0
2030,object,25520.901186779,1.8930004443973303,3.031000233022496,1.1509982869029045,0.8340030035469681,6.909001967869699,0,0
2031,object,25520.946241348,2.754000888671726,5.457997758639976,1.4780016499571502,0.9380019037052989,10.628002200974151,0,0
2032,object,25520.991183172,1.6379999578930438,3.66400126949884,0.9920004231389612,0.772000930737704,7.066002581268549,0,0
2033,object,25521.036206318,3.7520003388635814,11.529999028425664,2.6330017135478556,1.6089979908429086,19.52399907168001,0,0
2034,object,25521.081441246,3.3890028134919703,10.06599995889701,2.7659989427775145,2.3459979274775833,18.566999642644078,0,0
2035,object,25521.126199678,1.5669975255150348,3.8660000427626073,1.0320000001229346,0.8999995770864189,7.364997145486996,0,0
2036,object,25521.171178867,2.215001586591825,3.3579999580979347,1.0449984984006733,0.7890012057032436,7.4070012487936765,0,0
2037,object,25521.216387069,2.463002601871267,5.341000360203907,2.273998688906431,1.390999386785552,11.469001037767157,0,0
2038,object,25521.261248531,3.0270020943135023,8.008999429875985,3.19199898513034,2.101001882692799,16.329002392012626,0,0
2039,object,25521.30623484,2.2569984139408916,3.260000084992498,1.3460012269206345,0.9619980119168758,7.8249977377709,0,0
2040,object,25521.351269073,2.401000529062003,5.965001037111506,1.9190010789316148,1.5179975889623165,11.80300023406744,0,0
2041,object,25521.396203846,1.4779980119783431,3.372999344719574,0.9870018402580172,0.9030009096022695,6.741000106558204,0,0
2042,object,25521.441189301,1.491000148234889,3.320998075651005,1.0300027497578412,1.2929995136801153,7.13500048732385,0,0
2043,object,25521.486197887,1.9979997887276113,3.712000761879608,1.0399999155197293,0.8839997462928295,7.634000212419778,0,0
2044,object,25521.531150079,1.7120000848080963,3.788998583331704,1.2189993867650628,1.0570001904852688,7.776998245390132,0,0
2045,object,25521.576409046,2.773998858174309,7.89900150266476,2.820001100189984,2.7269998099654913,16.220001270994544,0,0
2046,object,25521.621262304,1.920998329296708,5.005000275559723,2.034001227002591,1.0429976100567728,10.002997441915795,0,0
2047,object,25521.666161042,2.0569968910422176,3.535002178978175,1.0189978638663888,0.8810020517557859,7.491998985642567,0,0
2048,object,25521.711164452,1.4420002116821706,3.2709976949263364,0.8960014383774251,0.7669987098779529,6.375998054863885,0,0
2049,object,25521.756204283,1.7370002751704305,3.086999640800059,1.4899997040629387,0.957999873207882,7.27199949324131,0,0
2050,object,25521.801201584,1.7749989638105035,3.496999852359295,1.105003320844844,1.048996637109667,7.425998774124309,0,0
2051,object,25521.846369377,3.168999683111906,7.1020003815647215,2.36300184042193,2.053999196505174,14.688001101603732,0,0
2052,object,25521.891401534,2.744000084931031,5.521997081814334,2.001001121243462,1.5500008885283023,11.816999176517129,0,0
2053,object,25521.936307893,1.8749997252598405,3.855999239021912,1.110001903725788,0.943997292779386,7.784998160786927,0,0
2054,object,25521.981402275,2.781998773571104,8.562001312384382,2.015000063693151,1.5190016711130738,14.87800182076171,0,0
2055,object,25522.026163133,1.7759994079824537,2.8790018404833972,1.128999429056421,0.8210008672904223,6.605001544812694,0,0
2056,object,25522.071166497,2.133998350473121,3.7080026231706142,1.114996848627925,0.8460010576527566,7.8029988799244165,0,0
2057,object,25522.116187203,1.7290003597736359,5.042002158006653,1.0909971024375409,0.9730028978083283,8.835002518026158,0,0
2058,object,25522.161193109,1.4260003808885813,4.489997081691399,1.2850032362621278,1.2809978215955198,8.481998520437628,0,0
2059,object,25522.20626992,1.9940016500186175,5.293997674016282,1.7920028767548501,1.3399985618889332,10.420000762678683,0,0
2060,object,25522.251197788,1.9930012058466673,3.8819998735561967,1.0740004654508084,0.8800016075838357,7.829003152437508,0,0
2061,object,25522.296160482,1.4079996617510915,3.2319985621143132,0.9809991752263159,0.8170027285814285,6.438000127673149,0,0
2062,object,25522.341228932,2.133998350473121,4.6240020310506225,1.2140008038841188,1.3949975254945457,9.366998710902408,0,0
2063,object,25522.386191831,1.610002072993666,3.725999704329297,1.5169971447903663,0.9800023690331727,7.833001291146502,0,0
2064,object,25522.431191522,1.981999957934022,3.3850010368041694,1.0030016710516065,1.1119991540908813,7.482001819880679,0,0
2065,object,25522.476358083,2.887998562073335,7.601000106660649,2.6470006559975445,2.0850020518992096,15.221001376630738,0,0
2066,object,25522.521408756,2.872999175451696,6.5349995566066355,2.3130014596972615,2.2279964468907565,13.94899663864635,0,0
2067,object,25522.542186545,1.9590006559155881,2.559998392825946,1.209999027196318,65.82100104424171,71.54999912017956,1,1
2068,object,25522.568375243,53.31299689714797,92.1240025490988,24.47299993946217,2.6429988793097436,172.5529982650187,1,1
2069,object,25522.596572706,66.32700024056248,175.46399976708926,46.8399994133506,4.956000339007005,293.58699976000935,1,1
2070,object,25522.62284443,45.85300121107139,86.20500011602417,39.41599788959138,4.197001544525847,175.67100076121278,1,1
2071,object,25522.649395492,45.451000914908946,117.56699677789584,45.65100243780762,3.788998583331704,212.4579987139441,1,1
2072,object,25522.678217172,53.208001190796494,102.41299969493411,29.186998290242627,3.4750009945128113,188.28300017048605,1,1
2073,object,25522.705309716,41.67700171819888,93.22600089944899,29.06999725382775,2.8840004233643413,166.85700029483996,1,1
2074,object,25522.734438197,135.86899876827374,205.62500139931217,40.815000829752535,3.6450001061894,385.95400110352784,1,1
2075,object,25522.761811695,46.786000893916935,127.61099787894636,63.5819997114595,3.8420002965722233,241.82099878089502,1,1
2076,object,25522.790832527,97.04799958853982,235.2760020585265,75.95099668833427,7.572001777589321,415.8470001129899,1,1
2077,object,25522.819557447,116.86599827953614,131.31900050211698,35.19399979268201,5.385001713875681,288.7640002882108,1,1
2078,object,25522.846294386,41.08299981453456,82.71399929071777,23.212000087369233,2.297001628903672,149.30600082152523,1,1
2079,object,25522.874334161,49.580001359572634,98.52799848886207,24.720000510569662,3.1090021366253495,175.9370024956297,1,1
2080,object,25522.90099231,73.7570007913746,124.78200005716644,39.235001167980954,4.0289996832143515,241.80300169973634,1,1
2081,object,25522.930661312,50.554001063574106,152.3870014352724,43.05699985707179,4.899000487057492,250.89700284297578,1,1
2082,object,25522.956908937,70.71099753375165,158.56599929975346,29.02500273194164,3.234999894630164,261.5369994600769,1,1
2083,object,25522.984196313,95.97800089977682,193.16800171509385,62.35999899217859,6.711001333314925,358.2170029403642,1,1
2084,object,25523.011833284,81.27100227284245,146.88299779663794,26.841000362765044,2.930999471573159,257.9259999038186,1,1
2085,object,25523.038397989,68.22900104452856,120.4229993163608,27.65200042631477,2.902001142501831,219.20600192970596,1,1
2086,object,25523.066391168,42.51400241628289,132.91700088302605,34.42499655648135,3.655000909930095,213.51100076572038,1,1
2087,object,25523.093679463,97.28599980007857,185.04900072002783,55.80099968938157,8.15499879536219,346.29099900485016,1,1
2088,object,25523.136214323,49.29900023853406,1.8409991753287613,1.1310003174003214,6.270998710533604,58.54199844179675,1,0
2089,object,25523.181169028,50.41799886384979,1.7749989638105035,1.191001501865685,6.0300008044578135,59.41400013398379,1,0
2090,object,25523.226209419,53.67699850467034,2.48300057137385,1.3079989003017545,6.975002179387957,64.4430001557339,1,0
2091,object,25523.25191849,118.35499753942713,222.84100123215467,59.80000059935264,5.891000910196453,406.8870002811309,1,1
2092,object,25523.278569341,60.67099820938893,122.5949999934528,41.71000182395801,4.121000529266894,229.09700055606663,1,1
2093,object,25523.304957755,42.269999539712444,90.29400098370388,23.91499947407283,2.962999133160338,159.4419991306495,1,1
2094,object,25523.333511943,44.682998122880235,97.4809991021175,25.22200156818144,3.4769982448779047,170.86299703805707,1,1
2095,object,25523.361693175,33.27200101921335,84.17699791607447,25.720000849105418,2.3280008463189006,145.49700063071214,1,1
2096,object,25523.389955849,74.79999840143137,143.35300147649832,68.95899787195958,5.009002052247524,292.1209998021368,1,1
2097,object,25523.417233474,74.70199852832593,258.0270011094399,75.48700159532018,5.607998900813982,413.8240001339,1,1
2098,object,25523.443714851,52.65000072540715,98.72999726212583,24.986002244986594,2.9319999157451093,179.2980001482647,1,1
2099,object,25523.472490873,50.12800102122128,111.87899872311391,27.8410007013008,4.49499930255115,194.34299974818714,1,1
2100,object,25523.499309261,43.49200025899336,85.90400102548301,22.938998881727457,2.3860011424403638,154.7210013086442,1,1
2101,object,25523.541174134,46.60600097849965,2.282999048475176,1.2370001059025526,6.30200156592764,56.42800169880502,1,0
2102,object,25523.586169911,56.75200009136461,2.4660002964083105,1.3360004231799394,6.6069987951777875,67.16099960613064,1,0
2103,object,25523.63116666,47.14500028057955,2.0179977582301944,1.0090006981045008,6.056998245185241,56.22899698209949,1,0
2104,object,25523.676237594,52.26099892752245,2.7620008040685207,1.2019991117995232,7.309998181881383,63.53499702527188,1,0
2105,object,25523.721211519,47.911998990457505,2.181997842853889,1.0410003596916795,5.896999937249348,57.03199713025242,1,0
2106,object,25523.766209465,49.144000513479114,3.2429998100269586,2.233999111922458,7.544000254711136,62.164999690139666,1,0
2107,object,25523.811167858,55.534001148771495,2.387001586612314,1.3879980542697012,6.557998858625069,65.86699964827858,1,0
2108,object,25523.856194345,49.353999202139676,2.248001692350954,1.3709977793041617,6.780999683542177,59.75399835733697,1,0
2109,object,25523.901375247,64.6110020170454,3.3940013963729143,1.4899997040629387,11.063999409088865,80.55900252657011,1,0
2110,object,25523.946196014,46.72000068239868,1.800999598344788,1.0920011845882982,5.788999260403216,55.40200072573498,1,0
2111,object,25523.991311185,48.6979988636449,2.245000359835103,1.2220007192809135,6.832000508438796,58.99700045119971,1,0
2112,object,25524.036261575,114.64600174804218,3.7009995139669627,1.8749997252598405,8.412000170210376,128.63400115747936,1,0
2113,object,25524.081205178,47.26399856735952,2.1140003809705377,1.2109994713682681,6.430000212276354,57.01899863197468,1,0
2114,object,25524.126299096,60.200000007171184,2.3370012058876455,1.6099984350148588,7.5500029197428375,71.69700256781653,1,0
2115,object,25524.171306025,51.77799903322011,2.553999365773052,1.1610027286224067,6.621998181799427,62.114999309415,1,0
2116,object,25524.216316815,59.386999055277556,2.5900008040480316,2.0180013962090015,7.38999733584933,71.38499859138392,1,0
2117,object,25524.261450479,104.94000161997974,4.691999492933974,2.524997398722917,14.449000445893034,126.60599895752966,1,0
2118,object,25524.265691108,120.13499872409739,241.3000001979526,94.58899876335636,11.455002095317468,467.4789997807238,1,1
2119,object,25524.293690523,35.080996894976124,81.79300129995681,24.951001250883564,2.8129979909863323,144.63799743680283,1,1
2120,object,25524.323727971,36.964000173611566,77.08100019954145,24.597997253295034,2.348002453800291,140.99100008024834,1,1
2121,object,25524.352511418,33.24699719087221,75.41800005128607,23.201002477435395,2.128999767592177,133.99499948718585,1,1
2122,object,25524.381942531,51.539998821681365,121.1360031447839,29.756000003544614,2.9229995561763644,205.35500152618624,1,1
2123,object,25524.41374991,69.06999988132156,147.0419992983807,59.597001381916925,5.424000846687704,281.1330014083069,1,1
2124,object,25524.4424523,38.39700002572499,90.32999878400005,29.691000236198306,2.8430004022084177,161.26099944813177,1,1
2125,object,25524.472343891,67.32299880241044,199.12700008717366,69.97200034675188,6.727001164108515,343.1490004004445,1,1
2126,object,25524.500388596,51.21000140206888,89.89799971459433,23.62099985475652,3.2370007829740644,167.9660017543938,1,1
2127,object,25524.532123402,51.66899791220203,130.8230021095369,27.377998776501045,5.141999281477183,215.01199807971716,1,1
2128,object,25524.56014022,61.19699901319109,134.78500113706104,42.357998609077185,4.617999366018921,242.95799812534824,1,1
2129,object,25524.589827586,52.992996643297374,109.19100168393925,66.06099850614555,4.816000000573695,233.06099683395587,1,1
2130,object,25524.618884934,46.96399992099032,95.13799886917695,24.446002498734742,3.2229982025455683,169.77099949144758,1,1
2131,object,25524.648432287,67.3890026519075,126.30999844986945,43.72100011096336,4.581001121550798,242.00100233429112,1,1
2132,object,25524.680214288,57.50099808210507,93.21300240117125,26.29599839565344,3.297998773632571,180.30799765256234,1,1
2133,object,25524.708659286,74.32799975504167,157.80200192239136,53.35899913916364,5.336998583516106,290.8259994001128,1,1
2134,object,25524.738146038,91.1230017663911,201.3849989452865,75.16199912060983,7.258000550791621,374.92800038307905,1,1
2135,object,25524.766516365,40.031998651102185,85.69800047553144,24.02400059509091,2.753997250692919,152.50799697241746,1,1
2136,object,25524.800476941,82.27999933296815,124.08800103003159,26.47200017236173,3.703000402310863,236.54300093767233,1,1
2137,object,25524.830159045,64.32900045183487,129.75000208825804,44.48499748832546,4.685000021709129,243.2490000501275,1,1
2138,object,25524.860823749,103.82400068920106,279.1639999486506,78.64500003051944,8.366998372366652,469.99999904073775,1,1
2139,object,25524.889961389,54.26300049293786,99.66500147129409,28.83100023609586,2.8989998099859804,185.6580020103138,1,1
2140,object,25524.921746343,38.037000194890425,90.63100151252002,28.95099896704778,2.544999006204307,160.16399968066253,1,1
2141,object,25524.951857656,32.99599848105572,91.23299969360232,43.714000639738515,2.8079994081053883,170.75099822250195,1,1
2142,object,25524.981908855,36.093999369768426,92.45500041288324,28.27900243573822,2.668999513844028,159.4970017322339,1,1
2143,object,25525.01350457,37.02399772009812,81.44500316120684,26.4329974015709,2.4280016077682376,147.3299998906441,1,1
2144,object,25525.042988993,72.02900087577291,139.7480009472929,43.05699985707179,5.751000571763143,260.58500225190073,1,1
2145,object,25525.075067643,49.42599844071083,107.13300071074627,30.021001293789595,4.735000402433798,191.3150008476805,1,1
2146,object,25525.105410346,34.3489991792012,77.93199984007515,23.14100129297003,2.5459994503762573,137.96799976262264,1,1
2147,object,25525.13644456,48.259000323014334,98.23599975788966,25.779998395591974,2.920998667832464,175.19599714432843,1,1
2148,object,25525.165384216,51.297000027261674,93.39600001112558,29.67899854411371,3.3719989005476236,177.7439974830486,1,1
2149,object,25525.196814749,95.66199878463522,455.5220002657734,65.58599852724001,8.639002771815285,625.4090003494639,1,1
2150,object,25525.225811201,65.39300011354499,118.46200141008012,34.60099833318964,3.516001015668735,221.97200087248348,1,1
2151,object,25525.256814917,51.03999865241349,99.35700290952809,27.574998966883868,3.05499997921288,181.02700050803833,1,1
2152,object,25525.285712301,96.39400013838895,119.4969991047401,26.36499993968755,3.2610005291644484,245.51699971198104,1,1
2153,object,25525.31771916,46.124998334562406,104.99299969524145,24.466000468237326,2.921002305811271,178.50500080385245,1,1
2154,object,25525.349739171,72.1139986126218,146.1220017517917,53.8869971933309,5.231002432992682,277.35399999073707,1,1
2155,object,25525.38309686,47.03800004790537,85.90099969296716,23.393000446958467,2.6099987735506147,158.9419989613816,1,1
2156,object,25525.41402043,66.57700214418583,105.543000245234,29.971000913064927,3.178000042680651,205.2690033451654,1,1
2157,object,25525.446116806,48.89299816568382,90.27700070873834,25.96299964352511,2.635999408084899,167.76899792603217,1,1
2158,object,25525.477880883,32.16299955965951,74.86699905712157,28.56799983419478,2.2610001906286925,137.85899864160456,1,1
2159,object,25525.506571879,36.74500112538226,86.19100117357448,26.399997295811772,5.493002390721813,154.82900198549032,1,1
2160,object,25525.537214543,45.62899994198233,90.47599814948626,24.431999918306246,2.357999619562179,162.894997629337,1,1
2161,object,25525.567018291,43.000000005122274,95.13500117463991,24.97499735909514,2.716002200031653,165.82600073888898,1,1
2162,object,25525.600497648,85.21199924871325,165.54200192331336,31.71199932694435,4.387999069876969,286.85399956884794,1,1
2163,object,25525.628500881,36.04800076573156,88.60899833962321,30.61499955947511,2.430999302305281,157.70299796713516,1,1
2164,object,25525.657680378,32.03799860784784,75.4610009607859,23.426000552717596,2.2029998945072293,133.12800001585856,1,1
2165,object,25525.686516288,37.35300197149627,86.26999988337047,32.809999538585544,2.6279994926881045,159.0610008861404,1,1
2166,object,25525.715919458,43.82099723443389,92.29200077243149,23.50000067963265,2.91600008495152,162.52899877144955,1,1
2167,object,25525.746049048,75.86599895148538,126.53000158024952,27.82099909381941,3.4330005291849375,233.65000015473925,1,1
2168,object,25525.775145803,45.23200186667964,90.35699986270629,27.04299913602881,3.078999725403264,165.711000590818,1,1
2169,object,25525.804531027,64.58600182668306,133.89800005825236,39.13299951818772,4.0570012060925364,241.67400260921568,1,1
2170,object,25525.833189957,41.975999920396134,94.12199869984761,24.66099977027625,2.2550011635757983,163.0139995540958,1,1
2171,object,25525.863432025,58.28299981658347,119.40200056415051,28.97300146287307,2.929999027401209,209.58800087100826,1,1
2172,object,25525.891847176,54.23800030257553,96.01899728295393,33.30300023662858,3.2380012271460146,186.79799904930405,1,1
2173,object,25525.920714925,43.833999370690435,84.19699952355586,23.829001293051988,2.425000275252387,154.28500046255067,1,1
2174,object,25525.948432116,44.22699930728413,95.56899749441072,23.101001715986058,2.544999006204307,165.44199752388522,1,1
2175,object,25525.978312134,102.56399764330126,152.2290003777016,29.80200224556029,4.35699985246174,288.9520001190249,1,1
2176,object,25526.005985729,64.80700176325627,112.58499944233336,31.101000786293298,3.3659998734947294,211.85900186537765,1,1
2177,object,25526.034803998,56.483997468603775,113.2140023401007,44.30699846125208,4.8149995564017445,218.8199978263583,1,1
2178,object,25526.062354795,47.25499820779078,97.84899884834886,26.50600072229281,3.05499997921288,174.66499775764532,1,1
2179,object,25526.088674364,50.46699880040251,93.33500202046707,23.892000172054395,3.0099981813691556,170.70399917429313,1,1
2180,object,25526.118437062,88.1750020198524,180.8139968488831,113.78900308045559,14.55899837310426,397.33700032229535,1,1
2181,object,25526.144877165,119.30500113521703,165.53200111957267,43.92199844005518,8.789000276010484,337.54800097085536,1,1
2182,object,25526.171203394,45.33800165518187,95.33200136502273,31.132000003708526,3.32999843521975,175.13200145913288,1,1
2183,object,25526.197966688,51.679999160114676,121.15700155845843,41.995001083705574,3.073997504543513,217.9059993068222,1,1
2184,object,25526.224306744,44.36599920154549,87.10499969311059,23.8900029216893,2.9129987524356693,158.27400056878105,1,1
2185,object,25526.252609645,87.86400212557055,100.58000043500215,27.464997401693836,3.7190002331044525,219.628000195371,1,1
2186,object,25526.278570028,53.47299884306267,81.45399988279678,24.937002308433875,2.6899979275185615,162.55399896181189,1,1
2187,object,25526.307512301,46.61999992094934,91.04100172407925,24.668999685673043,2.6849993446376175,165.01500067533925,1,1
2188,object,25526.33525381,46.09999814420007,94.15699969395064,27.663001674227417,2.6900015654973686,170.6100010778755,1,1
2189,object,25526.361880204,34.88199945422821,110.56000221287832,28.53099795174785,2.6749985408969223,176.6479981597513,1,1
2190,object,25526.390682567,75.50000009359792,163.3830033824779,64.38799755414948,3.950000973418355,307.22100200364366,1,1
2191,object,25526.417343088,51.835999329341576,104.03900159872137,31.097999453777447,3.440000000409782,190.41300038225017,1,1
2192,object,25526.444646093,55.008997151162475,117.53299986594357,54.85300061991438,4.1570019675418735,231.5519996045623,1,1
2193,object,25526.471596234,53.415998991113156,116.49299995042384,51.07700053486042,4.543999239103869,225.52999871550128,1,1
2194,object,25526.498285876,33.316999179078266,89.27499948185869,25.40800051065162,2.4789987946860492,150.47899796627462,1,1
2195,object,25526.527548253,44.32299829204567,112.43699918850325,40.082999475998804,3.359000402269885,200.2019973588176,1,1
2196,object,25526.553994852,50.043996452586725,83.9080021250993,23.73100141994655,2.9339971661102027,160.61699716374278,1,1
2197,object,25526.581621343,42.479998228373006,86.71700197737664,24.62699922034517,3.0529990908689797,156.8769985169638,1,1
2198,object,25526.607594544,45.13500243774615,84.54099952359684,23.816999600967392,2.6130001060664654,156.10600166837685,1,1
2199,object,25526.633773525,39.66299846069887,85.56700049666688,24.568998924223706,2.7890018827747554,152.5879997643642,1,1
2200,object,25526.662077957,56.23600009130314,203.6160003626719,40.16299862996675,3.312001354061067,303.32700043800287,1,1
2201,object,25526.689204509,63.31800250336528,125.00299999373965,30.8599992422387,3.5769990063272417,222.75800074567087,1,1
2202,object,25526.716332997,47.617999371141195,95.46400178805925,29.393999284366146,3.444001777097583,175.92000222066417,1,1
2203,object,25526.742760038,67.09900117130019,119.4889991893433,42.45099989930168,4.171000909991562,233.21000116993673,1,1
2204,object,25526.769202498,41.802999476203695,83.92000017920509,23.535001673735678,2.574000973254442,151.8320023023989,1,1
2205,object,25526.797407728,59.06299702473916,152.87400310626253,26.144000003114343,3.683999239001423,241.76499937311746,1,1
2206,object,25526.823492059,49.82999962521717,115.0739990407601,28.00000220304355,2.9699986043851823,195.873999473406,1,1
2207,object,25526.851354967,64.88500002888031,99.5860027614981,31.129999115364626,3.544999344740063,199.1460012504831,1,1
2208,object,25526.877631887,59.038000472355634,124.19799895724282,43.539999751374125,4.334000550443307,231.10999973141588,1,1
2209,object,25526.904068508,41.36300049140118,107.79500007629395,29.177997930673882,2.7230016712564975,181.0590001696255,1,1
2210,object,25526.932477417,38.90899824909866,102.67100151395425,42.200997995678335,3.8799989852122962,187.66099674394354,1,1
2211,object,25526.958684361,50.791997637134045,149.8890014772769,26.664998586056754,3.9149999793153256,231.26099767978303,1,1
2212,object,25526.985599903,48.38899985770695,97.91100092115812,26.990997866960242,3.0039991543162614,176.29499780014157,1,1
2213,object,25527.011865299,36.69700163300149,80.7959986559581,30.23700264748186,2.3379980120807886,150.06800094852224,1,1
2214,object,25527.038479882,45.65299968817271,88.55299893184565,24.097000277834013,2.9180009732954204,161.2209998711478,1,1
2215,object,25527.067627687,65.8310018479824,177.31999832903966,50.26600047131069,4.898000042885542,298.3150006912183,1,1
2216,object,25527.093556651,53.64499884308316,100.70999996969476,24.5769988396205,3.0289993446785957,181.96099699707702,1,1
2217,object,25527.120617588,50.95899905427359,106.47800081642345,33.11800173833035,3.977998858317733,194.53300046734512,1,1
2218,object,25527.146815131,104.16000077384524,305.8180009247735,126.30999844986945,9.382998541695997,545.6709986901842,1,1
2219,object,25527.172886994,78.84199658292346,233.15400176215917,79.81100134202279,6.97699942975305,398.78399911685847,1,1
2220,object,25527.203575889,65.5289986752905,122.85299817449413,29.969000024721026,5.330002750270069,223.68099962477572,1,1
2221,object,25527.229390993,66.43699816777371,148.1200015405193,31.406998459715396,3.588000254239887,249.5519984222483,1,1
2222,object,25527.257689805,52.26100256550126,100.49099728348665,25.057001039385796,3.1039999157655984,180.9130008041393,1,1
2223,object,25527.284600966,90.51700180862099,235.31699844170362,97.73200144991279,8.790000720182434,432.3560024204198,1,1
2224,object,25527.310259799,105.07800107006915,91.4310003281571,25.733999791555107,2.597997081466019,224.84099827124737,1,1
2225,object,25527.338647192,71.97700324468315,151.46399891818874,76.42999844392762,5.55400038138032,305.4250009881798,1,1
2226,object,25527.3648287,47.672001528553665,96.45200043451041,37.707999581471086,3.19199898513034,185.0240005296655,1,1
2227,object,25527.411188194,51.23499795445241,2.002001565415412,1.6589983715675771,6.401001883205026,61.296999774640426,1,0
2228,object,25527.45632437,67.04200131935067,3.9570004446431994,2.2899985197000206,9.392999345436692,82.68199962913059,1,0
2229,object,25527.501369796,89.44600267568603,5.187997885514051,2.34500112128444,12.39400080521591,109.37300248770043,1,0
2230,object,25527.546409158,87.80600182944909,4.189998435322195,2.520999260013923,11.615000403253362,106.13199992803857,1,0
2231,object,25527.591282734,61.95799869601615,3.6270030250307173,2.0749976101797074,8.225000783568248,75.88500011479482,1,0
2232,object,25527.63628304,58.05500040878542,1.811000402085483,1.1379997886251658,5.9060002968180925,66.91000089631416,1,0
2233,object,25527.681387564,89.05999857233837,5.046000296715647,2.8419999580364674,12.303000403335318,109.2509992304258,1,0
2234,object,25527.726271691,55.78199852607213,3.4100012271665037,1.8149985407944769,7.884002116043121,68.89100041007623,1,0
2235,object,25527.771297707,72.57299876073375,3.7710015021730214,2.6339985197409987,9.7760021162685,88.75400089891627,1,0
2236,object,25527.816478723,102.0419986161869,4.78799847769551,2.9860020731575787,13.421999028651044,123.23799819569103,1,0
2237,object,25527.861357157,62.70800076890737,4.348999937064946,2.710999979171902,7.997001375770196,77.76500206091441,1,0
2238,object,25527.906211408,47.48299761558883,2.505003067199141,1.3499993656296283,5.861998943146318,57.199998991563916,1,0
2239,object,25527.951227443,47.29200009023771,2.248998498544097,1.186999725177884,6.064001354388893,56.79199966834858,1,0
2240,object,25527.996192839,60.62900138203986,1.9219987734686583,2.1659980120602995,9.041003067977726,73.75800123554654,1,0
2241,object,25528.041178939,48.13700070371851,2.002001565415412,1.6080011846497655,6.0919992392882705,57.83900269307196,1,0
2242,object,25528.086168559,46.97000258602202,2.2369968064595014,1.2780001270584762,5.9490012063179165,56.43400072585791,1,0
2243,object,25528.121444123,54.331998398993164,135.81800158135593,40.377999539487064,5.418998625827953,235.9469981456641,1,1
2244,object,25528.14740734,38.3100014005322,85.64699965063483,26.08399881864898,2.763001248240471,152.80400111805648,1,1
2245,object,25528.175099127,52.19800004852004,92.41299994755536,27.033001970266923,3.1650015444029123,174.80900351074524,1,1
2246,object,25528.201022857,54.97399979503825,94.8449996940326,23.688000510446727,2.5800000003073364,176.0869999998249,1,1
2247,object,25528.226815354,44.27599924383685,83.8230007502716,24.313001631526276,2.7599999157246202,155.17200154135935,1,1
2248,object,25528.256611807,49.36600089422427,94.81999950367026,28.231999749550596,3.258999640820548,175.67699978826568,1,1
2249,object,25528.284358938,69.46299981791526,109.63000022456981,23.038999643176794,2.269000106025487,204.40099979168735,1,1
2250,object,25528.312080196,32.35500116716139,80.24400085560046,25.017998268594965,2.287000825162977,139.9040011165198,1,1
2251,object,25528.340538298,44.45299782673828,100.7979990390595,24.740002118051052,3.0609990062657744,173.05199799011461,1,1
2252,object,25528.366948551,51.142000302206725,112.01600136701018,31.581999792251736,3.430999640841037,198.17100110230967,1,1
2253,object,25528.397927429,93.1979993765708,174.43400065531023,45.04100070334971,5.932000931352377,318.6050016665831,1,1
2254,object,25528.423944866,43.91900074551813,111.86399933649227,36.3670005754102,3.29399699694477,195.44399765436538,1,1
2255,object,25528.451478412,49.86600106349215,97.95000005397014,24.010998458834365,2.830998710123822,174.65799828642048,1,1
2256,object,25528.479370918,39.08299913746305,81.62800077116117,23.44799941056408,2.6609995984472334,146.81999891763553,1,1
2257,object,25528.507440756,33.05100108264014,76.4600008551497,22.82499917782843,2.2989988792687654,134.63499999488704,1,1
2258,object,25528.537079765,33.30899926368147,80.56400110945106,25.53100057411939,2.320000930922106,141.72400187817402,1,1
2259,object,25528.563100654,45.38299981504679,88.25900295050815,24.3499998759944,2.529999619582668,160.522002261132,1,1
2260,object,25528.59034566,63.04000271484256,104.09099922981113,28.73899939004332,3.3860014809761196,199.25600281567313,1,1
2261,object,25528.616317225,91.97100007440895,220.19199968781322,98.70599751593545,8.348000847036019,419.21699812519364,1,1
2262,object,25528.641865361,63.601997680962086,164.91900169057772,27.882000722456723,2.73999830824323,259.14299840223975,1,1
2263,object,25528.67254108,38.88200080837123,100.02300041378476,25.908000679919496,2.292999852215871,167.10600175429136,1,1
2264,object,25528.700587126,85.50499842385761,146.54700134997256,53.759998991154134,5.460002284962684,291.272001049947,1,1
2265,object,25528.746162357,42.9519968747627,2.296001184731722,1.1379997886251658,5.786001565866172,52.17199941398576,1,0
2266,object,25528.791472009,85.39099871995859,6.657999620074406,4.051998985232785,13.025000953348354,109.12599827861413,1,0
2267,object,25528.836288204,58.79300078959204,2.811000740621239,1.6660014807712287,7.82399729359895,71.09400030458346,1,0
2268,object,25528.881181182,44.62499782675877,2.4569999368395656,1.1600022844504565,5.879999662283808,54.1219997103326,1,0
2269,object,25528.926301672,76.09100066474639,4.341000021668151,2.2079984773881733,8.754002919886261,91.39400208368897,1,0
2270,object,25528.936804295,54.785999964224175,9.981999028241262,1.3940007193014026,38.28999979305081,104.45199950481765,2,1
2271,object,25528.962048211,49.88200089428574,81.36999895214103,23.853001039242372,3.1819981813896447,158.2869990670588,2,1
2272,object,25529.016272266,68.9450025674887,2.6339985197409987,1.8040009308606386,8.716000593267381,82.09900261135772,2,0
2273,object,25529.061315614,89.69900227384642,3.3819997042883188,1.7380007193423808,11.254000128246844,106.07300282572396,2,0
2274,object,25529.106406247,101.45399937755428,4.534002073341981,2.7649984986055642,18.761002138489857,127.51400208799168,2,0
2275,object,25529.151419237,120.5059998028446,1.9849976524710655,1.139000232797116,7.063001248752698,130.69299893686548,2,0
2276,object,25529.196347578,70.7219987816643,2.4420005502179265,1.439002517145127,7.9219971667043865,82.52499901573174,2,0
2277,object,25529.241305984,99.28700092132203,4.094999894732609,2.4429973564110696,10.900002962443978,116.72500113490969,2,0
2278,object,25529.286425315,114.20800001360476,4.637000529328361,2.9809998522978276,13.599998055724427,135.42599845095538,2,0
2279,object,25529.331435685,78.2550014264416,3.520999598549679,1.8430000636726618,8.87100031832233,92.49000140698627,2,0
2280,object,25529.376275147,78.84000297053717,2.87799775833264,1.8909995560534298,9.441002475796267,93.05000276071951,2,0
2281,object,25529.421177058,59.60500129731372,3.3429969334974885,1.4170000213198364,7.2020011430140585,71.5669993951451,2,0
2282,object,25529.466245751,74.49500117218122,2.2130006982479244,1.8130012904293835,11.268999514868483,89.79000267572701,2,0
2283,object,25529.511195976,52.13600161368959,2.0560000848490745,1.252999936696142,5.842997779836878,61.28799941507168,2,0
2284,object,25529.556461163,103.77999933552928,4.69000224256888,2.5039989850483835,13.304997992236167,124.27899855538271,2,0
2285,object,25529.601237947,78.36799704818986,3.2800016924738884,1.6259982658084482,15.205001545837149,98.47899855230935,1,0
2286,object,25529.646212689,81.30299829645082,2.215001586591825,1.1379997886251658,7.260001439135522,91.91600111080334,1,0
2287,object,25529.691169467,45.36999767879024,1.972999598365277,1.5510013327002525,6.038000719854608,54.93199932971038,1,0
2288,object,25529.73619373,55.321997933788225,2.715001755859703,1.434000296285376,7.462000212399289,66.93300019833259,1,0
2289,object,25529.781234812,59.18500028201379,4.012999852420762,2.064000000245869,7.537000783486292,72.79900091816671,1,0
2290,object,25529.826265301,67.24600098095834,3.059998562093824,1.925000105984509,8.415001502726227,80.6460011517629,1,0
2291,object,25529.87131684,53.85999975260347,2.764001692412421,1.4520010154228657,7.539998478023335,65.6160009384621,1,0
2292,object,25529.916460761,90.27299893205054,4.307999915909022,2.5789995561353862,5.040001269662753,102.1999996737577,0,0
2293,object,25529.961387712,3.0100018193479627,8.1369980762247,2.9950024327263236,2.668999513844028,16.811001842143014,0,0
2294,object,25530.006211563,2.7560017770156264,3.6719975469168276,1.3950011634733528,0.8160022844094783,8.639002771815285,0,0
2295,object,25530.051198237,1.9379986042622477,3.4990007407031953,1.119999069487676,0.8900024113245308,7.44700082577765,0,0
2296,object,25530.096202136,1.9510007405187935,3.5129996831528842,0.971998815657571,0.8840033842716366,7.320002623600885,0,0
2297,object,25530.141204718,1.696000254014507,5.378002242650837,1.4969991752877831,1.229000190505758,9.800001862458885,0,0
2298,object,25530.186414786,4.017001629108563,7.9219971667043865,3.068002115469426,2.214997948613018,17.221998859895393,0,0
2299,object,25530.231228695,2.0049992599524558,3.492001269478351,1.1179981811437756,0.8780007192399353,7.4929994298145175,0,0
2300,object,25530.276173951,1.672000507824123,3.354001819388941,1.196000084746629,0.890999217517674,7.113001629477367,0,0
2301,object,25530.321541154,3.649998689070344,8.557999535696581,3.0180017347447574,2.6089983293786645,17.834998288890347,0,0
2302,object,25530.366436996,2.8030008252244443,7.782000466249883,2.773998858174309,2.258999302284792,15.617999451933429,0,0
2303,object,25530.411203592,3.7999998312443495,6.9640009314753115,2.2719978005625308,1.5370023902505636,14.573000953532755,0,0
2304,object,25530.456209665,1.9649996829684824,3.8329999370034784,1.1789998097810894,1.1929987522307783,8.169998181983829,0,0
2305,object,25530.501385509,3.606000973377377,7.274997187778354,3.0960000003688037,2.6000016077887267,16.57699976931326,0,0
2306,object,25530.546222894,2.2940002963878214,4.464000085135922,1.4789984561502934,1.491000148234889,9.727998985908926,0,0
2307,object,25530.591542623,3.522000042721629,7.3070004873443395,2.734999725362286,2.3760003386996686,15.940000594127923,0,0
2308,object,25530.636420584,4.238998371874914,8.289000106742606,3.479002771200612,3.043998731300235,19.050999981118366,0,0
2309,object,25530.681259203,2.806998963933438,3.691999154398218,1.1030024325009435,1.2849995982833207,8.88700014911592,0,0
2310,object,25530.726419968,3.0760020308662206,7.675000233575702,2.7099995349999517,2.429998858133331,15.891000657575205,0,0
2311,object,25530.77152152,3.0080009310040623,7.793998520355672,2.8649992600549012,2.3979991965461522,16.064997907960787,0,0
2312,object,25530.816239557,1.8739992810878903,3.3430005714762956,0.9899995347950608,0.8650022209621966,7.072001608321443,0,0
2313,object,25530.861430315,3.7390018405858427,7.3119990702252835,2.725999365793541,2.3380016500595957,16.115001926664263,0,0
2314,object,25530.906229876,1.5740006347186863,3.8180005503818393,1.7219972505699843,0.853000528877601,7.966998964548111,0,0
2315,object,25530.951227077,1.8659993656910956,3.926001227227971,1.4319994079414755,0.8870010788086802,8.111001079669222,0,0
2316,object,25530.996211129,1.372998667648062,3.549001121427864,1.014999725157395,1.305001205764711,7.242000719998032,0,0
2317,object,25531.041228757,2.248998498544097,3.983001079177484,1.1730007827281952,0.8960014383774251,8.301001798827201,0,0
2318,object,25531.086249125,2.4039982235990465,5.219000740908086,1.881999196484685,1.1600022844504565,10.665000445442274,0,0
2319,object,25531.131256909,2.1999985619913787,4.027999239042401,1.248001353815198,1.18200114229694,8.658000297145918,0,0
2320,object,25531.176446521,2.4760011001490057,5.137000698596239,1.3289973139762878,1.7640013538766652,10.706000466598198,0,0
2321,object,25531.221247577,2.6660018193069845,4.711000656243414,1.4209981600288302,0.9559989848639816,9.75399962044321,0,0
2322,object,25531.266208241,1.4540019037667662,3.7709978641942143,1.429001713404432,0.9020004654303193,7.556001946795732,0,0
2323,object,25531.311446009,2.582000888651237,5.551999493036419,1.6169979062397033,0.9740033419802785,10.725001629907638,0,0
2324,object,25531.356220029,1.9370017980691046,3.4289987524971366,1.104999682866037,0.8700008038431406,7.341001037275419,0,0
2325,object,25531.401417882,3.564000508049503,10.560997907305136,3.358003596076742,2.9009970603510737,20.383999071782455,0,0
2326,object,25531.446216999,2.1279993234202266,3.4660006349440664,1.1599986464716494,0.7750022632535547,7.529000868089497,0,0
2327,object,25531.491362398,2.8190006560180336,7.120001100702211,2.3619977582711726,1.8520004232414067,14.152999938232824,0,0
2328,object,25531.536257407,1.7430029402021319,3.4320000850129873,1.7169986676890403,0.8419992809649557,7.734000973869115,0,0
2329,object,25531.581263391,2.626002242323011,5.432997568277642,2.240001776954159,1.3309982023201883,11.629999789875,0,0
2330,object,25531.626265082,1.987002178793773,4.868998075835407,1.696000254014507,1.3130011211615056,9.865001629805192,0,0
2331,object,25531.671412416,3.650002327049151,7.618000381626189,2.686996595002711,1.996002538362518,15.951001842040569,0,0
2332,object,25531.716468853,3.4869990486185998,6.262001988943666,1.8840000848285854,1.2950004020240158,12.928001524414867,0,0
2333,object,25531.761376056,2.853998012142256,6.624999514315277,2.4040018615778536,2.3270004021469504,14.209999790182337,0,0
2334,object,25531.806444925,3.0279989005066454,6.935999408597127,2.8750000637955964,57.53900040872395,70.37799878162332,0,0
2335,object,25531.851487033,3.1179988582152873,9.161001798929647,2.9719994927290827,2.2950007405597717,17.54600089043379,0,0
2336,object,25531.896232889,2.163997123716399,3.811001079156995,1.0730000212788582,0.9380019037052989,7.986000127857551,0,0
2337,object,25531.941398735,2.659999154275283,7.590999302919954,2.7669993869494647,2.390999725321308,15.40899756946601,0,0
2338,object,25531.986490418,3.517001459840685,8.584000170230865,3.0569972295779735,1.9270009943284094,17.084999853977934,0,0
2339,object,25532.031169714,2.0139996195212007,3.8080033846199512,1.009997504297644,0.990999978967011,7.823000487405807,0,0
2340,object,25532.076217882,1.6599988157395273,3.059001755900681,1.1159972927998751,0.772000930737704,6.6069987951777875,0,0
2341,object,25532.121208957,2.321001375094056,8.229999366449192,1.992000761674717,0.9949981176760048,13.53799962089397,0,0
2342,object,25532.16619087,3.0230003176257014,4.174999048700556,1.2849995982833207,0.857999111758545,9.340998076368123,0,0
2343,object,25532.211198744,1.4969991752877831,3.8710022636223584,1.2289965525269508,0.8980023267213255,7.495000318158418,0,0
2344,object,25532.256400243,2.2360000002663583,4.689998604590073,1.4870020095258951,1.9179969967808574,10.330997611163184,0,0
2345,object,25532.301337908,1.9549988792277873,7.070000719977543,1.7790007404983044,1.9830004021059722,12.787000741809607,0,0
2346,object,25532.346161324,1.5830009942874312,2.6749985408969223,1.209999027196318,0.7640010153409094,6.231999577721581,0,0
2347,object,25532.39141864,2.959000994451344,7.381000614259392,1.5989971871022135,2.5520021154079586,14.491000911220908,0,0
2348,object,25532.436834462,3.739998646778986,9.716000931803137,3.544999344740063,3.058998117921874,20.05999704124406,0,0
2349,object,25532.48117595,1.3620010577142239,3.3999967854470015,1.101001544157043,0.8610004442743957,6.723999831592664,0,0
2350,object,25532.526312251,2.143999154213816,6.3209990912582725,1.7519996617920697,2.007000148296356,12.223998055560514,0,0
2351,object,25532.571443422,6.116002623457462,16.57599932514131,4.4579974201042205,3.054003173019737,30.20400254172273,0,0
2352,object,25532.616412095,3.32999843521975,7.719001587247476,2.7799978852272034,2.3790016712155193,16.20799957890995,0,0
2353,object,25532.661282139,2.0320003386586905,3.9039987314026803,1.2040000001434237,1.8030004866886884,8.942999556893483,0,0
2354,object,25532.706170121,1.4170000213198364,3.725999704329297,1.5209989214781672,0.8089991752058268,7.472997822333127,0,0
2355,object,25532.751467127,3.6909987102262676,7.146001735236496,2.6130001060664654,2.2649983293376863,15.714998880866915,0,0
2356,object,25532.796241088,2.4649998522363603,3.903001925209537,1.157997758127749,1.3790013326797634,8.90500086825341,0,0
2357,object,25532.84114857,1.5469995560124516,3.3709984563756734,1.0160001693293452,0.9079994924832135,6.841997674200684,0,0
2358,object,25532.88618881,1.5529985830653459,3.873003151966259,0.9519972081761807,0.7199996616691351,7.097998604876921,0,0
2359,object,25532.931201725,2.2509993868879974,3.9629994716960937,1.3300013961270452,0.9629984560888261,8.506998710799962,0,0
2360,object,25532.976185553,1.5890000213403255,3.6819983506575227,1.3319986464921385,0.8800016075838357,7.482998626073822,0,0
2361,object,25533.021359001,3.7200006772764027,7.409002137137577,2.753997250692919,2.4190012481994927,16.30200131330639,0,0
2362,object,25533.066212782,1.8809987523127347,3.273002221249044,1.3669996405951679,0.8649985829833895,7.385999197140336,0,0
2363,object,25533.111468459,3.4000004234258085,7.1020003815647215,2.5759982236195356,2.2170024749357253,15.295001503545791,0,0
2364,object,25533.156537636,3.7539975892286748,7.443999493261799,2.6270026864949614,2.5709996407385916,16.395999409724027,0,0
2365,object,25533.20133653,2.3169995984062552,4.175999492872506,1.3940007193014026,1.1499978427309543,9.036997653311118,0,0
2366,object,25533.246214763,2.2330023057293147,3.974997525801882,1.029002305585891,1.0329968063160777,8.269998943433166,0,0
2367,object,25533.291388099,2.8619979275390506,7.393999112537131,3.0520022846758366,2.139000571332872,15.44699989608489,0,0
2368,object,25533.336165011,1.901000359794125,3.35000004270114,1.047999830916524,0.8030001481529325,7.1020003815647215,0,0
2369,object,25533.381228512,2.3520005925092846,4.1149978642351925,1.1640004231594503,0.8820024959277362,8.513001375831664,0,0
2370,object,25533.426365106,2.5000008463393897,7.312999514397234,2.4360015231650323,1.4949982869438827,13.744000170845538,0,0
2371,object,25533.471198764,1.6330013750120997,3.5469965951051563,0.9960021998267621,0.8269998943433166,7.003000064287335,0,0
2372,object,25533.516501017,3.4889999369625,8.374001481570303,3.1560011848341674,2.712000423343852,17.731003026710823,0,0
2373,object,25533.561367277,3.0089977371972054,6.636000762227923,2.597000275272876,2.2550011635757983,14.496999938273802,0,0
2374,object,25533.606201463,1.5750010788906366,3.8489997677970678,1.4830002328380942,0.9739997040014714,7.88100078352727,0,0
2375,object,25533.65136366,2.8600006771739572,7.356000423897058,2.6039997464977205,2.196000423282385,15.01600127085112,0,0
2376,object,25533.696479179,3.4989971027243882,7.451002602465451,2.644999767653644,2.1849991753697395,15.779998648213223,0,0
2377,object,25533.741259222,2.4660002964083105,3.888999344781041,1.243002770934254,1.2419986887834966,8.840001100907102,0,0
2378,object,25533.786389764,2.767999831121415,7.941998774185777,2.87899820250459,2.734999725362286,16.323996533174068,0,0
2379,object,25533.831353311,2.944998414022848,6.169000698719174,2.8649992600549012,1.9660001271404326,13.944998499937356,0,0
2380,object,25533.876240874,1.7040001694113016,3.62699938705191,1.0129988368134946,1.3650023902300745,7.709000783506781,0,0
2381,object,25533.921198826,1.682001311564818,3.306999133201316,1.028998667607084,0.824002199806273,6.842001312179491,0,0
2382,object,25533.966214852,1.553999027237296,3.4420008887536824,1.5170007827691734,0.9449977369513363,7.457998435711488,0,0
2383,object,25534.011234001,1.7650017980486155,4.276000254321843,1.4920005924068391,0.9180002962239087,8.451002941001207,0,0
2384,object,25534.056191823,1.7549973563291132,3.5630000638775527,1.4140023267827928,0.8770002750679851,7.609000022057444,0,0
2385,object,25534.101411948,3.002001903951168,5.679998139385134,1.2700002116616815,1.3019998732488602,11.254000128246844,0,0
2386,object,25534.146224248,1.9309991330374032,3.7370009522419423,1.410997356288135,0.9610012057237327,8.039998647291213,0,0
2387,object,25534.191321108,2.7170026442036033,6.588998076040298,2.6189991331193596,1.8570026441011578,13.782002497464418,0,0
2388,object,25534.236250891,1.9990002328995615,3.3619980968069285,1.205000444315374,0.9239993232768029,7.489998097298667,0,0
2389,object,25534.281183329,1.887001417344436,3.64600055036135,1.2239979696460068,0.9499999578110874,7.70699989516288,0,0
2390,object,25534.326207042,1.5300029190257192,3.5519988159649074,1.095999323297292,0.7150010787881911,6.89300213707611,0,0
2391,object,25534.371328905,3.002001903951168,5.098998371977359,1.7339989426545799,0.8950009942054749,10.730000212788582,0,0
2392,object,25534.416335348,3.001001459779218,6.38699930277653,2.1749983716290444,1.9450017134658992,13.508000847650692,0,0
2393,object,25534.461317649,2.6990019250661135,6.95799826644361,2.577002305770293,2.2040003386791795,14.438002835959196,0,0
2394,object,25534.5061958,1.8559985619504005,6.989001121837646,1.6170015442185104,1.810996764106676,12.272997992113233,0,0
2395,object,25534.551344204,3.1050003599375486,6.902999302837998,2.396001946181059,2.0509978639893234,14.454999472945929,0,0
2396,object,25534.596408374,3.203000233042985,6.977999873925,2.5839981390163302,2.1360028767958283,14.901001122780144,0,0
2397,object,25534.641260753,1.9459985196590424,4.933001036988571,1.6230005712714046,1.3179997040424496,9.819999831961468,0,0
2398,object,25534.686224807,1.5930017980281264,19.2259976756759,1.0650001058820635,0.8490023901686072,22.733001969754696,0,0
2399,object,25534.731401336,3.230998117942363,7.315000402741134,2.5600020308047533,2.254997525596991,15.360998077085242,0,0
2400,object,25534.776177754,1.853000867413357,3.5439989005681127,1.5350015019066632,0.9489995136391371,7.88100078352727,0,0
2401,object,25534.821400634,3.406999894650653,8.310002158395946,3.155000740662217,2.482996933395043,17.35499972710386,0,0
2402,object,25534.866591344,3.815999662037939,7.634997018612921,2.944001607829705,2.4820001272019,16.876998415682465,0,0
2403,object,25534.911321636,2.6470006559975445,6.334001227514818,2.0420011423993856,2.1749983716290444,13.198001397540793,0,0
2404,object,25534.956463724,4.555000487016514,8.90500086825341,2.9619986889883876,2.491000486770645,18.913000531028956,0,0
2405,object,25535.001430019,3.2659991120453924,6.83799953549169,2.510998456273228,2.1690029825549573,14.784000086365268,0,0
2406,object,25535.046289484,1.9830004021059722,4.55000190413557,1.9260005501564592,1.3479984772857279,9.80700133368373,0,0
2407,object,25535.091361924,2.9570001061074436,7.689002814004198,2.576998667791486,1.8909995560534298,15.114001143956557,0,0
2408,object,25535.136403182,2.787997800623998,6.788999598938972,2.9889997676946223,1.996002538362518,14.56199970562011,0,0
2409,object,25535.181424389,3.158998879371211,7.509999704780057,2.882999979192391,2.16899934457615,15.72099790791981,0,0
2410,object,25535.226368814,3.040997398784384,7.043003279250115,2.362998202443123,2.297001628903672,14.744000509381294,0,0
2411,object,25535.271451243,3.139000909868628,8.761999197304249,3.592998837120831,3.0470000638160855,18.540999008109793,0,0
2412,object,25535.316459018,3.674002073239535,7.8789998951833695,3.188000846421346,2.1749983716290444,16.916001186473295,0,0
2413,object,25535.361380752,2.9009970603510737,10.306001058779657,3.7390018405858427,2.4179971660487354,19.36399712576531,0,0
2414,object,25535.406402936,3.1479976314585656,7.909999112598598,2.7000023692380637,2.381999365752563,16.13999847904779,0,0
2415,object,25535.451226091,1.9839972082991153,3.1890012905932963,1.3649987522512674,0.8440001693088561,7.381997420452535,0,0
2416,object,25535.49623976,1.6740013961680233,3.8149992178659886,1.2060008884873241,1.1129995982628316,7.808001100784168,0,0
2417,object,25535.541329161,2.029002644121647,4.288998752599582,1.3280005077831447,0.957999873207882,8.604001777712256,0,0
2418,object,25535.586206104,1.4790020941291004,3.5720004234462976,1.024996890919283,1.0690018825698644,7.1450012910645455,0,0
2419,object,25535.631215936,1.9790022633969784,3.7049976526759565,1.1850024748127908,0.9279974619857967,7.796999852871522,0,0
2420,object,25535.676188078,1.45800004247576,3.5430020943749696,0.9849973139353096,0.8170027285814285,6.803002179367468,0,0
2421,object,25535.721213507,1.5320001693908125,4.379999154480174,1.405001967214048,0.9649993444327265,8.282000635517761,0,0
2422,object,25535.766224887,2.282999048475176,4.220000846544281,1.363001501886174,0.9420000424142927,8.808001439319924,0,0
2423,object,25535.811208068,1.6789999790489674,3.597000613808632,1.119999069487676,0.9780014806892723,7.374001143034548,0,0
2424,object,25535.856199428,1.3900025805924088,3.5429984563961625,1.1500014807097614,0.8379975042771548,6.9210000219754875,0,0
2425,object,25535.90119969,3.835997631540522,6.301001121755689,2.7030000637751073,0.8620008884463459,13.701999705517665,0,0
2426,object,25535.946181533,1.43899887916632,3.6240016925148666,0.990999978967011,0.8179995347745717,6.872000085422769,0,0
2427,object,25535.991406117,2.7950009098276496,7.987000572029501,3.1710005714558065,2.781998773571104,16.73500082688406,0,0
2428,object,25536.036466155,4.639998223865405,10.948999261017889,3.598001057980582,3.454999387031421,22.641997929895297,0,0
2429,object,25536.081283065,1.549000444356352,3.3799988159444183,0.990999978967011,1.1730007827281952,7.093000021995977,0,0
2430,object,25536.126190917,1.4300021575763822,3.326000296510756,0.976997398538515,0.9140021575149149,6.647002010140568,0,0
2431,object,25536.171437784,2.1310006559360772,3.0429982871282846,1.267002517124638,0.7809976523276418,7.221999112516642,0,0
2432,object,25536.216395396,3.5240009310655296,7.213999197119847,2.7599999157246202,2.1419982658699155,15.639998309779912,0,0
2433,object,25536.261186385,1.720000000204891,3.4510012483224273,1.0049989214166999,0.8569986675865948,7.032998837530613,0,0
2434,object,25536.306198592,1.43899887916632,3.879002179019153,1.0689982445910573,0.7760027074255049,7.163002010202035,0,0
2435,object,25536.351558415,4.277997504686937,12.042000889778137,4.961999366059899,3.5960001696366817,24.877997930161655,0,0
2436,object,25536.396371728,3.5580014809966087,6.458001735154539,1.934997271746397,1.2410018825903535,13.192002370487899,0,0
2437,object,25536.441401153,3.3810028980951756,7.158996595535427,2.686003426788375,2.411998138995841,15.638001059414819,0,0
2438,object,25536.486401399,3.430999640841037,7.498998456867412,2.750002749962732,2.595999831100926,16.276000678772107,0,0
2439,object,25536.531193937,1.6849990061018616,3.977998858317733,1.348002115264535,1.0510011634323746,8.062001143116504,0,0
2440,object,25536.57641536,2.9990005714353174,7.662001735297963,2.943997969850898,2.4600012693554163,16.065001545939595,0,0
2441,object,25536.621476395,4.575998900691047,10.318999557057396,3.8710022636223584,3.1199997465591878,21.88600046792999,0,0
2442,object,25536.666423748,3.3100004657171667,8.446000720141456,3.0470000638160855,2.6950001483783126,17.49800139805302,0,0
2443,object,25536.711457268,3.3520009310450405,7.591999747091904,2.6999987312592566,2.4479995772708207,16.091998986667022,0,0
2444,object,25536.75623758,2.224998752353713,3.6140008887741715,1.5609984984621406,1.139000232797116,8.538998372387141,0,0
2445,object,25536.80120351,1.992000761674717,3.430999640841037,1.0750009096227586,0.9979994501918554,7.496000762330368,0,0
2446,object,25536.84619777,1.7660022422205657,3.720997483469546,1.2250020517967641,0.9059986041393131,7.618000381626189,0,0
2447,object,25536.891173217,1.9169965526089072,2.982000296469778,1.258002157555893,0.7230009941849858,6.880000000819564,0,0
2448,object,25536.936242933,2.5180015654768795,4.985999112250283,2.2269996406976134,1.468000846216455,11.199001164641231,0,0
2449,object,25536.98119655,1.3919998309575021,3.616998583311215,1.0309995559509844,0.9130017133429646,6.952999683562666,0,0
2450,object,25537.026520324,3.5569973988458514,5.734000296797603,1.8659993656910956,1.0470030247233808,12.204000086057931,0,0
2451,object,25537.071156866,1.5019977581687272,3.2960015232674778,0.9379982657264918,0.8660026651341468,6.6020002122968435,0,0
2452,object,25537.116269384,2.1089981601107866,4.7290013753809035,1.0709991329349577,1.0889998520724475,8.997998520499095,0,0
2453,object,25537.161816147,3.3620017347857356,8.6069994722493,5.974998202873394,4.0480008465237916,21.99200025643222,0,0
2454,object,25537.206381162,7.554001058451831,11.207001080038026,2.8899994504172355,4.174999048700556,25.82600063760765,0,0
2455,object,25537.251193804,2.148000930901617,3.720997483469546,1.1500014807097614,0.9619980119168758,7.9809979069978,0,0
2456,object,25537.296263374,1.5840014384593815,3.4510012483224273,1.2919990695081651,0.9459981811232865,7.27299993741326,0,0
2457,object,25537.341528367,3.3510004868730903,7.0739988586865366,3.0320006771944463,4.573001206154004,18.030001228908077,0,0
2458,object,25537.386264371,2.173997927457094,5.5679993238300085,1.8560021999292076,1.434997102478519,11.03299655369483,0,0
2459,object,25537.431197391,1.8479986465536058,3.707002178998664,1.0409967217128724,1.005002559395507,7.601000106660649,0,0
2460,object,25537.47672377,3.9529986679553986,12.647000403376296,1.625001459615305,1.0939984349533916,19.31899896590039,0,0
2461,object,25537.521684466,3.993001882918179,12.92999877477996,3.324999852338806,1.104999682866037,21.353000192902982,0,0
2462,object,25537.566192552,1.4409997675102204,3.496999852359295,0.9659997886046767,1.2349992175586522,7.138998626032844,0,0
2463,object,25537.611658784,9.235998732037842,12.519001757027581,1.3649987522512674,3.006000042660162,26.125999283976853,0,0
2464,object,25537.656371579,3.8100006349850446,8.62600063555874,1.676999090705067,1.0260009730700403,15.139001334318891,0,0
2465,object,25537.701320361,2.987999323522672,18.113001715391874,2.8670001483988017,2.1599989850074053,26.128000172320753,0,0
2466,object,25537.746214167,1.8659993656910956,3.9280021155718714,1.6649973986204714,1.0540024959482253,8.513001375831664,0,0
2467,object,25537.791214977,1.8179998733103275,3.9819969970267266,1.5350015019066632,0.8659990271553397,8.200997399399057,0,0
2468,object,25537.836286486,2.3280008463189006,5.044999852543697,2.158998540835455,1.3690005289390683,10.90099976863712,0,0
2469,object,25537.88127338,1.5830009942874312,3.463999746600166,1.0429976100567728,1.1320007615722716,7.221999112516642,0,0
2470,object,25537.926207226,1.720000000204891,4.019999323645607,1.3470016710925847,0.8940005500335246,7.981001544976607,0,0
2471,object,25537.971186208,1.582000550115481,3.4429976949468255,1.3500030036084354,0.8019997039809823,7.177000952651724,0,0
2472,object,25538.016192153,1.9759972929023206,3.2669995562173426,0.9970026439987123,0.8419992809649557,7.081998774083331,0,0
2473,object,25538.061499231,3.9799997466616333,10.412000847281888,3.9109982026275247,3.258999640820548,21.561998437391594,0,0
2474,object,25538.106251215,2.3180000425782055,4.6960012696217746,1.481999788666144,1.272001100005582,9.768002200871706,0,0
2475,object,25538.151232099,2.1550004021264613,3.958997695008293,1.1360025382600725,1.0259973350912333,8.27599797048606,0,0
2476,object,25538.196196871,1.9220024114474654,3.187000402249396,1.1889969755429775,0.7970011211000383,7.095000910339877,0,0
2477,object,25538.241365886,3.3220021578017622,6.865000614197925,3.1059971661306918,2.582000888651237,15.875000826781616,0,0
2478,object,25538.286232308,2.6620000426191837,5.932000931352377,1.7709971871227026,1.3019998732488602,11.666998034343123,0,0
2479,object,25538.331209064,2.172000677092001,4.112000169698149,1.034000888466835,0.8819988579489291,8.200000593205914,0,0
2480,object,25538.376324429,3.0990013328846544,7.253001967910677,1.958997017936781,1.677002728683874,13.988003047415987,0,0
2481,object,25538.421181792,1.6949998098425567,3.864999598590657,1.1550000635907054,1.2460004654712975,7.960999937495217,0,0
2482,object,25538.466165134,1.7929996829479933,3.2940006349235773,1.205000444315374,0.7970011211000383,7.089001883286983,0,0
2483,object,25538.511284117,2.344997483305633,5.794001481262967,1.8290011212229729,1.9369981600902975,11.90499824588187,0,0
2484,object,25538.556234289,2.3229986254591495,4.231002094456926,1.3019998732488602,0.8309980330523103,8.686998626217246,0,0
2485,object,25538.601230708,2.4280016077682376,4.198001988697797,1.3219978427514434,1.2540003808680922,9.20200182008557,0,0
2486,object,25538.646322359,3.1859999580774456,5.002999387215823,1.3300013961270452,1.2839991541113704,10.802999895531684,0,0
2487,object,25538.691199238,1.4119978004600853,3.496999852359295,0.981002813205123,0.8879978850018233,6.777998351026326,0,0
2488,object,25538.736330878,3.4889999369625,4.325000190874562,1.0429976100567728,1.3270000636111945,10.18399780150503,0,0
2489,object,25538.781249155,1.9040016923099756,4.249999619787559,1.2950004020240158,1.0259973350912333,8.474999049212784,0,0
2490,object,25538.826211592,1.7470010789111257,3.9159967855084687,1.3019998732488602,1.3870012480765581,8.351998985745013,0,0
2491,object,25538.871186454,1.4950019249226898,3.320998075651005,1.0210023901890963,0.8120005077216774,6.6490028984844685,0,0
2492,object,25538.916266397,2.5930021365638822,4.0099985199049115,1.1660013115033507,1.368000084767118,9.137002052739263,0,0
2493,object,25538.961385122,2.855002094293013,6.890000804560259,2.87799775833264,2.0940024114679545,14.717003068653867,0,0
2494,object,25539.00619263,2.5459994503762573,5.12300175614655,1.3849967217538506,1.7860002117231488,10.839998139999807,0,0
2495,object,25539.051396235,3.19299942930229,6.734997441526502,2.8510003176052123,2.6000016077887267,15.378998796222731,0,0
2496,object,25539.096178159,1.4139986888039857,3.5759985621552914,1.3500030036084354,0.8859969966579229,7.225997251225635,0,0
2497,object,25539.141325291,2.5950030249077827,6.811998900957406,2.4849978217389435,2.010001480812207,13.902001228416339,0,0
2498,object,25539.186335983,4.960002115694806,9.036997653311118,4.887002432951704,1.938999048434198,20.823001250391826,0,0
2499,object,25539.231210377,1.5230034478008747,3.5569973988458514,1.0490002750884742,0.9040013537742198,7.03300247550942,0,0
2500,object,25539.276476769,3.522000042721629,8.988001354737207,3.2809984986670315,2.2510030248668045,18.042002920992672,0,0
2501,object,25539.32121528,1.514999894425273,4.116998752579093,1.1119991540908813,1.4409997675102204,8.184997568605468,0,0
2502,object,25539.366443833,3.335997462272644,8.15599923953414,3.283003024989739,2.6669986255001277,17.44199835229665,0,0
2503,object,25539.411520334,4.118999640922993,10.756000847322866,3.1569979910273105,3.1150011636782438,21.146999642951414,0,0
2504,object,25539.456204616,1.7710008251015097,4.7100002120714635,1.5069999790284783,1.0879994079004973,9.076000424101949,0,0
2505,object,25539.501178196,2.0240004232618958,4.102003003936261,1.0849980753846467,0.910000380827114,8.121001883409917,0,0
2506,object,25539.546230164,1.9639992387965322,3.9590013329871,1.6550002328585833,0.9479990694671869,8.525999874109402,0,0
2507,object,25539.591420809,2.8180002118460834,7.56599911255762,3.0900009733159095,2.4459986889269203,15.919998986646533,0,0
2508,object,25539.636192496,1.4930010365787894,3.569999535102397,1.820000761654228,0.9279974619857967,7.810998795321211,0,0
2509,object,25539.681216511,1.4880024536978453,4.138997610425577,1.2849995982833207,1.3220014807302505,8.234001143136993,0,0
2510,object,25539.726139102,2.0699990272987634,3.869001375278458,1.0219991963822395,0.8259994501713663,7.786999049130827,0,0
2511,object,25539.771175933,1.314998371526599,3.5820012271869928,1.3520002539735287,0.9249997674487531,7.173999620135874,0,0
2512,object,25539.816213838,1.5469995560124516,3.9370024751406163,1.3709977793041617,0.9440009307581931,7.799000741215423,0,0
2513,object,25539.861195062,1.7730017134454101,4.5289998524822295,1.2239979696460068,0.8499991963617504,8.375998731935397,0,0
2514,object,25539.906261033,2.526001480873674,4.185996658634394,1.2370001059025526,0.9650029824115336,8.914001227822155,0,0
2515,object,25539.95121409,1.6089979908429086,4.089000867679715,1.501000951975584,0.8540009730495512,8.053000783547759,0,0
2516,object,25539.996233951,2.167002094211057,4.122000973438844,1.0139992809854448,0.8850001904647797,8.188002539100125,0,0
2517,object,25540.041158721,1.634998625377193,3.9490005292464048,1.1930023902095854,0.9679970389697701,7.744998583802953,0,0
2518,object,25540.086194074,1.8220016499981284,3.5819975892081857,1.1900010576937348,0.8989991329144686,7.4929994298145175,0,0
2519,object,25540.131270098,2.133998350473121,6.012000085320324,1.815998984966427,1.77200126927346,11.733998690033332,0,0
2520,object,25540.176195558,1.9500002963468432,3.7999998312443495,1.014999725157395,0.8940005500335246,7.659000402782112,0,0
2521,object,25540.22131649,4.086003173142672,8.997998520499095,2.172000677092001,2.0560000848490745,17.312002455582842,0,0
2522,object,25540.266173961,1.7719976312946528,3.406999894650653,1.2660020729526877,0.790998456068337,7.2359980549663305,0,0
2523,object,25540.311227135,2.1140003809705377,3.9959995774552226,1.14399881567806,0.9260002116207033,8.179998985724524,0,0
2524,object,25540.35626096,1.9069993868470192,4.019999323645607,1.5900004655122757,0.9869982022792101,8.503997378284112,0,0
2525,object,25540.40115559,1.6260019037872553,3.4519980545155704,0.9969990060199052,1.2550008250400424,7.329999789362773,0,0
2526,object,25540.446150991,1.815998984966427,2.974000381072983,1.4190009096637368,0.9920004231389612,7.201000698842108,0,0
2527,object,25540.491244408,1.7329984984826297,4.462999640963972,1.7990023479796946,0.9260002116207033,8.921000699047,0,0
2528,object,25540.536228899,1.8950013327412307,4.212997737340629,1.357999281026423,1.04300124803558,8.508999599143863,0,0
2529,object,25540.581404148,2.8039976314175874,7.288002962013707,2.9660004656761885,2.4619985197205096,15.519999578827992,0,0
2530,object,25540.626739678,3.139000909868628,7.773000106681138,3.2520001695957035,2.2169988369569182,16.381000023102388,0,0
2531,object,25540.671197036,1.7759994079824537,2.7700007194653153,1.1880001693498343,0.819996785139665,6.553997081937268,0,0
2532,object,25540.716196839,1.4620018191635609,3.5049997677560896,1.047999830916524,0.8309980330523103,6.845999450888485,0,0
2533,object,25540.761224987,2.4410001060459763,4.4480002543423325,1.172000338556245,1.047999830916524,9.109000529861078,0,0
2534,object,25540.806229969,2.2170024749357253,4.148998414166272,1.1609990906435996,0.7790004019625485,8.306000381708145,0,0
2535,object,25540.851181891,2.0379993657115847,3.3420001273043454,1.5219993656501174,0.9430004865862429,7.84499934525229,0,0
2536,object,25540.896170905,1.4359975466504693,3.372999344719574,0.990999978967011,1.0500007192604244,6.8499975895974785,0,0
2537,object,25540.94120939,1.9420003809500486,3.969002136727795,1.7499987734481692,0.8189999789465219,8.480001270072535,0,0
2538,object,25540.986369807,2.529999619582668,7.856000593164936,2.6759989850688726,1.9219987734686583,14.983997971285135,0,0
2539,object,25541.031159406,1.8099999579135329,3.2059979275800288,1.3380013115238398,0.8739989425521344,7.227998139569536,0,0
2540,object,25541.07618349,1.5090008673723787,3.711000317707658,1.0980002116411924,0.9549985406920314,7.27299993741326,0,0
2541,object,25541.121192429,1.6230005712714046,2.8289978217799217,1.391003024764359,0.8319984772242606,6.674999895039946,0,0
2542,object,25541.166209166,1.6749982023611665,4.0570012060925364,1.63400181918405,1.1219999578315765,8.48800118546933,0,0
2543,object,25541.211398683,2.48300057137385,7.3979972512461245,2.710999979171902,2.283002686453983,14.87500048824586,0,0
2544,object,25541.256424259,3.6089986679144204,8.113998774206266,2.688000677153468,2.240001776954159,16.650999896228313,0,0
2545,object,25541.30120623,1.481999788666144,3.5570010368246585,1.028998667607084,1.1500014807097614,7.218000973807648,0,0
2546,object,25541.346154894,1.5069999790284783,7.672999345231801,1.5410005289595574,0.833999365568161,11.554999218787998,0,0
2547,object,25541.391207014,1.6550002328585833,3.621000359999016,1.0939984349533916,1.1970005289185792,7.56699955672957,0,0
2548,object,25541.436252832,1.8749997252598405,4.012999852420762,1.1519987310748547,0.8829993021208793,7.922997610876337,0,0
2549,object,25541.481175931,1.9280014385003597,3.550998371792957,1.086998963728547,0.8620008884463459,7.42799966246821,0,0
2550,object,25541.526179614,1.6369995137210935,4.026998794870451,0.9570030670147389,0.8499991963617504,7.471000571968034,0,0
2551,object,25541.571199747,1.686999894445762,3.6860001273453236,1.095999323297292,1.2640011846087873,7.733000529697165,0,0
2552,object,25541.616187064,1.652999344514683,3.3620017347857356,1.019998308038339,1.2030031939502805,7.238002581289038,0,0
2553,object,25541.661376806,2.1979976736474782,5.649002559948713,1.7089987522922456,1.724998583085835,11.280997568974271,0,0
2554,object,25541.706212077,1.49600236909464,3.7190002331044525,1.3850003597326577,0.8269998943433166,7.427002856275067,0,0
2555,object,25541.751267188,2.2050007828511298,4.628000169759616,1.4190009096637368,1.4779980119783431,9.729999874252826,0,0
2556,object,25541.796166324,1.3830031093675643,3.497996658552438,0.990999978967011,0.8840033842716366,6.75600313115865,0,0
2557,object,25541.841236707,2.7039968699682504,4.6430031943600625,1.2780001270584762,1.0429976100567728,9.667997801443562,0,0
2558,object,25541.886196156,2.224998752353713,3.6320016079116613,1.1379997886251658,0.9010000212583691,7.896000170148909,0,0
2559,object,25541.931237941,1.8829996406566352,5.55400038138032,12.837997928727418,1.2090022210031748,21.484000171767548,0,0
2560,object,25541.97648761,3.8609978219028562,29.72899892483838,5.130001227371395,2.6950001483783126,41.41499812249094,0,0
2561,object,25542.021408209,3.0190021789167076,7.381000614259392,2.573997335275635,2.4750006559770554,15.44900078442879,0,0
2562,object,25542.06622231,2.125998435076326,3.6150013329461217,1.0990006558131427,0.8949973562266678,7.734997780062258,0,0
2563,object,25542.111195687,1.562999386806041,3.068998921662569,0.8919996616896242,0.76700234785676,6.291000318014994,0,0
2564,object,25542.156473958,3.4010008675977588,7.195001671789214,2.74099875241518,1.953998435055837,15.29099972685799,0,0
2565,object,25542.20121005,1.7000020307023078,4.503999662119895,1.314998371526599,1.1929987522307783,8.71199881657958,0,0
2566,object,25542.246351239,3.6800011002924293,8.43800080474466,2.640997990965843,2.1500018192455173,16.90900171524845,0,0
2567,object,25542.291464411,3.083001502091065,7.973998435772955,3.1199997465591878,2.578002749942243,16.75500243436545,0,0
2568,object,25542.336179497,2.015000063693151,3.3910000638570637,1.0049989214166999,0.8380011422559619,7.249000191222876,0,0
2569,object,25542.381528389,3.4709992178250104,7.671002094866708,2.9279981390573084,2.216002030763775,16.286001482512802,0,0
2570,object,25542.426428636,3.387998731341213,7.866001396905631,12.07799869007431,2.245000359835103,25.576999178156257,0,0
2571,object,25542.471577674,3.850997018162161,7.332000677706674,2.520999260013923,2.3190004867501557,16.022997442632914,0,0
2572,object,25542.516246403,1.534001057734713,4.051998985232785,1.1939991964027286,1.1980009730905294,7.978000212460756,0,0
2573,object,25542.561391202,3.016997652594,6.853999366285279,2.5139997887890786,2.3180000425782055,14.702996850246564,0,0
2574,object,25542.606171697,1.3540011423174292,3.392997314222157,1.0160001693293452,0.8570023055654019,6.620000931434333,0,0
2575,object,25542.651377593,2.6429988793097436,6.4779997046571225,2.5180015654768795,1.920001523103565,13.55900167254731,0,0
1,sign,25512.957190278,0.4079993232153356,1.9940016500186175,0.7009984983596951,44.18699973030016,47.28999920189381,1,1
2,sign,25512.981991729,22.26699871243909,52.97499956213869,23.74299947405234,2.0710031094495207,101.05600085807964,1,1
3,sign,25513.026234967,57.7649989281781,2.7329988370183855,1.4890028978697956,7.209997420432046,69.19699808349833,1,0
4,sign,25513.0713299,71.73299673013389,2.764001692412421,2.143999154213816,9.00699888006784,85.64799645682797,1,0
5,sign,25513.116741389,214.77100017364137,6.998998287599534,4.488003469305113,19.3859996215906,245.64400155213661,1,0
6,sign,25513.16110319,30.69000013056211,2.140001015504822,0.9069990483112633,4.592999175656587,38.329999370034784,1,0
7,sign,25513.206406378,14.2680000863038,1.1759984772652388,0.5689980753231794,2.116001269314438,18.128997908206657,1,0
8,sign,25513.233464657,18.682996596908197,62.288003391586244,68.10499689891003,7.113001629477367,156.18899851688184,1,1
9,sign,25513.258140467,12.7929997688625,45.23399911704473,56.09399886452593,5.5870004871394485,119.70799823757261,1,1
10,sign,25513.311195503,73.62700125668198,2.6229972718283534,1.2550008250400424,7.679002010263503,85.18400136381388,1,0
11,sign,25513.356300281,71.83200068539008,3.703000402310863,2.1179985196795315,6.85499981045723,84.50799941783771,1,0
12,sign,25513.40117779,48.88900002697483,2.4039982235990465,0.9540017344988883,6.141999620012939,58.3889996050857,1,0
13,sign,25513.446166139,45.71899989969097,1.967997377505526,1.5090008673723787,5.564001185121015,54.75999932968989,1,0
14,sign,25513.485332093,23.25899913557805,69.94299837970175,26.895999326370656,2.469001628924161,122.56699847057462,1,1
15,sign,25513.509456444,12.68599953618832,36.00999843911268,20.470000890782103,1.6779995348770171,70.84399840096012,1,1
16,sign,25513.551197673,45.22000017459504,2.071999915642664,1.1349984561093152,5.621001037070528,54.04799958341755,1,0
17,sign,25513.596188108,44.993998017162085,2.3310021788347512,1.1400006769690663,6.092999683460221,54.55800055642612,1,0
18,sign,25513.641135985,43.78100129542872,2.2230015019886196,1.152999175246805,5.504000000655651,52.6610019733198,1,0
19,sign,25513.686344823,47.65899939229712,3.698001819429919,2.0129991753492504,6.870999641250819,60.24100002832711,1,0
20,sign,25513.731389888,90.40500299306586,5.215999408392236,3.1950003176461905,11.05099727283232,109.86699999193661,1,0
21,sign,25513.776186391,50.92900028103031,1.9899998733308166,1.3560020306613296,6.379999831551686,60.655002016574144,1,0
22,sign,25513.821462532,95.15000056126155,4.523000825429335,2.5279987312387675,10.701998689910397,112.90299880784005,1,0
23,sign,25513.866291372,75.74100163765252,4.2769970605149865,3.125001967418939,11.116000678157434,94.25900134374388,1,0
24,sign,25513.911153086,33.06700091343373,1.9430008251219988,1.1939991964027286,5.246998625807464,41.45099956076592,1,0
25,sign,25513.956451083,12.699001672444865,1.124000846175477,0.5109977792017162,1.749001967255026,16.083002265077084,1,0
26,sign,25514.001292202,11.223000910831615,0.8999995770864189,0.4760004230774939,1.4449979062192142,14.043998817214742,1,0
27,sign,25514.046305813,10.514999303268269,0.9120012691710144,0.5209985829424113,1.3370008673518896,13.285000022733584,1,0
28,sign,25514.091227289,66.34300007135607,3.344001015648246,1.5049990906845778,7.914000889286399,79.1060010669753,1,0
29,sign,25514.13623034,47.78400034410879,2.3310021788347512,1.1140000424347818,5.9109988796990365,57.14000144507736,1,0
30,sign,25514.181154896,35.6720011041034,1.6240010154433548,1.1629999789875,4.721998266177252,43.18100036471151,1,0
31,sign,25514.226320199,15.31100133433938,1.3030003174208105,0.7239978003781289,2.4860019038897008,19.82400135602802,1,0
32,sign,25514.271308088,9.9320022854954,0.8729984983801842,0.4450012056622654,1.3589997251983732,12.609001714736223,1,0
33,sign,25514.280369748,181.4360002754256,338.66000012494624,163.68599972338416,13.470998965203762,697.2529990889598,1,1
34,sign,25514.305614765,119.14100105059333,170.0409993645735,38.717000279575586,3.6480014387052506,331.5470021334477,1,1
35,sign,25514.346169778,45.65199924400076,1.8669998098630458,1.124000846175477,6.238999048946425,54.88199894898571,1,0
36,sign,25514.391184403,47.3830004921183,1.7639977158978581,0.9630020940676332,5.5870004871394485,55.69700078922324,1,0
37,sign,25514.436200342,43.154999730177224,2.3460015654563904,1.7370002751704305,6.348000169964507,53.58600174076855,1,0
38,sign,25514.481195234,51.11800055601634,2.4510009097866714,1.3239987310953438,5.933001375524327,60.82600157242268,1,0
39,sign,25514.526293433,69.2650028213393,1.958997017936781,1.1800002539530396,6.444999598897994,78.84899969212711,1,0
40,sign,25514.558000001,36.353998439153656,60.75300188967958,31.634997867513448,2.373999450355768,131.11599764670245,1,1
41,sign,25514.582101823,18.991999240824953,48.47499803872779,23.119002435123548,1.748998329276219,92.33499804395251,1,1
42,sign,25514.631214534,58.831999922404066,3.1009985832497478,2.1570012904703617,11.81799962068908,75.90799941681325,1,0
43,sign,25514.676198354,44.860000343760476,1.9700019038282335,1.104999682866037,5.421999958343804,53.35700188879855,1,0
44,sign,25514.72117444,44.88400008995086,1.8949976947624236,1.2210002751089633,5.717000021832064,53.71699808165431,1,0
45,sign,25514.766207003,48.299003537977114,1.9749968487303704,1.2760028766933829,6.389000191120431,57.9390034545213,1,0
46,sign,25514.811275317,66.07999966945499,3.297001967439428,1.6779995348770171,7.896000170148909,78.95100134192035,1,0
47,sign,25514.856403843,82.38299778895453,4.121000529266894,1.9610015442594886,11.046999134123325,99.51199899660423,1,0
48,sign,25514.901176542,48.83899964625016,2.158001734642312,1.2359996617306024,6.846999895060435,59.08000093768351,1,0
49,sign,25514.94647587,70.5599995853845,2.467997546773404,1.4470024325419217,7.226997695397586,81.70199726009741,1,0
50,sign,25514.991403465,109.52299999189563,5.773999873781577,2.306001988472417,12.765998690156266,130.3690005443059,1,0
51,sign,25515.036225969,51.06100070406683,2.477998350514099,1.0840012691915035,6.440997822210193,61.06399814598262,1,0
52,sign,25515.081440002,75.3700005589053,3.164001100230962,1.2179989425931126,7.6739997894037515,87.42600039113313,1,0
53,sign,25515.126209759,52.36899960436858,2.4170003598555923,1.1550000635907054,6.225000106496736,62.166000134311616,1,0
54,sign,25515.171459908,97.88399984245189,4.864999937126413,3.0000010156072676,11.613999959081411,117.36300075426698,1,0
55,sign,25515.216191949,34.00300192879513,1.7189995560329407,1.0139992809854448,4.0859995351638645,40.82200030097738,1,0
56,sign,25515.261250373,46.05699723470025,2.9030015866737813,1.6339981812052429,4.56900306744501,55.16300007002428,1,0
57,sign,25515.306149442,35.19000165397301,2.124997990904376,0.9979994501918554,4.399000317789614,42.71199941285886,1,0
58,sign,25515.35122334,40.54400051245466,2.3889988369774073,1.3610006135422736,5.639998562401161,49.9339985253755,1,0
59,sign,25515.396258278,98.14900113269687,3.9349979488179088,2.264001523144543,8.368999260710552,112.71699986536987,1,0
60,sign,25515.441216141,45.26900011114776,2.330998540855944,1.1260017345193774,6.10799907008186,54.83399945660494,1,0
61,sign,25515.486336039,67.20300007145852,3.4429976949468255,1.6410012904088944,7.908998668426648,80.19599772524089,1,0
62,sign,25515.531185399,48.60300032305531,2.531000063754618,1.3040007615927607,2.1050000214017928,54.543001169804484,0,0
63,sign,25515.576176328,1.544001861475408,3.544999344740063,0.929001544136554,0.8239985618274659,6.842001312179491,0,0
64,sign,25515.62124407,2.2029998945072293,4.4910011638421565,1.2689997674897313,0.7880007615312934,8.75100158737041,0,0
65,sign,25515.666316349,3.7760000850539654,14.286997611634433,4.083001840626821,2.2079984773881733,24.353998014703393,0,0
66,sign,25515.711174025,1.6550002328585833,3.60699777957052,0.9920004231389612,0.6540030881296843,6.908001523697749,0,0
67,sign,25515.756171211,1.2620002962648869,3.0769988370593637,1.1369993444532156,1.139000232797116,6.614998710574582,0,0
68,sign,25515.801199842,1.5129990060813725,4.334000550443307,1.3569988368544728,0.9790019248612225,8.183000318240374,0,0
69,sign,25515.846252095,2.3649990907870233,15.143999917199835,1.0789990483317524,0.70999885792844,19.29799691424705,0,0
70,sign,25515.891477759,3.3139986044261605,6.494999979622662,2.7180030883755535,1.619999238755554,14.14700091117993,0,0
71,sign,25515.93712085,5.177997081773356,16.216999938478693,6.090001988923177,4.06099934480153,31.545998353976756,0,0
72,sign,25515.981328863,1.5120021998882294,3.8990001485217363,1.1989977792836726,0.8870010788086802,7.497001206502318,0,0
73,sign,25516.026241649,1.7220008885487914,4.212997737340629,1.7130005289800465,1.5949990483932197,9.242998203262687,0,0
74,sign,25516.071205257,1.4789984561502934,3.7009995139669627,1.3450007827486843,0.59100057114847,7.11599932401441,0,0
75,sign,25516.116134291,1.481999788666144,3.140998160233721,1.1689990060403943,0.8090028131846339,6.600999768124893,0,0
76,sign,25516.161328652,0.36499841371551156,2.002001565415412,0.5779984348919243,0.5040019459556788,3.449000359978527,0,0
77,sign,25516.206189865,1.3520002539735287,3.5760022001340985,1.0089970601256937,0.8470015018247068,6.784001016058028,0,0
78,sign,25516.251169293,1.6160011000465602,3.836001269519329,1.2559976312331855,0.9020004654303193,7.610000466229394,0,0
79,sign,25516.296398171,1.4699980965815485,5.306999810272828,2.248001692350954,1.4209981600288302,10.44599775923416,0,0
80,sign,25516.341226817,1.8640021153260022,4.375997377792373,1.9370017980691046,1.1259980965405703,9.30299938772805,0,0
81,sign,25516.386104109,1.2710006558336318,2.983000740641728,1.134001649916172,1.0989970178343356,6.487000064225867,0,0
82,sign,25516.431165678,1.8419996195007116,3.621000359999016,1.0250005288980901,0.8139977580867708,7.301998266484588,0,0
83,sign,25516.476246344,2.283002686453983,4.2669998947530985,1.1970005289185792,0.8789975254330784,8.62600063555874,0,0
84,sign,25516.52123074,1.7800011846702546,3.7530007830355316,1.1689990060403943,1.115000486606732,7.8170014603529125,0,0
85,sign,25516.566193982,1.9710023480001837,3.3850010368041694,1.4229990483727306,0.7269991328939795,7.506001566071063,0,0
86,sign,25516.611069509,0.6770023901481181,1.9339968275744468,0.5950023478362709,0.7790004019625485,3.9850019675213844,0,0
87,sign,25516.656177761,1.2540003808680922,3.31199771608226,1.3589997251983732,0.7130001904442906,6.637998012593016,0,0
88,sign,25516.701219167,1.8270002328790724,4.167999577475712,1.9830004021059722,0.890999217517674,8.86899942997843,0,0
89,sign,25516.746192589,1.4700017345603555,3.5900011425837874,0.9830000635702163,0.6150003173388541,6.658003258053213,0,0
90,sign,25516.791634433,4.23700112150982,13.642998965224251,4.673998773796484,4.679000994656235,27.23299985518679,0,0
91,sign,25516.836595467,4.568999429466203,12.77399860555306,6.022000889061019,3.183999069733545,26.548997993813828,0,0
92,sign,25516.881067068,0.7109993021003902,1.9450017134658992,0.5510009941644967,0.8659990271553397,4.073001036886126,0,0
93,sign,25516.926351136,1.4979996194597334,3.7419995351228863,1.1379997886251658,1.1250012903474271,7.503000233555213,0,0
94,sign,25516.971223124,1.538999640615657,3.5249977372586727,1.0790026863105595,0.7960006769280881,6.939000741112977,0,0
95,sign,25517.016161443,1.2620002962648869,3.5010016290470958,0.9059986041393131,0.6789996405132115,6.348000169964507,0,0
96,sign,25517.061494128,3.124998329440132,7.828002708265558,2.6909983716905117,2.1369996829889715,15.780999092385173,0,0
97,sign,25517.106076967,0.4450012056622654,1.7329984984826297,0.5619986040983349,0.5660003807861358,3.305998689029366,0,0
98,sign,25517.151182224,1.7160018614958972,3.0329974833875895,1.4360011846292764,0.7500020728912205,6.9350026024039835,0,0
99,sign,25517.196717396,3.5609991755336523,8.874001650838181,3.245000698370859,2.192999090766534,17.873000615509227,0,0
100,sign,25517.241235643,1.6849990061018616,4.065001121489331,1.7359998309984803,0.9169998520519584,8.402999810641631,0,0
101,sign,25517.286136532,1.3749995559919626,2.4800028768368065,0.7189992174971849,0.6730006134603173,5.247002263786271,0,0
102,sign,25517.33150269,3.7859972508158535,11.693002306856215,4.003999492852017,2.8030008252244443,22.28599987574853,0,0
103,sign,25517.376200297,1.3829994713887572,7.293001544894651,1.1109987099189311,0.9479990694671869,10.734998795669526,0,0
104,sign,25517.421293129,2.2130006982479244,7.048001862131059,1.6859994502738118,1.1189986253157258,12.066000635968521,0,0
105,sign,25517.466193269,1.3989993021823466,4.53300162917003,1.1299998732283711,0.8870010788086802,7.949001883389428,0,0
106,sign,25517.511082259,0.9069990483112633,3.0910014174878597,0.8249990059994161,0.8610004442743957,5.683999916072935,0,0
107,sign,25517.556054134,0.7930029823910445,1.9039980543311685,0.6010013748891652,0.7409980753436685,4.039000486955047,0,0
108,sign,25517.601218021,1.758002326823771,3.4849981602746993,1.0390031093265861,0.7359994924627244,7.018003088887781,0,0
109,sign,25517.646475349,4.018998879473656,9.391002095071599,1.943997631315142,2.720000338740647,18.073998944601044,0,0
110,sign,25517.691274097,1.538999640615657,3.973000275436789,1.205000444315374,0.8409988367930055,7.557999197160825,0,0
111,sign,25517.736171015,1.420001353835687,3.9009973988868296,1.0470030247233808,1.1999982234556228,7.56800000090152,0,0
112,sign,25517.781339938,2.9950024327263236,4.644996806746349,1.3500030036084354,1.1409974831622094,10.130999726243317,0,0
113,sign,25517.826216143,1.4319994079414755,4.174002242507413,1.4500001270789653,0.8789975254330784,7.934999302960932,0,0
114,sign,25517.871220828,1.4429970178753138,3.7710015021730214,1.4479992387350649,0.8060014806687832,7.467999239452183,0,0
115,sign,25517.916184985,1.8410028133075684,3.8809994293842465,1.172000338556245,0.7469971023965627,7.640999683644623,0,0
116,sign,25517.961160966,1.1640004231594503,3.344001015648246,1.104999682866037,1.3850003597326577,6.998001481406391,0,0
117,sign,25518.006136226,1.172000338556245,4.585999704431742,1.1980009730905294,1.4079996617510915,8.364000677829608,0,0
118,sign,25518.051363759,0.9169998520519584,1.948999852174893,0.5689980753231794,0.5780020728707314,4.012999852420762,0,0
119,sign,25518.0961835,1.4529978216160089,3.522000042721629,1.0270014172419906,0.9110008249990642,6.913000106578693,0,0
120,sign,25518.141192657,1.9319995772093534,4.143999831285328,1.2810014595743269,0.6589980330318213,8.01599890110083,0,0
121,sign,25518.186148802,1.5039986465126276,2.978002157760784,1.2540003808680922,0.7349990482907742,6.471000233432278,0,0
122,sign,25518.231337081,1.901000359794125,3.083998308284208,1.4280012692324817,0.8079987310338765,7.220998668344691,0,0
123,sign,25518.276229511,2.1140003809705377,4.768000508192927,1.4549987099599093,1.5480000001844019,9.884999599307775,0,0
124,sign,25518.321232398,1.8509999790694565,5.440000677481294,1.6619997040834278,1.2239979696460068,10.176998330280185,0,0
125,sign,25518.366213504,1.824999344535172,3.9760016079526395,0.9819996193982661,0.7970011211000383,7.580001692986116,0,0
126,sign,25518.411415974,2.6790003175847232,8.121001883409917,2.8289978217799217,2.0030020095873624,15.632002032361925,0,0
127,sign,25518.456228326,1.5800032997503877,3.444998583290726,1.215001248056069,0.657997588859871,6.898000719957054,0,0
128,sign,25518.501154169,1.3179997040424496,3.465000190772116,1.0549993021413684,0.667001586407423,6.505000783363357,0,0
129,sign,25518.546669467,2.282002242282033,7.044000085443258,1.776999852154404,2.2039967007003725,13.306998880580068,0,0
130,sign,25518.591264531,1.619999238755554,4.113997420063242,1.563003024784848,0.7269991328939795,8.023998816497624,0,0
131,sign,25518.63644239,6.084999768063426,8.776998583925888,3.4610020520631224,1.0669973562471569,19.389997760299593,0,0
132,sign,25518.681335958,1.9409999367780983,3.5189987102057785,1.3030003174208105,0.7470007403753698,7.509999704780057,0,0
133,sign,25518.726064842,0.7109993021003902,1.857999450294301,0.6669979484286159,0.5740002961829305,3.8099969970062375,0,0
134,sign,25518.771180469,1.5069999790284783,4.3769978219643235,1.167001755675301,1.0639996617101133,8.114999218378216,0,0
135,sign,25518.816355717,3.187997208442539,5.569003405980766,2.438999217702076,1.6449994291178882,12.840999261243269,0,0
136,sign,25518.861256567,1.9090002751909196,4.366997018223628,1.0270014172419906,0.7829985406715423,8.085997251328081,0,0
137,sign,25518.906223584,1.6920021153055131,3.8580001273658127,1.1779993656091392,0.871998054208234,7.599999662488699,0,0
138,sign,25518.951272684,2.0469997252803296,4.072000592714176,1.591000909684226,0.6209993443917483,8.33100057207048,0,0
139,sign,25518.996143586,1.5890000213403255,3.053002728847787,1.862998033175245,0.8019997039809823,7.3070004873443395,0,0
140,sign,25519.041238101,2.18800050788559,4.673001967603341,1.2829987099394202,0.8799979696050286,9.02399915503338,0,0
141,sign,25519.08619094,1.7780002963263541,3.1569979910273105,1.1779993656091392,0.6840018613729626,6.796999514335766,0,0
142,sign,25519.131276409,1.5619989426340908,3.7200006772764027,1.2790005712304264,1.1880001693498343,7.749000360490754,0,0
143,sign,25519.17601759,0.7829985406715423,2.1460000425577164,0.8329989213962108,0.7269991328939795,4.488996637519449,0,0
144,sign,25519.221179379,1.9699982658494264,3.4100012271665037,1.157997758127749,0.7080016075633466,7.245998858707026,0,0
145,sign,25519.266198638,1.4889992598909885,3.4889999369625,1.0000003385357559,0.9169998520519584,6.894999387441203,0,0
146,sign,25519.311190925,1.6880003386177123,3.8139987736940384,1.1299998732283711,0.7970011211000383,7.42900010664016,0,0
147,sign,25519.356210798,1.505999534856528,3.7280005926731974,1.558000803925097,0.9859977581072599,7.777998689562082,0,0
148,sign,25519.401218774,1.8549981177784503,3.6450001061894,1.7900019884109497,0.8869974408298731,8.176997653208673,0,0
149,sign,25519.446229046,1.7829988792072982,3.616001777118072,1.2470009096432477,0.8899987733457237,7.5360003393143415,0,0
150,sign,25519.491355209,3.3010001061484218,6.694001058349386,2.573997335275635,1.3830031093675643,13.952001609141007,0,0
151,sign,25519.536331475,2.7989990485366434,7.4830022640526295,3.154000296490267,13.666998711414635,27.103000320494175,0,0
152,sign,25519.581186493,4.230998456478119,5.083002179162577,1.6320009308401495,0.9329996828455478,11.879001249326393,0,0
153,sign,25519.626089867,0.8269998943433166,2.5709996407385916,0.7829985406715423,0.6940026651136577,4.875000740867108,0,0
154,sign,25519.671208848,1.5779987734276801,2.9900002118665725,0.9809991752263159,0.8620008884463459,6.410999048966914,0,0
155,sign,25519.716147467,1.5370023902505636,2.800999936880544,1.205997250508517,0.6780028343200684,6.222002411959693,0,0
156,sign,25519.761158621,1.357999281026423,3.4570002753753215,1.2929995136801153,1.1840020306408405,7.2920011007227,0,0
157,sign,25519.806175756,1.49600236909464,3.545999788912013,1.019998308038339,0.6440022843889892,6.706002750433981,0,0
158,sign,25519.851071478,0.9060022421181202,2.9090006137266755,0.6439986464101821,0.6059999577701092,5.065001460025087,0,0
159,sign,25519.896212065,1.486001565353945,4.083998646819964,1.196000084746629,1.3319986464921385,8.097998943412676,0,0
160,sign,25519.941198868,1.2880009307991713,3.5949997254647315,0.9779978427104652,0.7849994290154427,6.645997927989811,0,0
161,sign,25519.986227792,1.9030012481380254,7.306000043172389,1.0900002962443978,0.9399991540703923,11.239000741625205,0,0
162,sign,25520.031432319,1.6039994079619646,4.3239997467026114,1.5920013538561761,0.9489995136391371,8.46900002215989,0,0
163,sign,25520.076449533,3.4570002753753215,7.803999324096367,2.7659989427775145,1.958000211743638,15.98499875399284,0,0
164,sign,25520.12119028,1.3890021364204586,3.4000004234258085,1.0179974196944386,1.0830008250195533,6.890000804560259,0,0
165,sign,25520.166176818,1.2860000424552709,3.851000656140968,1.5080004232004285,1.0420008038636297,7.687001925660297,0,0
166,sign,25520.211285826,2.5129993446171284,4.441000783117488,1.3179997040424496,1.28199826576747,9.553998097544536,0,0
167,sign,25520.256407335,2.140001015504822,5.762998625868931,2.682001650100574,1.4549987099599093,12.040000001434237,0,0
168,sign,25520.301263037,1.5040022844914347,3.420998837100342,1.0609983291942626,0.8019997039809823,6.7879991547670215,0,0
169,sign,25520.346409596,2.688000677153468,6.783997378079221,2.435001078993082,1.8169994291383773,13.723998563364148,0,0
170,sign,25520.391374589,2.873999619623646,4.3380023271311074,1.5519981388933957,0.6330010364763439,9.397001122124493,0,0
171,sign,25520.436186278,1.3570024748332798,3.359000402269885,0.9619980119168758,0.7080016075633466,6.386002496583387,0,0
172,sign,25520.481231155,1.9859980966430157,4.348999937064946,1.390999386785552,0.9800023690331727,8.705999789526686,0,0
173,sign,25520.526198468,1.410000550094992,3.7610006984323263,1.9359977159183472,0.8160022844094783,7.923001248855144,0,0
174,sign,25520.571329456,2.287000825162977,4.072997398907319,1.568001607665792,0.9539980965200812,8.881997928256169,0,0
175,sign,25520.616416474,3.459001163719222,8.602997695561498,2.1039995772298425,1.005002559395507,15.17100099590607,0,0
176,sign,25520.661251258,1.463002263335511,4.485998942982405,1.6359990695491433,0.995998561847955,8.580998837715015,0,0
177,sign,25520.706313496,1.61500065587461,4.408997483551502,1.3669996405951679,0.752999767428264,8.143997547449544,0,0
178,sign,25520.751145357,1.630000042496249,3.268000000389293,1.1730007827281952,0.5889996828045696,6.660000508418307,0,0
179,sign,25520.796482951,2.20700167119503,5.2299983508419245,1.920001523103565,1.4940014807507396,10.85100302589126,0,0
180,sign,25520.841154848,1.3509998098015785,3.7050012906547636,1.4369979908224195,0.7700000423938036,7.262999133672565,0,0
181,sign,25520.886208036,1.2999989849049598,3.4939985198434442,1.0330004442948848,0.7429989636875689,6.569996912730858,0,0
182,sign,25520.931323163,1.8309983715880662,3.6330020520836115,0.9920004231389612,0.6259979272726923,7.081998774083331,0,0
183,sign,25520.976206982,1.8380014807917178,3.3750002330634743,1.0699986887630075,0.7900016498751938,7.073002052493393,0,0
184,sign,25521.021181622,1.7999991541728377,4.139001248404384,1.4659999578725547,0.7150010787881911,8.120001439237967,0,0
185,sign,25521.066404747,2.954999217763543,7.995997293619439,3.1290001061279327,1.8640021153260022,15.943998732836917,0,0
186,sign,25521.111246066,2.296997990924865,4.23399978899397,1.1460033420007676,1.1429983715061098,8.819999493425712,0,0
187,sign,25521.156244359,1.9029976101592183,4.192999767838046,1.1660013115033507,0.7980015652719885,8.060000254772604,0,0
188,sign,25521.201501423,3.989000106230378,10.50400169333443,3.2950010790955275,2.191998646594584,19.98000152525492,0,0
189,sign,25521.246270399,1.9130020518787205,3.7299978430382907,1.047999830916524,0.7449998520314693,7.4359995778650045,0,0
190,sign,25521.291202921,1.882002834463492,3.2759999157860875,1.5049990906845778,0.6219997885636985,7.285001629497856,0,0
191,sign,25521.336248371,1.6689991753082722,4.4910011638421565,1.7549973563291132,1.1870033631566912,9.102001058636233,0,0
192,sign,25521.38125564,2.0900006347801536,4.126999556319788,1.2239979696460068,0.9450013749301434,8.385999535676092,0,0
193,sign,25521.426319395,2.574000973254442,5.586000042967498,1.2370001059025526,0.9879986464511603,10.384999768575653,0,0
194,sign,25521.47118553,1.448999682907015,3.78400000045076,1.1539996194187552,0.9709983714856207,7.357997674262151,0,0
195,sign,25521.516363002,1.9219987734686583,6.319001840893179,1.5309997252188623,0.8880015229806304,10.66000186256133,0,0
196,sign,25521.561150336,1.319996954407543,5.228001100476831,1.2130003597121686,0.8679999154992402,8.628998330095783,0,0
197,sign,25521.606403901,2.810997102642432,8.377002814086154,2.725999365793541,2.0509978639893234,15.96499714651145,0,0
198,sign,25521.651189378,1.8469982023816556,4.101002559764311,1.1839983926620334,0.7320013537537307,7.86400050856173,0,0
199,sign,25521.696212374,1.443997462047264,3.496999852359295,1.034000888466835,0.857999111758545,6.832997314631939,0,0
200,sign,25521.741200867,1.3540011423174292,3.7149984564166516,1.553999027237296,0.8940005500335246,7.5169991760049015,0,0
201,sign,25521.78616633,1.5130026440601796,3.9339975046459585,1.0639996617101133,1.1470001481939107,7.657999958610162,0,0
202,sign,25521.831467446,3.096996806561947,69.58300218684599,3.5909979487769306,2.4760011001490057,78.74699804233387,0,0
203,sign,25521.876445575,5.838002834934741,8.318998879985884,1.9449980754870921,2.026001311605796,18.128001102013513,0,0
204,sign,25521.921262905,1.8719983927439898,4.031000571558252,1.1400006769690663,0.9359973773825914,7.978997018653899,0,0
205,sign,25521.966369168,3.2290008675772697,9.478997526457533,3.40600308845751,3.511999238980934,19.626000721473247,0,0
206,sign,25522.011232778,1.6810008673928678,4.158999217906967,1.6949998098425567,0.805001036496833,8.340000931639224,0,0
207,sign,25522.056232115,1.6890007827896625,3.6419987736735493,1.2650016287807375,0.8979986887425184,7.493999873986468,0,0
208,sign,25522.101169349,1.3229982869233936,3.7200006772764027,1.124000846175477,0.9190007403958589,7.086000550771132,0,0
209,sign,25522.146189471,2.0849984139204025,3.2370007829740644,1.1599986464716494,0.8690003596711904,7.350998203037307,0,0
210,sign,25522.191211993,1.6900012269616127,3.7380013964138925,1.190997863886878,0.7660019036848098,7.385002390947193,0,0
211,sign,25522.236206301,1.8379978428129107,3.5280027077533305,1.0469993867445737,0.6699992809444666,7.0829992182552814,0,0
212,sign,25522.281253219,2.1429987100418657,4.379002348287031,1.2469972716644406,0.9800023690331727,8.74900069902651,0,0
213,sign,25522.326247124,1.639997208258137,4.264002200216055,1.5549994714092463,0.7999988156370819,8.25899769552052,0,0
214,sign,25522.371277011,1.4409997675102204,3.649001882877201,0.9929972293321043,0.8130009518936276,6.895999831613153,0,0
215,sign,25522.416299913,2.601002051960677,5.251000402495265,2.300999767612666,1.1599986464716494,11.313000868540257,0,0
216,sign,25522.461223486,1.8399987311568111,5.761001375503838,1.529999281046912,1.5190016711130738,10.650001058820635,0,0
217,sign,25522.506413757,3.203000233042985,6.802998541388661,2.77800063486211,2.426000719424337,15.210000128718093,0,0
218,sign,25522.551183371,1.1699994502123445,3.254001057939604,1.1459997040219605,1.1039992386940867,6.673999450867996,0,0
219,sign,25522.596301174,1.639000402064994,5.10300014866516,2.0190018403809518,1.3399985618889332,10.101000953000039,0,0
220,sign,25522.641191935,1.4460019883699715,3.9229998947121203,1.41999771585688,0.8429997251369059,7.631999324075878,0,0
221,sign,25522.686245844,1.6759986465331167,3.7150020943954587,1.3139979273546487,0.9979994501918554,7.7029981184750795,0,0
222,sign,25522.731398537,2.7140013116877526,5.311001586960629,1.3219978427514434,1.3030003174208105,10.650001058820635,0,0
223,sign,25522.776273973,2.1660016500391066,4.320998414186761,1.3019998732488602,0.9659997886046767,8.754999726079404,0,0
224,sign,25522.821061805,0.8700008038431406,3.854998794849962,0.6310001481324434,2.0170009520370513,7.373000698862597,0,0
225,sign,25522.866332552,2.7470014174468815,6.182999641168863,2.4000000848900527,1.9590006559155881,13.289001799421385,0,0
226,sign,25522.911160512,1.630000042496249,3.164997906424105,0.9060022421181202,0.7649978215340525,6.465998012572527,0,0
227,sign,25522.956239138,1.5730001905467361,3.787001332966611,1.071999577106908,1.1510019248817116,7.5830030255019665,0,0
228,sign,25523.001223303,1.9799990695901215,18.723003449849784,1.0569965525064617,0.7060007192194462,22.465999791165814,0,0
229,sign,25523.046367041,2.4620021576993167,4.647998139262199,1.2540003808680922,0.791002094047144,9.155002771876752,0,0
230,sign,25523.091682875,3.121000190731138,7.96299718786031,2.0320003386586905,2.8520007617771626,15.967998479027301,0,0
231,sign,25523.136308577,0.4300018190406263,2.0990009943488985,0.3629975253716111,0.42300234781578183,3.3150026865769178,0,0
232,sign,25523.181262994,0.48800211516208947,1.7329984984826297,0.4180001269560307,0.42000101529993117,3.059001755900681,0,0
233,sign,25523.226311946,0.43199906940571964,3.3290016290266067,0.4169996827840805,0.4760004230774939,4.654000804293901,0,0
234,sign,25523.271180848,1.3809985830448568,3.0859991966281086,1.0450021363794804,0.6859991117380559,6.197999027790502,0,0
235,sign,25523.31619951,3.473996912362054,8.064002031460404,1.7179991118609905,0.990999978967011,14.24699803465046,0,0
236,sign,25523.361156114,1.2560012692119926,3.3420001273043454,1.2140008038841188,0.88600063463673,6.698002835037187,0,0
237,sign,25523.406172448,1.7559978005010635,3.1669987947680056,1.4030010788701475,0.6880000000819564,7.013997674221173,0,0
238,sign,25523.451266938,1.3950011634733528,3.3229989639949054,1.0280018614139408,0.6859991117380559,6.432001100620255,0,0
239,sign,25523.496198943,1.7309976101387292,3.754001227207482,1.3210010365583003,0.7499984349124134,7.555998308816925,0,0
240,sign,25523.541267083,0.41399835026822984,2.101001882692799,0.4519970389083028,0.3660024958662689,3.3329997677356005,0,0
241,sign,25523.586285398,0.4130015440750867,2.3379980120807886,0.38800135371275246,0.40599843487143517,3.544999344740063,0,0
242,sign,25523.631268317,0.4520006768871099,1.958000211743638,0.4879984771832824,0.43800173443742096,3.336001100251451,0,0
243,sign,25523.67634227,0.4720022843685001,2.043998392764479,0.42800093069672585,0.36499841371551156,3.3090000215452164,0,0
244,sign,25523.721303682,0.3720015229191631,1.8179998733103275,0.447998900199309,0.41900057112798095,3.0570008675567806,0,0
245,sign,25523.766319331,0.47800131142139435,2.3219981812871993,0.5660003807861358,0.4760004230774939,3.8420002965722233,0,0
246,sign,25523.811272074,0.4040011845063418,14.350000128615648,0.46000059228390455,0.4309986252337694,15.645000530639663,0,0
247,sign,25523.856292368,0.4789981176145375,2.168002538383007,0.46900095185264945,0.5160000000614673,3.6320016079116613,0,0
248,sign,25523.901520545,0.7939997885841876,4.588000592775643,1.9719991541933268,0.5859983502887189,7.939997885841876,0,0
249,sign,25523.946283724,0.42000101529993117,2.144999598385766,0.3850000211969018,1.853000867413357,4.803001502295956,0,0
250,sign,25523.991410215,0.772000930737704,2.2130006982479244,0.3929999365936965,0.37399877328425646,3.7520003388635814,0,0
251,sign,25524.036437581,0.6150003173388541,2.788001438602805,0.4129979060962796,0.4080029611941427,4.2240026232320815,0,0
252,sign,25524.081299905,0.43800173443742096,1.9289982446935028,0.4399989848025143,0.4160028765909374,3.2230018405243754,0,0
253,sign,25524.126417025,0.9089999366551638,2.1810010366607457,0.40899976738728583,0.39099904824979603,3.8899997889529914,0,0
254,sign,25524.171406133,0.7490016287192702,1.8370010366197675,0.37399877328425646,0.43800173443742096,3.398003173060715,0,0
255,sign,25524.216428888,0.5199981387704611,2.3030006559565663,0.5399997462518513,0.5170004442334175,3.8799989852122962,0,0
256,sign,25524.261649978,0.5809997674077749,2.643999323481694,0.543001078767702,0.523999915458262,4.292000085115433,0,0
257,sign,25524.306234233,1.5499972505494952,4.187000740785152,1.1600022844504565,1.128999429056421,8.025999704841524,0,0
258,sign,25524.351255179,1.276999682886526,3.305998689029366,1.1420015653129667,0.7060007192194462,6.431000656448305,0,0
259,sign,25524.396402694,2.239998138975352,5.1249990065116435,3.9570004446431994,2.7960013539996,14.117998944129795,0,0
260,sign,25524.441322552,1.8610007828101516,4.6530003601219505,1.3789976947009563,0.8040005923248827,8.696999429957941,0,0
261,sign,25524.486474689,3.7799982237629592,9.04400076251477,3.0939991120249033,2.0560000848490745,17.973998183151707,0,0
262,sign,25524.531316935,2.1369996829889715,5.513000360224396,2.8279973776079714,1.3870012480765581,11.864998668897897,0,0
263,sign,25524.576197923,1.9069993868470192,3.2059979275800288,1.2400014384184033,0.6270020094234496,6.980000762268901,0,0
264,sign,25524.621086274,0.7689995982218534,2.2519998310599476,0.5369984137360007,0.7140006346162409,4.2719984776340425,0,0
265,sign,25524.666230292,1.8119972082786262,3.2410025596618652,0.9969990060199052,0.6980008038226515,6.747999577783048,0,0
266,sign,25524.711267907,1.8789978639688343,4.246001481078565,1.5759978850837797,1.3060016499366611,9.00699888006784,0,0
267,sign,25524.75621609,1.5829973563086241,3.7530007830355316,1.0180010576732457,1.0229996405541897,7.376998837571591,0,0
268,sign,25524.801041161,1.1919983080588281,2.492000930942595,0.6570007826667279,0.7329981599468738,5.073998181615025,0,0
269,sign,25524.846367366,2.696000592550263,11.342999641783535,2.2719978005625308,1.5730001905467361,17.883998225443065,0,0
270,sign,25524.891072417,1.0020012268796563,1.7599995771888644,0.5510009941644967,0.6890004442539066,4.002002242486924,0,0
271,sign,25524.936257181,1.5189980331342667,5.584999598795548,1.7220008885487914,1.9379986042622477,10.763997124740854,0,0
272,sign,25524.981196191,1.3779972505290061,3.4660006349440664,1.6750018403399736,0.6880000000819564,7.2069997258950025,0,0
273,sign,25525.026254961,2.6950001483783126,3.90199784305878,1.3300013961270452,0.871998054208234,8.798997441772372,0,0
274,sign,25525.071199364,1.4569995983038098,3.8860016502439976,1.3499993656296283,1.1509982869029045,7.84399890108034,0,0
275,sign,25525.116205421,1.6599988157395273,3.2410025596618652,1.2599994079209864,0.7230009941849858,6.884001777507365,0,0
276,sign,25525.161193531,1.920001523103565,3.416000254219398,1.157997758127749,0.7320013537537307,7.2260008892044425,0,0
277,sign,25525.206342693,3.6909987102262676,5.324000085238367,3.569002728909254,1.4839970390312374,14.067998563405126,0,0
278,sign,25525.251276962,1.4279976312536746,3.654000465758145,0.986001396086067,0.7919989002402872,6.859998393338174,0,0
279,sign,25525.29617823,1.7610000213608146,3.465000190772116,1.0379990271758288,0.6929985829629004,6.95699782227166,0,0
280,sign,25525.341172281,2.0419975044205785,4.179000825388357,1.2509990483522415,1.0830008250195533,8.55499820318073,0,0
281,sign,25525.386125749,1.630000042496249,2.7520000003278255,1.2609998520929366,0.7279995770659298,6.370999471982941,0,0
282,sign,25525.431184503,1.3210010365583003,3.2460011425428092,1.0459989425726235,0.7410017133224756,6.3540028349962085,0,0
283,sign,25525.476198148,1.5949990483932197,3.7669997254852206,1.1020019883289933,1.109998265746981,7.5739990279544145,0,0
284,sign,25525.521243884,2.210999809904024,5.112000508233905,1.6990015865303576,1.1919983080588281,10.214000212727115,0,0
285,sign,25525.56626999,1.7600032151676714,5.686997610609978,2.06800177693367,1.7139973351731896,11.22899993788451,0,0
286,sign,25525.611288706,1.9219987734686583,4.855999577557668,1.5480000001844019,1.6510020941495895,9.977000445360318,0,0
287,sign,25525.656161967,1.4239994925446808,3.3430005714762956,1.020001946017146,0.7950002327561378,6.58200224279426,0,0
288,sign,25525.701221313,1.1980009730905294,4.764999175677076,1.9280014385003597,0.8809984137769789,8.772000001044944,0,0
289,sign,25525.746585898,0.510000973008573,2.0000006770715117,0.652999005978927,0.9329996828455478,4.09600033890456,0,0
290,sign,25525.791208154,1.5779987734276801,4.2669998947530985,1.468000846216455,0.9039977157954127,8.216997230192646,0,0
291,sign,25525.836362769,1.5480000001844019,3.807999746641144,1.2130003597121686,1.1859992810059339,7.7549993875436485,0,0
292,sign,25525.881186314,1.14399881567806,2.9430011636577547,1.119999069487676,0.7439994078595191,5.95099845668301,0,0
293,sign,25525.92616311,1.4359975466504693,2.701999619603157,1.3310018402989954,0.7300004654098302,6.198999471962452,0,0
294,sign,25525.971281672,1.6880003386177123,5.570000212173909,1.6990015865303576,1.157997758127749,10.114999895449728,0,0
295,sign,25526.016154391,1.630000042496249,3.483000909909606,0.9659997886046767,0.8030001481529325,6.882000889163464,0,0
296,sign,25526.061339698,2.7370006137061864,7.771999662509188,2.6089983293786645,1.4460019883699715,14.56400059396401,0,0
297,sign,25526.106209124,1.453001459594816,3.640001523308456,1.3969984138384461,0.7950002327561378,7.285001629497856,0,0
298,sign,25526.151193442,1.2759992387145758,4.23600067733787,1.3019998732488602,0.8069982868619263,7.620998076163232,0,0
299,sign,25526.19628361,2.3470020096283406,5.586000042967498,2.277000021422282,1.3499993656296283,11.560001439647749,0,0
300,sign,25526.241199997,1.3740027497988194,3.540997568052262,1.3690005289390683,0.7039998308755457,6.9880006776656955,0,0
301,sign,25526.286391243,1.8790015019476414,3.1509989639744163,1.30099942907691,0.7839989848434925,7.11499887984246,0,0
302,sign,25526.331202669,1.6019985196180642,2.6900015654973686,1.0520016076043248,0.6509981176350266,5.994999810354784,0,0
303,sign,25526.376694862,2.677999873412773,8.671999239595607,2.7180030883755535,2.429998858133331,16.498001059517264,0,0
304,sign,25526.421268193,1.4709985407534987,3.66400126949884,1.0090006981045008,0.7669987098779529,6.910999218234792,0,0
305,sign,25526.466208245,1.9099970813840628,2.996002876898274,1.2040000001434237,0.8459974196739495,6.95599737809971,0,0
306,sign,25526.511281622,1.5410005289595574,5.501999112311751,1.5040022844914347,0.7140006346162409,9.261002560378984,0,0
307,sign,25526.556176265,1.5810001059435308,6.098998710513115,0.9870018402580172,1.5779987734276801,10.244999430142343,0,0
308,sign,25526.601245122,2.349999704165384,5.866997526027262,2.1900013962294906,1.3540011423174292,11.760999768739566,0,0
309,sign,25526.646215856,1.3829994713887572,3.998000465799123,1.158001396106556,1.115000486606732,7.654001819901168,0,0
310,sign,25526.691084508,0.7500020728912205,2.1310006559360772,0.547999661648646,0.6109985406510532,4.040000931126997,0,0
311,sign,25526.736211673,1.3229982869233936,3.549001121427864,1.0040021152235568,0.6679983926005661,6.54399991617538,0,0
312,sign,25526.781243957,1.9699982658494264,3.893001121468842,1.1209995136596262,0.9159994078800082,7.899998308857903,0,0
313,sign,25526.826163866,1.2540003808680922,2.8100002964492887,1.2649979908019304,0.8360002539120615,6.164998922031373,0,0
314,sign,25526.871228015,1.8360005924478173,3.3770011214073747,1.3520002539735287,71.07099736458622,77.63599933241494,0,0
315,sign,25526.916228216,1.9450017134658992,4.834997525904328,1.4729994290973991,1.234002411365509,9.487001079833135,0,0
316,sign,25526.961246702,2.1319974621292204,5.335001333151013,1.5260011423379183,1.6459998732898384,10.63899981090799,0,0
317,sign,25527.006213105,1.3069984561298043,3.711000317707658,1.4470024325419217,0.5090005288366228,6.974001735216007,0,0
318,sign,25527.051862504,4.2290012061130255,13.289001799421385,4.6629975258838385,3.493001713650301,25.67400224506855,0,0
319,sign,25527.096129147,0.8539973350707442,3.144003130728379,0.8659990271553397,0.8499991963617504,5.713998689316213,0,0
320,sign,25527.141376941,2.634002157719806,6.531998224090785,2.7669993869494647,1.7740021576173604,13.707001926377416,0,0
321,sign,25527.186436261,2.7810019673779607,7.713999366387725,2.4469991330988705,2.0600018615368754,15.002002328401431,0,0
322,sign,25527.2310926,1.172000338556245,2.414999471511692,0.6020018190611154,0.6129994289949536,4.802001058124006,0,0
323,sign,25527.276552462,3.6479978007264435,10.509000276215374,4.437002644408494,3.083998308284208,21.67799902963452,0,0
324,sign,25527.321206321,1.8789978639688343,3.0100018193479627,1.0320000001229346,0.8739989425521344,6.794998625991866,0,0
325,sign,25527.366069852,0.9889990906231105,2.168002538383007,0.762996933190152,0.6210029823705554,4.541001544566825,0,0
326,sign,25527.411287905,0.39699807530269027,2.392000169493258,0.4350004019215703,0.4180001269560307,3.6419987736735493,0,0
327,sign,25527.456477546,0.8500028343405575,3.907000063918531,1.0309995559509844,1.086998963728547,6.87500141793862,0,0
328,sign,25527.50156718,1.291002263315022,4.904999514110386,1.5119985619094223,1.1260017345193774,8.834002073854208,0,0
329,sign,25527.546592099,0.9380019037052989,4.338999133324251,1.1310003174003214,1.1179981811437756,7.525999535573646,0,0
330,sign,25527.59142137,0.8139977580867708,3.291999746579677,0.8499991963617504,0.9040013537742198,5.859998054802418,0,0
331,sign,25527.636386289,0.4210014594718814,2.1079977159388363,0.38700090954080224,0.42399915400892496,3.339999238960445,0,0
332,sign,25527.68158015,0.9999967005569488,5.194000550545752,1.3540011423174292,1.344000338576734,8.891998731996864,0,0
333,sign,25527.726397145,0.6989976100157946,2.9340008040890098,0.8269998943433166,0.6959999154787511,5.155998223926872,0,0
334,sign,25527.771450713,0.8559982234146446,3.8770012906752527,0.9440009307581931,0.9190007403958589,6.596001185243949,0,0
335,sign,25527.816698984,1.1039992386940867,5.25900031789206,1.9889994291588664,1.701002474874258,10.05300146061927,0,0
336,sign,25527.861503461,0.8349998097401112,3.631997969932854,1.2260024959687144,0.9489995136391371,6.641999789280817,0,0
337,sign,25527.906313911,0.45599881559610367,2.3979991965461522,0.46900095185264945,0.4930006980430335,3.815999662037939,0,0
338,sign,25527.951318579,0.37000063457526267,1.5500008885283023,0.40599843487143517,0.31900344765745103,2.645003405632451,0,0
339,sign,25527.996326509,0.8709976100362837,2.2230015019886196,0.40599843487143517,0.4390021786093712,3.9389997255057096,0,0
340,sign,25528.041273617,0.40500162867829204,2.0139996195212007,0.49599839258007705,0.45100023271515965,3.3659998734947294,0,0
341,sign,25528.086259387,0.41100065573118627,1.9789986254181713,0.4270004865247756,0.42800093069672585,3.245000698370859,0,0
342,sign,25528.131164766,1.1650008673314005,3.039000148419291,0.9839968697633594,0.6770023901481181,5.865000275662169,0,0
343,sign,25528.176086567,0.7310009095817804,2.3529973987024277,0.7369999366346747,0.6530026439577341,4.474000888876617,0,0
344,sign,25528.221181136,1.7220008885487914,4.8629990487825125,2.111999492626637,1.196000084746629,9.89299951470457,0,0
345,sign,25528.266251241,4.175002686679363,5.457997758639976,1.3560020306613296,1.128999429056421,12.11800190503709,0,0
346,sign,25528.311241113,1.486001565353945,4.086999979335815,1.2649979908019304,0.8550014172215015,7.6930009527131915,0,0
347,sign,25528.356181331,1.8360005924478173,3.507997462293133,1.1060001270379871,0.8420029189437628,7.2920011007227,0,0
348,sign,25528.40123759,2.906002919189632,7.415997970383614,1.4670004020445049,2.3520005925092846,14.141001884127036,0,0
349,sign,25528.446197995,1.4040015230420977,3.601999196689576,1.32000059238635,0.7849994290154427,7.111000741133466,0,0
350,sign,25528.491208345,1.4809993444941938,3.9430015021935105,1.5170007827691734,0.7349990482907742,7.676000677747652,0,0
351,sign,25528.536213007,1.7830025171861053,3.658999048639089,1.196000084746629,0.9499999578110874,7.5880016083829105,0,0
352,sign,25528.58119486,1.3870012480765581,3.755001671379432,1.6309968486893922,0.8210008672904223,7.594000635435805,0,0
353,sign,25528.626425313,2.5750014174263924,6.917998689459637,2.601002051960677,2.1839987311977893,14.278000890044495,0,0
354,sign,25528.671208184,1.75300010596402,3.420998837100342,1.2159980542492121,0.8300012268591672,7.219998224172741,0,0
355,sign,25528.716318833,2.1749983716290444,5.756999598816037,1.8829996406566352,1.3690005289390683,11.183998140040785,0,0
356,sign,25528.761241814,1.910997525556013,3.8440011849161237,1.5269979485310614,0.9270006557926536,8.208997314795852,0,0
357,sign,25528.806218993,1.7240017768926919,2.9459988581947982,1.2919990695081651,0.72900002123788,6.690999725833535,0,0
358,sign,25528.851412572,2.6759989850688726,4.840003384742886,1.5939986042212695,0.8899987733457237,9.999999747378752,0,0
359,sign,25528.896211451,1.4979996194597334,3.478999133221805,1.0840012691915035,0.8079987310338765,6.8689987529069185,0,0
360,sign,25528.941193273,4.223998985253274,9.75500006461516,3.097000444540754,0.8899987733457237,17.965998267754912,0,0
361,sign,25528.986383025,2.91600008495152,6.647998816333711,2.7750029403250664,1.720000000204891,14.059001841815189,0,0
362,sign,25529.031202569,1.6470003174617887,2.935998054454103,1.1709998943842947,0.7080016075633466,6.461999873863533,0,0
363,sign,25529.076160598,1.2279997463338077,2.5800000003073364,0.9879986464511603,0.7500020728912205,5.546000465983525,0,0
364,sign,25529.121207309,1.7910024325829,3.3579999580979347,0.934000127017498,0.7199996616691351,6.803002179367468,0,0
365,sign,25529.166189574,1.3450007827486843,3.703000402310863,1.381999027216807,0.7659982657060027,7.195998477982357,0,0
366,sign,25529.211185551,1.5160003385972232,3.491997631499544,1.0250005288980901,0.7369999366346747,6.769998435629532,0,0
367,sign,25529.256437728,14.25099981133826,9.866002073977143,3.2009993446990848,2.9660004656761885,30.284001695690677,0,0
368,sign,25529.301469764,3.364002623129636,8.325998351210728,4.039000486955047,2.5189983716700226,18.247999832965434,0,0
369,sign,25529.346194871,1.3710014172829688,4.697998519986868,1.7310012481175363,1.2540003808680922,9.054001566255465,0,0
370,sign,25529.391206519,1.9599974621087313,4.131001333007589,1.086998963728547,0.7800008461344987,7.957998604979366,0,0
371,sign,25529.436239777,1.706001057755202,4.330002411734313,1.386997610097751,0.8060014806687832,8.229002560256049,0,0
372,sign,25529.481237919,1.6949998098425567,4.51099913334474,1.857999450294301,0.8970018825493753,8.961000276030973,0,0
373,sign,25529.526192214,1.376996806357056,3.5379998735152185,0.9410032362211496,0.6209993443917483,6.476999260485172,0,0
374,sign,25529.571413182,2.720000338740647,7.459999324055389,2.7850001060869545,2.505003067199141,15.47000283608213,0,0
375,sign,25529.616203395,1.5990008250810206,3.7339996197260916,1.1039992386940867,0.7060007192194462,7.143000402720645,0,0
376,sign,25529.661240094,2.454999048495665,4.43000317318365,1.4589968486689031,0.8560018613934517,9.20000093174167,0,0
377,sign,25529.706435132,3.3049982448574156,7.406000804621726,2.8800022846553475,2.1229971025604755,15.713998436694965,0,0
378,sign,25529.751232976,1.4159995771478862,4.434001311892644,1.1619995348155499,0.8429997251369059,7.8550001489929855,0,0
379,sign,25529.796357213,2.007000148296356,5.574998795054853,1.253003574674949,1.1569973139557987,9.991999831981957,0,0
380,sign,25529.841189581,1.4760007616132498,4.010002157883719,1.3839999155607074,0.7669987098779529,7.637001544935629,0,0
381,sign,25529.886364585,1.7909987946040928,5.617002898361534,1.8099999579135329,1.2620002962648869,10.480001947144046,0,0
382,sign,25529.931448783,3.4429976949468255,7.788999937474728,3.0289993446785957,2.0190018403809518,16.2799988174811,0,0
383,sign,25529.976349449,2.0369989215396345,3.711000317707658,1.062999217538163,0.7590024324599653,7.570000889245421,0,0
384,sign,25530.021209988,1.6899975889828056,3.7800018617417663,1.1250012903474271,0.8219976734835654,7.4169984145555645,0,0
385,sign,25530.066395689,2.272001438541338,4.833000275539234,1.3719982234761119,1.3839999155607074,9.860999853117391,0,0
386,sign,25530.111340025,1.5570003597531468,3.8239995774347335,1.6599988157395273,1.0110015864484012,8.052000339375809,0,0
387,sign,25530.156243423,1.953998435055837,4.615001671481878,1.43899887916632,1.282001903746277,9.290000889450312,0,0
388,sign,25530.201477097,2.910997864091769,7.495000318158418,2.731001586653292,1.9199978851247579,15.056997654028237,0,0
389,sign,25530.246379623,2.9469993023667485,7.303999154828489,2.691002009669319,2.0029983716085553,14.944998838473111,0,0
390,sign,25530.291321595,2.893000782933086,4.773999535245821,2.1180021576583385,1.4259967429097742,11.21099921874702,0,0
391,sign,25530.336530631,2.793000021483749,7.58500027586706,2.6699999580159783,2.015000063693151,15.063000319059938,0,0
392,sign,25530.381475777,2.254997525596991,6.180001946631819,1.905998942675069,1.6480007616337389,11.988999176537618,0,0
393,sign,25530.426215502,1.529999281046912,3.459001163719222,1.3280005077831447,0.7729977369308472,7.089998689480126,0,0
394,sign,25530.471351194,2.854001650121063,6.1920000007376075,2.531000063754618,1.6899975889828056,13.266999303596094,0,0
395,sign,25530.516248668,1.5710029401816428,4.213998181512579,1.6289995983242989,1.1779993656091392,8.59200008562766,0,0
396,sign,25530.561311492,2.3269967641681433,5.699002940673381,2.209999365732074,1.4670004020445049,11.702999472618103,0,0
397,sign,25530.606422426,2.7389978640712798,7.500002539018169,2.7419991965871304,1.9840008462779224,14.965000445954502,0,0
398,sign,25530.651340858,2.515000232961029,5.908001185161993,2.5469998945482075,1.5459991118405014,12.51600042451173,0,0
399,sign,25530.696317083,3.1050003599375486,5.917001544730738,2.3889988369774073,1.5459991118405014,12.956999853486195,0,0
400,sign,25530.741498652,3.58899706043303,9.277002391172573,3.711997123900801,3.159002517350018,19.736999092856422,0,0
401,sign,25530.786334297,2.001997927436605,5.509999027708545,1.887001417344436,1.7040001694113016,11.102998541900888,0,0
402,sign,25530.831209846,1.6419980966020375,4.199002432869747,1.667998731136322,0.9049981599673629,8.41399742057547,0,0
403,sign,25530.876222655,18.48800093284808,6.189999112393707,2.405002305749804,1.495998731115833,28.579001082107425,0,0
404,sign,25530.921283171,1.5360019460786134,3.864999598590657,1.167998561868444,1.0399999155197293,7.609000022057444,0,0
405,sign,25530.966299769,1.800999598344788,3.1859999580774456,1.4450015441980213,0.7199996616691351,7.15200076228939,0,0
406,sign,25531.011257619,2.209999365732074,4.232999344822019,1.263000740436837,0.7470007403753698,8.4530001913663,0,0
407,sign,25531.056177887,1.743999746395275,3.4149998100474477,1.1699994502123445,0.6900008884258568,7.018999895080924,0,0
408,sign,25531.101298625,2.8050017135683447,8.695998985785991,1.844000507844612,0.8969982445705682,14.241999451769516,0,0
409,sign,25531.146191559,1.338998117716983,3.206001565558836,0.9850009519141167,0.9739997040014714,6.504000339191407,0,0
410,sign,25531.191204501,1.571999746374786,3.3559990697540343,1.2160016922280192,0.7359994924627244,6.880000000819564,0,0
411,sign,25531.236308035,1.700998836895451,3.635999746620655,1.0740004654508084,1.1219999578315765,7.532999006798491,0,0
412,sign,25531.281256402,1.9430008251219988,4.23600067733787,1.219999830937013,1.290998625336215,8.689999958733097,0,0
413,sign,25531.326216981,1.7790007404983044,4.1429993871133775,1.0369985830038786,0.7880007615312934,7.746999472146854,0,0
414,sign,25531.371433068,2.662996848812327,7.360002200584859,2.986998879350722,1.8989994714502245,14.908997400198132,0,0
415,sign,25531.416444765,2.7860005502589047,7.954000466270372,3.121000190731138,2.4559994926676154,16.31700069992803,0,0
416,sign,25531.461149382,1.5900004655122757,2.8479989850893617,1.0229996405541897,0.648000423097983,6.10899951425381,0,0
417,sign,25531.50664239,2.963002771139145,8.057999366428703,2.667999069672078,2.0420011423993856,15.731002349639311,0,0
418,sign,25531.551411605,3.35000004270114,7.783000910421833,3.143999492749572,2.044998836936429,16.321999282808974,0,0
419,sign,25531.596325186,1.9479994080029428,6.221998773980886,2.0900006347801536,1.348998921457678,11.60899773822166,0,0
420,sign,25531.641242849,1.89200000022538,3.05499997921288,1.1589982022996992,0.7360031304415315,6.842001312179491,0,0
421,sign,25531.686424647,3.0049995984882116,7.709000783506781,2.978998963953927,1.7830025171861053,15.476001863135025,0,0
422,sign,25531.73118509,1.600998075446114,3.5560005926527083,0.9830000635702163,1.1550000635907054,7.294998795259744,0,0
423,sign,25531.776416233,2.6790003175847232,7.129001460270956,2.681998012121767,2.3140019038692117,14.804001693846658,0,0
424,sign,25531.821659692,2.8710019250866026,7.733000529697165,2.7289970603305846,1.9990002328995615,15.331999748013914,0,0
425,sign,25531.866232743,1.401000190526247,3.392000508029014,1.095999323297292,0.8930001058615744,6.782000127714127,0,0
426,sign,25531.911250773,1.6619997040834278,3.7850004446227103,1.1750016710720956,1.2159980542492121,7.837999874027446,0,0
427,sign,25531.956455194,2.8890026442240924,8.43499947222881,2.7700007194653153,1.9649996829684824,16.0590025188867,0,0
428,sign,25532.001206617,1.277003320865333,3.616998583311215,1.4639990695286542,0.8280003385152668,7.186001312220469,0,0
429,sign,25532.046165946,1.6889971448108554,3.0270020943135023,0.9659997886046767,0.652999005978927,6.334998033707961,0,0
430,sign,25532.091214888,1.3669996405951679,3.582998033380136,1.014999725157395,1.0110015864484012,6.9759989855811,0,0
431,sign,25532.136384849,2.1699997887481004,4.345998604549095,1.1219999578315765,0.7300004654098302,8.367998816538602,0,0
432,sign,25532.181200004,1.3329990906640887,3.631001163739711,1.181997504318133,1.1500014807097614,7.295999239431694,0,0
433,sign,25532.226331705,2.1800005924887955,7.534999895142391,2.941000275313854,2.097000106004998,14.75300086895004,0,0
434,sign,25532.271410959,1.9479994080029428,5.492998752743006,1.8850005290005356,1.4699980965815485,10.795996786328033,0,0
435,sign,25532.316227944,1.7120000848080963,3.9330006984528154,1.5909972717054188,0.9020004654303193,8.13799852039665,0,0
436,sign,25532.361263888,1.158001396106556,3.515997377689928,1.001000782707706,1.2109994713682681,6.885999027872458,0,0
437,sign,25532.406211482,1.390999386785552,4.159999662078917,1.2330019671935588,0.7539965736214072,7.537997589679435,0,0
438,sign,25532.451366699,2.5190020096488297,7.504997483920306,2.396001946181059,1.815998984966427,14.236000424716622,0,0
439,sign,25532.496331216,1.6160011000465602,20.277999283280224,2.215001586591825,0.9869982022792101,25.09600017219782,0,0
440,sign,25532.54122598,1.8069986253976822,5.8920013543684036,1.6599988157395273,1.5170007827691734,10.875999578274786,0,0
441,sign,25532.586426672,3.0810006137471646,7.626000297022983,3.378001565579325,2.74099875241518,16.826001228764653,0,0
442,sign,25532.631226506,1.3429998944047838,3.553999704308808,1.0600015230011195,0.7669987098779529,6.723999831592664,0,0
443,sign,25532.676238685,1.3839999155607074,4.018002073280513,1.8989994714502245,0.9789982868824154,8.27999974717386,0,0
444,sign,25532.72139323,2.405999111942947,5.403002433013171,1.9759972929023206,1.18200114229694,10.966999980155379,0,0
445,sign,25532.766342588,2.6930028980132192,5.7349971029907465,2.1030027710366994,1.2889977369923145,11.82000050903298,0,0
446,sign,25532.811336438,3.4369986678939313,17.79500234988518,2.3649990907870233,1.5179975889623165,25.11499769752845,0,0
447,sign,25532.85615856,1.3620010577142239,3.5199991543777287,0.9709983714856207,0.7930029823910445,6.646001565968618,0,0
448,sign,25532.901265812,1.691998477326706,6.033998943166807,1.8410028133075684,1.6839985619299114,11.250998795730993,0,0
449,sign,25532.946306532,2.359000063734129,5.382997187552974,1.6730009519960731,1.019001501845196,10.433999705128372,0,0
450,sign,25532.991212182,1.1979973351117224,3.731001925189048,1.0570001904852688,0.9539980965200812,6.93999754730612,0,0
451,sign,25533.036450792,3.3130017982330173,9.933999535860494,3.5240009310655296,2.9039983928669244,19.675000658025965,0,0
452,sign,25533.081210713,2.0980005501769483,3.7239988159853965,1.0939984349533916,0.8620008884463459,7.777998689562082,0,0
453,sign,25533.126407883,3.0039991543162614,7.117003406165168,2.6029993023257703,2.0169973140582442,14.740999176865444,0,0
454,sign,25533.171568855,2.806998963933438,6.386002496583387,3.097000444540754,2.5099980121012777,14.799999917158857,0,0
455,sign,25533.216205387,1.3359967852011323,3.4320000850129873,0.9510004019830376,0.6320005923043936,6.350997864501551,0,0
456,sign,25533.261208069,1.5400000847876072,3.659999492811039,1.128999429056421,1.2119999155402184,7.540998922195286,0,0
457,sign,25533.306716734,3.6849996831733733,11.301999620627612,3.835997631540522,2.8990034479647875,21.722000383306295,0,0
458,sign,25533.351236752,1.500997313996777,3.764002030948177,1.157997758127749,0.8990027708932757,7.321999873965979,0,0
459,sign,25533.396167221,1.7500024114269763,2.7889982447959483,1.0889998520724475,0.8730021363589913,6.501002644654363,0,0
460,sign,25533.44127438,1.8259997887071222,4.459001502254978,1.9949984562117606,1.224001607624814,9.504001354798675,0,0
461,sign,25533.486214612,1.6640005924273282,3.2370007829740644,0.9979994501918554,0.8220013114623725,6.7210021370556206,0,0
462,sign,25533.531469398,2.9420007194858044,8.316997991641983,2.978002157760784,2.4289984139613807,16.665999282849953,0,0
463,sign,25533.57633456,2.5720000849105418,4.761001036968082,1.5590012480970472,1.205000444315374,10.097002814291045,0,0
464,sign,25533.621267328,2.005999704124406,4.37600101577118,1.215001248056069,1.3719982234761119,8.969000191427767,0,0
465,sign,25533.666409136,3.050001396331936,7.810998795321211,2.9510010790545493,1.9049984985031188,15.716999769210815,0,0
466,sign,25533.711348868,2.7130008675158024,5.69300027564168,2.605996996862814,1.4310026017483324,12.443000741768628,0,0
467,sign,25533.756310147,2.5609988369978964,5.795001925434917,2.144999598385766,1.4510005712509155,11.952000932069495,0,0
468,sign,25533.801597952,3.3010001061484218,10.237999958917499,4.379002348287031,3.1509989639744163,21.069001377327368,0,0
469,sign,25533.84623494,1.4090001059230417,3.2960015232674778,1.3409990060608834,0.9030009096022695,6.949001544853672,0,0
470,sign,25533.89122377,1.486001565353945,3.5049997677560896,1.0049989214166999,0.7210001058410853,6.71700036036782,0,0
471,sign,25533.936190674,1.2879972928203642,3.3050018828362226,1.2609998520929366,0.6730006134603173,6.526999641209841,0,0
472,sign,25533.981247856,2.0560000848490745,5.690999387297779,1.4830002328380942,1.1859992810059339,10.415998985990882,0,0
473,sign,25534.026258465,1.9529979908838868,3.826000465778634,1.1600022844504565,0.7239978003781289,7.662998541491106,0,0
474,sign,25534.071270936,2.267999661853537,5.067999154562131,2.0609986677300185,1.32000059238635,10.716998076532036,0,0
475,sign,25534.11621477,1.2239979696460068,3.0369992600753903,0.9840005077421665,0.7349990482907742,5.979996785754338,0,0
476,sign,25534.161198692,1.4399993233382702,3.1330018828157336,0.9699979273136705,0.7010021363385022,6.244001269806176,0,0
477,sign,25534.206218192,1.8799983081407845,4.049001290695742,1.2060008884873241,0.8489987521898001,7.9839992395136505,0,0
478,sign,25534.251502715,3.154000296490267,6.579997716471553,1.444001100026071,1.0809999366756529,12.258999049663544,0,0
479,sign,25534.29624658,2.1989981178194284,3.3470023481640965,1.219999830937013,0.8329989213962108,7.598999218316749,0,0
480,sign,25534.34121799,1.3270000636111945,3.5819975892081857,1.0780022421386093,0.7130001904442906,6.70000008540228,0,0
481,sign,25534.386297266,1.8240025383420289,4.5339984353631735,1.0639996617101133,1.2060008884873241,8.62800152390264,0,0
482,sign,25534.431554698,3.574001311790198,10.371997632319108,4.015000740764663,2.764001692412421,20.72500137728639,0,0
483,sign,25534.476217581,1.6600024537183344,2.9749971872661263,1.368000084767118,0.791002094047144,6.794001819798723,0,0
484,sign,25534.521300516,1.5400000847876072,5.179997970117256,1.89200000022538,1.196000084746629,9.807998139876872,0,0
485,sign,25534.566389956,2.988002961501479,6.827998731750995,2.453998604323715,2.1320011001080275,14.402001397684216,0,0
486,sign,25534.611226357,1.938999048434198,3.641001967480406,1.1189986253157258,0.7330017979256809,7.432001439156011,0,0
487,sign,25534.656190302,1.2759992387145758,2.992997906403616,0.9640025382395834,1.0849980753846467,6.317997758742422,0,0
488,sign,25534.701464828,2.964003215311095,7.8839984780643135,3.0320006771944463,2.14999818126671,16.030000551836565,0,0
489,sign,25534.746261934,1.7860002117231488,3.896999260177836,1.5270015865098685,0.809999619377777,8.02000067778863,0,0
490,sign,25534.791169527,1.2159980542492121,3.3239994081668556,1.4310026017483324,1.1359989002812654,7.1069989644456655,0,0
491,sign,25534.836341145,2.395998308202252,5.55600126972422,1.8229984561912715,1.5360019460786134,11.310999980196357,0,0
492,sign,25534.881415309,2.4700020730961114,7.045997335808352,2.945002052001655,1.9520011846907437,14.413002645596862,0,0
493,sign,25534.926229804,1.7370002751704305,3.110999386990443,1.434000296285376,0.7279995770659298,7.009999535512179,0,0
494,sign,25534.971484344,2.883996785385534,7.9500023275613785,2.7569985832087696,2.4239998310804367,16.01499752723612,0,0
495,sign,25535.016446895,2.9370021366048604,6.952999683562666,2.830998710123822,2.053999196505174,14.774999726796523,0,0
496,sign,25535.061200573,1.682001311564818,3.230998117942363,0.9850009519141167,0.7759990694466978,6.673999450867996,0,0
497,sign,25535.106411265,2.8570029826369137,7.197999366326258,3.0759983928874135,1.8690006982069463,15.000001440057531,0,0
498,sign,25535.151426376,2.8750000637955964,6.7399996623862535,2.8370013751555234,1.8559985619504005,14.307999663287774,0,0
499,sign,25535.196437932,2.906999725382775,7.086997356964275,2.5890003598760813,1.8099999579135329,14.392997400136665,0,0
500,sign,25535.241416824,2.544002200011164,7.732996891718358,3.169003321090713,2.105996827594936,15.55199924041517,0,0
501,sign,25535.286446739,2.9520015232264996,7.914000889286399,2.7189998945686966,1.9599974621087313,15.544999769190326,0,0
502,sign,25535.331223062,1.1730007827281952,3.360000846441835,0.9680006769485772,1.0049989214166999,6.506001227535307,0,0
503,sign,25535.376489581,3.754998033400625,11.390999134164304,4.23600067733787,2.9850016289856285,22.366999473888427,0,0
504,sign,25535.42149011,2.6380002964287996,8.237002475652844,2.811997546814382,2.1619998733513057,15.849000192247331,0,0
505,sign,25535.466402232,2.9670009098481387,7.329999789362773,2.929999027401209,1.9479994080029428,15.174999134615064,0,0
506,sign,25535.511276836,1.6339981812052429,4.117999196751043,1.2460004654712975,0.9739997040014714,7.971997547429055,0,0
507,sign,25535.556209324,1.848999090725556,3.6130004446022213,1.0160001693293452,0.672000169288367,7.1499998739454895,0,0
508,sign,25535.60120397,1.3870012480765581,3.3239994081668556,1.12499765236862,1.1920019460376352,7.028000254649669,0,0
509,sign,25535.6461968,1.4610013749916106,3.7899990275036544,1.1209995136596262,0.9930008673109114,7.365000783465803,0,0
510,sign,25535.691256621,1.267999323317781,3.2419993658550084,0.9370014595333487,0.7329981599468738,6.179998308653012,0,0
511,sign,25535.736206261,1.410997356288135,3.6390010791365057,1.5379991964437068,0.8410024747718126,7.42900010664016,0,0
512,sign,25535.781268391,2.115997631335631,3.650999133242294,1.4520010154228657,0.7790004019625485,7.9979981819633394,0,0
513,sign,25535.826233972,1.6160011000465602,4.08000050811097,1.4969991752877831,0.8710012480150908,8.064002031460404,0,0
514,sign,25535.871201917,1.55799716594629,3.7320023693609983,1.0379990271758288,0.8690003596711904,7.196998922154307,0,0
515,sign,25535.916239631,1.6080011846497655,3.010998625541106,1.1060001270379871,0.8349998097401112,6.55999974696897,0,0
516,sign,25535.961256254,2.38200300373137,4.099998477613553,1.405998773407191,0.805001036496833,8.693001291248947,0,0
517,sign,25536.006387921,2.692002453841269,6.970996764721349,2.8710019250866026,1.9709987100213766,14.504999853670597,0,0
518,sign,25536.051157182,1.4640027075074613,3.878998541040346,1.3309982023201883,0.9770010365173221,7.651000487385318,0,0
519,sign,25536.096255487,2.158001734642312,4.7909998102113605,1.606000296305865,1.5350015019066632,10.0900033430662,0,0
520,sign,25536.141227562,1.6160011000465602,3.950000973418355,1.2060008884873241,1.2639975466299802,8.03600050858222,0,0
521,sign,25536.18649771,3.544999344740063,7.751998055027798,2.710999979171902,2.2220010578166693,16.229998436756432,0,0
522,sign,25536.231469474,3.2139978429768234,7.042999641271308,2.4840010155458003,1.8860009731724858,14.626999472966418,0,0
523,sign,25536.276180723,1.2899981811642647,3.5289995139464736,0.9899995347950608,0.8019997039809823,6.610996933886781,0,0
524,sign,25536.32146033,3.3479991543572396,10.437001037644222,3.7280005926731974,2.950000634882599,20.46300141955726,0,0
525,sign,25536.366240298,1.3930002751294523,3.4320000850129873,0.9469986252952367,0.7740018190816045,6.546000804519281,0,0
526,sign,25536.411234872,2.139000571332872,3.9819969970267266,1.1680021998472512,0.8999995770864189,8.188999345293269,0,0
527,sign,25536.456485039,4.554000042844564,8.132999937515706,3.1749987101648003,2.1369996829889715,17.99899837351404,0,0
528,sign,25536.501401286,2.868997398763895,7.611000910401344,2.9620023269671947,2.025997673626989,15.467998309759423,0,0
529,sign,25536.546253814,1.7550009943079203,5.106001481181011,1.2409982446115464,0.7199996616691351,8.822000381769612,0,0
530,sign,25536.591412628,2.6620000426191837,7.265000022016466,2.8699978429358453,1.9050021364819258,14.70200004405342,0,0
531,sign,25536.636555857,2.9459988581947982,8.492999768350273,2.7320020308252424,2.558997948653996,16.72999860602431,0,0
532,sign,25536.68142728,2.8840004233643413,7.659000402782112,2.7659989427775145,1.9280014385003597,15.237001207424328,0,0
533,sign,25536.726243021,1.4969991752877831,3.3430005714762956,1.0510011634323746,1.1509982869029045,7.041999197099358,0,0
534,sign,25536.77125988,1.372001861454919,3.7869976949878037,1.377000444335863,0.7189992174971849,7.2549992182757705,0,0
535,sign,25536.816277172,1.8619975890032947,4.3959989852737635,1.1450028978288174,0.9739997040014714,8.376999176107347,0,0
536,sign,25536.861257212,2.143999154213816,5.759000487159938,1.9540020730346441,1.843996869865805,11.700998584274203,0,0
537,sign,25536.906326326,3.1090021366253495,7.917999027995393,2.429998858133331,2.0949992176610976,15.55199924041517,0,0
538,sign,25536.951235282,1.4040015230420977,3.788001777138561,1.0109979484695941,1.034000888466835,7.237002137117088,0,0
539,sign,25536.996234596,1.4859979273751378,3.868000931106508,1.368000084767118,1.0709991329349577,7.792998076183721,0,0
540,sign,25537.041377043,1.653999788686633,3.731001925189048,1.0730000212788582,0.7199996616691351,7.178001396823674,0,0
541,sign,25537.086263906,2.487999154254794,4.675999662140384,1.1500014807097614,1.3380013115238398,9.65200160862878,0,0
542,sign,25537.131666759,2.4190012481994927,6.029997166479006,1.8000027921516448,1.368000084767118,11.617001291597262,0,0
543,sign,25537.176732408,11.306001397315413,22.57799860672094,8.154001989169046,5.283000064082444,47.32100205728784,0,0
544,sign,25537.221727661,4.363002517493442,11.823998647741973,4.498000635067001,2.515000232961029,23.200002033263445,0,0
545,sign,25537.266233006,1.6019985196180642,4.912999429507181,2.0660008885897696,1.1429983715061098,9.723997209221125,0,0
546,sign,25537.311439427,1.8359969544690102,4.293000529287383,1.1859992810059339,1.3160024536773562,8.630999218439683,0,0
547,sign,25537.356602444,7.014998118393123,18.6910001502838,2.22500239033252,13.353997928788885,41.28499858779833,0,0
548,sign,25537.401244778,1.5379991964437068,3.631001163739711,1.257998519577086,1.1949996405746788,7.6219985203351825,0,0
549,sign,25537.446184332,1.4260003808885813,3.36800076183863,1.0160001693293452,0.7620001269970089,6.572001439053565,0,0
550,sign,25537.491535793,2.701999619603157,6.703998224111274,1.7540005501359701,2.5520021154079586,13.71200050925836,0,0
551,sign,25537.536440805,2.1369996829889715,9.971998224500567,1.9210019672755152,1.5759978850837797,15.605997759848833,0,0
552,sign,25537.581154423,1.639000402064994,3.307999577373266,1.0940020729321986,0.8019997039809823,6.843001756351441,0,0
553,sign,25537.626512567,9.536001016385853,14.12699930369854,3.025001205969602,4.172998160356656,30.86099968641065,0,0
554,sign,25537.671855583,5.06399737787433,12.288001016713679,1.7470010789111257,2.2849999368190765,21.38399941031821,0,0
555,sign,25537.716232979,1.8190003174822778,3.8580001273658127,1.133998011937365,0.8960014383774251,7.70699989516288,0,0
556,sign,25537.761596808,2.625001798151061,16.986999980872497,2.5789995561353862,0.757998350309208,22.948999685468152,0,0
557,sign,25537.806277628,1.6459998732898384,3.064000338781625,1.3230019249022007,0.6820009730290622,6.715003110002726,0,0
558,sign,25537.851326867,1.77200126927346,4.616998921846971,1.4990000636316836,1.0619987733662128,8.949999028118327,0,0
559,sign,25537.89623404,1.4750003174412996,5.079000402474776,1.1509982869029045,0.8940005500335246,8.598999556852505,0,0
560,sign,25537.941197891,1.2470009096432477,3.711000317707658,1.4770012057852,1.4549987099599093,7.890001143096015,0,0
561,sign,25537.986178556,1.396001607645303,5.032001354265958,1.5259975043591112,0.7890012057032436,8.743001671973616,0,0
562,sign,25538.031166924,2.01099828700535,3.592002030927688,1.0609983291942626,0.7620001269970089,7.425998774124309,0,0
563,sign,25538.076436921,3.4909971873275936,8.35400351206772,3.0279989005066454,2.1029991330578923,16.97599873295985,0,0
564,sign,25538.121245697,1.7189995560329407,3.578999894671142,1.1540032573975623,0.7429989636875689,7.195001671789214,0,0
565,sign,25538.16619606,1.4420002116821706,3.3329997677356005,1.1299998732283711,0.7540002116002142,6.6590000642463565,0,0
566,sign,25538.211217543,1.2599994079209864,3.9769984141457826,1.309999788645655,0.8520000847056508,7.398997695418075,0,0
567,sign,25538.256211673,1.5410005289595574,4.5339984353631735,0.9930008673109114,0.9739997040014714,8.041999535635114,0,0
568,sign,25538.301236734,1.3409990060608834,3.6960009310860187,1.1509982869029045,1.3450007827486843,7.532999006798491,0,0
569,sign,25538.346177682,1.7099991964641958,3.378001565579325,1.152999175246805,0.7839989848434925,7.024998922133818,0,0
570,sign,25538.39124896,1.491000148234889,3.525998181430623,1.4700017345603555,0.8079987310338765,7.294998795259744,0,0
571,sign,25538.436312419,2.390999725321308,5.101002898300067,1.6339981812052429,2.2280000848695636,11.35400088969618,0,0
572,sign,25538.481173641,1.314998371526599,3.760000254260376,1.1800002539530396,1.0209987522102892,7.275997631950304,0,0
573,sign,25538.52622468,1.476997567806393,3.6480014387052506,1.0260009730700403,1.2269993021618575,7.377999281743541,0,0
574,sign,25538.571202689,1.4219986042007804,3.687000571517274,1.0500007192604244,0.7210001058410853,6.880000000819564,0,0
575,sign,25538.616180206,1.4830002328380942,3.5630000638775527,0.976997398538515,0.8310016710311174,6.853999366285279,0,0
576,sign,25538.661343631,2.453998604323715,5.585003236774355,1.9759972929023206,1.3900025805924088,11.4050017145928,0,0
577,sign,25538.706212269,1.5750010788906366,3.2850002753548324,1.1409974831622094,0.7929993444122374,6.793998181819916,0,0
578,sign,25538.751195411,2.196000423282385,5.740999768022448,1.9839972082991153,1.5069999790284783,11.427997378632426,0,0
579,sign,25538.796263485,5.730998964281753,3.5039993235841393,1.001000782707706,0.7499984349124134,10.985997505486012,0,0
580,sign,25538.841187842,1.3379976735450327,3.4000004234258085,0.9620016498956829,1.2029995559714735,6.902999302837998,0,0
581,sign,25538.88633273,1.8760001694317907,4.027002432849258,1.00599936558865,0.9789982868824154,7.888000254752114,0,0
582,sign,25538.931201863,2.3749998945277184,5.55500082555227,1.4859979273751378,1.5480000001844019,10.963998647639528,0,0
583,sign,25538.976218549,2.515000232961029,5.508998583536595,1.9020008039660752,1.263000740436837,11.189000360900536,0,0
584,sign,25539.021268508,1.8509999790694565,3.755998477572575,1.0690018825698644,0.7689995982218534,7.444999937433749,0,0
585,sign,25539.066233359,1.401000190526247,3.621000359999016,1.1060001270379871,0.7210001058410853,6.849000783404335,0,0
586,sign,25539.111390722,3.463999746600166,10.895000741584226,4.1050006984733045,2.755001332843676,21.219002519501373,0,0
587,sign,25539.15619135,1.7409984138794243,4.988000000594184,2.1080013539176434,2.3049979063216597,11.141997674712911,0,0
588,sign,25539.201155696,1.3170028978493065,3.4369986678939313,1.0020012268796563,0.7369999366346747,6.493002729257569,0,0
589,sign,25539.246207313,2.654000127222389,3.8569996831938624,1.4689976524095982,0.5970032361801714,8.577000699006021,0,0
590,sign,25539.291393371,3.21100014843978,7.098999049048871,2.6099987735506147,2.359000063734129,15.278998034773394,0,0
591,sign,25539.336435159,2.607001079013571,7.146998541429639,2.8050017135683447,1.8700011423788965,14.429002476390451,0,0
592,sign,25539.381455022,3.001998265972361,7.86099917604588,2.9900002118665725,1.9569997675716877,15.8099974214565,0,0
593,sign,25539.426189154,1.829997927416116,3.082001057919115,1.0609983291942626,0.5780020728707314,6.550999387400225,0,0
594,sign,25539.471168441,1.3419994502328336,3.5010016290470958,1.0069998097606003,1.067000994225964,6.917001883266494,0,0
595,sign,25539.516356035,1.7339989426545799,4.5960005081724375,1.630000042496249,0.9819996193982661,8.941999112721533,0,0
596,sign,25539.561435308,3.0340015655383468,7.276001269929111,2.7709975256584585,2.128999767592177,15.210000128718093,0,0
597,sign,25539.606428015,3.2710013329051435,9.129998943535611,3.4900003811344504,2.287000825162977,18.178001482738182,0,0
598,sign,25539.651212942,1.3309982023201883,3.3280011848546565,1.0299991117790341,0.7279995770659298,6.416998076019809,0,0
599,sign,25539.696218863,1.9450017134658992,3.2089992600958794,1.0900002962443978,0.7449998520314693,6.989001121837646,0,0
600,sign,25539.741219841,2.078002580674365,4.9390000640414655,1.2809978215955198,1.4079996617510915,9.706000128062442,0,0
601,sign,25539.786165979,1.3190001482143998,3.449000359978527,0.9200011845678091,0.7089984137564898,6.3970001065172255,0,0
602,sign,25539.831190563,1.6179983504116535,3.9370024751406163,1.6169979062397033,0.7770031515974551,7.949001883389428,0,0
603,sign,25539.876209905,1.7759994079824537,3.6339988582767546,1.1180018191225827,0.691001332597807,7.219001417979598,0,0
604,sign,25539.921242585,1.5420009731315076,3.8960024539846927,1.1619995348155499,1.2179989425931126,7.818001904524863,0,0
605,sign,25539.966331086,2.128999767592177,6.014997779857367,2.8470021788962185,1.224998413817957,12.21599814016372,0,0
606,sign,25540.01124562,1.8149985407944769,4.7909998102113605,1.5040022844914347,1.4830002328380942,9.593000868335366,0,0
607,sign,25540.056227424,2.152999513782561,4.171000909991562,1.3379976735450327,0.8330025593750179,8.495000656694174,0,0
608,sign,25540.101231707,1.905998942675069,4.100998921785504,1.00599936558865,0.6740010576322675,7.68699828768149,0,0
609,sign,25540.146346694,2.315999154234305,7.072001608321443,2.277000021422282,1.5810001059435308,13.24600088992156,0,0
610,sign,25540.191211899,2.1429987100418657,4.133002221351489,1.1519987310748547,0.8230017556343228,8.251001418102533,0,0
611,sign,25540.236203571,1.8850005290005356,4.008001269539818,1.0449984984006733,0.74800118454732,7.686001481488347,0,0
612,sign,25540.281161746,1.3080025382805616,3.602999640861526,0.9699979273136705,0.8499991963617504,6.730999302817509,0,0
613,sign,25540.326247546,1.424999936716631,3.754001227207482,1.2319978850428015,1.2680029612965882,7.679002010263503,0,0
614,sign,25540.371267587,2.087999746436253,3.2909993024077266,1.4760007616132498,0.9750001481734216,7.829999958630651,0,0
615,sign,25540.416200238,1.305001205764711,3.445999027462676,0.9629984560888261,0.700001692166552,6.414000381482765,0,0
616,sign,25540.461420768,3.1470008252654225,7.701000868109986,2.6909983716905117,2.3169995984062552,15.855999663472176,0,0
617,sign,25540.506181007,1.7460006347391754,3.0890005291439593,1.0209987522102892,0.7609996828250587,6.616999598918483,0,0
618,sign,25540.551151056,1.2800010154023767,3.198001650162041,0.9979994501918554,1.1029987945221364,6.57900091027841,0,0
619,sign,25540.59621782,1.9370017980691046,4.310997610446066,1.1590018402785063,1.2519994925241917,8.659000741317868,0,0
620,sign,25540.641438645,3.1669987947680056,7.246999302878976,3.2480020308867097,1.948999852174893,15.610999980708584,0,0
621,sign,25540.686183989,1.200998667627573,3.5949997254647315,0.9920004231389612,0.8710012480150908,6.6590000642463565,0,0
622,sign,25540.731505053,1.8129976524505764,4.920002538710833,1.343996700597927,0.8340030035469681,8.910999895306304,0,0
623,sign,25540.776800435,5.481000698637217,11.78299862658605,4.092999006388709,2.2090025595389307,23.566000891150907,0,0
624,sign,25540.821194822,2.015000063693151,3.758999810088426,1.1779993656091392,0.8370006980840117,7.788999937474728,0,0
625,sign,25540.86625395,2.2040003386791795,8.039998647291213,1.549000444356352,0.8669994713272899,12.659998901654035,0,0
626,sign,25540.911285677,1.672000507824123,5.1059978432022035,2.3409993445966393,1.4600009308196604,10.578998626442626,0,0
627,sign,25540.956407776,3.1179988582152873,7.84399890108034,3.3240030461456627,1.938999048434198,16.224999853875488,0,0
628,sign,25541.001255806,1.6079975466709584,4.644000000553206,1.5880032151471823,0.8079987310338765,8.647999493405223,0,0
629,sign,25541.046250551,1.381999027216807,3.586999810067937,0.9790019248612225,0.8440001693088561,6.792000931454822,0,0
630,sign,25541.091364639,2.526001480873674,6.7449982452671975,2.469001628924161,1.838998286984861,13.578999642049894,0,0
631,sign,25541.13620636,1.667001924943179,2.901000698329881,1.2839991541113704,0.7319977157749236,6.583999493159354,0,0
632,sign,25541.181267233,1.929998688865453,4.686000465881079,2.0080005924683064,0.9929972293321043,9.616996976546943,0,0
633,sign,25541.226634384,3.3330034057144076,10.941999789793044,3.320998075651005,2.4090004444587976,20.005001715617254,0,0
634,sign,25541.271217927,1.6320009308401495,3.8950020098127425,1.3649987522512674,0.7089984137564898,7.601000106660649,0,0
635,sign,25541.316442838,3.1569979910273105,7.62400304665789,2.6149973564315587,2.054002834483981,15.45000122860074,0,0
636,sign,25541.36119986,1.4659999578725547,4.436002200236544,1.410000550094992,0.7499984349124134,8.062001143116504,0,0
637,sign,25541.406188908,1.4350007404573262,3.2280004234053195,1.071999577106908,0.7749986252747476,6.509999366244301,0,0
638,sign,25541.451300947,1.7999991541728377,4.9910013331100345,1.6689991753082722,1.1230004020035267,9.583000064594671,0,0
639,sign,25541.496238204,1.4889992598909885,3.9670012483838946,1.0299991117790341,0.776999513618648,7.262999133672565,0,0
640,sign,25541.541364243,2.987999323522672,8.637001883471385,3.655997716123238,1.7190031940117478,17.000002117129043,0,0
641,sign,25541.586326118,2.4410001060459763,5.1720016926992685,1.363001501886174,1.3039971236139536,10.280000424245372,0,0
642,sign,25541.631211602,1.386997610097751,3.584002115530893,1.0049989214166999,0.7150010787881911,6.690999725833535,0,0
643,sign,25541.676266251,2.453998604323715,6.0490019677672535,1.948999852174893,1.3760000001639128,11.828000424429774,0,0
644,sign,25541.721221227,1.6980011423584074,4.263998562237248,1.252999936696142,0.8570023055654019,8.072001946857199,0,0
645,sign,25541.766248721,1.7710008251015097,4.310997610446066,1.5590012480970472,0.8159986464306712,8.456998330075294,0,0
646,sign,25541.811189609,1.4529978216160089,3.8380021578632295,1.109998265746981,1.1510019248817116,7.552000170107931,0,0
647,sign,25541.856436758,3.091998223681003,7.852002454455942,3.1009985832497478,2.097000106004998,16.14199936739169,0,0
648,sign,25541.901165213,1.4180004654917866,3.540000761859119,1.052998413797468,1.1459997040219605,7.156999345170334,0,0
649,sign,25541.946247505,1.835000148275867,3.512002876959741,1.076998159987852,0.8790011634118855,7.303002348635346,0,0
650,sign,25541.991541095,3.2659991120453924,7.6500000432133675,2.7889982447959483,2.111002686433494,15.816000086488202,0,0
651,sign,25542.036212323,1.4369979908224195,3.0100018193479627,0.9789982868824154,0.6450027285609394,6.071000825613737,0,0
652,sign,25542.081413364,3.1659983505960554,8.15499879536219,2.906999725382775,2.158001734642312,16.385998605983332,0,0
653,sign,25542.126275912,1.4840006770100445,3.296998329460621,1.029002305585891,1.2179989425931126,7.028000254649669,0,0
654,sign,25542.171184249,1.6169979062397033,4.2050014599226415,1.3989993021823466,1.2410018825903535,8.462000550935045,0,0
655,sign,25542.216296406,1.7069978639483452,5.821002559969202,1.7709971871227026,1.6550002328585833,10.953997843898833,0,0
656,sign,25542.261440696,3.5290031519252807,7.769998774165288,3.3270007406827062,1.9170001905877143,16.54300285736099,0,0
657,sign,25542.30643418,2.926997694885358,6.746999133611098,2.3840002540964633,1.9380022422410548,13.995999324833974,0,0
658,sign,25542.351215842,1.3799981388729066,3.5039993235841393,1.0879994079004973,0.7580019882880151,6.729998858645558,0,0
659,sign,25542.396417683,2.4269975256174803,7.050999556668103,2.896002115448937,2.0379993657115847,14.411998563446105,0,0
660,sign,25542.441439371,3.068998921662569,7.8450029832310975,2.8329995984677225,2.438999217702076,16.186000721063465,0,0
661,sign,25542.486226568,1.2880009307991713,3.307999577373266,0.9300019883085042,0.7790004019625485,6.30500289844349,0,0
662,sign,25542.53139152,2.9510010790545493,7.15300120646134,2.7599999157246202,2.262997440993786,15.126999642234296,0,0
663,sign,25542.576337067,1.5040022844914347,3.736997314263135,1.4560027921106666,0.943997292779386,7.640999683644623,0,0
664,sign,25542.621421845,3.23000131174922,7.749997166683897,2.8480026230681688,2.015000063693151,15.843001165194437,0,0
665,sign,25542.66640602,2.38300344790332,7.0499991124961525,2.378998033236712,1.8130012904293835,13.625001884065568,0,0
