frame,tracker,timestamp,predict_us,associate_us,update_us,create_delete_us,total_us,num_tracks,num_detections
1,object,7608.535789986,2.349999704165384,6.9329998950706795,2.6309999157092534,117.05500037351158,128.9689998884569,1,1
2,object,7608.565037057,124.65500003600027,371.27099949429976,148.27900031377794,19.94400008697994,664.1489999310579,1,1
3,object,7608.588161633,63.48300030367682,179.1909999155905,46.940000174799934,3.9199994716909714,293.53399986575823,1,1
4,object,7608.612403877,70.54499928926816,187.30700048763538,47.341999561467674,4.8460005928063765,310.0399999311776,1,1
5,object,7608.6397547,62.864000028639566,215.13100000447594,48.79600055573974,4.990999514120631,331.78200010297587,1,1
6,object,7608.666621904,83.42599994648481,274.6050004134304,66.89400015602587,6.675999429717194,431.60099994565826,1,1
7,object,7608.694347593,58.84199981665006,170.48599966074107,47.326000640168786,4.65199991595,281.3060000335099,1,1
8,object,7608.720594308,57.57600047218148,140.26799999555806,31.42199966532644,3.6139999792794697,232.88000011234544,1,1
9,object,7608.745075265,46.23099994205404,116.04700011957902,26.277999495505355,2.8210006348672323,191.37700019200565,1,1
10,object,7608.770525382,103.31699922971893,216.23000066028908,31.27999934804393,3.5660004868987016,354.39299972495064,1,1
11,object,7608.795040934,41.52000019530533,124.05100005707936,26.815999262908008,2.9480006560334004,195.3350001713261,1,1
12,object,7608.822291399,60.31300017639296,203.65999989735428,57.94199933006894,4.685000021709129,326.5999994255253,1,1
13,object,7608.846520951,72.29400034702849,138.9720000588568,27.6809996648808,3.6450001061894,242.59200017695548,1,1
14,object,7608.871649472,54.768999689258635,203.89099972817348,31.916000807541423,5.010999302612618,295.58699952758616,1,1
15,object,7608.896665959,32.97400053270394,115.11100001371233,25.470999389654025,3.0250002964749,176.5810002325452,1,1
16,object,7608.921260598,54.36999981611734,174.2249996823375,33.04700021544704,6.03199987381231,267.6739995877142,1,1
17,object,7608.946827694,49.03800072497688,134.96599967766088,37.11299996211892,3.256000127294101,224.37300049205078,1,1
18,object,7608.972757184,58.82499954168452,312.14800037560053,32.23699968657456,4.122000063944142,407.33199966780376,1,1
19,object,7608.997066566,103.33499994885642,190.95500010735122,58.816000091610476,5.289999535307288,358.3959996831254,1,1
20,object,7609.02152286,69.59999973332742,224.0170006189146,72.64499981829431,7.198000275820959,373.4600004463573,1,1
21,object,7609.046031574,48.969000090437476,127.91599965567002,28.962999749637675,3.579000804165844,209.42700029991101,1,1
22,object,7609.070207289,102.65600030834321,199.84200025646714,26.31799998198403,3.0049995984882116,331.8210001452826,1,1
23,object,7609.096355129,85.70899990445469,159.6690008227597,29.3099992632051,3.244000254198909,277.9320002446184,1,1
24,object,7609.120100135,42.01699994155206,117.54299976018956,25.00500067981193,3.0949995561968535,187.6599999377504,1,1
25,object,7609.145099308,46.068999836279545,119.7400006276439,25.876000108837616,3.020999429281801,194.70600000204286,1,1
26,object,7609.171848307,78.74600032664603,171.14999991463264,34.2759994964581,3.8759999370086007,288.04799967474537,1,1
27,object,7609.195938115,56.41499956254847,178.40300006355392,27.441000383987557,3.6250003176974133,265.88400032778736,1,1
28,object,7609.221883983,84.03699939663056,261.626000792603,67.58599920431152,6.131000191089697,419.3799995846348,1,1
29,object,7609.251293441,80.20499990379903,221.4559999629273,59.73800034553278,5.603000317933038,367.00200053019216,1,1
30,object,7609.274625608,45.3669999842532,160.48199995566392,42.13800002617063,4.993000402464531,252.98000036855228,1,1
31,object,7609.300706293,62.44500036700629,260.9409993965528,52.83700011204928,5.531000169867184,381.75400004547555,1,1
32,object,7609.325453473,44.269999307289254,115.33700035215588,26.41199989739107,3.056999958062079,189.07599951489829,1,1
33,object,7609.350483772,39.40700025850674,123.42599984549452,82.8100000944687,11.077999261033256,256.7209994595032,1,1
34,object,7609.377805678,35.21999951772159,152.2980001027463,104.84100039320765,12.36099978996208,304.7199998036376,1,1
35,object,7609.402387438,93.80099982081447,182.2929998525069,51.1030002599,5.441000212158542,332.6380001453799,1,1
36,object,7609.428066958,56.06800004898105,130.4159995925147,51.30000045028282,8.82199947227491,246.6059995640535,1,1
37,object,7609.452440684,31.90400002495153,105.36599984334316,26.337999770476017,2.5260005713789724,166.13400021014968,1,1
38,object,7609.477215323,47.017000724736135,302.3269991899724,93.9090004976606,5.3880003179074265,448.6410007302766,1,1
39,object,7609.505183589,121.53300031059189,232.90699937206227,52.786000196647365,4.901000465906691,412.1270003452082,1,1
40,object,7609.528868168,43.6609998359927,212.83200021571247,37.757999962195754,4.095999429409858,298.3469994433108,1,1
41,object,7609.555738483,109.17700001300545,304.52600003627595,67.08999990223674,6.754999958502594,487.54799991002074,1,1
42,object,7609.581079299,49.063000005844515,188.03800048772246,27.26499951677397,3.0840001272736117,267.45000013761455,1,1
43,object,7609.605809661,36.201999137119856,150.96400056791026,36.72999991977122,4.585999704431742,228.48199932923308,1,1
44,object,7609.634331269,34.49300038482761,117.96200033131754,28.673000088019762,2.8869999368907884,184.0150007410557,1,1
45,object,7609.658712697,76.02300047437893,175.37899930175627,31.107000722840894,3.2909993024077266,285.7999998013838,1,1
46,object,7609.683230233,144.12899963645032,301.5299998878618,29.828999686287716,4.718000127468258,480.20599933806807,1,1
47,object,7609.708275254,35.754999771597795,107.68999982246896,25.32700000301702,2.6470006559975445,171.41900025308132,1,1
48,object,7609.732359145,41.57799958193209,115.6999996965169,26.478000108909328,3.0830005925963633,186.83899997995468,1,1
49,object,7609.759879583,74.63200017809868,196.48899979074486,50.116999773308635,5.49000014871126,326.72799989086343,1,1
50,object,7609.785063879,108.87900043599075,226.53700034425128,40.80799953953829,4.387999979371671,380.612000299152,1,1
51,object,7609.810445218,78.2450006227009,208.24599960178602,37.88699996221112,4.002999958174769,328.3810001448728,1,1
52,object,7609.835777223,43.14400030125398,142.4669999323669,30.235999474825803,3.9779997678124346,219.8249994762591,1,1
53,object,7609.859615676,37.39199928531889,122.58300012035761,30.79799989791354,2.9960001484141685,193.7689994520042,1,1
54,object,7609.887869758,91.86599982058397,310.7430002273759,47.80299968842883,7.863999599067029,458.2759993354557,1,1
55,object,7609.909909173,45.11499992077006,264.3529996930738,41.154999962600414,5.629000042972621,356.2519996194169,1,1
56,object,7609.934575234,45.61000059766229,223.50899962475523,28.170999939902686,4.9840000428957865,302.274000205216,1,1
57,object,7609.960405029,128.14000001526438,199.47599957959028,47.87400030181743,4.6410004870267585,380.13100038369885,1,1
58,object,7609.983904727,41.05800053366693,164.3799996600137,25.344999812659808,2.9150005502742715,233.69800055661472,1,1
59,object,7610.006946408,35.95399994082982,117.35200041584903,26.73899962246651,2.793000021483749,182.8380000006291,1,1
60,object,7610.034227028,131.5260005867458,257.57699950190727,99.94599986384856,6.176000169944018,495.22500012244564,1,1
61,object,7610.058397212,58.98400013393257,130.21199993090704,32.403999284724705,3.979000211984385,225.5789995615487,1,1
62,object,7610.083715225,37.58999991987366,129.68000010005198,25.981999897339847,2.9460006771842018,196.1980005944497,1,1
63,object,7610.1073864,48.13499981537461,128.1790000575711,28.948000363016035,3.42800012731459,208.69000036327634,1,1
64,object,7610.130130429,115.32699954841519,240.1570000074571,31.03400013060309,4.455000635061879,390.97300032153726,1,1
65,object,7610.154267729,70.38400053716032,183.451999873796,29.569999242085032,3.8210000639082864,287.22699971694965,1,1
66,object,7610.180411278,123.3080001838971,225.90800017496804,35.06399934849469,4.420000550453551,388.7000002578134,1,1
67,object,7610.203063947,36.01399930630578,123.09800058574183,25.691999326227233,2.811000740621239,187.61499995889608,1,1
68,object,7610.2283832,55.90599994320655,186.28599991643569,37.86900015256833,3.6559995351126418,283.7169995473232,1,1
69,object,7610.251537189,115.11100001371233,225.39299970958382,28.44200025720056,3.4599997889017686,372.4059997693985,1,1
70,object,7610.274517365,43.199999709031545,123.57700052234577,26.316000003134832,3.0069995773374103,196.09999981184956,1,1
71,object,7610.301724465,40.21200038550887,133.0029999735416,27.34099962253822,3.3659998734947294,203.9219998550834,1,1
72,object,7610.324433302,112.25900016142987,362.95999962021597,54.35999992187135,4.487000296649057,534.0660000001662,1,1
73,object,7610.348775125,40.61999970872421,112.03200028830906,24.59199913573684,2.8910008040838875,180.134999936854,1,1
74,object,7610.372945545,38.454999412351754,144.37300069403136,26.47099972818978,4.045999958179891,213.3449997927528,1,1
75,object,7610.396109617,119.41899992962135,250.54200068552746,46.73199964599917,5.21200036018854,421.9050006213365,1,1
76,object,7610.420645857,74.47200005117338,216.1940001315088,59.59000009170268,17.3700000232202,367.62600029760506,1,1
77,object,7610.447139503,155.7950008646003,346.17499932210194,58.06399985885946,6.052000571798999,566.0860006173607,1,1
78,object,7610.470334598,230.68800055625616,180.65099993691547,34.5110001944704,3.7869995139772072,449.63700020161923,1,1
79,object,7610.495104335,58.677000197349116,189.77599938807543,47.87499983649468,5.101000169815961,301.4289995917352,1,1
80,object,7610.518758712,37.04899972944986,117.53400031011552,25.610000193410087,3.1099998523131944,183.30300008528866,1,1
81,object,7610.543285771,62.244999753602315,204.76900044741342,59.14599933021236,9.127000339503866,335.28699987073196,1,1
82,object,7610.569144641,106.80299965315498,305.85100012103794,78.13800039002672,7.474000085494481,498.2660002497141,1,1
83,object,7610.592570338,46.02799981512362,149.74400073697325,44.14899922267068,4.800000169780105,244.72099994454766,1,1
84,object,7610.617767459,116.7010004792246,270.8489992073737,57.82300013379427,7.145999916247092,452.51899973663967,1,1
85,object,7610.64177532,52.427999435167294,168.66199985088315,62.12700009200489,6.9329998950706795,290.149999273126,1,1
86,object,7610.664411674,44.067000089853536,128.6509996134555,26.986000193574,4.814000021724496,204.51799991860753,1,1
87,object,7610.688956269,43.338000068615656,173.83699923811946,28.19500059558777,4.910999450657982,250.28099935298087,1,1
88,object,7610.714338877,78.62300026317826,218.01200000481913,37.88199956034077,6.813000254624058,341.3300000829622,1,1
89,object,7610.737365722,77.66900034766877,485.24700014240807,66.05199996556621,23.21800002391683,652.1860004795599,1,1
90,object,7610.761798519,39.321999793173745,110.57900064770365,24.368999220314436,2.8810000003431924,177.15099966153502,1,1
91,object,7610.785411187,67.95999979658518,148.15899976383662,28.234000637894496,3.930999810108915,248.2840000084252,1,1
92,object,7610.808421014,50.00600049243076,192.75199974799762,37.20699987752596,5.3370004025055096,285.30200052045984,1,1
93,object,7610.835525339,107.73299982247408,211.4469998559798,40.784000702842604,4.444999831321184,364.4090002126177,1,1
94,object,7610.858417144,40.66300061822403,152.8229995528818,27.14299989747815,4.016000275441911,224.6450003440259,1,1
95,object,7610.882946028,67.80799958505668,179.9689998733811,28.856999961135443,5.715000042982865,282.3489994625561,1,1
96,object,7610.907217138,33.48500013089506,105.46499925112585,24.777000362519175,2.8040003599016927,166.53100010444177,1,1
97,object,7610.93072088,43.84000021673273,170.06799953378504,114.47700035205344,7.802999789419118,336.18799989199033,1,1
98,object,7610.956287622,57.36399998568231,118.99899982381612,25.733000256877858,4.567999894788954,206.66399996116525,1,1
99,object,7610.980688532,49.73599970981013,178.19099957705475,33.539000469318125,5.373999556468334,266.83999931265134,1,1
100,object,7611.005503912,91.35100026469445,213.93800034275046,27.733999559131917,3.6889996408717707,336.7119998074486,1,1
101,object,7611.030315739,50.6329997733701,117.92500026786001,25.844999981927685,3.0210003387765028,197.4240003619343,1,1
102,object,7611.054130805,98.59300007519778,195.27099993865704,37.150000025576446,4.006999915873166,335.02099995530443,1,1
103,object,7611.079203766,51.52399990038248,133.05299944477156,30.271000468928833,4.921999789075926,219.7699996031588,1,1
104,object,7611.104175905,38.92899985658005,129.85099965590052,27.85400010907324,3.3610003811190836,199.9950000026729,1,1
105,object,7611.127948129,69.71599941607565,228.71000055602053,27.862999559147283,4.599000021698885,330.88799955294235,1,1
106,object,7611.152888185,68.4670003465726,182.66799997945782,29.14200013037771,5.622999196930323,285.89999965333845,1,1
107,object,7611.177920354,34.89499977149535,116.35700047918363,26.187999537796713,2.458000381011516,179.8980001694872,1,1
108,object,7611.202768573,44.92900006880518,124.06099995132536,30.402000447793398,4.019999323645607,203.41199979156954,1,1
109,object,7611.229933045,105.44100041443016,177.28900002111914,31.38800002489006,4.786999852512963,318.9050003129523,1,1
110,object,7611.253592926,42.021999433927704,135.7750006718561,27.970999326498713,3.8670004869345576,209.63499991921708,1,1
111,object,7611.277851806,51.7250000484637,141.9889995304402,28.123000447521918,3.4019994927803054,225.23899951920612,1,1
112,object,7611.302326138,40.982999962579925,112.55099980189698,25.07799945306033,2.7250007406109944,181.33699995814823,1,1
113,object,7611.326648249,34.55900059634587,146.5479999751551,26.869999601331074,2.4769997253315523,210.4539998981636,1,1
114,object,7611.35195757,30.28599985555047,129.62799974047812,26.092000553035177,2.7879996196134016,188.79399976867717,1,1
115,object,7611.377242859,86.7729995661648,351.28500076098135,85.230999502528,56.51100036629941,579.8000001959736,1,1
116,object,7611.401593869,37.86900015256833,113.97300022508716,26.1309996858472,2.828999640769325,180.80199970427202,1,1
117,object,7611.425821345,46.409999413299374,212.18100027908804,30.90999962296337,4.625000656233169,294.12599997158395,1,1
118,object,7611.450257443,64.25700030376902,196.1289999599103,52.810999477515,6.210000719875097,319.4070004610694,1,1
119,object,7611.475578671,47.4540001960122,120.7309996971162,26.84599985514069,3.3699998311931267,198.40099957946222,1,1
120,object,7611.501124296,76.42000036867103,289.1509993787622,63.75300017680274,7.344000550801866,436.66800047503784,1,1
121,object,7611.52487262,43.6529999205959,299.0560005855514,99.82999927160563,6.246000339160673,448.7850001169136,1,1
122,object,7611.550984609,121.78599990875227,306.886000544182,50.37199935031822,5.069000508228783,484.1130003114813,1,1
123,object,7611.574973214,153.66699972219067,230.10000040812884,29.316999643924646,3.9739998101140372,417.0579995843582,1,1
124,object,7611.598326704,58.66700030310312,393.8909994758433,100.5809999696794,7.626000297022983,560.7650000456488,1,1
125,object,7611.624986708,124.06900077621685,160.50899921538075,31.60800042678602,3.410000317671802,319.59600073605543,1,1
126,object,7611.648430114,55.09099992195843,138.00400029140292,32.84600006736582,4.267999429430347,230.2089997101575,1,1
127,object,7611.672534418,32.34799987694714,111.06199963251129,25.645000278018415,2.99400016956497,172.04899995704181,1,1
128,object,7611.69727035,106.63000011845725,272.00100066693267,49.90199977328302,4.132999492867384,432.6660000515403,1,1
129,object,7611.721075351,41.66000053373864,114.73699942143867,58.64000013389159,7.949000064400025,222.98600015346892,1,1
130,object,7611.74507924,116.09899956965819,212.3949998349417,31.52699991915142,3.7700001485063694,363.7909994722577,1,1
131,object,7611.771073878,213.81700025813188,561.6480002572644,122.70899969735183,10.153999937756453,908.3280001505045,1,1
132,object,7611.794814304,222.2989996880642,334.8059999552788,51.45900013303617,4.851999619859271,613.4159993962385,1,1
133,object,7611.820298836,44.85600038606208,119.48399969696766,27.59000017249491,3.3520000215503387,195.28200027707499,1,1
134,object,7611.843765093,50.196000302094035,324.2269995098468,111.93699992873007,8.51700042403536,494.87700016470626,1,1
135,object,7611.867671321,125.45600020530401,307.936999888625,66.6189998810296,6.164999831526075,506.1769998064847,1,1
136,object,7611.893470787,126.77599988819566,219.05599987803726,31.73099958075909,5.231000614003278,382.7939999609953,1,1
137,object,7611.917575379,115.25800073286518,231.02799968910404,38.72300021612318,3.690000085043721,388.6990007231361,1,1
138,object,7611.942007974,50.85099928692216,154.60000031453092,44.23399968800368,3.6350002119434066,253.31999950140016,1,1
139,object,7611.965920365,43.22699987824308,128.83700037491508,25.04799977032235,3.308000486867968,200.42000051034847,1,1
140,object,7611.989383483,39.12900046998402,126.19099925359478,29.556000299635343,3.658000423456542,198.5340004466707,1,1
141,object,7612.016038876,89.05000049708178,277.3930000330438,31.54499972879421,4.366000212030485,402.35400047095027,1,1
142,object,7612.039694043,47.200999688357115,182.68300027557416,35.79199983505532,5.758000042987987,271.4339998419746,1,1
143,object,7612.063730546,34.09900000406196,112.94999967503827,25.669999558886047,2.9480006560334004,175.66699989401968,1,1
144,object,7612.088281605,45.39300061878748,241.28299992298707,41.37599989917362,4.843999704462476,332.89600014541065,1,1
145,object,7612.111832359,47.47399998450419,245.85600021964638,53.94999971031211,10.572000064712483,357.85199997917516,1,1
146,object,7612.135484265,68.99199979670811,259.31300024240045,80.46699986152817,7.880999874032568,416.6529997746693,1,1
147,object,7612.162698986,62.866000007488765,145.75600016542012,29.660000109288376,3.4149998100474477,241.6970000922447,1,1
148,object,7612.186303219,40.35799975099508,176.69699991529342,28.56799983419478,3.32000035996316,248.94299986044643,1,1
149,object,7612.211670196,38.469999708468094,166.55899980833055,26.92300040507689,3.400999958103057,235.3529998799786,1,1
150,object,7612.236427785,59.58299971098313,160.8259999557049,30.560000595869496,3.601999196689576,254.5709994592471,1,1
151,object,7612.260102702,31.878999834589195,104.99700056243455,25.344999812659808,2.5889994503813796,164.80999966006493,1,1
152,object,7612.286651532,30.80099941143999,109.34700003417674,25.68500076449709,2.556999788794201,168.38999999890802,1,1
153,object,7612.314209377,98.64099956757855,319.1699997842079,37.542000427492894,5.767000402556732,461.1200001818361,1,1
154,object,7612.342513982,61.27699998614844,252.20799943781458,48.678000894142315,5.1069991968688555,367.2699995149742,1,1
155,object,7612.368291222,72.30899973365013,201.163999918208,52.14500015426893,6.54399991617538,332.1619997223024,1,1
156,object,7612.393118523,35.69999989849748,113.6109995059087,23.938000595080666,2.4359997041756287,175.68499970366247,1,1
157,object,7612.419386342,55.79200023930753,135.12399982573697,33.308000638498925,3.67499978892738,227.8990004924708,1,1
158,object,7612.446182359,220.99299985711696,433.07400028425036,80.99000024230918,11.731000086001586,746.7880004696781,1,1
159,object,7612.470233396,71.21899943740573,237.78100057825213,38.53999987768475,4.304999492887873,351.8449993862305,1,1
160,object,7612.497613858,125.33000062830979,295.28499999287305,60.07599949953146,7.42900010664016,488.12000022735447,1,1
161,object,7612.521328671,64.11099911929341,138.4290007990785,27.864000003319234,5.330999556463212,235.73499947815435,1,1
162,object,7612.546944857,76.67299996683141,253.46300026285462,33.612999686738476,4.4210000851308,368.1700000015553,1,1
163,object,7612.574620501,39.88299977208953,118.16000005637761,25.811000341491308,3.3360001907567494,187.1900003607152,1,1
164,object,7612.599229405,61.066999478498474,205.5750001090928,28.641999961109832,5.998000233375933,301.28199978207704,1,1
165,object,7612.624520386,49.05700006929692,134.25500037556048,32.066000130726025,4.408999302540906,219.78699987812433,1,1
166,object,7612.648649593,36.73799983516801,109.97400022461079,24.429999939457048,2.472999767633155,173.614999766869,1,1
167,object,7612.674865364,58.68300013389671,155.0030001453706,29.177999749663286,3.850000211969018,246.71400024089962,1,1
168,object,7612.699485076,53.72399937186856,180.88000069838017,33.012000130838715,7.603999620187096,275.21999982127454,1,1
169,object,7612.723544207,51.55000053491676,169.89999949146295,31.06800068053417,6.259999281610362,258.77799998852424,1,1
170,object,7612.748518401,50.06799983675592,124.98500018409686,25.411999558855314,3.1680001484346576,203.63299972814275,1,1
171,object,7612.772032886,36.34300082921982,112.83399999229005,26.328999410907272,3.1589997888659127,178.66500002128305,1,1
172,object,7612.79703724,60.104000112914946,172.66700069740182,39.64400002587354,3.2429998100269586,275.65800064621726,1,1
173,object,7612.823483802,43.31099989940412,171.28600029536756,32.73800030001439,4.865999471803661,252.20099996658973,1,1
174,object,7612.847085181,65.69200013473164,249.941000220133,29.20299994002562,4.452999746717978,349.28900004160823,1,1
175,object,7612.871761991,49.83199960406637,129.84299974050373,27.733000024454668,3.2850002753548324,210.6929996443796,1,1
176,object,7612.895835835,43.82899987831479,110.86199992860202,39.028000173857436,3.092999577347655,196.8119995581219,1,1
177,object,7612.918952124,31.495000257564243,112.38099978072569,24.143000700860284,2.7999994927085936,170.8190002318588,1,1
178,object,7612.945383742,185.68700033938512,395.3850000470993,71.00299990270287,5.805000000691507,657.8800002898788,1,1
179,object,7612.968592866,55.622000218136236,142.44399972085375,27.879999834112823,6.461999873863533,232.40799964696635,1,1
180,object,7612.992113392,33.78400015208172,109.45699978037737,26.560000151221175,2.7370006137061864,172.53800069738645,1,1
181,object,7613.017543159,47.6850000268314,208.58900006714975,27.57900074357167,6.0919992392882705,289.9450000768411,1,1
182,object,7613.041482625,59.283000155119225,239.53999971126905,101.59700013900874,4.172999979346059,404.5929999847431,1,1
183,object,7613.065712856,82.87200034828857,249.01599954318954,45.40800000540912,6.7470000431058,384.042999939993,1,1
184,object,7613.091148177,38.65300004690653,184.04100046609528,27.831999432237353,3.8850002965773456,254.4110002418165,1,1
185,object,7613.114871772,41.13200066058198,136.94299923372455,30.715000320924446,3.3690002965158783,212.15900051174685,1,1
186,object,7613.139228838,102.9739996738499,170.5129998299526,38.64000063913409,5.004999366065022,317.1319995090016,1,1
187,object,7613.163346978,74.96899979742011,134.11200052360073,26.72299979167292,3.2730004022596404,239.0770005149534,1,1
188,object,7613.187215794,32.377000025007874,106.76300007617101,24.76800000295043,2.820000190695282,166.7280002948246,1,1
189,object,7613.213222407,47.313000322901644,126.51599990931572,27.872999453393277,3.5470002330839634,205.2489999186946,1,1
190,object,7613.240609182,153.71300014521694,351.69199964002473,52.17299985815771,5.7249999372288585,563.3029995806282,1,1
191,object,7613.264938917,107.20499994931743,322.7560000595986,60.29399992257822,10.738999662862625,500.99399959435686,1,1
192,object,7613.289602248,98.91900026559597,209.34599979227642,41.08400025870651,4.258999979356304,353.6080002959352,1,1
193,object,7613.313968658,73.2019998395117,183.0730006986414,32.40299975004746,6.115999894973356,294.7940001831739,1,1
194,object,7613.337042414,31.556000067212153,107.61899920908036,25.642000764491968,2.815999323502183,167.63299936428666,1,1
195,object,7613.363191278,54.44999987957999,137.69700035481947,27.09299951675348,3.6170004023006186,222.85700015345355,1,1
196,object,7613.386647226,41.945000702980906,118.07800001406576,26.699999580159783,3.1669997042627074,189.89000000146916,1,1
197,object,7613.412639667,56.65699973178562,193.5660002345685,46.80500023823697,5.029999556427356,302.05799976101844,1,1
198,object,7613.437225364,143.81199980562087,234.7190002183197,36.82099941215711,3.8270000004558824,419.17899943655357,1,1
199,object,7613.460533479,41.03799983568024,115.78599969652714,26.388999685877934,2.8310005291132256,186.04399974719854,1,1
200,object,7613.487609984,43.61399987828918,279.0889993775636,33.71900038473541,6.184000085340813,362.605999725929,1,1
201,object,7613.512114446,64.9109997539199,127.99500018445542,24.703000235604122,3.3209998946404085,220.93000006861985,1,1
202,object,7613.536481594,88.88299998943694,181.60299987357575,50.269999519514386,4.916000762023032,325.6720001445501,1,1
203,object,7613.560722118,64.20099998649675,179.53400038095424,58.22399998578476,5.292999958328437,307.2520003115642,1,1
204,object,7613.584314994,83.06699965032749,170.94400027417578,30.262000109360088,3.461000233073719,287.7340002669371,1,1
205,object,7613.610893115,183.42499970458448,432.5580002841889,51.1759999426431,5.214000339037739,672.3730002704542,1,1
206,object,7613.634877105,58.739999985846225,200.09899981232593,38.35500046989182,4.145000275457278,301.33900054352125,1,1
207,object,7613.659391425,45.2089998361771,163.80000033677788,39.66599979321472,3.8389998735510744,252.51399983972078,1,1
208,object,7613.684327311,118.39000035251956,277.71199984272243,59.18100032431539,7.846999324101489,463.1299998436589,1,1
209,object,7613.707300524,160.31399991334183,190.4460004880093,51.53399979462847,4.587999683280941,406.88199987926055,1,1
210,object,7613.730530009,33.07499991933582,107.8630002666614,26.134999643545598,2.427999788778834,169.50099961832166,1,1
211,object,7613.757477926,37.2159993276,121.45300024712924,26.280000383849256,2.566999683040194,187.5159996416187,1,1
212,object,7613.781101875,205.15200048976112,171.99699959746795,41.03700030100299,5.402000169851817,423.5880005580839,1,1
213,object,7613.924590789,31.665000278735533,111.91999965376453,25.367000489495695,2.3839993446017615,171.33599976659752,1,1
214,object,7613.94993607,136.41999976243824,211.3740001732367,28.448000193748157,3.575999471649993,379.8179996010731,1,1
215,object,7613.974036636,103.42899986426346,219.94300004735123,27.87199991871603,3.6170004023006186,354.86100023263134,1,1
216,object,7613.998085512,32.32200015190756,109.12299967458239,25.127999833784997,2.320000021427404,168.89299968170235,1,1
217,object,7614.026635167,34.736000088742,133.98300052358536,29.489999178622384,3.3130008887383156,201.52200067968806,1,1
218,object,7614.050509025,47.386000005644746,184.10499978926964,38.596000194957014,4.219999937049579,274.306999926921,1,1
219,object,7614.076088827,43.6549998994451,145.569000778778,87.003999396984,4.911999894829933,281.139999970037,1,1
220,object,7614.100595889,106.45800011843676,171.8539997455082,35.30400044837734,3.9079995985957794,317.52399991091806,1,1
221,object,7614.124445404,41.234000491385814,114.66900014056591,25.21499936847249,3.173000550305005,184.29100055072922,1,1
222,object,7614.152287128,142.02599959389772,365.6720000435598,72.95199975487776,11.869000445585698,592.518999837921,1,1
223,object,7614.177019814,211.06099939061096,454.5030005829176,63.29499956336804,8.084000000962988,736.9429995378596,1,1
224,object,7614.344646595,61.66200000734534,235.0550003029639,47.06599975179415,6.960999598959461,350.74399966106284,1,1
225,object,7614.368834384,44.07899996294873,191.8439993460197,28.95700072258478,4.2279998524463736,269.1079998839996,1,1
226,object,7614.392747369,60.01000019750791,221.086999772524,31.247000151779503,4.063000233145431,316.40700035495684,1,1
227,object,7614.420028262,85.93399979872629,215.1749995391583,30.75400036323117,7.151999852794688,339.01499955391046,1,1
228,object,7614.443798875,45.03500076680211,148.73899999656714,154.13699929922586,4.952000381308608,352.86300044390373,1,1
229,object,7614.46849488,45.13299973041285,113.86599999241298,25.33999941078946,3.284000740677584,187.62299987429287,1,1
230,object,7614.492194508,76.20900032634381,187.51300012809224,39.30500042770291,4.903999979433138,307.9310008615721,1,1
231,object,7614.516242996,45.712999963143375,174.73699972470058,25.68299987615319,4.344999979366548,250.4779995433637,1,1
232,object,7614.540340281,32.36800057493383,105.48299997026334,24.725000002945308,2.764999408100266,165.34099995624274,1,1
233,object,7614.567551181,146.0879993828712,273.4690006036544,60.61199928808492,5.550999958359171,485.7199992329697,1,1
234,object,7614.591365283,103.46799990657018,155.26799961662618,26.067000362672843,3.5769999158219434,288.37999980169116,1,1
235,object,7614.616539224,49.293999836663716,130.5860005231807,30.22500004590256,3.680999725474976,213.78600013122195,1,1
236,object,7614.641540327,80.4149995019543,165.12500042153988,30.872999559505843,3.1500003387918696,279.5629998217919,1,1
237,object,7614.668383004,64.53599962696899,251.6210006433539,47.433999498025514,4.610000360116828,368.20100012846524,1,1
238,object,7614.69404196,70.69700041029137,212.01100025791675,49.00699968857225,6.381000275723636,338.096000632504,1,1
239,object,7614.717631617,63.32100019790232,235.76700004923623,52.706000133184716,5.027999577578157,356.8219999579014,1,1
240,object,7614.743044198,62.216000515036285,188.33200010703877,56.662999668333214,5.609999789157882,312.82100007956615,1,1
241,object,7614.766797101,83.26700026373146,200.72300048923353,30.559999686374795,4.522000381257385,319.07200082059717,1,1
242,object,7614.790721212,47.43200042867102,121.8209999933606,26.609000087773893,3.122999260085635,198.98499976989115,1,1
243,object,7614.818253293,105.63799969531829,232.89999990083743,32.269000257656444,3.571999513951596,374.37899936776375,1,1
244,object,7614.842910254,54.690999604645185,386.06799989793217,46.954000026744325,6.625000423809979,494.33799995313166,1,1
245,object,7614.869772201,68.42899983894313,157.7359998918837,42.534000385785475,4.190999788988847,272.88999990560114,1,1
246,object,7614.894320468,66.49300030403538,196.67299966386054,48.349000280722976,4.872999852523208,316.3880001011421,1,1
247,object,7614.91933355,121.48099995101802,209.96199964429252,35.490999835019466,4.35699985246174,371.29099928279174,1,1
248,object,7614.944520415,56.040999879769515,334.7830006532604,62.1089993728674,4.6410004870267585,457.57400039292406,1,1
249,object,7614.973060348,73.87999994534766,342.2049994696863,51.1800008098362,6.652999218204059,473.9179994430742,1,1
250,object,7614.998134346,86.42800003144657,288.2349999708822,47.697999434603844,4.235999767843168,426.5969992047758,1,1
251,object,7615.024430884,112.15599988645408,311.67599991022144,51.64100002730265,7.208999704744201,482.6819995287224,1,1
252,object,7615.048998986,51.357000302232336,201.64699981251033,28.051999834133312,3.699000444612466,284.75500039348844,1,1
253,object,7615.074138494,78.80100019974634,159.45699942676583,25.082000320253428,3.53599989466602,266.8759998414316,1,1
254,object,7615.10505884,164.28099934273632,409.4700007044594,73.83399952232139,8.738999895285815,656.3239994648029,1,1
255,object,7615.135096393,131.89000037527876,283.0619996530004,51.03900002723094,7.581999852845911,473.572999908356,1,1
256,object,7615.157572446,127.35400014207698,339.2769995116396,72.91900055861333,6.706000021949876,546.2560002342798,1,1
257,object,7615.179596418,166.3390003159293,386.57400000374764,70.60099960654043,8.369999704882503,631.8839996310999,1,1
258,object,7615.204535234,147.13400014443323,451.5840000749449,112.95399963273667,10.116000339621678,721.7880001917365,1,1
259,object,7615.230792267,89.44300043367548,190.73099974775687,49.95699964638334,4.88600016979035,335.01699999760604,1,1
260,object,7615.254581295,46.58199941331986,138.38400082022417,42.08599966659676,8.682000043336302,235.7339999434771,1,1
261,object,7615.281232514,89.97599979920778,458.47499950468773,267.7430002222536,7.409999852825422,823.6039993789745,1,1
262,object,7615.305158707,77.59299933240982,150.89299995452166,29.54400042654015,3.2950001696008258,261.32499988307245,1,1
263,object,7615.329704729,50.35400045017013,133.8969996140804,28.028000087942928,3.0530000003636815,215.33200015255716,1,1
264,object,7615.358432962,50.331999773334246,139.60600063001039,28.30599987646565,3.8970001696725376,222.14100044948282,1,1
265,object,7615.384996411,51.199999688833486,143.87699957296718,67.41900051565608,5.963999683444854,268.4599994609016,1,1
266,object,7615.412895945,98.22799984249286,332.8239999973448,63.192000197886955,8.10999972600257,502.3539997637272,1,1
267,object,7615.43724362,35.39299996191403,113.01999984425493,25.97599996079225,2.695999683055561,177.08499945001677,1,1
268,object,7615.461740238,175.86099966138136,466.29000007669674,69.35900000826223,6.62200000078883,718.1319997471292,1,1
269,object,7615.487955364,43.37099926488008,222.82999998424202,42.08000063954387,5.197000064072199,313.4779999527382,1,1
270,object,7615.512902344,34.21199926378904,126.15300056495471,28.200999622640666,3.4060003599734046,191.97199981135782,1,1
271,object,7615.538323987,167.43600008339854,434.8210004536668,66.8459997541504,15.405000340251718,684.5080006314674,1,1
272,object,7615.561995495,88.43300020089373,274.58200020191725,41.73599973000819,3.703000402310863,408.45400053513004,1,1
273,object,7615.586601749,46.88399985752767,131.83500050217845,30.30599964404246,3.5560005926527083,212.58100059640128,1,1
274,object,7615.615134259,43.89500008983305,162.73999972327147,41.53700047027087,4.423999598657247,252.59599988203263,1,1
275,object,7615.636449162,57.19199998566182,249.78400051622884,50.222999561810866,6.142000529507641,363.3410005932092,1,1
276,object,7615.661407401,40.377999539487064,194.30399970588041,53.08900017553242,5.361000148695894,293.1319995695958,1,1
277,object,7615.687027254,111.39100024593063,179.57299951376626,40.76000004715752,4.952000381308608,336.676000188163,1,1
278,object,7615.711015074,62.123000134306494,136.06700031232322,35.322999792697374,3.7089994293637574,237.22199966869084,1,1
279,object,7615.735754328,52.146999223623425,129.22600035381038,24.977000066428445,3.809999725490343,210.1599993693526,1,1
280,object,7615.762726799,115.00599975988735,269.61799994751345,42.765999751281925,7.365000783465803,434.7550002421485,1,1
281,object,7615.787445115,55.976999647100456,128.116000269074,28.206000024511013,3.5949997254647315,215.8939996661502,1,1
282,object,7615.81226384,51.027999688813,181.81599989475217,41.18900051253149,3.7279996831784956,277.76099977927515,1,1
283,object,7615.835920097,53.266000577423256,147.1659998060204,27.426999622548465,4.133000402362086,231.99200040835422,1,1
284,object,7615.859445838,106.81599997042213,191.82699998054886,33.6559996867436,3.45900025422452,335.7579998919391,1,1
285,object,7615.885851386,80.30900062294677,363.2789994298946,56.40300059894798,5.53700010641478,505.52800075820414,1,1
286,object,7615.910387755,47.02900059783133,265.2530001796549,77.2379999034456,4.8089996198541485,394.329000300786,1,1
287,object,7615.935851646,49.51000028086128,116.35499959083972,28.44500068022171,2.9229995561763644,197.23300010809908,1,1
288,object,7615.960962302,152.43000052578282,324.5369998694514,36.34000040619867,5.021999641030561,518.3290004424634,1,1
289,object,7615.986147957,102.80300011800136,312.68699967768043,80.36400049604708,5.384999894886278,501.23900018661516,1,1
290,object,7616.048564362,69.17499922565185,163.2980001886608,29.81200032081688,3.289999767730478,265.57499950286,1,1
291,object,7616.065332007,43.2760007242905,120.7469995279098,26.93900023587048,3.328999810037203,194.29100029810797,1,1
292,object,7616.090872461,113.2870002038544,274.3989998634788,40.66800011059968,4.473999979381915,432.8280001573148,1,1
293,object,7616.11668428,60.288999520707875,173.17000038019614,31.40399985568365,4.554999577521812,269.4179993341095,1,1
294,object,7616.141548157,47.05099945567781,117.98700052167987,27.306999982101843,2.9949997042422183,195.33999966370175,1,1
295,object,7616.167826253,93.70299994770903,236.46699992241338,40.421999983664136,9.747999683895614,380.33999953768216,1,1
296,object,7616.19206947,59.04399949940853,129.24300062877592,26.298999728169292,2.787000084936153,217.3729999412899,1,1
297,object,7616.219880473,39.850000575825106,132.48899995232932,26.588999389787205,2.5680001272121444,201.49600004515378,1,1
298,object,7616.245824959,43.98600049171364,115.20499992911937,35.55700004653772,3.6199999158270657,198.3680003831978,1,1
299,object,7616.274376168,122.47999984538183,205.31700010906206,35.92799930629553,4.715000613941811,368.43999987468123,1,1
300,object,7616.298458134,43.29900002630893,166.6570005909307,105.01999986445298,7.654999535589013,322.6310000172816,1,1
301,object,7616.323011495,32.16999994037906,105.49400030868128,24.619999749120325,2.5740000637597404,164.8580000619404,1,1
302,object,7616.347794694,41.51499979343498,108.82999958994333,25.320000531792175,2.6589996195980348,178.32399953476852,1,1
303,object,7616.37360041,44.47900028026197,119.15100003534462,27.720999241864774,4.137000360060483,195.48799991753185,1,1
304,object,7616.40014283,107.28800043580122,431.7759994592052,105.42100062593818,10.672999451344367,655.157999972289,1,1
305,object,7616.424613375,43.277999793644994,118.81199952767929,26.376000278105494,2.8820004445151426,191.34800004394492,1,1
306,object,7616.448729867,43.08099960326217,118.05099984485423,26.86400057427818,3.45900025422452,191.4550002766191,1,1
307,object,7616.472507464,32.74899972893763,108.42400024557719,25.45000006648479,2.468000275257509,169.09100031625712,1,1
308,object,7616.496811008,84.63700032734778,197.90699934674194,30.286000765045173,4.036999598611146,316.86700003774604,1,1
309,object,7616.520467996,42.428000597283244,118.02700009866385,25.24899991840357,2.961000063805841,188.6650006781565,1,1
310,object,7616.545829699,46.873999963281676,351.9709998727194,123.46699986665044,9.306000720243901,531.6180004228954,1,1
311,object,7616.571018779,41.20999983570073,252.57400011469144,105.35900037211832,4.328999239078257,403.47199956158875,1,1
312,object,7616.595821084,65.09700051537948,142.11799953045556,28.47599989763694,3.0600003810832277,238.7510003245552,1,1
313,object,7616.620941474,146.60400029242737,234.54199981642887,36.082000406167936,4.069000169693027,421.2970006847172,1,1
314,object,7616.644979851,56.006999329838436,217.33500034315512,112.54499986534938,8.570999852963723,394.45799939130666,1,1
315,object,7616.668748743,42.92900030122837,135.04099933925318,29.214000278443564,2.974000381072983,210.1580002999981,1,1
316,object,7616.697763575,65.05800047307275,447.28899956680834,102.16400005447213,8.119000085571315,622.6300001799245,1,1
317,object,7616.72157553,160.24999968067277,359.3219998947461,46.023000322747976,4.628000169759616,570.2230000679265,1,1
318,object,7616.747374976,38.97399983543437,110.40200024581281,25.817999812716153,2.976000359922182,178.17000025388552,1,1
319,object,7616.771832408,86.33700053906068,211.04400002514012,29.488000109267887,3.3059995985240676,330.17500027199276,1,1
320,object,7616.798847486,42.38800011080457,119.652999273967,26.28800029924605,3.2250000003841706,191.5539996844018,1,1
321,object,7616.824605507,89.35599998949328,237.2760000071139,39.97899966634577,4.821999937121291,371.43299960007425,1,1
322,object,7616.849023363,91.04699984163744,584.7219999850495,267.2179998626234,20.092000340810046,963.0790000301204,1,1
323,object,7616.873539142,132.01500041759573,252.63299994549016,34.86399964458542,4.1740004235180095,423.6860004311893,1,1
324,object,7616.898611244,130.31199978286168,318.48600065131905,72.57299967022846,6.090999704611022,527.4619998090202,1,1
325,object,7616.921875568,33.09199928480666,121.86900039523607,29.601000278489664,2.716999915719498,187.2789998742519,1,1
326,object,7616.948841089,93.35400045529241,281.6070000335458,30.24299985554535,4.888000148639549,410.0920004930231,1,1
327,object,7616.97307279,51.65800030226819,163.1479999559815,27.136000426253304,3.4229997254442424,245.36500040994724,1,1
328,object,7616.998852996,53.204000323603395,178.5849999578204,31.033999221108388,3.4320000850129873,266.25499958754517,1,1
329,object,7617.023472234,42.173999645456206,127.89999982487643,90.71500062418636,8.56099995871773,269.3500000532367,1,1
330,object,7617.047555831,42.52100006851833,115.67500041564927,24.6579993472551,3.154000296490267,186.00800012791296,1,1
331,object,7617.07326941,108.09700052050175,408.2509994987049,58.68100015504751,5.29000044480199,580.3190006190562,1,1
332,object,7617.097745046,239.43100040924037,311.86700016405666,60.243000007176306,6.3790002968744375,617.9200008773478,1,1
333,object,7617.12164645,42.1859995185514,117.08500005624956,25.53100057411939,3.102999471593648,187.904999620514,1,1
334,object,7617.150213831,106.03800001263153,195.15300027705962,39.87200034316629,5.590000000665896,346.65300063352333,1,1
335,object,7617.177930298,34.5029993695789,113.50400018272921,24.87500023562461,2.581999979156535,175.46399976708926,1,1
336,object,7617.208330087,37.06900042743655,112.50799980189186,29.90200027852552,4.024999725515954,183.50400023336988,1,1
337,object,7617.238400517,32.547000046179164,105.94900049909484,26.33199983392842,2.8479998945840634,167.67600027378649,1,1
338,object,7617.269684276,95.75700005370891,676.9150004402036,77.67199986119522,5.666000106430147,856.0100004615379,1,1
339,object,7617.299544942,137.31800027017016,257.21000019984785,52.845999562123325,5.152000085217878,452.5260001173592,1,1
340,object,7617.328070689,65.85600021935534,260.05499967141077,50.44000045018038,6.5409994931542315,382.8919998341007,1,1
341,object,7617.356166724,76.10699958604528,250.95300043176394,32.58299966546474,6.152000423753634,365.7950001070276,1,1
342,object,7617.381557654,57.73799966846127,166.68599982949672,27.480000426294282,4.083000021637417,255.9869999458897,1,1
343,object,7617.406952302,39.6249997720588,119.58900086028734,25.174999791488517,3.1469999157707207,187.53600033960538,1,1
344,object,7617.432224777,33.294000786554534,110.37099920940818,26.22400006657699,2.4360006136703305,172.32500067621004,1,1
345,object,7617.456605881,43.59500053396914,184.27199938741978,31.43600042676553,4.60800038126763,263.9110007294221,1,1
346,object,7617.484539093,44.41799956111936,163.0830001886352,29.875000109313987,4.798999725608155,242.1749995846767,1,1
347,object,7617.508183719,32.12100000382634,105.94699961075094,27.131000024382956,3.516000106174033,168.71499974513426,1,1
348,object,7617.53295734,53.93999981606612,126.52799978241092,37.337999856390525,3.02399985230295,220.8299993071705,1,1
349,object,7617.557405482,53.73400017560925,141.7399998899782,29.49499958049273,4.690000423579477,229.65900006965967,1,1
350,object,7617.581513465,43.69399994175183,164.02799974457594,27.17100051086163,3.3699998311931267,238.26300002838252,1,1
351,object,7617.606564949,45.25100030150497,114.6159993368201,24.515999939467292,3.2369998734793626,187.61999945127172,1,1
352,object,7617.63247781,74.08900000882568,205.358000130218,35.246000152255874,4.690000423579477,319.383000714879,1,1
353,object,7617.656477853,48.582000090391375,127.78000018442981,26.95599960134132,2.722999852267094,206.0409997284296,1,1
354,object,7617.680757687,50.32400076743215,150.08599984867033,26.322999474359676,4.446000275493134,231.1790003659553,1,1
355,object,7617.704478211,39.65399992011953,156.55400056857616,28.36800013028551,3.303999619674869,227.88000023865607,1,1
356,object,7617.728934455,123.9160001205164,258.13599950197386,35.492000279191416,4.565000381262507,422.1090002829442,1,1
357,object,7617.754871805,211.37899966561235,278.13399992737686,44.03300044941716,4.800000169780105,538.3460002121865,1,1
358,object,7617.779405843,291.20599992893403,689.0980002935976,256.03899939596886,17.57300015015062,1253.915999768651,1,1
359,object,7617.804660304,44.065999645681586,118.40400020446396,25.475999791524373,2.9259999791975133,190.87199962086743,1,1
360,object,7617.829133246,48.144999709620606,113.66800026735291,24.926999685703777,2.6099996830453165,189.3499993457226,1,1
361,object,7617.853481747,57.26200015487848,166.30299978714902,28.73900029953802,3.67499978892738,255.9790000304929,1,1
362,object,7617.880284803,60.67499998607673,235.13100040872814,34.371999390714336,5.937000423728023,336.1150002092472,1,1
363,object,7617.904646334,97.3919995885808,234.22699996444862,56.3810008316068,4.54299970442662,392.54300008906284,1,1
364,object,7617.929413888,44.67699909582734,122.92500014154939,30.72400068049319,3.755999387067277,202.0819993049372,1,1
365,object,7617.953391816,47.003000872791745,123.7540000147419,30.594999770983122,3.957999979320448,205.31000063783722,1,1
366,object,7617.977505584,32.50099962315289,105.09900039323838,24.1919997279183,3.1250001484295353,164.9169998927391,1,1
367,object,7618.004744284,36.283000554249156,153.71100016636774,29.785999686282594,5.591000444837846,225.37100085173734,1,1
368,object,7618.029660809,43.60999992059078,114.19000020396197,25.270999685744755,3.1589997888659127,186.22999959916342,1,1
369,object,7618.055262601,66.05699945794186,205.14900006673997,52.5780005773413,4.94599953526631,328.72999963728944,1,1
370,object,7618.079776758,46.223000026657246,192.2330002344097,50.302000090596266,5.5319997045444325,294.29000005620765,1,1
371,object,7618.103549503,42.626999857020564,111.08400030934718,24.477999431837816,3.0950004656915553,181.2840000638971,1,1
372,object,7618.127746036,128.09500003641006,297.72200014122063,58.427999647392426,6.547000339196529,490.79200016421964,1,1
373,object,7618.154336824,42.286000280000735,120.76999973942293,28.72299955924973,5.379000867833383,197.15800044650678,1,1
374,object,7618.178329749,45.384999793895986,191.81500010745367,31.720999686513096,3.6130004446022213,272.534000032465,1,1
375,object,7618.204948516,73.92500083369669,243.09999935212545,30.5499997921288,4.01900069846306,351.594000676414,1,1
376,object,7618.22947223,47.046999497979414,185.89400042401394,26.20699979161145,3.543000275385566,262.69099998899037,1,1
377,object,7618.253011924,63.933999626897275,242.29800055763917,28.694999855360948,3.623999873525463,338.55099991342286,1,1
378,object,7618.279506411,72.21300074888859,136.96799942408688,29.941999855509493,3.1890003810985945,242.31200040958356,1,1
379,object,7618.302944486,32.81999943283154,114.81900037324522,26.059999981953297,3.059999471588526,176.75899925961858,1,1
380,object,7618.327812046,61.237999943841714,173.10299972450593,36.78800021589268,6.553999810421374,277.6829996946617,1,1
381,object,7618.351585348,64.76199996541254,190.77099932474084,55.46200009121094,6.053000106476247,317.04799948784057,1,1
382,object,7618.375491381,77.8499997977633,190.25300025532488,41.324999983771704,4.900000021734741,314.3280000585946,1,1
383,object,7618.399466835,88.93100039131241,173.77400035911705,28.20699955918826,3.412999831198249,294.325000140816,1,1
384,object,7618.42571219,48.6210001326981,147.23799995408626,27.00200002436759,4.045999958179891,226.90700006933184,1,1
385,object,7618.45006376,123.40099965513218,253.76099983986933,63.89500049408525,8.945999979914632,450.0029999690014,1,1
386,object,7618.474841306,52.973000492784195,159.33199938444886,42.23300038574962,3.8010002754162997,258.339000538399,1,1
387,object,7618.499056507,34.58099945419235,107.38900073192781,25.833999643509742,2.587999915704131,170.39199974533403,1,1
388,object,7618.525106139,46.34000015357742,145.9439999962342,30.391999644052703,4.31300031777937,226.9890001116437,1,1
389,object,7618.550849303,69.67399986024247,199.64500006608432,36.47099947556853,6.7770006353384815,312.5670000372338,1,1
390,object,7618.574729868,235.47900036646752,489.969999762252,42.04400011076359,5.848999535373878,773.341999774857,1,1
391,object,7618.60001313,106.21300043567317,407.55699956207536,142.84100052464055,12.538999726530164,669.1500002489192,1,1
392,object,7618.623688013,59.621999753289856,212.6950003003003,33.010999686666764,6.878000021970365,312.2059997622273,1,1
393,object,7618.647812605,33.44800006743753,123.05000018386636,26.31999996083323,2.7520000003278255,185.57000021246495,1,1
394,object,7618.674621737,68.72199992358219,225.7960004499182,32.592000025033485,4.114999683224596,331.2250000817585,1,1
395,object,7618.699221017,56.56200028170133,148.20799970038934,28.884000130346976,3.4739996408461593,237.1279997532838,1,1
396,object,7618.725585704,49.38399979437236,115.7770002464531,26.31699953781208,2.8460008252295665,194.3240004038671,1,1
397,object,7618.74955973,48.930999582808,120.36499992973404,23.25100012967596,3.311000000394415,195.8579996426124,1,1
398,object,7618.773295323,41.53400004724972,114.12799995014211,24.425000447081402,3.8489997677970678,183.9360002122703,1,1
399,object,7618.801647485,68.08099988120375,180.6170002964791,30.724999305675738,6.676000339211896,286.0989998225705,1,1
400,object,7618.825801826,43.05399943405064,115.2400000137277,25.910000658768695,3.806999302469194,188.01099940901622,1,1
401,object,7622.248407137,81.26900047500385,343.3289994063671,93.59800060337875,8.643999535706826,526.8400000204565,1,1
402,object,7622.275673841,77.46400024188915,154.02899953187443,30.561000130546745,5.675000465998892,267.7290003703092,1,1
403,object,7622.301225697,63.767000028747134,281.85400060465327,67.04899988108082,8.682000043336302,421.3520005578175,1,1
404,object,7622.32732074,131.36699999449775,257.86600053834263,71.47299947973806,9.234000572178047,469.9400005847565,1,1
405,object,7622.351172188,71.25199954316486,183.766000191099,34.84299941192148,7.340000593103468,297.2009997392888,1,1
406,object,7622.375242174,45.17300021689152,135.51099982578307,26.19800034153741,3.9739998101140372,210.85600019432604,1,1
407,object,7622.401667301,64.21499983844114,154.1479996376438,31.999000384530518,3.801999810093548,254.16399967070902,1,1
408,object,7622.425976157,56.707999647187535,129.29300010000588,26.91000008780975,2.8840004233643413,215.7950002583675,1,1
409,object,7622.451838669,67.06100066367071,178.48900006356416,31.361999390355777,4.823000381293241,281.7350004988839,1,1
410,object,7622.476306114,40.42699947603978,124.47700009943219,36.26400030043442,3.5530001696315594,204.72100004553795,1,1
411,object,7622.500445974,45.25599979388062,121.06200028938474,23.429000066244043,3.334999746584799,193.0819998960942,1,1
412,object,7622.527207839,41.21300025872188,117.08300007740036,34.439000046404544,4.106999767827801,196.84200015035458,1,1
413,object,7622.551234223,38.80599979311228,127.90300024789758,27.119999685965013,3.2879997888812795,197.11699951585615,1,1
414,object,7622.718496874,38.11499937000917,117.23000079655321,26.978999812854454,3.186999492754694,185.51099947217153,1,1
415,object,7622.743810955,33.76199947524583,238.36499985918636,34.01300000405172,2.8220001695444807,308.9619995080284,1,1
416,object,7622.768051489,91.39000030700117,232.6180001546163,59.43299947830383,4.991999958292581,388.4329998982139,1,1
417,object,7622.794064442,49.27100053464528,132.17699961387552,26.812000214704312,4.157999683229718,212.41800004645484,1,1
418,object,7622.818993162,54.31499994301703,117.03400014084764,25.157999516522978,2.9990005714353174,199.50600017182296,1,1
419,object,7622.843474864,44.04699939186685,114.52100079623051,25.2780000664643,2.9259999791975133,186.77200023375917,1,1
420,object,7622.870011521,45.3689999631024,123.04799929552246,24.859000404831022,3.324999852338806,196.60099951579468,1,1
421,object,7622.893924357,52.36099968897179,213.36600002541672,82.22799988288898,7.028000254649669,354.98299985192716,1,1
422,object,7622.91917636,53.57099962566281,140.24800020706607,25.393000214535277,3.276999450463336,222.4889994977275,1,1
423,object,7622.946782035,41.35899962420808,154.88999997614883,41.38000076636672,5.786999281554017,243.41599964827765,1,1
424,object,7622.97097203,41.84000044915592,116.43699963315157,27.602000045590103,2.6830002752831206,188.56200040318072,1,1
425,object,7622.99736381,79.05100028438028,279.80499999102904,80.21499979804503,7.138999535527546,446.2099996089819,1,1
426,object,7623.020574234,39.973999264475424,106.80200011847774,24.112000573950354,2.553999365773052,173.44199932267657,1,1
427,object,7623.044978392,38.144999962241855,106.1510001818533,23.780999981681816,2.5909994292305782,170.66799955500755,1,1
428,object,7623.07185935,50.40500036557205,184.44000033923658,32.20100006728899,3.120999281236436,270.16700005333405,1,1
429,object,7623.095864711,45.71399949782062,131.80300084059127,25.02899951650761,3.314000423415564,205.86000027833506,1,1
430,object,7623.120928885,64.5870004518656,154.45499957422726,26.058000003104098,4.034000085084699,249.13400011428166,1,1
431,object,7623.146253905,101.57199994864641,210.3830001942697,55.06900015461724,5.507999958354048,372.5320002558874,1,1
432,object,7623.170390517,66.42200060014147,204.10299930517795,71.86499988165451,5.602000783255789,347.9920005702297,1,1
433,object,7623.19689826,147.84999984840397,310.9970002697082,57.48999956267653,6.922000466147438,523.2590001469362,1,1
434,object,7623.221372077,156.83200035709888,388.4609996021027,45.2880003649625,9.751000106916763,600.3320004310808,1,1
435,object,7623.38860898,59.64600040897494,180.5160000003525,52.336999942781404,4.948999958287459,297.4480003103963,1,1
436,object,7623.412868828,48.74099977314472,130.47800075582927,29.241999982332345,3.3939995773835108,211.85500008868985,1,1
437,object,7623.436425794,37.49100051209098,107.79900003399234,24.668000150995795,2.320000021427404,172.27800071850652,1,1
438,object,7623.462037048,43.25900044932496,155.43900008196943,73.65500005107606,19.785999938903842,292.1390005212743,1,1
439,object,7623.487131294,47.70099985762499,122.89499954931671,25.18700057407841,3.3199994504684582,199.10299943148857,1,1
440,object,7624.114245898,76.39599971298594,210.62700034235604,4.825999894819688,62.63900013436796,354.48800008452963,2,1
441,object,7624.139405888,81.03000072878785,201.71199957985664,34.62200038484298,4.339999577496201,321.70400027098367,2,1
442,object,7624.165109389,59.175000387767795,155.93599982821615,26.316000003134832,4.381000508146826,245.8080007272656,2,1
443,object,7624.190089208,50.259000090591144,142.86999976320658,24.54900004522642,3.6559995351126418,221.33399943413679,2,1
444,object,7624.214173604,44.94599943427602,133.95699988905108,24.4270004259306,2.980000317620579,206.31000006687827,2,1
445,object,7624.238422324,62.36100034584524,163.28000037901802,26.68899924174184,3.8360003600246273,256.1660003266297,2,1
446,object,7624.265883796,98.3280006039422,253.56900005135685,28.34899987647077,5.548999979509972,385.7950005112798,2,1
447,object,7624.289860671,134.44100022752536,303.27600052260095,37.34999972948572,5.525000233319588,480.5920007129316,2,1
448,object,7624.434806157,53.687000217905734,154.81199989153538,27.910000426345505,4.556999556371011,240.96600009215763,2,1
449,object,7624.459620991,52.56400072539691,141.0409995514783,24.062000193225686,3.617999936977867,221.28500040707877,2,1
450,object,7624.48375706,39.028999708534684,119.39999967580661,23.62200029892847,3.13300006382633,185.1839997470961,2,1
451,object,7624.507860946,53.14900045050308,147.5589997426141,28.858000405307394,4.1099992813542485,233.67599987977883,2,1
452,object,7624.534466039,60.06900002830662,168.5130000623758,29.320999601623043,4.346999958215747,262.2499996505212,2,1
453,object,7624.558224071,41.96800000499934,127.30999969789991,24.697000299056526,3.109000317635946,197.08400031959172,2,1
454,object,7624.583350978,92.04999969369965,307.7330002270173,49.17699970974354,7.165999704739079,456.1259993351996,2,1
455,object,7624.607886169,74.68599960702704,203.78699991852045,44.21700032253284,5.322000106389169,328.0119999544695,2,1
456,object,7624.631676376,42.007000047306065,149.16000054654432,28.0719996226253,3.7159998100833036,222.955000026559,2,1
457,object,7624.658445755,104.78200056240894,253.67799935338553,42.06500034342753,8.49699972604867,409.02199998527067,2,1
458,object,7624.683056695,57.80099945695838,155.4990003569401,27.32699977059383,4.892000106337946,245.51899969083024,2,1
459,object,7624.708851185,79.49900009407429,184.79400023352355,26.419000278110616,4.300999535189476,295.01300014089793,2,1
460,object,7624.733320484,62.834000345901586,157.70400023029651,27.12300010898616,3.794999429374002,251.45600011455826,2,1
461,object,7624.757166589,53.574999583361205,128.1810000364203,25.362000087625347,3.6230003388482146,210.74100004625507,2,1
462,object,7624.784769769,119.39399973925902,279.6440003294265,35.48099994077347,8.775999958743341,443.2949999682023,2,1
463,object,7624.809364333,54.77800004882738,135.0109996565152,25.631000426074024,3.67499978892738,219.09499992034398,2,1
464,object,7624.977346334,58.804000218515284,238.24999971111538,70.110000706336,9.847000001173,377.01100063713966,2,1
465,object,7625.002367431,124.77400014176965,314.88600052398397,77.03699975536438,9.36499964154791,526.0620000626659,2,1
466,object,7625.026798545,45.35999960353365,137.58300065092044,42.8079993071151,4.620000254362822,230.370999815932,2,1
467,object,7625.051630825,40.04499987786403,129.78500035387697,26.02400036266772,3.538999408192467,199.39300000260118,2,1
468,object,7625.078511196,57.948999710788485,151.6940001238254,30.125000193947926,4.358999831310939,244.12699985987274,2,1
469,object,7625.102754035,60.26800019753864,138.08800031256396,26.351999622420408,4.571000317810103,229.27900045033311,2,1
470,object,7625.127562104,47.150999307632446,144.2319999114261,26.811000680027064,3.1099998523131944,221.3039997513988,2,1
471,object,7625.151567305,48.398000217275694,126.99499984591966,24.39400032017147,3.529999958118424,203.31700034148525,2,1
472,object,7625.1753571,45.2109998150263,132.25700058683287,25.654999262769707,3.5500006561051123,206.673000320734,2,1
473,object,7625.203738911,231.24299968912965,552.2640003619017,133.1510002273717,16.217999473155942,932.875999751559,2,1
474,object,7625.226203877,71.0219992470229,194.8750004885369,28.63000008801464,6.579999535460956,301.1069993590354,1,1
475,object,7625.25137887,42.55600015312666,133.42799957172247,26.41200080688577,5.868999323865864,208.26499985560076,1,1
476,object,7625.276228181,82.6719997348846,229.13800057722256,42.92299945518607,5.908000275667291,360.6410000429605,1,1
477,object,7625.300274833,62.060000345809385,166.77999974490376,28.52200032066321,4.252999133314006,261.61499954469036,1,1
478,object,7625.326859754,111.9090002248413,305.50300016329857,35.66699979273835,6.610999662370887,459.6899998432491,1,1
479,object,7625.35073964,54.94899960467592,138.58200054528425,28.65999977075262,4.878000254393555,227.06900017510634,1,1
480,object,7625.497506974,45.47099979390623,123.56800016277703,32.250999538518954,3.3420001273043454,204.63199962250656,1,1
481,object,7625.522068199,75.7529996917583,200.696000320022,54.751999414293095,4.339000042818952,335.53999946889235,1,1
482,object,7625.545995017,57.918000493373256,134.63300001603784,26.015999537776224,3.522000042721629,222.08900008990895,1,1
483,object,7625.56980525,57.111999922199175,119.59299990849104,38.42000023723813,3.6949995774193667,218.8199996453477,1,1
484,object,7625.597223376,68.77199939481216,203.1499998338404,32.934000046225265,6.146000487206038,311.00199976208387,1,1
485,object,7625.622378223,36.02699962357292,123.50100041658152,25.563999770383816,2.6170000637648627,187.70899987430312,1,1
486,object,7625.648529322,71.04999986040639,198.3579995794571,50.534999900264665,5.315000635164324,325.2579999752925,1,1
487,object,7625.673278288,44.968000111111905,117.53299986594357,26.9090005531325,3.237999408156611,192.64799993834458,1,1
488,object,7625.696837723,32.34900032111909,109.0300002033473,36.499999623629265,2.8330005079624243,180.71200065605808,1,1
489,object,7625.723034017,77.4569998611696,165.7130005696672,27.491999389894772,3.963999915868044,274.6259997365996,1,1
490,object,7625.747285254,49.7859991810401,136.67300027009333,33.57800051162485,3.9959995774552226,224.0329995402135,1,1
491,object,7625.771618772,35.895000110031106,119.26899969694205,31.30000004603062,2.6289999368600547,189.09299978986382,1,1
492,object,7625.796218142,48.34300034417538,139.71899988973746,31.11400019406574,4.241000169713516,223.4170005976921,1,1
493,object,7625.820764637,55.32500017579878,176.38799999986077,55.92599973169854,5.7309998737764545,293.36999978113454,1,1
494,object,7625.845528746,48.38899985770695,126.92600012087496,32.28500008845003,3.5530001696315594,211.1530002366635,1,1
495,object,7625.872209835,73.89399979729205,202.88100040488644,41.092000174103305,4.441999408300035,322.30899978458183,1,1
496,object,7625.896080978,73.50499981839675,207.0640002784785,48.1549996038666,5.521999810298439,334.2459995110403,1,1
497,object,7625.921968083,76.01499964948744,213.28300044842763,120.99899959139293,8.933000572142191,419.2300002614502,1,1
498,object,7625.946054111,95.79699963069288,336.3780006111483,91.30999933404382,8.99499991646735,532.4799994923524,1,1
499,object,7625.969808354,74.30100049532484,219.781999476254,56.73600026057102,5.998000233375933,356.8170004655258,1,1
500,object,7625.997828992,52.82300026010489,200.93999955861364,55.40100028156303,4.786999852512963,313.9509999527945,1,1
501,object,7626.021801477,56.98299992218381,171.76800065499265,37.462999898707494,3.4300001061637886,269.64400058204774,1,1
502,object,7626.046376584,47.84399970958475,152.32300029310863,40.83799922227627,4.165000063949265,245.16999928891892,1,1
503,object,7626.072139427,46.468999244098086,163.48900044249604,49.81199981557438,4.354000338935293,264.1239998411038,1,1
504,object,7626.096323484,105.99100005492801,199.68800006608944,58.18899990117643,5.937999958405271,369.80599998059915,1,1
505,object,7626.124747218,52.96000017551705,166.12299987173174,75.78099939564709,14.457000361289829,309.3209998041857,1,1
506,object,7626.148938878,94.31499984202674,255.15900051686913,42.07599977235077,5.479999344970565,397.0299994762172,1,1
507,object,7626.173695868,128.92199993075337,274.5040001173038,56.055999266391154,7.334000656555872,466.8159999710042,1,1
508,object,7626.198350079,128.6489996346063,270.65500034950674,69.05200007167878,13.809999472869094,482.1659995286609,1,1
509,object,7626.22225828,41.96600002615014,190.69400059379404,30.53599994018441,3.979000211984385,267.175000772113,1,1
510,object,7626.247447518,80.16100036911666,206.79199951700866,36.52200030046515,4.106000233150553,327.58100041974103,1,1
511,object,7626.274747463,48.19000059796963,116.27499952737708,26.435000108904205,2.7590003810473718,193.65900061529828,1,1
512,object,7626.298736641,34.11499983485555,115.20200041559292,29.472000278474297,2.478999704180751,181.26800023310352,1,1
513,object,7626.323840199,50.689999625319615,139.39100062998477,26.87599953787867,3.858999662043061,220.81599945522612,1,1
514,object,7626.347899222,39.00600040651625,120.5019998451462,25.839999580057338,3.1010004022391513,188.44900023395894,1,1
515,object,7626.37186033,31.80799922120059,104.73400016053347,35.2020006175735,2.6130001060664654,174.35700010537403,1,1
516,object,7626.398339838,45.64600021694787,125.67100020532962,24.82800027792109,3.273999936936889,199.41900063713547,1,1
517,object,7626.422156731,44.76000049180584,116.57699997158488,26.466000235814136,2.8899994504172355,190.6930001496221,1,1
518,object,7626.614637834,38.500000300700776,100.16499982157256,0.9509994924883358,30.673000765091274,170.28900037985295,2,1
519,object,7626.639783762,57.44400004914496,133.27400029083947,24.699999812582973,11.05800038203597,226.47600053460337,2,1
520,object,7626.667492718,74.51999954355415,182.4790006139665,41.51599932811223,5.708000571758021,304.2230000573909,2,1
521,object,7626.692449124,54.478000492963474,123.50399993010797,27.582000257098116,3.562999154382851,209.1269998345524,2,1
522,object,7626.71785471,44.63200002646772,127.46699940180406,1.0450003173900768,29.046000236121472,202.18999998178333,3,1
523,object,7626.743238524,58.09699996461859,136.73800003743963,25.371000447194092,4.214999535179231,224.42099998443155,3,1
524,object,7626.767904451,60.35000023985049,217.74100059701595,42.4919999204576,4.610999894794077,325.1940006521181,3,1
525,object,7626.79443165,52.63999992166646,128.30700052290922,27.102999410999473,4.3490008465596475,212.3990007021348,3,1
526,object,7626.819527864,61.77800059958827,130.8780001636478,25.900999389705248,4.239000190864317,222.79600034380564,3,1
527,object,7626.845667818,108.50899980141548,274.3029999692226,39.64700044889469,8.453999726043548,430.9129999455763,3,1
528,object,7626.871295365,89.78599998954451,173.0759995552944,27.52999989752425,4.634000106307212,295.02599954867037,3,1
529,object,7626.89592319,66.71499977528583,167.32300082367146,26.397999135951977,5.776000762125477,266.21200049703475,3,1
530,object,7626.922968701,87.71400007390184,146.0919993405696,23.86899996054126,4.12600002164254,261.80099939665524,3,1
531,object,7626.947609017,61.44899998616893,145.20399963657837,28.21300040523056,4.180999894742854,239.04699992272072,3,1
532,object,7626.972871384,59.64399952063104,144.3009996364708,27.59000017249491,3.907000063918531,235.4419993935153,3,1
533,object,7626.998207288,57.26000017602928,126.0939998246613,26.957999580190517,4.430999979376793,214.74299956025789,3,1
534,object,7627.022530636,82.40900024247821,194.33299985394115,47.22399989987025,6.387999746948481,330.3539997432381,3,1
535,object,7627.048356488,72.1930000509019,179.54900067707058,30.96999989793403,4.888000148639549,287.60000077454606,3,1
536,object,7627.075826698,294.34299995045876,429.4159998607938,35.603000469563995,6.237999514269177,765.5999997950858,3,1
537,object,7627.100554068,138.5850000588107,293.11500020412495,106.33799956849543,16.893000065465458,554.9309998968965,3,1
538,object,7627.12617405,114.89600001368672,428.0399998606299,43.17699949751841,7.372000254690647,593.4849996265257,3,1
539,object,7627.151089438,106.95299988583429,422.3180003464222,65.22599960590014,11.981000170635525,606.4780000087922,3,1
540,object,7627.176299241,74.52599948010175,153.31800022977404,31.006999961391557,6.328999916149769,265.1799995874171,3,1
541,object,7627.206020579,46.47700006898958,125.66199984576087,27.672000214806758,3.9959995774552226,203.80699970701244,3,1
542,object,7627.230653432,54.320000344887376,116.06000043684617,26.304999664716888,6.981999831623398,203.66700027807383,2,1
543,object,7627.257500401,38.052000491006766,109.94900003424846,25.293000362580642,3.412999831198249,176.7070007190341,2,1
544,object,7627.28342529,54.59499971038895,129.01500031148316,29.026999982306734,3.9930000639287755,216.63000006810762,2,1
545,object,7627.309082666,56.50000002788147,140.23699986864813,25.616999664634932,3.6020001061842777,225.9559996673488,2,1
546,object,7627.339519847,54.16100066213403,130.54799910605652,27.694000891642645,4.033999175589997,216.4369998354232,2,1
547,object,7627.365993309,74.02899973385502,127.22599967673887,27.992000468657352,3.2309999369317666,232.477999816183,2,1
548,object,7627.392663541,38.889000279596075,114.38599995017285,25.678999918454792,3.3970000004046597,182.35100014862837,2,1
549,object,7627.417881555,49.8629997309763,119.95400018349756,28.02299968607258,3.7059999158373103,201.54599951638374,2,1
550,object,7627.443950509,75.17099948017858,138.14100020681508,32.03999949619174,4.315000296628568,249.66699947981397,2,1
551,object,7627.472115852,60.62200009182561,148.71100029267836,30.354999580595177,4.757000169774983,244.44500013487414,2,1
552,object,7627.497987203,46.644000576634426,108.50499984371709,24.756000129855238,3.1069994292920455,183.0119999794988,2,1
553,object,7627.524879183,52.71099962556036,127.58100001519779,27.18700034165522,3.735000063898042,211.2140000463114,2,1
554,object,7627.550181584,43.636000555125065,105.76899967418285,25.223000193363987,3.1800000215298496,177.80800044420175,2,1
555,object,7627.575598985,41.400999180041254,110.96000071120216,25.01600010873517,3.1009994927444495,180.47799949272303,2,1
556,object,7627.603482077,57.96999994345242,183.6100000218721,31.300999580707867,4.229000296618324,277.1099998426507,2,1
557,object,7627.62846478,64.744999690447,148.88700025039725,40.90999937034212,4.40500025433721,258.9469995655236,2,1
558,object,7627.65502567,70.25899958534865,143.6789998479071,38.175000554474536,4.640999577532057,256.75399956526235,2,1
559,object,7627.681202949,45.124999815016054,112.25999969610712,24.14900063740788,3.2789994293125346,184.81299957784358,2,1
560,object,7627.707305578,55.19200021808501,164.7629997023614,42.94700011087116,4.781999450642616,267.6839994819602,2,1
561,object,7627.734402112,48.548000449955,116.8649996543536,25.74300015112385,4.069000169693027,195.22500042512547,2,1
562,object,7627.759433102,80.60199979809113,277.13300005416386,86.09300039097434,11.238999832130503,455.06700007535983,2,1
563,object,7627.786503537,54.431000535259955,150.80999946803786,32.92300061730202,4.188999810139649,242.35300043073948,2,1
564,object,7627.811676634,40.285000068251975,120.01199957012432,28.65000078600133,3.616999492805917,192.56399991718354,2,1
565,object,7627.836810021,120.16100026812637,277.842999821587,76.70800005143974,11.7859999591019,486.498000100255,2,1
566,object,7627.864499012,53.497999942919705,125.56599995150464,26.68999968591379,3.6980000004405156,209.45199958077865,2,1
567,object,7627.889587795,66.16199971176684,195.2800002982258,52.53299968899228,11.374000678188168,325.34900037717307,2,1
568,object,7627.91612222,59.453999710967764,147.0200004405342,28.7670000034268,4.579000233206898,239.82000038813567,2,1
569,object,7627.941320098,74.85100013582269,172.97100021096412,32.559999453951605,4.575000275508501,284.9570000762469,2,1
570,object,7627.966328407,58.37400021846406,149.0299991928623,29.208000341895968,4.167999577475712,240.77999933069805,2,1
571,object,7627.992277108,42.689000110840425,124.25699969753623,30.733000130567234,3.6860001273453236,201.3650000662892,2,1
572,object,7628.017467757,84.28399996773805,229.34599928703392,73.03400070668431,15.186999917204957,401.85099987866124,2,1
573,object,7628.043279228,87.03500043338863,190.68999972660094,36.09200030041393,4.935999641020317,318.7530001014238,2,1
574,object,7628.068345073,39.03499964508228,109.59199971694034,24.888000552891754,3.2369998734793626,176.75199978839373,2,1
575,object,7628.09324061,71.06799967004918,155.83500044158427,28.004999876429792,4.796000212081708,259.70400020014495,2,1
576,object,7628.121107905,61.501999880420044,183.7130002968479,28.937000024598092,4.814000021724496,278.9660002235905,2,1
577,object,7628.145714688,77.81400017847773,192.27799930376932,69.74999996600673,7.999999979801942,347.8419994280557,2,1
578,object,7628.171796871,77.17500011494849,197.84599953709403,47.13300040748436,5.10199970449321,327.2559997640201,1,1
579,object,7628.197707429,66.86100005026674,172.41200021089753,42.63000028004171,4.128000000491738,286.0310005416977,1,1
580,object,7628.222157149,61.21699971117778,166.93599991413066,44.971000534133054,4.593000085151289,277.7170002445928,1,1
581,object,7628.250473311,47.55200006911764,170.8999998299987,38.596000194957014,5.101000169815961,262.1490002638893,1,1
582,object,7628.276694798,38.51299970847322,126.05900064954767,32.30399943277007,2.6860006983042695,199.56200048909523,1,1
583,object,7628.302420793,45.78700009005843,120.56099967594491,27.84000025712885,2.881999535020441,197.06999955815263,1,1
584,object,7628.327677372,38.28900025837356,121.25899957027286,24.959999791462906,3.4270005926373415,187.93500021274667,1,1
585,object,7628.352402644,32.812000426929444,108.46499935723841,28.174000362923834,2.5589997676433995,172.0099999147351,1,1
586,object,7628.379764168,40.60399987793062,122.98699948587455,29.39000023616245,3.5290004234411754,196.5100000234088,1,1
587,object,7628.4048974,55.766000514267944,170.90699930122355,26.39900048961863,3.2369998734793626,256.3090001785895,1,1
588,object,7628.430112142,32.01399977115216,77.4769996496616,1.0040002962341532,30.889999834471382,141.3849995515193,2,1
589,object,7628.455779457,47.32799970952328,109.2530001187697,24.308000320161227,2.8959993869648315,183.78499953541905,2,1
590,object,7628.480351242,47.28299973066896,121.86399999336572,26.78399960132083,3.3520000215503387,199.28299934690585,2,1
591,object,7628.505810991,64.2160002826131,170.65999963961076,43.805000132124405,5.005000275559723,283.686000329908,2,1
592,object,7628.533105371,54.24900064099347,159.13299921521684,42.069000301125925,4.745000296679791,260.19600045401603,2,1
593,object,7628.558530407,80.60399977694033,183.29199974687072,52.20900038693799,6.006999683449976,322.111999594199,2,1
594,object,7628.584482471,50.76999968878226,114.41500009823358,24.965000193333253,3.1310000849771313,193.28100006532623,2,1
595,object,7628.609639322,48.6980006826343,131.02299999445677,28.405000193743035,3.1139998100115918,211.2400006808457,2,1
596,object,7628.635456019,87.97000009508338,203.0769992416026,47.4540001960122,5.848000000696629,344.3489995333948,2,1
597,object,7628.662497895,88.56599924911279,221.0610000474844,38.2270000045537,5.440000677481294,353.2939999786322,2,1
598,object,7628.687562826,64.48499971156707,160.77599957498023,31.993000447982922,4.038000042783096,261.2919997773133,2,1
599,object,7628.714088879,44.686999899568036,117.54699971788796,26.994000108970795,3.697000465763267,192.92500019219005,2,1
600,object,7628.739200241,48.814999900059775,126.49700056499569,27.455000235931948,4.12600002164254,206.89300072262995,2,1
601,object,7628.763899961,51.3300001330208,157.8230003360659,31.31199991912581,4.024999725515954,244.49000011372846,2,1
602,object,7628.791366083,101.36400032934034,266.6489999683108,75.04799941671081,8.727000022190623,451.7879997365526,2,1
603,object,7628.815905998,60.80599996494129,173.50200050714193,35.538999327400234,5.675000465998892,275.52200026548235,2,1
604,object,7628.841588217,66.38899958488764,189.46399995911634,34.78800044831587,6.999999641266186,297.64099963358603,2,1
605,object,7628.867225939,125.0710001841071,189.3700000437093,45.84700036502909,5.8059995353687555,366.09400012821425,2,1
606,object,7628.891749125,59.82999937259592,203.14900029916316,63.89899954228895,6.0870006564073265,332.96499987045536,2,1
607,object,7628.919674755,181.88699959864607,550.5930002982495,135.9409998258343,13.127999409334734,881.5489991320646,2,1
608,object,7628.945466389,228.10999962530332,510.68100037809927,82.30499952333048,9.968000085791573,831.0639996125246,2,1
609,object,7628.970855608,69.2489993525669,176.09200040169526,43.05399943405064,5.210000381339341,293.60499956965214,2,1
610,object,7628.996750279,73.62900032603648,173.65599978802493,58.70000040886225,5.2699997468153015,311.25500026973896,2,1
611,object,7629.02138745,80.44400055950973,183.8749994931277,43.39099996286677,5.36800052941544,313.07800054491963,2,1
612,object,7629.048633898,54.879000344953965,121.1279995914083,24.47600036248332,3.565999577404,204.04899987624958,2,1
613,object,7629.073611117,153.3960003143875,380.43299991841195,49.622000005911104,5.742000212194398,589.193000450905,2,1
614,object,7629.09916367,47.50599964609137,126.18900018424029,29.611000172735658,4.2909996409434825,207.5969996440108,2,1
615,object,7629.126493215,60.67600043024868,133.77199957176344,36.612000258173794,3.2389998523285612,234.29900011251448,2,1
616,object,7629.150956999,53.04299975250615,115.60999973880826,24.86300036252942,3.610999556258321,197.12699941010214,2,1
617,object,7629.176629823,43.42899956100155,121.3650002682698,29.733999326708727,3.392000508029014,197.91999966400908,2,1
618,object,7629.203753743,89.03300022211624,331.63399984914577,29.352000638027675,4.447999344847631,454.4670000541373,2,1
619,object,7629.22793227,67.78700026188744,121.2879997183336,27.271000362816267,3.189999915775843,219.53600025881315,2,1
620,object,7629.254239519,44.15100011101458,114.5409996752278,25.614000151108485,3.5749999369727448,187.8809998743236,2,1
621,object,7629.278887147,51.68899951968342,125.73200001497753,26.161000278079882,3.4260001484653912,207.00799996120622,2,1
622,object,7629.303819784,53.716000365966465,167.37500027375063,38.450999454653356,3.8280004446278326,263.3700005389983,2,1
623,object,7629.332270235,56.70400059898384,142.57200018619187,30.198999411368277,3.844000275421422,233.3190004719654,2,1
624,object,7629.357533797,56.10100015474018,151.80599984887522,27.662000320560765,6.580999979632907,242.15000030380907,1,1
625,object,7629.984350774,36.16600042732898,117.163000140863,28.806000045733526,3.1259996831067838,185.2610002970323,1,1
626,object,7630.008866612,54.598999668087345,143.95900052477373,26.951000108965673,3.617999936977867,229.1270002388046,1,1
627,object,7630.034428793,119.32799952774076,383.1290005109622,86.25299960840493,7.734000064374413,596.4439997114823,1,1
628,object,7630.059206251,51.7169992235722,132.41400029073702,29.402000109257642,3.7119998523849063,217.24499947595177,1,1
629,object,7630.083900725,44.31000070326263,154.93499995500315,28.772999939974397,3.6860001273453236,231.7040007255855,1,1
630,object,7630.1102193,43.28500017436454,129.87399986741366,27.678000151354354,3.5769999158219434,204.4140001089545,1,1
631,object,7630.134754389,47.186000301735476,119.18000018340535,26.158999389735982,3.1050003599375486,195.63000023481436,1,1
632,object,7630.160158989,47.27400028059492,125.60100003611296,28.71000015147729,3.250000190746505,204.83500065893168,1,1
633,object,7630.185702386,39.460999687435105,119.07600037375232,25.60499979153974,2.834999577316921,186.9769994300441,1,1
634,object,7630.209882583,55.56500036618672,197.18800012924476,29.334999453567434,4.085000000486616,286.17299994948553,1,1
635,object,7630.234490708,38.04400057560997,130.07199959247373,27.611000405158848,3.5429993658908643,199.2699999391334,1,1
636,object,7630.261513354,49.48500009049894,148.46999965811847,32.951000321190804,4.023999281344004,234.92999935115222,1,1
637,object,7630.285931662,39.98300053353887,119.6530001834617,24.47399947413942,2.822999704221729,186.93299989536172,1,1
638,object,7630.311601925,74.448000304983,171.88799938594457,40.300000364368316,4.473999979381915,291.1100000346778,1,1
639,object,7630.335994752,48.77799983660225,106.21999990689801,25.004999770317227,3.0720002541784197,183.0749997679959,1,1
640,object,7630.360809697,52.54200004856102,130.3709996136604,33.397000152035616,3.922000360034872,220.2320001742919,1,1
641,object,7630.389369331,75.54599960712949,260.1690002848045,52.63299954094691,13.062000107311178,401.4099995401921,1,1
642,object,7630.413097194,38.636999306618236,113.88300026737852,26.997000531991944,2.999999196617864,182.51699930260656,1,1
643,object,7630.43813396,30.591999347961973,102.27600068901666,24.200999177992344,2.4730006771278568,159.54199989209883,1,1
644,object,7630.4632214,43.88900015328545,115.6939997599693,25.60699977038894,3.1669997042627074,188.3569993879064,1,1
645,object,7630.487459878,42.675000258896034,122.96000022615772,27.385000066715293,3.2069992812466808,196.22699983301573,1,1
646,object,7630.513458745,42.75599985703593,132.75299988890765,30.328999855555594,3.483000000414904,209.32099960191408,1,1
647,object,7630.539092939,45.27300006884616,124.22700001479825,26.418000743433367,3.2329999157809652,199.15100074285874,1,1
648,object,7630.564210796,45.230000068841036,130.9709996348829,29.068000003462657,3.217000084987376,208.48599979217397,1,1
649,object,7630.589326561,42.29299975122558,120.23599992971867,26.22700048959814,3.4409995350870304,192.19699970562942,1,1
650,object,7630.614464189,48.75900049228221,110.61700024583843,25.22899922041688,3.2710004234104417,187.87600038194796,1,1
651,object,7630.640532923,82.37899965024553,196.72400048875716,47.714000174892135,4.749999789055437,331.56700010295026,1,1
652,object,7630.666746575,56.87300017598318,144.02499982679728,29.352000638027675,3.4719996619969606,233.7220003028051,1,1
653,object,7630.691842924,48.79199968854664,179.7699997041491,49.451999984739814,4.425000042829197,282.43899942026474,1,1
654,object,7630.71764822,52.52600021776743,148.6569999542553,31.238999326888006,5.886000508326106,238.30800000723684,1,1
655,object,7630.742129533,64.40700053644832,186.4810001279693,39.84500017395476,6.604999725823291,297.3380005641957,1,1
656,object,7630.771882399,110.23899969586637,265.8890007296577,29.33899941126583,6.53100050840294,411.99800034519285,1,1
657,object,7630.795848127,60.02100053592585,175.90599964023568,33.74500010977499,4.9899999794433825,274.6620002653799,1,1
658,object,7647.011823805,50.737000492517836,183.252999704564,1.1299998732283711,44.70099975151243,279.8209998218226,2,1
659,object,7647.035473748,57.01400004909374,153.19300018745707,35.78399991965853,3.135999577352777,249.12699973356212,2,1
660,object,7647.06135975,49.63100036547985,194.71599989628885,31.845999728830066,6.250000296859071,282.44300028745783,2,1
661,object,7647.086302063,58.026999795401935,136.17100012197625,27.71599974948913,3.4949998735100962,225.4089995403774,2,1
662,object,7647.111080618,77.1649993112078,162.41100001934683,30.359000447788276,4.425000042829197,274.3599998211721,2,1
663,object,7647.137403452,44.94699987844797,131.78999961382942,26.247999812767375,3.496999852359295,206.48199915740406,2,1
664,object,7647.162037964,49.95500057702884,137.21999948757002,24.664000193297397,3.391999598534312,215.23099985643057,2,1
665,object,7648.066728483,67.19500015606172,160.0760006112978,25.534999622323085,3.7749996408820152,256.5810000305646,2,1
666,object,7648.091780009,43.775999984063674,141.19200022832956,26.21099974930985,4.137000360060483,215.31600032176357,2,1
667,object,7648.116953733,57.95800007035723,136.27800035465043,24.029000087466557,3.430999640841037,221.69600015331525,2,1
668,object,7648.143090568,70.59000017761718,203.09199953771895,32.64400038460735,4.524999894783832,310.8509999947273,2,1
669,object,7648.16740082,55.55300049309153,177.95999974623555,60.65100023988634,5.449000127555337,299.61300060676876,2,1
670,object,7648.191895717,57.29500026063761,160.53699982876424,40.72899992024759,4.601000000548083,263.1620000101975,2,1
671,object,7648.218667453,51.16000011184951,148.73099917167565,27.692000003298745,7.46000023355009,235.042999520374,2,1
672,object,7648.243355811,84.77700066578109,183.61899947194615,30.10399996128399,4.831000296690036,303.33100039570127,2,1
673,object,7648.269364287,51.05800028104568,136.88799936062424,25.733000256877858,3.389000085007865,217.06799998355564,2,1
674,object,7648.293947033,43.17099956097081,138.55999986844836,24.097000277834013,3.293000190751627,209.1209998980048,2,1
675,object,7648.318802255,48.101999709615484,124.29599973984296,24.527000277885236,8.96399978955742,205.8889995169011,2,1
676,object,7648.349724759,54.37199979496654,188.06899970513768,53.38299979484873,5.366000550566241,301.1899998455192,2,1
677,object,7648.371142631,80.0299994807574,213.66200053307693,44.73099943425041,5.49000014871126,343.912999596796,2,1
678,object,7648.396408844,89.78100049716886,266.23599933373043,57.5340000068536,14.985000234446488,428.5360000721994,1,1
679,object,7648.421796998,66.68300011369865,328.26000006025424,66.48699945799308,10.84300038201036,472.27300001395633,1,1
680,object,7648.44618832,76.72999981878093,206.92199996119598,44.534000153362285,4.190999788988847,332.37699972232804,1,1
681,object,7648.473386468,69.37699981790502,248.16299992380664,168.85900004126597,7.04200010659406,493.4409998895717,1,1
682,object,7648.498107367,124.31699997250689,427.0060007911525,124.49199948605383,12.958000297658145,688.7730005473713,1,1
683,object,7648.52347579,83.59300045412965,386.8339999826276,82.2060001155478,8.175999937520828,560.8090004898258,1,1
684,object,7648.548103143,76.10400007251883,237.60499971103854,61.87000053614611,6.9449997681658715,382.52400008786935,1,1
685,object,7648.572065488,45.34000072453637,177.88900004234165,45.72499983623857,4.548000106296968,273.50200070941355,1,1
686,object,7648.599122772,43.015000301238615,168.06900021038018,33.305999750155024,3.9930000639287755,248.3830003257026,1,1
687,object,7648.62344503,57.98900019726716,142.2360001015477,29.11100000346778,4.687000000558328,234.02300030284096,1,1
688,object,7648.79351629,61.64800015540095,185.11199959903024,50.49300034443149,4.746999366034288,301.999999464897,1,1
689,object,7648.818275103,78.06000030541327,189.991999832273,47.72099964611698,4.9569998736842535,320.7299996574875,1,1
690,object,7648.84217038,48.56299983657664,161.9059994482086,43.650999941746704,3.853000634990167,257.9729998615221,1,1
691,object,7648.871408864,122.34600035299081,309.9979994658497,107.49100056273164,9.004999810713343,548.8400001922855,1,1
692,object,7648.8956036,64.40299966925522,168.92900021048263,48.01399973075604,4.220000846544281,285.5660004570382,1,1
693,object,7648.920550592,64.58500047301641,181.4659999581636,44.69799932849128,4.7399998948094435,295.4889996544807,1,1
694,object,7648.945466343,74.91900032619014,200.3640001930762,52.055000196560286,4.6339991968125105,331.97199991263915,1,1
695,object,7648.969785435,51.16700049256906,132.46999969851458,25.57800053182291,3.0399996830965392,212.2550004060031,1,1
696,object,7648.994904181,39.11000021616928,136.06999982584966,27.462000616651494,2.877000042644795,205.51900070131524,1,1
697,object,7649.021747687,38.66199949698057,171.3110004857299,33.28099955979269,3.2220004868577234,246.47600002936088,1,1
698,object,7649.045973126,74.13900038955035,173.35400025331182,58.63899968971964,5.113999577588402,311.2459999101702,1,1
699,object,7649.072051523,80.08300028450321,235.1989996896009,66.23100034630625,8.265000360552222,389.7780006809626,1,1
700,object,7649.097239448,42.314999518566765,142.40600012271898,27.881000278284773,3.849999302474316,216.45199922204483,1,1
701,object,7649.121949394,48.52800066146301,141.6509994669468,25.924000510713086,3.342999661981594,219.4460003011045,1,1
702,object,7649.1491836,115.1630003732862,383.20699968608096,53.949000175634865,6.306000614131335,558.6250008491334,1,1
703,object,7649.173055448,64.19700002879836,166.58299955452094,42.348000533820596,4.9780001063481905,278.1060002234881,1,1
704,object,7649.197945367,63.485000282526016,164.84299976582406,37.78399968723534,4.706000254373066,270.8179999899585,1,1
705,object,7649.222666616,59.36499928793637,159.2580001670285,31.5630004479317,5.0559992814669386,255.24199918436352,1,1
706,object,7649.246894598,47.24199970951304,120.83300043741474,30.33800021512434,3.027999810001347,201.44100017205346,1,1
707,object,7649.277582785,41.12599981453968,122.16699997225078,26.634000278136227,4.311000338930171,194.23800040385686,1,1
708,object,7649.29956728,85.9199999467819,240.05100021895487,32.935000490397215,5.175999831408262,364.08200048754225,1,1
709,object,7649.345868074,63.891000536386855,194.97500034049153,43.584999730228446,4.4210000851308,306.87200069223763,1,1
710,object,7649.358810626,79.19799918454373,299.9060006914078,40.06899962405441,6.829000085417647,426.0019995854236,1,1
711,object,7649.374265104,88.44799958751537,202.803000320273,36.38199996203184,4.687999535235576,332.3209994050558,1,1
712,object,7649.438072469,80.12800026335754,265.1859995239647,60.7150004725554,6.8149993239785545,412.8439995838562,1,1
713,object,7649.446450599,104.48499961057678,609.6830002206843,285.2060006262036,8.269999852927867,1007.6440003103926,1,1
714,object,7649.594613167,33.95400017325301,115.72400035220198,26.81399928405881,3.0860001061228104,179.5779999156366,1,1
715,object,7649.619838362,50.35300000599818,153.0149993413943,33.50099996168865,4.711000656243414,241.57999996532453,1,1
716,object,7649.643945537,38.129000131448265,125.23199984570965,25.06100008758949,2.8899994504172355,191.31199951516464,1,1
717,object,7649.671742654,76.97500041103922,217.72299987787846,35.08299960230943,5.326000064087566,335.1069999553147,1,1
718,object,7649.696737955,33.67400040588109,110.55399954784662,32.31800019420916,2.6500001695239916,179.19600031746086,1,1
719,object,7649.8429835,77.04400013608392,148.77400008117547,28.184000257169828,4.593999619828537,258.59600009425776,1,1
720,object,7649.868301151,42.982999730156735,120.91200005670544,27.516999580257107,3.6020001061842777,195.01399947330356,1,1
721,object,7649.892978868,37.6920006601722,127.04199980362318,25.198000003001653,2.9659995561814867,192.89800002297852,1,1
722,object,7649.917941658,82.17399954446591,138.37200003763428,29.30000027845381,3.696000021591317,253.54199988214532,1,1
723,object,7649.945587897,84.82500015816186,157.3249992361525,30.960000003688037,3.7790005080751143,276.8889999060775,1,1
724,object,7649.968746735,46.04699915944366,149.00600035616662,24.265000320156105,2.6849993446376175,222.002999180404,1,1
725,object,7649.996095248,46.32500076695578,119.4199994642986,26.142000024265144,3.4750000850181095,195.36200034053763,1,1
726,object,7650.018249766,42.09500002616551,118.87199980264995,27.73100004560547,3.416000254219398,192.11400012864033,1,1
727,object,7650.042491335,30.914000490156468,103.29499946237775,24.85999993950827,2.8580006983247586,161.92700059036724,1,1
728,object,7650.070179919,96.96599954622798,196.2590004040976,40.814000385580584,4.714999704447109,338.7540000403533,1,1
729,object,7650.094647302,44.8199998572818,115.24299952725414,25.785000616451725,2.9259999791975133,188.77399998018518,1,1
730,object,7650.120594706,77.6130000303965,206.0470005744719,46.13999954017345,4.860999979428016,334.66100012446987,1,1
731,object,7650.145917778,81.49200039042626,202.05799955874681,44.8159998995834,5.350000719772652,333.7160005685291,1,1
732,object,7650.170231791,48.63300000579329,129.72399963473435,28.69299987651175,3.5630000638775527,210.61299958091695,1,1
733,object,7650.198402227,46.73000057664467,152.33399972203188,41.74700006842613,4.145999810134526,244.9570001772372,1,1
734,object,7650.221880036,37.65900055441307,146.5559998905519,30.577999496017583,2.877000042644795,217.66999998362735,1,1
735,object,7650.247178802,63.74499935191125,150.5310001448379,32.59000004618429,3.795999873545952,250.66199941647938,1,1
736,object,7650.297300005,55.63700051425258,187.93700019159587,49.849999413709156,5.018000592826866,298.44200071238447,1,1
737,object,7650.314307261,42.27399949741084,119.28000003535999,27.117000172438566,2.738000148383435,191.40899985359283,1,1
738,object,7650.336154212,117.28099980246043,273.7499999057036,51.78700030228356,6.63799983158242,449.45599984203,1,1
739,object,7650.357278227,131.43399974069325,545.2989998957491,199.04800046788296,14.107999959378503,889.8890000637039,1,1
740,object,7650.373603928,49.883999963640235,149.1369994255365,30.223000067053363,3.6430001273402013,232.8869995835703,1,1
741,object,7650.39859367,44.38599989953218,117.3999999082298,26.960000468534417,2.899999344663229,191.64599962095963,1,1
742,object,7650.423352215,55.73999987973366,134.67100052366732,28.44099981302861,3.776999619731214,222.6289998361608,1,1
743,object,7650.447516223,30.402999982470647,123.74200014164671,26.093999622389674,3.9490005292464048,184.18800027575344,1,1
744,object,7650.476687434,72.84399998752633,176.15399974602042,28.786999791918788,2.877000042644795,280.66199956811033,1,1
745,object,7650.500993303,74.23400074912934,192.32699924032204,69.00400057929801,5.916999725741334,341.4820002944907,1,1
746,object,7650.526581506,44.319000153336674,120.77099927410018,27.044000489695463,3.2999996619764715,195.4339995791088,1,1
747,object,7650.551421169,33.447000532760285,115.47499980224529,28.946000384166837,2.641999344632495,180.5100000638049,1,1
748,object,7650.575462876,60.136000683996826,149.86799942562357,32.27400065952679,3.696000021591317,245.9740007907385,1,1
749,object,7650.601903157,59.61699935141951,213.82200066000223,38.91500000463566,4.881999302597251,317.23599931865465,1,1
750,object,7650.626425866,35.6639993697172,120.40799992973916,29.802999961248133,3.2790003388072364,189.15399959951174,1,1
751,object,7650.651240221,43.96199983602855,116.0789997811662,27.17100051086163,3.1919998946250416,190.40400002268143,1,1
752,object,7650.67617677,45.25799977272982,122.85499997233273,26.208000235783402,2.904000211856328,197.22500019270228,1,1
753,object,7650.700443279,44.473000343714375,123.81199940136867,29.12700074375607,3.4739996408461593,200.88600012968527,1,1
754,object,7650.727191273,41.60600019531557,136.44799946632702,34.329000300203916,3.668999852379784,216.0519998142263,1,1
755,object,7650.751911058,41.824000618362334,123.02799950703047,26.20699979161145,2.88600040221354,193.9450003192178,1,1
756,object,7650.776993383,40.779999835649505,114.08699992898619,28.682999982265756,3.068999831157271,186.61899957805872,1,1
757,object,7650.803110928,70.90700000844663,204.1689995166962,54.676000218023546,5.636000423692167,335.38800016685855,1,1
758,object,7650.827680968,38.20300025836332,110.63900001317961,24.990999918372836,3.1579993446939625,176.99099953460973,1,1
759,object,7650.851864398,33.34700068080565,117.75299935834482,28.63100053218659,2.9689999792026356,182.7000005505397,1,1
760,object,7650.87911561,38.502000279549975,113.19599980197381,27.54700017248979,3.244000254198909,182.48900050821248,1,1
761,object,7650.903721837,44.05499930726364,112.41500033065677,26.19499991851626,3.246999767725356,185.91199932416203,1,1
762,object,7650.930053309,70.62199983920436,196.3559998330311,45.01100011111703,5.024000529374462,317.01300031272694,1,1
763,object,7650.954427922,41.32200047024526,115.64199940039543,25.82400065875845,2.7959995350101963,185.58400006440934,1,1
764,object,7650.986144621,51.00799990032101,130.33400045969756,27.693999982147943,3.4779995985445566,212.51399994071107,1,1
765,object,7651.00697008,64.16499945771648,141.8900001226575,26.747999982035253,3.4260001484653912,236.22899971087463,1,1
766,object,7651.031171227,53.67899939301424,142.75600005930755,29.378000363067258,3.4079994293279015,229.22099924471695,1,1
767,object,7651.061706232,37.98000034294091,145.98999950976577,36.97400006785756,3.817000106209889,224.76100002677413,1,1
768,object,7651.081288882,42.53099996276433,117.58100026781904,26.509999770496506,2.8419999580364674,189.46399995911634,1,1
769,object,7651.105569796,59.48699981672689,115.0030002463609,28.44099981302861,3.3639998946455307,206.29499977076193,1,1
770,object,7651.138303869,129.98999955016188,343.3600004427717,71.79699969128706,5.913000677537639,551.0600003617583,1,1
771,object,7651.158133255,78.24999920558184,290.339999992284,42.26600049150875,7.845999789424241,418.7019994787988,1,1
772,object,7651.18261628,72.88300002983306,202.43300059519242,63.905999923008494,7.375999302894343,346.5979998509283,1,1
773,object,7651.228400095,128.51499923272058,216.73800074495375,30.52400006708922,4.671999704441987,380.44899974920554,1,1
774,object,7651.233375724,55.855999562481884,118.0970002678805,26.402000003145076,3.34899959852919,203.70399943203665,1,1
775,object,7651.260131847,41.31600053369766,157.54499963804847,32.94199996162206,3.7910003811703064,235.5940005145385,1,1
776,object,7651.283180032,110.85499954788247,252.18900009349454,44.60500076675089,5.115000021760352,412.76400042988826,1,1
777,object,7651.307355774,56.36199966829736,141.46100056677824,32.40000023652101,3.34899959852919,233.5720000701258,1,1
778,object,7651.33336698,55.298000006587245,169.6559993433766,53.19499996403465,4.555000487016514,282.703999801015,1,1
779,object,7651.358157121,48.50000004807953,113.93900058465078,26.84399987629149,2.9499997253878973,192.2330002344097,1,1
780,object,7651.382222487,42.69999953976367,117.25300009857165,25.998000637628138,2.927999958046712,188.87900023401016,1,1
781,object,7651.410654896,70.69700041029137,183.80099936621264,42.284000301151536,5.570999746851157,302.3529998245067,1,1
782,object,7651.434624546,55.73799990088446,175.8030002747546,41.24199949728791,4.354999873612542,277.1379995465395,1,1
783,object,7651.460294089,44.16699994180817,123.70600052236114,27.58799928415101,3.3910000638570637,198.85199981217738,1,1
784,object,7651.484845344,60.74399971112143,176.21400002099108,43.85800002637552,5.6140006563509814,286.430000414839,1,1
785,object,7651.509665609,57.344999731867574,160.44000039983075,40.854999497241806,4.612000338966027,263.25199996790616,1,1
786,object,7651.540214276,41.57500006840564,117.59499921026872,26.904000151262153,3.386000571481418,189.46000000141794,1,1
787,object,7651.561285326,43.30600040702848,123.91499967634445,29.492999601643533,3.455000296526123,200.16899998154258,1,1
788,object,7651.932620821,56.61300019710325,194.96100048854714,53.16799979482312,4.569999873638153,309.31200035411166,1,1
789,object,7651.958551991,48.5460004711058,119.2539994008257,25.631000426074024,3.434000063862186,196.86500036186771,1,1
790,object,7651.983588871,48.71900000580354,123.6019998032134,25.221999749192037,3.402000402275007,200.94499996048398,1,1
791,object,7652.00976602,36.17699985625222,109.91399994964013,24.21099998173304,2.962000507977791,173.26400029560318,1,1
792,object,7652.034758178,42.94100017432356,114.73599988676142,24.53199977026088,3.139000000373926,185.3479998317198,1,1
793,object,7652.06556566,51.60999990039272,144.1369995518471,26.699000045482535,3.3790001907618716,225.82499968848424,1,1
794,object,7652.086973245,46.15699981513899,113.35799990774831,25.119999918388203,2.9420007194858044,187.5770003607613,1,1
795,object,7652.112485831,54.799999816168565,190.90499972662656,33.444999644416384,4.787000762007665,283.93699994921917,1,1
796,object,7652.15031728,184.9430000220309,426.1539997969521,101.93599973717937,10.99499968404416,724.0279992402066,1,1
797,object,7652.162400657,62.00999996508472,186.39900008565746,90.07399967231322,8.198000614356715,346.6810003374121,1,1
798,object,7652.211514836,88.86100022209575,189.93999947269913,50.477000513637904,5.70599968341412,334.9839998918469,1,1
799,object,7652.224856846,45.838000005460344,279.0469998217304,39.20700055459747,4.245999662089162,368.3380000438774,1,1
800,object,7652.238944586,101.60800047742669,155.97399942635093,26.159000299230684,3.527999979269225,287.2690001822775,1,1
801,object,7652.264204182,92.2720000744448,252.31699964933796,50.78000049252296,4.032999640912749,399.40199985721847,1,1
802,object,7652.288507688,51.13499992148718,130.91799974063179,26.570000045467168,3.2850002753548324,211.90799998294096,1,1
803,object,7652.312899191,40.14000023744302,167.11999978724634,30.528000024787616,3.099999958067201,240.88800000754418,1,1
804,object,7652.340898999,44.15599960339023,135.0190004814067,28.711999220831785,3.621000359999016,211.50799966562772,1,1
805,object,7652.365499593,43.61300034361193,116.13999959081411,25.653999728092458,3.410000317671802,188.8169999801903,1,1
806,object,7652.392871788,47.139000344031956,125.20299969764892,26.204999812762253,3.451999873504974,201.9989997279481,1,1
807,object,7652.415612932,43.807000110973604,121.92299982416444,25.700999685795978,3.6320006984169595,195.06300031935098,1,1
808,object,7652.440197442,39.90599998360267,119.3309999507619,29.722000363108236,3.633000233094208,192.59200053056702,1,1
809,object,7652.466964755,93.64699963043677,249.65800002973992,38.49200038530398,4.868000360147562,386.66500040562823,1,1
810,object,7652.491043846,39.524999920104165,116.91799954860471,27.150000278197695,3.076000211876817,186.6689999587834,1,1
811,object,7652.523774735,43.08200004743412,118.52999978145817,26.43999960127985,3.1140007195062935,191.16600014967844,1,1
812,object,7652.54139133,43.31600030127447,115.75200005609076,25.736999305081554,3.4030008464469574,188.20800050889375,1,1
813,object,7652.567824914,42.583000322338194,112.48399914620677,32.51900034229038,3.395000021555461,190.9809998323908,1,1
814,object,7652.596212324,80.41999990382465,194.40800042502815,33.659999644441996,4.389999958220869,312.87799993151566,1,1
815,object,7652.619757266,57.10499954147963,138.8850005241693,28.65699934773147,3.543000275385566,228.18999968876597,1,1
816,object,7652.645077451,57.00599922420224,173.97500050719827,42.32099945511436,4.024000190838706,277.3259993773536,1,1
817,object,7652.669926974,39.99299951829016,119.11300043720985,25.69499974924838,3.4510003388277255,188.25200004357612,1,1
818,object,7652.694521859,50.16599970986135,138.37900041835383,26.70399953785818,3.697000465763267,218.94600013183663,1,1
819,object,7652.72362063,49.95499966753414,122.17600033181952,26.061999960802495,2.860999302356504,201.05399926251266,1,1
820,object,7652.7469384,99.64200035028625,161.01300025184173,27.221999516768847,4.508000529312994,292.3850006482098,1,1
821,object,7652.772354627,33.87499964446761,111.97500043635955,28.620000193768647,3.017999915755354,177.48800019035116,1,1
822,object,7652.798170513,46.536000809282996,125.88699974003248,26.42900017235661,3.3689993870211765,202.22100010869326,1,1
823,object,7652.822733402,48.06499964615796,129.6379996347241,28.240000574442092,3.197000296495389,209.14000015181955,1,1
824,object,7652.847527549,92.26499969372526,438.5520005598664,106.56799986463739,8.71399970492348,646.0989998231526,1,1
825,object,7652.873842615,44.18099979375256,145.41899963660398,29.627000003529247,3.6020001061842777,222.82899954007007,1,1
826,object,7652.898401812,50.0129999636556,148.92699982738122,29.573000574600883,3.4109998523490503,231.92400021798676,1,1
827,object,7653.044258122,63.826999394223094,211.96800025791163,31.988000046112575,7.280999852810055,315.06399955105735,1,1
828,object,7653.069262778,89.70700037025381,166.97199953341624,34.190999940619804,4.223000360070728,295.0930002043606,1,1
829,object,7653.09323623,39.49999972974183,122.18800020491472,29.23400006693555,3.0620003599324264,193.98400036152452,1,1
830,object,7653.117874289,45.61500009003794,141.2250003340887,31.616999876860064,2.9499997253878973,221.4070000263746,1,1
831,object,7653.145622115,45.99800013238564,118.22399937955197,31.84300021530362,4.120000085094944,200.18499981233617,1,1
832,object,7653.171075267,58.42500013386598,134.2490004390129,28.08599947456969,3.826000465778634,224.5860005132272,1,1
833,object,7653.196968989,44.0479998360388,111.64799980178941,25.366000045323744,2.70000055024866,183.7620002334006,1,1
834,object,7653.221558239,33.80900034244405,124.69499961298425,29.03299991885433,2.683999809960369,190.220999684243,1,1
835,object,7653.24624105,45.74899958242895,114.85400045785354,32.91799930593697,3.3480000638519414,196.8689994100714,1,1
836,object,7653.273371454,65.840999923239,189.70200017065508,35.256999581179116,5.323000550561119,296.1230002256343,1,1
837,object,7653.297462172,49.10299958282849,259.4520001366618,42.1089998781099,3.4559998312033713,354.11999942880357,1,1
838,object,7653.322846939,45.57900047075236,127.82100020558573,38.72599972964963,3.594000190787483,215.7200005967752,1,1
839,object,7653.347437105,52.76299998513423,129.71200067113386,25.226999241567682,2.706000486796256,210.40800038463203,1,1
840,object,7653.372660919,36.23300017352449,107.03800035116728,35.88299932744121,4.084000465809368,183.23800031794235,1,1
841,object,7653.399201195,70.62799977575196,245.55599975428777,40.069000533549115,4.072999217896722,360.32599928148557,1,1
842,object,7653.423493147,56.39000028168084,194.3359993674676,48.92600009043235,4.975000592821743,304.62700033240253,1,1
843,object,7653.447846642,43.64300002634991,121.71900016255677,26.020999939646572,3.1050003599375486,194.4880004884908,1,1
844,object,7653.473183017,47.88099977304228,122.54299963387894,31.43899994029198,3.3070000426960178,205.1699993899092,1,1
845,object,7653.497368961,40.208000427810475,116.96699948515743,25.457000447204337,2.9200000426499173,185.55200040282216,1,1
846,object,7653.526381332,68.96000013512094,165.71400010434445,32.18399979232345,5.2249997679609805,272.0829997997498,1,1
847,object,7653.551606219,38.19700032181572,119.82900014118059,26.21099974930985,2.9840002753189765,187.22100048762513,1,1
848,object,7653.577359326,43.914999878325034,111.4269998652162,25.7480005529942,2.8019994715577923,183.89199976809323,1,1
849,object,7653.603077606,50.39000006945571,128.13700050173793,25.72999983385671,3.493999429338146,207.7509998343885,1,1
850,object,7653.627351914,30.403999517147895,100.85000030812807,25.218999326170888,2.3490001694881357,158.821999320935,1,1
851,object,7653.652016728,57.870000091497786,147.2730000386946,26.527000045462046,4.606999937095679,236.2770001127501,1,1
852,object,7653.679390732,68.18400015617954,200.35200031998102,48.861999857763294,5.8059995353687555,323.2039998692926,1,1
853,object,7653.703735191,43.17699949751841,132.59900060802465,26.55199932632968,3.332000233058352,205.6599996649311,1,1
854,object,7653.728894207,53.40799998521106,120.46800020470982,26.16300025692908,2.8459999157348648,202.88500036258483,1,1
855,object,7653.753337653,77.22499958617846,204.93400006671436,48.91800017503556,4.764000550494529,335.8410003784229,1,1
856,object,7653.779818142,61.69199969008332,457.19700028712396,59.44399981672177,5.0379994718241505,583.3709992657532,1,1
857,object,7653.805547334,43.138000364706386,116.71399988699704,26.290999812772498,3.297999683127273,189.4409997476032,1,1
858,object,7653.830669556,38.86499962391099,114.02400014048908,31.583000236423686,3.243999344704207,187.71599934552796,1,1
859,object,7653.856841246,48.52599977311911,136.30200010084081,26.962000447383616,3.149999429297168,214.9399997506407,1,1
860,object,7653.881390849,32.50099962315289,112.2880003094906,27.09099953790428,2.5350000214530155,174.4149994920008,1,1
861,object,7653.906571569,133.43999944481766,321.434999932535,86.31800028524594,10.040000233857427,551.232999896456,1,1
862,object,7653.934427674,93.26100007456262,346.32499955478124,58.137000451097265,8.157999218383338,505.88099929882446,1,1
863,object,7653.958754787,57.71300038759364,184.22100038151257,66.89899964840151,8.480000360577833,317.31300077808555,1,1
864,object,7653.984500736,50.80299979454139,151.13000063138315,38.361999941116665,4.318999344832264,244.61399971187348,1,1
865,object,7654.009694878,48.60199987888336,139.68700022815028,28.24199964379659,3.975999788963236,220.50699953979347,1,1
866,object,7654.033947838,39.32999970857054,156.36399984941818,29.262000680319034,3.249999281251803,228.20599951955955,1,1
867,object,7654.060874988,46.03399975167122,148.5089997004252,27.24900059547508,3.139000000373926,224.93100004794542,1,1
868,object,7654.085313031,49.14300006930716,135.60400020651286,27.611000405158848,3.641999683168251,216.00000036414713,1,1
869,object,7654.110187509,37.33300036401488,110.82999935752014,24.718000531720463,3.129999640805181,176.01099989406066,1,1
870,object,7654.135091202,51.56800034455955,117.29899961210322,27.18700034165522,3.6129995351075195,199.6669998334255,1,1
871,object,7654.159563544,53.18400053511141,110.59699954785174,25.67000046838075,3.3389997042831965,192.7900002556271,1,1
872,object,7654.186032734,42.49100038578035,133.08799952937989,85.99800003139535,4.374999662104528,265.9519996086601,1,1
873,object,7654.21152089,29.52699924207991,117.87299990828615,26.084000637638383,2.5469998945482075,176.03099968255265,1,1
874,object,7654.236456906,65.35600005008746,176.84700014797272,47.08699998445809,5.039999450673349,294.3299996331916,1,1
875,object,7654.261360822,54.30200053524459,142.6859998900909,32.38099998270627,3.324999852338806,232.69400026038056,1,1
876,object,7654.285438988,52.95099981594831,135.19499952963088,29.20499991887482,3.1400004445458762,220.49099970899988,1,1
877,object,7654.309735886,40.50699953950243,128.30000014218967,26.629999410943128,3.2210000426857732,198.657999135321,1,1
878,object,7654.336629279,56.79700007021893,155.8780004415894,28.745000236085616,3.3839996831375174,244.80400043103145,1,1
879,object,7654.360758356,56.66000015480677,152.29300061037065,29.488999643945135,17.9879998540855,256.43000026320806,1,1
880,object,7654.386910494,126.8639998670551,359.1249997043633,108.42000028787879,9.992999366659205,604.4019992259564,1,1
881,object,7654.411565242,37.47000027942704,108.69000016100472,25.133999770332593,2.832000063790474,174.12600027455483,1,1
882,object,7654.436322807,31.336000574810896,111.95299975952366,28.141999791841954,2.54299993684981,173.97400006302632,1,1
883,object,7654.464785733,44.006999814882874,124.6110005013179,26.98299977055285,3.340999683132395,198.94199976988602,1,1
884,object,7654.488608808,70.42600009299349,123.7699998455355,25.671999537735246,3.3280002753599547,223.19599975162419,1,1
885,object,7654.514780257,129.58400020579575,407.3649997735629,71.48700024117716,6.864999704703223,615.300999925239,1,1
886,object,7654.538723701,44.72900036489591,115.83600007725181,25.101999199250713,3.0270002753240988,188.69399991672253,1,1
887,object,7654.562706146,42.44400042807683,116.96599995048018,24.940999537648167,3.039000148419291,187.39000006462447,1,1
888,object,7654.589807373,38.051999581512064,113.73300003469922,25.24599949538242,2.9750008252449334,180.00599993683863,1,1
889,object,7654.615206271,58.58100030309288,178.04700019041775,47.619999349990394,4.589000127452891,288.8369999709539,1,1
890,object,7654.640954456,102.64999946230091,243.22000081156148,63.079999563342426,11.265000466664787,420.2150003038696,1,1
891,object,7654.665286357,41.46999981458066,108.30700011865702,25.927000024239533,3.045000084966887,178.7490000424441,1,1
892,object,7654.689434931,55.748000704625156,148.7259996793,30.004999644006602,3.4419999792589806,237.92100000719074,1,1
893,object,7654.71576519,43.96600070322165,114.7699995271978,25.93200042610988,2.846999450412113,187.51500010694144,1,1
894,object,7654.742611004,57.639000260678586,129.8300003327313,27.35599991865456,3.795999873545952,218.6210003856104,1,1
895,object,7654.766841882,64.44599966926035,285.7789995687199,193.718000446097,16.969999705906957,560.9129993899842,1,1
896,object,7654.792590628,72.30700066429563,154.8709997223341,26.19199949549511,4.12700046581449,257.4970003479393,1,1
897,object,7654.818435409,66.7000003886642,171.30400010501035,28.02499966492178,3.0410001272684895,269.0700002858648,1,1
898,object,7654.844065338,42.967999434040394,121.94500050100032,26.884999897447415,5.410000085248612,197.20799991773674,1,1
899,object,7654.871739715,37.816999792994466,127.4899996133172,41.883000449161045,6.365999979607295,213.55599983508,1,1
900,object,7654.896263266,67.6870004099328,204.5580004050862,43.00799992051907,4.703999366029166,319.95700010156725,1,1
901,object,7654.920992027,46.30700004781829,113.84900062694214,25.735999770404305,3.1400004445458762,189.03200088971062,1,1
902,object,7654.945927094,63.67700007103849,325.4330003983341,37.76399989874335,3.731999640876893,430.60600000899285,1,1
903,object,7654.970190278,52.9670005562366,142.96599965746282,30.371000320883468,3.3639998946455307,229.6680004292284,1,1
904,object,7654.996846306,61.07799981691642,176.1029998306185,30.35099962289678,3.5650000427267514,271.09699931315845,1,1
905,object,7655.022432242,28.89300048991572,104.10300001240103,24.715999643376563,2.6739999157143757,160.38600006140769,1,1
906,object,7655.04882766,50.06399987905752,133.56399995245738,28.608000320673455,3.8970001696725376,216.1330003218609,1,1
907,object,7655.072900079,39.17899994121399,241.97499988076743,27.11100023589097,3.21200059261173,311.4770006504841,1,1
908,object,7655.096833477,31.567000405630097,104.55699975864263,25.48100019339472,2.548999873397406,164.15400023106486,1,1
909,object,7655.124160746,34.30600008869078,120.7370005431585,28.654999368882272,3.209000169590581,186.90700017032214,1,1
910,object,7655.148360131,49.42499981552828,128.0050000787014,29.09500017267419,3.1409999792231247,209.666000046127,1,1
911,object,7655.172917492,29.09399972850224,110.2659998650779,24.021000172069762,2.4030005079112016,165.7840002735611,1,1
912,object,7655.197824968,48.0799999422743,116.53100045805331,34.83000000414904,3.355999979248736,202.7970003837254,1,1
913,object,7655.221934543,41.39199972996721,115.62999952730024,24.53500019328203,3.0900000638212077,184.6469995143707,1,1
914,object,7655.247724186,71.44200026232284,124.18500045896508,26.269000045431312,3.0429991966229863,224.9389999633422,1,1
915,object,7655.27452676,49.913999646378215,139.28499993198784,28.05599979183171,3.9240003388840705,221.17899970908184,1,1
916,object,7655.298998558,57.934000324166846,131.82699967728695,25.787000595300924,3.0309993235277943,218.5789999202825,1,1
917,object,7655.324114329,32.55200044804951,123.54299997241469,30.047999644011725,3.1340005079982802,189.2770005724742,1,1
918,object,7655.349595784,43.17600087233586,112.49399994994747,24.776999453024473,2.751000465650577,183.19800074095838,1,1
919,object,7655.373923319,46.520000068994705,131.52700012142304,28.790000214939937,3.1939998734742403,210.03100027883193,1,1
920,object,7655.401484325,48.97300004813587,145.03300008072983,30.094000067037996,4.288000127417035,228.38800032332074,1,1
921,object,7655.426980325,39.17600042768754,119.33199948543916,28.94099998229649,3.2039997677202336,190.65299966314342,1,1
922,object,7655.455685992,48.86499937128974,123.12800026847981,25.442999685765244,3.262000063841697,200.6979993893765,1,1
923,object,7655.481116694,45.60999968816759,120.71400033164537,27.160999707120936,3.2650004868628457,196.75000021379674,1,1
924,object,7655.508545574,44.24800044944277,119.71499952778686,26.38000023580389,3.3970000004046597,193.74000021343818,1,1
925,object,7655.533022241,32.75200015195878,105.01899942028103,24.533000214432832,2.376999873376917,164.68099966004957,1,1
926,object,7655.558172431,46.67000030167401,134.89899993146537,27.59000017249491,3.2910002119024284,212.45000061753672,1,1
927,object,7655.582960135,50.26200051361229,124.28699938027421,24.635000045236666,2.8120002752984874,201.99600021442166,1,1
928,object,7655.606963867,35.678000131156296,128.62000039604027,30.745999538339674,2.911000592575874,197.9550006581121,1,1
929,object,7655.631402805,47.44099987874506,137.93800007988466,31.075000151759014,5.539999619941227,221.99399973032996,1,1
930,object,7655.658959363,101.42500013898825,189.2710006359266,45.1259993496933,5.779000275651924,341.6010004002601,1,1
931,object,7655.682745015,143.72299938258948,270.0909999475698,29.3140001303982,4.581000212056097,447.7089996726136,1,1
932,object,7655.70770249,85.13900047546485,179.32399987330427,68.3069993101526,7.738000022072811,340.50799968099454,1,1
933,object,7655.732287081,63.68999947881093,145.07600008073496,27.88500023598317,3.4229997254442424,240.0739995209733,1,1
934,object,7655.756354866,29.65099974971963,111.0540006266092,31.55599915771745,2.655000571394339,174.91600010544062,1,1
935,object,7655.781419896,43.28699924371904,113.89700011932291,25.20399993954925,3.451999873504974,185.83999917609617,1,1
936,object,7655.808049537,56.18499926640652,149.09499986970332,28.281000595598016,3.5379998735152185,237.09899960522307,1,1
937,object,7655.832822804,32.09100032108836,106.04399994917912,25.49500004533911,2.4840001060510986,166.1140004216577,1,1
938,object,7655.859088552,81.77200015779817,240.5360000921064,53.70799954107497,4.9330001274938695,380.9489999184734,1,1
939,object,7655.883253556,57.58499992225552,173.18799928034423,45.249000322655775,4.614999852492474,280.636999377748,1,1
940,object,7655.907883739,41.91100015304983,150.9630001237383,42.192000364593696,3.6319997889222577,238.6980004303041,1,1
941,object,7655.934955589,70.28799973340938,162.07299995585345,31.446000321011525,4.214000000501983,268.02100001077633,1,1
942,object,7655.959780477,44.49300013220636,117.96299986599479,27.803000193671323,3.62699938705191,193.88599957892438,1,1
943,object,7655.985451015,54.38700009108288,280.0960000968189,39.083999581635,3.9880005715531297,377.5550003410899,1,1
944,object,7656.009951225,47.78499987878604,150.5979998910334,28.42899993993342,3.2970001484500244,230.10899985820288,1,1
945,object,7656.035919134,42.81399924366269,136.14400086225942,25.5129998549819,2.957999640784692,207.4289996016887,1,1
946,object,7656.062520492,53.32399996405002,140.9030001013889,27.306999982101843,3.8329999370034784,225.36699998454424,1,1
947,object,7656.086752958,31.44000038446393,111.55199990753317,26.42799972818466,2.7599999157246202,172.17999993590638,1,1
948,object,7656.112748766,55.328000598819926,155.19999942625873,38.71500030072639,18.372000340605155,267.6150006664102,1,1
949,object,7656.137068179,39.88999924331438,111.84800041519338,25.813999855017755,2.9989996619406156,180.55099917546613,1,1
950,object,7656.161792827,36.69400030048564,118.3240001410013,30.189999961294234,3.481999556242954,188.68999995902414,1,1
951,object,7656.188986812,59.93100057821721,160.3800001248601,43.71999966679141,5.746000169892795,269.7770005397615,1,1
952,object,7656.213665493,42.64499966666335,118.58800007757964,24.554999981774017,2.976000359922182,188.7640000859392,1,1
953,object,7656.238781877,44.33799949765671,116.54199988697655,25.31400059524458,2.967000000353437,189.16099998023128,1,1
954,object,7656.264594617,90.88500064535765,249.57400000857888,124.72700018406613,8.66899972606916,473.8550005640718,1,1
955,object,7656.289083382,42.62199945515022,116.82500007736962,27.287000193609856,3.0170003810781054,189.7510001072078,1,1
956,object,7656.316042499,118.5669998449157,260.6779999041464,32.3330004903255,3.9719998312648386,415.55000007065246,1,1
957,object,7656.340340258,42.19600032229209,115.74499967537122,25.563000235706568,2.982000296469778,186.48600052983966,1,1
958,object,7656.364987748,53.01300006976817,122.42899992997991,26.81299974938156,3.246999767725356,205.501999516855,1,1
959,object,7656.389957623,31.737999961478636,117.38500052160816,26.011999580077827,2.5260005713789724,177.6610006345436,1,1
960,object,7656.414076217,43.37500013207318,124.52200007828651,28.153999664937146,3.588000254239887,199.63900012953673,1,1
961,object,7656.438311266,60.694999774568714,144.86300005955854,31.724000109534245,4.223999894747976,241.50599983840948,1,1
962,object,7656.466369826,68.87200015626149,203.73299958009738,67.57699975423748,11.05800038203597,351.2399998726323,1,1
963,object,7656.491175417,50.07800064049661,156.12799961672863,52.47900026006391,3.9829992601880804,262.66799977747723,1,1
964,object,7656.517452383,59.22499985899776,166.96399961801944,33.0400007442222,4.875999366049655,264.10499958728906,1,1
965,object,7656.542314558,75.8340001993929,135.59099988924572,29.400000130408444,4.640000042854808,245.46500026190188,1,1
966,object,7656.566790636,35.56199953891337,151.2830003775889,37.473999327630736,3.341000592627097,227.6599998367601,1,1
967,object,7656.595523705,44.966999666939955,124.97500028985087,26.652000087779015,3.0649998734588735,199.6589999180287,1,1
968,object,7656.619789725,41.52599922235822,113.07800014037639,24.90800034138374,3.3139995139208622,182.82599921803921,1,1
969,object,7656.644620336,32.82099987700349,108.77600016101496,25.065999579965137,2.9330003599170595,169.59599997790065,1,1
970,object,7656.670615829,45.33199989964487,119.05900009878678,25.827999706962146,2.923000465671066,193.14200017106486,1,1
971,object,7656.695315984,77.04899962845957,142.87399972090498,29.00100025726715,4.262999937054701,253.1869995436864,1,1
972,object,7656.72309251,78.18099948053714,211.36000032129232,57.90599971078336,5.3580006351694465,352.80500014778227,1,1
973,object,7656.747047848,33.56700017320691,115.12199944263557,34.129000596294645,2.693000169529114,185.51100038166624,1,1
974,object,7656.772955544,59.51899947831407,126.17000083992025,70.55299920466496,3.5390003176871687,259.78099984058645,1,1
975,object,7656.797532514,44.71400006877957,115.79500005609589,26.529000024311244,3.244000254198909,190.2820004033856,1,1
976,object,7656.821766997,32.24900046916446,113.10299942124402,27.35900034167571,2.689999746507965,175.40099997859215,1,1
977,object,7656.850883624,38.71300032187719,141.9079999323003,31.120000130613334,3.7519994293688796,215.4929998141597,1,1
978,object,7656.876106468,43.13099998398684,119.84699995082337,28.137000299466308,3.303999619674869,194.4189998539514,1,1
979,object,7656.901560007,62.74899988056859,209.4310002576094,25.70000015111873,2.630000381032005,300.51000067032874,1,1
980,object,7656.926576734,31.568999474984594,108.9590004994534,25.506999918434303,2.4470000425935723,168.48199993546586,1,1
981,object,7656.950485023,43.69600083009573,115.82599927351112,26.083000193466432,3.4780005080392584,189.08300080511253,1,1
982,object,7656.97749106,73.5949997761054,163.7780005694367,33.938999877136666,3.8369998947018757,275.14900011738064,1,1
983,object,7657.002928077,41.45799994148547,132.23799942352343,32.45800053264247,2.5249992177123204,208.6789991153637,1,1
984,object,7657.027801458,53.964000471751206,163.3769998079515,26.407999939692672,3.8119997043395415,247.56099992373493,1,1
985,object,7657.053251799,48.548000449955,120.63000031048432,26.003999664681032,3.32000035996316,198.5020007850835,1,1
986,object,7657.078138754,54.9059996046708,162.62200006167404,29.22000021499116,2.8120002752984874,249.5600001566345,1,1
987,object,7657.102787858,61.54400034574792,142.80799950938672,58.56700045114849,4.407999767863657,267.3270000741468,1,1
988,object,7657.131668038,41.24300085095456,119.52899967582198,30.50499981327448,3.3750002330634743,194.6520005731145,1,1
989,object,7657.155928747,39.91799985669786,154.81399987038458,31.802000194147695,3.3480000638519414,229.88199998508207,1,1
990,object,7657.182386867,42.6460001108353,146.89700037706643,42.054000005009584,3.907000063918531,235.50400055682985,1,1
991,object,7657.207354506,53.37099992175354,140.89799969951855,29.503999940061476,3.6470000850385986,227.41999964637216,1,1
992,object,7657.231482349,61.38900062069297,165.20099961780943,34.92700034257723,3.307999577373266,264.8250001584529,1,1
993,object,7657.260722763,45.867000153521076,122.72700041648932,25.302999347331934,3.3670003176666796,197.264000235009,1,1
994,object,7657.285513025,47.19499975180952,123.13300067035016,26.388999685877934,3.4029999369522557,200.12000004498987,1,1
995,object,7657.3112665,67.37200055795256,209.2789991365862,62.884000726626255,5.741999302699696,345.2769997238647,1,1
996,object,7657.335474421,40.21499989903532,118.66600016219309,27.598999622568954,2.8300000849412754,189.30999976873863,1,1
997,object,7657.359763093,45.792000491928775,116.17599921009969,25.430000277992804,3.1230001695803367,190.5210001496016,1,1
998,object,7657.389431597,47.976000132621266,141.6059994880925,31.23500027868431,5.161999979463872,225.97899987886194,1,1
999,object,7657.413685646,75.61999973404454,157.48800069559366,31.832999411562923,3.7179997889325023,268.6589996301336,1,1
1000,object,7657.439499626,77.43100013613002,158.02699999767356,36.38500038505299,5.95299934502691,277.7959998638835,1,1
1001,object,7657.464667675,62.97799973253859,167.48699999880046,44.54100053408183,5.4330002967617474,280.4390005621826,1,1
1002,object,7657.490123105,72.92700047401013,198.01700000243727,46.91599951911485,4.966000233252998,322.82600022881525,1,1
1003,object,7657.517457281,48.63699996349169,169.1369998297887,60.54200002836296,11.107999853265937,289.4239996749093,1,1
1004,object,7657.542224096,37.19000051205512,122.9760000569513,26.136000087717548,2.6669995349948294,188.9690001917188,1,1
1005,object,7657.567403504,47.866999921097886,127.11499948636629,29.321000511117745,3.590999767766334,207.89399968634825,1,1
1006,object,7657.592237704,43.86199998407392,121.13499997212784,27.564000447455328,3.189999915775843,195.75100031943293,1,1
1007,object,7657.616567492,31.630999728804454,107.35300020314753,26.25500019348692,2.950999260065146,168.18999938550405,1,1
1008,object,7657.641732272,43.048000406997744,118.34499946417054,25.3570005952497,3.1639992812415585,189.91399974765955,1,1
1009,object,7657.668579714,50.89899968879763,144.2280008632224,30.81399972870713,3.901000127370935,229.8420004080981,1,1
1010,object,7657.693374046,54.00400004873518,171.01400044339243,48.40699966734974,5.1440001698210835,278.56900032929843,1,1
1011,object,7657.718547948,44.2729997303104,120.63099984516157,27.641999622574076,3.634000677266158,196.1799998753122,1,1
1012,object,7657.743178326,39.55300053348765,132.2919997619465,26.22800002427539,3.0589999369112775,201.1320002566208,1,1
1013,object,7657.767230578,38.129000131448265,113.5929996962659,26.502000764594413,2.396999661868904,180.6210002541775,1,1
1014,object,7657.793906529,40.346999412577134,150.79100012371782,30.97100034210598,3.490999915811699,225.59999979421264,1,1
1015,object,7657.818184611,37.834000067960005,115.95500018302118,25.82199977041455,3.102999471593648,182.7139994929894,1,1
1016,object,7657.843438099,79.37899954413297,251.16400047409115,68.17399935243884,6.755000867997296,405.47200023866026,1,1
1017,object,7657.867491443,44.63499953999417,143.10599999589613,32.65000032115495,3.8549997043446638,224.2459995613899,1,1
1018,object,7657.893496291,43.79900019557681,144.4099998479942,30.488000447803643,3.5559996831580065,222.25300017453264,1,1
1019,object,7657.919305396,49.01100055576535,124.62799986678874,28.73999983421527,3.7950003388687037,206.17400059563806,1,1
1020,object,7657.943945921,44.907000301463995,185.5709997471422,36.964000173611566,4.262999937054701,271.70500015927246,1,1
1021,object,7657.969980868,88.81600024324143,237.17899966868572,38.91400046995841,5.207999492995441,370.116999874881,1,1
1022,object,7657.994750171,40.951999835669994,111.91700014023809,24.67600006639259,2.9049997465335764,180.44999978883425,1,1
1023,object,7658.019126301,44.532999709190335,125.06799976108596,29.31300059572095,3.551999725459609,202.46599979145685,1,1
1024,object,7658.043453957,42.350000512669794,139.955000122427,32.08399994036881,3.84399936592672,218.23299994139234,1,1
1025,object,7658.071564653,67.0850004098611,149.29499957361259,31.846000638324767,4.177999471721705,252.40400009352015,1,1
1026,object,7658.096835285,54.93199932971038,215.31000038521597,53.5019999006181,4.32700016972376,328.0709997852682,1,1
1027,object,7658.122359976,48.60400076722726,104.16899931442458,24.74000029906165,2.454999957990367,179.96800033870386,1,1
1028,object,7658.146805524,39.26599947590148,111.01500058430247,25.37000000302214,3.116999323538039,178.76799938676413,1,1
1029,object,7658.174022106,31.010999919089954,105.55199969530804,25.627000468375627,3.1549998311675154,165.34499991394114,1,1
1030,object,7658.198955325,54.30200053524459,131.89399942348246,25.767000806808937,3.2909993024077266,215.2540000679437,1,1
1031,object,7658.224392349,46.42500061891042,170.23799955495633,34.84500030026538,3.639000169641804,255.14700064377394,1,1
1032,object,7658.250207947,45.16400076681748,124.94199927459704,28.889000532217324,3.6139999792794697,202.6090005529113,1,1
1033,object,7658.274632364,80.99499973468482,153.79799970105523,29.85199989780085,3.730000571522396,268.3749999050633,1,1
1034,object,7658.299375616,53.78700006986037,172.9219993649167,31.991000469133724,4.062999323650729,262.7629992275615,1,1
1035,object,7658.326923917,76.02000005135778,198.53699996019714,45.48299966700142,5.975999556540046,326.0159992350964,1,1
1036,object,7658.352211384,66.52499996562256,251.28700053755892,47.10299981525168,5.672000042977743,370.5870003614109,1,1
1037,object,7658.377122288,47.32400066131959,122.10800014145207,28.386999474605545,3.244000254198909,201.0630005315761,1,1
1038,object,7658.401729548,40.09999975096434,120.81300064892275,25.211999854946043,3.047999598493334,189.17299985332647,1,1
1039,object,7658.426768699,41.61600008956157,229.94499977357918,149.55200003896607,11.466000614746008,432.57900051685283,1,1
1040,object,7658.565399687,46.258000111265574,152.9040000605164,37.23400004673749,3.576000381144695,239.97200059966417,1,1
1041,object,7658.582411413,40.95900021638954,146.8559994464158,44.58000057638856,4.058999365952332,236.45399960514624,1,1
1042,object,7658.607354099,49.13399970973842,183.36300036025932,53.53500000637723,4.810999598703347,290.8429996750783,1,1
1043,object,7658.632562602,57.21400066249771,157.23699925729306,42.12300063954899,4.660999366024043,261.2349999253638,1,1
1044,object,7658.658518014,45.37499989964999,142.8479999958654,42.685999687819276,4.113000613870099,235.02200019720476,1,1
1045,object,7658.683027594,35.01299943309277,112.00300014024833,25.774000278033782,2.8840004233643413,175.67400027473923,1,1
1046,object,7658.712454276,37.20699987752596,115.54299999261275,26.235999939672183,2.8269996619201265,181.81299947173102,1,1
1047,object,7658.737876031,98.13699944061227,244.70100015605567,44.608999814954586,4.626000190910418,392.07299960253295,1,1
1048,object,7658.762225259,44.37300049175974,115.19199961185222,25.442000151087996,3.3010001061484218,188.30800036084838,1,1
1049,object,7658.78807337,32.000999453885015,105.61900035099825,26.183000045421068,2.5319995984318666,166.3349994487362,1,1
1050,object,7658.812618351,50.22000004828442,119.55499940086156,24.928000129875727,3.246999767725356,197.94999934674706,1,1
1051,object,7658.838871366,43.32900061854161,122.03599999338621,30.541999876732007,2.967000000353437,198.87400048901327,1,1
1052,object,7658.865561778,100.891000329284,233.04499973164639,160.39000001910608,18.764000742521603,513.0900008225581,1,1
1053,object,7658.889765818,44.77099992072908,114.7639995906502,25.129000277956948,3.0840001272736117,187.74799991660984,1,1
1054,object,7658.917079939,45.589999899675604,124.10199997248128,26.435000108904205,3.2099997042678297,199.33699968532892,1,1
1055,object,7658.941560661,52.409999625524506,130.61300069239223,35.93099972931668,4.440000338945538,223.39400038617896,1,1
1056,object,7658.965767311,50.954000471392646,125.7659996554139,26.651000553101767,3.1709996619611047,206.54200034186943,1,1
1057,object,7658.993127026,82.37299971369794,201.6930002355366,41.401999624213204,6.289999873843044,331.7579994472908,1,1
1058,object,7659.016881,44.39200074557448,122.48699931660667,26.245000299240928,3.2610005291644484,196.38500089058653,1,1
1059,object,7659.042099437,42.583000322338194,138.54299959348282,25.65100021456601,2.320000021427404,209.09700015181443,1,1
1060,object,7659.06766132,92.92799950344488,279.167999906349,78.4800004112185,7.378999725915492,457.95499954692787,1,1
1061,object,7659.091506591,64.19199962692801,171.23300040111644,44.49399966688361,4.997000360162929,284.916000055091,1,1
1062,object,7659.118932055,108.09899958985625,233.26300015469315,97.97700022318168,14.956999621063005,454.2959995887941,1,1
1063,object,7659.143710426,81.03399977699155,275.27299971552566,43.1220005339128,4.423999598657247,403.85299962508725,1,1
1064,object,7659.169124354,67.7739999446203,235.75700015499024,44.08699987834552,9.107000551011879,356.72500052896794,1,1
1065,object,7659.194305471,94.0689997150912,184.79200025467435,37.85999979299959,4.354999873612542,321.0759996363777,1,1
1066,object,7659.218090576,61.82500055729179,190.0729994304129,34.07200074434513,4.454999725567177,290.425000457617,1,1
1067,object,7659.246868689,83.5999999253545,206.70600042649312,33.17200025776401,4.644000000553206,328.12200061016483,1,1
1068,object,7659.271223052,77.51900011498947,177.14499972498743,77.15999981883215,10.045000635727774,341.8690002945368,1,1
1069,object,7659.296871049,47.48399987875018,173.72099955537124,51.60199998499593,4.841999725613277,277.6489991447306,1,1
1070,object,7659.322804062,57.97100038762437,168.6449995759176,42.80500070308335,4.382000042824075,273.8030007094494,1,1
1071,object,7659.348245262,57.74100009148242,166.85899936419446,42.828000005101785,4.486000761971809,271.9140002227505,1,1
1072,object,7659.375261759,79.50100007292349,239.2960004726774,51.573999371612445,5.681999937223736,376.0529998544371,1,1
1073,object,7659.399995805,51.89200055610854,123.46399944362929,27.62100029940484,3.8480002331198193,206.8250005322625,1,1
1074,object,7659.425099938,66.0679997963598,223.01300032268045,48.26299937121803,5.673000487149693,343.016999977408,1,1
1075,object,7659.449773008,32.85099955974147,112.72099982306827,26.750000870379154,2.617999598442111,174.939999851631,1,1
1076,object,7659.474230164,60.092000239819754,164.76000018883497,58.41799975314643,4.225999873597175,287.4960000553983,1,1
1077,object,7659.499414055,46.73000057664467,124.9189999725786,30.760999834456015,3.7909994716756046,206.2009998553549,1,1
1078,object,7659.526552878,58.07599973195465,207.71199979208177,51.5690007887315,4.935999641020317,322.29299995378824,1,1
1079,object,7659.550904016,53.376000323623884,150.83400012372294,29.922999601694755,3.6040000850334764,237.73700013407506,1,1
1080,object,7659.576352977,46.97199983638711,120.37400028930278,27.700999453372788,3.42900057148654,198.47600015054923,1,1
1081,object,7659.601239387,58.67400068382267,221.4779997302685,43.64199958217796,4.679000085161533,328.47300008143065,1,1
1082,object,7659.62589601,55.716999668220524,163.8390003790846,42.361999476270285,4.15599970438052,266.07399922795594,1,1
1083,object,7659.652327828,57.129000197164714,163.84599985030945,41.880000026139896,4.300999535189476,267.15599960880354,1,1
1084,object,7659.67692215,60.54400000721216,179.6040005501709,42.39800000505056,4.3419995563453995,286.888000118779,1,1
1085,object,7659.70246216,43.4240000686259,150.43299936223775,41.28000000491738,4.125000486965291,239.26199992274633,1,1
1086,object,7659.727290491,78.44800074963132,204.2500000243308,52.585000048566144,6.013999154674821,341.2969999772031,1,1
1087,object,7659.752627269,38.655000025755726,111.85799939994467,24.711000151000917,3.2309999369317666,178.45499951363308,1,1
1088,object,7659.779549074,30.782000067119952,123.40600005700253,30.41499985556584,4.497999725572299,189.10099970526062,1,1
1089,object,7659.804504951,45.652000153495464,169.4940001470968,29.1579999611713,2.9829998311470263,247.2870000929106,1,1
1090,object,7659.830148033,61.93300032464322,173.93399957654765,45.90899970935425,4.864999937126413,286.6409995476715,1,1
1091,object,7659.855451269,51.10399979457725,148.46100020804442,48.644000344211236,4.607999471772928,252.81699981860584,1,1
1092,object,7659.879957424,116.71499942167429,267.2100008567213,80.8849999884842,8.003999937500339,472.81400020438014,1,1
1093,object,7659.905429751,58.46299973200075,158.45200050534913,32.698999348212965,4.090999937034212,253.70499952259706,1,1
1094,object,7659.93081061,46.11199983628467,116.84000037348596,34.358999982941896,4.143999831285328,201.45500002399785,1,1
1095,object,7660.102372962,48.6230001115473,128.93299935967661,26.292000256944448,3.5749999369727448,207.4229996651411,1,1
1096,object,7660.12692641,43.56899989943486,127.06799952866277,25.831000129983295,2.8940003176103346,199.36199987569125,1,1
1097,object,7660.151560967,31.326000680564903,123.12699982430786,26.183000045421068,3.092999577347655,183.72900012764148,1,1
1098,object,7660.179044098,76.28799994563451,209.9109997288906,62.357000388146844,7.103999450919218,355.6599995135912,1,1
1099,object,7660.202974424,52.56100030237576,120.83699948561843,26.48900044732727,3.3269998311880045,203.21400006650947,1,1
1100,object,7660.395021033,37.9229995814967,116.25699971773429,34.348000554018654,3.1579993446939625,191.6859991979436,1,1
1101,object,7660.419765002,49.74400053470163,134.322000121756,27.42000015132362,3.608999577409122,215.09500038519036,1,1
1102,object,7660.446220257,43.387000005168375,121.8899997184053,25.864999770419672,4.0049999370239675,195.14699943101732,1,1
1103,object,7660.471041794,44.76700087252539,121.23799933760893,25.377000383741688,3.0860001061228104,194.4680006999988,1,1
1104,object,7660.68923641,46.594999730587006,123.01799961278448,27.25200010900153,3.37999972543912,200.24499917781213,1,1
1105,object,7660.715716132,60.85800032451516,252.0829993954976,43.79700021672761,4.460999662114773,361.19899959885515,1,1
1106,object,7660.740080851,34.25999966566451,114.80100056360243,25.347999326186255,2.3490001694881357,176.75799972494133,1,1
1107,object,7660.764868442,46.318999920913484,164.12100012530573,30.58399943256518,3.8820007830508985,244.9060002618353,1,1
1108,object,7660.791361592,49.850999857881106,140.00400005897973,29.96400053234538,3.5249995562480763,223.3440000054543,1,1
1109,object,7660.815411862,43.0350000897306,140.57000043976586,28.667000151472166,2.767999831121415,215.04000051209005,1,1
1110,object,7660.840825195,95.67399956722511,333.7190000820556,110.16299959010212,9.624000085750595,549.1799993251334,1,1
1111,object,7660.869241185,39.67000066040782,148.98799963702913,43.17099956097081,4.539000656222925,236.3680005146307,1,1
1112,object,7660.893530186,44.53000019566389,132.10699944465887,34.343000152148306,3.590999767766334,214.5709995602374,1,1
1113,object,7660.91962584,32.86500032118056,105.85000018181745,24.167999981727917,2.5259996618842706,165.4090001466102,1,1
1114,object,7660.94389729,72.17700022010831,200.90199996047886,54.46300019684713,4.732999514089897,332.2749998915242,1,1
1115,object,7660.969387703,45.647999286302365,142.0030002918793,30.027999855519738,3.9619999370188452,221.64099937072024,1,1
1116,object,7660.997891881,76.81599981879117,292.6910001406213,39.7019994125003,6.166000275698025,415.3749996476108,1,1
1117,object,7661.021984391,58.821000493480824,165.80499959673034,30.834999961371068,3.342999661981594,258.8039997135638,1,1
1118,object,7661.048216303,47.927999730745796,139.58900035504485,31.081999622983858,3.8850002965773456,222.48400000535185,1,1
1119,object,7661.072448085,99.405999208102,188.39300082618138,56.2919994990807,5.646999852615409,349.7379993859795,1,1
1120,object,7661.096502248,29.19999951700447,104.62000045663444,25.38999979151413,2.508999386918731,161.71899915207177,1,1
1121,object,7661.125374011,36.08900078688748,112.435999653826,26.343000172346365,3.219999598513823,178.08800021157367,1,1
1122,object,7661.149330621,48.23699964617845,121.62700022599893,26.156999410886783,2.970000423374586,198.99099970643874,1,1
1123,object,7661.175540857,42.054000005009584,116.07200030994136,25.764999918465037,3.209000169590581,187.10000040300656,1,1
1124,object,7661.199987568,72.15299956442323,127.105000501615,28.294999538047705,3.500000275380444,231.05299987946637,1,1
1125,object,7661.224640575,41.90199979348108,112.95900003460702,23.587000214320142,2.8839995138696395,181.33199955627788,1,1
1126,object,7661.252024627,37.8400000045076,118.62600058520911,26.857000193558633,3.041999661945738,186.36500044522109,1,1
1127,object,7661.276691305,36.17000038502738,151.18800001800992,36.129999898548704,4.235999767843168,227.72400006942917,1,1
1128,object,7661.302038578,42.86300008971011,128.7340000999393,26.30600010888884,2.9769998945994303,200.88000019313768,1,1
1129,object,7661.32637877,39.02400021615904,114.96800016175257,25.242999981855974,3.1709996619611047,182.4060000217287,1,1
1130,object,7661.350657334,51.08200002723606,134.3160001852084,48.51599987887312,3.778000063903164,237.69200015522074,1,1
1131,object,7661.377151574,37.29000036400976,118.7190000564442,29.099999665049836,3.201999788871035,188.31099987437483,1,1
1132,object,7661.401892497,34.468000194465276,120.8929998028907,27.53000080701895,2.7189998945686966,185.61000069894362,1,1
1133,object,7661.427228208,91.58600005321205,264.0490001795115,30.948000130592845,4.04699949285714,390.6299998561735,1,1
1134,object,7661.453377697,41.59099989919923,122.5220003107097,34.84599983494263,2.857999788830057,201.81699983368162,1,1
1135,object,7661.478633479,50.78800040791975,156.7879999129218,115.26199978106888,5.542000508285128,328.38000061019557,1,1
1136,object,7661.507266034,44.9799999842071,149.31399982742732,55.700999837426934,8.924999747250695,258.91999939631205,1,1
1137,object,7661.533467434,40.44599972985452,113.77800001355354,26.015000003098976,3.0080000215093605,183.2469997680164,1,1
1138,object,7661.560252733,45.90699973050505,124.82199963415042,28.735000341839623,3.781000486924313,203.2450001934194,1,1
1139,object,7661.585118757,60.77900070522446,178.71199997898657,53.10500000632601,5.642999894917011,298.23900058545405,1,1
1140,object,7661.609516109,40.8630003221333,113.90100007702131,25.459999960730784,2.9209995773271658,183.14499993721256,1,1
1141,object,7661.63672979,38.42900059680687,132.19999982538866,33.027999961632304,3.1669997042627074,206.82400008809054,1,1
1142,object,7661.660911514,45.699000111198984,138.37999995303107,28.98599996115081,2.967000000353437,216.0320000257343,1,1
1143,object,7661.686513596,72.29899983940413,160.3720002094633,46.63600066123763,5.72299995837966,285.0300006684847,1,1
1144,object,7661.711748272,33.63000087119872,115.18099927343428,27.1400003839517,2.7099995349999517,178.66100006358465,1,1
1145,object,7661.735948821,72.29399943753378,170.48500012606382,30.858999707561452,3.4140002753701992,277.05199954652926,1,1
1146,object,7661.763466831,40.5609998779255,116.68899969663471,27.558000510907732,3.1310000849771313,187.93900017044507,1,1
1147,object,7661.787715683,34.378000236756634,108.69200013985392,26.464999791642185,2.581999979156535,172.11700014740927,1,1
1148,object,7661.81288091,44.487000195658766,158.78700014582137,31.06299936916912,3.579000804165844,237.9160005148151,1,1
1149,object,7661.838781825,77.64099973428529,303.99299976124894,76.42800028406782,8.48299987410428,466.5449996537063,1,1
1150,object,7661.862678269,31.620000299881212,106.30599990690826,24.992000362544786,2.4539995138184167,165.37200008315267,1,1
1151,object,7661.889074212,75.20500003010966,131.0359994022292,30.001000595802907,4.257999535184354,240.49999956332613,1,1
1152,object,7661.914978313,76.53800003026845,194.71999985398725,35.53800070221769,4.546000127447769,311.34200071392115,1,1
1153,object,7661.939524876,143.49100001709303,488.11399938131217,79.19800009403843,7.024000296951272,717.8269997893949,1,1
1154,object,7661.964720373,45.62899994198233,218.5180001106346,65.49099998665042,12.200999663036782,341.83899970230414,1,1
1155,object,7661.988873947,38.10700036410708,122.20499957038555,25.17100074328482,2.9289994927239604,188.41200017050141,1,1
1156,object,7662.013214464,78.83899979788112,174.2650001688162,32.731999453972094,5.5180007620947435,291.35400018276414,1,1
1157,object,7662.040077876,76.71499952266458,176.84799968264997,46.7670006401022,6.956000106583815,307.28599995200057,1,1
1158,object,7662.064054732,58.71800021850504,167.7250002103392,32.04299991921289,3.6279998312238604,262.114000179281,1,1
1159,object,7662.088400654,38.08600013144314,102.37799961032579,25.926000489562284,2.554999809945002,168.94500004127622,1,1
1160,object,7662.114198719,53.80399943533121,145.0019999538199,27.674000193655957,2.869999661925249,229.34999924473232,1,1
1161,object,7662.138317267,37.80699989874847,124.26099965523463,26.71899983397452,3.3570004234206863,192.1439998113783,1,1
1162,object,7662.164190017,52.893999963998795,157.88700056873495,41.0919992646086,4.1860002966132015,256.05900009395555,1,1
1163,object,7662.190355227,58.21900049340911,170.23999953380553,41.37399992032442,5.818000317958649,275.6510002654977,1,1
1164,object,7662.214574831,49.742999181034975,135.11400084098568,25.196999558829702,2.6340003387304023,212.68799991958076,1,1
1165,object,7662.240756129,42.843000301218126,113.43199912516866,25.580000510672107,2.7569994927034713,184.61199942976236,1,1
1166,object,7662.265494522,57.066999943344854,145.179999890388,32.635999559715856,8.634000550955534,243.51699994440423,1,1
1167,object,7662.290015847,48.47799937124364,200.19600015075412,29.565000659204088,4.828999408346135,283.067999589548,1,1
1168,object,7662.31689742,39.477999962400645,156.66600029362598,42.21299968776293,4.15700014855247,242.51400009234203,1,1
1169,object,7662.341071436,59.0939998801332,169.55200044321828,45.421000322676264,4.62099978904007,278.6880004350678,1,1
1170,object,7662.366111783,56.02000055660028,158.2790000611567,41.51499979343498,4.048999471706338,259.8629998828983,1,1
1171,object,7662.390444553,46.17000013240613,119.61299969698302,27.815000066766515,3.3940004868782125,196.99200038303388,1,1
1172,object,7662.414395776,48.9330004711519,125.42599961307133,23.798999791324604,2.8849999580415897,201.04299983358942,1,1
1173,object,7662.441821952,31.927999771141913,115.23299963300815,30.869000511302147,10.77799970516935,188.80799962062156,1,1
1174,object,7662.465997987,52.70899964671116,140.8830003128969,41.53299960307777,3.3120004445663653,238.4370000072522,1,1
1175,object,7662.490899644,41.9489997511846,123.81000033201417,24.824999854899943,3.062999894609675,193.6469998327084,1,1
1176,object,7662.515840794,41.20399989915313,114.29700043663615,39.0089999200427,3.4360000427113846,197.94600029854337,1,1
1177,object,7662.54006145,37.20399945450481,110.41200014005881,25.65100021456601,3.1589997888659127,176.42599959799554,1,1
1178,object,7662.566554506,40.765999983705115,152.6930000181892,32.109999665408395,2.706000486796256,228.27500015409896,1,1
1179,object,7662.591321814,54.31399949884508,155.71899984934134,29.673999961232767,3.707999894686509,243.4149992041057,1,1
1180,object,7662.615788542,37.31900051207049,109.05299950536573,24.857999960659072,2.9120001272531226,174.14200010534842,1,1
1181,object,7662.643192496,98.28800011746353,522.0909997660783,291.0190005422919,20.712999685201794,932.1110001110355,1,1
1182,object,7662.668551061,87.3120006872341,284.5489998435369,100.60499971586978,8.560000424040481,481.02600067068124,1,1
1183,object,7662.694864111,46.71299939218443,169.31400023167953,31.331999707617797,3.4460008464520797,250.80500017793383,1,1
1184,object,7662.721032953,47.018000259413384,136.00300007965416,59.408000197436195,9.786999726202339,252.21600026270607,1,1
1185,object,7662.745056528,95.41700001136633,198.9150005101692,35.352999475435354,5.05600019096164,334.7410001879325,1,1
1186,object,7662.770793865,115.58999995031627,444.9239995665266,88.81700068741338,14.096000086283311,663.4270002905396,1,1
1187,object,7662.794634974,62.046000493864994,210.09299962315708,32.4140000884654,3.959000423492398,308.5120006289799,1,1
1188,object,7662.819507049,50.61999945610296,132.54600071377354,26.515000172366854,3.327999365865253,213.0089997081086,1,1
1189,object,7662.847932037,45.05200013227295,176.15900014789077,29.01500010921154,3.8070002119638957,254.03300060133915,1,1
1190,object,7662.872338663,69.75700034672627,193.97100004425738,54.95999994309386,5.678999514202587,324.3669998482801,1,1
1191,object,7662.897554913,85.40900034859078,288.5029998651589,65.05900000775,22.711999918101355,461.68300013960106,1,1
1192,object,7662.922582376,62.21000057848869,185.0319995355676,46.830000428599305,4.696999894804321,298.7690004374599,1,1
1193,object,7662.946860806,45.01900002651382,154.02900044136913,35.647999538923614,3.5709999792743474,238.26699998608092,1,1
1194,object,7662.975504712,54.911000006541144,99.1910001175711,1.1230004020035267,35.383000067668036,190.6080005937838,2,1
1195,object,7662.999290854,55.93900004896568,131.49100050213747,29.971000003570225,3.671999365906231,221.0729999205796,2,1
1196,object,7663.024994573,85.65699954488082,167.37800069677178,34.10499994060956,4.429000000527594,291.56900018278975,2,1
1197,object,7663.05145823,43.90399953990709,118.37700003525242,26.204999812762253,3.380000634933822,191.8660000228556,2,1
1198,object,7663.075400929,49.19200000585988,109.73600001307204,25.096999706875067,3.0900000638212077,187.1149997896282,2,1
1199,object,7663.10191328,49.20299943478312,126.64200039580464,28.237999686098192,4.148000698478427,208.23100021516439,2,1
1200,object,7663.126198708,57.4650002818089,133.40900022740243,28.56599985534558,4.456999704416376,223.89700006897328,2,1
1201,object,7663.151798054,49.122999371320475,119.16600033146096,1.1680003808578476,44.83500015339814,214.29200023703743,3,1
1202,object,7663.17643173,58.94999958400149,134.81400037562707,25.042999368452,3.9880005715531297,222.7949998996337,3,1
1203,object,7663.200090129,48.97599956166232,132.4579998254194,26.422000701131765,4.001999514002819,211.8579996022163,3,1
1204,object,7663.226939198,82.89400011562975,159.2640001035761,33.03900030005025,4.580999302561395,279.7779998218175,3,1
1205,object,7663.25162421,75.85099956486374,152.11100071610417,25.304999326181132,4.4150001485832036,257.68199975573225,3,1
1206,object,7663.276528191,72.90100074897055,216.63699953933246,38.59800017380621,5.464999958348926,333.60100042045815,3,1
1207,object,7663.301219802,58.73000009160023,146.53600010205992,27.586000214796513,4.069000169693027,236.9210005781497,3,1
1208,object,7663.324790592,52.20399998506764,139.03000035497826,51.04299998492934,4.712999725597911,246.99000005057314,3,1
1209,object,7663.348312614,47.606000407540705,143.34099978441373,26.341000193497166,3.35000004270114,220.63800042815274,3,1
1210,object,7663.374528264,64.94999979622662,235.62200021842727,459.7970000759233,28.58300013031112,788.9520002208883,3,1
1211,object,7663.3985703,52.39999973127851,138.46700039721327,25.344999812659808,3.705000381160062,219.91700032231165,3,1
1212,object,7663.42445905,130.4480001635966,217.32400000473717,27.03199970710557,4.327999704401009,379.13199957984034,3,1
1213,object,7663.45197878,94.89999956713291,154.83400056837127,66.63200019829674,5.346999387256801,321.7129997210577,3,1
1214,object,7663.476506984,67.59500047337497,133.9090003966703,25.02899951650761,6.3400002545677125,232.8730006411206,2,1
1215,object,7663.504161486,51.49899971002014,172.09599991474533,33.355000596202444,7.5439993452164344,264.49399956618436,2,1
1216,object,7663.528664542,45.6729994766647,123.96400052239187,24.584999664511997,3.4869999581133015,197.70899962168187,2,1
1217,object,7663.553612838,54.24800019682152,132.25099974079058,24.77100042597158,4.212000021652784,215.48200038523646,2,1
1218,object,7663.578017854,47.75199977302691,136.3910005238722,27.740999939851463,3.2569996619713493,215.14099989872193,2,1
1219,object,7663.602483179,111.02799999207491,272.9970001382753,53.49399998522131,6.323999514279421,443.84299962985096,2,1
1220,object,7663.627614908,56.662999668333214,150.0329999544192,30.89199981332058,5.916000191064086,243.5039996271371,2,1
1221,object,7663.653535747,67.4599996273173,220.73800028010737,32.701000236556865,5.21099991601659,326.11000005999813,2,1
1222,object,7663.677554174,49.48800051352009,141.24799963610712,26.314000024285633,3.612000000430271,220.66200017434312,2,1
1223,object,7663.703290509,69.57700043130899,161.39599938469473,115.9250005002832,10.96399955713423,357.86199987342115,2,1
1224,object,7663.728049289,52.797999160247855,139.3350003127125,27.928000235988293,3.6849996831733733,223.74599939212203,2,1
1225,object,7663.753110216,50.76399975223467,147.4820001021726,28.995999855396803,3.5049997677560896,230.74699947756017,2,1
1226,object,7663.780132922,60.25800030329265,200.7469993259292,31.008000405563507,7.673000254726503,299.68600028951187,1,1
1227,object,7663.804753063,58.042000091518275,144.88399938272778,27.915000828215852,3.776999619731214,234.61799992219312,1,1
1228,object,7663.830038775,41.92000051261857,122.6029999088496,27.596000109042507,3.2070001907413825,195.32600072125206,1,1
1229,object,7663.85448319,46.90400055551436,124.34399923222372,27.15900063776644,3.246999767725356,201.65400019322988,1,1
1230,object,7663.879179036,44.58199964574305,137.12899999518413,29.34300027845893,3.8250000216066837,214.8789999409928,1,1
1231,object,7663.904831894,44.190999687998556,120.43900005664909,35.45500021573389,3.3629994504735805,203.44799941085512,1,1
1232,object,7663.929241347,57.52600009145681,154.20899944729172,34.22600002522813,3.801999810093548,249.7629993740702,1,1
1233,object,7663.954274314,139.22400012233993,345.5460000623134,73.28599986067275,13.015000149607658,571.0710001949337,1,1
1234,object,7663.979848324,42.36599943396868,152.50800061039627,40.76899949723156,4.053000338899437,239.69599988049595,1,1
1235,object,7664.004640591,44.58600051293615,113.41899971739622,25.053000172192696,3.237999408156611,186.29599981068168,1,1
1236,object,7664.031195575,43.152999751328025,126.47400035348255,26.9839993052301,3.5930006561102346,200.2040000661509,1,1
1237,object,7664.056514453,47.75300021719886,122.03000005683862,26.95500006666407,2.7249998311162926,199.46300017181784,1,1
1238,object,7664.082245723,68.5479999447125,175.91100004210602,26.250000701111276,3.3359992812620476,274.04499996919185,1,1
1239,object,7664.106878351,38.938000216148794,131.52500014257384,26.048999643535353,2.712000423343852,199.22400042560184,1,1
1240,object,7664.131106051,33.49700000399025,109.93700016115326,27.246000172453932,2.6850002541323192,173.36500059172977,1,1
1241,object,7664.155554622,48.20200047106482,118.75899963342818,26.4450000031502,3.3400001484551467,196.74600025609834,1,1
1242,object,7664.18259569,42.98800013202708,122.02499965496827,26.16500023577828,2.848999429261312,194.02699945203494,1,1
1243,object,7664.206543048,36.96100066008512,113.98499918868765,27.42000015132362,3.2880006983759813,181.65400069847237,1,1
1244,object,7664.232175799,55.58099928748561,156.36400075891288,29.089999770803843,3.193000338796992,244.22800015599933,1,1
1245,object,7664.255799882,42.31099956086837,118.06000020442298,25.766999897314236,3.371000275365077,189.50899993797066,1,1
1246,object,7664.281467371,40.14000023744302,113.65599948476302,25.176000235660467,2.51199980993988,181.48399976780638,1,1
1247,object,7664.308499662,66.6879996060743,201.60700023552636,31.788000342203304,6.065999514248688,306.14899969805265,1,1
1248,object,7664.332524731,41.00699970877031,121.07099973945878,27.31200038397219,3.006000042660162,192.39599987486145,1,1
1249,object,7664.357494998,45.78300013236003,115.4589999714517,23.685999622102827,2.5950002964236774,187.52300002233824,1,1
1250,object,7664.381838099,32.546000511501916,124.83299997256836,35.28599972923985,3.1079998734639958,195.77300008677412,1,1
1251,object,7664.405805425,44.31199977261713,116.0890005849069,25.301999812654685,3.0210003387765028,188.7240005089552,1,1
1252,object,7664.432855908,235.70799930894282,578.2700000054319,51.58100066182669,10.987999303324614,876.5469992795261,1,1
1253,object,7664.456819918,51.901000006182585,152.33900012390222,35.09199996187817,3.9839997043600306,243.315999796323,1,1
1254,object,7664.600948269,49.47700017510215,132.9730002908036,29.412000003503636,3.4959994081873447,215.35799987759674,1,1
1255,object,7664.62598285,82.45700064435368,186.61200010683388,33.07999941171147,3.979000211984385,306.1280003748834,1,1
1256,object,7664.649792664,46.441999984381255,115.26699927344453,25.30900019337423,3.1950003176461905,190.2129997688462,1,1
1257,object,7664.674257084,74.5269999242737,194.1640002769418,49.48700006934814,5.154000064067077,323.3320003346307,1,1
1258,object,7664.701172522,70.68499962770147,353.63100050744833,82.96899977722205,8.310000339406542,515.5950002517784,1,1
1259,object,7664.725169315,46.782000026723836,133.0779996351339,28.960000236111227,3.795999873545952,212.6159997715149,1,1
1260,object,7665.104856626,138.77299988962477,389.37000044825254,41.276999581896234,6.612000106542837,576.0320000263164,1,1
1261,object,7665.128897549,45.66500047076261,138.1860001856694,27.215000045544002,3.156999810016714,214.22300051199272,1,1
1262,object,7665.154709308,46.132000534271356,118.27299931610469,26.39900048961863,3.37999972543912,194.1840000654338,1,1
1263,object,7665.178638572,36.49600057542557,110.30699988623383,27.297999622533098,2.91600008495152,177.017000169144,1,1
1264,object,7665.202770925,43.02300021663541,115.90299982344732,25.117999939539004,3.314000423415564,187.3580004030373,1,1
1265,object,7665.229942442,74.6710002204054,169.92000018944964,40.30699983559316,4.68199959868798,289.5799998441362,1,1
1266,object,7665.254512693,43.496999751369,116.78900045808405,25.36000010877615,2.832000063790474,188.47800038201967,1,1
1267,object,7665.427208355,201.6199996432988,402.880999899935,51.36599975230638,5.3070007197675295,661.1740000153077,1,1
1268,object,7665.451470395,52.147999667795375,227.85700002714293,35.691999983100686,3.865000508085359,319.56200018612435,1,1
1269,object,7665.475131227,51.98100006964523,152.18899989122292,32.82099987700349,4.141999852436129,241.13299969030777,1,1
1270,object,7665.503950718,207.61700034199748,406.61499951966107,45.00300019572023,9.379999937664252,668.614999995043,1,1
1271,object,7665.527714385,90.04900039144559,276.7689993561362,102.40200026601087,9.73799978964962,478.9579998032423,1,1
1272,object,7665.67385621,66.42100015596952,258.2159995654365,82.61000039055943,6.839999514340889,414.08699962630635,1,1
1273,object,7665.699186192,52.845000027446076,128.74700041720644,25.188999643432908,3.0080000215093605,209.78900010959478,1,1
1274,object,7665.723601465,39.321999793173745,112.17700011911802,24.93900046829367,3.017999915755354,179.4560002963408,1,1
1275,object,7665.74745619,29.84000002470566,107.30000030889641,26.28599941090215,2.862000656023156,166.28800040052738,1,1
1276,object,7665.776535902,40.88399964530254,164.91099995619152,30.270000024756882,3.410000317671802,239.47499994392274,1,1
1277,object,7665.800033512,45.18000059761107,124.09299961291254,26.013000024249777,2.702000529097859,197.98800076387124,1,1
1278,object,7665.82568466,44.91400068218354,111.46199994982453,25.441999241593294,2.8849999580415897,184.70299983164296,1,1
1279,object,7665.850342237,50.0189999002032,139.89099988975795,33.52000021550339,3.7099998735357076,227.13999987900024,1,1
1280,object,7665.874750803,62.17299960553646,178.46700029622298,63.07100011326838,4.540000190900173,308.251000205928,1,1
1281,object,7665.903562498,80.60900017881067,503.78800006001256,127.55599982483545,11.946000086027198,723.8990001496859,1,1
1282,object,7665.927317404,36.919000194757245,116.82300009852042,26.62899987626588,2.7609994504018687,183.13199961994542,1,1
1283,object,7666.287925247,119.97299952781759,391.7300000466639,129.24700058647431,10.470999768585898,651.4209999295417,1,1
1284,object,7666.311214465,63.99999983841553,181.0650001061731,32.80199962318875,4.647999958251603,282.514999526029,1,1
1285,object,7666.335392281,33.86000025784597,109.5019997592317,23.609999516338576,2.6530005925451405,169.62500012596138,1,1
1286,object,7666.360196634,60.87600013415795,150.12099993327865,30.36299949599197,3.5439998100628145,244.9039993734914,1,1
1287,object,7666.383842479,76.91900009376695,283.00899975874927,44.44699970918009,3.7099998735357076,408.084999435232,1,1
1288,object,7666.407409375,34.63500070211012,131.62300001567928,34.140999559895135,3.979000211984385,204.37800048966892,1,1
1289,object,7666.433588114,60.680000387947075,148.92200033500558,26.329999855079222,3.803999788942747,239.73600036697462,1,1
1290,object,7666.457734605,72.24799992400222,216.30500032188138,57.079999351117294,6.692000170005485,352.3249997670064,1,1
1291,object,7666.483064318,147.48099965800066,538.0510001486982,87.49599965085508,10.052000106952619,783.0799995645066,1,1
1292,object,7666.50652188,43.912999899475835,126.45399965549586,25.067000024137087,2.8120002752984874,198.24599985440727,1,1
1293,object,7666.530321273,39.33600055461284,110.98999948444543,25.11300044716336,2.804999894578941,178.24400038080057,1,1
1294,object,7666.557397805,44.18800017447211,117.98600007750792,27.707000299415085,3.099999958067201,192.98100050946232,1,1
1295,object,7666.581817036,42.62299989932217,116.0000001618755,34.35400049056625,4.013999387098011,196.99099993886193,1,1
1296,object,7666.606314174,33.87300057511311,144.07700018637115,33.64099939062726,6.848000339232385,218.4390004913439,1,1
1297,object,7666.631480021,58.81200013391208,160.83299942692975,35.169000511814374,4.1489993236609735,258.9629993963172,1,1
1298,object,7666.656303447,45.37600034382194,129.69999988854397,31.238999326888006,3.718000698427204,210.03300025768112,1,1
1299,object,7666.680239446,34.331000279053114,131.20899984642165,26.35100008774316,2.537000000302214,194.42800021352014,1,1
1300,object,7666.708006804,40.20799951831577,136.51199969899608,28.101000680180732,3.6100000215810724,208.43099991907366,1,1
1301,object,7666.733832136,39.96499981440138,111.27000016131205,45.046000195725355,4.32599972555181,200.6069998969906,1,1
1302,object,7666.759058606,52.90800072543789,137.8919996568584,26.511000214668456,3.121000190731138,220.43200078769587,1,1
1303,object,7666.782988443,46.56199962482788,122.2060000145575,25.907999770424794,2.407000465609599,197.08299987541977,1,1
1304,object,7666.807205768,45.478999709303025,119.13100024685264,44.923000132257584,3.565999577404,213.09899966581725,1,1
1305,object,7666.832984341,74.15300024149474,185.0869994086679,33.06600046926178,5.0439994083717465,297.3499995277962,1,1
1306,object,7666.856555091,32.173000363400206,110.2679998439271,26.185000024270266,2.91600008495152,171.5420003165491,1,1
1307,object,7666.881413829,44.364000132190995,120.68900014128303,26.8280000454979,3.3269998311880045,195.20800015015993,1,1
1308,object,7666.905847895,38.38599968730705,110.90699990745634,34.084000617440324,3.309999556222465,186.68699976842618,1,1
1309,object,7666.929969883,61.61700002849102,182.93599987373454,34.39800002524862,3.5109997043036856,282.46199963177787,1,1
1310,object,7666.957872353,50.191999434900936,197.49200055230176,31.440999919141177,3.4959994081873447,282.6209993145312,1,1
1311,object,7666.981825918,38.25499970844248,124.74000050133327,31.938999200065155,3.049000042665284,197.9829994525062,1,1
1312,object,7667.006669973,53.28000042936765,132.49099993117852,29.271000130393077,2.7429996407590806,217.78500013169833,1,1
1313,object,7667.031405863,42.70599947631126,119.02599999302765,26.886000341619365,3.465000190772116,192.0830000017304,1,1
1314,object,7667.056013892,55.76700004894519,126.80300005740719,27.815999601443764,3.377000211912673,213.76299991970882,1,1
1315,object,7667.080635109,140.7650006512995,449.60299965168815,135.5439999315422,11.682000149448868,737.5940003839787,1,1
1316,object,7667.106999297,57.1470000068075,124.59600020520156,25.975000426115002,3.077999281231314,210.79599991935538,1,1
1317,object,7667.130769541,33.23200053273467,107.91200020321412,25.024999558809213,3.1950003176461905,169.3640006124042,1,1
1318,object,7667.156166983,47.14700025942875,155.60300016659312,32.19599966541864,4.3850004658452235,239.33100055728573,1,1
1319,object,7667.180056623,48.67000006925082,137.53599978372222,29.707999601669144,3.5960001696366817,219.50999962427886,1,1
1320,object,7667.203886045,42.270999983884394,119.72499942203285,25.833000108832493,2.693000169529114,190.52199968427885,1,1
1321,object,7667.230199296,144.34399963647593,213.27400008885888,35.56200044840807,5.463999514176976,398.64399968791986,1,1
1322,object,7667.254068394,46.813000153633766,121.01399988750927,27.24800015130313,3.4330005291849375,198.5080007216311,1,1
1323,object,7667.278755764,65.16999928862788,150.6670005255728,25.941999410861172,2.4870005290722474,244.2659997541341,1,1
1324,object,7667.303274987,108.08000024553621,225.74200011149514,46.608999582531396,5.673000487149693,386.10400042671245,1,1
1325,object,7667.326967771,97.76599927135976,190.36400044569746,36.72399998322362,6.170000233396422,331.02399993367726,1,1
1326,object,7667.352174856,59.01400072616525,218.41699981450802,43.08799998398172,3.5739994928007945,324.0930000174558,1,1
1327,object,7667.378081856,43.695999920601025,140.46600063011283,30.539999897882808,3.8600001062150113,218.56200055481168,1,1
1328,object,7667.401888293,44.83099928620504,132.6870005868841,27.97999968606746,3.3240003176615573,208.82199987681815,1,1
1329,object,7667.426765493,35.799999750452116,133.50300014280947,32.916999771259725,3.609000486903824,205.82900015142513,1,1
1330,object,7667.451077834,96.59100032877177,286.99799986497965,99.37499999068677,9.077999493456446,492.04199967789464,1,1
1331,object,7667.476861878,46.18900038622087,126.43599984585308,29.12800027843332,2.950999260065146,204.7039997705724,1,1
1332,object,7667.503940317,51.66999926586868,346.8790000624722,46.11000076693017,4.400999387144111,449.05999948241515,1,1
1333,object,7667.527916651,45.365000005404,130.44699971942464,24.715000108699314,3.5630000638775527,204.0899998974055,1,1
1334,object,7667.553510824,52.16099998506252,333.6429999762913,48.14000021724496,8.88700014911592,442.8310003277147,1,1
1335,object,7667.577895987,30.964999496063683,109.66799982270459,25.299000299128238,2.9599996196338907,168.8919992375304,1,1
1336,object,7667.602112231,62.07799924595747,183.79100038146134,48.457000048074406,5.349000275600702,299.6749999510939,1,1
1337,object,7667.628525436,69.99200013524387,166.8839995545568,29.02000051108189,5.238999619905371,271.1349998207879,1,1
1338,object,7667.652620891,35.23400027916068,101.48599994863616,26.6759998339694,2.5350000214530155,165.93100008321926,1,1
1339,object,7667.677735082,46.51600011129631,120.78500003553927,25.49900000303751,3.094000021519605,195.8940001713927,1,1
1340,object,7667.70309471,50.26399958296679,132.2859998253989,30.92800034210086,3.989000106230378,217.46699985669693,1,1
1341,object,7667.726965387,32.239000574918464,129.69799990969477,28.345999453449622,2.663000486791134,192.946000424854,1,1
1342,object,7667.754282724,39.34599953936413,115.35700014064787,27.905000024475157,6.264000148803461,188.87199985329062,1,1
1343,object,7667.778800575,43.08500047045527,116.05500003497582,26.538999918557238,2.8839995138696395,188.56299993785797,1,1
1344,object,7667.80324525,51.12899998493958,183.96499945083633,44.2830005340511,4.108999746677,283.485999716504,1,1
1345,object,7667.828545291,68.05299926782027,198.61400051013334,44.81499945541145,4.372000148578081,315.85399938194314,1,1
1346,object,7667.852396164,40.99499983567512,136.42399972013664,42.70899989933241,3.9000005926936865,224.02800004783785,1,1
1347,object,7667.876671648,38.49599943350768,155.87899997626664,33.649000215518754,3.944000127376057,231.96799975266913,1,1
1348,object,7667.903849211,56.38499987981049,164.34499957540538,34.94500015222002,4.280999746697489,259.9559993541334,1,1
1349,object,7667.927574465,47.85599958267994,123.13099978200626,29.831000574631616,3.2369998734793626,204.05499981279718,1,1
1350,object,7667.954620041,59.19399973208783,264.1479995872942,78.80600060161669,8.825999429973308,410.973999350972,1,1
1351,object,7667.97952736,53.90499973145779,113.69900039426284,25.629999981902074,2.8449994715629146,196.07899957918562,1,1
1352,object,7668.003262503,45.21400023804745,119.69200022576842,26.435000108904205,3.3029991755029187,194.643999748223,1,1
1353,object,7668.029900171,54.51200013339985,148.5900002080598,28.306999411142897,3.639000169641804,235.04799992224434,1,1
1354,object,7668.053689813,44.96499968809076,124.64700012060348,26.265000087732915,3.3810001696110703,199.25800006603822,1,1
1355,object,7668.078268534,47.63099968840834,134.12400039669592,28.182999812997878,3.4900003811344504,213.42800027923658,1,1
1356,object,7668.10265804,79.01199933257885,334.99700020911405,168.1040002949885,8.648999937577173,590.7619997742586,1,1
1357,object,7668.126021431,43.39400038588792,122.81399995117681,26.294000235793646,3.0519995561917312,195.5540001290501,1,1
1358,object,7668.150278175,43.574000301305205,132.71700026962208,31.00499998254236,3.2059997465694323,210.50200030003907,1,1
1359,object,7668.177676647,151.25600020837737,471.88399912556633,108.06200043589342,7.585999810544308,738.7879995803814,1,1
1360,object,7668.201179173,66.15199981752085,162.77800023090094,35.24200019455748,4.244999217917211,268.4169994608965,1,1
1361,object,7668.226082026,55.92799971054774,174.83200008427957,32.8860005538445,3.5679995562531985,267.213999904925,1,1
1362,object,7668.250621242,55.02099975274177,156.7819999763742,44.80799998418661,3.8210000639082864,260.4319997772109,1,1
1363,object,7668.274506338,69.4840000505792,145.47899991157465,26.059999981953297,3.462000677245669,244.4850006213528,1,1
1364,object,7668.30126848,37.85900025832234,122.37300052220235,29.331999940040987,3.096999535046052,192.66100025561173,1,1
1365,object,7668.324873592,41.681000766402576,122.55299952812493,26.39400008774828,3.0559995138901286,193.68399989616591,1,1
1366,object,7668.349975618,59.935000535915606,133.78399944485864,32.284000553772785,3.683999239001423,229.68699977354845,1,1
1367,object,7668.375185983,41.75499998382293,116.05400050029857,26.157999855058733,2.7389996830606833,186.70600002224091,1,1
1368,object,7668.399215182,72.77899931068532,161.42000004037982,33.79200006747851,4.952000381308608,272.94299979985226,1,1
1369,object,7668.42594195,81.52099962899229,174.58199999964563,30.61299958062591,4.615000761987176,291.330999971251,1,1
1370,object,7668.44979966,41.02000002603745,113.33099973853678,25.473999812675174,2.6620000426191837,182.48699961986858,1,1
1371,object,7668.474451288,42.35500000504544,115.32999997143634,25.03500036254991,3.3540000003995374,186.07400033943122,1,1
1372,object,7668.49914624,78.64100007282104,202.3170000029495,31.28099979221588,5.060999683337286,317.2999995513237,1,1
1373,object,7668.52278024,31.050999496073928,104.84100039320765,23.37099977012258,2.3109996618586592,161.57399932126282,1,1
1374,object,7668.5487807,44.147000153316185,138.05599974148208,29.10900002461858,3.187000402249396,214.49900032166624,1,1
1375,object,7668.573173219,50.82500047137728,121.48599944339367,24.818999918352347,3.2740008464315906,200.40400067955488,1,1
1376,object,7668.597999048,42.427000153111294,110.12399954779539,26.051000531879254,2.656999640748836,181.25899987353478,1,1
1377,object,7668.623288251,52.23199968895642,164.09100044256775,56.6849994356744,4.426000487001147,277.4340000541997,1,1
1378,object,7668.647255003,41.62599998380756,142.66499965742696,27.942999622609932,3.1170002330327407,215.3509994968772,1,1
1379,object,7668.671566424,33.555000300111715,108.43899963219883,25.37000000302214,2.3760003386996686,169.74000027403235,1,1
1380,object,7668.698689841,42.20000027999049,116.53100045805331,26.03899974928936,3.0979999792180024,187.86800046655117,1,1
1381,object,7668.7233238,93.65799996885471,323.28199995390605,57.10599998565158,8.725000043341424,482.77099995175377,1,1
1382,object,7668.748501461,47.02099977293983,155.693999658979,43.93400013213977,3.8640000639134087,250.51299962797202,1,1
1383,object,7668.772652115,43.33500055508921,113.00400001346134,26.095000066561624,2.9889997676946223,185.4230004028068,1,1
1384,object,7668.797329646,39.36499979317887,113.36099942127476,25.518000256852247,3.295999704278074,181.53999917558394,1,1
1385,object,7668.825068233,32.34999985579634,109.413000245695,25.301999812654685,3.0950004656915553,170.16000037983758,1,1
1386,object,7668.849096542,61.720000303466804,148.81799961585784,34.25000068091322,3.9269998524105176,248.71500045264838,1,1
1387,object,7669.016765015,42.5730004280922,284.4660002665478,56.2209997951868,4.307999915909022,387.5680004057358,1,1
1388,object,7669.041222876,71.33700000849785,158.85199991316767,36.066000575374346,5.158000021765474,271.41300051880535,1,1
1389,object,7669.065286221,38.07200027949875,109.12600009760354,24.911999389587436,2.708000465645455,174.81800023233518,1,1
1390,object,7669.092176962,46.66600034397561,200.26999936817447,37.65300061786547,3.825999556283932,288.4149998862995,1,1
1391,object,7669.116705538,81.22700000967598,368.4129997054697,177.27700014802394,21.326999558368698,648.2439994215383,1,1
1392,object,7669.142714713,275.6060002866434,708.8419997671735,146.9609997002408,14.885000382491853,1146.2940001365496,1,1
1393,object,7669.166970256,71.05399981810478,303.80499993043486,35.61500034265919,8.236999747168738,418.71099983836757,1,1
1394,object,7669.192051782,46.40600036509568,121.2130000567413,28.52199941116851,3.7119998523849063,199.8529996853904,1,1
1395,object,7669.219178352,53.560999731416814,130.92700010020053,28.544999622681644,3.3310006983811036,216.3640001526801,1,1
1396,object,7669.244677941,38.95400004694238,172.80399970331928,39.76199968747096,4.348000402387697,255.86799984012032,1,1
1397,object,7669.270659745,45.48400011117337,121.47400047979318,26.111999432032462,3.1039999157655984,196.1739999387646,1,1
1398,object,7669.297157726,58.11300070490688,166.00799972366076,34.13499962334754,5.299000804370735,263.5550008562859,1,1
1399,object,7669.322574239,48.411000534542836,124.93000031099655,24.494999706803355,3.410000317671802,201.24600087001454,1,1
1400,object,7669.350095666,36.44899970822735,112.71600033069262,26.304999664716888,2.7209998734178953,178.19099957705475,1,1
1401,object,7669.376764087,36.546000046655536,120.95599959138781,31.864000447967555,2.972999936901033,192.33900002291193,1,1
1402,object,7669.404999517,60.072999986005016,131.51500024832785,29.41899947472848,3.2210000426857732,224.22799975174712,1,1
1403,object,7669.431544157,57.687000662554055,139.77599974168697,30.327999411383644,3.839000783045776,231.63000059867045,1,1
1404,object,7669.456986821,54.15400028141448,122.76500001462409,27.331999262969475,3.440000000409782,207.69099955941783,1,1
1405,object,7669.485559649,46.49099992093397,125.64900043798843,27.305999537929893,3.678000211948529,203.12400010880083,1,1
1406,object,7669.512158172,45.416999455483165,157.77000044181477,41.0189995818655,4.372000148578081,248.57799962774152,1,1
1407,object,7669.538250187,42.57199998392025,116.13500009843847,27.46700010902714,2.8510003176052123,189.02500050899107,1,1
1408,object,7669.563807043,57.187999118468724,133.16800050233724,37.775000237161294,3.81299923901679,231.94399909698404,1,1
1409,object,7669.589005191,35.103999834973365,108.74500003410503,24.758999643381685,2.710999979171902,171.31899949163198,1,1
1410,object,7669.617887521,73.79999988188501,187.49700029729865,29.94599981320789,5.05499974678969,296.29799973918125,1,1
1411,object,7669.643592021,40.192000597016886,106.64299952622969,24.433000362478197,3.0109995350358076,174.27900002076058,1,1
1412,object,7669.670194252,37.52699922188185,109.8080001611379,25.5900004049181,3.086999640800059,176.0119994287379,1,1
1413,object,7669.696582818,43.73100000520935,144.5520001652767,41.11799989914289,3.440000000409782,232.84100007003872,1,1
1414,object,7669.72239,35.08200006763218,107.79500007629395,24.904000383685343,2.484999640728347,170.26600016833981,1,1
1415,object,7669.749469909,45.00399973039748,193.11800042487448,26.34899919939926,2.8130007194704376,267.28400007414166,1,1
1416,object,7669.778720389,126.11599959200248,193.851999938488,40.147000618162565,6.631999895034824,366.7470000436879,1,1
1417,object,7669.804989697,58.21000013384037,129.61199990968453,31.833000321057625,3.6909996197209693,223.3459999843035,1,1
1418,object,7669.832177557,42.94399968785001,128.14100045943633,24.871999812603462,2.7699998099706136,198.7269997698604,1,1
1419,object,7669.858960874,32.73899983469164,118.82599937962368,25.72900029917946,2.558000232966151,179.85199974646093,1,1
1420,object,7669.888249058,63.21199998637894,166.58999993524048,31.39100044791121,3.9289998312597163,265.12200020079035,1,1
1421,object,7669.915667864,41.69200019532582,113.35299950587796,24.685999960638583,2.6369998522568494,182.3679995140992,1,1
1422,object,7669.943708031,50.470999667595606,127.22400060738437,29.810999876644928,3.698999535117764,211.20499968674267,1,1
1423,object,7669.971362408,83.29700085596414,272.5809999901685,35.09799989842577,6.730999302817509,397.7070000473759,1,1
1424,object,7669.998180858,54.21600053523434,144.61799946730025,37.293000787030905,4.83799976791488,240.96500055748038,1,1
1425,object,7670.027498588,68.23700005043065,166.84700040059397,39.601000025868416,4.7849998736637644,279.4700003505568,1,1
1426,object,7670.054705548,76.221000199439,343.4229993217741,41.33200036449125,7.249000191222876,468.22500007692724,1,1
1427,object,7670.083437479,57.530999583832454,219.88900061842287,30.384999263333157,3.0770006560487673,310.88200012163725,1,1
1428,object,7670.111570195,30.440000045928173,119.8069994643447,26.26000059535727,2.3989996407181025,178.90599974634824,1,1
1429,object,7670.138720073,39.915000343171414,109.61400039377622,25.469999854976777,3.246999767725356,178.24600035964977,1,1
1430,object,7670.171125263,44.0419998994912,118.60799986607162,25.583999558875803,2.935000338766258,191.1689996632049,1,1
1431,object,7670.198410197,49.72299939254299,137.99900079902727,33.89899939065799,4.065000211994629,225.68599979422288,1,1
1432,object,7670.227756878,60.430000303313136,140.10799986863276,25.364999601151794,3.254000148444902,229.1569999215426,1,1
1433,object,7670.255800247,58.45900068379706,136.9239998894045,43.28900013206294,3.9139995351433754,242.58600024040788,1,1
1434,object,7670.287325844,40.36699920106912,122.09000033180928,25.647999791544862,3.6310002542450093,191.73599957866827,1,1
1435,object,7670.314299002,43.0410000262782,125.04300048021832,26.276999960828107,2.797999513859395,197.15899998118402,1,1
1436,object,7670.34214074,35.461000152281485,121.37300018366659,28.84499917854555,4.092000381206162,189.7709998956998,1,1
1437,object,7670.37062402,37.55000034288969,112.8959993366152,26.685000193538144,2.904000211856328,180.03500008489937,1,1
1438,object,7670.397376996,48.825999328983016,108.71100039366866,25.344999812659808,2.851999852282461,185.73399938759394,1,1
1439,object,7670.428606448,54.15599935076898,167.16200025257422,39.651000406593084,4.816000000573695,265.78500001051,1,1
1440,object,7670.455160863,44.65199981495971,119.91500014119083,26.587000320432708,3.0020000849617645,194.156000361545,1,1
1441,object,7673.089376947,51.78199990041321,92.46999979950488,1.0949997886200435,37.4490000467631,182.79599953530123,2,1
1442,object,7673.115652603,52.42099996394245,126.53700014197966,27.660999876388814,3.953000486944802,210.57200046925573,2,1
1443,object,7673.143331601,47.622000238334294,134.38800033327425,30.248999792092945,4.13999987358693,216.39900023728842,2,1
1444,object,7673.170210534,70.23200032563182,167.08499970263802,30.262999644037336,8.381000043300446,275.9609997156076,2,1
1445,object,7673.196516221,72.32999996631406,184.50400057190564,44.298999455349986,5.247999979474116,306.3809999730438,2,1
1446,object,7673.225581373,80.22500060178572,168.668999322108,36.313000236987136,5.9060002968180925,291.11300045769894,2,1
1447,object,7673.252664094,69.11100081197219,174.94899930170504,46.38800055545289,4.982000064046588,295.4300007331767,2,1
1448,object,7673.281172615,75.20700000895886,180.7589997042669,46.19799983629491,5.536000571737532,307.7000001212582,2,1
1449,object,7673.308581127,69.21299973328132,165.38799991394626,37.59900027944241,4.708999767899513,276.9089996945695,2,1
1450,object,7673.337508977,39.397999898938,114.12100047891727,26.773999707074836,3.7939998946967535,184.08699997962685,2,1
1451,object,7673.367114983,68.23100011388306,180.56000044452958,42.35799951857189,5.083000360173173,296.2320004371577,2,1
1452,object,7673.401325663,80.39500062295701,191.11299934593262,40.99200032214867,5.427000360214151,317.92700065125246,2,1
1453,object,7673.426247553,80.07199994608527,196.74599934660364,43.37900008977158,7.176000508479774,327.37299989094026,2,1
1454,object,7673.448430024,108.71900030906545,237.7479995629983,50.55899964645505,8.390000402869191,405.415999921388,2,1
1455,object,7673.477579831,81.8150001578033,226.61499951937003,31.890999707684387,6.582000423804857,346.90299980866257,2,1
1456,object,7673.504167305,54.41699977382086,135.49200048146304,27.707999834092334,3.8990001485217363,221.51600023789797,2,1
1457,object,7673.53151129,69.76900021982146,189.80200002260972,31.413999749929644,4.192999767838046,295.1779997601989,2,1
1458,object,7673.559063099,104.97299990674946,211.7160001944285,33.80699945410015,4.801000613952056,355.29700016923016,2,1
1459,object,7673.586120947,116.04499923123512,234.5160000913893,57.7770006202627,13.170999409339856,421.50899935222697,2,1
1460,object,7673.613905702,139.06399999541463,446.25000009546056,69.44599954294972,12.694000361079816,667.4539999949047,2,1
1461,object,7673.640397748,117.60300003516022,302.4669995284057,115.55499986570794,19.84899972740095,555.4739991566748,1,1
1462,object,7673.798322135,56.245000450871885,126.57899969781283,27.8410007013008,3.5690000004251488,214.23400085041067,1,1
1463,object,7673.825804099,44.14099930727389,123.11400041653542,25.129000277956948,3.285999810032081,195.66999981179833,1,1
1464,object,7673.85226368,64.81299988081446,227.85400051361648,45.02199954004027,4.847000127483625,342.53600006195484,1,1
1465,object,7673.880852976,48.009000238380395,147.81699974264484,30.561999665223993,3.7530007830355316,230.14100042928476,1,1
1466,object,7673.908946493,43.89100013213465,130.76999948680168,26.07100032037124,3.1949994081514888,203.92699934745906,1,1
1467,object,7673.936889801,51.961999815830495,170.44900050677825,28.153999664937146,3.281000317656435,253.84600030520232,1,1
1468,object,7673.964590686,101.434000498557,195.15399981173687,40.644000364409294,5.0439994083717465,342.2760000830749,1,1
1469,object,7673.990864311,65.5349995213328,203.65799991850508,50.88200032332679,4.5979995775269344,324.6729993406916,1,1
1470,object,7674.019938759,88.29800026433077,224.92500011139782,64.79099920397857,11.050000466639176,389.06400004634634,1,1
1471,object,7674.046699457,42.76400068192743,121.75299980299314,27.461000172479544,3.321999429317657,195.30000008671777,1,1
1472,object,7674.813179316,92.13700013788184,305.1089997825329,41.479999708826654,4.559000444714911,443.2850000739563,1,1
1473,object,7674.840949925,48.44599970965646,141.80700054566842,27.458999284135643,3.3930000427062623,221.10499958216678,1,1
1474,object,7674.870970573,47.311999878729694,121.55000058555743,29.09300019382499,4.089999492862262,202.04500015097437,1,1
1475,object,7674.90023478,94.25200005352963,262.8420006658416,82.91599988297094,8.04799947218271,448.0580000745249,1,1
1476,object,7674.929274414,60.9439994150307,173.20500046480447,36.69800025818404,15.416999303852208,286.2639994418714,1,1
1477,object,7674.96086186,54.45400074677309,178.69699968287023,44.46599996299483,4.923000233247876,282.540000625886,1,1
1478,object,7674.989615958,33.43599928484764,99.02200054057175,24.760000087553635,2.6549996618996374,159.87299957487267,1,1
1479,object,7675.019057377,36.9160006812308,108.37599984370172,25.362999622302596,2.6309999157092534,173.28600006294437,1,1
1480,object,7675.047487111,43.18799983593635,125.01899982453324,27.918999876419548,2.69900010607671,198.82499964296585,1,1
1481,object,7675.078398532,29.870999242120888,103.90000079496531,24.883999685698655,2.4029995984165,161.05799932120135,1,1
1482,object,7675.107013358,36.948999877495226,110.10500020347536,26.037000679934863,2.7179994503967464,175.8090002113022,1,1
1483,object,7675.136807146,32.32200015190756,110.68000003433554,25.813999855017755,2.9530001484090462,171.7690001896699,1,1
1484,object,7675.166043519,43.72100011096336,180.13800035987515,35.42600006767316,3.7989993870723993,263.08399992558407,1,1
1485,object,7675.195519904,49.36400000588037,127.61199923261302,26.285000785719603,3.638999260147102,206.8999992843601,1,1
1486,object,7675.227065442,54.81100015458651,138.2709997415077,32.91600023658248,3.641999683168251,229.63999981584493,1,1
1487,object,7675.255683703,58.60000055690762,132.2110001638066,26.345999685872812,3.6350002119434066,220.79200061853044,1,1
1488,object,7675.285055828,48.397000682598446,135.66100005846238,29.894999897805974,3.749999450519681,217.70300008938648,1,1
1489,object,7675.313910088,63.01499979599612,204.50600004551234,54.1260005775257,6.033999852661509,327.68100027169567,1,1
1490,object,7675.347403825,41.71500040683895,123.48400014161598,27.926999791816343,3.983000169682782,197.10900050995406,1,1
1491,object,7675.377285886,88.49799996824004,274.02700015954906,70.22699992376147,11.44499947258737,444.19699952413794,1,1
1492,object,7675.407435083,51.38300002727192,126.06100062839687,26.779000108945183,3.3989999792538583,207.62200074386783,1,1
1493,object,7675.436909339,32.47800032113446,132.57800037536072,30.440000045928173,3.620999450504314,199.11700019292766,1,1
1494,object,7675.468651815,48.63899994234089,133.5099996140343,29.136000193830114,3.7669997254852206,215.05199947569054,1,1
1495,object,7675.498555974,34.30300057516433,110.74399935750989,29.40500053227879,2.8849999580415897,177.3370004229946,1,1
1496,object,7675.52925177,41.03999981452944,116.10199999267934,27.675000637827907,2.9299999368959107,187.7470003819326,1,1
1497,object,7675.560931077,48.37800042878371,140.99100008024834,29.926999559393153,3.402000402275007,222.6980004707002,1,1
1498,object,7675.590198633,38.67499981424771,128.1100003325264,29.505999918910675,2.9559996619354934,199.24699972762028,1,1
1499,object,7675.622149787,49.014999603969045,134.67400003719376,29.618000553455204,3.5650000427267514,216.87200023734476,1,1
1500,object,7675.652774043,40.57099977217149,148.14800033491338,34.83699947537389,12.359000720607582,235.91500030306634,1,1
1501,object,7675.68357437,54.2779998795595,129.7250000789063,25.72999983385671,3.195999852323439,212.92899964464596,1,1
1502,object,7675.712580745,44.79099970922107,115.9290004579816,26.617000003170688,3.2419993658550084,190.57899953622837,1,1
1503,object,7675.743422606,51.73599947738694,127.57700005749939,25.57300012995256,3.750999894691631,208.63699955953052,1,1
1504,object,7675.773162346,97.697999990487,244.98899983882438,116.88899940054398,17.49700004438637,477.07299927424174,1,1
1505,object,7675.804164411,53.20099990058225,194.71199993859045,49.07600032311166,6.905000191181898,303.89400035346625,1,1
1506,object,7675.832825982,58.13099960505497,230.37000028125476,50.642999667616095,4.838000677409582,343.9820002313354,1,1
1507,object,7675.865101447,45.10000053414842,162.51899978669826,44.05700019560754,4.957999408361502,256.6339999248157,1,1
1508,object,7675.896962,69.30000017746352,182.41100042359903,34.40999989834381,4.4899998101755045,290.61100030958187,1,1
1509,object,7675.930348907,46.46800061891554,125.64199914777419,33.69100068084663,3.53599989466602,209.33700034220237,1,1
1510,object,7675.961690543,54.17400006990647,165.85199955443386,30.332000278576743,2.809999386954587,253.16799928987166,1,1
1511,object,7675.99333606,43.72600051283371,123.70100012049079,29.785999686282594,3.2640000426908955,200.47700036229799,1,1
1512,object,7676.025231607,52.086999858147465,135.74500007962342,29.03099994000513,3.268000000389293,220.1309998781653,1,1
1513,object,7676.053543084,35.11599970806856,118.27700018329779,25.430000277992804,3.1620002118870616,181.9850003812462,1,1
1514,object,7676.084501306,45.15799992077518,117.3350001408835,25.07800036255503,3.039000148419291,190.610000572633,1,1
1515,object,7676.114429009,65.55800064234063,136.2409993816982,26.575000447337516,3.0080000215093605,231.3820004928857,1,1
1516,object,7676.147812677,78.76000017859042,171.58599985123146,38.88399987772573,3.7520003388635814,292.9820002464112,1,1
1517,object,7676.175837382,45.90099979395745,132.36799986771075,31.853000109549612,3.4690001484705135,213.59099991968833,1,1
1518,object,7676.204792128,34.88400034257211,116.9339993793983,26.095000066561624,2.644999767653644,180.55799955618568,1,1
1519,object,7676.233378989,51.019000238738954,169.32600010477472,24.855999981809873,3.1129993658396415,248.3139996911632,1,1
1520,object,7676.26315301,35.85900049074553,150.16399993328378,40.45799960294971,4.715000613941811,231.19600064092083,1,1
1521,object,7676.293129049,32.84600006736582,107.13300071074627,26.975999389833305,2.8869999368907884,169.8420001048362,1,1
1522,object,7676.322156967,30.73699917877093,105.7800000126008,24.84500055288663,2.738000148383435,164.0999998926418,1,1
1523,object,7676.351560026,29.898000320827123,120.73000016243896,25.933999495464377,2.708000465645455,179.2700004443759,1,1
1524,object,7676.380608751,59.10799973207759,153.6190002298099,42.87599949748255,3.944000127376057,259.5469995867461,1,1
1525,object,7676.410628478,51.7190001119161,126.11799957085168,26.92599991860334,3.935000677302014,208.69800027867313,1,1
1526,object,7676.438980066,53.24599987943657,119.92199961241568,30.548000722774304,2.9049997465335764,206.62099996116012,1,1
1527,object,7676.467985381,65.73199971171562,130.62499965599272,30.917000003682915,3.944000127376057,231.2179994987673,1,1
1528,object,7676.495726577,46.20500021701446,137.49600020673824,53.22299966792343,5.296999916026834,242.22100000770297,1,1
1529,object,7676.525424964,44.53899964573793,124.25800014170818,34.978999792656396,3.7609997889376245,207.53699936904013,1,1
1530,object,7676.553066474,40.44900015287567,116.9300003311946,27.104999389848672,2.894999852287583,187.37899972620653,1,1
1531,object,7676.581761006,47.10199937107973,128.52800045948243,29.564000215032138,3.234999894630164,208.42899994022446,1,1
1532,object,7676.609282845,30.81399972870713,105.64700005488703,25.24699993955437,2.4230002964031883,164.13100001955172,1,1
1533,object,7676.636026575,78.48299992474495,260.1650003271061,82.24300017900532,5.038999915996101,425.93000034685247,1,1
1534,object,7676.665217583,36.174999877403025,112.03699978068471,25.456999537709635,3.3330006772303022,177.00199987302767,1,1
1535,object,7676.692138967,83.87900015804917,223.96500025934074,61.003999690001365,10.31400006468175,379.162000172073,1,1
1536,object,7676.718255969,46.00299962476129,132.19800075603416,30.648999199911486,3.86300052923616,212.7130001099431,1,1
1537,object,7676.745268255,44.716999582306016,118.92400016222382,25.594999897293746,2.980000317620579,192.21599995944416,1,1
1538,object,7676.771808384,45.11800034379121,183.35000004299218,39.819999983592425,7.252999239426572,275.5409996098024,1,1
1539,object,7676.799735461,55.97900053544436,177.13499983074144,54.78899947775062,5.357000190997496,293.2600000349339,1,1
1540,object,7676.825959005,74.18399945890997,273.18600041326135,36.55199998320313,4.720000106317457,388.6419999616919,1,1
1541,object,7676.854912666,44.192000132170506,142.99299982667435,28.65900023607537,3.248000211897306,219.09200040681753,1,1
1542,object,7676.882499912,66.04900045203976,189.11400002252776,57.294999351142906,5.252000846667215,317.71000067237765,1,1
1543,object,7676.908606011,30.3209999401588,104.24799984320998,24.744999791437294,2.6260004233336076,161.93999999813968,1,1
1544,object,7676.937780222,41.20599987800233,133.05300035426626,27.164999664819334,4.363000698504038,205.78700059559196,1,1
1545,object,7676.964360111,43.71999966679141,116.89199982356513,56.8450004720944,4.268999873602297,221.72599983605323,1,1
1546,object,7676.991607355,38.778999623900745,106.81900039344328,24.635999579913914,2.7550004233489744,172.9890000206069,1,1
1547,object,7677.018785019,46.349000513146166,134.3750000160071,30.551999770978,3.287000254204031,214.5630005543353,1,1
1548,object,7677.045676252,42.80499979358865,119.21700024686288,26.882999918598216,3.0709998100064695,191.97599976905622,1,1
1549,object,7677.074900158,44.94099994190037,168.9890004854533,43.5029996879166,4.270000317774247,261.7030004330445,1,1
1550,object,7677.101513191,49.52700055582682,179.13499959831825,47.48500032292213,4.3359996197978035,280.483000096865,1,1
1551,object,7677.1288565,64.92199918284314,162.36500050581526,41.93800032226136,4.644000000553206,273.86900001147296,1,1
1552,object,7677.154880306,56.738999774097465,126.87099933827994,34.24300030019367,3.322999873489607,221.1759992860607,1,1
1553,object,7677.180959242,96.4539995038649,202.9249999395688,29.87400057463674,4.173999514023308,333.42699953209376,1,1
1554,object,7677.209242434,48.15400006918935,158.92600004008273,26.245000299240928,3.178000042680651,236.50300045119366,1,1
1555,object,7677.236451631,30.279000384325627,113.18699944240507,25.881000510707963,2.6399993657832965,171.98699970322195,1,1
1556,object,7677.263868803,83.6629997138516,307.01000014232704,253.44400000903988,11.36900027631782,655.4860001415364,1,1
1557,object,7677.289875844,39.090999962354545,122.54400007805089,26.960000468534417,2.859000233002007,191.45400074194185,1,1
1558,object,7677.3163102,33.60400023666443,107.29099994932767,25.145000108750537,3.2460002330481075,169.28600052779075,1,1
1559,object,7677.344577985,46.48600042855833,150.07399997557513,42.034999751194846,4.255999556335155,242.85099971166346,1,1
1560,object,7677.370922958,48.363000132667366,156.97999970143428,34.530999982962385,4.532999810180627,244.40699962724466,1,1
1561,object,7677.398563557,56.09600066236453,134.14099976216676,27.06399936869275,3.5510001907823607,220.8519999840064,1,1
1562,object,7677.424845199,50.9510000483715,157.23300020908937,29.906000236223917,3.4539998523541726,241.54400034603896,1,1
1563,object,7677.451682301,76.80599992454518,238.89200019766577,102.22299988527084,7.341000127780717,425.2620001352625,1,1
1564,object,7677.479863029,79.0230005804915,173.20299957646057,30.30500010936521,4.686000465881079,287.21700073219836,1,1
1565,object,7677.505915425,43.8939996456611,122.96600016270531,25.084000299102627,3.440000000409782,195.38400010787882,1,1
1566,object,7677.532882194,63.16799954220187,202.7609998549451,48.65400023845723,4.54400014859857,319.1269997842028,1,1
1567,object,7677.559599925,87.05999971425626,285.7920007954817,89.84699979919242,8.772999535722192,471.4719998446526,1,1
1568,object,7677.585818131,47.16299918072764,144.97300071525387,32.219999411609024,3.7760000850539654,228.1319993926445,1,1
1569,object,7677.614673776,34.888000300270505,114.03299959056312,27.08000010898104,3.445999936957378,179.44699993677204,1,1
1570,object,7677.640791633,46.08800009009428,315.5490003337036,51.621999773487914,4.474999514059164,417.73399971134495,1,1
1571,object,7677.667848167,56.92500053555705,176.69099997874582,49.99700013286201,3.918999937013723,287.5320005841786,1,1
1572,object,7677.693857408,42.58899934939109,136.0080004815245,28.556999495776836,3.1680001484346576,210.3219994751271,1,1
1573,object,7677.719921989,43.74699983600294,166.87100014678435,43.265000385872554,4.122000063944142,258.005000432604,1,1
1574,object,7677.75072724,41.19200002605794,119.52000022574794,24.2730002355529,3.342999661981594,188.32800014934037,1,1
1575,object,7677.776756278,41.42400030104909,152.6989999547368,34.77300015219953,4.090999937034212,232.98700034501962,1,1
1576,object,7677.804814743,43.90499998407904,118.10199976025615,36.844000533164944,5.363999662222341,204.21499993972247,1,1
1577,object,7677.831436282,55.44600026041735,168.97599925869144,29.90400025737472,3.807999746641144,258.13399952312466,1,1
1578,object,7677.857516072,109.48899944196455,354.6010002537514,145.21100001729792,10.759000360849313,620.0600000738632,1,1
1579,object,7677.886149799,68.35299973317888,220.3860003646696,65.41699985973537,6.604000191146042,360.7600001487299,1,1
1580,object,7677.911880698,32.7260004269192,115.07100043672835,27.129999580211006,2.5709996407385916,177.49800008459715,1,1
1581,object,7678.668837351,86.60700041218661,287.5640002457658,80.98999933281448,8.012000762391835,463.1730007531587,1,1
1582,object,7678.694783119,49.903000217454974,161.38999944814714,56.495000535505824,4.626000190910418,272.41400039201835,1,1
1583,object,7678.722147882,42.2650000473368,147.35500008100644,38.98399972968036,3.451999873504974,232.05599973152857,1,1
1584,object,7678.748400946,52.21699939284008,142.042000334186,33.63699943292886,4.023000656161457,231.9189998161164,1,1
1585,object,7678.774336685,86.32200024294434,294.90999986592215,130.92700010020053,10.828999620571267,522.9879998296383,1,1
1586,object,7678.803912101,43.84100066090468,158.4049996381509,29.595000341942068,3.5679995562531985,235.40900019725086,1,1
1587,object,7678.831545499,100.8930003081332,146.52200025011552,26.792999960889574,3.139000000373926,277.3470005195122,1,1
1588,object,7678.859417554,37.306000194803346,116.49999942164868,26.198999876214657,3.3540000003995374,183.35899949306622,1,1
1589,object,7678.887910161,72.87500011443626,267.9090002857265,78.67099975555902,7.032000212348066,426.48700036806986,1,1
1590,object,7678.914132593,41.67399947618833,114.31399980210699,26.159000299230684,3.4240001696161926,185.5709997471422,1,1
1591,object,7678.945039316,36.68400040623965,122.22900022607064,29.197999538155273,3.9269998524105176,192.03800002287608,1,1
1592,object,7678.971253165,51.31499983690446,133.2080000793212,26.414999410917517,4.228000761941075,215.16600008908426,1,1
1593,object,7678.998997714,92.51299979951,226.86800002702512,66.59500013483921,7.100999937392771,393.0769998987671,1,1
1594,object,7679.026775865,54.81300013343571,129.55100010003662,27.46799964370439,3.1350000426755287,214.96699991985224,1,1
1595,object,7679.055148678,79.93700000952231,256.2260006016004,80.73000026342925,7.904999620222952,424.7980004947749,1,1
1596,object,7679.084456322,36.19600011006696,128.13200009986758,31.20400015177438,3.397999535081908,198.92999989679083,1,1
1597,object,7679.110267222,42.21799918013858,111.51900071126875,25.07799945306033,2.9540005925809965,181.76899993704865,1,1
1598,object,7679.137486383,46.90100013249321,120.28200035274494,26.603000151226297,3.2640000426908955,197.05000067915535,1,1
1599,object,7679.16349739,75.26599983975757,183.39200050832005,55.574999350938015,5.470000360219274,319.7030000592349,1,1
1600,object,7679.18923342,82.58199977717595,261.5909997985,75.19800055888481,8.26599989522947,427.6370000297902,1,1
1601,object,7679.219810236,33.84299998288043,108.15699988597771,26.528000489633996,3.246999767725356,171.7750001262175,1,1
1602,object,7679.247511116,42.83899943402503,113.63800058461493,25.74500012997305,3.2629995985189453,185.48499974713195,1,1
1603,object,7679.484086473,61.47599924588576,145.81699997506803,2.9990005714353174,75.96599971293472,286.2579995053238,2,1
1604,object,7679.509377159,56.88599958375562,134.40800012176624,26.869000066653825,4.712000190920662,222.87499996309634,2,1
1,sign,7663.513600408,1.1280008038738742,3.957999979320448,1.3419994502328336,50.72900057712104,57.1570008105482,1,1
2,sign,7663.529107059,13.523000234272331,55.278999752772506,21.69799972762121,1.897999936772976,92.39799965143902,1,1
3,sign,7663.780806443,28.751000172633212,118.02100016211625,45.1319992862409,22.092000108386856,213.99599972937722,1,1
4,sign,7663.805161474,14.42299981135875,55.24600055650808,23.20200019312324,1.8939999790745787,94.76500054006465,1,1
5,sign,7664.031548749,12.890000107290689,52.30799979472067,22.915000045031775,1.871000677056145,89.98400062409928,1,1
6,sign,7664.064523006,38.14100000454346,102.38000049866969,25.149999601126183,2.6349998734076507,168.30599997774698,1,1
7,sign,7664.827008674,42.89399930712534,120.71299988747342,26.330000764573924,3.078999725403264,193.01599968457595,1,1
8,sign,7664.860389098,59.89399960526498,139.85900022817077,30.316999982460402,3.484999979264103,233.55499979516026,1,1
9,sign,7665.105897508,32.947999898169655,141.62499974190723,45.990999751666095,4.2609999582055025,224.82499934994848,1,1
10,sign,7665.129242552,12.069000149494968,49.729000238585286,22.043000171834137,1.7479997040936723,85.58900026400806,1,1
