frame,tracker,timestamp,predict_us,associate_us,update_us,create_delete_us,total_us,num_tracks,num_detections
1,object,49133.877361688,1.4460019883699715,3.3129981602542102,2.0169973140582442,88.06600089883432,94.84199836151674,1,1
2,object,49133.906831139,110.70699838455766,303.97700174944475,63.279003370553255,12.324999261181802,490.2880027657375,1,1
3,object,49133.929781453,69.45199857000262,132.5390039710328,45.21099617704749,2.639004378579557,249.84100309666246,1,1
4,object,49133.954094991,46.10099858837202,111.38799891341478,35.03200423438102,3.1609961297363043,195.68199786590412,1,1
5,object,49133.981327748,33.1089977407828,91.75200102617964,31.601004593539983,2.3229949874803424,158.78499834798276,1,1
6,object,49134.008408072,46.94600647781044,167.4959930824116,63.16600047284737,4.407003871165216,282.0150039042346,1,1
7,object,49134.036058497,51.71100201550871,107.00300481403247,34.056996810249984,2.8650028980337083,195.63600653782487,1,1
8,object,49134.062325453,47.41700104204938,113.83899982320145,32.56300260545686,2.9619986889883876,196.78100215969607,1,1
9,object,49134.086809114,54.003998229745775,163.89600205002353,65.82000060006976,4.419998731464148,288.1399996113032,1,1
10,object,49134.112297044,76.28300227224827,113.28900291118771,36.467994505073875,3.4760014386847615,229.5160011271946,1,1
11,object,49134.136736671,40.82700615981594,105.49599392106757,33.95600651856512,2.44499824475497,182.7240048442036,1,1
12,object,49134.163323703,121.15800200263038,335.6340021127835,63.88199835782871,4.852001438848674,525.5260039120913,1,1
13,object,49134.188473875,45.80099630402401,137.3190025333315,39.99299951829016,2.902997948694974,226.01599630434066,1,1
14,object,49134.213542509,146.55899576609954,226.14100453210995,48.11099643120542,5.644003977067769,426.4550007064827,1,1
15,object,49134.238562126,85.26000601705164,271.1199995246716,133.3109976258129,7.262002327479422,496.95300549501553,1,1
16,object,49134.263231204,44.89000275498256,134.0039962087758,35.9010009560734,2.7269998099654913,217.52199972979724,1,1
17,object,49134.288567873,48.60199987888336,118.81599493790418,41.133003833238035,6.212998414412141,214.76399706443772,1,1
18,object,49134.315104345,96.50699939811602,249.85100026242435,57.10700497729704,4.012996214441955,407.47800085227937,1,1
19,object,49134.338898756,84.59399396087974,226.00700322072953,65.70800178451464,4.201996489427984,380.5109954555519,1,1
20,object,49134.363049556,67.17700307490304,126.35999883059412,51.329996495041996,4.319001163821667,249.18599956436083,1,1
21,object,49134.387924205,47.85000055562705,134.1559982392937,31.249001040123403,2.7229980332776904,215.97799786832184,1,1
22,object,49134.411968344,147.6420002290979,187.67500296235085,35.335993743501604,4.1099992813542485,374.7629962163046,1,1
23,object,49134.437755395,45.73699698084965,109.6380001399666,33.60700065968558,4.477995389606804,193.45999317010865,1,1
24,object,49134.461543856,39.46100332541391,96.53999586589634,32.048999855760485,2.2660024114884436,170.31600145855919,1,1
25,object,49134.486833225,46.4510012534447,117.61500354623422,41.612998757045716,3.5010016290470958,209.18000518577173,1,1
26,object,49134.513491162,125.04200276453048,175.0369992805645,35.857003240380436,3.349996404722333,339.28600169019774,1,1
27,object,49134.537596269,40.646002162247896,234.5349930692464,111.18600377812982,7.841001206543297,394.2080002161674,1,1
28,object,49134.563144318,38.89099752996117,128.12700151698664,62.75899795582518,3.9709993870928884,233.74799638986588,1,1
29,object,49134.592518594,118.88000153703615,300.5620019393973,54.706993978470564,3.6090059438720345,477.75800339877605,1,1
30,object,49134.616364113,42.80500434106216,213.10799638740718,104.63800572324544,6.18899503024295,366.74000148195773,1,1
31,object,49134.642249924,45.92799814417958,108.11500396812335,31.45400114590302,2.4609980755485594,187.9580013337545,1,1
32,object,49134.667447433,70.79399802023545,206.37400302803144,69.68800153117627,4.777997673954815,351.63400025339797,1,1
33,object,49134.692391116,58.59700468135998,167.92499809525907,52.70799738354981,3.850000211969018,283.0800003721379,1,1
34,object,49134.719665439,83.12099816976115,182.3820057325065,36.93799953907728,4.3769978219643235,306.81800126330927,1,1
35,object,49134.743821625,44.055996113456786,129.00800356874242,61.680002545472234,5.32299600308761,240.06699823075905,1,1
36,object,49134.769755399,61.314000049605966,148.0029968661256,66.48500129813328,5.499001417774707,281.30099963163957,1,1
37,object,49134.794682813,109.88800204358995,380.6649983744137,167.5749954301864,10.084004316013306,668.2120001642033,1,1
38,object,49134.818961365,51.40599387232214,157.5230053276755,34.10199860809371,2.353001036681235,245.38399884477258,1,1
39,object,49134.84682968,52.62500053504482,183.16900241188705,86.04300091974437,5.6779972510412335,327.5150011177175,1,1
40,object,49134.870548389,42.53900260664523,113.11799607938156,33.86900061741471,3.610999556258321,193.13699885969982,1,1
41,object,49134.895943988,43.23800385463983,124.99899457907304,31.929004762787372,2.558997948653996,202.72500114515424,1,1
42,object,49134.924399407,76.1640039854683,232.7049951418303,100.07300443248823,6.844995368737727,415.78699892852455,1,1
43,object,49134.94744521,57.3230063309893,161.9929971639067,44.45199738256633,6.451999070122838,270.21999994758517,1,1
44,object,49134.976187131,36.86100535560399,158.93000090727583,36.84599505504593,2.8290014597587287,235.46600277768448,1,1
45,object,49135.000281763,36.869998439215124,100.46800161944702,31.565999961458147,2.8799986466765404,171.78399866679683,1,1
46,object,49135.025037389,83.70100113097578,208.08299450436607,84.81300028506666,5.882000550627708,382.4789964710362,1,1
47,object,49135.050826477,93.78699905937538,295.69400066975504,101.15599434357136,8.392002200707793,499.0289962734096,1,1
48,object,49135.073876497,34.51499651418999,112.95000149402767,38.57900446746498,3.1089948606677353,189.15299733635038,1,1
49,object,49135.101884167,115.80499995034188,283.4900005836971,131.49299775250256,9.196999599225819,539.9849978857674,1,1
50,object,49135.126717063,36.35200118878856,165.65499390708283,36.03799996199086,3.611006832215935,241.6560018900782,1,1
51,object,49135.152320154,67.96399975428358,168.63600467331707,56.937999033834785,5.050002073403448,298.5880055348389,1,1
52,object,49135.177403694,40.34500307170674,104.22299965284765,50.03900150768459,7.303002348635346,201.91000658087432,1,1
53,object,49135.201495824,73.55900015681982,140.67699521547183,48.59000182477757,3.2329990062862635,266.0589962033555,1,1
54,object,49135.22747879,170.01199739752337,308.16700018476695,74.43899812642485,5.056004738435149,557.6740004471503,1,1
55,object,49135.252917006,132.61099957162514,190.81099890172482,50.316004490014166,4.098998033441603,377.8370009968057,1,1
56,object,49135.276769473,68.19199916208163,220.8299993071705,44.99700298765674,4.134999471716583,338.15400092862546,1,1
57,object,49135.301907829,36.783996620215476,181.84199871029705,116.10700312303379,7.010996341705322,341.74399479525164,1,1
58,object,49135.32585337,74.1280018701218,130.92099834466353,36.64199903141707,3.4750046324916184,245.16600387869403,1,1
59,object,49135.348678516,38.338002923410386,109.0279984055087,32.010997529141605,2.095999661833048,181.47299851989374,1,1
60,object,49135.375688169,52.21400351729244,127.68499436788261,63.53200296871364,10.926996765192598,254.3579976190813,1,1
61,object,49135.400244096,85.85799514548853,136.75200170837343,43.92900154925883,4.29999636253342,270.8389947656542,1,1
62,object,49135.425485235,51.877002988476306,125.67499652504921,31.830000807531178,2.310000127181411,211.6920004482381,1,1
63,object,49135.449075307,51.087998144794255,171.17800598498434,57.71099677076563,3.7130012060515583,283.6900021065958,1,1
64,object,49135.471851746,76.36300142621621,157.23700198577717,46.76899698097259,3.7249992601573467,284.0939996531233,1,1
65,object,49135.495399768,68.89900396345183,163.76499843318015,38.03499566856772,2.892003976739943,273.59100204193965,1,1
66,object,49135.521998068,151.32700355025008,193.77400167286396,38.344995118677616,3.78400000045076,387.2300003422424,1,1
67,object,49135.544822035,44.21600169735029,112.89899703115225,39.64699862990528,2.8850045055150986,199.64700186392292,1,1
68,object,49135.56995437,34.40099681029096,100.21000343840569,30.78399458900094,2.443004632368684,167.83799947006628,1,1
69,object,49135.593144762,60.64499757485464,160.78499902505428,34.165997931268066,3.373999788891524,258.9699943200685,1,1
70,object,49135.616255642,38.501995732076466,98.3240024652332,30.97699664067477,2.3790053091943264,170.18200014717877,1,1
71,object,49135.644138941,82.47299410868436,246.6650039423257,107.04399755923077,6.941998435650021,443.12399404589087,1,1
72,object,49135.666213591,128.10900079784915,250.64499641302973,47.553003241773695,4.465000529307872,430.77200098196045,1,1
73,object,49135.690345766,31.36199666187167,92.18800551025197,29.440998332574964,2.4620021576993167,155.45300266239792,1,1
74,object,49135.714664946,42.11200575809926,148.34999456070364,113.36000170558691,7.691000064369291,311.5130020887591,1,1
75,object,49135.737834968,105.92799662845209,269.03000252787024,51.64000322110951,3.769993782043457,430.3679961594753,1,1
76,object,49135.762213689,65.57600136147812,174.51700114179403,58.566998632159084,4.5050037442706525,303.1650048797019,1,1
77,object,49135.788907071,113.39400225551799,214.28000036394224,40.33299774164334,3.932000254280865,371.93900061538443,1,1
78,object,49135.811743736,38.054000469855964,148.10699940426275,38.26500324066728,3.09300230583176,227.51900542061776,1,1
79,object,49135.836851496,50.602000555954874,135.20399807021022,36.25899989856407,4.203000571578741,226.2679990963079,1,1
80,object,49135.860435921,44.15099829202518,140.16400382388383,41.36099596507847,3.0459996196441352,228.72199770063162,1,1
81,object,49135.884825616,52.69900429993868,114.96599472593516,45.12500163400546,3.811001079156995,216.6010017390363,1,1
82,object,49135.910840824,104.66400271980092,249.62199677247554,38.03300205618143,3.3140022424049675,395.63300379086286,1,1
83,object,49135.934321447,44.64700032258406,107.49400098575279,34.673001209739596,2.9479997465386987,189.76200226461515,1,1
84,object,49135.959449448,106.39900574460626,280.38899472448975,107.4130050255917,7.368995284195989,501.5700007788837,1,1
85,object,49135.983594672,53.399002354126424,165.35299801034853,32.58500510128215,4.863999492954463,256.20100495871156,1,1
86,object,49136.006473541,150.78700380399823,316.5359958074987,139.54000314697623,7.843002094887197,614.7060048533604,1,1
87,object,49136.031547814,93.1470058276318,249.49300131993368,100.48299736808985,7.552000170107931,450.67500468576327,1,1
88,object,49136.055880197,47.567002184223384,175.33400387037545,36.299999919719994,5.961999704595655,265.1630056789145,1,1
89,object,49136.079944084,131.0540028498508,186.73900194698945,62.91299359872937,5.608002538792789,386.3140009343624,1,1
90,object,49136.1036494,84.40900273853913,125.10099622886628,36.559998989105225,4.279005224816501,250.34900318132713,1,1
91,object,49136.127378406,122.8969995281659,181.40599422622472,36.95800114655867,3.225002728868276,344.4859976298176,1,1
92,object,49136.150429917,85.48600453650579,151.95699961623177,58.953999541699886,3.7819991121068597,300.1790028065443,1,1
93,object,49136.177274581,112.01400047866628,162.39500109804794,50.53699715062976,4.036002792418003,328.982001519762,1,1
94,object,49136.200187644,65.24600030388683,174.0730003803037,54.79500396177173,3.76399839296937,297.87800303893164,1,1
95,object,49136.224832483,78.74199945945293,233.76099852612242,55.88700150838122,6.185000529512763,374.57500002346933,1,1
96,object,49136.249187953,52.066003263462335,200.47399448230863,59.268000768497586,4.65199991595,316.45999843021855,1,1
97,object,49136.272523282,141.2959973094985,195.8900029421784,62.90600140346214,4.622997948899865,404.7149996040389,1,1
98,object,49136.298173654,63.31699842121452,162.9190010135062,64.10999776562676,4.776004061568528,295.122001261916,1,1
99,object,49136.322461809,70.64199598971754,236.7670022067614,55.40099664358422,3.7179997889325023,366.52799462899566,1,1
100,object,49136.347749288,114.3200061051175,330.438997480087,77.13199738645926,6.084999768063426,527.9760007397272,1,1
101,object,49136.372262472,61.42399797681719,126.51099677896127,34.866003261413425,2.7810019673779607,225.58199998456985,1,1
102,object,49136.396023996,60.66499918233603,154.93300452362746,48.145993787329644,5.308000254444778,269.0519977477379,1,1
103,object,49136.420925286,53.983996622264385,169.9819986242801,38.65300095640123,5.152003723196685,267.7709999261424,1,1
104,object,49136.445975795,58.293000620324165,161.87699657166377,38.73000241583213,2.793000021483749,261.6929996293038,1,1
105,object,49136.46952535,33.317999623250216,97.88399620447308,31.68100374750793,2.3510001483373344,165.23399972356856,1,1
106,object,49136.494614751,56.72500265063718,123.03699622862041,32.77100040577352,3.311004547867924,215.84400383289903,1,1
107,object,49136.520144685,90.78900620806962,245.19699945813045,99.77899753721431,7.057002221699804,442.8220054251142,1,1
108,object,49136.544751361,93.53700443170965,296.03299481095746,116.50500528048724,9.33800038183108,515.4130049049854,1,1
109,object,49136.571446305,69.75900032557547,143.38400069391355,31.176998163573444,3.3309988793917,247.65099806245416,1,1
110,object,49136.595500661,84.39600060228258,160.47599638113752,38.887999835424125,3.4530021366663277,287.21299895551056,1,1
111,object,49136.619395299,49.984002544078976,114.10199658712372,33.5709992214106,3.163004294037819,200.82000264665112,1,1
112,object,49136.6444429,91.17300214711577,246.26099911984056,100.17600288847461,7.443995855282992,445.05400001071393,1,1
113,object,49136.668025954,71.38699584174901,213.36900681490079,121.28999514970928,8.374001481570303,414.4199992879294,1,1
114,object,49136.693747367,44.755004637409,159.6570000401698,38.09099871432409,5.782996595371515,248.2859999872744,1,1
115,object,49136.719061397,150.85400082170963,205.7089950540103,36.12100408645347,3.378998371772468,396.06299833394587,1,1
116,object,49136.743548565,77.15300307609141,242.3779951641336,102.0620038616471,7.078000635374337,428.67100273724645,1,1
117,object,49136.767507862,45.920001866761595,172.63699555769563,66.91300222883001,8.27899930300191,293.74899895628914,1,1
118,object,49136.792012035,50.83499854663387,153.57799566118047,39.373000618070364,5.259003955870867,249.04499878175557,1,1
119,object,49136.817201039,40.245002310257405,103.07600314263254,31.897994631435722,2.9220027499832213,178.1410028343089,1,1
120,object,49136.843260294,109.80299703078344,150.0850048614666,46.71299393521622,5.095003871247172,311.6959996987134,1,1
121,object,49136.866542936,49.98499935027212,140.10200538905337,37.80800034292042,4.7389985411427915,232.6340036233887,1,1
122,object,49136.892460132,92.27799455402419,162.9960024729371,60.762002249248326,4.470995918381959,320.5069951945916,1,1
123,object,49136.916540952,109.27000403171405,216.30300034303218,54.75899524753913,5.6249991757795215,385.9569987980649,1,1
124,object,49136.940846627,141.07699826126918,307.1920000365935,58.671997976489365,17.279002349823713,524.2199986241758,1,1
125,object,49136.966817848,110.62400153605267,417.14800318004563,56.206998124253005,6.410999048966914,590.3900018893182,1,1
126,object,49136.9903355,60.77699799789116,191.76600471837446,46.88099579652771,3.936002030968666,303.360000543762,1,1
127,object,49137.014496518,58.19700163556263,125.72199921123683,33.5000004270114,3.1039962777867913,220.52299755159765,1,1
128,object,49137.03864291,37.22599649336189,106.33299825713038,32.82900433987379,2.8039939934387803,179.19199308380485,1,1
129,object,49137.062887756,58.36100172018632,199.24299704143777,37.343001167755574,4.016997991129756,298.9639979205094,1,1
130,object,49137.08669507,61.644001107197255,140.70700126467273,32.22799568902701,3.077999281231314,237.6569973421283,1,1
131,object,49137.112815912,81.73300011549145,305.88500521844253,96.0789984674193,4.866000381298363,488.56300418265164,1,1
132,object,49137.136323774,45.5799963674508,115.4650017269887,35.91099812183529,4.081004590261728,201.03700080653653,1,1
133,object,49137.162458378,129.71900287084281,346.9660005066544,187.1559943538159,10.42300573317334,674.2640034644864,1,1
134,object,49137.18541761,42.28999750921503,102.5890014716424,31.66999522363767,3.0470037017948925,179.59599790629,1,1
135,object,49137.208619588,37.244004488456994,103.96599827799946,35.746001231018454,2.8759968699887395,179.83200086746365,1,1
136,object,49137.234885474,71.647998993285,225.00700288219377,60.029000451322645,7.638001989107579,364.322004315909,1,1
137,object,49137.25894717,111.37399997096509,328.1660028733313,65.35900320159271,8.897994121070951,513.7970001669601,1,1
138,object,49137.283783976,60.15699909767136,142.49299420043826,47.0790037070401,2.8419963200576603,252.57099332520738,1,1
139,object,49137.308553628,76.62900316063315,237.1419977862388,101.2880020425655,6.889997166581452,421.9490001560189,1,1
140,object,49137.331193666,40.28099647257477,104.76599709363654,34.14400271140039,2.8760041459463537,182.06700042355806,1,1
141,object,49137.357999789,100.38000618806109,225.59099306818098,70.05299994489178,5.02000330016017,401.044002501294,1,1
142,object,49137.381647948,108.61599730560556,220.27300292393193,58.89200110686943,4.440000338945538,392.22100167535245,1,1
143,object,49137.405478594,43.453001126181334,107.40799916675314,35.26399814290926,2.474000211805105,188.59899864764884,1,1
144,object,49137.429867784,33.283002267125994,108.52899868041277,37.409998185466975,2.8370050131343305,182.05900414614007,1,1
145,object,49137.453920397,127.05500557785854,267.77599850902334,99.74799468182027,7.563001418020576,502.1420001867227,1,1
146,object,49137.476961085,45.523003791458905,105.10999709367752,34.25899922149256,2.644999767653644,187.53699987428263,1,1
147,object,49137.504307705,83.82600208278745,169.9049971648492,39.19000300811604,4.0619997889734805,296.98300204472616,1,1
148,object,49137.527952828,39.186001231428236,144.26499546971172,33.738004276528955,4.1199964471161366,221.30899742478505,1,1
149,object,49137.55317585,102.86599717801437,175.89300114195794,47.85400233231485,8.793998858891428,335.4069995111786,1,1
150,object,49137.578609978,45.86300201481208,133.9009977527894,58.0830019316636,3.8759972085244954,241.7229989077896,1,1
151,object,49137.601731958,44.46900129551068,98.69100176729262,30.812996556051075,2.2989988792687654,176.27199849812314,1,1
152,object,49137.628423995,42.20000118948519,106.39900574460626,39.858998206909746,2.6849957066588104,191.14300084766,1,1
153,object,49137.655755807,43.91100083012134,116.75900168484077,46.0640003439039,5.365996912587434,212.09999977145344,1,1
154,object,49137.68401693,37.707999581471086,96.9560060184449,32.06599649274722,2.335000317543745,169.06500241020694,1,1
155,object,49137.7101678,50.287999329157174,107.46899351943284,33.7390010827221,3.067005309276283,194.5629992405884,1,1
156,object,49137.734880851,47.44400212075561,144.79799574473873,36.420999094843864,4.910005372948945,233.57300233328715,1,1
157,object,49137.761359348,65.58400491485372,122.87099525565282,42.50399797456339,3.8180005503818393,234.77699869545177,1,1
158,object,49137.787551555,175.30600598547608,555.4559975280426,137.04899902222678,6.7209984990768135,874.5320010348223,1,1
159,object,49137.81129009,105.52399908192456,252.09599698428065,44.39100302988663,4.380999598652124,406.39199869474396,1,1
160,object,49137.838570809,210.45700123067945,328.2170000602491,39.771999581716955,3.7049976526759565,582.1509985253215,1,1
161,object,49137.864127176,63.261002651415765,171.86199693242088,37.37299994099885,5.048001185059547,277.54400070989504,1,1
162,object,49137.889204976,112.80799662927166,223.3220002381131,51.28599877934903,5.346002581063658,392.76199822779745,1,1
163,object,49137.916503499,52.219002100173384,130.83199883112684,32.407995604444295,2.840002707671374,218.2989992434159,1,1
164,object,49137.940778493,36.416997318156064,106.59899999154732,32.11099829059094,2.844004484359175,177.9710000846535,1,1
165,object,49137.966181078,45.93799530994147,108.67800301639363,34.70000228844583,3.1149975256994367,192.43099814048037,1,1
166,object,49137.990952285,137.50800280831754,333.22200033580884,169.06100063351914,10.534997272770852,650.3260010504164,1,1
167,object,49138.016433032,40.75700417160988,115.56399840628728,35.25200008880347,3.711997123900801,195.28499979060143,1,1
168,object,49138.04106716,42.1110016759485,103.29900396754965,33.30699837533757,2.686996595002711,181.40400061383843,1,1
169,object,49138.065175493,44.9860017397441,114.39900117693469,35.88399704312906,2.8610011213459074,198.13000108115375,1,1
170,object,49138.090262943,39.758000639267266,112.68699745414779,42.09900362184271,3.0989976949058473,197.6429994101636,1,1
171,object,49138.113800385,41.33200127398595,102.9859995469451,31.944000511430204,2.5659974198788404,178.8279987522401,1,1
172,object,49138.138023744,37.97899989876896,101.28899884875864,32.28300192859024,2.373999450355768,173.9250001264736,1,1
173,object,49138.164990045,46.73100193031132,134.31099796434864,43.32199750933796,3.4810000215657055,227.84499742556363,1,1
174,object,49138.188764986,51.54799873707816,152.82800450222567,174.36599591746926,8.21600406197831,386.9580032187514,1,1
175,object,49138.21352057,45.02899537328631,112.55300341872498,35.47799860825762,3.13599593937397,196.19599333964288,1,1
176,object,49138.237606244,50.795999413821846,109.92199531756341,31.395000405609608,2.583001332823187,194.69599646981806,1,1
177,object,49138.260747772,41.465995309408754,100.9719999274239,30.669005354866385,2.649001544341445,175.75600213604048,1,1
178,object,49138.286847095,59.156998759135604,280.35800642101094,67.4699986120686,6.343994755297899,413.32899854751304,1,1
179,object,49138.310371649,65.51999831572175,176.21800361666828,36.106997868046165,5.708003300242126,283.5530031006783,1,1
180,object,49138.333990997,68.7669962644577,216.31900017382577,36.044002627022564,12.988995877094567,334.1189949424006,1,1
181,object,49138.359171668,45.06899858824909,161.93700139410794,59.819998568855226,3.9489968912675977,270.77499544247985,1,1
182,object,49138.383374328,84.71999899484217,159.26800551824272,61.32099952083081,4.670997441280633,309.98000147519633,1,1
183,object,49138.40715853,37.09700104082003,110.77900126110762,32.727999496273696,2.920001861639321,183.52400365984067,1,1
184,object,49138.433562675,58.490993978921324,228.0770058860071,107.99799929372966,6.014997779857367,400.58099693851545,1,1
185,object,49138.456631831,42.74399543646723,102.51300409436226,31.818999559618533,2.592998498585075,179.6689975890331,1,1
186,object,49138.480663146,39.96899613412097,133.43099999474362,33.62200368428603,3.5909979487769306,210.61299776192755,1,1
187,object,49138.505269096,42.72999649401754,104.52200513100252,38.29699562629685,3.298002411611378,188.84699966292828,1,1
188,object,49138.529318165,80.18300286494195,235.24500284111127,99.40000018104911,7.19599484000355,422.0240007271059,1,1
189,object,49138.555316208,177.82199574867263,367.41499934578314,137.38700363319367,33.446995075792074,716.0709938034415,1,1
190,object,49138.582428189,44.84599776333198,109.20900240307674,33.52799831191078,3.8340003811754286,191.41699885949492,1,1
191,object,49138.607020364,84.04500113101676,326.30900386720896,112.23799810977653,13.106997357681394,535.6990004656836,1,1
192,object,49138.631662697,138.40600149706006,262.50600058119744,101.88599844696,11.848998838104308,514.6469993633218,1,1
193,object,49138.655606841,45.384003897197545,118.39999933727086,35.63099744496867,2.8709982871077955,202.28599896654487,1,1
194,object,49138.678928596,48.29300451092422,123.84400179143995,33.70599733898416,2.7959977160207927,208.63900135736912,1,1
195,object,49138.704951781,73.54899571510032,183.65700088907033,40.04299989901483,3.9340011426247656,301.18299764581025,1,1
196,object,49138.728333371,47.64099867315963,147.43600331712514,50.99099507788196,3.1140007195062935,249.18199778767303,1,1
197,object,49138.754412474,43.045001802966,130.56699390290305,33.110001822933555,3.8200014387257397,210.54199896752834,1,1
198,object,49138.778618103,30.24999750778079,92.69700240110978,40.21999484393746,2.700006007216871,165.8670007600449,1,1
199,object,49138.80272395,86.25900227343664,275.41899908101186,107.34999523265287,7.581002137158066,476.60899872425944,1,1
200,object,49138.830927532,148.25499965809286,313.10300255427137,108.04699559230357,8.347000402864069,577.7519982075319,1,1
201,object,49138.853356547,29.28300091298297,94.3060003919527,33.53999636601657,2.1900050342082977,159.31900270516053,1,1
202,object,49138.878025152,44.46700040716678,106.51200136635453,33.98500120965764,2.610999217722565,187.5750022009015,1,1
203,object,49138.902279765,39.70099351136014,101.99400276178494,31.07500378973782,2.3699976736679673,175.13999773655087,1,1
204,object,49138.926535723,57.60199564974755,180.57900160783902,52.32999683357775,3.4370023058727384,293.94799639703706,1,1
205,object,49138.952470038,83.37200415553525,220.1209936174564,35.12700641294941,3.6860001273453236,342.3060043132864,1,1
206,object,49138.976392389,40.86400440428406,105.9869973687455,36.25400131568313,2.8130016289651394,185.91800471767783,1,1
207,object,49139.001036312,60.06399780744687,148.68700236547738,42.70999488653615,3.926004865206778,255.38699992466718,1,1
208,object,49139.025434485,99.40700692823157,230.3099972778,85.75299580115825,6.049005605746061,421.51900561293587,1,1
209,object,49139.049331518,110.46500003430992,152.5350016891025,53.67899575503543,3.2850002753548324,319.9639977538027,1,1
210,object,49139.072331938,37.0699999621138,99.34200352290645,32.73499896749854,2.9470029403455555,172.09400539286435,1,1
211,object,49139.099250042,46.07399750966579,106.05299758026376,32.21299994038418,2.6280031306669116,186.96799816098064,1,1
212,object,49139.122824122,82.054000813514,156.5389975439757,34.22699955990538,3.7179997889325023,276.5379977063276,1,1
213,object,49139.167891621,55.131997214630246,2.840002707671374,1.515996700618416,6.633999873884022,66.12199649680406,1,0
214,object,49139.21288668,45.6769994343631,1.9800063455477357,1.2879972928203642,5.6060016504488885,54.551004723180085,1,0
215,object,49139.257852434,45.77200161293149,1.9319995772093534,1.310996594838798,5.468005838338286,54.48300362331793,1,0
216,object,49139.266358639,43.79800520837307,101.98199743172154,31.682997359894216,2.310000127181411,179.77300012717023,1,1
217,object,49139.291513667,33.684002119116485,102.52799984300509,36.60599759314209,3.7230056477710605,176.54100520303473,1,1
218,object,49139.316081448,68.95999831613153,149.24700371921062,54.172996897250414,3.6670026020146906,276.04700153460726,1,1
219,object,49139.340150307,82.56200089817867,322.2209998057224,45.942004362586886,9.267998393625021,459.99300346011296,1,1
220,object,49139.368343051,65.36200089612976,164.56499724881724,37.170000723563135,3.80200071958825,270.8989995880984,1,1
221,object,49139.392387001,99.26700295181945,135.30399883165956,36.048004403710365,3.5189950722269714,274.13800125941634,1,1
222,object,49139.418067795,77.34200335107744,143.04999785963446,33.998003345914185,2.9859947971999645,257.37599935382605,1,1
223,object,49139.442180098,44.61000207811594,131.11199950799346,31.367999326903373,3.2059979275800288,210.2959988405928,1,1
224,object,49139.46615785,43.50899689598009,97.84300345927477,32.32000017305836,2.300999767612666,175.97300029592589,1,1
225,object,49139.493408738,163.3930005482398,372.21899401629344,90.74300032807514,6.799004040658474,633.1539989332668,1,1
226,object,49139.517315074,99.53600238077343,219.7359935962595,50.21900142310187,6.112000846769661,375.60299824690446,1,1
227,object,49139.557965933,71.58999505918473,3.550005203578621,2.692999260034412,9.12499672267586,86.95799624547362,1,0
228,object,49139.602908195,51.62500019650906,2.2900057956576347,1.7540005501359701,6.526999641209841,62.19600618351251,1,0
229,object,49139.6479025,109.67400157824159,4.4720000005327165,3.182998625561595,26.95299917832017,144.28199938265607,1,0
230,object,49139.686253766,43.4260000474751,120.45499897794798,34.346005122642964,3.3199976314790547,201.5470017795451,1,1
231,object,49139.710438258,55.55700045078993,106.49100295267999,32.77699579484761,3.7249992601573467,198.54999845847487,1,1
232,object,49139.734952975,110.07500143023208,247.5889996276237,102.62300202157348,6.556998414453119,466.8440014938824,1,1
233,object,49139.761766421,61.60400516819209,198.97699530702084,71.08400313882157,5.116999091114849,336.78200270514935,1,1
234,object,49139.785377535,34.60999869275838,97.00599912321195,31.158997444435954,2.167005732189864,164.94200099259615,1,1
235,object,49139.81032017,53.87199780670926,162.09300520131364,37.849000364076346,3.6909987102262676,257.5050020823255,1,1
236,object,49139.83407473,64.23200102290139,178.61399828689173,33.28299499116838,3.931003448087722,280.0599977490492,1,1
237,object,49139.858378518,37.806996260769665,104.97100447537377,36.72699676826596,2.615000994410366,182.11999849881977,1,1
238,object,49139.882276301,84.1109940665774,209.7489996231161,50.677001127041876,3.9090009522624314,348.4459957689978,1,1
239,object,49139.90928368,76.53200009372085,156.01100312778726,43.84099884191528,4.854002327192575,281.23800439061597,1,1
240,object,49139.933670053,41.616003727540374,106.54699872247875,37.72100171772763,2.9799994081258774,188.86400357587263,1,1
241,object,49139.958313264,49.07600668957457,121.04000052204356,48.40499605052173,4.435998562257737,222.9570018243976,1,1
242,object,49139.982971144,95.10800009593368,150.3229941590689,42.40300040692091,2.9170041671022773,290.7509988290258,1,1
243,object,49140.009925975,37.86000161198899,108.16199937835336,35.174001823179424,2.6990019250661135,183.8950047385879,1,1
244,object,49140.035726304,93.44200225314125,148.0470018577762,42.08999598631635,3.516004653647542,287.09500475088134,1,1
245,object,49140.059243675,43.86399814393371,104.65599916642532,32.02600055374205,3.0049995984882116,183.5509974625893,1,1
246,object,49140.084681023,33.8809986715205,94.18700210517272,31.085997761692852,2.6370034902356565,161.79100202862173,1,1
247,object,49140.108686708,93.2789989747107,158.7209990248084,36.80300142150372,3.3890028134919703,292.1920022345148,1,1
248,object,49140.132296394,30.397000955417752,99.47000216925517,30.593000701628625,2.20700167119503,162.66700549749658,1,1
249,object,49140.160037421,159.37900025164708,453.39599455473945,138.8240052619949,8.714996511116624,760.313996579498,1,1
250,object,49140.184671636,116.57299910439178,293.0229966295883,49.76399941369891,3.73900547856465,463.09900062624365,1,1
251,object,49140.211125017,48.58399915974587,109.1150043066591,35.106000723317266,3.2460011425428092,196.05100533226505,1,1
252,object,49140.236093311,62.43099778657779,151.29800158319995,54.62300032377243,3.935994755011052,272.2879944485612,1,1
253,object,49140.260927814,69.43399785086513,142.33199908630922,32.53899922128767,2.7900023269467056,247.09499848540872,1,1
254,object,49140.28617314,40.67000554641709,121.8999968841672,37.315003282856196,4.139998054597527,204.025003768038,1,1
255,object,49140.314460111,84.74599599139765,298.5719984280877,76.11800538143143,5.478999810293317,464.9149996112101,1,1
256,object,49140.339643949,34.81599560473114,94.71199882682413,31.62900247843936,2.553999365773052,163.71099627576768,1,1
257,object,49140.366611108,108.66099910344929,323.39999597752467,122.11000284878537,20.614003005903214,574.7850009356625,1,1
258,object,49140.390730925,62.769999203737825,185.6599992606789,64.48900239774957,3.1050003599375486,316.02400122210383,1,1
259,object,49140.415627017,76.03099948028103,174.93300401838496,66.92399620078504,4.590001481119543,322.4780011805706,1,1
260,object,49140.444473729,154.95199477300048,298.317005217541,162.30999608524144,7.499002094846219,623.0779981706291,1,1
261,object,49140.469647118,170.31699826475233,248.39799880282953,76.86400203965604,6.574999133590609,502.1539982408285,1,1
262,object,49140.496564719,92.97200449509546,175.57499813847244,34.90800008876249,3.5429984563961625,306.99800117872655,1,1
263,object,49140.520274593,43.83699706522748,113.5340062319301,33.082993468269706,2.448003215249628,192.90199998067692,1,1
264,object,49140.545888363,83.99400394409895,158.6419966770336,35.885001125279814,3.2370007829740644,281.75800252938643,1,1
265,object,49140.572989497,127.01100058620796,249.21200383687392,47.23099846160039,6.014997779857367,429.46900066453964,1,1
266,object,49140.596243112,37.80599945457652,113.12300193822011,38.02299761446193,2.5620029191486537,191.51400192640722,1,1
267,object,49140.624221602,69.07600618433207,212.09899568930268,63.883002439979464,3.8189973565749824,348.8770016701892,1,1
268,object,49140.646858202,78.46099470043555,178.95600467454642,32.528994779568166,3.231005393899977,293.1769995484501,1,1
269,object,49140.671241001,33.347998396493495,95.1550027821213,31.474999559577554,2.219996531493962,162.1979972696863,1,1
270,object,49140.6999458,25.62200097599998,104.62399950483814,30.72099934797734,2.2419990273192525,163.2089988561347,1,1
271,object,49140.726688085,43.55899727670476,103.11700316378847,31.440002203453332,2.615997800603509,180.73200044455007,1,1
272,object,49140.754452292,60.165999457240105,134.374997287523,41.82700649835169,3.465000190772116,239.83300343388692,1,1
273,object,49140.779039751,42.22299321554601,108.86900417972356,32.30800211895257,2.887994924094528,186.28799443831667,1,1
274,object,49140.803551199,59.01599797653034,166.4299998083152,66.11100252484903,5.333000444807112,296.89000075450167,1,1
275,object,49140.829867766,82.89800462080166,276.2079966487363,38.89400250045583,4.360997991170734,402.3610017611645,1,1
276,object,49140.854738714,72.16499943751842,219.5530032622628,40.319995605386794,4.026005626656115,336.0640039318241,1,1
277,object,49140.879764488,55.081000027712435,123.7479955307208,34.54700345173478,2.7989954105578363,216.17499442072585,1,1
278,object,49140.903977593,152.9020009911619,222.33599884202704,73.34499969147146,5.542002327274531,454.12500185193494,1,1
279,object,49140.928491421,108.9569996111095,295.52799969678745,130.69099804852158,10.597002983558923,545.7730003399774,1,1
280,object,49140.954639377,81.39199780998752,263.50100233685225,131.3070024480112,7.343995093833655,483.5439976886846,1,1
281,object,49140.978190847,57.78499325970188,276.10100369201973,59.59899863228202,3.5999983083456755,397.0849938923493,1,1
282,object,49141.002949871,65.18699956359342,163.10899809468538,63.541003328282386,5.440000677481294,297.2770016640425,1,1
283,object,49141.029500043,81.40000136336312,235.5129981879145,99.176999356132,7.113005267456174,423.2030041748658,1,1
284,object,49141.053115164,89.28299939725548,245.1799955451861,101.80100071011111,7.2270049713552,443.4910006239079,1,1
285,object,49141.077322962,36.89699951792136,106.75699741113931,31.490002584178,2.506996679585427,177.6509961928241,1,1
286,object,49141.103931795,46.78700497606769,194.57599410088733,61.13700510468334,5.47999661648646,307.9800007981248,1,1
287,object,49141.129054668,89.13000056054443,156.3869955134578,56.980003137141466,4.130000888835639,306.62700009997934,1,1
288,object,49141.154458714,115.47400208655745,352.63599420432,187.6860042102635,9.985997166950256,665.7819976680912,1,1
289,object,49141.177570994,70.92099986039102,149.34900536900386,55.87799387285486,4.104003892280161,280.2520029945299,1,1
290,object,49141.201136787,135.31999866245314,164.03100016759709,53.977004426997155,3.5619959817267954,356.8899992387742,1,1
291,object,49141.2281921,107.0059952326119,422.9780024616048,184.16399689158425,15.01700171502307,729.164996300824,1,1
292,object,49141.25232275,91.54799772659317,157.3490008013323,35.79800250008702,2.8619979275390506,287.55699895555153,1,1
293,object,49141.277538112,52.48199886409566,135.7139990432188,111.98900028830394,4.068999260198325,304.2539974558167,1,1
294,object,49141.302789706,153.12300092773512,188.80199786508456,40.61499930685386,4.164998244959861,386.7049963446334,1,1
295,object,49141.327535689,121.41800107201561,312.7739983028732,78.87600077083334,7.9839956015348434,521.051995747257,1,1
296,object,49141.372935488,48.17200533580035,2.1029991330578923,1.0730000212788582,5.670000973623246,57.018005463760346,1,0
297,object,49141.390517729,61.473001551348716,187.53999756881967,60.329002735670656,19.674000213854015,329.01600206969306,1,1
298,object,49141.406891554,37.484001950360835,107.56099800346419,34.018004953395575,2.4999972083605826,181.56300211558118,1,1
299,object,49141.432506086,55.9839972993359,184.96000120649114,36.62700328277424,4.055000317748636,281.6260021063499,1,1
300,object,49141.458352649,42.46799653628841,152.478001837153,34.58799619693309,3.8190046325325966,233.35299920290709,1,1
301,object,49141.482897603,60.524005675688386,252.767997153569,147.28699898114428,9.080999006982893,469.66000081738457,1,1
302,object,49141.509361748,45.88899901136756,125.15900016296655,36.77699714899063,3.5080011002719402,211.33299742359668,1,1
303,object,49141.533971045,57.42400389863178,121.65599764557555,31.809999200049788,3.2570023904554546,214.14700313471258,1,1
304,object,49141.56157235,41.83100099908188,111.2569952965714,32.957002986222506,2.291002601850778,188.33600188372657,1,1
305,object,49141.587349745,36.41399962361902,97.42200199980289,32.109994208440185,2.6550042093731463,168.60100004123524,1,1
306,object,49141.615483437,35.337994631845504,121.96500028949231,34.272001357749104,2.6370034902356565,194.21199976932257,1,1
307,object,49141.640380335,106.5520045813173,211.33799600647762,42.05200093565509,3.9950027712620795,363.9370042947121,1,1
308,object,49141.66492917,41.02399543626234,116.78100418066606,31.336996471509337,2.8940048650838435,192.03600095352158,1,1
309,object,49141.689610783,77.67399802105501,228.33699767943472,128.9389983867295,7.699003617744893,442.64899770496413,1,1
310,object,49141.715459605,61.450999055523425,240.6939966022037,47.66900383401662,3.755994839593768,353.5699943313375,1,1
311,object,49141.742628908,213.84099818533286,429.6850020182319,177.7379948180169,11.296004231553525,832.5599992531352,1,1
312,object,49141.766209538,36.97800275404006,99.93099956773221,32.735995773691684,2.859000233002007,172.50399832846597,1,1
313,object,49141.790465772,48.38200402446091,108.2579983631149,41.63199628237635,2.634005795698613,200.90600446565077,1,1
314,object,49141.814364514,42.4940008088015,102.22199489362538,33.02600089227781,2.7860005502589047,180.5279971449636,1,1
315,object,49141.839465081,80.58599632931873,234.95100322179496,123.04499978199601,7.556001946795732,446.13800127990544,1,1
316,object,49141.862430242,76.95199747104198,248.63700673449785,98.6949962680228,7.1640024543739855,431.4480029279366,1,1
317,object,49141.88755903,40.61499930685386,116.43899779301137,32.7400048263371,2.6339985197409987,192.42800044594333,1,1
318,object,49141.913394092,42.138002754654735,121.40199396526441,37.8460026695393,2.982000296469778,204.36799968592823,1,1
319,object,49141.937465894,44.84399687498808,109.8749999073334,36.22200165409595,2.649001544341445,193.58999998075888,1,1
320,object,49141.962714626,96.64599929237738,257.44699814822525,97.7099989540875,7.342998287640512,459.14599468233064,1,1
321,object,49141.986751716,55.111995607148856,165.18900520168245,49.94299524696544,6.12599978921935,276.3699958450161,1,1
322,object,49142.01053572,57.74699820904061,106.89000191632658,34.20699795242399,3.526998625602573,202.37099670339376,1,1
323,object,49142.039582656,77.12200022069737,210.9460037900135,52.26299981586635,4.497000190895051,344.82800401747227,1,1
324,object,49142.063646572,55.668999266345054,143.2900025974959,53.153999033384025,3.8519938243553042,255.9649947215803,1,1
325,object,49142.089171257,49.22100197291002,126.88699644058943,34.805998438969254,3.639004717115313,214.553001569584,1,1
326,object,49142.113183885,37.18199877766892,102.52100037178025,47.050001739989966,4.80699964100495,191.56000053044409,1,1
327,object,49142.140732232,79.06599785201252,269.5319999475032,125.95600128406659,7.650996849406511,482.2049959329888,1,1
328,object,49142.166299439,199.9950036406517,543.8959997263737,114.69899618532509,20.81300044665113,879.4029999990016,1,1
329,object,49142.191788789,119.28599997190759,381.8549957941286,59.499005146790296,7.495000318158418,568.1350012309849,1,1
330,object,49142.215197995,82.76599692180753,175.13800412416458,40.710001485422254,5.049994797445834,303.6639973288402,1,1
331,object,49142.23986729,107.3969979188405,252.18100199708715,75.41100058006123,6.674999895039946,441.6640003910288,1,1
332,object,49142.264030247,88.92500045476481,243.70599567191675,99.66800280380994,7.665999874006957,439.96499880449846,1,1
333,object,49142.290660628,106.03100236039609,195.27799304341897,37.832003727089614,14.871999155730009,354.0129982866347,1,1
334,object,49142.31484511,93.28799933427945,188.5980018414557,47.20399738289416,6.841000868007541,335.93099942663684,1,1
335,object,49142.340972809,128.8980056415312,300.69700005697086,105.314000393264,6.3539991970174015,541.2630052887835,1,1
336,object,49142.365188672,45.63699621940032,132.3530013905838,53.68299753172323,5.380003130994737,237.0529982727021,1,1
337,object,49142.389487995,48.693000280763954,130.96999464323744,33.06100552435964,2.688000677153468,215.4120011255145,1,1
338,object,49142.414914529,36.126999475527555,135.49400318879634,37.917001463938504,4.26199403591454,213.79999816417694,1,1
339,object,49142.438511358,31.117000617086887,96.07100219000131,34.46800110395998,2.335997123736888,163.99200103478506,1,1
340,object,49142.463413175,58.04600368719548,139.15499584982172,40.001003071665764,3.4859986044466496,240.6880012131296,1,1
341,object,49142.491552192,52.99100303091109,157.43500262033194,34.165997931268066,3.2719981390982866,247.86400172160938,1,1
342,object,49142.519800053,45.18299829214811,120.06000179098919,46.437999117188156,2.977998519781977,214.65899772010744,1,1
343,object,49142.55059472,118.83400293299928,366.34699790738523,180.95700215781108,10.153999028261751,676.2920020264573,1,1
344,object,49142.580410765,47.98100417247042,243.75099746976048,39.7850017179735,3.8810030673630536,335.39800642756745,1,1
345,object,49142.611169651,40.93200550414622,105.00099597265944,31.308001780416816,2.840999513864517,180.082002771087,1,1
346,object,49142.640842507,42.99600550439209,148.57099449727684,44.62200013222173,4.789006197825074,240.97800633171573,1,1
347,object,49142.669799935,60.79999729990959,138.62800551578403,63.045998103916645,5.71300188312307,268.18700280273333,1,1
348,object,49142.697742661,114.54999912530184,240.8259970252402,56.206998124253005,4.187000740785152,415.7699950155802,1,1
349,object,49142.723269226,99.30600208463147,285.2789984899573,74.79899795725942,5.399997462518513,464.7839959943667,1,1
350,object,49142.74884887,54.17700594989583,139.8009990225546,50.53699715062976,7.895003363955766,252.41000548703596,1,1
351,object,49142.774012023,56.81400216417387,103.26399933546782,32.92199835414067,2.574000973254442,195.5740008270368,1,1
352,object,49142.798326651,35.488003049977124,185.500000952743,105.39199865888804,5.816997145302594,332.19699980691075,1,1
353,object,49142.826261893,51.345996325835586,118.26799891423434,32.81899989815429,3.0619994504377246,205.49499458866194,1,1
354,object,49142.849945075,45.6810012110509,254.95699810562655,96.6769948718138,4.213005013298243,401.5279992017895,1,1
355,object,49142.87448331,38.58200216200203,111.57799599459395,33.202006306964904,2.5899935280904174,185.9519979916513,1,1
356,object,49142.899440254,151.758998981677,150.8570057922043,58.86999861104414,4.3359978008084,365.8220011857338,1,1
357,object,49142.923180072,66.838001657743,198.80099716829136,57.3029974475503,4.639005055651069,327.58100132923573,1,1
358,object,49142.948708934,60.68200309528038,201.99800201226026,83.14599836012349,4.841000190936029,350.66700365860015,1,1
359,object,49142.974317441,76.03999983984977,288.15499535994604,61.2740041106008,4.5819979277439415,430.05099723814055,1,1
360,object,49142.998064346,109.32800068985671,190.6649995362386,32.1830011671409,2.7759961085394025,334.9519975017756,1,1
361,object,49143.023107257,95.73200077284127,267.23699556896463,74.8169986763969,4.683002771344036,442.46899778954685,1,1
362,object,49143.046572976,91.27899829763919,166.68700118316337,61.52699643280357,4.916997568216175,324.4099934818223,1,1
363,object,49143.070320823,70.06300438661128,141.25199959380552,35.49100074451417,3.0059964046813548,249.81200112961233,1,1
364,object,49143.096467159,97.34000195749104,189.9010021588765,32.31399750802666,2.658998710103333,322.21400033449754,1,1
365,object,49143.120485795,45.027998567093164,115.5440040747635,34.34899554122239,3.9869992178864777,198.90799740096554,1,1
366,object,49143.146454414,45.376997150015086,112.39499872317538,36.27700061770156,2.8520007617771626,196.90099725266919,1,1
367,object,49143.171357174,61.15700671216473,123.60099935904145,37.8299955627881,3.13100463245064,225.71900626644492,1,1
368,object,49143.195116702,44.957996578887105,130.09900430915877,133.51300003705546,8.25699680717662,316.82699773227796,1,1
369,object,49143.22197313,62.2709994786419,259.8979990580119,137.40700524067506,12.18199759023264,471.7580013675615,1,1
370,object,49143.246205129,131.46299897925928,271.6950039030053,40.66900146426633,4.94599953526631,448.7730038817972,1,1
371,object,49143.271117673,43.4989997302182,112.08700016140938,35.523000406101346,2.8799986466765404,193.98899894440547,1,1
372,object,49143.29503316,49.3199986522086,95.3639973886311,31.325005693361163,2.149994543287903,178.15899627748877,1,1
373,object,49143.319521253,117.81200009863824,164.6630043978803,37.39100066013634,3.7049976526759565,323.5710028093308,1,1
374,object,49143.346637267,138.6279982398264,417.3050037934445,98.36499521043152,7.889000698924065,662.1869979426265,1,1
375,object,49143.371433541,65.70700497832149,226.01200180361047,68.75999679323286,7.306996849365532,367.78600042453036,1,1
376,object,49143.397110606,65.73700375156477,155.35699640167877,58.770005125552416,4.3289983295835555,284.1930036083795,1,1
377,object,49143.421415811,51.97300197323784,124.96300041675568,40.033999539446086,5.875001079402864,222.84500300884247,1,1
378,object,49143.4452256,30.56800051126629,85.78499546274543,30.906005122233182,2.2759995772503316,149.53500067349523,1,1
379,object,49143.470117992,92.63499669032171,276.19500178843737,146.90100215375423,10.732997907325625,526.4639985398389,1,1
380,object,49143.496132618,75.46200504293665,296.4999948744662,53.03200305206701,12.033997336402535,437.0280003058724,1,1
381,object,49143.519964544,34.06900214031339,111.07399768661708,31.39799810014665,2.9049988370388746,179.445996764116,1,1
382,object,49143.546579512,58.683996030595154,119.64800069108605,39.482001739088446,2.959000994451344,220.772999455221,1,1
383,object,49143.571220543,77.6879969635047,160.02500342437997,32.95699571026489,2.601002051960677,273.27099815011024,1,1
384,object,49143.595051408,93.59599789604545,242.21799685619771,101.32500028703362,7.64400465413928,444.78299969341606,1,1
385,object,49143.62108888,52.19200102146715,162.35300427069888,33.889999031089246,4.39200084656477,252.82700516982004,1,1
386,object,49143.644672008,43.83100167615339,105.7030021911487,37.111996789462864,3.6769997677765787,190.32300042454153,1,1
387,object,49143.669286922,37.56600199267268,112.52600234001875,36.886995076201856,2.967004547826946,189.94600395672023,1,1
388,object,49143.693516252,55.37199467653409,129.35300037497655,33.4270007442683,3.0139999580569565,221.1659957538359,1,1
389,object,49143.717331449,78.04400229360908,228.27099746791646,99.67900405172259,7.442999049089849,413.437002862338,1,1
390,object,49143.742079849,111.94599937880412,255.25299861328676,100.10800178861246,7.665999874006957,474.9729996547103,1,1
391,object,49143.767349059,51.625997002702206,112.2030007536523,31.698997190687805,2.75899947155267,198.286994418595,1,1
392,object,49143.79117341,85.16199886798859,141.13300130702555,32.44400431867689,2.373999450355768,261.1130039440468,1,1
393,object,49143.816594335,54.99899998540059,135.6959983240813,98.4719954431057,7.79900437919423,296.9659981317818,1,1
394,object,49143.841390937,169.22500071814284,272.5610029301606,106.0029971995391,7.481001375708729,555.2700022235513,1,1
395,object,49143.866869387,74.2129996069707,252.76700034737587,102.26300219073892,7.392001862172037,436.6350040072575,1,1
396,object,49143.892567328,90.3999971342273,189.09900245489553,40.967999666463584,4.254994564689696,324.7219938202761,1,1
397,object,49143.916426583,157.39500668132678,237.98799520591274,38.44000457320362,3.932000254280865,437.755006714724,1,1
398,object,49143.941621537,151.28200175240636,466.0419945139438,106.97900142986327,7.189999450929463,731.4929971471429,1,1
399,object,49143.965179137,42.792999010998756,105.48400314291939,33.199001336470246,2.873995981644839,184.34999947203323,1,1
400,object,49143.989506177,34.507997042965144,92.74900367017835,33.02800178062171,2.44499824475497,162.73000073852018,1,1
401,object,49144.016482241,128.30900232074782,261.23999850824475,37.34199708560482,4.904999514110386,431.7959974287078,1,1
402,object,49144.04112262,45.777000195812434,115.34099758137017,39.598999137524515,3.260000084992498,203.97699699969962,1,1
403,object,49144.067354847,46.55199882108718,121.36199802625924,35.08300142129883,2.6850029826164246,205.68200125126168,1,1
404,object,49144.091261681,42.011000914499164,109.85099652316421,38.96300040651113,2.535998646635562,193.36099649081007,1,1
405,object,49144.115534019,81.10699855023995,152.10000128718093,42.20599657855928,4.4150001485832036,279.82799656456336,1,1
406,object,49144.143760167,98.09100447455421,294.2770006484352,92.25699614034966,7.647002348676324,492.2720036120154,1,1
407,object,49144.167820251,110.28599692508578,294.03300140984356,48.78499748883769,3.745000867638737,456.8489966914058,1,1
408,object,49144.207896199,61.455000832211226,2.20700167119503,1.1660013115033507,7.584996637888253,72.41300045279786,1,0
409,object,49144.252901633,44.733998947776854,2.029002644121647,1.0879957699216902,5.5109994718804955,53.36199683370069,1,0
410,object,49144.297855525,41.56900104135275,2.6569978217594326,1.186999725177884,4.847999662160873,50.26099825045094,1,0
411,object,49144.342881511,46.397995902225375,1.8280043150298297,1.2230011634528637,5.803995009046048,55.25299638975412,1,0
412,object,49144.387818251,48.866997531149536,1.6710037016309798,1.7019992810674012,5.9300000430084765,58.170000556856394,1,0
413,object,49144.432845886,47.214998630806804,2.3229949874803424,1.3220051187090576,6.229995051398873,57.08999378839508,1,0
414,object,49144.477874121,51.71999509911984,2.215005224570632,1.6309932107105851,6.094000127632171,61.65999366203323,1,0
415,object,49144.523203757,97.9209944489412,4.9860027502290905,2.6839989004656672,13.069999113213271,118.66099521284923,1,0
416,object,49144.567923957,52.01900057727471,2.124994352925569,1.243002770934254,5.091998900752515,60.47899660188705,1,0
417,object,49144.61305802,85.64400195609778,4.3239997467026114,2.9799994081258774,11.102005373686552,104.05000648461282,1,0
418,object,49144.658107687,89.93899973575026,4.815003194380552,2.7049973141402006,12.08300091093406,109.54200115520507,1,0
419,object,49144.702846246,45.97000224748626,1.8559949239715934,1.2840027920901775,6.014000973664224,55.12400093721226,1,0
420,object,49144.748113519,108.99899643845856,4.724999598693103,2.772001607809216,12.281998351681978,128.77799599664286,1,0
421,object,49144.792868951,48.28599776374176,2.5710032787173986,1.3079989003017545,6.1730024754069746,58.33800241816789,1,0
422,object,49144.837959096,87.20999903744087,4.2620013118721545,2.007000148296356,7.729999197181314,101.20899969479069,1,0
423,object,49144.882830646,44.484004320111126,2.5839981390163302,1.0950025171041489,5.857000360265374,54.02000533649698,1,0
424,object,49144.927868817,53.730000217910856,2.1660016500391066,1.4089964679442346,6.057998689357191,63.36299702525139,1,0
425,object,49144.97298076,114.87300071166828,7.761998858768493,2.754000888671726,13.548000424634665,138.93700088374317,1,0
426,object,49145.017951096,56.43499753205106,2.897002559620887,1.5889963833615184,6.577000021934509,67.49799649696797,1,0
427,object,49145.06306861,90.58300202013925,3.854998794849962,2.0700026652775705,9.693998435977846,106.20200191624463,1,0
428,object,49145.107835411,54.504998843185604,2.5429981178604066,1.743006578180939,4.781999450642616,63.573002989869565,0,0
429,object,49145.153011686,3.096996806561947,13.107004633639008,3.668996214400977,3.1419986044056714,23.014996259007603,0,0
430,object,49145.197840334,1.3909957488067448,3.5460034268908203,1.1969968909397721,1.2259988579899073,7.3599949246272445,0,0
431,object,49145.242912144,1.7229976947419345,3.120003384537995,1.2939999578520656,0.738997186999768,6.875998224131763,0,0
432,object,49145.287877416,1.9750004867091775,5.601999873761088,1.5859986888244748,0.9890063665807247,10.152005415875465,0,0
433,object,49145.332830048,1.7269994714297354,3.0220035114325583,1.5339974197559059,0.7650014595128596,7.048001862131059,0,0
434,object,49145.377827526,1.5789992175996304,2.9520015232264996,1.076004991773516,0.7519993232563138,6.35900505585596,0,0
435,object,49145.4228172,1.287000486627221,3.3230026019737124,0.9829964255914092,0.9159994078800082,6.508998922072351,0,0
436,object,49145.468075875,2.821005182340741,7.994000043254346,3.0410010367631912,2.672000846359879,16.528007108718157,0,0
437,object,49145.512852574,1.781998435035348,2.977001713588834,1.10599648905918,0.8800052455626428,6.745001883246005,0,0
438,object,49145.557908695,1.8259961507283151,4.926005203742534,1.8039936549030244,1.287000486627221,9.842995496001095,0,0
439,object,49145.602843776,1.320993760600686,3.3890028134919703,1.1090014595538378,0.7830021786503494,6.6020002122968435,0,0
440,object,49145.647875429,1.3129974831826985,3.78400000045076,1.0750009096227586,1.033004082273692,7.205002475529909,0,0
441,object,49145.692847299,2.182001480832696,4.264002200216055,1.2360032997094095,0.9769937605597079,8.659000741317868,0,0
442,object,49145.737847515,1.5659970813430846,15.42999962111935,1.4179968275129795,0.9990035323426127,19.412997062318027,0,0
443,object,49145.782847321,1.1999945854768157,3.855006070807576,1.104999682866037,0.7849957910366356,6.944996130187064,0,0
444,object,49145.827933566,1.767999492585659,4.336005076766014,1.1739975889213383,0.8830029400996864,8.161005098372698,0,0
445,object,49145.872865654,1.8510036170482635,3.3659962355159223,1.0990042937919497,1.3710014172829688,7.687005563639104,0,0
446,object,49145.917858549,1.276996044907719,3.954002750106156,1.5609984984621406,0.7010021363385022,7.4929994298145175,0,0
447,object,49145.96311711,2.810003934428096,8.661001629661769,3.1009985832497478,2.611996023915708,17.18400017125532,0,0
448,object,49146.007813569,1.2590026017278433,3.6679994082078338,1.471998984925449,0.8490023901686072,7.248003385029733,0,0
449,object,49146.052815257,1.0920048225671053,3.0509982025250793,0.9770010365173221,0.7130001904442906,5.833004252053797,0,0
450,object,49146.097863924,1.252999936696142,3.744004061445594,1.3829994713887572,0.72900002123788,7.109003490768373,0,0
451,object,49146.143137988,4.449997504707426,15.206998796202242,5.335001333151013,3.1040035537444055,28.096001187805086,0,0
452,object,49146.187853267,1.9739964045584202,3.382003342267126,1.1609954526647925,0.7270064088515937,7.244001608341932,0,0
453,object,49146.232813473,1.229003828484565,3.741995897144079,1.0110015864484012,1.0669973562471569,7.048998668324202,0,0
454,object,49146.27803544,3.0669980333186686,8.317998435813934,2.706998202484101,1.4940014807507396,15.585996152367443,0,0
455,object,49146.322998908,53.256997489370406,5.303001671563834,1.6570047591812909,1.5389960026368499,61.75599992275238,0,0
456,object,49146.367883025,1.653999788686633,3.3270043786615133,1.0419971658848226,0.790998456068337,6.813999789301306,0,0
457,object,49146.412973905,1.7410056898370385,4.6819986891932786,1.5900004655122757,1.6659978427924216,9.679002687335014,0,0
458,object,49146.457824467,1.2660020729526877,3.2370007829740644,0.9740033419802785,1.2429954949766397,6.72000169288367,0,0
459,object,49146.502851016,2.0280058379285038,4.354995326139033,1.2930031516589224,1.1509982869029045,8.827002602629364,0,0
460,object,49146.5478914,1.3880053302273154,3.921995812561363,1.243002770934254,1.095999323297292,7.649003237020224,0,0
461,object,49146.59314682,3.282002580817789,8.210998203139752,2.624998160172254,2.102002326864749,16.220001270994544,0,0
462,object,49146.637853581,1.5850018826313317,3.264998667873442,1.0619987733662128,0.8040005923248827,6.7159999161958694,0,0
463,object,49146.683048812,2.0890001906082034,6.055997801013291,1.6920021153055131,1.6579942894168198,11.494994396343827,0,0
464,object,49146.727963182,2.387001586612314,5.5729979067109525,2.5270055630244315,1.6469930415041745,12.133998097851872,0,0
465,object,49146.77285999,1.3590033631771803,3.6749988794326782,1.0279982234351337,0.690997694619,6.752998160663992,0,0
466,object,49146.817959727,2.173001121263951,5.248999514151365,1.7319980543106794,1.5020050341263413,10.656003723852336,0,0
467,object,49146.863205047,5.071000487077981,7.0590031100437045,3.478999133221805,2.526001480873674,18.135004211217165,0,0
468,object,49146.907836957,1.3360040611587465,3.8059952203184366,1.1970041668973863,1.1949960025958717,7.533999450970441,0,0
469,object,49146.952838911,1.344000338576734,3.1189993023872375,1.2950040400028229,0.7099952199496329,6.467998900916427,0,0
470,object,49146.997868487,1.4239994925446808,3.287001163698733,1.1899974197149277,1.30099942907691,7.201997505035251,0,0
471,object,49147.043055605,3.1740055419504642,7.685994205530733,3.1990057323127985,2.269000106025487,16.328005585819483,0,0
472,object,49147.088105214,2.481996489223093,6.098998710513115,2.840002707671374,1.5229961718432605,12.943994079250842,0,0
473,object,49147.13286288,1.324006007052958,3.2940006349235773,1.2389937182888389,0.7780035957694054,6.6350039560347795,0,0
474,object,49147.177993006,1.4749966794624925,3.1420058803632855,1.0509975254535675,0.7179987733252347,6.38599885860458,0,0
475,object,49147.222847059,1.7350030248053372,3.9869992178864777,1.2090022210031748,0.9180002962239087,7.849004759918898,0,0
476,object,49147.267913311,1.81000359589234,3.440996806602925,1.1779993656091392,0.990999978967011,7.419999747071415,0,0
477,object,49147.312860164,1.2620002962648869,3.3840042306110263,1.019994670059532,0.6890040822327137,6.355003279168159,0,0
478,object,49147.357967568,2.253997081425041,3.569002728909254,1.2660020729526877,1.091997546609491,8.180999429896474,0,0
479,object,49147.402858956,1.3040043995715678,3.1460003810934722,1.0379953891970217,0.7680064300075173,6.256006599869579,0,0
480,object,49147.44782732,1.2590026017278433,3.164997906424105,1.038999471347779,1.0739968274720013,6.536996806971729,0,0
481,object,49147.49287548,1.6859994502738118,3.9760052459314466,1.3169992598704994,0.8749993867240846,7.854003342799842,0,0
482,object,49147.537859033,1.5289988368749619,3.188004484400153,1.4929973985999823,0.7880007615312934,6.998001481406391,0,0
483,object,49147.583022369,2.6179986889474094,5.860005330760032,1.5119949239306152,1.4020042726770043,11.39200321631506,0,0
484,object,49147.59007028,1.610002072993666,2.631000825203955,1.209999027196318,80.40799730224535,85.85899922763929,1,1
485,object,49147.617542919,92.21700020134449,257.85000616451725,83.9669955894351,12.645003153011203,446.67900510830805,1,1
486,object,49147.643085093,61.938000726513565,162.24499995587394,64.89799852715805,6.434005626942962,295.5150048364885,1,1
487,object,49147.668182238,46.04800051311031,285.3900004993193,198.10099911410362,11.064999853260815,540.603999979794,1,1
488,object,49147.692510208,47.077999624889344,117.42299830075353,40.70800059707835,3.492001269478351,208.70099979219958,1,1
489,object,49147.716910111,48.44700015382841,116.64100020425394,41.58900264883414,4.265995812602341,210.94299881951883,1,1
490,object,49147.743410104,66.09800038859248,126.61900109378621,34.149001294281334,3.478002327028662,230.3440051036887,1,1
491,object,49147.767691071,37.61499829124659,93.80600386066362,30.901996069587767,2.578002749942243,164.90100097144023,1,1
492,object,49147.793415704,35.279001167509705,111.00599658675492,31.567004043608904,2.7759961085394025,180.62799790641293,1,1
493,object,49147.818030913,43.87900116853416,113.18299948470667,31.807001505512744,2.9130023904144764,191.78200454916805,1,1
494,object,49147.842165526,80.21499525057152,227.42600413039327,101.99700045632198,7.222995918709785,416.86099575599656,1,1
495,object,49147.869224141,81.59099525073543,274.9859995674342,256.3980015111156,16.730002244003117,629.7049985732883,1,1
496,object,49147.893058809,58.573001297190785,132.54999794298783,41.19500226806849,4.378998710308224,236.69700021855533,1,1
497,object,49147.942881047,56.75500142388046,2.3219981812871993,1.2970049283467233,7.505994290113449,67.87999882362783,1,0
498,object,49147.988074124,53.353003750089556,2.1660016500391066,1.5409968909807503,7.558999641332775,64.61900193244219,1,0
499,object,49148.032891294,55.67699554376304,2.5620029191486537,1.253996742889285,6.991002010181546,66.48399721598253,1,0
500,object,49148.060278006,59.59899863228202,136.009999550879,34.260003303643316,3.3190008252859116,233.18800231209025,1,1
501,object,49148.085649571,48.69499389315024,136.39800454257056,32.719995942898095,3.1939998734742403,221.00699425209314,1,1
502,object,49148.109451028,35.44199716998264,96.41799988457933,31.060000765137374,2.473003405611962,165.3930012253113,1,1
503,object,49148.135756143,65.77499880222604,118.1820043711923,33.05899736005813,4.5339984353631735,221.54999896883965,1,1
504,object,49148.160926346,101.49500303668901,150.10499919299036,49.966001824941486,4.07799961976707,305.64400367438793,1,1
505,object,49148.18511701,34.90100061753765,98.04299770621583,31.59800689900294,2.1769956219941378,166.71900084475055,1,1
506,object,49148.211672262,48.97400503978133,126.6939943889156,43.11700467951596,3.9399965316988528,222.72500063991174,1,1
507,object,49148.235752294,57.229997764807194,129.61400352651253,32.46699634473771,2.7749993023462594,222.0859969384037,1,1
508,object,49148.260998777,104.91600551176816,240.05099839996547,100.4270015982911,7.792994438204914,453.18699994822964,1,1
509,object,49148.288621956,35.11599788907915,110.59499956900254,41.705003241077065,2.8270005714148283,190.2430012705736,1,1
510,object,49148.312656392,39.59199966629967,96.94699838291854,29.15000368375331,2.56399653153494,168.25299826450646,1,1
511,object,49148.338215502,43.83300256449729,113.63799421815202,32.65800478402525,3.506997018121183,193.63599858479574,1,1
512,object,49148.362369233,47.63699689647183,112.24300396861508,35.512995964381844,2.7810019673779607,198.17399879684672,1,1
513,object,49148.386889788,60.03800081089139,192.09899619454518,72.76899850694463,5.049005267210305,329.9550007795915,1,1
514,object,49148.413758802,58.05099499411881,145.07400192087516,62.284998421091586,5.141999281477183,270.55199461756274,1,1
515,object,49148.437634525,59.39900438534096,140.0099936290644,53.70600410969928,3.9570004446431994,257.07200256874785,1,1
516,object,49148.463293782,92.27899863617495,195.9510045708157,66.54099706793204,5.111003702040762,359.88200397696346,1,1
517,object,49148.487959087,89.67200119514018,127.24100088234991,37.768004403915256,3.611996362451464,258.2930028438568,1,1
518,object,49148.512379773,68.88100324431434,160.06499936338514,44.12000271258876,3.721994289662689,276.78799960995093,1,1
519,object,49148.538423924,72.28599861264229,152.50100113917142,38.11100032180548,4.601999535225332,267.4999996088445,1,1
520,object,49148.562451638,77.3840001784265,145.35100490320474,47.39399446407333,4.474000888876617,274.6030004345812,1,1
521,object,49148.602981844,78.02899926900864,4.280002031009644,2.4760011001490057,8.578994311392307,93.3639967115596,1,0
522,object,49148.647875536,42.46699973009527,1.8799983081407845,1.5789992175996304,4.952999006491154,50.87899626232684,1,0
523,object,49148.69286663,55.01499981619418,3.383000148460269,2.4519977159798145,12.379001418594271,73.22899909922853,1,0
524,object,49148.730609418,89.29099567467347,276.6270044958219,122.65500117791817,8.952993084676564,497.5259944330901,1,1
525,object,49148.754520696,33.732998417690396,93.9860037760809,30.641997000202537,2.6810012059286237,161.04200039990246,1,1
526,object,49148.778224307,42.734995076898485,150.13500524219126,44.814994907937944,3.496999852359295,241.18199507938698,1,1
527,object,49148.803835312,43.39199949754402,128.30900232074782,41.856001189444214,3.5630000638775527,217.1200030716136,1,1
528,object,49148.829053022,48.37500455323607,154.70600192202255,70.7910003256984,4.1719977161847055,278.04400451714173,1,1
529,object,49148.873130623,100.49400589196011,5.352994776330888,2.8140057111158967,12.669996067415923,121.33100244682282,1,0
530,object,49148.917882655,58.023004385177046,2.4339969968423247,1.6269987099803984,7.713999366387725,69.7979994583875,1,0
531,object,49148.962968961,84.24300176557153,2.8369977371767163,1.5460027498193085,6.875998224131763,95.50200047669932,1,0
532,object,49149.007865726,48.53699647355825,2.138003765139729,1.157997758127749,6.3019979279488325,58.13499592477456,1,0
533,object,49149.05285755,44.65899837668985,2.092005161102861,1.1279989848844707,5.820998921990395,53.70000144466758,1,0
534,object,49149.097855912,44.12200360093266,2.358996425755322,1.038002665154636,6.1539976741187274,53.67300036596134,1,0
535,object,49149.143150361,105.27799895498902,5.196998245082796,2.6550042093731463,13.136996130924672,126.26699754036963,1,0
536,object,49149.187860838,44.06699736136943,1.9030048861168325,1.3690005289390683,5.882000550627708,53.22100332705304,1,0
537,object,49149.23283759,62.16099427547306,2.8190042939968407,1.3210010365583003,8.20499553810805,74.50599514413625,1,0
538,object,49149.278105658,52.686998969875276,2.197004505433142,1.6470003174617887,6.900998414494097,63.432002207264304,1,0
539,object,49149.322907101,57.525998272467405,3.2470052246935666,1.6589983715675771,7.74300133343786,70.17500320216641,1,0
540,object,49149.367866086,63.15199425444007,2.6550042093731463,1.3760000001639128,7.053000445012003,74.23599890898913,1,0
541,object,49149.413102562,94.97300197836012,5.194000550545752,2.9459988581947982,13.218996173236519,116.33199756033719,1,0
542,object,49149.455917294,43.88899833429605,290.4210050473921,100.26599920820445,8.891001925803721,443.4670045156963,1,1
543,object,49149.481187096,40.87600245838985,102.23300341749564,31.178999051917344,2.6519992388784885,176.94000416668132,1,1
544,object,49149.506686807,44.043001253157854,132.6790006714873,0.8360002539120615,42.31699858792126,219.87500076647848,2,1
545,object,49149.53183077,79.07499821158126,206.78400323959067,51.695998990908265,5.155998223926872,342.7109986660071,2,1
546,object,49149.556251805,113.20100020384416,324.83399991178885,90.78600123757496,9.12299583433196,537.9439971875399,2,1
547,object,49149.579944537,68.53300146758556,190.2759977383539,31.893003324512392,4.675996024161577,295.37799855461344,2,1
548,object,49149.607485028,107.05699969548732,313.0140030407347,43.41200110502541,9.910996595863253,473.39400043711066,2,1
549,object,49149.631879773,80.50099859246984,210.72700474178419,40.89700087206438,4.814995918422937,336.94000012474135,2,1
550,object,49149.682882955,65.24800119223073,2.253997081425041,1.2450036592781544,7.344999175984412,76.09200110891834,2,0
551,object,49149.728086808,73.53700493695214,3.0139999580569565,1.6759950085543096,9.315001079812646,87.54200098337606,2,0
552,object,49149.772961169,100.69400013890117,4.342997272033244,2.369000867474824,11.203002941329032,118.60900121973827,2,0
553,object,49149.776285607,42.170002416241914,120.40299770887941,28.643000405281782,2.5030021788552403,193.71900270925835,2,1
554,object,49149.801705833,72.79100100276992,147.10799587192014,30.56599962292239,3.2570023904554546,253.7219988880679,2,1
555,object,49149.825540132,64.95200068457052,185.29599765315652,37.28500450961292,3.43199644703418,290.96499929437414,2,1
556,object,49149.849475812,49.63300307281315,152.97500067390501,47.756999265402555,4.217996320221573,254.5829993323423,2,1
557,object,49149.876289587,61.55799928819761,177.2679970599711,53.089002904016525,5.06699871039018,296.9819979625754,2,1
558,object,49149.900264201,60.598998970817775,171.87599587487057,34.12500518606976,4.135996277909726,270.7359963096678,2,1
559,object,49149.924924381,105.16100155655295,303.03699895739555,104.42500206409022,9.010997018776834,521.6339995968156,2,1
560,object,49149.950051795,166.6509997448884,597.687998379115,59.05700527364388,5.985995812807232,829.3819992104545,2,1
561,object,49149.973364391,68.65999603178352,194.03100304771215,56.14099791273475,4.052002623211592,322.883999615442,2,1
562,object,49150.000091706,94.92199751548469,219.76699645165354,55.77300180448219,7.896000170148909,378.35799594176933,2,1
563,object,49150.024536883,56.14700057776645,141.01499982643872,30.550996598321944,3.3800024539232254,231.09299945645034,2,1
564,object,49150.050091448,58.04999818792567,141.41800056677312,34.1970007866621,3.8389989640563726,237.50399850541726,2,1
565,object,49150.074748871,51.65699985809624,142.96400331659243,38.448997656814754,3.159002517350018,236.22900334885344,2,1
566,object,49150.098920032,51.748000259976834,130.5230034631677,31.215000490192324,3.9820006350055337,217.4680048483424,2,1
567,object,49150.126594637,112.55600111326203,373.9320018212311,109.04100054176524,10.666000889614224,606.1950043658726,2,1
568,object,49150.151150379,42.81599831301719,127.97999806934968,31.1030016746372,3.5289995139464736,205.42799757095054,2,1
569,object,49150.192879022,54.06499985838309,2.2930034901946783,1.2980017345398664,6.465998012572527,64.12200309569016,2,0
570,object,49150.237847147,50.167996960226446,1.8460050341673195,1.4459947124123573,5.639005394186825,59.09900210099295,2,0
571,object,49150.28296605,90.63800098374486,2.4379987735301256,1.9650033209472895,7.227994501590729,102.268997579813,2,0
572,object,49150.318900235,56.53200059896335,183.83299902779981,37.325000448618084,3.9590013329871,281.64900140836835,2,1
573,object,49150.344030088,99.03399768518284,299.63700217194855,91.12899715546519,8.007998985704035,497.8079959983006,2,1
574,object,49150.368841322,115.60400162125006,381.67499587871134,93.95600500283763,9.691997547633946,600.927000050433,2,1
575,object,49150.393122321,49.712994950823486,139.5740036969073,30.823000997770578,3.877998096868396,223.98799774236977,2,1
576,object,49150.420084374,41.60999378655106,114.56400534370914,28.14799518091604,3.278000804129988,187.59999511530623,2,1
577,object,49150.444939467,173.533997440245,434.42100286483765,131.72799663152546,12.31400528922677,751.9970022258349,2,1
578,object,49150.469617553,104.12100527901202,334.1979972901754,98.07100286707282,8.548995538149029,544.9390009744093,2,1
579,object,49150.493389568,52.00899613555521,153.3090035081841,34.17400148464367,7.937000191304833,247.4290013196878,1,1
580,object,49150.517120483,46.36300582205877,106.74399527488276,34.56500417087227,3.1329982448369265,190.80500351265073,1,1
581,object,49150.543647034,89.9540027603507,249.47899510152638,129.80000610696152,13.050994311925024,482.2839982807636,1,1
582,object,49150.569081073,91.20399772655219,229.83900271356106,43.747000745497644,5.279995093587786,370.0699962791987,1,1
583,object,49150.593288402,87.87299884716049,178.3519983291626,44.85300451051444,6.019996362738311,317.09799804957584,1,1
584,object,49150.617848727,48.725996748544276,152.64900139300153,39.915001252666116,3.2579991966485977,244.54799859086052,1,1
585,object,49150.641743995,51.24399467604235,119.63500583078712,34.634998883120716,3.0270020943135023,208.5410014842637,1,1
586,object,49150.668213607,63.51200136123225,138.31099931849167,39.19199662050232,5.353998858481646,246.3689961587079,1,1
587,object,49150.69228685,30.317001801449805,90.79099982045591,29.77200347231701,2.577995473984629,153.45800056820735,1,1
588,object,49150.733166954,130.17300079809502,8.463000995106995,4.1050006984733045,16.749996575526893,159.4909990672022,1,0
589,object,49150.778513877,77.49000360490754,2.531000063754618,1.353000698145479,6.450994987972081,87.82499935477972,1,0
590,object,49150.822862039,53.85500116972253,2.125001628883183,1.3039971236139536,6.265996489673853,63.54999641189352,1,0
591,object,49150.839325426,62.697996327187866,217.2130043618381,98.66899927146733,7.156995707191527,385.7369956676848,1,1
592,object,49150.86443538,185.5690061347559,240.31599605223164,104.84700032975525,7.9450037446804345,538.6770062614232,1,1
593,object,49150.887411828,39.18100264854729,104.43099745316431,48.70900011155754,3.8869984564371407,196.20799866970628,1,1
594,object,49150.911470609,40.46700632898137,111.86399933649227,33.12999615445733,2.7229980332776904,188.18399985320866,1,1
595,object,49150.93885007,41.94399662083015,146.22500020777807,57.20899935113266,4.197005182504654,249.57500136224553,1,1
596,object,49150.96423926,48.955000238493085,136.0120004392229,36.37799818534404,3.38700192514807,224.7320007882081,1,1
597,object,49150.990083175,79.26900434540585,145.18799434881657,43.58800651971251,4.951994924340397,272.9970001382753,1,1
598,object,49151.014940244,52.75999865261838,118.22100350400433,34.020995371975005,2.7560017770156264,207.75799930561334,1,1
599,object,49151.038607956,36.53400199254975,109.04199734795839,40.99700163351372,3.2040043151937425,189.7770052892156,1,1
600,object,49151.064830636,128.54299711761996,396.64000360062346,166.63199494360015,13.213000784162432,705.027996446006,1,1
601,object,49151.089059513,37.25800343090668,98.50700007518753,35.80799966584891,2.6510024326853454,174.22400560462847,1,1
602,object,49151.113363893,39.606005884706974,98.63900049822405,31.206996936816722,2.3039974621497095,171.75600078189746,1,1
603,object,49151.138765954,96.10800043446943,347.84500167006627,172.7170019876212,9.589995897840708,626.2599999899976,1,1
604,object,49151.162506195,54.921998525969684,142.04099716152996,55.937001889105886,3.872999513987452,256.772997090593,1,1
605,object,49151.187151303,47.02700243797153,137.07100151805207,59.48200123384595,3.993998689111322,247.57400387898088,1,1
606,object,49151.214188827,39.11400563083589,131.8849972449243,60.63099863240495,4.009001713711768,235.63900322187692,1,1
607,object,49151.237766178,56.438002502545714,138.66100198356435,63.40500112855807,5.812995368614793,264.3170009832829,1,1
608,object,49151.263144094,56.1989945708774,153.68700405815616,60.560996644198895,3.92099900636822,274.3679942796007,1,1
609,object,49151.287654181,64.43000165745616,157.9570016474463,56.3830035389401,4.249995981808752,283.0200028256513,1,1
610,object,49151.311452765,44.07300002640113,110.21499813068658,32.00100036337972,3.110995749011636,189.39999426947907,1,1
611,object,49151.339709808,89.08000017981976,261.0929950606078,99.31400563800707,11.222000466659665,460.7090013450943,1,1
612,object,49151.363396226,43.163003283552825,129.20199515065178,52.92100104270503,3.383000148460269,228.6689996253699,1,1
613,object,49151.388147046,51.8020024173893,124.89700020523742,44.51499989954755,3.8279977161437273,225.042000238318,1,1
614,object,49151.413802018,39.85599323641509,101.56300413655117,32.15499600628391,2.6859997888095677,176.25999316805974,1,1
615,object,49151.439358658,79.60000220919028,167.92800306575373,48.83899964625016,3.615998139139265,299.98300306033343,1,1
616,object,49151.466655182,120.03000301774591,343.83300226181746,73.98899469990283,7.90000194683671,545.7520019263029,1,1
617,object,49151.490810259,107.14500240283087,287.59199631167576,84.30500020040199,5.9060039347969,484.9480028497055,1,1
618,object,49151.515204092,81.16500248434022,231.01499391486868,64.89200313808396,6.668000423815101,383.73999996110797,1,1
619,object,49151.539883743,46.89900379162282,122.96599743422121,32.2519990731962,3.0700030038133264,205.18700330285355,1,1
620,object,49151.564414263,68.27900506323203,229.8949984833598,116.13999959081411,9.67200321611017,423.98600635351613,1,1
621,object,49151.588631714,41.475999751128256,109.14899758063257,37.450001400429755,2.767999831121415,190.842998563312,1,1
622,object,49151.616429254,43.230000301264226,112.07700299564749,33.782998798415065,2.802997187245637,191.89299928257242,1,1
623,object,49151.640530312,45.24399992078543,125.13000547187403,41.75899812253192,3.1189993023872375,215.2520028175786,1,1
624,object,49151.666296819,128.44800221500918,314.91499976255,108.40100003406405,9.459996363148093,561.2239983747713,1,1
625,object,49151.690074514,90.54399561136961,260.120999882929,102.06700244452804,7.319002179428935,460.0510001182556,1,1
626,object,49151.713617342,41.07799759367481,99.13599933497608,31.506999221164733,3.1470044632442296,174.86800061305985,1,1
627,object,49151.739728497,45.114997192285955,121.86500680400059,34.38499697949737,4.289002390578389,205.6540033663623,1,1
628,object,49151.7639074,44.991997128818184,129.182000819128,33.26599835418165,2.9790026019327343,210.41899890406057,1,1
629,object,49151.812852582,49.339003453496844,1.87299883691594,1.5129990060813725,5.426001735031605,58.15100303152576,1,0
630,object,49151.858089373,89.81299470178783,4.759000148624182,3.307002771180123,11.666998034343123,109.54599565593526,1,0
631,object,49151.902821405,47.76700370712206,1.8909995560534298,1.3210010365583003,5.46199589734897,56.44100019708276,1,0
632,object,49151.948138345,103.07800403097644,4.941997758578509,3.5000048228539526,12.892000086139888,124.4120066985488,1,0
633,object,49151.956778426,90.5050037545152,24.55299545545131,2.97200313070789,88.91299512470141,206.9429974653758,2,1
634,object,49151.981475309,67.18899385305122,106.14400525810197,31.812000088393688,3.4330005291849375,208.5779997287318,2,1
635,object,49152.009012339,48.82300709141418,105.59699876466766,30.93000123044476,3.663997631520033,189.01400471804664,2,1
636,object,49152.034301494,58.02499799756333,120.78900181222707,34.550001146271825,3.6130004446022213,216.97700140066445,2,1
637,object,49152.059583309,45.063003199175,100.887002190575,0.48199581215158105,28.499001928139478,174.93100313004106,3,1
638,object,49152.084864727,50.0899986946024,128.0189972021617,28.58800144167617,3.549001121427864,210.24599845986813,3,1
639,object,49152.109689742,56.021002819761634,126.66399561567232,28.062000637874007,3.954999556299299,214.70199862960726,3,1
640,object,49152.136226884,58.75599890714511,110.87299935752526,34.97400030028075,3.8950020098127425,208.49800057476386,3,1
641,object,49152.161141356,50.845999794546515,107.52299567684531,35.492004826664925,3.34899959852919,197.20999989658594,3,1
642,object,49152.187516761,114.50600140960887,235.34600040875375,31.841002055443823,5.633999535348266,387.3270034091547,3,1
643,object,49152.21285793,58.36200580233708,141.01999840931967,30.055001843720675,3.4759941627271473,232.91300021810457,3,1
644,object,49152.237463823,54.16199564933777,118.9379981951788,31.05700307060033,3.5560005926527083,207.71299750776961,3,1
645,object,49152.264485191,96.14499867893755,178.94100164994597,30.153998523019254,4.054003511555493,309.2940023634583,3,1
646,object,49152.289519774,70.29600237729028,136.9579986203462,32.199997804127634,3.815999662037939,243.26999846380204,3,1
647,object,49152.31469723,60.14699465595186,114.57000073278323,35.49300163285807,3.7040008464828134,213.91399786807597,3,1
648,object,49152.339812299,47.28900239570066,97.73999772733077,31.321003916673362,3.782995918300003,180.1329999580048,3,1
649,object,49152.364988949,155.03400209126994,266.85599732445553,38.14700176008046,4.802001058124006,464.83900223392993,3,1
650,object,49152.389998659,91.52400161838159,160.24800424929708,39.93399877799675,4.356996214482933,296.06300086015835,3,1
651,object,49152.417129421,148.45499390503392,228.63900085212663,45.71200406644493,6.647998816333711,429.4539976399392,3,1
652,object,49152.442228853,115.93500676099211,132.1889940300025,33.125004847534,4.37600101577118,285.6250066542998,3,1
653,object,49152.467808625,68.23600415373221,235.29399913968518,179.99600095208734,19.95299680856988,503.4790010540746,3,1
654,object,49152.492558485,67.1579982736148,155.8940057293512,35.190998460166156,5.116999091114849,263.360001554247,3,1
655,object,49152.517768054,74.7480007703416,125.22799806902185,47.154004278127104,4.875997547060251,252.0060006645508,3,1
656,object,49152.54788929,59.003999922424555,166.42700211377814,42.4899990321137,4.25300095230341,272.1740020206198,3,1
657,object,49152.572410166,63.269995735026896,112.1540044550784,31.980998755898327,6.656002369709313,214.06100131571293,2,1
658,object,49152.599430941,50.95199594506994,135.84400585386902,37.448997318279,3.3989999792538583,227.64399909647182,2,1
659,object,49152.62520635,46.061002649366856,106.61999840522185,36.177996662445366,3.4050026442855597,192.26400036131963,2,1
660,object,49152.651298093,143.20800255518407,365.4239990282804,42.12500061839819,6.203001248650253,556.9600034505129,2,1
661,object,49152.681446452,67.67000013496727,167.5140010775067,36.70000296551734,4.303998139221221,276.1880023172125,2,1
662,object,49152.707740214,56.607997976243496,116.15000403253362,32.94400084996596,14.518001989927143,220.22000484867021,2,1
663,object,49152.73435069,51.902999985031784,104.83000369276851,31.883995688986033,3.307999577373266,191.9249989441596,2,1
664,object,49152.759788326,95.97699681762606,264.2780018504709,101.1869971989654,8.444003469776362,469.8859993368387,2,1
665,object,49152.785651482,52.513001719489694,105.58699432294816,31.465002393815666,3.46999877365306,193.03499720990658,2,1
666,object,49152.81411119,82.99000182887539,621.8449998414144,72.75499956449494,11.340998753439635,788.9309999882244,2,1
667,object,49152.839884003,62.844002968631685,154.61300063179806,49.959999159909785,5.101996066514403,272.51899882685393,2,1
668,object,49152.866806831,107.17599798226729,275.9950002655387,101.6550013446249,8.871997124515474,493.69799671694636,2,1
669,object,49152.892092609,51.3359991600737,108.29500388354063,34.27900082897395,3.6489946069195867,197.55899847950786,2,1
670,object,49152.917557421,47.94899723492563,100.82899825647473,30.716000765096396,3.1939998734742403,182.687996129971,2,1
671,object,49152.945385372,60.90900569688529,113.52699948474765,33.51099439896643,4.240006092004478,212.18700567260385,2,1
672,object,49152.970201222,73.21700104512274,161.42299864441156,32.09200076526031,3.349996404722333,270.08199685951695,2,1
673,object,49152.996606634,50.66700396127999,102.40099800284952,30.61600000364706,3.021996235474944,186.7059982032515,2,1
674,object,49153.023009465,67.45999417034909,125.99100591614842,34.803997550625354,3.6769997677765787,231.93199740489945,2,1
675,object,49153.04903387,55.07700552698225,109.59299834212288,37.40200190804899,3.44999716617167,205.5220029433258,2,1
676,object,49153.076196906,58.42700193170458,135.83200052380562,50.14499765820801,4.780005838256329,249.18400595197454,2,1
677,object,49153.100990289,74.18399763992056,111.99599975952879,32.5030050589703,3.5129996831528842,222.19600214157254,2,1
678,object,49153.128355649,51.15300155011937,113.31099813105538,31.559000490233302,3.5909979487769306,199.613998120185,2,1
679,object,49153.153252386,50.233997171744704,103.10699872206897,32.691001251805574,14.746001397725195,200.77799854334444,2,1
680,object,49153.179188291,98.77500269794837,251.07499823207036,103.15400140825659,8.809001883491874,461.8130042217672,2,1
681,object,49153.206380292,48.65599476033822,110.51000183215365,36.61699884105474,3.701999958138913,199.48499539168552,2,1
682,object,49153.231853711,109.04700320679694,272.3709985730238,55.1289995200932,7.506001566071063,444.05300286598504,2,1
683,object,49153.258360699,302.2800010512583,470.981998660136,106.67099559213966,14.093006029725075,894.026001333259,2,1
684,object,49153.283538947,58.85800055693835,170.79700046451762,67.2149981255643,12.37499964190647,309.24499878892675,2,1
685,object,49153.308112893,58.949997765012085,112.74100688751787,46.808992919977754,3.8770012906752527,222.37699886318296,2,1
686,object,49153.334075955,84.72400077152997,162.36100054811686,61.68700201669708,4.531997547019273,313.3040008833632,2,1
687,object,49153.358706972,64.86899656010792,139.07199900131673,57.71600262960419,5.107998731546104,266.76499692257494,2,1
688,object,49153.384911616,71.01500523276627,151.6759948572144,51.99700535740703,4.45699697593227,279.14500242331997,2,1
689,object,49153.410191045,67.69800529582426,151.039996126201,34.31300137890503,3.0899973353371024,256.1410001362674,2,1
690,object,49153.434931183,58.77899820916355,144.2279972252436,51.669005188159645,4.258996341377497,258.9349969639443,2,1
691,object,49153.463024113,100.55799793917686,328.1290046288632,80.89799666777253,7.699003617744893,517.2840028535575,2,1
692,object,49153.487449426,51.92100070416927,110.81499542342499,32.67400461481884,3.0289957066997886,198.4389964491129,2,1
693,object,49153.513184535,115.32400094438344,304.89100026898086,145.78900299966335,12.112999684177339,578.117003897205,1,1
694,object,49153.539884236,109.19800115516409,365.04899617284536,174.0790030453354,10.44799864757806,658.7739990209229,1,1
695,object,49153.564036982,46.94199742516503,126.91300071310252,39.60399772040546,3.4570039133541286,216.91599977202713,1,1
696,object,49153.592317851,41.86700243735686,112.61700274189934,33.055999665521085,3.41199483955279,190.95199968433008,1,1
697,object,49153.618367736,44.65699748834595,116.79199815262109,36.16000321926549,3.8279977161437273,201.43699657637626,1,1
698,object,49153.644131053,56.04699981631711,148.29199790256098,58.18100180476904,4.401001206133515,266.92100072978064,1,1
699,object,49153.669443417,52.098002925049514,141.89099601935595,51.69200449017808,4.020999767817557,249.7020032024011,1,1
700,object,49153.69411963,35.859993658959866,97.870004537981,33.849995816126466,2.8810027288272977,170.46099674189463,1,1
701,object,49153.721483888,45.31599552137777,119.71300409641117,44.615000660996884,3.5150005714967847,213.1590008502826,1,1
702,object,49153.746585045,82.25999772548676,219.69799854559824,40.75700417160988,4.809997335541993,347.52499777823687,1,1
703,object,49153.772035739,63.53799835778773,15.942001482471824,1.9610015442594886,52.11999814491719,133.56099952943623,2,1
704,object,49153.797832055,50.29900057706982,107.83099423861131,48.02100011147559,3.897002898156643,210.04799782531336,2,1
705,object,49153.822137786,63.19399835774675,133.20099969860166,34.29399657761678,4.039000486955047,234.72799512092024,2,1
706,object,49153.848092245,330.03899443428963,355.4380018613301,171.7039995128289,13.789998774882406,870.970994583331,2,1
707,object,49153.874938375,54.71400072565302,125.30300591606647,36.68999852379784,4.1719977161847055,220.87900288170204,2,1
708,object,49153.900169611,94.09100312041119,137.90899538435042,35.959004890173674,5.747999239247292,273.7070026341826,2,1
709,object,49153.926605495,111.62499868078157,231.04499996406958,136.17900549434125,10.38999471347779,489.2389988526702,2,1
710,object,49153.951686563,100.53100413642824,247.78899387456477,121.83800572529435,9.407995094079524,479.5659988303669,2,1
711,object,49153.976941033,43.7420021626167,110.33200280508026,32.38600038457662,2.9669972718693316,189.42700262414292,2,1
712,object,49154.004038064,52.64900391921401,114.42599497968331,39.451006159652025,3.9139995351433754,210.44000459369272,2,1
713,object,49154.029506181,62.55599873838946,205.11899492703378,54.89300383487716,8.338996849488467,330.9069943497889,2,1
714,object,49154.05597956,99.97699817176908,186.38700566953048,87.50299457460642,7.255002856254578,381.12200127216056,2,1
715,object,49154.080849459,47.19999560620636,101.63900151383132,38.19999983534217,3.421999281272292,190.46099623665214,2,1
716,object,49154.105633057,63.31400072667748,123.70300100883469,34.78900180198252,3.19199898513034,224.99800252262503,2,1
717,object,49154.132976354,57.53100413130596,116.57299910439178,35.76999733923003,3.7819991121068597,213.65599968703464,2,1
718,object,49154.1586129,96.53400047682226,411.1239977646619,164.03799963882193,11.674004781525582,683.3700026618317,2,1
719,object,49154.185308764,149.21500405762345,345.16400046413764,113.35899762343615,10.075003956444561,617.8130061016418,2,1
720,object,49154.208738495,58.24799882248044,109.40599895548075,31.168005079962313,3.80200071958825,202.62400357751176,2,1
721,object,49154.233602323,100.58099724119529,170.3000016277656,36.08800034271553,6.1589962569996715,313.1279954686761,2,1
722,object,49154.260953167,99.08799984259531,209.3639996019192,53.69800055632368,6.977999873925,369.1279998747632,2,1
723,object,49154.286273769,64.90799569291994,128.11900523956865,37.12499892571941,4.743000317830592,234.8950001760386,2,1
724,object,49154.312592808,67.74200301151723,123.29000310273841,49.40799408359453,4.854999133385718,245.29499933123589,2,1
725,object,49154.338065095,40.31400021631271,96.68200073065236,30.643001082353294,2.6950001483783126,170.33400217769668,2,1
726,object,49154.36448262,98.20199920795858,252.13099434040487,98.66900654742494,8.207993232645094,457.2099933284335,2,1
727,object,49154.391031224,131.03300443617627,265.7129953149706,102.03900455962867,9.71899862634018,508.50400293711573,2,1
728,object,49154.41534387,47.825000365264714,117.28300160029903,38.56299736071378,3.7130012060515583,207.38400053232908,2,1
729,object,49154.440846085,51.74399848328903,127.12999887298793,44.244996388442814,4.151006578467786,227.27000032318756,2,1
730,object,49154.468635512,95.20100138615817,177.4359989212826,31.47000097669661,3.002001903951168,307.10900318808854,2,1
731,object,49154.492868414,83.14599836012349,153.83899881271645,47.41799784824252,4.649002221412957,289.0519972424954,2,1
732,object,49154.518528168,58.250996517017484,109.79000217048451,35.00699676806107,3.2610041671432555,206.30899962270632,2,1
733,object,49154.545134175,59.6329991822131,124.58200217224658,34.477998269721866,4.2100000428035855,222.90299966698512,2,1
734,object,49154.569580913,62.17900227056816,90.83499753614888,28.794005629606545,2.974993549287319,184.7829989856109,2,1
735,object,49154.595995281,84.55500210402533,146.4589950046502,61.17400334915146,5.256995791569352,297.44499624939635,2,1
736,object,49154.620450749,45.3810062026605,96.73299791757017,31.28699609078467,3.0709998100064695,176.4720000210218,2,1
737,object,49154.645879707,105.04099918762222,260.01399965025485,70.2640027157031,7.091999577824026,442.4110011314042,2,1
738,object,49154.674063709,48.02100011147559,103.63299952587113,32.79500378994271,3.2719981390982866,187.7210015663877,2,1
739,object,49154.699294167,60.633996326942,144.62300168816,36.82600072352216,7.306996849365532,249.3899955879897,1,1
740,object,49154.75285361,61.070000811014324,2.611996023915708,1.501000951975584,6.746005965396762,71.92900375230238,1,0
741,object,49154.797980576,146.55700215371326,3.6330020520836115,1.4600009308196604,11.473995982669294,163.12400111928582,1,0
742,object,49154.843026509,85.68000339437276,4.425994120538235,2.8659997042268515,11.314004950691015,104.28600216982886,1,0
743,object,49154.8878766,57.68800474470481,2.4670007405802608,1.8289938452653587,7.62400304665789,69.60800237720832,1,0
744,object,49154.932864105,55.78499985858798,2.4789987946860492,1.2370001059025526,6.56100019114092,66.0619989503175,1,0
745,object,49154.977958738,98.86399493552744,4.072004230692983,2.5889967218972743,10.231000487692654,115.75599637581035,1,0
746,object,49155.022848109,44.00799662107602,2.243999915663153,1.024003722704947,5.346999387256801,52.62299964670092,1,0
747,object,49155.067902486,47.95999848283827,2.491004124749452,1.815998984966427,7.946000550873578,60.21300214342773,1,0
748,object,49155.113876512,113.18500037305057,4.80699964100495,2.6269990485161543,35.15900607453659,155.77800513710827,1,0
749,object,49155.157889333,58.869001804850996,3.0009978218004107,2.6380002964287996,10.44599775923416,74.95399768231437,1,0
750,object,49155.202974331,81.83400495909154,3.260000084992498,1.606000296305865,10.400995961390436,97.10100130178034,1,0
751,object,49155.248044845,75.36700286436826,3.043998731300235,2.124994352925569,9.14000702323392,89.67600297182798,1,0
752,object,49155.292862022,56.37600406771526,2.454995410516858,1.7040001694113016,5.9869998949579895,66.5219995426014,1,0
753,object,49155.325917879,51.587994676083326,147.22700143465772,38.01500133704394,3.6799974623136222,240.5099949100986,1,1
754,object,49155.350502321,45.00299837673083,112.66500223428011,32.30599395465106,2.7670030249282718,192.74099759059027,1,1
755,object,49155.375864323,43.47299545770511,113.99700451875106,33.94899977138266,7.595997885800898,199.01499763363972,1,1
756,object,49155.400709194,43.60899765742943,130.34199946559966,32.87300205556676,2.296997990924865,209.1209971695207,1,1
757,object,49155.425630676,43.34199911681935,113.95500041544437,31.422001484315842,2.725995727814734,191.4449967443943,1,1
758,object,49155.452390055,89.88800254883245,339.0790006960742,102.8179976856336,8.64700268721208,540.4320036177523,1,1
759,object,49155.476402248,45.95799691742286,122.00199853396043,43.342006392776966,3.0819937819615006,214.38399562612176,1,1
760,object,49155.502082889,65.43700146721676,262.4769986141473,68.33000225014985,7.640002877451479,403.8840052089654,1,1
761,object,49155.527742345,87.30899571673945,275.1139982137829,103.66600326960906,8.02100112196058,474.109998322092,1,1
762,object,49155.551814033,100.22999776992947,258.52100225165486,101.38599463971332,7.795002602506429,467.9319972638041,1,1
763,object,49155.576759968,92.67400309909135,341.2770020077005,268.0649995454587,17.951999325305223,719.9680039775558,1,1
764,object,49155.60338956,54.34100603451952,145.50699415849522,38.45000173896551,4.342997272033244,242.6409992040135,1,1
765,object,49155.627635336,45.40800000540912,117.03199561452493,32.083000405691564,2.749002305790782,197.2719983314164,1,1
766,object,49155.653510672,36.73100582091138,106.93999502109364,40.57399928569794,3.0380033422261477,187.2830034699291,1,1
767,object,49155.677928096,116.84399942168966,303.7779970327392,123.80500265862793,9.657000191509724,554.0839993045665,1,1
768,object,49155.702309006,41.19299410376698,103.65100024500862,33.253003493882716,2.439002855680883,180.5360006983392,1,1
769,object,49155.730896532,53.905001550447196,126.81099906330928,34.97199941193685,3.1340023269876838,218.822002352681,1,1
770,object,49155.754892573,86.22899622423574,386.81099977111444,181.6180010791868,11.019001249223948,665.6769983237609,1,1
771,object,49155.780330382,132.15500075602904,326.87800558051094,59.15799556532875,6.0870006564073265,524.2780025582761,1,1
772,object,49155.804948153,34.220000088680536,103.8310001604259,30.832998163532466,2.7040005079470575,171.58799892058596,1,1
773,object,49155.829223775,46.24600114766508,124.31600043782964,60.6460016570054,3.8299986044876277,235.03800184698775,1,1
774,object,49155.85527019,42.71500074537471,104.23100320622325,31.25899820588529,3.2190000638365746,181.42400222131982,1,1
775,object,49155.880719514,40.56499892612919,100.78299965243787,32.09299757145345,2.396001946181059,175.83699809620157,1,1
776,object,49155.906027226,46.75799573305994,104.25200161989778,32.79300290159881,2.8659997042268515,186.6689999587834,1,1
777,object,49155.93110997,40.487000660505146,100.06099910242483,32.54599869251251,2.859000233002007,175.9529986884445,1,1
778,object,49155.955978379,44.01899786898866,115.20399857545272,43.82699989946559,3.440000000409782,206.48999634431675,1,1
779,object,49155.982077663,46.42699786927551,108.06300269905478,32.97499642940238,2.687003870960325,190.152000868693,1,1
780,object,49156.008387108,41.37200448894873,104.71799760125577,31.720999686513096,2.6339985197409987,180.4450002964586,1,1
781,object,49156.032993736,44.54600275494158,99.8619943857193,30.92200495302677,2.724998921621591,178.05500101530924,1,1
782,object,49156.059196062,52.12199903326109,193.32199735799804,61.0330025665462,6.6490028984844685,313.1260018562898,1,1
783,object,49156.083963974,99.97800225391984,152.15199528029189,40.83599924342707,3.7620047805830836,296.7280015582219,1,1
784,object,49156.11329357,111.9779990403913,207.8420002362691,46.26400186680257,4.080997314304113,370.16499845776707,1,1
785,object,49156.137891016,133.41700105229393,273.02800299366936,64.12999937310815,5.791000148747116,476.36600356781855,1,1
786,object,49156.17786591,54.84099528985098,2.977001713588834,1.2969976523891091,6.6350039560347795,65.7499986118637,1,0
787,object,49156.22287083,51.33299418957904,2.2510066628456116,1.57699832925573,6.83699909131974,61.99799827300012,1,0
788,object,49156.26826765,114.64300041552633,5.194000550545752,3.449000359978527,15.84499841555953,139.13099974161014,1,0
789,object,49156.312949203,116.1640029749833,5.431997124105692,3.1700037652626634,16.842001059558243,141.6080049239099,1,0
790,object,49156.358154237,91.70499833999202,4.560002707876265,2.97899532597512,11.545998859219253,110.78999523306265,1,0
791,object,49156.402907798,50.50899926573038,2.540000423323363,1.5690020518377423,6.52499875286594,61.14300049375743,1,0
792,object,49156.448084691,83.95899931201711,4.346999048721045,2.478001988492906,13.247998140286654,104.03199848951772,1,0
793,object,49156.493084825,91.44200157606974,4.529996658675373,2.810003934428096,12.603995855897665,111.38599802507088,1,0
794,object,49156.537850138,56.251003115903586,2.8799986466765404,1.4789984561502934,6.583002686966211,67.19300290569663,1,0
795,object,49156.582864316,60.441998357418925,2.425003913231194,1.276996044907719,6.813999789301306,70.95799810485914,1,0
796,object,49156.627892473,56.07899947790429,2.302003849763423,1.848995452746749,6.775000656489283,67.00499943690374,1,0
797,object,49156.672870941,54.78099774336442,2.0759980543516576,1.7710044630803168,6.333997589536011,64.96199785033241,1,0
798,object,49156.717888348,69.20700252521783,2.7059941203333437,1.7830025171861053,7.451002602465451,81.14700176520273,1,0
799,object,49156.762878335,45.46999844023958,2.1419982658699155,1.2029995559714735,5.851004971191287,54.666001233272254,1,0
800,object,49156.808031133,55.19499973161146,2.7140049496665597,1.3620010577142239,6.36799813946709,65.63900387845933,1,0
801,object,49156.852858464,48.28999954042956,2.0809966372326016,1.648004399612546,5.611997039522976,57.630997616797686,1,0
802,object,49156.897892783,48.60599437961355,2.343003870919347,1.1859956430271268,6.410002242773771,58.54499613633379,1,0
803,object,49156.942879922,49.72500028088689,1.968001015484333,1.920998329296708,6.532005500048399,60.14600512571633,1,0
804,object,49156.987870708,52.71400004858151,2.4080000002868474,1.2230011634528637,6.672999006696045,63.01800021901727,1,0
805,object,49157.032819152,48.28199598705396,2.3669999791309237,1.0830044629983604,5.953996151220053,57.6859965804033,1,0
806,object,49157.07788393,41.378007153980434,2.667999069672078,1.8469945644028485,3.7460049497894943,49.639005737844855,0,0
807,object,49157.122858838,1.310996594838798,3.497996658552438,1.0090006981045008,0.7880007615312934,6.60599471302703,0,0
808,object,49157.168125281,2.9149960028007627,7.736001862213016,2.558001142460853,2.1550004021264613,15.363999409601092,0,0
809,object,49157.21287031,1.8409991753287613,3.6279961932450533,1.272004737984389,1.014996087178588,7.755996193736792,0,0
810,object,49157.258047924,2.9470029403455555,7.039001502562314,2.52599420491606,2.5180052034556866,15.030003851279616,0,0
811,object,49157.303070232,12.577998859342188,15.161000192165375,3.4519980545155704,1.3259996194392443,32.51699672546238,0,0
812,object,49157.3479616,4.942005034536123,4.752000677399337,1.5389960026368499,1.0139992809854448,12.247000995557755,0,0
813,object,49157.392870545,1.977998181246221,3.601002390496433,1.248998160008341,0.9880022844299674,7.816001016180962,0,0
814,object,49157.437854141,1.4649995137006044,3.3510004868730903,1.0170042514801025,1.3190001482143998,7.152004400268197,0,0
815,object,49157.482815344,1.1749943951144814,3.236003976780921,1.0139992809854448,0.7900016498751938,6.214999302756041,0,0
816,object,49157.527981596,1.3789976947009563,3.7770005292259157,1.0299991117790341,1.0490039130672812,7.235001248773187,0,0
817,object,49157.573220548,2.007000148296356,5.7200013543479145,1.620996044948697,1.2630043784156442,10.611001926008612,0,0
818,object,49157.617852941,1.45800004247576,3.4959957702085376,1.1470037861727178,1.2640011846087873,7.365000783465803,0,0
819,object,49157.662849693,1.553002221044153,3.978995664510876,1.3570024748332798,1.4920005924068391,8.381000952795148,0,0
820,object,49157.70790656,2.297005266882479,6.652997399214655,2.2379972506314516,1.53400469571352,12.722004612442106,0,0
821,object,49157.752874419,1.4500037650577724,3.5279954317957163,1.0320000001229346,0.9089999366551638,6.918999133631587,0,0
822,object,49157.797855934,1.3930039131082594,3.6150013329461217,1.0949952411465347,1.3400058378465474,7.443006325047463,0,0
823,object,49157.84298765,2.811000740621239,4.861998604610562,2.5760018615983427,1.2079981388524175,11.456999345682561,0,0
824,object,49157.88786019,1.5890036593191326,3.7579957279376686,1.1689990060403943,1.1450028978288174,7.661001291126013,0,0
825,object,49157.933202679,3.1750023481436074,7.670998456887901,2.8939975891262293,2.272005076520145,16.012003470677882,0,0
826,object,49157.978128517,3.044995537493378,7.854003342799842,2.5369954528287053,2.3840038920752704,15.819998225197196,0,0
827,object,49158.022865861,1.3780008885078132,3.893997927661985,1.2669988791458309,1.3020035112276673,7.841001206543297,0,0
828,object,49158.067884265,1.934000465553254,3.578999894671142,1.1129959602840245,0.8450006134808064,7.470996933989227,0,0
829,object,49158.112987207,1.9910003175027668,5.961999704595655,1.5129990060813725,1.986998540814966,11.45299756899476,0,0
830,object,49158.15806501,2.9950024327263236,8.560993592254817,2.854001650121063,2.605003828648478,17.015001503750682,0,0
831,object,49158.202836369,1.2790042092092335,3.444001777097583,0.990999978967011,1.0039948392659426,6.71800080453977,0,0
832,object,49158.247941781,1.992993929889053,6.195004971232265,2.025997673626989,1.1509982869029045,11.364994861651212,0,0
833,object,49158.292838414,1.5179975889623165,3.640001523308456,0.9949944796971977,1.33900175569579,7.49199534766376,0,0
834,object,49158.337889749,2.1320011001080275,3.821005520876497,1.158994564320892,0.9380019037052989,8.050003089010715,0,0
835,object,49158.383011156,2.1800005924887955,7.858994649723172,2.177999704144895,1.6160047380253673,13.83299968438223,0,0
836,object,49158.4281241,3.1189993023872375,7.469003321602941,2.8180002118460834,2.3850006982684135,15.791003534104675,0,0
837,object,49158.472870215,1.3859971659258008,4.289002390578389,1.1379961506463587,1.2329983292147517,8.0459940363653,0,0
838,object,49158.51803572,4.941000952385366,12.418997357599437,3.6100027500651777,3.1710005714558065,24.141001631505787,0,0
839,object,49158.563244536,2.26799602387473,4.820001777261496,1.49600236909464,1.3719982234761119,9.955998393706977,0,0
840,object,49158.60819572,3.134999133180827,10.124997061211616,2.53900361713022,2.5949993869289756,18.393999198451638,0,0
841,object,49158.652948282,2.4520049919374287,5.802998202852905,2.091001078952104,1.3280005077831447,11.674004781525582,0,0
842,object,49158.697812265,1.682994479779154,2.9900038498453796,1.2609962141141295,0.8050046744756401,6.738999218214303,0,0
843,object,49158.74309526,3.3530013752169907,7.000999175943434,2.6600027922540903,2.282002242282033,15.296005585696548,0,0
844,object,49158.787912196,1.9740036805160344,5.042995326220989,1.5289988368749619,1.6750054783187807,10.221003321930766,0,0
845,object,49158.832851914,1.2610034900717437,3.4559998312033713,1.0110015864484012,0.862994056660682,6.590998964384198,0,0
846,object,49158.877868886,1.2890013749711215,3.3320029615424573,1.0209987522102892,1.3410026440396905,6.983005732763559,0,0
847,object,49158.922852609,1.3800017768517137,3.425993782002479,1.3190001482143998,0.7980052032507956,6.923000910319388,0,0
848,object,49158.967838582,1.881999196484685,2.968998160213232,1.052998413797468,0.824002199806273,6.727997970301658,0,0
849,object,49159.012854204,1.3840035535395145,3.7810023059137166,1.2419986887834966,1.3780008885078132,7.785005436744541,0,0
850,object,49159.057981513,2.1510059013962746,4.525994881987572,1.229003828484565,1.267995685338974,9.174000297207385,0,0
851,object,49159.103055079,6.862996087875217,8.70100484462455,4.093999450560659,3.3959950087592006,23.053995391819626,0,0
852,object,49159.148040676,3.044995537493378,7.312999514397234,2.5460030883550644,2.710999979171902,15.614998119417578,0,0
853,object,49159.192954487,1.3660028344020247,3.8660000427626073,1.1640004231594503,1.7290003597736359,8.125003660097718,0,0
854,object,49159.238103817,2.3500033421441913,7.062997610773891,2.421002136543393,1.824999344535172,13.659002433996648,0,0
855,object,49159.28309909,2.8180002118460834,7.294001989066601,2.4460023269057274,2.0939987734891474,14.652003301307559,0,0
856,object,49159.327915156,1.6330013750120997,4.499001079238951,1.6889971448108554,1.6690028132870793,9.490002412348986,0,0
857,object,49159.373085417,3.011002263519913,7.643997378181666,2.8840004233643413,2.426000719424337,15.965000784490258,0,0
858,object,49159.417895918,1.9660001271404326,4.198001988697797,1.234002411365509,1.6419944586232305,9.03999898582697,0,0
859,object,49159.462932083,1.7979982658289373,4.821005859412253,3.4149998100474477,1.4399993233382702,11.474003258626908,0,0
860,object,49159.507887517,1.596003130543977,3.9399965316988528,1.1540032573975623,1.3709941413253546,8.060997060965747,0,0
861,object,49159.552864294,1.5120021998882294,2.9180009732954204,1.2689997674897313,0.8260030881501734,6.5250060288235545,0,0
862,object,49159.598144311,2.5949993869289756,5.697002052329481,2.7990026865154505,1.0769945220090449,12.167998647782952,0,0
863,object,49159.642832388,1.3079989003017545,3.2140014809556305,0.9539944585412741,0.7330017979256809,6.20899663772434,0,0
864,object,49159.687900911,1.9970029825344682,3.6389974411576986,1.3320022844709456,1.1119991540908813,8.080001862253994,0,0
865,object,49159.732824437,1.3239987310953438,3.2860043575055897,1.0459989425726235,0.8619972504675388,6.517999281641096,0,0
866,object,49159.778090942,2.649998350534588,7.670998456887901,2.97200313070789,2.7609930839389563,16.053993022069335,0,0
867,object,49159.822911752,2.2469976102001965,4.955996701028198,1.720000000204891,1.1400043149478734,10.062998626381159,0,0
868,object,49159.868298372,3.5480043152347207,9.41699545364827,3.7030040402896702,3.2249954529106617,19.892999262083322,0,0
869,object,49159.91284457,1.2080054148100317,3.178996848873794,1.0509975254535675,0.762003764975816,6.200003554113209,0,0
870,object,49159.958027118,1.7560014384798706,5.469999450724572,1.5409968909807503,1.4379984349943697,10.204996215179563,0,0
871,object,49160.002849941,2.3710017558187246,7.941998774185777,1.5830009942874312,2.2329986677505076,14.12900019204244,0,0
872,object,49160.047869812,1.815998984966427,3.2650059438310564,1.1169977369718254,1.0049989214166999,7.203001587186009,0,0
873,object,49160.092859485,1.3400058378465474,3.5819975892081857,1.0639996617101133,0.8709976100362837,6.85700069880113,0,0
874,object,49160.137856127,1.5839978004805744,3.836998075712472,1.6070043784566224,0.8269998943433166,7.8550001489929855,0,0
875,object,49160.182852954,1.4359975466504693,3.683999239001423,1.1350057320669293,1.1239972081966698,7.378999725915492,0,0
876,object,49160.227928016,2.592001692391932,7.759001164231449,2.768996637314558,2.7229980332776904,15.84299752721563,0,0
877,object,49160.272868433,1.5460027498193085,5.609996151179075,2.829998265951872,2.049004251603037,12.035001418553293,0,0
878,object,49160.317808403,1.5260011423379183,3.315995854791254,1.239000994246453,0.8319984772242606,6.912996468599886,0,0
879,object,49160.363018704,2.8799986466765404,6.812995707150549,3.059998562093824,2.324006345588714,15.076999261509627,0,0
880,object,49160.407805082,2.697001036722213,3.945999196730554,1.410997356288135,5.977999535389245,14.031997125130147,0,0
881,object,49160.453105309,3.27499583363533,8.00300040282309,3.187997208442539,2.259002940263599,16.72499638516456,0,0
882,object,49160.498124622,1.8790015019476414,6.811002094764262,2.1410014596767724,1.7629936337471008,12.593998690135777,0,0
883,object,49160.542897085,1.5510013327002525,3.9959995774552226,2.730004780460149,1.252999936696142,9.530005627311766,0,0
884,object,49160.587880323,2.3570028133690357,4.816000000573695,1.2989985407330096,0.9770010365173221,9.449002391193062,0,0
885,object,49160.632879542,1.9490034901537001,3.2909956644289196,1.571999746374786,1.024003722704947,7.836002623662353,0,0
886,object,49160.677862568,2.3699976736679673,3.6799974623136222,1.1990050552412868,0.8189963409677148,8.067996532190591,0,0
887,object,49160.722916658,2.0239967852830887,4.519002686720341,1.1689990060403943,1.1680021998472512,8.880000677891076,0,0
888,object,49160.768109683,3.2290045055560768,7.696995453443378,3.036002453882247,2.4080000002868474,16.37000241316855,0,0
889,object,49160.812909715,2.415996277704835,6.075999408494681,2.730004780460149,1.9549988792277873,13.176999345887452,0,0
890,object,49160.858086491,3.4709955798462033,7.414004357997328,11.399999493733048,2.5479967007413507,24.83299613231793,0,0
891,object,49160.903017326,2.4039982235990465,5.197995051275939,1.8450009520165622,1.438005710951984,10.884999937843531,0,0
892,object,49160.947956428,1.5020050341263413,4.263994924258441,1.1170050129294395,1.3850003597326577,8.26800533104688,0,0
893,object,49160.992934745,2.344997483305633,7.155998900998384,2.635002601891756,2.1029991330578923,14.238998119253665,0,0
894,object,49161.037861439,1.348002115264535,3.649001882877201,1.6169942682608962,0.8490023901686072,7.463000656571239,0,0
895,object,49161.082854315,1.4520046534016728,3.5859993658959866,1.1379961506463587,1.2239979696460068,7.399998139590025,0,0
896,object,49161.12807773,2.89799936581403,5.31600380782038,3.0989976949058473,1.5309997252188623,12.84400059375912,0,0
897,object,49161.173197232,6.6440043156035244,11.646996426861733,4.72800456918776,3.0949959182180464,26.114001229871064,0,0
898,object,49161.217816062,1.6089979908429086,2.888002200052142,1.3889948604628444,0.9700015652924776,6.855996616650373,0,0
899,object,49161.263024014,2.721004420891404,7.451999408658594,2.844994014594704,2.120003046002239,15.138000890146941,0,0
900,object,49161.307907469,1.7860002117231488,2.9769944376312196,1.3980024959892035,0.8610004442743957,7.021997589617968,0,0
901,object,49161.353095218,2.9049988370388746,7.786002242937684,2.8290014597587287,2.2289968910627067,15.748999430797994,0,0
902,object,49161.397893713,1.6759950085543096,3.8670041249133646,1.2119999155402184,1.0279982234351337,7.782997272443026,0,0
903,object,49161.443177365,3.287997969891876,9.884999599307775,3.115004801657051,2.8909998945891857,19.179002265445888,0,0
904,object,49161.487858606,1.3169992598704994,3.660003130789846,1.100997906178236,1.26299710245803,7.3409973992966115,0,0
905,object,49161.532838251,1.749001967255026,3.6199999158270657,1.14399881567806,1.2450036592781544,7.758004358038306,0,0
906,object,49161.57819089,3.221997758373618,9.393996151629835,3.549001121427864,2.8790018404833972,19.043996871914715,0,0
907,object,49161.6228881,2.0880033844150603,4.09600033890456,1.200998667627573,1.2829987099394202,8.668001100886613,0,0
908,object,49161.668134189,2.925000444520265,6.907001079525799,2.597000275272876,2.3889951989986002,14.81799699831754,0,0
909,object,49161.712940171,1.8330028979107738,5.080000846646726,1.5620025806128979,1.1269949027337134,9.602001227904111,0,0
910,object,49161.757843717,1.3019962352700531,3.2660027500241995,1.0889998520724475,1.0139992809854448,6.670998118352145,0,0
911,object,49161.803106197,3.478999133221805,11.207994248252362,4.221001290716231,3.5330012906342745,22.440995962824672,0,0
912,object,49161.847914725,5.094007065054029,13.073993613943458,4.685003659687936,3.5760022001340985,26.42900653881952,0,0
913,object,49161.892919472,1.510001311544329,4.455003363545984,1.7589991330169141,1.0000003385357559,8.724004146642983,0,0
914,object,49161.937872918,1.824999344535172,3.9349979488179088,1.4260003808885813,0.957996235229075,8.143993909470737,0,0
915,object,49161.982819673,1.4350007404573262,3.730994649231434,1.0790026863105595,0.9420036803930998,7.187001756392419,0,0
916,object,49162.027895176,1.7980055417865515,3.545996150933206,1.2270029401406646,1.047999830916524,7.619004463776946,0,0
917,object,49162.072899195,1.624997821636498,4.371002432890236,1.8009959603659809,0.9630020940676332,8.759998308960348,0,0
918,object,49162.117932764,2.97200313070789,4.76899731438607,1.681997673586011,0.9350042091682553,10.358002327848226,0,0
919,object,49162.162870408,1.3809985830448568,3.831999492831528,1.5980040188878775,1.0169969755224884,7.827999070286751,0,0
920,object,49162.207845869,1.624997821636498,3.1050003599375486,1.4460019883699715,0.7729977369308472,6.948997906874865,0,0
921,object,49162.253138772,2.9579969123005867,7.833004929125309,2.644999767653644,1.7569982446730137,15.192999853752553,0,0
922,object,49162.297973361,2.2750027710571885,5.4530028137378395,2.0949955796822906,1.3950048014521599,11.218005965929478,0,0
923,object,49162.343054677,2.8429931262508035,6.674003088846803,2.6190027710981667,2.5099943741224706,14.645993360318244,0,0
924,object,49162.387975285,2.8460053727030754,4.524998075794429,1.2969976523891091,0.9069990483112633,9.575000149197876,0,0
925,object,49162.433219875,2.0740044419653714,4.408000677358359,1.219996192958206,1.2829987099394202,8.985000022221357,0,0
926,object,49162.478165878,2.6800043997354805,7.006994565017521,2.3510001483373344,1.8140053725801408,13.852004485670477,0,0
927,object,49162.522931655,1.8149949028156698,3.9750011637806892,1.6370031516999006,1.119995431508869,8.546994649805129,0,0
928,object,49162.567894835,1.9660001271404326,4.200999683234841,1.3519966159947217,1.2469972716644406,8.765993698034436,0,0
929,object,49162.612853661,1.9290018826723099,4.102003003936261,1.091997546609491,1.000997144728899,8.123999577946961,0,0
930,object,49162.657889556,1.8470018403604627,3.6099954741075635,1.2610034900717437,1.0169969755224884,7.734997780062258,0,0
931,object,49162.702916124,1.2410018825903535,3.7080026231706142,1.7849961295723915,1.0040021152235568,7.738002750556916,0,0
932,object,49162.748043752,3.392000508029014,6.627997208852321,2.8190042939968407,2.5240005925297737,15.36300260340795,0,0
933,object,49162.792870797,1.653999788686633,4.326000635046512,1.8569990061223507,0.8640054147690535,8.70100484462455,0,0
934,object,49162.837852735,1.505002728663385,3.611996362451464,1.305001205764711,0.9880022844299674,7.410002581309527,0,0
935,object,49162.88282778,1.6230042092502117,3.754998033400625,1.4129982446320355,0.8839997462928295,7.675000233575702,0,0
936,object,49162.927843206,1.9450017134658992,3.987996024079621,1.086002157535404,0.9559953468851745,7.9749952419660985,0,0
937,object,49162.972894032,1.6250050975941122,3.421999281272292,1.0209987522102892,0.9099967428483069,6.977999873925,0,0
938,object,49163.017826454,1.7040001694113016,3.1379968277178705,1.04300124803558,0.7940034265629947,6.679001671727747,0,0
939,object,49163.062940464,1.6570047591812909,4.326997441239655,1.3789976947009563,1.0830044629983604,8.446004358120263,0,0
940,object,49163.107862134,1.3030003174208105,3.4090044209733605,1.0219955584034324,1.1270021786913276,6.861002475488931,0,0
941,object,49163.153087363,3.0099981813691556,7.846996595617384,2.9740040190517902,2.3559987312182784,16.186997527256608,0,0
942,object,49163.197895222,1.8310020095668733,3.477995051071048,1.2279997463338077,1.1020019883289933,7.638998795300722,0,0
943,object,49163.243104053,2.6749985408969223,7.381000614259392,2.8510039555840194,2.3379980120807886,15.245001122821122,0,0
944,object,49163.287852733,1.4079996617510915,3.5329940146766603,1.3509998098015785,0.9150026016868651,7.206996087916195,0,0
945,object,49163.332955595,1.9370054360479116,4.000998160336167,1.5740006347186863,0.934000127017498,8.446004358120263,0,0
946,object,49163.377871296,2.0229999790899456,3.1370000215247273,1.3060052879154682,0.8789938874542713,7.344999175984412,0,0
947,object,49163.422850607,1.3730023056268692,3.3959950087592006,1.2000018614344299,1.2809978215955198,7.249996997416019,0,0
948,object,49163.467976886,1.8310020095668733,6.36599725112319,1.7799975466914475,1.9310027710162103,11.907999578397721,0,0
949,object,49163.512905764,1.7229976947419345,3.6659985198639333,1.1630036169663072,1.3890021364204586,7.941001967992634,0,0
950,object,49163.558103362,3.2660027500241995,7.374997949227691,3.3180040190927684,2.1939995349384844,16.153004253283143,0,0
951,object,49163.602860748,1.595006324350834,3.3010001061484218,1.4569959603250027,0.8220013114623725,7.175003702286631,0,0
952,object,49163.648123951,2.515997039154172,7.356997230090201,2.963002771139145,2.1980013116262853,15.033998352009803,0,0
953,object,49163.693223341,3.272005415055901,6.745998689439148,4.511995939537883,1.844004145823419,16.37400418985635,0,0
954,object,49163.738158945,2.854998456314206,6.638001650571823,1.7700003809295595,2.064000000245869,13.327000488061458,0,0
955,object,49163.782857175,1.5300029190257192,4.203997377771884,1.4559991541318595,0.7380003808066249,7.927999831736088,0,0
956,object,49163.827873614,1.7310012481175363,4.096997145097703,1.3740063877776265,0.8809947757981718,8.082999556791037,0,0
957,object,49163.872842104,1.3850003597326577,3.269000444561243,1.086998963728547,0.8880015229806304,6.629001291003078,0,0
958,object,49163.917845862,1.3620010577142239,3.260000084992498,1.3829994713887572,0.8479983080178499,6.852998922113329,0,0
959,object,49163.963082467,3.0369992600753903,7.347996870521456,3.0950031941756606,2.1090017980895936,15.5890011228621,0,0
960,object,49164.007867532,1.8980063032358885,4.031993739772588,1.1600059224292636,1.0619987733662128,8.152004738803953,0,0
961,object,49164.0530293,2.8280046535655856,7.080001523718238,2.529995981603861,1.972999598365277,14.411001757252961,0,0
962,object,49164.097956169,2.1330051822587848,3.8180005503818393,1.2550008250400424,1.0909934644587338,8.2970000221394,0,0
963,object,49164.142862292,1.667001924943179,3.535998985171318,1.0320000001229346,0.7999988156370819,7.034999725874513,0,0
964,object,49164.187843132,1.8639984773471951,3.835004463326186,1.047999830916524,0.7649941835552454,7.51199695514515,0,0
965,object,49164.233319194,3.706998541019857,8.439004886895418,3.315995854791254,2.7090063667856157,18.171005649492145,0,0
966,object,49164.277900964,1.982996764127165,6.453003152273595,1.6449994291178882,1.968001015484333,12.049000361002982,0,0
967,object,49164.322854467,1.4809993444941938,3.62699938705191,1.1610027286224067,0.9509967640042305,7.219998224172741,0,0
968,object,49164.368052422,3.0469964258372784,7.524002285208553,2.654996933415532,2.1619998733513057,15.38799551781267,0,0
969,object,49164.41286043,1.3600001693703234,3.9279984775930643,1.619999238755554,1.2680029612965882,8.17600084701553,0,0
970,object,49164.458101797,3.072003892157227,7.1879985625855625,2.793000021483749,2.6229972718283534,15.675999748054892,0,0
971,object,49164.502882593,1.5210025594569743,3.4420008887536824,1.2279997463338077,1.3409953680820763,7.531998562626541,0,0
972,object,49164.548055777,2.582004526630044,8.240000170189887,2.678993041627109,2.020002284552902,15.521000022999942,0,0
973,object,49164.592872551,1.7839993233792484,3.340996045153588,1.1030060704797506,0.8809947757981718,7.108996214810759,0,0
974,object,49164.638052389,3.0690061976201832,7.053997251205146,2.7600035537034273,2.61999957729131,15.503006579820067,0,0
975,object,49164.683132222,4.875000740867108,13.982993550598621,2.782006049528718,1.9269937183707952,23.566994059365243,0,0
976,object,49164.727900258,1.7429993022233248,3.672997991088778,1.6129997675307095,0.9869982022792101,8.015995263122022,0,0
977,object,49164.772873057,2.3129978217184544,3.7299978430382907,1.1070005712099373,0.9310024324804544,8.080998668447137,0,0
978,object,49164.817920326,1.4990000636316836,3.754001227207482,1.524997060187161,0.8810020517557859,7.659000402782112,0,0
979,object,49164.863127054,3.3199976314790547,7.895003363955766,2.7569985832087696,2.12400482269004,16.09600440133363,0,0
980,object,49164.90813899,3.1039962777867913,6.674003088846803,1.3929966371506453,2.3510001483373344,13.521996152121574,0,0
981,object,49164.952875279,1.749001967255026,3.1949966796673834,1.296000846195966,0.9450013749301434,7.185000868048519,0,0
982,object,49164.997961048,2.9959992389194667,7.6060023275204,2.3370012058876455,2.153996319975704,15.092999092303216,0,0
983,object,49165.042938775,1.9500002963468432,4.209003236610442,1.3850003597326577,1.4030010788701475,8.94700497156009,0,0
984,object,49165.087836497,1.4130055205896497,3.231994924135506,1.010004780255258,0.7630005711689591,6.418005796149373,0,0
985,object,49165.133191878,9.695999324321747,11.200005246791989,4.0719969547353685,2.820997906383127,27.78899943223223,0,0
986,object,49165.177862719,1.4039978850632906,3.1220042728818953,1.0949952411465347,1.2060045264661312,6.827001925557852,0,0
987,object,49165.222869589,1.5600016922689974,4.260000423528254,1.2119999155402184,1.525993866380304,8.557995897717774,0,0
988,object,49165.268079471,3.1339950510300696,9.089999366551638,2.806998963933438,2.988002961501479,18.018996343016624,0,0
989,object,49165.312832186,1.6330013750120997,2.986998879350722,1.3969984138384461,0.8999995770864189,6.916998245287687,0,0
990,object,49165.357862042,1.3359967852011323,3.260000084992498,1.010004780255258,0.7969938451424241,6.402995495591313,0,0
991,object,49165.403134172,3.449000359978527,10.777002898976207,4.002999048680067,2.6600027922540903,20.88900509988889,0,0
992,object,49165.448032085,3.1700037652626634,9.030001820065081,3.6339988582767546,2.3760003386996686,18.210004782304168,0,0
993,object,49165.493078449,2.792003215290606,7.47399462852627,2.287000825162977,2.2750027710571885,14.828001440037042,0,0
994,object,49165.53806421,3.5569973988458514,9.841001883614808,3.102002665400505,2.5030021788552403,19.003004126716405,0,0
995,object,49165.582883769,1.5559999155811965,3.6670026020146906,1.3669996405951679,1.0169969755224884,7.606999133713543,0,0
996,object,49165.627923284,2.2389940568245947,3.634006134234369,1.2659947969950736,0.9850045898929238,8.123999577946961,0,0
997,object,49165.67314938,3.358996764291078,8.244001946877688,3.4709955798462033,2.354005118831992,17.42799940984696,0,0
998,object,49165.717940867,1.8450009520165622,4.597997758537531,1.634005457162857,1.877000613603741,9.954004781320691,0,0
999,object,49165.763110422,2.744003722909838,7.755996193736792,3.11100302496925,2.4139953893609345,16.024998330976814,0,0
1000,object,49165.807867101,1.3739991118200123,3.84000304620713,1.243999577127397,1.3079989003017545,7.766000635456294,0,0
1001,object,49165.852812104,1.2649979908019304,3.282002580817789,1.1800002539530396,1.2449963833205402,6.971997208893299,0,0
1002,object,49165.898089319,3.1009985832497478,6.875998224131763,2.5749977794475853,2.2560052457265556,14.807999832555652,0,0
1003,object,49165.942878409,1.648004399612546,3.820998244918883,1.2370001059025526,1.763000909704715,8.469003660138696,0,0
1004,object,49165.987851436,1.3169992598704994,3.2909956644289196,1.0530056897550821,0.8610004442743957,6.522001058328897,0,0
1005,object,49166.032810615,1.8020000425167382,2.941000275313854,1.1700030881911516,0.872001692187041,6.785005098208785,0,0
1006,object,49166.077837771,1.3089957064948976,3.884000761900097,1.438005710951984,1.0029980330727994,7.634000212419778,0,0
1007,object,49166.122858369,1.729997165966779,4.679997800849378,1.6310004866681993,1.1450028978288174,9.185998351313174,0,0
1008,object,49166.167949021,2.2379972506314516,5.346002581063658,1.4359975466504693,1.781998435035348,10.801995813380927,0,0
1009,object,49166.212873318,1.2829987099394202,3.869005013257265,1.219996192958206,0.7760027074255049,7.148002623580396,0,0
1010,object,49166.258119411,1.7019992810674012,4.0000013541430235,1.3269964256323874,1.5030018403194845,8.531998901162297,0,0
1011,object,49166.303078228,4.630004696082324,9.688999853096902,3.406996256671846,1.69100530911237,19.417006114963442,0,0
1012,object,49166.347940342,1.6460035112686455,5.128997145220637,1.4670004020445049,1.1000010999850929,9.34200215851888,0,0
1013,object,49166.392956555,1.6659978427924216,5.603003955911845,1.7470010789111257,1.1189986253157258,10.135001502931118,0,0
1014,object,49166.438061138,2.802000381052494,7.529000868089497,3.278000804129988,2.4000037228688598,16.00900577614084,0,0
1015,object,49166.483120373,3.2460011425428092,7.905000529717654,2.72099714493379,2.369000867474824,16.240999684669077,0,0
1016,object,49166.527912568,1.5759942471049726,4.289002390578389,1.6519989003427327,1.0030053090304136,8.520000847056508,0,0
1017,object,49166.573246449,3.4519980545155704,10.547999409027398,3.3960022847168148,3.225002728868276,20.62100247712806,0,0
1018,object,49166.618077829,2.802000381052494,12.429998605512083,4.998000804334879,2.7190035325475037,22.94900332344696,0,0
1019,object,49166.66295014,1.9029976101592183,3.7420031731016934,1.1719967005774379,0.9740033419802785,7.791000825818628,0,0
1020,object,49166.707875157,1.3969984138384461,3.9430015021935105,1.3280005077831447,1.086002157535404,7.754002581350505,0,0
1021,object,49166.752819041,1.4739998732693493,2.767999831121415,1.405998773407191,0.7760027074255049,6.42400118522346,0,0
1022,object,49166.797966094,1.610002072993666,3.5630000638775527,1.0510048014111817,1.3279932318255305,7.552000170107931,0,0
1023,object,49166.84292323,2.1310042939148843,4.239002009853721,1.181993866339326,1.2730015441775322,8.825001714285463,0,0
1024,object,49166.888086617,2.5760018615983427,7.358998118434101,2.674001734703779,2.1609957912005484,14.769997505936772,0,0
1025,object,49166.932991498,2.077002136502415,4.43200406152755,1.2269956641830504,10.04899968393147,17.785001546144485,0,0
1026,object,49166.97791374,2.030006726272404,3.5579942050389946,1.296000846195966,0.9549985406920314,7.839000318199396,0,0
1027,object,49167.023152694,3.197004843968898,8.167000487446785,2.7279966161586344,2.3800021153874695,16.472004062961787,0,0
1028,object,49167.067852581,2.034998033195734,3.8670041249133646,1.2269956641830504,1.2070013326592743,8.335999154951423,0,0
1029,object,49167.112891139,1.6800040611997247,4.292000085115433,1.319996954407543,1.0700023267418146,8.362003427464515,0,0
1030,object,49167.158178915,5.428999429568648,12.752003385685384,4.78899892186746,3.502995241433382,26.472996978554875,0,0
1031,object,49167.202891609,1.7460042727179825,4.3670006562024355,1.2759992387145758,1.629996404517442,9.019000572152436,0,0
1032,object,49167.247882692,1.3649987522512674,3.806002496276051,1.138003426603973,1.1640004231594503,7.473005098290741,0,0
1033,object,49167.29283741,1.5749974409118295,3.6040000850334764,1.1450028978288174,0.8360002539120615,7.160000677686185,0,0
1034,object,49167.33796897,2.5139961508102715,5.756999598816037,2.3610045900568366,1.7079946701414883,12.339995009824634,0,0
1035,object,49167.383107011,3.169996489305049,7.520000508520752,2.65800190391019,2.697001036722213,16.044999938458204,0,0
1036,object,49167.427925433,1.8279970390722156,5.0960006774403155,1.7860002117231488,1.5909972717054188,10.300995199941099,0,0
1037,object,49167.472871326,1.5520054148510098,3.7579957279376686,1.5600016922689974,0.9169962140731514,7.786999049130827,0,0
1038,object,49167.517991522,1.8029968487098813,4.547000571619719,1.5219993656501174,8.66500340634957,16.537000192329288,0,0
1039,object,49167.563014971,1.824999344535172,5.456000508274883,1.672000507824123,1.505002728663385,10.458003089297563,0,0
1040,object,49167.607931566,1.5949990483932197,3.6679994082078338,1.2119999155402184,1.4370016288012266,7.9120000009424984,0,0
1041,object,49167.653055958,2.9950024327263236,7.358998118434101,2.749999111983925,2.1040032152086496,15.208002878353,0,0
1042,object,49167.697862929,1.6499980119988322,2.7670030249282718,1.2749951565638185,0.8900024113245308,6.581998604815453,0,0
1043,object,49167.742902598,1.877997419796884,4.549998266156763,1.710999640636146,1.248001353815198,9.386996680404991,0,0
1044,object,49167.788119662,3.845998435281217,10.355004633311182,2.8379945433698595,2.5600020308047533,19.598999642767012,0,0
1045,object,49167.832868659,1.7959973774850368,4.718000127468258,1.7990023479796946,1.2229938874952495,9.535993740428239,0,0
1046,object,49167.877849707,1.7139973351731896,3.7179997889325023,1.1700030881911516,0.9779978427104652,7.579998055007309,0,0
1047,object,49167.922808471,1.5949990483932197,5.125002644490451,1.1119991540908813,1.3360040611587465,9.168004908133298,0,0
1048,object,49167.967932337,3.5370030673220754,6.384994776453823,1.9700019038282335,2.3710017558187246,14.263001503422856,0,0
1049,object,49168.013155054,4.936999175697565,16.68899494688958,4.202003765385598,3.7380013964138925,29.565999284386635,0,0
1050,object,49168.057896976,1.9079961930401623,4.116998752579093,1.1200027074664831,1.0549993021413684,8.199996955227107,0,0
1051,object,49168.10287375,1.4659963198937476,3.6460041883401573,1.8149949028156698,1.076004991773516,8.00300040282309,0,0
1052,object,49168.148146167,3.4130061976611614,7.663998985663056,2.802000381052494,1.986998540814966,15.866004105191678,0,0
1053,object,49168.193115241,3.2759999157860875,7.642993296030909,2.753004082478583,2.4219989427365363,16.093996237032115,0,0
1054,object,49168.237946055,1.9700019038282335,5.048001185059547,1.8199934856966138,0.9410068741999567,9.779003448784351,0,0
1055,object,49168.2828933,1.901003997772932,3.417000698391348,1.4119941624812782,0.9210052667185664,7.651004125364125,0,0
1056,object,49168.328126082,2.8189970180392265,7.802002073731273,3.0790033633820713,2.8229987947270274,16.5230012498796,0,0
1057,object,49168.372925072,2.102002326864749,4.3719992390833795,1.581996912136674,1.3190001482143998,9.374998626299202,0,0
1058,object,49168.41785967,2.025997673626989,4.147004801779985,1.157997758127749,0.9400027920491993,8.271003025583923,0,0
1059,object,49168.46286272,1.257998519577086,3.373999788891524,0.995998561847955,1.1590018402785063,6.786998710595071,0,0
1060,object,49168.507881289,1.977001375053078,3.045002813450992,1.5469995560124516,0.9649957064539194,7.533999450970441,0,0
1061,object,49168.553043973,4.173001798335463,12.604999938048422,3.916997229680419,3.077002475038171,23.772001441102475,0,0
1062,object,49168.597887296,1.8550053937360644,4.217996320221573,1.1890006135217845,1.3669996405951679,8.62900196807459,0,0
1063,object,49168.642845673,1.7549973563291132,3.577006282284856,1.176995283458382,1.0980002116411924,7.606999133713543,0,0
1064,object,49168.687832513,1.77200126927346,3.7999998312443495,0.9919967851601541,0.9869982022792101,7.550996087957174,0,0
1065,object,49168.732833561,2.321001375094056,6.545000360347331,2.196997229475528,2.025000867433846,13.08799983235076,0,0
1066,object,49168.777851891,1.1020019883289933,3.4940021578222513,1.0559961083345115,1.2349992175586522,6.886999472044408,0,0
1067,object,49168.822921638,2.44499824475497,4.676003300119191,1.2140008038841188,1.4909965102560818,9.825998859014362,0,0
1068,object,49168.867885452,2.7030037017539144,6.007998308632523,1.9569997675716877,1.2000018614344299,11.868003639392555,0,0
1069,object,49168.912893105,1.6019985196180642,3.6179990274831653,1.8380014807917178,1.0420044418424368,8.100003469735384,0,0
1070,object,49168.958061105,3.0370065360330045,7.373993867076933,3.460001607891172,2.7229980332776904,16.5940000442788,0,0
1071,object,49169.002835026,1.1889933375641704,3.5760022001340985,1.519998477306217,0.8530041668564081,7.137998181860894,0,0
1072,object,49169.047837918,1.4160032151266932,3.4519980545155704,1.04300124803558,0.7580019882880151,6.669004505965859,0,0
1073,object,49169.092834344,1.1569936759769917,3.2510070013813674,1.0269941412843764,1.0709991329349577,6.505993951577693,0,0
1074,object,49169.137867683,1.6830017557367682,2.893000782933086,1.0469957487657666,0.8310016710311174,6.4539999584667385,0,0
1075,object,49169.182850983,2.2089952835813165,3.78400000045076,1.091000740416348,1.1420052032917738,8.226001227740198,0,0
1076,object,49169.228032117,1.9270009943284094,5.920999683439732,1.6940030036494136,1.8830032786354423,11.425006960052997,0,0
1077,object,49169.272895231,2.1500018192455173,4.13400266552344,1.2949967640452087,0.9900031727738678,8.569004421588033,0,0
1078,object,49169.31784736,2.001004759222269,4.085995897185057,1.2980017345398664,1.1279989848844707,8.513001375831664,0,0
1079,object,49169.362858912,1.953005266841501,3.296998329460621,1.1590018402785063,0.9949944796971977,7.403999916277826,0,0
1080,object,49169.407825045,1.3450044207274914,3.6339988582767546,1.5780024114064872,0.8529968908987939,7.410002581309527,0,0
1081,object,49169.452938482,2.0619991119019687,5.562003934755921,1.8479986465536058,1.7370039131492376,11.209005606360734,0,0
1082,object,49169.497870502,1.1640004231594503,3.3180040190927684,1.1320007615722716,0.9219947969540954,6.536000000778586,0,0
1083,object,49169.542827256,1.3309982023201883,3.107998054474592,1.1890006135217845,0.8520000847056508,6.479996955022216,0,0
1084,object,49169.587885066,6.540001777466387,3.8669968489557505,1.2020027497783303,1.3289973139762878,12.937998690176755,0,0
1085,object,49169.633128191,3.7629943108186126,10.85600524675101,4.187000740785152,2.868000592570752,21.674000890925527,0,0
1086,object,49169.677854396,1.5219993656501174,3.645996912382543,1.5309997252188623,0.967003870755434,7.665999874006957,0,0
1087,object,49169.722905909,2.0750012481585145,3.4179975045844913,1.2879972928203642,1.0980002116411924,7.878996257204562,0,0
1088,object,49169.768076679,2.977001713588834,7.167996955104172,3.063003532588482,2.262997440993786,15.470999642275274,0,0
1089,object,49169.81286414,1.9049984985031188,3.750996256712824,1.1110023478977382,1.0049989214166999,7.771996024530381,0,0
1090,object,49169.857864411,1.4699980965815485,3.1669987947680056,1.4670004020445049,0.8409988367930055,6.944996130187064,0,0
1091,object,49169.902935868,1.9860017346218228,4.825997166335583,1.4990000636316836,1.6400008462369442,9.950999810826033,0,0
1092,object,49169.948169904,3.0480005079880357,7.113005267456174,2.4999972083605826,2.4219989427365363,15.083001926541328,0,0
1093,object,49169.992903173,1.462998625356704,3.831002686638385,1.5140030882321298,1.0119983926415443,7.820002792868763,0,0
1094,object,49170.037865971,1.6200065147131681,3.4039985621348023,1.0549993021413684,1.1160009307786822,7.195005309768021,0,0
1095,object,49170.083133235,2.6400011847727,7.570997695438564,2.562999725341797,2.20700167119503,14.981000276748091,0,0
1096,object,49170.128133012,1.6970006981864572,4.687004548031837,1.6740013961680233,1.3909957488067448,9.449002391193062,0,0
1097,object,49170.172896104,1.9520011846907437,3.731998731382191,1.0759977158159018,0.9940049494616687,7.754002581350505,0,0
1098,object,49170.217833693,1.353000698145479,3.668996214400977,1.1459997040219605,1.1930023902095854,7.360999006778002,0,0
1099,object,49170.262868536,1.5659970813430846,3.9290025597438216,1.2329983292147517,1.3499957276508212,8.07799369795248,0,0
1100,object,49170.307827423,1.6039994079619646,4.148998414166272,1.0210060281679034,0.7639973773621023,7.538001227658242,0,0
1101,object,49170.353121821,3.912005922757089,6.767993909306824,1.3680037227459252,1.624997821636498,13.673001376446337,0,0
1102,object,49170.397900403,1.448002876713872,3.6339988582767546,1.5320038073696196,0.9159994078800082,7.530004950240254,0,0
1103,object,49170.443171889,3.6860001273453236,11.030999303329736,3.73900547856465,2.082997525576502,20.53900243481621,0,0
1104,object,49170.488124991,2.9189977794885635,6.948001100681722,2.477994712535292,2.329004928469658,14.673998521175236,0,0
1105,object,49170.532885837,1.8990031094290316,3.9529986679553986,1.4309989637695253,1.4020042726770043,8.68500501383096,0,0
1106,object,49170.578078515,2.596003469079733,7.4929994298145175,2.5749977794475853,2.2360036382451653,14.900004316587001,0,0
1107,object,49170.622893375,1.9590006559155881,3.2190000638365746,1.3449971447698772,0.9549985406920314,7.477996405214071,0,0
1108,object,49170.667836329,1.8030041246674955,3.4519980545155704,1.2680029612965882,0.6919945008121431,7.214999641291797,0,0
1109,object,49170.712973482,1.920001523103565,4.316003469284624,1.7569982446730137,1.0570001904852688,9.050003427546471,0,0
1110,object,49170.758047404,1.8740029190666974,5.069996404927224,1.8270002328790724,1.414999132975936,10.18599868984893,0,0
1111,object,49170.802946216,1.8610007828101516,3.4129989217035472,1.2029995559714735,0.9330033208243549,7.410002581309527,0,0
1112,object,49170.847944762,3.7150020943954587,9.796000085771084,4.164998244959861,2.9369984986260533,20.612998923752457,0,0
1113,object,49170.893056856,2.3519969545304775,5.79399784328416,2.3930042516440153,1.5959958545863628,12.134994904045016,0,0
1114,object,49170.937841799,1.6129997675307095,3.7089994293637574,1.186999725177884,1.3879980542697012,7.896996976342052,0,0
1115,object,49170.983067566,3.0650044209323823,7.980001100804657,2.624998160172254,2.5330009520985186,16.20300463400781,0,0
1116,object,49171.027892709,1.8600039766170084,2.8709982871077955,1.5400000847876072,0.9970026439987123,7.268004992511123,0,0
1117,object,49171.072961051,2.7089990908280015,5.775000317953527,2.0939987734891474,1.9319995772093534,12.50999775948003,0,0
1118,object,49171.117819064,1.4830002328380942,2.977998519781977,1.491003786213696,0.8110000635497272,6.763002602383494,0,0
1119,object,49171.163070135,2.7860005502589047,6.7209984990768135,2.120003046002239,1.9750004867091775,13.602002582047135,0,0
1120,object,49171.207999828,6.990994734223932,4.121000529266894,1.401000190526247,0.8110000635497272,13.3239955175668,0,0
1121,object,49171.253396408,5.9680023696273565,17.87099608918652,4.7620051191188395,3.5379998735152185,32.139003451447934,0,0
1122,object,49171.297955007,3.649001882877201,5.2629984566010535,1.6609992599114776,1.811000402085483,12.384000001475215,0,0
1123,object,49171.342866292,1.3030003174208105,3.3140022424049675,1.04300124803558,0.8249990059994161,6.485002813860774,0,0
1124,object,49171.387851321,1.3399985618889332,3.1610034056939185,0.986001396086067,0.9969953680410981,6.483998731710017,0,0
1125,object,49171.432989302,1.934000465553254,6.132999260444194,2.1280065993778408,20.9360005101189,31.13100683549419,0,0
1126,object,49171.477905071,1.8979990272782743,3.5910052247345448,1.119995431508869,0.8839997462928295,7.4929994298145175,0,0
1127,object,49171.522912665,1.5469995560124516,3.8560028770007193,1.5999976312741637,0.9989962563849986,8.001996320672333,0,0
1128,object,49171.568052063,2.906999725382775,7.175003702286631,2.225999196525663,1.763000909704715,14.071003533899784,0,0
1129,object,49171.612916513,2.1080049918964505,4.6499990276061,1.3129974831826985,1.4830002328380942,9.554001735523343,0,0
1130,object,49171.658077123,2.7999994927085936,6.779002433177084,2.40699591813609,2.097003743983805,14.083001588005573,0,0
1131,object,49171.70286148,1.4420002116821706,3.9399965316988528,1.047999830916524,1.1790034477598965,7.609000022057444,0,0
1132,object,49171.747844934,1.4260003808885813,3.8750004023313522,4.882000212091953,1.4899997040629387,11.673000699374825,0,0
1133,object,49171.792950251,1.7279962776228786,4.4720000005327165,1.634005457162857,1.1459997040219605,8.980001439340413,0,0
1134,object,49171.837847033,1.7370039131492376,3.23699350701645,1.176005753222853,0.9489958756603301,7.098999049048871,0,0
1135,object,49171.882829823,1.758002326823771,4.0199956856667995,1.1930023902095854,0.9409995982423425,7.9120000009424984,0,0
1136,object,49171.927911347,2.158005372621119,3.7200006772764027,1.1919983080588281,0.9130017133429646,7.9830060712993145,0,0
1137,object,49171.972824218,1.257998519577086,3.2899988582357764,2.2420063032768667,0.9289942681789398,7.718997949268669,0,0
1138,object,49172.017870199,1.9360013538971543,2.9859947971999645,1.4750039554201066,0.8589995559304953,7.255999662447721,0,0
1139,object,49172.062908459,1.6640042304061353,4.479996277950704,3.312001354061067,1.5780024114064872,11.034004273824394,0,0
1140,object,49172.107882076,2.888002200052142,5.425994459073991,2.1450032363645732,1.3320022844709456,11.791002179961652,0,0
1141,object,49172.152985082,1.7499987734481692,5.150999641045928,2.1419982658699155,1.2550008250400424,10.297997505404055,0,0
1142,object,49172.19785946,1.4030010788701475,3.326000296510756,1.4850011211819947,0.8989954949356616,7.11299799149856,0,0
1143,object,49172.242932982,2.119995770044625,4.720001015812159,1.710002834443003,1.2379969120956957,9.787996532395482,0,0
1144,object,49172.287852642,1.738997525535524,3.5330012906342745,1.0129951988346875,0.9370050975121558,7.221999112516642,0,0
1145,object,49172.332864847,1.4280012692324817,3.5890043363906443,1.0939984349533916,0.8329952834174037,6.943999323993921,0,0
1146,object,49172.352645606,1.5420009731315076,3.9560036384500563,1.8499995348975062,87.31999696465209,94.66800111113116,1,1
1147,object,49172.377522188,72.7340011508204,168.46100334078074,55.47699402086437,4.371002432890236,301.04300094535574,1,1
1148,object,49172.402894503,48.34400169784203,150.64900071593001,59.161000535823405,7.104994438122958,265.2589973877184,1,1
1149,object,49172.427791678,49.39800419379026,128.35399684263393,68.12799983890727,3.845001629088074,249.72500250441954,1,1
1150,object,49172.453036874,117.81299690483138,340.52200498990715,168.77799498615786,11.716998415067792,638.8299952959642,1,1
1151,object,49172.47933484,45.72600300889462,114.75200153654441,34.630997106432915,3.0040027922950685,198.11300444416702,1,1
1152,object,49172.503981397,63.70199844241142,129.65300265932456,47.29800275526941,4.026995156891644,244.67999901389703,1,1
1153,object,49172.557859216,45.863998821005225,2.307002432644367,1.1379961506463587,6.132002454251051,55.440999858547,1,0
1154,object,49172.603042842,66.32700387854129,3.15399665851146,1.6909980331547558,8.052003977354616,79.22400254756212,1,0
1155,object,49172.64795509,69.82900231378153,16.32000203244388,1.1980009730905294,8.43800080474466,95.7850061240606,1,0
1156,object,49172.692916169,55.550000979565084,3.039996954612434,1.5200057532638311,7.561000529676676,67.67100421711802,1,0
1157,object,49172.738209886,95.09699884802103,4.718000127468258,3.374996595084667,12.228003470227122,115.41799904080108,1,0
1158,object,49172.782883614,45.00700015341863,1.925000105984509,1.6059930203482509,5.7630022638477385,54.30099554359913,1,0
1159,object,49172.827850553,51.206996431574225,2.020999090746045,1.8589998944662511,6.342997949104756,61.42999336589128,1,0
1160,object,49172.87303453,121.96900206618011,3.403001755941659,1.729997165966779,8.2929982454516,135.39499923354015,1,0
1161,object,49172.917886132,53.848998504690826,2.397995558567345,1.8020000425167382,6.485002813860774,64.53399691963568,1,0
1162,object,49172.962935071,95.73599527357146,4.590001481119543,6.8209992605261505,11.260999599471688,118.40799561468884,1,0
1163,object,49173.007890413,48.22500341106206,2.3719985620118678,1.2279997463338077,6.593996658921242,58.41899837832898,1,0
1164,object,49173.052862704,45.90300522977486,2.1339947124943137,1.181004336103797,6.085996574256569,55.30400085262954,1,0
1165,object,49173.098075653,94.80300650466233,5.249996320344508,2.872002369258553,11.765994713641703,114.6909999079071,1,0
1166,object,49173.142882863,47.04100138042122,1.8259961507283151,1.1880038073286414,6.192996806930751,56.24799814540893,1,0
1167,object,49173.187824546,44.164000428281724,2.1050000214017928,1.2669988791458309,5.974994564894587,53.510993893723935,1,0
1168,object,49173.232859901,46.56999954022467,2.310000127181411,1.1599986464716494,6.32100272923708,56.36100104311481,1,0
1169,object,49173.277879273,66.65099499514326,1.9850049284286797,1.9009967218153179,7.577000360470265,78.11399700585753,1,0
1170,object,49173.322861528,98.4819998848252,3.8859943742863834,2.4180044420063496,11.415002518333495,116.20100121945143,1,0
1171,object,49173.367940881,44.095999328419566,1.9139988580718637,1.0450021363794804,6.00700150243938,53.06200182531029,1,0
1172,object,49173.408374116,73.72999971266836,130.7580023421906,33.03500125184655,3.6049968912266195,241.12800019793212,1,1
1173,object,49173.433644558,54.619005823042244,135.36499318433926,48.70700649917126,4.026995156891644,242.7180006634444,1,1
1174,object,49173.458453156,34.1929990099743,112.47299698879942,33.85099989827722,2.548003976698965,183.0649998737499,1,1
1175,object,49173.484749567,65.42600021930411,123.89300536597148,32.75199560448527,3.0000010156072676,225.07100220536813,1,1
1176,object,49173.509112359,39.31999526685104,98.93200331134722,32.965996069833636,2.820001100189984,174.03799574822187,1,1
1177,object,49173.53350514,33.1779956468381,97.60700049810112,29.827002435922623,2.830995072145015,163.44299365300685,1,1
1178,object,49173.560297753,34.320997656323016,107.32000373536721,32.84600097686052,2.7619971660897136,177.24899953464046,1,1
1179,object,49173.585078561,51.42999725649133,139.8050007992424,46.98099655797705,4.67000063508749,242.88599524879828,1,1
1180,object,49173.611131039,41.8700001318939,109.98700599884614,31.207993743009865,3.168999683111906,186.23399955686182,1,1
1181,object,49173.636095699,90.33999958774075,252.59799440391362,100.11600534198806,7.42699921829626,450.4809985519387,1,1
1182,object,49173.660438231,41.505998524371535,108.60600013984367,32.064999686554074,2.4369946913793683,184.61399304214865,1,1
1183,object,49173.688084948,93.96099630976096,424.15700590936467,197.0469966181554,13.53699917672202,728.701998014003,1,1
1184,object,49173.712592806,90.14600072987378,183.27200086787343,39.21199822798371,3.555003786459565,316.1850036121905,1,1
1185,object,49173.738396307,178.91499737743288,371.8230000231415,179.43500279216096,22.13200059486553,752.3050007876009,1,1
1186,object,49173.763061732,54.39999949885532,146.36600099038333,36.25899989856407,3.064000338781625,240.08900072658435,1,1
1187,object,49173.787919512,72.29800394270569,205.05800057435408,47.207002353388816,3.4199983929283917,327.983005263377,1,1
1188,object,49173.814761269,41.62800178164616,119.66999591095373,43.423002352938056,3.750996256712824,208.47199630225077,1,1
1189,object,49173.83954766,44.94799941312522,105.04099918762222,40.28000694233924,2.9149960028007627,193.18400154588744,1,1
1190,object,49173.865036498,58.29799920320511,179.62299898499623,77.87900540279225,5.522997525986284,321.32300111697987,1,1
1191,object,49173.889502976,40.899998566601425,98.83299935609102,30.8579983538948,3.002001903951168,173.59299818053842,1,1
1192,object,49173.913726569,43.38799772085622,102.98100096406415,32.12699812138453,2.7380010578781366,181.23399786418304,1,1
1193,object,49173.940804796,44.4939942099154,126.85500405495986,48.78899926552549,3.578999894671142,223.7169974250719,1,1
1194,object,49173.965444388,109.30500138783827,196.66899606818333,62.13800224941224,5.077999958302826,373.18999966373667,1,1
1195,object,49174.012913215,46.2039970443584,2.086999302264303,1.209999027196318,5.560003046412021,55.060998420231044,1,0
1196,object,49174.05808817,90.0899976841174,4.7670037019997835,2.9379953048191965,11.910000466741621,109.70499715767801,1,0
1197,object,49174.102872959,44.5729965576902,1.8319988157600164,1.3309982023201883,5.114001396577805,52.84999497234821,1,0
1198,object,49174.135075909,33.91400241525844,106.35199578246102,36.01100615924224,2.6839989004656672,178.96100325742736,1,1
1199,object,49174.159681178,44.97600457398221,106.2969968188554,33.46500307088718,2.9290022212080657,187.66700668493286,1,1
1200,object,49174.183877332,42.54600207787007,119.47500024689361,33.69100159034133,2.9289949452504516,198.64099886035547,1,1
1201,object,49174.213021194,49.70399459125474,126.39700435101986,40.61200161231682,3.436995029915124,220.14999558450654,1,1
1202,object,49174.237328798,59.49600017629564,105.7659974321723,32.60400262661278,3.421002475079149,201.28700271015987,1,1
1203,object,49174.262162178,45.00499926507473,107.2369996109046,37.6310053979978,3.196997568011284,193.07000184198841,1,1
1204,object,49174.287183108,82.62500341515988,115.79899728531018,35.331002436578274,3.4760014386847615,237.2310045757331,1,1
1205,object,49174.311546422,70.95399632817134,181.04199989465997,65.20900205941871,4.189998435322195,321.3949967175722,1,1
1206,object,49174.336659144,59.96599793434143,144.64800187852234,55.85300095845014,4.330002411734313,264.7970031830482,1,1
1207,object,49174.363501825,59.24400466028601,149.69299809308723,45.38199573289603,3.9150036172941327,258.2340021035634,1,1
1208,object,49174.387848034,112.84200445516035,442.24999874131754,71.90700125647709,4.740999429486692,631.7400038824417,1,1
1209,object,49174.413800475,65.83199865417555,434.1000021668151,147.15200086357072,6.253001629374921,653.3370033139363,1,1
1210,object,49174.439359527,84.82900011586025,247.23499518586323,103.94300625193864,7.849994290154427,443.85699584381655,1,1
1211,object,49174.464133049,75.25199907831848,232.2590007679537,100.42600479209796,6.932001269888133,414.86900590825826,1,1
1212,object,49174.490523209,47.342000470962375,153.47400039900094,84.17199569521472,5.216003046371043,290.2039996115491,1,1
1213,object,49174.514742393,49.55199983669445,123.11599857639521,32.461997761856765,3.11100302496925,208.24099919991568,1,1
1214,object,49174.539854678,143.79600179381669,421.38699791394174,113.95500041544437,8.529001206625253,687.667001329828,1,1
1215,object,49174.564623436,89.4779950613156,239.42600091686472,136.04899868369102,8.473005436826497,473.42600009869784,1,1
1216,object,49174.589062213,84.78699601255357,251.44700339296833,101.75100032938644,7.146998541429639,445.131998276338,1,1
1217,object,49174.615916156,59.97800326440483,245.0499960104935,57.896002545021474,5.604000762104988,368.5280025820248,1,1
1218,object,49174.641572687,84.11700400756672,144.8050024919212,34.801996662281454,3.715998900588602,267.44000206235796,1,1
1219,object,49174.667346289,127.0039938390255,226.24100529355928,68.10399645473808,6.349000614136457,427.6979962014593,1,1
1220,object,49174.691502758,43.68499503470957,108.68800018215552,33.8829995598644,3.1370000215247273,189.39299479825422,1,1
1221,object,49174.715640876,55.57900294661522,114.1379980253987,32.71800233051181,2.788001438602805,205.22300474112853,1,1
1222,object,49174.741969339,58.20100341225043,120.54800026817247,32.1729967254214,3.6460041883401573,214.56800459418446,1,1
1223,object,49174.766712424,53.709998610429466,121.64199870312586,39.949001802597195,3.2569951144978404,218.55799423065037,1,1
1224,object,49174.807870647,44.78600021684542,2.335000317543745,1.2950040400028229,6.012000085320324,54.428004659712315,1,0
1225,object,49174.853093832,94.99900625087321,5.049994797445834,3.183005901519209,12.861994036938995,116.09400098677725,1,0
1226,object,49174.89784371,54.11900201579556,2.0419975044205785,1.6959966160356998,6.289003067649901,64.14599920390174,1,0
1227,object,49174.936349228,48.100999265443534,115.46599853318185,32.34399628126994,2.9370057745836675,198.84799985447899,1,1
1228,object,49174.961346138,42.120002035517246,102.87600161973387,32.74999471614137,2.710003172978759,180.45600154437125,1,1
1229,object,49174.985910815,82.85199874080718,278.9760037558153,237.54400172038004,19.62299575097859,618.9949999679811,1,1
1230,object,49175.013613893,62.12099833646789,130.38000179221854,44.103995605837554,3.968998498748988,240.57399423327297,1,1
1231,object,49175.038530629,39.50300015276298,99.8860050458461,32.47399581596255,2.8659997042268515,174.7290007187985,1,1
1232,object,49175.092907901,84.73599882563576,2.4379987735301256,1.9590006559155881,15.466997865587473,104.59999612066895,1,0
1233,object,49175.138256788,48.642999900039285,2.2469976102001965,1.796004653442651,5.263995262794197,57.94999742647633,1,0
1234,object,49175.182911594,67.20000237692147,1.9239960238337517,1.558000803925097,7.166003342717886,77.84800254739821,1,0
1235,object,49175.184436311,29.205999453552067,98.82700396701694,31.57500032102689,2.302993379998952,161.91099712159485,1,1
1236,object,49175.210112367,56.72599945683032,117.34400322893634,33.16699439892545,2.8700014809146523,210.10699856560677,1,1
1237,object,49175.234750733,39.97900057584047,104.26800145069137,33.52799831191078,2.5850022211670876,180.3600025596097,1,1
1238,object,49175.25925393,37.12499892571941,100.1150012598373,35.70199623936787,2.736000169534236,175.67799659445882,1,1
1239,object,49175.285960646,53.53300366550684,127.75199866155162,53.50100400391966,5.1440001698210835,239.9300065007992,1,1
1240,object,49175.310420523,43.382999137975276,102.16300142928958,31.201001547742635,2.7049973141402006,179.4519994291477,1,1
1241,object,49175.335204475,32.86699939053506,92.39299834007397,29.670001822523773,2.5230037863366306,157.45300333946943,1,1
1242,object,49175.359883053,43.362997530493885,115.29699986567721,34.110998967662454,2.706998202484101,195.47799456631765,1,1
1243,object,49175.384204235,39.91399717051536,105.1620056387037,30.566996429115534,2.811000740621239,178.45399997895584,1,1
1244,object,49175.411686134,68.98600258864462,164.40699982922524,32.74299524491653,4.102999810129404,270.2389974729158,1,1
1245,object,49175.436509197,59.34399814577773,150.02500003902242,45.913999201729894,3.4080003388226032,258.69099772535264,1,1
1246,object,49175.46255328,131.56400382285938,264.1039973241277,135.59200306190178,8.6719956016168,539.9319998105057,1,1
1247,object,49175.488030421,144.7850008844398,316.46999559598044,141.82800077833235,10.718998964875937,613.8019962236285,1,1
1248,object,49175.511998817,59.30699990130961,117.60100460378453,40.166996768675745,3.5850025597028434,220.66000383347273,1,1
1249,object,49175.538371536,56.90800026059151,206.44399774027988,58.38600191054866,6.5970016294158995,328.33500154083595,1,1
1250,object,49175.563623868,52.044000767637044,108.42399933608249,31.054994906298816,2.963002771139145,194.4859977811575,1,1
1251,object,49175.588907034,51.45899922354147,167.46199980843812,39.30800448870286,3.5199991543777287,261.7490026750602,1,1
1252,object,49175.613958225,63.18599480437115,147.5790049880743,40.57699698023498,3.488996298983693,254.83099307166412,1,1
1253,object,49175.638742275,51.77700222702697,115.68199988687411,39.48700032196939,4.137997166253626,211.0839996021241,1,1
1254,object,49175.663426197,37.41599357454106,105.41800293140113,35.73099820641801,2.6179986889474094,181.1829934013076,1,1
1255,object,49175.690889186,126.39100168598816,191.0700011649169,65.78299507964402,6.350004696287215,389.5940026268363,1,1
1256,object,49175.715114518,48.98799670627341,120.27999764541164,34.47600465733558,2.868997398763895,206.61299640778452,1,1
1257,object,49175.740385187,60.5750028626062,152.10600395221263,58.87099541723728,4.41400334239006,275.96600557444617,1,1
1258,object,49175.765123959,56.58400186803192,125.57500303955749,35.01500032143667,3.210996510460973,220.38500173948705,1,1
1259,object,49175.789710722,86.02700108895078,303.43999969772995,105.33900058362633,8.164002792909741,502.9700041632168,1,1
1260,object,49175.817857355,37.2829963453114,165.2249993639998,36.060002457816154,2.6709967642091215,241.2389949313365,1,1
1261,object,49175.842431526,44.08400127431378,102.64800221193582,50.74599903309718,3.025998012162745,200.50400053150952,1,1
1262,object,49175.86867748,86.11899829702452,275.9100025286898,105.46099656494334,7.765003829263151,475.2550012199208,1,1
1263,object,49175.892765922,38.61100412905216,101.94999777013436,32.24299871362746,2.6889974833466113,175.4929980961606,1,1
1264,object,49175.917034052,45.39200017461553,110.70499749621376,35.512006434146315,3.086999640800059,194.69600374577567,1,1
1265,object,49175.943445982,49.05500099994242,136.99100236408412,39.32000254280865,3.4229960874654353,228.78900199430063,1,1
1266,object,49175.967902738,49.90000161342323,123.72100172797218,33.1190021825023,2.5989938876591623,209.33899941155687,1,1
1267,object,49175.993832899,56.09999789157882,181.11099780071527,65.63799979630858,5.052002961747348,307.90099845035,1,1
1268,object,49176.017928629,47.75600245920941,121.78699398646131,36.457000533118844,3.307999577373266,209.30799655616283,1,1
1269,object,49176.042421912,72.83199374796823,218.21700647706166,96.10299457563087,7.020003977231681,394.17199877789244,1,1
1270,object,49176.068641,44.19900506036356,129.5929978368804,51.311995775904506,3.6570054362528026,228.76100410940126,1,1
1271,object,49176.093650103,47.10799839813262,120.15699758194387,38.547004805877805,3.545996150933206,209.3579969368875,1,1
1272,object,49176.118774801,46.544002543669194,115.34000077517703,40.30900163343176,2.8509966796264052,205.0440016319044,1,1
1273,object,49176.144598106,36.8979963241145,112.04600014025345,32.68800355726853,2.6289999368600547,184.26099995849654,1,1
1274,object,49176.17010026,117.22199997166172,699.2639973759651,184.45800378685817,9.75099828792736,1010.6949994224124,1,1
1275,object,49176.193970732,107.58200369309634,256.3109956099652,102.24900324828923,7.353999535553157,473.4960020869039,1,1
1276,object,49176.221018592,51.889001042582095,135.4140040348284,35.09399539325386,3.660003130789846,226.0570036014542,1,1
1277,object,49176.245769367,72.08999886643142,201.5530044445768,84.28599539911374,5.699999746866524,363.6289984569885,1,1
1278,object,49176.27168069,60.82199979573488,124.34100062819198,35.01500032143667,3.4769982448779047,223.65499899024144,1,1
1279,object,49176.296039543,39.28600199287757,96.58699855208397,32.240001019090414,2.3949978640303016,170.50799942808226,1,1
1280,object,49176.322101156,44.57600152818486,105.79199442872778,32.208001357503235,3.1860035960562527,185.76200091047212,1,1
1281,object,49176.348833206,58.047997299581766,174.6300040394999,38.08600013144314,4.87199577037245,275.63599724089727,1,1
1282,object,49176.372804512,42.27199679007754,109.32700388366356,34.233999031130224,3.0619994504377246,188.89499915530905,1,1
1283,object,49176.399206498,93.51400512969121,250.73599681491032,103.68799848947674,7.681002898607403,455.6190033326857,1,1
1284,object,49176.423123224,45.19399954006076,114.6020003943704,37.73900243686512,3.5150005714967847,201.05000294279307,1,1
1285,object,49176.447199034,38.16899697994813,97.24999836180359,32.86699939053506,2.516004315111786,170.80199904739857,1,1
1286,object,49176.475064155,72.1989999874495,203.7230005953461,62.41600203793496,4.084002284798771,342.4220049055293,1,1
1287,object,49176.499626912,99.82199844671413,213.90800247900188,43.018000724259764,5.469999450724572,362.21800110070035,1,1
1288,object,49176.52481438,126.75500329351053,284.44700001273304,65.42399933096021,6.64199615130201,483.2679987885058,1,1
1289,object,49176.549179063,52.58000601315871,139.5619983668439,43.761996494140476,3.4379991120658815,239.34199998620898,1,1
1290,object,49176.57392864,135.98499936051667,292.7450041170232,162.57999959634617,9.801995474845171,601.1119985487312,1,1
1291,object,49176.598884644,86.3899986143224,286.18799842661247,109.2060047085397,7.991999154910445,489.776000904385,1,1
1292,object,49176.624914174,49.07000402454287,136.53399946633726,32.27999695809558,2.8610011213459074,220.74500157032162,1,1
1293,object,49176.649033716,40.64299719175324,110.91800115536898,34.42600427661091,2.836000930983573,188.8230035547167,1,1
1294,object,49176.675435064,86.3070017658174,274.1610005614348,104.66200183145702,7.522001396864653,472.65200555557385,1,1
1295,object,49176.700209571,116.95099965436384,334.60600388934836,172.35799896297976,10.055002348963171,633.9700048556551,1,1
1296,object,49176.724085155,61.30299880169332,110.19800149369985,32.3189960909076,2.978005795739591,206.79800218204036,1,1
1297,object,49176.752180022,37.0699999621138,108.06100181071088,37.32999903149903,3.1410017982125282,185.60200260253623,1,1
1298,object,49176.776330846,40.960003389045596,105.52599997026846,33.5040022036992,3.158995241392404,183.14900080440566,1,1
1299,object,49176.802016017,44.063002860639244,104.22500054119155,31.985000532586128,2.6369962142780423,182.91000014869496,1,1
1300,object,49176.826504894,43.34600089350715,101.45199485123158,30.302006052806973,2.6439956855028868,177.7439974830486,1,1
1301,object,49176.851255042,57.10600089514628,147.04999921377748,58.20300430059433,3.803994331974536,266.16299874149263,1,1
1302,object,49176.879156838,115.37800310179591,216.4999968954362,59.62500290479511,4.260000423528254,395.7630033255555,1,1
1303,object,49176.903128064,59.15300425840542,142.42700126487762,53.838994062971324,3.56400414602831,258.98300373228267,1,1
1304,object,49176.952855881,46.91700451076031,2.3669999791309237,1.1829979484900832,6.150003173388541,56.617005611769855,1,0
1305,object,49176.997874306,44.357002479955554,2.235996362287551,1.1950032785534859,6.3920015236362815,54.18000364443287,1,0
1306,object,49177.042858539,46.01800173986703,1.9090002751909196,1.5170007827691734,5.7680008467286825,55.21200364455581,1,0
1307,object,49177.088088592,96.80000221123919,4.200999683234841,2.915003278758377,11.48499723058194,115.40100240381435,1,0
1308,object,49177.133023459,155.66500223940238,4.276000254321843,6.140995537862182,34.38400017330423,200.46599820489064,1,0
1309,object,49177.177840797,44.9920044047758,2.3519969545304775,1.3730023056268692,7.419999747071415,56.13700341200456,1,0
1310,object,49177.222928867,48.870002501644194,2.3710017558187246,1.0909934644587338,6.062000466044992,58.393998187966645,1,0
1311,object,49177.267926794,58.544006606098264,3.1859963200986385,1.9119979697279632,7.574999472126365,71.21700036805123,1,0
1312,object,49177.274396561,63.15700011327863,118.51599992951378,36.38800262706354,3.3429969334974885,221.40399960335344,1,1
1313,object,49177.300159969,34.28799391258508,102.89200145052746,32.60999801568687,2.9889997676946223,172.77899314649403,1,1
1314,object,49177.325804549,139.92599997436628,277.1860017674044,53.67899575503543,8.294002327602357,479.08499982440844,1,1
1315,object,49177.351481998,51.613002142403275,134.28300007944927,52.55400174064562,3.8969956221990287,242.3469995846972,1,1
1316,object,49177.376950276,137.00400450034067,353.90700213611126,169.2629957688041,10.173003829549998,670.347006234806,1,1
1317,object,49177.403981735,57.322002248838544,129.0989966946654,33.388001611456275,3.082001057919115,222.89100161287934,1,1
1318,object,49177.429072878,46.70499765779823,136.88799663214013,36.67100099846721,3.1960007618181407,223.4599960502237,1,1
1319,object,49177.454313506,142.7509996574372,242.28700203821063,71.17699715308845,5.740999768022448,461.95599861675873,1,1
1320,object,49177.479119751,63.227002101484686,170.30999879352748,66.09599950024858,4.157998773735017,303.79099916899577,1,1
1321,object,49177.504512711,63.24900459730998,150.37099365144968,54.821000958327204,4.761001036968082,273.20200024405494,1,1
1322,object,49177.529296872,43.060994357801974,106.14400525810197,33.033997169695795,2.9520015232264996,185.19099830882624,1,1
1323,object,49177.556471204,67.59499956388026,199.52600268879905,38.48299820674583,4.282002919353545,309.8860033787787,1,1
1324,object,49177.580858599,78.92699795775115,256.607003393583,91.75999730359763,7.3690025601536036,434.6630012150854,1,1
1325,object,49177.605825529,54.895004723221064,321.6819968656637,54.26300049293786,3.2840034691616893,434.1240055509843,1,1
1326,object,49177.630112253,45.35500193014741,132.19100219430402,52.44399653747678,3.3370015444234014,233.3270022063516,1,1
1327,object,49177.654743272,67.46899452991784,166.38200031593442,74.79399937437847,4.624998837243766,313.2699930574745,1,1
1328,object,49177.682666722,45.17599882092327,127.2309964406304,35.46600055415183,3.4559998312033713,211.32899564690888,1,1
1329,object,49177.707482804,55.773998610675335,166.59800166962668,134.22600022749975,8.502000127919018,365.1000006357208,1,1
1330,object,49177.732693881,52.891999075654894,140.9559990861453,46.88500484917313,3.531000402290374,244.2640034132637,1,1
1331,object,49177.757291595,40.52899748785421,102.30400221189484,30.96299769822508,2.435001078993082,176.23099847696722,1,1
1332,object,49177.781639164,32.1080005960539,92.97199721913785,31.755000236444175,2.6429988793097436,159.47799693094566,1,1
1333,object,49177.809222328,238.4790059295483,211.73599816393107,57.14000144507736,4.691995854955167,512.0470013935119,1,1
1334,object,49177.832884161,83.78000347875059,187.56200006464496,69.60600148886442,4.610999894794077,345.55900492705405,1,1
1335,object,49177.858295645,64.18699922505766,167.20300482120365,55.06999877979979,4.697998519986868,291.15800134604797,1,1
1336,object,49177.883555844,41.828003304544836,133.0719969701022,53.248004405759275,3.4179975045844913,231.5660021849908,1,1
1337,object,49177.90954147,59.77199907647446,146.5130044380203,53.512994782067835,4.13600355386734,263.9340018504299,1,1
1338,object,49177.937383766,75.53799514425918,130.79000200377777,56.46600038744509,5.426998541224748,268.2209960767068,1,1
1339,object,49177.961275707,35.53600254235789,94.63600144954398,30.31799860764295,2.8509966796264052,163.34099927917123,1,1
1340,object,49177.986851295,59.31900523137301,139.7379965055734,41.19899676879868,3.983004717156291,244.23900322290137,1,1
1341,object,49178.011718996,54.88700116984546,137.73899991065264,55.584998335689306,3.6530036595650017,251.8640030757524,1,1
1342,object,49178.036255671,44.854998122900724,169.75199832813814,36.874000215902925,2.654000127222389,254.13499679416418,1,1
1343,object,49178.061938245,61.14199641160667,155.77400336042047,54.03199611464515,4.127003194298595,275.0749990809709,1,1
1344,object,49178.088593149,57.78400372946635,147.94299931963906,36.35000030044466,3.369998012203723,245.4470013617538,1,1
1345,object,49178.114323425,58.92199988011271,153.8500000606291,55.80400465987623,3.449000359978527,272.02500496059656,1,1
1346,object,49178.140418477,167.30000061215833,398.0839974246919,200.77000226592645,12.0069962576963,778.160996560473,1,1
1347,object,49178.164488845,58.28199937241152,143.01299961516634,54.24000119091943,4.268993507139385,259.80399368563667,1,1
1348,object,49178.189083651,63.63099964801222,151.06899809325114,52.90500121191144,4.196001100353897,271.8010000535287,1,1
1349,object,49178.215430575,42.00900002615526,173.60600031679496,58.35499905515462,5.982001312077045,279.9520007101819,1,1
1350,object,49178.2402923,43.25800546212122,94.49299977859482,31.30499680992216,2.8840004233643413,171.94000247400254,1,1
1351,object,49178.28830311,127.17400386463851,7.485999958589673,4.514993634074926,16.40600385144353,155.58100130874664,1,0
1352,object,49178.333036716,75.91999747091904,9.53500421019271,7.155998900998384,21.63899625884369,114.24999684095383,1,0
1353,object,49178.377979991,84.81600525556132,2.415996277704835,1.505999534856528,7.127004209905863,95.86500527802855,1,0
1354,object,49178.386010991,102.67100151395425,287.51699574058875,67.89799954276532,8.861003152560443,466.94699994986877,1,1
1355,object,49178.410858406,71.24999683583155,393.62900133710355,90.24400060297921,10.406998626422137,565.5299974023364,1,1
1356,object,49178.435520239,125.31300308182836,394.14999628206715,175.4890035954304,11.60999818239361,706.5620011417195,1,1
1357,object,49178.459756498,61.662001826334745,155.44900088571012,80.5710005806759,4.025998350698501,301.70800164341927,1,1
1358,object,49178.487700034,52.72200360195711,146.3699954911135,55.41599966818467,4.481000360101461,258.98899912135676,1,1
1359,object,49178.512715931,61.988997913431376,167.29700291762128,74.65799717465416,4.858004103880376,308.8020021095872,1,1
1360,object,49178.53870363,87.11099508218467,203.44400400063023,61.78199691930786,3.868000931106508,356.20499693322927,1,1
1361,object,49178.56350474,75.841999205295,226.70999896945432,92.04300295095891,7.255999662447721,401.85100078815594,1,1
1362,object,49178.588333474,39.40099850296974,118.75900236191228,38.25400199275464,2.5909976102411747,199.00500046787784,1,1
1363,object,49178.615053228,38.82400051224977,111.89699580427259,38.853999285493046,3.4670010791160166,193.04199668113142,1,1
1364,object,49178.639259799,44.083004468120635,107.71799861686304,31.484996725339442,2.735003363341093,186.0210031736642,1,1
1365,object,49178.664728105,59.29199687670916,183.17100330023095,117.40299669327214,7.476002792827785,367.34199966304004,1,1
1366,object,49178.689422773,86.0799991642125,243.0969980196096,100.07100354414433,7.8269949881359935,437.0749957161024,1,1
1367,object,49178.714307462,42.081999708898365,108.59599569812417,38.51699875667691,3.101005859207362,192.2960000229068,1,1
1368,object,49178.740960332,78.87800165917724,148.8639973104,238.7630011071451,16.187004803214222,482.6920048799366,1,1
1369,object,49178.765239797,97.80599793884903,176.97599832899868,40.55400495417416,3.745000867638737,319.0810020896606,1,1
1370,object,49178.78947374,41.26199928577989,113.32000576658174,34.38199928496033,2.7839996619150043,191.74800399923697,1,1
1371,object,49178.814733601,34.318996767979115,93.79400580655783,33.35399378556758,2.8270005714148283,164.29399693151936,1,1
1372,object,49178.839214711,51.95400444790721,116.87299411278218,92.8209992707707,6.241003575269133,267.8890014067292,1,1
1373,object,49178.868306344,56.99500616174191,168.76799782039598,66.33000157307833,5.108995537739247,297.20200109295547,1,1
1374,object,49178.893536055,50.20800017518923,118.66899876622483,34.906996006611735,3.026005288120359,206.81000023614615,1,1
1375,object,49178.918940731,34.35500548221171,102.34499495709315,33.43400021549314,2.425003913231194,172.5590045680292,1,1
1376,object,49178.945316198,89.13700003176928,247.53300385782495,105.46499834163114,8.117000106722116,450.2520023379475,1,1
1377,object,49178.969210411,47.98900044988841,110.4909970308654,30.839000828564167,2.7089990908280015,192.02799740014598,1,1
1378,object,49178.993665768,108.18299779202789,328.93900061026216,146.6550020268187,9.57599695539102,593.3529973844998,1,1
1379,object,49179.021224034,46.88100307248533,109.11899880738929,31.673000194132328,2.5320041459053755,190.20500621991232,1,1
1380,object,49179.04539655,52.00500163482502,129.38000145368278,49.631998990662396,3.5429984563961625,234.56000053556636,1,1
1381,object,49179.07081353,65.92499994440004,231.84699966805056,85.94199607614428,6.022004527039826,389.7360002156347,1,1
1382,object,49179.095043427,76.94400119362399,189.6600006148219,60.29599899193272,4.232999344822019,331.13300014520064,1,1
1383,object,49179.121505401,65.87199459318072,165.65500118304044,39.58200250053778,5.144996976014227,276.25399525277317,1,1
1384,object,49179.147298683,50.51100015407428,113.62200166331604,34.634998883120716,3.4580007195472717,202.2260014200583,1,1
1385,object,49179.172677773,76.2229974498041,223.59000286087394,104.24700303701684,6.580994522664696,410.64099787035957,1,1
1386,object,49179.198593794,40.734004869591445,109.74700126098469,36.1989950761199,3.2370007829740644,189.9170019896701,1,1
1387,object,49179.223294279,51.256996812298894,112.98500612610951,37.65599831240252,3.3710020943544805,205.2690033451654,1,1
1388,object,49179.248645811,60.11000368744135,129.45899652549997,35.21300095599145,2.872999175451696,227.65500034438446,1,1
1389,object,49179.277493401,106.26899893395603,226.46800061920658,68.06699821026996,5.271998816169798,406.07599657960236,1,1
1390,object,49179.300369768,51.30199861014262,127.43799743475392,31.857001886237413,3.282999387010932,213.8799973181449,1,1
1391,object,49179.326219795,63.49599425448105,148.51800369797274,63.08299634838477,4.2330066207796335,279.3300009216182,1,1
1392,object,49179.351947397,158.27800234546885,370.4449991346337,167.13799413992092,11.779004125855863,707.6399997458793,1,1
1393,object,49179.376407166,88.46200216794387,252.4759984225966,104.3090014718473,7.8310040407814085,453.0780061031692,1,1
1394,object,49179.402603578,50.457005272619426,118.40200022561476,34.715994843281806,3.0380033422261477,206.61300368374214,1,1
1395,object,49179.427057719,46.53700307244435,106.48400348145515,38.91099913744256,3.353998181410134,195.2860038727522,1,1
1396,object,49179.452163697,72.11299816844985,211.6350005962886,97.19599620439112,6.766000296920538,387.7099952660501,1,1
1397,object,49179.476956394,83.96200428251177,193.65600019227713,68.23899457231164,6.123002094682306,351.98000114178285,1,1
1398,object,49179.501721359,118.14099707407877,528.9830005494878,155.21499881288037,9.431998478248715,811.7709949146956,1,1
1399,object,49179.527839593,70.71300206007436,168.45399659359828,58.28600114909932,7.107002602424473,304.5600024051964,1,1
1400,object,49179.553221527,60.375001339707524,151.2890012236312,37.30999742401764,3.5429984563961625,252.51699844375253,1,1
1401,object,49179.578165933,33.55000080773607,110.77799717895687,32.2479972965084,2.3450047592632473,178.92100004246458,1,1
1402,object,49179.603092466,59.56899985903874,146.39100118074566,52.787996537517756,4.334004188422114,263.08200176572427,1,1
1403,object,49179.627055814,44.937994971405715,114.31900202296674,34.28100171731785,4.110996087547392,197.6489947992377,1,1
1404,object,49179.651541953,41.99000250082463,99.02400051942095,30.761999369133264,2.911998308263719,174.68800069764256,1,1
1405,object,49179.678075052,47.22399899037555,104.52200513100252,32.181000278797,3.168999683111906,187.09600408328697,1,1
1406,object,49179.702249037,37.53900091396645,96.63499804446474,31.18799941148609,2.9290022212080657,168.29100059112534,1,1
1407,object,49179.728472278,39.39499583793804,109.81800005538389,38.625999877694994,3.172004653606564,191.0110004246235,1,1
1408,object,49179.753701201,86.73599950270727,294.09999842755497,107.96900460263714,7.208000170066953,496.01300270296633,1,1
1409,object,49179.778111741,83.2150035421364,260.43599791591987,106.43600398907438,8.21699359221384,458.3039990393445,1,1
1410,object,49179.80608384,54.6830051462166,127.96499504474923,35.14900163281709,3.0410010367631912,220.8380028605461,1,1
1411,object,49179.830322467,43.78100129542872,104.03600026620552,31.26499359495938,2.586006303317845,181.66800145991147,1,1
1412,object,49179.856172842,80.5569943622686,210.20500571466982,77.16999971307814,6.304995622485876,374.23699541250244,1,1
1413,object,49179.880571774,78.39599857106805,231.79999698186293,100.02100316341966,7.40899849915877,417.6259972155094,1,1
1414,object,49179.904422907,43.40799932833761,102.19500109087676,31.891999242361635,2.591004886198789,180.0860045477748,1,1
1415,object,49179.931577213,59.23899880144745,137.05000310437754,36.73399623949081,3.1480012694373727,236.17099941475317,1,1
1416,object,49179.956900003,68.91600060043857,116.7719965451397,31.95700264768675,3.0529990908689797,220.697998884134,1,1
1417,object,49179.982524023,46.31200135918334,107.62899910332635,32.574003853369504,2.9319999157451093,189.4470042316243,1,1
1418,object,49180.00713826,65.00499875983223,139.17800242779776,40.503000491298735,3.2569951144978404,247.94299679342657,1,1
1419,object,49180.030963933,58.184996305499226,108.86500240303576,39.17700087185949,3.0049995984882116,209.2319991788827,1,1
1420,object,49180.057791333,89.89000343717635,289.9940009228885,107.56799747468904,7.681002898607403,495.1330047333613,1,1
1421,object,49180.084822628,70.4749982105568,262.69099907949567,45.38700159173459,7.649003237020224,386.2020021188073,1,1
1422,object,49180.109861579,304.62499853456393,386.54200034216046,98.62099977908656,7.071997970342636,796.8599966261536,1,1
1423,object,49180.134259325,61.06300133978948,167.38900012569502,40.823993913363665,5.490001058205962,274.7659964370541,1,1
1424,object,49180.160170308,43.77200093585998,106.66799789760262,40.22000211989507,3.2460011425428092,193.90600209590048,1,1
1425,object,49180.186418056,93.10199675383046,248.9890030119568,105.06500257179141,7.675997039768845,454.83199937734753,1,1
1426,object,49180.213598755,82.46400102507323,195.70499716792256,56.39400478685275,4.411995178088546,338.9749981579371,1,1
1427,object,49180.238684493,53.9780012331903,170.1910005067475,62.62600072659552,4.636996891349554,291.4319993578829,1,1
1428,object,49180.262893404,55.75400427915156,146.04599709855393,42.8080020355992,4.034001904074103,248.6420053173788,1,1
1429,object,49180.287539269,37.0070047210902,119.39199612243101,31.886003853287548,2.472996129654348,190.7580008264631,1,1
1430,object,49180.311981697,71.81100227171555,120.49899669364095,33.49700273247436,3.1859963200986385,228.9929980179295,1,1
1431,object,49180.338503814,55.350006732624024,167.68199566286057,47.34499816549942,8.380004146602005,278.757004707586,1,1
1432,object,49180.364543028,107.20200225478038,214.63299344759434,74.91500582545996,8.935996447689831,405.6859979755245,1,1
1433,object,49180.390268074,55.6800005142577,122.68499995116144,33.28100137878209,3.03499837173149,214.68100021593273,1,1
1434,object,49180.414657587,43.01799344830215,96.12900612410158,31.93299926351756,2.701999619603157,173.78199845552444,1,1
1435,object,49180.438889132,102.08200546912849,283.50099455565214,102.9960039886646,7.457994797732681,496.0369988111779,1,1
1436,object,49180.466126979,91.3319963729009,286.1200046027079,82.88800017908216,7.203998393379152,467.54399954807013,1,1
1437,object,49180.490115572,42.845000280067325,107.67699859570712,34.49500218266621,3.2809984986670315,188.2979995571077,1,1
1438,object,49180.514658384,49.41599763697013,126.13999570021406,42.32400533510372,3.2009993446990848,221.080998016987,1,1
1439,object,49180.539538546,47.519002691842616,125.20499876700342,42.432002373971045,3.321998519822955,218.47800235264003,1,1
1440,object,49180.564164934,100.0829943222925,462.32900058384985,243.22800163645297,12.859003618359566,818.4990001609549,1,1
1441,object,49180.590297005,130.72299771010876,276.36899903882295,69.41400351934135,5.344001692719758,481.8500019609928,1,1
1442,object,49180.616278742,49.140995542984456,113.4530029958114,33.78599649295211,3.815999662037939,200.1959946937859,1,1
1443,object,49180.640650364,56.43899930873886,107.74000111268833,33.102995075751096,2.9750008252449334,200.25699632242322,1,1
1444,object,49180.66628941,85.6709957588464,265.44400316197425,94.34999810764566,7.048998668324202,452.5139956967905,1,1
1445,object,49180.691649052,85.59699926991016,245.0519968988374,138.5630021104589,8.02100112196058,477.23299940116704,1,1
1446,object,49180.715766107,52.58299643173814,131.51900202501565,39.91900302935392,2.963999577332288,226.98500106344,1,1
1447,object,49180.743178457,47.38399729831144,139.94100299896672,39.59400055464357,3.3370015444234014,230.25600239634514,1,1
1448,object,49180.768785263,34.18100095586851,95.87800013832748,31.74800076521933,2.3169995984062552,164.12400145782158,1,1
1449,object,49180.797740332,110.17500219168141,491.7090045637451,178.06499818107113,8.866001735441387,788.815006671939,1,1
1450,object,49180.823130407,42.00400144327432,126.14399747690186,51.20399873703718,3.1610034056939185,222.51300106290728,1,1
1451,object,49180.850759017,42.919004044961184,104.42199709359556,32.035000913310796,2.9520015232264996,182.32800357509404,1,1
1452,object,49180.874839924,48.7770012114197,188.19399701897055,46.149005356710404,8.152994269039482,291.27299785614014,1,1
1453,object,49180.899974473,86.75400022184476,246.42499920446426,118.26799891423434,7.58600072003901,459.03299906058237,1,1
1454,object,49180.924749212,63.75199882313609,156.6600039950572,77.60799780953676,4.918998456560075,302.9389990842901,1,1
1455,object,49180.948908013,83.48099800059572,223.28100021695718,63.77200043061748,5.417998181656003,375.9519968298264,1,1
1456,object,49180.97456882,77.37499981885776,163.99400192312896,61.644001107197255,4.3239997467026114,307.3370025958866,1,1
1457,object,49181.000543746,103.19200373487547,191.49099534843117,51.121998694725335,5.6110002333298326,351.4159980113618,1,1
1458,object,49181.024367967,42.409999878145754,109.07599789788947,33.614000130910426,3.2379975891672075,188.33799549611285,1,1
1459,object,49181.048972821,47.32299566967413,113.39200136717409,39.30100501747802,2.5229965103790164,202.53899856470525,1,1
1460,object,49181.074046295,49.53200550517067,104.45999942021444,31.65199450450018,2.9850052669644356,188.62900469684973,1,1
1461,object,49181.098239201,76.90400525461882,239.50800095917657,132.3629985563457,17.072998161893338,465.84800293203443,1,1
1462,object,49181.123308091,36.1279962817207,101.83799895457923,38.2250000257045,2.9139991966076195,179.10499445861205,1,1
1463,object,49181.149761959,47.08799679065123,116.66700447676703,32.53999602748081,2.802000381052494,199.09699767595157,1,1
1464,object,49181.174652622,44.70699786907062,116.7739974334836,40.7230036216788,3.3129981602542102,205.51699708448723,1,1
1465,object,49181.200895096,88.09699647827074,274.1530042840168,141.34599769022316,9.620998753234744,513.2169972057454,1,1
1466,object,49181.22489839,56.22400203719735,154.29600171046332,39.43499905290082,3.711997123900801,253.6669999244623,1,1
1467,object,49181.249618813,54.380994697567075,129.73000411875546,37.48599556274712,2.997003321070224,224.59399770013988,1,1
1468,object,49181.276850707,50.7849981659092,126.4240054297261,38.589998439420015,3.5900011425837874,219.3890031776391,1,1
1469,object,49181.301546591,47.47600178234279,107.57600102806464,33.682001230772585,2.9909933800809085,191.72499742126092,1,1
1470,object,49181.327264593,60.0220009800978,159.08200293779373,53.94199979491532,3.9750011637806892,277.02100487658754,1,1
1471,object,49181.35162351,42.933999793604016,125.99500041687861,52.964998758397996,3.6199999158270657,225.5139988847077,1,1
1472,object,49181.378789658,105.63699470367283,362.66800452722237,186.74299644771963,10.128998837899417,665.1769945165142,1,1
1473,object,49181.404160709,41.725004848558456,142.94499851530418,58.985999203287065,4.282002919353545,247.93800548650324,1,1
1474,object,49181.428596075,36.53699968708679,100.38600157713518,35.56199953891337,2.849999873433262,175.3350006765686,1,1
1475,object,49181.454595784,82.35399582190439,306.30900437245145,175.30300101498142,9.69499524217099,573.6609964515083,1,1
1476,object,49181.479218546,113.75399481039494,259.78500343626365,94.09099584445357,7.179005478974432,474.8089995700866,1,1
1477,object,49181.503556598,87.74799789534882,224.38399901147932,98.47000183071941,7.287002517841756,417.8890012553893,1,1
1478,object,49181.530539489,34.39899592194706,108.8900025933981,37.11700264830142,4.582994733937085,184.98899589758366,1,1
1479,object,49181.555596719,59.575999330263585,126.71500007854775,39.25700002582744,3.3620017347857356,228.9100011694245,1,1
1480,object,49181.580525256,47.077999624889344,110.51599722122774,33.1819974235259,3.1320014386437833,193.90799570828676,1,1
1481,object,49181.605870095,37.73099888348952,107.15700045693666,34.610995498951524,2.820001100189984,182.31899593956769,1,1
1482,object,49181.630759251,53.1170007889159,125.38600276457146,37.786994653288275,3.612003638409078,219.9020018451847,1,1
1483,object,49181.658035233,70.68800186971202,193.39299615239725,48.50500408792868,6.376001692842692,318.96200380288064,1,1
1484,object,49181.682036312,38.666003092657775,103.2719956128858,32.681004086043686,3.0239971238188446,177.6429999154061,1,1
1485,object,49181.707015239,81.4059967524372,201.35800150455907,67.14100163662806,6.46000262349844,356.3650025171228,1,1
1486,object,49181.731786149,44.403997890185565,112.95900185359642,34.181997762061656,2.9740040190517902,194.51900152489543,1,1
1487,object,49181.755624047,37.589001294691116,96.96599590824917,32.169999030884355,2.43800604948774,169.16300228331238,1,1
1488,object,49181.780317738,86.20100561529398,238.07899560779333,106.77100362954661,7.472001016139984,438.5230058687739,1,1
1489,object,49181.808707926,117.76800238294527,557.3649978032336,99.4829970295541,7.724003808107227,782.3400010238402,1,1
1490,object,49181.833110026,86.62000618642196,193.72099632164463,62.52100138226524,6.9020024966448545,349.7640063869767,1,1
1491,object,49181.858878703,70.15099981799722,286.3929985323921,137.46700278716162,8.190996595658362,502.2019977332093,1,1
1492,object,49181.884276954,71.5080022928305,161.11000149976462,38.43399463221431,4.068002454005182,275.1200008788146,1,1
1493,object,49181.908326279,43.48500078776851,101.47899592993781,31.253999623004347,2.649001544341445,178.86699788505211,1,1
1494,object,49181.937434107,64.80100273620337,127.81300029018894,34.15600076550618,3.741995897144079,230.51199968904257,1,1
1495,object,49181.961590797,53.0440011061728,122.68399586901069,42.869003664236516,3.854998794849962,222.45199943426996,1,1
1496,object,49181.986877678,105.0729988492094,273.4010049607605,87.27599924895912,7.113994797691703,472.8639978566207,1,1
1497,object,49182.012168877,36.15400055423379,95.23199696559459,30.959003197494894,2.941000275313854,165.28600099263713,1,1
1498,object,49182.036960038,53.800002206116915,128.312996821478,35.678000131156296,2.9380025807768106,220.72900173952803,1,1
1499,object,49182.064628256,80.51800250541419,217.75100321974605,37.099998735357076,3.8750004023313522,339.24400486284867,1,1
1500,object,49182.08884195,45.95700011122972,147.2510048188269,40.505001379642636,3.1819945434108377,236.8950008531101,1,1
1501,object,49182.114518079,44.72699947655201,102.78300032950938,32.26900298614055,2.9759976314380765,182.75500042364,1,1
1502,object,49182.139308085,42.49599442118779,106.52000491973013,34.576994949020445,3.0800001695752144,186.67299445951357,1,1
1503,object,49182.163547366,39.43299816455692,114.97400555526838,41.56999784754589,3.116998414043337,199.09399998141453,1,1
1504,object,49182.193051829,92.37199992639944,260.5639965622686,102.90899808751419,8.107999747153372,463.9529943233356,1,1
1505,object,49182.218182971,89.21299740904942,156.0059972689487,47.61900345329195,4.066001565661281,296.90399969695136,1,1
1506,object,49182.242818433,52.686998969875276,124.36200631782413,41.19899676879868,3.5799967008642852,221.82799875736237,1,1
1507,object,49182.268193505,38.632002542726696,124.43900050129741,34.27599585847929,3.086999640800059,200.43399854330346,1,1
1508,object,49182.292838742,89.18399544199929,262.57299759890884,104.11300172563642,7.1110043791122735,462.9809991456568,1,1
1509,object,49182.319317517,46.30399780580774,109.31800352409482,35.10499664116651,2.982997102662921,193.709995073732,1,1
1510,object,49182.344760889,49.73100294591859,110.16400094376877,36.86099807964638,3.235996700823307,199.99199867015705,1,1
1511,object,49182.369336172,35.83799843909219,97.05900447443128,32.19099744455889,2.6190027710981667,167.70700312918052,1,1
1512,object,49182.395061039,50.52299820818007,116.0140018328093,35.57799936970696,3.9199949242174625,206.0349943349138,1,1
1513,object,49182.419842709,41.26499698031694,110.15799827873707,53.96600317908451,3.259003278799355,208.64800171693787,1,1
1514,object,49182.44419632,40.94799805898219,99.89200043492019,31.43199865007773,2.910004695877433,175.18200183985755,1,1
1515,object,49182.473480157,47.12800000561401,149.05499847372994,59.78000262985006,4.410998371895403,260.3739994810894,1,1
1516,object,49182.497784298,55.7550010853447,130.29699766775593,46.17100057657808,3.412002115510404,235.63500144518912,1,1
1517,object,49182.524232122,48.92500146524981,129.81100007891655,46.280998503789306,4.3359978008084,229.35299784876406,1,1
1518,object,49182.548863523,43.81200415082276,135.35699690692127,54.16900239652023,3.8059952203184366,237.1439986745827,1,1
1519,object,49182.57336628,46.29800241673365,107.52499656518921,33.80800626473501,3.0239971238188446,190.65500237047672,1,1
1520,object,49182.602687534,51.21599679114297,153.0880035716109,58.63699334440753,4.364002961665392,267.3049966688268,1,1
1521,object,49182.62720509,40.44399975100532,105.70199810899794,34.95000419206917,3.178996848873794,184.27499890094623,1,1
1522,object,49182.6544303,98.19499973673373,308.648006466683,158.5769932717085,28.266003937460482,593.6860034125857,1,1
1523,object,49182.677800251,77.46300252620131,231.70900385593995,89.7999998414889,6.960995960980654,405.9330021846108,1,1
1524,object,49182.702166994,130.4480028920807,452.0129950833507,185.771998076234,12.288001016713679,780.5209970683791,1,1
1525,object,49182.731124639,89.53699580160901,222.78200049186125,40.39500345243141,5.075999069958925,357.7899988158606,1,1
1526,object,49182.755412548,55.29799818759784,119.25800208700821,37.17199433594942,3.339002432767302,215.06699704332277,1,1
1527,object,49182.781313777,51.47900083102286,122.65000259503722,33.782998798415065,3.426997864153236,211.33900008862838,1,1
1528,object,49182.806064316,53.4310020157136,138.51899711880833,57.96200275653973,3.8899961509741843,253.80199804203585,1,1
1529,object,49182.831982167,81.87600178644061,161.6689987713471,60.48099749023095,4.685003659687936,308.7110017077066,1,1
1530,object,49182.859987873,215.0129948859103,217.04000391764566,57.40099732065573,12.322001566644758,501.77599769085646,1,1
1531,object,49182.884116944,63.89200279954821,176.16900004213676,71.72999903559685,4.777997673954815,316.56899955123663,1,1
1532,object,49182.908936429,48.23400377063081,155.3309994051233,55.23699655896053,4.80900052934885,263.6110002640635,1,1
1533,object,49182.934149407,49.35999459121376,120.49500219291076,41.097002394963056,3.673994797281921,214.6259939763695,1,1
1534,object,49182.958252792,41.78100061835721,108.73700375668705,32.71199966548011,3.301996912341565,186.53200095286593,1,1
1535,object,49182.983437547,35.8969991793856,105.75100168352947,35.78399628167972,2.6269990485161543,180.05899619311094,1,1
1536,object,49183.010367083,64.41299774451181,191.1690051201731,35.14199488563463,3.5330012906342745,294.2569990409538,1,1
1537,object,49183.034974781,54.710995755158365,115.51399802556261,33.57800596859306,3.344997821841389,207.14799757115543,1,1
1538,object,49183.060183531,40.36299651488662,102.01800614595413,33.90299389138818,3.192006261087954,179.47600281331688,1,1
1539,object,49183.084932697,48.517998948227614,178.87700232677162,36.48200072348118,3.1480012694373727,267.0250032679178,1,1
1540,object,49183.109045067,54.750998970121145,122.57700291229412,38.432997826021165,3.6099954741075635,219.370995182544,1,1
1541,object,49183.13583896,76.24200225109234,277.75100170401856,105.41799565544352,7.20900425221771,466.62000386277214,1,1
1542,object,49183.160341233,160.74399900389835,199.8470033868216,46.03099660016596,4.351997631601989,410.9739966224879,1,1
1543,object,49183.184873439,45.082997530698776,141.93099923431873,38.1499994546175,3.6800047382712364,228.84400095790625,1,1
1544,object,49183.20917864,51.07000470161438,121.94399459986016,33.68500620126724,4.022993380203843,210.72199888294563,1,1
1545,object,49183.23539607,44.532003812491894,105.78300134511665,34.991993743460625,2.949003828689456,188.25600272975862,1,1
1546,object,49183.261142154,43.93300332594663,109.8669963539578,31.4190037897788,2.7229980332776904,187.94200150296092,1,1
1547,object,49183.285554866,34.01099820621312,95.80200276104733,31.29700053250417,2.476997906342149,163.58699940610677,1,1
1548,object,49183.311128758,53.562995162792504,110.89900363003835,36.1319980584085,3.0669980333186686,203.66099488455802,1,1
1549,object,49183.336431066,42.059997213073075,112.76100121904165,32.389994885306805,3.1520030461251736,190.3629963635467,1,1
1550,object,49183.360778538,39.44899799535051,100.76999751618132,31.442003091797233,3.015004040207714,174.67600264353678,1,1
1551,object,49183.385347373,54.996002290863544,111.95000115549192,31.199997465591878,3.1989984563551843,201.34499936830252,1,1
1552,object,49183.413030433,43.78299490781501,107.29900532169268,34.004995541181415,3.2579991966485977,188.3449949673377,1,1
1553,object,49183.4389504,101.11300071002916,300.2279991051182,121.11500109313056,13.946002582088113,536.402003490366,1,1
1554,object,49183.463977099,37.88299363804981,98.336000519339,32.98999945400283,2.7650021365843713,171.973995747976,1,1
1555,object,49183.488560488,53.26000245986506,127.81700206687674,37.78099926421419,3.5100019886158407,222.36800577957183,1,1
1556,object,49183.515726243,37.27400326170027,115.33899669302627,38.69400097755715,3.549001121427864,194.85600205371156,1,1
1557,object,49183.540514434,35.89400148484856,110.985005449038,35.06699431454763,3.0430019251070917,184.98900317354128,1,1
1558,object,49183.567055393,113.92399756005034,238.37300250306726,62.48499994399026,9.926996426656842,424.7089964337647,1,1
1559,object,49183.591992884,75.30899893026799,157.38199726911262,41.20800440432504,3.6199999158270657,277.5190005195327,1,1
1560,object,49183.61629757,76.4010037528351,188.84199380408973,42.57700493326411,5.139998393133283,312.9600008833222,1,1
1561,object,49183.641026516,60.23600144544616,113.92499436624348,37.03599941218272,3.668006684165448,214.8650019080378,1,1
1562,object,49183.668490324,46.44200089387596,132.9669976257719,42.82999725546688,3.2509997254237533,225.4899955005385,1,1
1563,object,49183.693272721,55.83700112765655,155.95000149914995,37.05199924297631,3.6999990697950125,252.53900093957782,1,1
1564,object,49183.718609033,41.662999137770385,127.75100185535848,39.592996472492814,2.6370034902356565,211.64400095585734,1,1
1565,object,49183.743554534,82.72300328826532,129.1129956371151,32.63800317654386,2.6850029826164246,247.1590050845407,1,1
1566,object,49183.768083176,52.976996812503785,99.9469993985258,32.79200609540567,2.6179986889474094,188.33400099538267,1,1
1567,object,49183.822889967,53.32200089469552,2.93600169243291,1.882996002677828,7.089998689480126,65.23099727928638,1,0
1568,object,49183.867900641,54.38999505713582,2.0780062186531723,1.4619945432059467,7.344999175984412,65.27499499497935,1,0
1569,object,49183.90716605,43.27900387579575,130.30199625063688,47.30500222649425,3.125001967418939,224.01100432034582,1,1
1570,object,49183.924189847,33.6720040650107,101.31899762200192,34.73499964457005,2.5810004444792867,172.30700177606195,1,1
1571,object,49183.94916885,82.5809984235093,224.11499958252534,72.7320002624765,6.536000000778586,385.96399826928973,1,1
1572,object,49183.974144546,42.907995521090925,131.29400031175464,52.811003115493804,3.60699777957052,230.6199967279099,1,1
1573,object,49184.000251536,50.423994252923876,113.18600445520133,32.25999535061419,3.364002623129636,199.23399668186903,1,1
1574,object,49184.024770212,46.8949947389774,101.11300071002916,31.982999644242227,2.621003659442067,182.61199875269085,1,1
1575,object,49184.054889807,88.88500451575965,293.6429955298081,102.12600318482146,7.479000487364829,492.13300371775404,1,1
1576,object,49184.079257937,46.21900006895885,136.61299453815445,54.150004871189594,3.9340011426247656,240.91600062092766,1,1
1577,object,49184.104054185,75.51699673058465,200.6030044867657,95.3579947235994,5.828005669172853,377.3060016101226,1,1
1578,object,49184.129929364,40.11300188722089,126.51100405491889,34.19899439904839,3.272005415055901,204.09500575624406,1,1
1579,object,49184.154183727,39.78400491178036,100.00899783335626,32.26799890398979,2.344997483305633,174.40599913243204,1,1
1580,object,49184.180626046,60.81599713070318,111.92999954801053,33.32000051159412,2.8800059226341546,208.94600311294198,1,1
1581,object,49184.207102332,47.08099731942639,110.94500223407522,31.915995350573212,3.3010001061484218,193.24299501022324,1,1
1582,object,49184.231377115,35.70399712771177,98.91600348055363,31.887997465673834,2.653003321029246,169.16100139496848,1,1
1583,object,49184.25853394,53.8039967068471,149.65700393076986,49.66099368175492,3.84000304620713,256.961997365579,1,1
1584,object,49184.28325915,56.666001910343766,139.8879976477474,35.15200660331175,3.1189993023872375,234.82500546379015,1,1
1585,object,49184.307327202,40.57600017404184,137.97599967801943,47.15700197266415,3.430002834647894,229.1390046593733,1,1
1586,object,49184.334344112,36.91700112540275,96.10599954612553,30.128001526463777,2.5469998945482075,165.69800209254026,1,1
1587,object,49184.358600638,40.120001358445734,98.49899652181193,32.643001759424806,2.9229995561763644,174.18499919585884,1,1
1588,object,49184.383906029,56.386001233477145,169.6899998933077,63.903004047460854,5.125999450683594,295.1050046249293,1,1
1589,object,49184.408950478,41.197999962605536,128.9530046051368,38.04599691648036,2.7799978852272034,210.9769993694499,1,1
1590,object,49184.433209249,48.173998948186636,113.81899821572006,32.77500218246132,3.178996848873794,197.9469961952418,1,1
1591,object,49184.460859052,123.84400179143995,837.3640011996031,146.312995639164,9.606999810785055,1117.127998440992,1,1
1592,object,49184.485059299,58.96700167795643,128.96200496470556,35.34299321472645,2.7990026865154505,226.0710025439039,1,1
1593,object,49184.510946682,106.77200043573976,351.8369994708337,76.56699744984508,11.272000847384334,546.4479982038029,1,1
1594,object,49184.535683462,43.4969988418743,118.8809983432293,30.71899845963344,2.516004315111786,195.61299995984882,1,1
1595,object,49184.559646998,37.238998629618436,100.75300087919459,31.415002013090998,2.3869943106547,171.79399583255872,1,1
1596,object,49184.589493645,123.64899885142222,371.1240060511045,197.32799410121515,10.670002666302025,702.7710016700439,1,1
1597,object,49184.612907755,43.48200309323147,131.85900024836883,33.93099905224517,3.048997314181179,212.32099970802665,1,1
1598,object,49184.638379424,37.84199361689389,134.0220042038709,68.86899791425094,4.7720022848807275,245.50499801989645,1,1
1599,object,49184.664311768,33.39700197102502,94.82199675403535,31.335999665316194,2.216002030763775,161.77100042114034,1,1
1600,object,49184.690019931,58.09000140288845,135.53100143326446,43.69600355857983,3.569999535102397,240.88700592983514,1,1
1601,object,49184.716919321,48.12800034414977,125.36499707493931,32.92200563009828,2.8340000426396728,209.24900309182703,1,1
1602,object,49184.74142016,34.628006687853485,94.99999578110874,30.905001040082425,2.2769963834434748,162.80999989248812,1,1
1603,object,49184.766959606,109.37899787677452,268.7230007722974,102.93599916622043,7.66000448493287,488.6980023002252,1,1
1604,object,49184.791611831,53.165997087489814,126.21399946510792,37.51100302906707,3.3760006772354245,220.26700025890023,1,1
1605,object,49184.815842332,34.08200427656993,97.87099406821653,42.00400144327432,2.9660004656761885,176.92300025373697,1,1
1606,object,49184.841676938,88.45700358506292,265.81499696476385,104.66800449648872,7.755996193736792,466.6960012400523,1,1
1607,object,49184.868423437,35.07299697957933,107.16300312196836,31.160998332779855,2.954999217763543,176.3519976520911,1,1
1608,object,49184.892406268,34.48499774094671,95.0699977693148,30.536000849679112,2.2630047169514,162.35400107689202,1,1
1609,object,49184.918758187,59.557998611126095,152.3930041003041,71.3379995431751,4.023000656161457,287.31200291076675,1,1
1610,object,49184.94297462,73.01600271603093,176.61399760982022,63.75100201694295,4.551999154500663,317.93300149729475,1,1
1611,object,49184.967502793,36.24200326157734,97.04900003271177,30.965995392762125,2.811000740621239,167.06799942767248,1,1
1612,object,49184.993908789,79.15999594843015,201.31600467721,35.138000384904444,3.087996446993202,318.7019974575378,1,1
1613,object,49185.018483909,48.1489987578243,113.82400407455862,32.1080005960539,2.634995325934142,196.71599875437096,1,1
1614,object,49185.04457081,89.42199929151684,252.14299967046827,114.1399989137426,8.294002327602357,463.99900020333007,1,1
1615,object,49185.069053376,113.67900151526555,361.9049966800958,164.53600255772471,15.523997717536986,655.643998470623,1,1
1616,object,49185.094392817,43.97599695948884,99.25899939844385,31.584000680595636,2.5089975679293275,177.32799460645765,1,1
1617,object,49185.121417667,45.21700611803681,115.19200052134693,36.35799657786265,3.1579984351992607,199.92500165244564,1,1
1618,object,49185.146162345,46.93099617725238,130.20900223637,50.401002226863056,3.9139995351433754,231.4550001756288,1,1
1619,object,49185.171863984,64.9880021228455,142.78099843068048,33.86600292287767,3.21200059261173,244.84700406901538,1,1
1620,object,49185.197336503,66.64900138275698,204.1710031335242,32.76899951742962,3.392000508029014,306.9810045417398,1,1
1621,object,49185.221189647,31.487994419876486,86.68500231578946,29.552000341936946,2.7389978640712798,150.46399494167417,1,1
1622,object,49185.247209789,49.029004003386945,116.0019965027459,31.709001632407308,3.0379960662685335,199.77799820480868,1,1
1623,object,49185.272521791,43.49600203568116,116.64199701044708,32.10600698366761,3.101995389442891,195.34600141923875,1,1
1624,object,49185.323280664,110.61500117648393,5.723995855078101,2.958004188258201,10.559000656940043,129.85600187676027,1,0
1625,object,49185.367991931,94.97399878455326,2.5190020096488297,2.1289961296133697,7.560003723483533,107.18200064729899,1,0
1626,object,49185.412859941,45.84699490806088,2.4129985831677914,1.2410018825903535,5.886002327315509,55.38699770113453,1,0
1627,object,49185.444504221,87.19700417714193,260.05499967141077,130.8779974351637,7.768998329993337,485.89899961370975,1,1
1628,object,49185.468705089,46.13400233210996,112.06600174773484,35.047996789216995,3.5620032576844096,196.8100041267462,1,1
1629,object,49185.493324096,80.37399675231427,235.46699958387762,99.75000284612179,7.378999725915492,422.9699989082292,1,1
1630,object,49185.520631436,64.34500392060727,173.25700173387304,67.21599493175745,4.642002750188112,309.46000333642587,1,1
1631,object,49185.544746799,55.45200110645965,140.39999950909987,55.18499528989196,27.227004466112703,278.2640003715642,1,1
1632,object,49185.593080289,94.39099812880158,4.993999027647078,2.878005034290254,13.475997548084706,115.73899973882362,1,0
1633,object,49185.637849888,49.28999987896532,1.8709979485720396,1.052998413797468,6.362002750393003,58.57599899172783,1,0
1634,object,49185.682928458,52.18199657974765,2.3800021153874695,1.3449971447698772,6.6590000642463565,62.56599590415135,1,0
1635,object,49185.727871096,47.12399822892621,2.30599835049361,1.2980017345398664,5.627996870316565,56.35599518427625,1,0
1636,object,49185.737024763,57.79499770142138,135.5720014544204,41.868996049743146,3.7580030038952827,238.9939982094802,1,1
1637,object,49185.761725876,80.05100244190544,268.516996584367,107.14199743233621,7.396003638859838,463.1060000974685,1,1
1638,object,49185.788751397,72.35899829538539,271.1530032684095,107.35900286817923,7.6079959399066865,458.47900037188083,1,1
1639,object,49185.812838877,45.729000703431666,112.86100198049098,51.49999924469739,3.187000402249396,213.27700233086944,1,1
1640,object,49185.863084887,90.28299973579124,4.875997547060251,2.8810027288272977,11.985997844021767,110.02599785570055,1,0
1641,object,49185.907877555,56.55099812429398,2.724998921621591,1.3360040611587465,7.09499727236107,67.70699837943539,1,0
1642,object,49185.952877167,43.8089991803281,2.426000719424337,1.2949967640452087,6.048001523595303,53.57799818739295,1,0
1643,object,49185.998128437,91.92700235871598,4.481000360101461,2.854998456314206,11.90199691336602,111.16499808849767,1,0
1644,object,49186.030793433,37.07900032168254,96.21099889045581,30.86500510107726,2.7809946914203465,166.93599900463596,1,1
1645,object,49186.057422442,42.53999941283837,105.33500608289614,30.939998396206647,2.325999957975,181.14100384991616,1,1
1646,object,49186.082110415,73.58799484791234,204.6250010607764,72.06600275821984,5.629000952467322,355.9079996193759,1,1
1647,object,49186.106378295,35.637996916193515,97.74600039236248,32.54100010963157,2.4280016077682376,168.3529990259558,1,1
1648,object,49186.133508883,54.889998864382505,177.01600154396147,66.03699875995517,3.759996616281569,301.7029957845807,1,1
1649,object,49186.157221331,46.70199996326119,104.88199768587947,31.78400220349431,2.569002390373498,185.93700224300846,1,1
1650,object,49186.182471949,80.4230003268458,158.99399295449257,31.942006899043918,2.8279973776079714,274.18699755799025,1,1
1651,object,49186.210750492,36.2069986294955,117.04700591508299,33.9439939125441,5.247005901765078,192.44500435888767,1,1
1652,object,49186.235246361,43.09500218369067,97.999996796716,30.993003747425973,2.730994310695678,174.81899703852832,1,1
1653,object,49186.261399184,48.75200102105737,119.99100388493389,42.212996049784124,3.821005520876497,214.77700647665188,1,1
1654,object,49186.285992941,113.81399963283911,251.28700508503243,101.95600043516606,7.336995622608811,474.3940007756464,1,1
1655,object,49186.311276568,46.12000338966027,107.18499834183604,32.7320012729615,2.85999703919515,188.89700004365295,1,1
1656,object,49186.33953163,76.41300180694088,182.35699826618657,43.64000051282346,5.023997800890356,307.43399838684127,1,1
1657,object,49186.363724474,76.21799886692315,190.6589968712069,74.74300218746066,5.014997441321611,346.63499536691234,1,1
1658,object,49186.389605749,43.19200525060296,110.9469958464615,32.296004064846784,3.631997969932854,190.0670031318441,1,1
1659,object,49186.413931471,43.944004573859274,117.72300058510154,32.78599615441635,2.7269998099654913,197.18000112334266,1,1
1660,object,49186.437975464,46.1959934909828,101.17000056197867,45.366003178060055,4.936002369504422,197.66799960052595,1,1
1661,object,49186.467049856,44.929001887794584,112.45899804634973,36.97600186569616,3.3769974834285676,197.74099928326905,1,1
1662,object,49186.491161196,56.023003708105534,134.96099563781172,43.582003854680806,3.517001459840685,238.08300466043875,1,1
1663,object,49186.517308041,45.71599856717512,119.6570010506548,34.42099841777235,3.2280004234053195,203.0219984590076,1,1
1664,object,49186.541606907,48.524001613259315,111.55899846926332,31.390001822728664,3.2270036172121763,194.70000552246347,1,1
1665,object,49186.566455035,49.60899968864396,113.19400073261932,31.955998565535992,2.574000973254442,197.3329999600537,1,1
1666,object,49186.594095457,93.91099592903629,522.0380044193007,213.644998439122,9.465999028179795,839.0599978156388,1,1
1667,object,49186.618323733,55.919001169968396,111.82299931533635,32.971001928672194,2.8330032364465296,203.54600565042347,1,1
1668,object,49186.643551251,39.16899731848389,137.47600314673036,36.946003092452884,3.29299655277282,216.88400011043996,1,1
1669,object,49186.668716768,91.21800394495949,261.9749939185567,104.49700494064018,7.584996637888253,465.27499944204465,1,1
1670,object,49186.692813809,130.28900139033794,370.552996173501,130.21400081925094,8.19800334284082,639.2540017259307,1,1
1671,object,49186.719373937,62.620005337521434,207.8709949273616,88.16300396574661,5.967995093669742,364.6219993242994,1,1
1672,object,49186.743644632,45.136999688111246,107.74600377772003,34.61599408183247,2.8550057322718203,190.35400327993557,1,1
1673,object,49186.768952919,101.05499677592888,179.03999832924455,37.983998481649905,3.215005563106388,321.29399914992973,1,1
1674,object,49186.794917007,34.03300070203841,107.93899855343625,35.19500023685396,2.7510031941346824,179.9180026864633,1,1
1675,object,49186.820435737,55.07199966814369,127.575003716629,39.161997847259045,4.130000888835639,225.93900212086737,1,1
1676,object,49186.848991234,46.34799552150071,112.14100231882185,40.081999031826854,3.455003025010228,202.02599989715964,1,1
1677,object,49186.875236383,46.58500256482512,116.67999933706596,33.349999284837395,2.902997948694974,199.51799913542345,1,1
1678,object,49186.901961736,46.212000597734004,104.92000001249835,31.20299516012892,2.7429996407590806,185.07799541112036,1,1
1679,object,49186.926906581,48.83499786956236,127.11199815385044,31.420000595971942,3.236003976780921,210.60300059616566,1,1
1680,object,49186.951231898,45.55000487016514,114.9989984696731,33.416996302548796,3.1090021366253495,197.07500177901238,1,1
1681,object,49186.978293209,91.55699808616191,309.7000007983297,109.9520013667643,7.773996912874281,518.9829971641302,1,1
1682,object,49187.002740998,46.02699482347816,115.28400500537828,34.38999556237832,4.146000719629228,199.84699611086398,1,1
1683,object,49187.02821832,44.057997001800686,104.44300278322771,31.28499520244077,3.1240051612257957,182.91000014869496,1,1
1684,object,49187.05364958,125.99400361068547,361.9310009526089,166.57899686833844,10.966003173962235,665.470004605595,1,1
1685,object,49187.078044085,103.94299897598103,278.9959980873391,109.04900409514084,7.593996997456998,499.581998155918,1,1
1686,object,49187.105443215,87.61099888943136,261.79900305578485,109.36900071101263,8.538001566193998,467.31700422242284,1,1
1687,object,49187.12967009,57.01799818780273,157.8900046297349,35.13699630275369,3.7710051401518285,253.81600426044315,1,1
1688,object,49187.154414199,39.687001844868064,110.11699825758114,33.12199987703934,2.830995072145015,185.75699505163357,1,1
1689,object,49187.180870619,120.63100439263508,360.66799657419324,167.51699877204373,10.424002539366484,659.2400022782385,1,1
1690,object,49187.204839839,93.55299698654562,269.9719989323057,102.6760000968352,7.854003342799842,474.0549993584864,1,1
1691,object,49187.230824494,70.43900404823944,177.70499835023656,39.721999200992286,4.089000867679715,291.955002467148,1,1
1692,object,49187.256402336,63.89500049408525,181.4379938878119,56.39300070470199,4.664005246013403,306.39000033261254,1,1
1693,object,49187.28062739,54.356001783162355,127.13999603874981,37.62400592677295,3.4559998312033713,222.5760035798885,1,1
1694,object,49187.306296882,63.01599933067337,143.25600204756483,43.948995880782604,5.977999535389245,256.19899679441005,1,1
1695,object,49187.330676437,41.49800224695355,100.11599806603044,30.711002182215452,2.9849979910068214,175.31000048620626,1,1
1696,object,49187.354871327,50.80200207885355,134.27800149656832,36.24699456850067,3.1090021366253495,224.4360002805479,1,1
1697,object,49187.381521896,40.186998376157135,123.54399950709194,48.986999900080264,4.013003490399569,216.7310012737289,1,1
1698,object,49187.405919682,56.384000345133245,180.85999909089878,34.372998925391585,3.335000656079501,274.9519990175031,1,1
1699,object,49187.430303727,42.692001443356276,101.35200136573985,30.991999665275216,2.6749985408969223,177.71100101526827,1,1
1700,object,49187.455727138,32.5539949699305,90.56300041265786,34.37999839661643,2.6330017135478556,160.12999549275264,1,1
1701,object,49187.480104948,41.699000576045364,109.08299736911431,34.10899807931855,2.941000275313854,187.83199629979208,1,1
1702,object,49187.5062768,87.67499821260571,244.76700491504744,102.24899597233161,7.93800427345559,442.62900337344036,1,1
1703,object,49187.532348862,81.03399886749685,202.94400019338354,57.064004067797214,5.294001311995089,346.3360044406727,1,1
1704,object,49187.556427538,53.63099626265466,126.35400344152004,41.85199941275641,3.4909971873275936,225.3279963042587,1,1
1705,object,49187.582460889,52.31199611444026,106.28600284690037,31.256000511348248,2.4659966584295034,192.3199961311184,1,1
1706,object,49187.607094904,35.523000406101346,107.87599603645504,31.676005164626986,2.6959969545714557,177.77099856175482,1,1
1707,object,49187.631222795,41.8720010202378,98.33200601860881,29.923998226877302,2.8469949029386044,172.97500016866252,1,1
1708,object,49187.658559444,37.432000681292266,131.4430046477355,40.54600140079856,6.388996553141624,215.81000328296795,1,1
1709,object,49187.682545705,38.11199712799862,103.6930043483153,32.623000151943415,2.4839973775669932,176.91199900582433,1,1
1710,object,49187.709097734,73.50800296990201,225.93500034417957,99.61800242308527,6.842994480393827,405.9040002175607,1,1
1711,object,49187.732624967,99.45099736796692,262.1180028654635,143.63999798661098,8.044000423979014,513.2529986440204,1,1
1712,object,49187.756242115,55.935001000761986,162.1510018594563,37.52100019482896,5.485999281518161,261.0930023365654,1,1
1713,object,49187.783535142,28.529000701382756,95.63099592924118,34.12900696275756,2.4849941837601364,160.77399777714163,1,1
1714,object,49187.807775766,59.37900277785957,125.51299732876942,36.97400097735226,9.909002983476967,231.7750040674582,1,1
1715,object,49187.832548158,36.030993214808404,98.53300434770063,33.1190021825023,2.8989961720071733,170.5819959170185,1,1
1716,object,49187.857775878,64.63599856942892,113.7610015575774,35.837001632899046,3.401997673790902,217.63599943369627,1,1
1717,object,49187.88217621,95.33300180919468,248.60299890860915,100.26000381913036,7.312999514397234,451.50900405133143,1,1
1718,object,49187.907907422,56.68800440616906,167.38599515520036,54.60700049297884,5.045003490522504,283.72600354487076,1,1
1719,object,49187.933423834,36.165001802146435,99.26799975801259,35.13699630275369,2.5370027287863195,173.10700059169903,1,1
1720,object,49187.957647804,58.49399894941598,136.52399502461776,36.4480001735501,3.4289987524971366,234.89499290008098,1,1
1721,object,49187.984769719,45.96399958245456,124.05300367390737,38.630001654382795,3.5729972296394408,212.22000214038417,1,1
1722,object,49188.009827618,34.53100362094119,108.05299825733528,38.66099723381922,2.7749993023462594,184.01999841444194,1,1
1723,object,49188.036699035,53.46899706637487,122.78500071261078,35.117998777423054,3.0740047805011272,214.44600133690983,1,1
1724,object,49188.062859123,39.639002352487296,128.75699758296832,41.705003241077065,3.8250000216066837,213.92600319813937,1,1
1725,object,49188.086670828,44.820997572969645,126.74600293394178,39.336999179795384,3.449000359978527,214.35300004668534,1,1
1726,object,49188.112952222,170.57100194506347,391.7079957318492,85.46100434614345,6.32999581284821,654.0699978359044,1,1
1727,object,49188.136567618,76.55200170120224,234.21499645337462,159.19800353003666,11.231997632421553,481.1969993170351,1,1
1728,object,49188.161445518,100.31800047727302,232.67199867404997,159.12999515421689,16.57900429563597,508.69899860117584,1,1
1729,object,49188.189697013,46.95200186688453,111.69400386279449,33.70799822732806,3.121000190731138,195.47500414773822,1,1
1730,object,49188.213916673,44.28300599101931,131.33899483364075,33.76200038474053,3.2700045267120004,212.6540057361126,1,1
1731,object,49188.239109205,43.688996811397374,107.39300341811031,31.682997359894216,2.925997250713408,185.6909948401153,1,1
1732,object,49188.263937276,33.780997910071164,105.81900278339162,33.06899452582002,2.487002348061651,175.15599756734446,1,1
1733,object,49188.288862259,87.99799979897216,271.1529959924519,107.3300009011291,7.506001566071063,473.9869982586242,1,1
1734,object,49188.317115377,55.511998652946204,14.5820013131015,1.4379984349943697,49.03700028080493,120.568998681847,2,1
1735,object,49188.340985511,75.8480018703267,117.37200111383572,31.996998586691916,2.868000592570752,228.0850021634251,2,1
1736,object,49188.367148431,75.24499960709363,145.70799976354465,52.35899880062789,4.923000233247876,278.23499840451404,2,1
1737,object,49188.393559288,151.82499919319525,356.74100217875093,171.31099593825638,13.87300289934501,693.7500002095476,2,1
1738,object,49188.417233302,66.5400002617389,165.0019985390827,57.05199873773381,4.713001544587314,293.3069990831427,2,1
1739,object,49188.443786913,54.04500552685931,139.22799553256482,63.92499926732853,4.899004125036299,262.09700445178896,2,1
1740,object,49188.467933434,82.58399611804634,163.3200008654967,38.59699791064486,4.421999619808048,288.92299451399595,2,1
1741,object,49188.493726022,135.70499868365005,328.37600156199187,1.5389960026368499,60.8890040894039,526.5090003376827,3,1
1742,object,49188.518316652,47.98900044988841,128.91300139017403,28.317001124378294,3.6529963836073875,208.87199934804812,3,1
1743,object,49188.541950686,65.73000428033993,145.5999954487197,30.657000024802983,4.09800122724846,246.08500098111108,3,1
1744,object,49188.568640536,70.06999658187851,181.531002453994,38.62499579554424,4.712004738394171,294.9379995698109,3,1
1745,object,49188.593587983,85.11300256941468,180.62599701806903,55.012998927850276,6.194000889081508,326.9459994044155,3,1
1746,object,49188.618367757,80.58599632931873,182.48600099468604,49.492999096401036,5.355002940632403,317.9199993610382,3,1
1747,object,49188.643091485,118.30199946416542,311.03000219445676,92.31700096279383,9.491996024735272,531.1409986461513,3,1
1748,object,49188.666507207,55.80199649557471,123.47500160103664,29.48899782495573,3.606000973377377,212.37199689494446,3,1
1749,object,49188.690183134,72.48500332934782,118.64299449371174,27.499001589603722,3.578999894671142,222.20599930733442,3,1
1750,object,49188.716480624,194.03599435463548,280.751999525819,37.0760026271455,29.656002880074084,541.519999387674,3,1
1751,object,49188.740676965,117.37400200217962,292.2120038419962,75.61899838037789,8.440998499281704,493.6460027238354,3,1
1752,object,49188.76687415,290.09999707341194,599.6109975967556,99.91300612455234,12.041993613820523,1001.6659944085404,3,1
1753,object,49188.793542936,54.13500184658915,136.3669944112189,32.02700463589281,3.855995601043105,226.38499649474397,3,1
1754,object,49188.818318543,46.55999509850517,119.85900346189737,35.60500044841319,6.754999049007893,208.77899805782363,2,1
1755,object,49188.845882811,70.14299626462162,250.82199863390997,33.217002055607736,5.513000360224396,359.6949973143637,2,1
1756,object,49188.870400082,49.098001909442246,144.78599769063294,32.00900391675532,3.6569981602951884,229.5500016771257,2,1
1757,object,49188.895388709,48.052999773062766,121.49599933763966,29.476999770849943,3.0320006771944463,202.05799955874681,2,1
1758,object,49188.920090023,64.62100282078609,149.6639961260371,33.110001822933555,3.587003448046744,250.98200421780348,2,1
1759,object,49188.944153806,78.39200407033786,169.81299995677546,33.903997973538935,4.385001375339925,286.4940033759922,2,1
1760,object,49188.968965079,48.12699626199901,128.079998830799,30.1020045299083,2.834996848832816,209.14399647153914,2,1
1761,object,49188.995933424,253.99000151082873,267.9530007299036,40.708997403271496,4.703004378825426,567.3550040228292,2,1
1762,object,49189.019419044,54.29299926618114,135.57299826061353,33.23399869259447,3.440000000409782,226.53999621979892,2,1
1763,object,49189.044728223,169.63300004135817,159.68299703672528,30.449999030679464,4.079003701917827,363.84499981068075,2,1
1764,object,49189.069770087,51.98900180403143,137.7059961669147,31.559000490233302,3.3579999580979347,224.61199841927737,2,1
1765,object,49189.095128351,114.618000225164,670.4339975840412,34.85900379018858,4.005996743217111,823.9169983426109,2,1
1766,object,49189.12178347,38.17999822786078,119.2499985336326,30.123002943582833,3.6720011848956347,191.22500088997185,1,1
1767,object,49189.14646925,41.24499537283555,100.14800500357524,31.415002013090998,2.706998202484101,175.51500059198588,1,1
1768,object,49189.171728137,55.739998060744256,118.17100312327966,32.85300044808537,3.2729949452914298,210.0369965774007,1,1
1769,object,49189.196563799,108.46099758055061,195.62600209610537,53.10300184646621,5.882997356820852,363.07299887994304,1,1
1770,object,49189.221029841,43.77699951874092,106.52199853211641,38.87899947585538,3.3510004868730903,192.5289980135858,1,1
1771,object,49189.246740192,59.24300057813525,158.15799997653812,84.03699757764116,5.487003363668919,306.92500149598345,1,1
1772,object,49189.270766,38.728998333681375,103.88899681856856,32.92600013082847,2.5500048650428653,178.09400014812127,1,1
1773,object,49189.295787391,58.34799958392978,191.23100355500355,37.013000110164285,4.034998710267246,290.62700195936486,1,1
1774,object,49189.321522243,47.84799966728315,111.53500236105174,31.97999467374757,2.896005753427744,194.2590024555102,1,1
1775,object,49189.346780281,90.18800483318046,266.4619969436899,103.31500379834324,7.618997187819332,467.5840027630329,1,1
1776,object,49189.373997015,93.31200271844864,319.8240010533482,170.3730013105087,9.205999958794564,592.7150050411001,1,1
1777,object,49189.39833248,48.1509996461682,149.16800137143582,50.44799763709307,2.9180009732954204,250.6849996279925,1,1
1778,object,49189.423894403,47.47600178234279,137.65200128545985,40.81499355379492,3.2190000638365746,229.16199668543413,1,1
1779,object,49189.449187732,61.175000155344605,230.35799677018076,96.83000098448247,6.9309971877373755,395.2939950977452,1,1
1780,object,49189.47291758,49.762995331548154,125.28899969765916,34.66700582066551,3.096996806561947,212.81599765643477,1,1
1781,object,49189.497285509,50.572001782711595,122.68099817447364,41.0979992011562,3.5049961297772825,217.85599528811872,1,1
1782,object,49189.524188997,39.49700476368889,103.77599392086267,33.03000266896561,3.3660035114735365,179.6690048649907,1,1
1783,object,49189.54857376,70.1589960954152,141.56800170894712,40.043996705207974,3.940003807656467,255.71099831722677,1,1
1784,object,49189.573189887,39.17400317732245,105.6929977494292,37.20499807968736,2.667999069672078,184.73999807611108,1,1
1785,object,49189.597464959,42.31899947626516,102.4390003294684,30.56399873457849,2.8340000426396728,178.15599858295172,1,1
1786,object,49189.623282343,46.03800334734842,103.90499664936215,32.123003620654345,2.9849979910068214,185.05100160837173,1,1
1787,object,49189.650252726,62.66599666560069,156.95099864387885,54.2960042366758,4.538000212050974,278.4509997582063,1,1
1788,object,49189.674280964,53.864998335484415,183.37000074097887,42.746003600768745,2.6179986889474094,282.59900136617944,1,1
1789,object,49189.699382595,48.288005928043276,137.11599603993818,34.61300366325304,3.3189935493282974,223.3359991805628,1,1
1790,object,49189.723620499,31.962001230567694,100.68200208479539,33.93399674678221,2.858003426808864,169.43600348895416,1,1
1791,object,49189.747672085,86.5379988681525,144.54100164584816,44.26200030138716,5.3299954743124545,280.67099628970027,1,1
1792,object,49189.774971685,360.01599801238626,500.00700139207765,127.2529989364557,9.508999937679619,996.7849982785992,1,1
1793,object,49189.798436859,157.02600649092346,188.0529962363653,55.6070008315146,4.879002517554909,405.56500607635826,1,1
1794,object,49189.853050586,61.0189963481389,3.039000148419291,2.3030006559565663,7.625996659044176,73.98699381155893,1,0
1795,object,49189.897853099,53.32400178303942,2.316002792213112,1.524997060187161,6.953996489755809,64.1189981251955,1,0
1796,object,49189.942757984,54.722004279028624,139.06099775340408,46.54200165532529,15.239995263982564,255.56499895174056,1,1
1797,object,49189.967502616,57.777004258241504,120.46800111420453,40.70800059707835,3.5759949241764843,222.52900089370087,1,1
1798,object,49189.991680523,58.88799933018163,200.9009986068122,108.5519979824312,6.310001481324434,374.6509974007495,1,1
1799,object,49190.015828238,42.15799708617851,102.62900468660519,43.670996092259884,3.1180024961940944,191.57600036123767,1,1
1800,object,49190.042674421,110.95000081695616,308.0590031458996,71.73299673013389,8.296003215946257,499.03800390893593,1,1
1801,object,49190.066861531,50.2660041092895,160.69999401224777,59.874000726267695,3.8130019675008953,274.65300081530586,1,1
1802,object,49190.107906451,59.17400267207995,16.72499638516456,1.8700011423788965,6.515001587104052,84.28400178672746,1,0
1803,object,49190.152931101,52.98199539538473,2.2470048861578107,1.4049946912564337,6.726004357915372,63.359999330714345,1,0
1804,object,49190.197724034,29.152004572097212,1.7950005712918937,1.0229996405541897,3.787994501180947,35.75799928512424,1,0
1805,object,49190.243076857,96.34299931349233,5.114001396577805,2.6839989004656672,12.05200533149764,116.19300494203344,1,0
1806,object,49190.287831255,46.60299600800499,1.7830025171861053,1.30099942907691,6.080997991375625,55.767995945643634,1,0
1807,object,49190.332823183,54.336000175680965,2.2280000848695636,1.8459977582097054,6.560003384947777,64.97000140370801,1,0
1808,object,49190.378118413,106.76999954739586,5.232002877164632,2.8369977371767163,12.58800330106169,127.4270034627989,1,0
1809,object,49190.422854753,56.623997807037085,2.3710017558187246,1.2840027920901775,6.6209977376274765,66.90000009257346,1,0
1810,object,49190.445838963,70.97300112945959,194.95399465085939,49.563001084607095,4.465000529307872,319.95499739423394,1,1
1811,object,49190.470554405,53.35299647413194,139.1500045428984,49.760994443204254,3.754001227207482,246.01799668744206,1,1
1812,object,49190.496356356,44.567001168616116,119.93999942205846,33.75799860805273,3.9139995351433754,202.17899873387069,1,1
1813,object,49190.520579971,65.37499575642869,152.45100075844675,66.19199848501012,3.5430057323537767,287.56100073223934,1,1
1814,object,49190.544415152,43.60100138001144,111.01400014013052,37.05199924297631,2.6810012059286237,194.3480019690469,1,1
1815,object,49190.571809689,63.07200237642974,125.30900130514055,51.26000178279355,3.502995241433382,243.14400070579723,1,1
1816,object,49190.59642084,100.84700625156984,122.61899973964319,32.54599869251251,2.5749977794475853,258.5870024631731,1,1
1817,object,49190.647830445,44.55399903235957,2.287000825162977,1.2599994079209864,5.69500116398558,53.796000429429114,1,0
1818,object,49190.693111067,117.4080025521107,5.978996341582388,3.9480000850744545,12.74500391446054,140.08000289322808,1,0
1819,object,49190.737854941,46.173998271115124,1.9860017346218228,1.553002221044153,5.837995558977127,55.55099778575823,1,0
1820,object,49190.768440261,34.97699799481779,97.29099838295951,35.86799721233547,2.8520007617771626,170.98799435188994,1,1
1821,object,49190.793348012,82.97699969261885,172.36600251635537,37.32000186573714,3.888999344781041,296.5520034194924,1,1
1822,object,49190.816715341,69.43999323993921,261.01700495928526,120.43299648212269,7.982001989148557,458.8719966704957,1,1
1823,object,49190.845522779,113.46700193826109,327.69500103313476,149.76599777583033,12.324999261181802,603.253000008408,1,1
1824,object,49190.869768777,66.93399336654693,219.36200209893286,56.076001783367246,7.490998541470617,349.86299579031765,1,1
1825,object,49190.917857139,48.98499901173636,2.4080000002868474,1.3379976735450327,5.92600554227829,58.65700222784653,1,0
1826,object,49190.963034225,70.03099744906649,3.9090009522624314,2.535998646635562,9.429000783711672,85.90499783167616,1,0
1827,object,49191.007854178,51.70700023882091,2.2319945855997503,1.3110038707964122,6.665002729278058,61.91500142449513,1,0
1828,object,49191.015296329,43.34400000516325,124.65699546737596,32.34400355722755,2.7049973141402006,203.04999634390697,1,1
1829,object,49191.040724826,36.05399979278445,94.83200119575486,30.82599869230762,2.6039997464977205,164.31599942734465,1,1
1830,object,49191.065781835,87.3120006872341,259.12699493346736,105.19400530029088,7.671995263081044,459.3049961840734,1,1
1831,object,49191.08973958,118.26599802589044,484.9280012422241,181.66000518249348,11.216994607821107,796.0709990584292,1,1
1832,object,49191.118312135,91.2020041141659,169.68700219877064,52.77299351291731,4.67000063508749,318.33200046094134,1,1
1833,object,49191.142048861,69.04299516463652,147.31600094819441,39.0920031350106,3.5630000638775527,259.0139993117191,1,1
1834,object,49191.167526125,63.15100472420454,147.1029972890392,57.53699952038005,5.2679970394819975,273.0589985731058,1,1
1835,object,49191.191919553,35.57799936970696,139.84199904371053,53.72300074668601,3.282999387010932,232.42599854711443,1,1
1836,object,49191.216383688,86.80699829710647,204.06600378919393,62.617000367026776,4.861001798417419,358.3510042517446,1,1
1837,object,49191.24548486,137.12899817619473,356.7710009519942,88.0759980645962,7.770999218337238,589.7469964111224,1,1
1838,object,49191.269061693,39.59199966629967,100.66300455946475,31.629999284632504,2.836000930983573,174.7210044413805,1,1
1839,object,49191.322835413,44.47000537766144,2.3809989215806127,1.1779993656091392,5.715999577660114,53.7450032425113,1,0
1840,object,49191.368230983,121.56300363130867,5.581001460086554,3.41199483955279,14.22300556441769,144.7790054953657,1,0
1841,object,49191.412903892,144.96399671770632,2.7240021154284477,1.4660035958513618,8.789997082203627,157.94399951118976,1,0
1842,object,49191.457869992,46.33199569070712,1.9979997887276113,1.1680021998472512,6.094000127632171,55.59199780691415,1,0
1843,object,49191.50290559,66.59399514319375,3.360000846441835,1.4620018191635609,8.137001714203507,79.55299952300265,1,0
1844,object,49191.547830287,46.60299600800499,2.453998604323715,1.0120056685991585,6.241993105504662,56.31099338643253,1,0
1845,object,49191.593077758,100.28199903899804,4.9660011427477,3.177003236487508,12.831995263695717,121.25699868192896,1,0
1846,object,49191.628825374,57.02899943571538,275.29900398803875,53.496994951274246,4.494002496358007,390.3190008713864,1,1
1847,object,49191.653133594,38.958001823630184,111.05299927294254,32.51499583711848,2.574000973254442,185.09999790694565,1,1
1848,object,49191.677527521,75.23499516537413,242.4970007268712,86.94400457898155,6.520000169984996,411.19600064121187,1,1
1849,object,49191.701746044,39.12900137947872,103.753998700995,33.71700586285442,2.5509943952783942,179.15100033860654,1,1
1850,object,49191.725494597,44.500004150904715,115.31899508554488,38.59700518660247,3.1329982448369265,201.549002667889,1,1
1851,object,49191.749194063,40.49300332553685,102.0459967548959,31.378003768622875,2.576998667791486,176.4940025168471,1,1
1852,object,49191.775249053,43.757005187217146,112.48699593124911,33.67099998285994,3.111999831162393,193.0270009324886,1,1
1853,object,49191.799305018,52.092997066210955,126.53900193981826,35.10499664116651,3.092005499638617,216.82900114683434,1,1
1854,object,49191.824424158,159.98999879229814,264.03399533592165,64.96800051536411,8.207003702409565,497.19899834599346,1,1
1855,object,49191.848571397,37.480000173673034,122.4450024892576,35.277000279165804,2.434993803035468,197.6369967451319,1,1
1856,object,49191.872130351,56.794997362885624,125.53799751913175,40.71100556757301,3.682995156850666,226.72699560644105,1,1
1857,object,49191.899071552,43.97600423544645,111.5019986173138,32.38800127292052,3.234999894630164,191.10100402031094,1,1
1858,object,49191.923576454,43.646003177855164,125.84399519255385,49.04600064037368,3.9030055631883442,222.43900457397103,1,1
1859,object,49191.948278588,58.33899922436103,141.9039981556125,35.70300032151863,3.5990015021525323,239.5449992036447,1,1
1860,object,49191.972715516,46.808003389742225,145.59099508915097,70.17500320216641,3.854001988656819,266.4280036697164,1,1
1861,object,49191.998165949,44.08400127431378,139.07099491916597,54.37900108518079,3.6420024116523564,241.1759996903129,1,1
1862,object,49192.02213804,58.94499918213114,151.1939990450628,47.58800059789792,3.845998435281217,261.5729972603731,1,1
1863,object,49192.049808939,47.81499592354521,115.57299876585603,56.18700379272923,5.688001692760736,225.2630001748912,1,1
1864,object,49192.075616066,56.42399628413841,154.06100283144042,58.80300159333274,4.283996531739831,273.5719972406514,1,1
1865,object,49192.100680283,44.39400072442368,107.10700007621199,48.18700108444318,3.8869984564371407,203.575000341516,1,1
1866,object,49192.124740758,43.20500011090189,108.92900172621012,32.03799860784784,2.8909998945891857,187.06300033954903,1,1
1867,object,49192.148700102,32.935000490397215,92.86400018027052,31.82899672538042,2.531000063754618,160.15899745980278,1,1
1868,object,49192.17456832,49.49400317855179,122.93499457882717,39.30900129489601,2.7810019673779607,214.51900101965293,1,1
1869,object,49192.198384636,41.526000131852925,101.30399459740147,32.139003451447934,2.7369969757273793,177.7059951564297,1,1
1870,object,49192.223452619,37.849000364076346,111.7409992730245,41.421000787522644,2.9709990485571325,193.98199947318062,1,1
1871,object,49192.247572733,41.620995034463704,117.45700612664223,34.733995562419295,2.9660004656761885,196.77799718920141,1,1
1872,object,49192.271383374,35.80799966584891,95.9899989538826,31.073999707587063,2.392000169493258,165.26399849681184,1,1
1873,object,49192.299440363,49.96800271328539,129.81299369130284,37.47700247913599,4.284003807697445,221.54200269142166,1,1
1874,object,49192.323680297,50.74000364402309,120.12599472654983,31.05700307060033,2.840999513864517,204.76400095503777,1,1
1875,object,49192.348174182,43.68800000520423,113.6110004154034,35.59399920050055,3.1529998523183167,196.0459994734265,1,1
1876,object,49192.373514032,33.46599987708032,97.54000348038971,34.79099541436881,2.573004167061299,168.37000293890014,1,1
1877,object,49192.398319163,91.76999446935952,249.89200028358027,105.10100401006639,7.830996764823794,454.59399552783,1,1
1878,object,49192.421636795,42.656000005081296,109.55199832096696,32.40699879825115,2.2630047169514,186.8780018412508,1,1
1879,object,49192.448441061,35.355995350982994,101.49700392503291,31.194998882710934,2.993001544382423,171.04099970310926,1,1
1880,object,49192.47255098,53.61200601328164,125.52799307741225,39.69800309278071,3.6609999369829893,222.4990021204576,1,1
1881,object,49192.497965347,85.76099935453385,246.46100064273924,56.80900358129293,4.6439963625743985,393.6749999411404,1,1
1882,object,49192.52189829,63.070001488085836,169.55799947027117,54.064003052189946,4.677996912505478,291.37000092305243,1,1
1883,object,49192.545660813,64.87900100182742,170.6059993011877,43.789004848804325,2.7529968065209687,282.0270019583404,1,1
1884,object,49192.571897905,132.0349983870983,164.00599997723475,45.42100214166567,3.6389974411576986,345.10099794715643,1,1
1885,object,49192.595997445,82.76000153273344,143.3079960406758,43.26499765738845,4.276000254321843,273.6089954851195,1,1
1886,object,49192.620545963,58.25800326419994,131.7309943260625,38.65900362143293,3.453998942859471,232.10200015455484,1,1
1887,object,49192.644767521,45.42600072454661,123.91900236252695,33.1109986291267,3.0939991120249033,205.55000082822517,1,1
1888,object,49192.668884426,47.80000017490238,134.12900443654507,37.627993151545525,3.444001777097583,223.00099954009056,1,1
1889,object,49192.69410928,48.383000830654055,143.5529993614182,38.688005588483065,3.6759956856258214,234.30000146618113,1,1
1890,object,49192.719297362,36.70700243674219,103.48999785492197,32.37200144212693,2.30599835049361,174.8750000842847,1,1
1891,object,49192.743643051,45.116998080629855,122.29999992996454,39.1690045944415,2.881999535020441,209.46800214005634,1,1
1892,object,49192.768331012,54.702002671547234,141.74499665386975,53.92700404627249,4.371002432890236,254.7450058045797,1,1
1893,object,49192.792738131,49.62000093655661,120.79600128345191,39.683996874373406,3.4000040614046156,213.50000315578654,1,1
1894,object,49192.818622457,47.871995775494725,114.70000026747584,35.81100463634357,3.5279954317957163,201.91099611110985,1,1
1895,object,49192.845753893,76.04999700561166,124.19999984558672,36.47300036391243,3.316999936942011,240.03999715205282,1,1
1896,object,49192.869574823,34.41699664108455,108.3370007108897,34.745004086289555,2.9089933377690613,180.40799477603287,1,1
1897,object,49192.895528252,165.68800492677838,383.70100082829595,171.7729974188842,10.966999980155379,732.1290031541139,1,1
1898,object,49192.919711333,45.07300036493689,100.31800047727302,34.427001082804054,3.2389943953603506,183.0569963203743,1,1
1899,object,49192.943939928,54.682001064065844,160.59799963841215,67.67799641238526,4.241002898197621,287.19900001306087,1,1
1900,object,49192.970273557,44.47399987839162,106.57600068952888,31.440999009646475,2.6560010155662894,185.14700059313327,1,1
1901,object,49192.994666892,80.94700024230406,274.24799918662757,105.82599497865885,7.071001164149493,468.09199557174,1,1
1902,object,49193.019262277,37.57800004677847,96.6380030149594,31.67599788866937,2.7889982447959483,168.68099919520319,1,1
1903,object,49193.044838464,66.4040053379722,136.19599485537037,37.56100340979174,3.7179997889325023,243.8790033920668,1,1
1904,object,49193.068985155,67.73500354029238,167.45000175433233,59.71399514237419,4.444002115633339,299.34300255263224,1,1
1905,object,49193.096970202,187.2509965323843,576.8890041508712,163.37199485860765,9.058006980922073,936.5700025227852,1,1
1906,object,49193.120568085,37.60699473787099,105.46699922997504,36.739002098329365,2.993001544382423,182.80599761055782,1,1
1907,object,49193.144960705,53.39299968909472,120.03300071228296,33.21599797345698,3.339002432767302,209.98100080760196,1,1
1908,object,49193.170405987,80.85399895207956,245.23599859094247,112.15399717912078,6.899004802107811,445.1429995242506,1,1
1909,object,49193.194363585,85.98000567872077,277.0610008155927,99.09499931382015,7.181995897553861,469.3180017056875,1,1
1910,object,49193.217983501,54.38399966806173,113.3719997596927,35.10499664116651,3.1370000215247273,205.99799609044567,1,1
1911,object,49193.245267483,72.81199941644445,145.388999953866,35.82500357879326,3.144996298942715,257.1709992480464,1,1
1912,object,49193.269354195,44.494001485873014,102.63999865856022,32.4220018228516,3.2530006137676537,182.80900258105248,1,1
1913,object,49193.296832971,130.4260003962554,191.2520019686781,39.46999640902504,3.6380006349645555,364.7859994089231,1,1
1914,object,49193.32092428,29.90900247823447,94.63400056120008,34.70499359536916,2.644002961460501,161.8919995962642,1,1
1915,object,49193.345078238,53.96699998527765,142.46399950934574,32.04200038453564,2.4429973564110696,230.9159972355701,1,1
1916,object,49193.371589134,40.825994801707566,109.54600293189287,32.67099964432418,2.788001438602805,185.83099881652743,1,1
1917,object,49193.395280467,35.82100180210546,97.09900041343644,31.05100040556863,2.587999915704131,166.55900253681466,1,1
1918,object,49193.420141268,87.13600254850462,131.12199667375535,42.12600470054895,5.247995432000607,265.6319993548095,1,1
1919,object,49193.444213771,84.39199882559478,242.23900254582986,100.52199650090188,7.075002940837294,434.2280008131638,1,1
1920,object,49193.467750818,85.08099563186988,106.92200157791376,31.99100319761783,2.834996848832816,226.8289972562343,1,1
1921,object,49193.492459155,93.11799658462405,278.6250042845495,107.42399899754673,8.194998372346163,487.36199823906645,1,1
1922,object,49193.518955493,223.90000231098384,530.1569981384091,62.30700091691688,10.404000931885093,826.7680022981949,1,1
1923,object,49193.542897064,67.08000000799075,209.24799900967628,73.53700493695214,5.256995791569352,355.1219997461885,1,1
1924,object,49193.567961008,84.03500396525487,242.70299763884395,76.09900058014318,10.019000910688192,412.8560030949302,1,1
1925,object,49193.592173176,51.540999265853316,132.5470002484508,40.01499473815784,3.664004907477647,227.7669991599396,1,1
1926,object,49193.616198246,46.705994463991374,105.53200263530016,32.6329973177053,2.91600008495152,187.78699450194836,1,1
1927,object,49193.643026428,47.948000428732485,147.00699830427766,48.12800034414977,4.124005499761552,247.20700457692146,1,1
1928,object,49193.666374078,35.40600300766528,89.96299584396183,32.14900061720982,2.5420013116672635,160.0600007805042,1,1
1929,object,49193.691672477,55.1289995200932,127.35999916912988,35.1390044670552,3.4559998312033713,221.08400298748165,1,1
1930,object,49193.716974062,54.66999573400244,104.15900032967329,33.356001949869096,2.6850029826164246,194.87000099616125,1,1
1931,object,49193.740790596,40.52399890497327,102.26900485577062,31.084993679542094,2.606000634841621,176.4839980751276,1,1
1932,object,49193.767840784,75.23399835918099,203.51100101834163,56.09800427919254,6.338996172416955,341.1819998291321,1,1
1933,object,49193.791564581,56.63299816660583,135.37000631913543,34.98699516057968,3.3309988793917,230.32099852571264,1,1
1934,object,49193.816130303,54.06299897003919,134.72499995259568,54.15700434241444,3.6139972507953644,246.55900051584467,1,1
1935,object,49193.841161081,75.17499761888757,159.64200429152697,60.69099617889151,4.444998921826482,299.95299701113254,1,1
1936,object,49193.865087754,97.54000348038971,273.90899776946753,120.99400191800669,4.739995347335935,497.18299851519987,1,1
1937,object,49193.890636771,75.73099719593301,216.45800006808713,107.29000496212393,6.379996193572879,405.85899841971695,1,1
1938,object,49193.914940559,49.7130022267811,140.69399912841618,48.210000386461616,3.7610006984323263,242.37800244009122,1,1
1939,object,49193.939849296,42.42199793225154,105.84599658614025,44.051004806533456,6.113994459155947,198.4329937840812,1,1
1940,object,49193.965520497,135.8720037387684,405.2969961776398,177.59300681063905,11.024996638298035,729.7870033653453,1,1
1941,object,49193.989138051,60.266997024882585,158.64700253587216,57.25699884351343,4.198001988697797,280.369000392966,1,1
1942,object,49194.013299099,57.84299719380215,150.9549983893521,56.805001804605126,4.153996997047216,269.7569943848066,1,1
1943,object,49194.040403084,67.35300121363252,223.24900055537,37.389996577985585,4.961999366059899,332.953997713048,1,1
1944,object,49194.064769468,43.89700188767165,104.44600047776476,134.5269993180409,3.6719939089380205,286.54199559241533,1,1
1945,object,49194.090366131,142.25199993234128,280.5600015562959,41.835999581962824,6.3459956436418,470.9939967142418,1,1
1946,object,49194.114622884,79.97899956535548,342.0770008233376,121.6730015585199,9.732000762596726,553.4610027098097,1,1
1947,object,49194.139150363,40.43499939143658,105.24899698793888,31.396004487760365,3.0099981813691556,180.08999904850498,1,1
1948,object,49194.166892452,45.819004299119115,139.45299724582583,36.79600195027888,3.5429984563961625,225.61100195161998,1,1
1949,object,49194.190820273,43.60599996289238,103.64000627305359,41.35499330004677,3.7339996197260916,192.33499915571883,1,1
1950,object,49194.232876421,92.55799523089081,3.19199898513034,1.2560049071907997,6.8070003180764616,103.81299944128841,1,0
1951,object,49194.277802952,44.05900108395144,2.425003913231194,1.0929943528026342,6.226000550668687,53.80299990065396,1,0
1952,object,49194.322904698,44.34600123204291,2.1700034267269075,1.1459997040219605,5.158995918463916,52.82100028125569,1,0
1953,object,49194.358137592,36.39900387497619,95.8419987000525,31.702998967375606,2.414999471511692,166.359001013916,1,1
1954,object,49194.383204861,43.125000956933945,144.49399895966053,55.4450016352348,3.8759972085244954,246.93999876035377,1,1
1955,object,49194.407236401,103.23899914510548,133.42800230020657,33.637996239122,2.982000296469778,273.28699798090383,1,1
1956,object,49194.434334512,38.97100395988673,135.64399705501273,51.83600296732038,4.091998562216759,230.5430025444366,1,1
1957,object,49194.459456124,80.87600144790486,167.41599392844364,68.64400347694755,6.26499968348071,323.20099853677675,1,1
1958,object,49194.483861517,201.8750019487925,374.00799919851124,84.63199628749862,10.292002116329968,670.8069995511323,1,1
1959,object,49194.509255208,78.46699736546725,258.6760019767098,51.63099558558315,5.837006028741598,394.6110009565018,1,1
1960,object,49194.53372629,47.05400351667777,139.27699910709634,55.812000937294215,4.112000169698149,246.25500373076648,1,1
1961,object,49194.56106063,56.33499677060172,143.39899644255638,48.87100658379495,3.9009973988868296,252.50599719583988,1,1
1962,object,49194.586486231,46.774002839811146,115.19099643919617,40.29000410810113,3.19199898513034,205.44700237223879,1,1
1963,object,49194.612385716,44.90699939196929,116.4659988717176,35.65800579963252,3.1519957701675594,200.18299983348697,1,1
1964,object,49194.638793114,44.935004552826285,141.58699923427776,66.74199539702386,4.56900306744501,257.8330022515729,1,1
1965,object,49194.664669037,88.9249931788072,335.2070052642375,109.61599764414132,7.823000487405807,541.5709965745918,1,1
1966,object,49194.691970463,135.51200390793383,353.8999953889288,246.47100508445874,12.55899405805394,748.4419984393753,1,1
1967,object,49194.71875238,48.155001422856,130.8049977524206,38.4640006814152,3.444998583290726,220.86899843998253,1,1
1968,object,49194.746494438,38.73000241583213,104.23699859529734,35.05100175971165,2.653003321029246,180.67100609187037,1,1
1969,object,49194.773360986,34.79499719105661,97.97800157684833,30.324998078867793,2.425003913231194,165.52300076000392,1,1
1970,object,49194.798906112,66.42099469900131,212.37000328255817,69.36499994480982,4.718000127468258,352.87399805383757,1,1
1971,object,49194.827735094,104.3920055963099,140.00800001667812,49.39199425280094,4.104003892280161,297.8960037580691,1,1
1972,object,49194.85385716,49.752998165786266,126.27999967662618,39.31700484827161,2.721993951126933,218.07199664181098,1,1
1973,object,49194.880362911,77.88600487401709,232.01099975267425,100.08499521063641,6.956004654057324,416.9380044913851,1,1
1974,object,49194.905551247,60.69800292607397,112.52099648118019,36.425000871531665,3.1329982448369265,212.77699852362275,1,1
1975,object,49194.930977354,66.58199708908796,129.42200555698946,40.13399302493781,2.9610018827952445,239.09899755381048,1,1
1976,object,49194.959399828,51.7839944222942,148.7260014982894,36.39900387497619,3.3239994081668556,240.23299920372665,1,1
1977,object,49194.985172578,39.159000152722,111.55699758091941,35.76799645088613,2.6650013751350343,189.14899555966258,1,1
1978,object,49195.011861203,38.67600025841966,99.88500096369535,42.87000047042966,3.0790033633820713,184.51000505592674,1,1
1979,object,49195.038372679,46.53599899029359,109.76699559250847,31.081006454769522,3.121000190731138,190.50500122830272,1,1
1980,object,49195.064530191,89.81300197774544,345.8619976299815,165.60800577281043,8.638999133836478,609.9220045143738,1,1
1981,object,49195.091032751,38.890000723768026,99.10899825626984,32.28399873478338,2.391003363300115,172.67400107812136,1,1
1982,object,49195.119897475,35.22799670463428,105.88300210656598,32.242001907434314,2.916996891144663,176.26999760977924,1,1
1983,object,49195.14674226,51.52899393578991,191.65400590281934,50.14499765820801,5.148998752702028,298.4769962495193,1,1
1984,object,49195.174154115,50.90700142318383,136.2430048175156,37.071993574500084,3.8710059016011655,228.0930057168007,1,1
1985,object,49195.20078173,53.72900341171771,128.03600111510605,49.37800258630887,4.092995368409902,235.23600248154253,1,1
1986,object,49195.230020139,39.99899490736425,116.28599895630032,39.62900518672541,3.1769959605298936,199.09099501091987,1,1
1987,object,49195.257318312,33.76400127308443,96.6240040725097,31.332994694821537,2.602006134111434,164.3230061745271,1,1
1988,object,49195.285248183,62.669001636095345,133.0579980276525,110.985005449038,10.080999345518649,316.7930044583045,1,1
1989,object,49195.313327585,42.28400212014094,149.28000018699095,37.381003494374454,3.2199968700297177,232.16500267153606,1,1
1990,object,49195.340243915,204.86499852268025,629.1730023804121,268.0939942365512,16.123005480039865,1118.2550006196834,1,1
1991,object,49195.369585136,53.23399818735197,171.27099999925122,45.467000745702535,5.317000614013523,275.28899954631925,1,1
1992,object,49195.396356719,48.5279961139895,120.94000703655183,37.306999729480594,3.465000190772116,210.24000307079405,1,1
1993,object,49195.425042366,46.33400385500863,127.62899859808385,44.54000008990988,3.620996722020209,222.12399926502258,1,1
1994,object,49195.45327526,62.08400009199977,190.1360010378994,75.95199713250622,5.517002136912197,333.6890003993176,1,1
1995,object,49195.480673638,88.5560002643615,292.0010010711849,281.07599791837856,19.060003978665918,680.6930032325909,1,1
1996,object,49195.51297865,69.73800191190094,153.69900211226195,37.87600144278258,7.481001375708729,268.7940068426542,1,1
1997,object,49195.539873685,37.59600076591596,108.1850059563294,34.78500002529472,2.4659966584295034,183.0320034059696,1,1
1998,object,49195.569202298,34.31599907344207,96.18300100555643,32.25699765607715,2.3079992388375103,165.06399697391316,1,1
1999,object,49195.598144327,123.09500016272068,360.81400321563706,180.9210007195361,11.596996046137065,676.4270001440309,1,1
2000,object,49195.62913242,40.68599810125306,137.9470049869269,57.68000119132921,5.854999471921474,242.16800375143066,1,1
2001,object,49195.656312607,67.40499520674348,147.2040021326393,33.62000279594213,3.1620002118870616,251.39100034721196,1,1
2002,object,49195.684329575,90.61000309884548,207.85899687325582,63.06500290520489,4.509995051193982,366.0439979285002,1,1
2003,object,49195.712438503,60.07500633131713,152.55600010277703,56.70999962603673,3.715998900588602,273.0570049607195,1,1
2004,object,49195.739201285,44.54599547898397,126.83500244747847,52.75599687593058,3.211003786418587,227.3479985888116,1,1
2005,object,49195.770524556,64.73300163634121,192.403000255581,79.66299745021388,6.046000635251403,342.8449999773875,1,1
2006,object,49195.796888018,39.82199996244162,108.67800301639363,34.1199993272312,2.6229972718283534,185.2429995778948,1,1
2007,object,49195.837913511,55.3720019524917,4.203000571578741,1.9809958757832646,8.251998224295676,69.80799662414938,1,0
2008,object,49195.883072082,92.46099943993613,5.182002496439964,2.9139991966076195,11.978998372796923,112.53599950578064,1,0
2009,object,49195.927832026,43.664003896992654,1.938999048434198,1.1550000635907054,5.740999768022448,52.499002777040005,1,0
2010,object,49195.972889751,59.52000356046483,2.6899942895397544,1.4040051610209048,6.613998266402632,70.22800127742812,1,0
2011,object,49196.017859824,44.36499875737354,1.8009959603659809,1.4840043149888515,5.73100260226056,53.381001634988934,1,0
2012,object,49196.063037056,71.75000064307824,3.574998117983341,3.025998012162745,9.65600338531658,88.0070001585409,1,0
2013,object,49196.107851595,47.90400271303952,1.9169965526089072,1.5269979485310614,5.9200028772465885,57.268000091426075,1,0
2014,object,49196.152843115,46.86100146500394,2.096996468026191,1.6180056263692677,5.993999366182834,56.57000292558223,1,0
2015,object,49196.198040384,86.58400474814698,8.600996807217598,2.9840011848136783,11.38800143962726,109.55700417980552,1,0
2016,object,49196.243023289,80.05300333024934,3.6339988582767546,2.058004611171782,8.314993465319276,94.06000026501715,1,0
2017,object,49196.28793422,76.60699338885024,4.88500518258661,1.91100116353482,7.9749952419660985,91.37799497693777,1,0
2018,object,49196.332855051,64.34500392060727,6.2969993450678885,1.8319988157600164,7.265996828209609,79.73999890964478,1,0
2019,object,49196.378119578,93.01599493483081,5.025998689234257,2.5990011636167765,12.103002518415451,112.7439973060973,1,0
2020,object,49196.422951178,178.66700363811105,6.372996722348034,3.964996722061187,17.015001503750682,206.01999858627096,1,0
2021,object,49196.467948496,115.6939979409799,3.610999556258321,2.072003553621471,8.682000043336302,130.059001094196,1,0
2022,object,49196.512902253,48.71499550063163,2.806002157740295,3.569999535102397,9.60000033956021,64.69099753303453,1,0
2023,object,49196.558041899,52.160998166073114,2.688000677153468,1.3210010365583003,5.488000169862062,61.658000049646944,1,0
2024,object,49196.602882644,44.83600059757009,2.4999972083605826,1.1970041668973863,6.286994903348386,54.81999687617645,1,0
2025,object,49196.648037806,91.52600250672549,4.502995579969138,2.478001988492906,11.727999662980437,110.23499973816797,1,0
2026,object,49196.692990366,108.2660019164905,8.825001714285463,5.659996531903744,12.062002497259527,134.81300265993923,1,0
2027,object,49196.737858213,43.58300066087395,2.2550011635757983,1.239000994246453,2.3890024749562144,49.466005293652415,0,0
2028,object,49196.782966073,1.667998731136322,3.9040023693814874,1.8520004232414067,0.8479983080178499,8.271999831777066,0,0
2029,object,49196.827909893,1.3280005077831447,4.223998985253274,1.1630036169663072,1.2979944585822523,8.012997568584979,0,0
2030,object,49196.87305887,2.8790018404833972,7.763999747112393,2.487999154254794,2.238004526589066,15.36900526843965,0,0
2031,object,49196.917850809,1.8030041246674955,3.706001734826714,1.0509975254535675,0.9419964044354856,7.501999789383262,0,0
2032,object,49196.962937105,2.89799936581403,5.160996806807816,1.8810023902915418,1.6929989214986563,11.632997484412044,0,0
2033,object,49197.00787811,1.2409946066327393,3.73900547856465,1.243999577127397,1.167994923889637,7.391994586214423,0,0
2034,object,49197.052879024,1.3230019249022007,3.3379983506165445,1.0580042726360261,1.091997546609491,6.811002094764262,0,0
2035,object,49197.09803352,2.863002009689808,6.431997462641448,2.7619971660897136,2.6320049073547125,14.689001545775682,0,0
2036,object,49197.1429129,2.04800016945228,4.946996341459453,1.3930039131082594,1.100997906178236,9.488998330198228,0,0
2037,object,49197.187899749,1.4160032151266932,5.071000487077981,1.4600009308196604,0.9879950084723532,8.934999641496688,0,0
2038,object,49197.233252704,2.758002665359527,6.171998393256217,2.7380010578781366,1.7700003809295595,13.43800249742344,0,0
2039,object,49197.277835871,1.205000444315374,3.040004230570048,1.0029980330727994,0.8919960237108171,6.1399987316690385,0,0
2040,object,49197.322915176,2.2039967007003725,4.173998604528606,1.2980017345398664,1.3590033631771803,9.035000402946025,0,0
2041,object,49197.367890235,1.5850018826313317,4.00199496652931,1.538006472401321,1.0730000212788582,8.19800334284082,0,0
2042,object,49197.412996716,2.549000782892108,19.545004761312157,2.9279981390573084,2.321001375094056,27.34300505835563,0,0
2043,object,49197.45807495,3.2519965316168964,8.098999387584627,3.269000444561243,2.378001227043569,16.997997590806335,0,0
2044,object,49197.503132556,3.011002263519913,8.02100112196058,3.1859963200986385,2.553999365773052,16.771999071352184,0,0
2045,object,49197.547913682,1.8069986253976822,4.904999514110386,1.8940045265480876,1.2789969332516193,9.884999599307775,0,0
2046,object,49197.593124296,3.6389974411576986,8.169001375790685,2.9900038498453796,2.7089990908280015,17.507001757621765,0,0
2047,object,49197.637857912,1.615997462067753,3.8850048440508544,1.3070020941086113,1.5859986888244748,8.394003089051694,0,0
2048,object,49197.682950805,1.9270009943284094,6.510999810416251,1.205997250508517,1.7420024960301816,11.38600055128336,0,0
2049,object,49197.728058436,1.3320022844709456,4.045003151986748,1.2949967640452087,1.0540024959482253,7.7260046964511275,0,0
2050,object,49197.77317483,3.6709971027448773,6.465001206379384,2.1130035747773945,2.002001565415412,14.251003449317068,0,0
2051,object,49197.817997441,15.926998457871377,7.317001291085035,2.8939975891262293,2.1980013116262853,28.335998649708927,0,0
2052,object,49197.862941539,1.8499995348975062,3.3179967431351542,1.2710006558336318,0.8990027708932757,7.337999704759568,0,0
2053,object,49197.907972928,2.3410029825754464,4.463996447157115,1.209999027196318,1.5900004655122757,9.604998922441155,0,0
2054,object,49197.952852596,1.2689997674897313,3.067005309276283,1.0119983926415443,0.938998709898442,6.2870021793060005,0,0
2055,object,49197.997862214,1.3490061974152923,3.5769990063272417,1.4309989637695253,0.8419956429861486,7.198999810498208,0,0
2056,object,49198.042847396,1.1070005712099373,3.0900046112947166,0.9159994078800082,0.843996531330049,5.957001121714711,0,0
2057,object,49198.087858367,1.6070043784566224,3.0099981813691556,1.2759992387145758,0.8869974408298731,6.779999239370227,0,0
2058,object,49198.132918324,2.034998033195734,4.931003786623478,1.0469957487657666,1.1599986464716494,9.172996215056628,0,0
2059,object,49198.177845497,1.7019992810674012,4.339002771303058,1.000997144728899,0.8260030881501734,7.868002285249531,0,0
2060,object,49198.222858936,1.5499972505494952,3.735003701876849,1.0299991117790341,1.3559983926825225,7.670998456887901,0,0
2061,object,49198.267850841,1.2140008038841188,3.7999998312443495,1.6470003174617887,0.900996383279562,7.561997335869819,0,0
2062,object,49198.312894213,1.696003891993314,3.8289945223368704,1.486005203332752,0.9669965947978199,7.978000212460756,0,0
2063,object,49198.35783167,1.5330006135627627,3.540000761859119,0.9869982022792101,1.2110031093470752,7.271002687048167,0,0
2064,object,49198.403160252,2.6550042093731463,15.461999282706529,2.540997229516506,2.9000002541579306,23.558000975754112,0,0
2065,object,49198.431101974,1.30099942907691,2.6699999580159783,0.9979994501918554,62.2830048087053,67.25200364599004,1,1
2066,object,49198.457468901,68.84700269438326,129.56799764651805,33.76500535523519,4.396999429445714,236.57700512558222,1,1
2067,object,49198.48568309,150.79299919307232,407.89899503579363,172.3200039123185,11.322001228109002,742.3339993692935,1,1
2068,object,49198.512047617,90.84500197786838,248.3990028849803,103.90999523224309,8.8580054580234,452.01200555311516,1,1
2069,object,49198.538333513,36.297999031376094,105.31699808780104,32.600997656118125,2.9040020308457315,177.119996806141,1,1
2070,object,49198.56756778,48.27899829251692,123.80399857647717,35.14900163281709,3.6420024116523564,210.87400091346353,1,1
2071,object,49198.594472718,42.234998545609415,104.44199870107695,31.386000046040863,3.0619994504377246,181.12499674316496,1,1
2072,object,49198.622838974,56.408003729302436,155.07299394812435,55.830001656431705,15.313999028876424,282.6249983627349,1,1
2073,object,49198.65035004,49.10200368613005,168.39199815876782,40.84999818587676,2.997003321070224,261.34100335184485,1,1
2074,object,49198.679358138,43.614003516267985,105.09199637454003,31.90300049027428,2.8659997042268515,183.47500008530915,1,1
2075,object,49198.708369971,44.34600123204291,108.92999853240326,35.4410003637895,3.0000010156072676,191.71700114384294,1,1
2076,object,49198.735317294,39.56100408686325,103.16800035070628,33.271993743255734,2.764005330391228,178.7650035112165,1,1
2077,object,49198.763513039,54.20900561148301,154.53399828402326,34.78700091363862,2.788001438602805,246.3180062477477,1,1
2078,object,49198.789808891,54.25400013336912,125.95299631357193,47.84799966728315,4.09800122724846,232.15299734147266,1,1
2079,object,49198.819395258,40.474005800206214,108.80099580390379,34.743003197945654,3.6130004446022213,187.63100524665788,1,1
2080,object,49198.845862043,53.53400047169998,136.74199726665393,38.35499956039712,3.0989976949058473,231.72999499365687,1,1
2081,object,49198.872814703,37.367004551924765,100.05199874285609,35.16300057526678,3.1909949029795825,175.7729987730272,1,1
2082,object,49198.901295256,85.84999886807054,144.6899987058714,34.564000088721514,3.1570016290061176,268.2609992916696,1,1
2083,object,49198.927284418,49.36199547955766,112.49900126131251,31.177005439531058,2.7439964469522238,195.78199862735346,1,1
2084,object,49198.955796459,235.57500389870256,558.342995645944,113.94500324968249,10.783995094243437,918.6469978885725,1,1
2085,object,49198.981513637,61.53499998617917,137.94400001643226,46.12799966707826,3.9389997255057096,249.5459993951954,1,1
2086,object,49199.033021052,57.10000550607219,2.648994268383831,2.2450039978139102,7.868999091442674,69.86300286371261,1,0
2087,object,49199.0778649,41.539999074302614,2.6470006559975445,1.1520023690536618,5.934001819696277,51.2730039190501,1,0
2088,object,49199.123007775,69.03900066390634,2.663997292984277,1.4190009096637368,7.267000910360366,80.38899977691472,1,0
2089,object,49199.139720288,72.2599943401292,132.19300308264792,36.370998714119196,3.7680001696571708,244.59199630655348,1,1
2090,object,49199.167807622,137.31999933952466,254.15100390091538,38.06300082942471,3.7950012483634055,433.32900531822816,1,1
2091,object,49199.193954388,38.87899947585538,102.19099931418896,30.939998396206647,2.7220012270845473,174.73199841333553,1,1
2092,object,49199.222483426,44.59400224732235,117.11099796229973,33.21200347272679,2.9559960239566863,197.87299970630556,1,1
2093,object,49199.251191905,54.05499541666359,129.96300210943446,45.90499884216115,3.6630008253268898,233.58599719358608,1,1
2094,object,49199.278745729,43.79099846119061,103.07200136594474,30.78399458900094,2.763001248240471,180.40999566437677,1,1
2095,object,49199.305921975,36.700999771710485,106.72499774955213,31.761002901475877,2.510998456273228,177.69799887901172,1,1
2096,object,49199.33253664,48.16699947696179,122.70199658814818,34.71800300758332,3.6199999158270657,209.20699898852035,1,1
2097,object,49199.361723153,85.1259974297136,245.42600294807926,63.341998611576855,4.697001713793725,398.59100070316344,1,1
2098,object,49199.388404292,53.017000027466565,138.32299737259746,53.35699825081974,4.011999408248812,248.70899505913258,1,1
2099,object,49199.438069432,90.13099770527333,4.944005922880024,2.763998054433614,12.158998288214207,109.99799997080117,1,0
2100,object,49199.482915227,52.77399759506807,2.943997969850898,1.2040036381222308,7.306996849365532,64.22899605240673,1,0
2101,object,49199.527889372,52.32799594523385,2.591004886198789,1.4369943528436124,6.724003469571471,63.079998653847724,1,0
2102,object,49199.572883969,48.212001274805516,2.278000465594232,1.0610019671730697,5.9710000641644,57.52200377173722,1,0
2103,object,49199.617905931,72.09299656096846,2.0660008885897696,1.2620002962648869,4.9340014811605215,80.35499922698364,1,0
2104,object,49199.663180536,86.37100108899176,4.37400012742728,2.2239983081817627,10.818999726325274,103.78799925092608,1,0
2105,object,49199.707870889,54.461001127492636,2.330001734662801,1.7979982658289373,6.365000444930047,64.95400157291442,1,0
2106,object,49199.752876481,41.45999992033467,2.615000994410366,1.1650045053102076,5.170993972569704,50.410999392624944,1,0
2107,object,49199.79788068,52.05300112720579,2.577995473984629,1.2570017133839428,11.971998901572078,67.85999721614644,1,0
2108,object,49199.842867254,50.16899376641959,59.60300040896982,1.2849995982833207,6.162001227494329,117.21899500116706,1,0
2109,object,49199.887843661,35.31499532982707,1.7409984138794243,1.1730007827281952,4.80699964100495,43.03599416743964,1,0
2110,object,49199.932841666,45.779001084156334,1.8939972505904734,1.4969991752877831,5.478003004100174,54.648000514134765,1,0
2111,object,49199.977848428,53.46699617803097,2.0310035324655473,1.215994416270405,6.04700471740216,62.76099884416908,1,0
2112,object,49200.022865307,54.475000069942325,2.36400228459388,1.71599822351709,5.977999535389245,64.53300011344254,1,0
2113,object,49200.067959975,89.69799819169566,5.207999492995441,2.7339992811903358,8.303002687171102,105.94299965305254,1,0
2114,object,49200.112923954,86.26400085631758,4.960995283909142,2.3190004867501557,11.606003681663424,105.1500003086403,1,0
2115,object,49200.154504258,54.14000042947009,177.1280003595166,43.374006054364145,3.888999344781041,278.53100618813187,1,1
2116,object,49200.182728053,58.40900121256709,121.9910045620054,34.84899934846908,3.5249977372586727,218.77400286030024,1,1
2117,object,49200.212815155,58.486002671997994,141.9729960616678,50.399001338519156,3.872999513987452,254.7309995861724,1,1
2118,object,49200.241558818,43.171996367163956,106.08100274112076,34.165997931268066,3.086999640800059,186.50599668035284,1,1
2119,object,49200.270812079,78.27000081306323,136.51300105266273,33.905998861882836,2.9479997465386987,251.6370004741475,1,1
2120,object,49200.302637126,52.60900070425123,283.2910031429492,64.96699643321335,4.428002284839749,405.2950025652535,1,1
2121,object,49200.331527862,53.345000196713954,118.22800297522917,37.69099566852674,2.8430004022084177,212.10699924267828,1,1
2122,object,49200.361241165,126.41099601751193,372.645998140797,177.97600594349205,10.84299583453685,687.8759959363379,1,1
2123,object,49200.38925766,42.96500264899805,103.92499825684354,31.87200491083786,3.087996446993202,181.85000226367265,1,1
2124,object,49200.42025852,48.143003368750215,118.55200136778876,37.65599831240252,3.2090028980746865,207.56000594701618,1,1
2125,object,49200.448764974,35.50100518623367,151.9189972896129,33.65600423421711,2.463995770085603,223.54000248014927,1,1
2126,object,49200.478546801,40.1639990741387,102.21800039289519,33.603995689190924,2.6810012059286237,178.66699636215344,1,1
2127,object,49200.507615956,50.940005166921765,134.3240001006052,54.43599366117269,3.6030032788403332,243.30300220753998,1,1
2128,object,49200.537277443,43.41400199336931,103.31499652238563,31.60699998261407,3.006003680638969,181.34200217900798,1,1
2129,object,49200.568921014,63.99300036719069,167.7530017332174,54.01000089477748,4.121997335460037,289.8780003306456,1,1
2130,object,49200.597413195,58.13100142404437,142.1979977749288,54.18000364443287,4.2719984776340425,258.7810013210401,1,1
2131,object,49200.62661739,44.47899846127257,129.564999951981,51.738003094214946,3.3579999580979347,229.14000146556646,1,1
2132,object,49200.655470065,40.73799937032163,102.81200229655951,32.858995837159455,2.9380025807768106,179.3470000848174,1,1
2133,object,49200.689318276,61.551996623165905,182.27100372314453,74.51199780916795,6.362999556586146,324.69799771206453,1,1
2134,object,49200.719082823,49.10500138066709,144.64699779637158,91.358000645414,8.007998985704035,293.1179988081567,1,1
2135,object,49200.74981816,125.28799561550841,374.33800025610253,173.4079996822402,10.95300103770569,683.9869965915568,1,1
2136,object,49200.779258503,113.11800335533917,344.7459966992028,182.81800294062123,11.96000084746629,652.6420038426295,1,1
2137,object,49200.810474608,53.82900417316705,138.02299508824944,42.53999941283837,4.264002200216055,238.65600087447092,1,1
2138,object,49200.84045066,56.162003602366894,133.20099969860166,42.863000999204814,3.597997420001775,235.82400172017515,1,1
2139,object,49200.871050719,46.47000605473295,120.81799650331959,31.50400152662769,3.6150013329461217,202.40700541762635,1,1
2140,object,49200.902515855,43.485997593961656,104.40800542710349,32.576994271948934,2.9800066840834916,183.45100397709757,1,1
2141,object,49200.931847165,44.78300252230838,130.15999866183847,34.07700569368899,2.4809996830299497,211.5010065608658,1,1
2142,object,49200.964197932,80.91700146906078,153.34400086430833,48.56300074607134,4.169000021647662,286.9930031010881,1,1
2143,object,49200.994510234,53.39500057743862,134.39999747788534,41.75600042799488,3.240005753468722,232.79100423678756,1,1
2144,object,49201.025330629,44.0419971710071,105.07400293136016,32.264993933495134,3.07300069835037,184.45399473421276,1,1
2145,object,49201.054593712,81.90800144802779,168.3470036368817,42.15299850329757,5.3729963838122785,297.78099997201934,1,1
2146,object,49201.085507142,90.69799853023142,486.2299974774942,283.4719998645596,29.28500180132687,889.6849976736121,1,1
2147,object,49201.114851522,45.50800076685846,142.27200153982267,36.39700298663229,3.788998583331704,227.96600387664512,1,1
2148,object,49201.145743863,44.66099926503375,113.22699720039964,42.39100235281512,3.4469994716346264,203.72599828988314,1,1
2149,object,49201.1744353,55.13799987966195,130.66799874650314,31.857998692430556,3.1410017982125282,220.80499911680818,1,1
2150,object,49201.206702913,40.30499985674396,118.77300130436197,35.488003049977124,3.3289979910477996,197.89500220213085,1,1
2151,object,49201.238479224,32.421005016658455,96.81699884822592,33.61299604875967,2.840002707671374,165.69100262131542,1,1
2152,object,49201.271921986,40.940001781564206,119.76499808952212,35.764001950155944,2.9519942472688854,199.42099606851116,1,1
2153,object,49201.302862806,56.6950038773939,110.47999578295276,32.264004403259605,3.283996193204075,202.72300025681034,1,1
2154,object,49201.335206917,125.6260002264753,195.19600027706474,49.94100163457915,4.519999492913485,375.2830016310327,1,1
2155,object,49201.367012464,46.423003368545324,113.70699940016493,31.636001949664205,3.206994733773172,194.97299945214763,1,1
2156,object,49201.395376167,44.60399941308424,111.05700104963034,35.63000063877553,3.3510004868730903,194.6420015883632,1,1
2157,object,49201.426226076,46.87999899033457,108.84000221267343,32.78299845987931,3.239001671317965,191.74200133420527,1,1
2158,object,49201.456183475,43.443003960419446,138.96900054533035,51.65099719306454,4.426001396495849,238.48900309531018,1,1
2159,object,49201.489349552,41.94199573248625,107.97100549098104,32.35400072298944,3.6950004869140685,185.9620024333708,1,1
2160,object,49201.517836079,52.58299643173814,126.38800399145111,34.95599958114326,2.9849979910068214,216.91199799533933,1,1
2161,object,49201.546949067,84.60599929094315,393.2730032829568,94.93499965174124,5.652000254485756,578.4660024801269,1,1
2162,object,49201.575636366,90.07100015878677,350.31500010518357,295.2350041596219,19.50599835254252,755.1270027761348,1,1
2163,object,49201.605356101,87.78100163908675,242.67400294775143,99.51799438567832,7.598006050102413,437.5710050226189,1,1
2164,object,49201.635165633,46.34499782696366,127.49500456266105,38.54499664157629,3.38700192514807,215.77200095634907,1,1
2165,object,49201.663909871,44.46999810170382,119.55100490013137,34.13599915802479,2.667999069672078,200.82500122953206,1,1
2166,object,49201.693300524,48.95799793303013,135.55900659412146,53.96899359766394,3.8990037865005434,242.38500191131607,1,1
2167,object,49201.722083609,42.18899994157255,101.91500041401014,32.98400406492874,3.0809969757683575,180.16900139627978,1,1
2168,object,49201.752288807,42.42699651513249,103.14500104868785,31.83200169587508,2.963999577332288,180.3679988370277,1,1
2169,object,49201.78068988,35.54700379027054,95.19200102658942,31.97999467374757,2.5320041459053755,165.2510036365129,1,1
2170,object,49201.809543529,35.1959970430471,97.28900477057323,31.708994356449693,2.2329986677505076,166.42699483782053,1,1
2171,object,49201.837516117,61.329999880399555,133.8800066150725,35.198994737584144,3.6659985198639333,234.07499975292012,1,1
2172,object,49201.870724652,165.62700329814106,486.31299432599917,279.30500073125586,11.797004844993353,943.0420032003894,1,1
2173,object,49201.895073979,65.79799810424447,130.96800103085116,35.81000055419281,3.793000360019505,236.36900004930794,1,1
2174,object,49201.92345469,55.532000260427594,145.44700388796628,38.18999539362267,3.7200006772764027,242.88900021929294,1,1
2175,object,49201.951033729,53.55699977371842,108.13500557560474,31.928000680636615,3.1370000215247273,196.7570060514845,1,1
2176,object,49201.977438515,36.42899537226185,108.82600327022374,32.91799657745287,2.5840054149739444,180.7570006349124,1,1
2177,object,49202.006770432,48.87999966740608,131.67699944460765,34.02199945412576,3.4299955586902797,218.00899412482977,1,1
2178,object,49202.034436966,49.333997594658285,136.3990013487637,44.079002691432834,3.978995664510876,233.7909972993657,1,1
2179,object,49202.060293364,65.63400529557839,225.14599550049752,64.30900248233229,9.588002285454422,364.6770055638626,1,1
2180,object,49202.087242139,87.697000708431,248.24499996611848,94.14999658474699,6.872003723401576,436.96400098269805,1,1
2181,object,49202.113255858,72.05500151030719,254.13899857085198,98.3279969659634,6.870002835057676,431.39199988218024,1,1
2182,object,49202.141506563,50.62900163466111,198.4249975066632,115.24300498422235,5.505993613041937,369.8029977385886,1,1
2183,object,49202.167621825,60.58999861124903,139.46599938208237,38.22800499619916,3.907996870111674,242.19199985964224,1,1
2184,object,49202.19661304,44.858999899588525,109.29899872280657,33.16700167488307,3.0469964258372784,190.37199672311544,1,1
2185,object,49202.22464241,107.5389955076389,334.3680000398308,138.56000441592187,10.47999830916524,590.9469982725568,1,1
2186,object,49202.250706062,92.23700180882588,273.9140036283061,108.65600052056834,7.0829992182552814,481.8900051759556,1,1
2187,object,49202.279530861,62.074999732431024,144.6899987058714,35.518998629413545,3.531000402290374,245.81499747000635,1,1
2188,object,49202.306045172,40.14300066046417,103.63999899709597,31.226998544298112,2.630004019010812,177.64000222086906,1,1
2189,object,49202.333395782,32.85300044808537,96.85999975772575,33.10199826955795,2.525004674680531,165.3400031500496,1,1
2190,object,49202.360877074,96.35400056140497,344.94099963922054,121.03599874535576,9.006995242089033,571.3379941880703,1,1
2191,object,49202.387867354,92.50799485016614,350.5950007820502,107.31600195867941,9.56199801294133,559.9809956038371,1,1
2192,object,49202.416587793,46.62800347432494,111.86299525434151,31.980001949705184,2.7330024749971926,193.20400315336883,1,1
2193,object,49202.443165093,75.60000085504726,138.84199870517477,41.3450034102425,4.187000740785152,259.9740037112497,1,1
2194,object,49202.470872591,81.80599979823455,261.0489973449148,99.95899745263159,7.827002264093608,450.6409968598746,1,1
2195,object,49202.497068509,102.40999836241826,239.7110001766123,99.95199798140675,7.551003363914788,449.6239998843521,1,1
2196,object,49202.523171003,88.42399984132499,249.3050051270984,100.77799379359931,7.9400051617994905,446.4470039238222,1,1
2197,object,49202.551181114,56.635995861142874,155.7830037199892,48.986999900080264,4.916000762023032,266.3220002432354,1,1
2198,object,49202.577941302,44.27900421433151,119.19699318241328,36.36300243670121,3.0470037017948925,202.8860035352409,1,1
2199,object,49202.605707308,125.40900206658989,385.9309945255518,148.72100291540846,10.611001926008612,670.6720014335588,1,1
2200,object,49202.631658245,54.787000408396125,115.56199751794338,38.193000364117324,3.260000084992498,211.80199837544933,1,1
2201,object,49202.658570215,93.57400267617777,253.08899785159156,118.71000606333837,8.16699321148917,473.53999980259687,1,1
2202,object,49202.686489709,50.326001655776054,149.52899800846353,76.63100404897705,6.550995749421418,283.03699946263805,1,1
2203,object,49202.712376088,39.60799949709326,108.32399857463315,30.942006560508162,2.687993401195854,181.56199803343043,1,1
2204,object,49202.740113572,33.42799755046144,96.84200631454587,30.256996979005635,2.4550026864744723,162.98200353048742,1,1
2205,object,49202.767213791,127.0159991690889,349.3870026431978,174.61300012655556,12.23399885930121,663.2500007981434,1,1
2206,object,49202.793425288,87.0809963089414,276.86700195772573,102.70200436934829,7.379996532108635,474.02999916812405,1,1
2207,object,49202.821505605,54.03300019679591,150.61699377838522,37.56500518647954,4.123001417610794,246.33800057927147,1,1
2208,object,49202.847492619,37.46999573195353,104.94600428501144,35.20999598549679,3.0750015866942704,180.70099758915603,1,1
2209,object,49202.874503466,59.85099414829165,204.3150016106665,78.67100066505373,5.583002348430455,348.41999877244234,1,1
2210,object,49202.901481294,135.01400098903105,380.0080012297258,220.36500013200566,12.29899498866871,747.6859973394312,1,1
2211,object,49202.92802674,133.6639979854226,465.68299876526,176.79500160738826,10.236995876766741,786.3789942348376,1,1
2212,object,49202.956491705,56.20400042971596,141.3729987689294,56.83000199496746,4.164998244959861,258.5719994385727,1,1
2213,object,49202.982400518,48.656998842488974,138.61500337952748,64.84599725808948,4.316003469284624,256.43400294939056,1,1
2214,object,49203.009306466,35.12799594318494,96.14800364943221,31.136994948610663,2.377004420850426,164.78999896207824,1,1
2215,object,49203.035778837,66.93999603157863,139.63500532554463,46.846995246596634,27.431000489741564,280.85299709346145,1,1
2216,object,49203.061706659,50.15399801777676,116.29300570348278,32.12499723304063,3.1040035537444055,201.67600450804457,1,1
2217,object,49203.092803754,54.356001783162355,136.52200141223148,58.965997595805675,4.413996066432446,254.25799685763195,1,1
2218,object,49203.118397753,56.589997257106006,139.85900295665488,42.164996557403356,3.8340003811754286,242.44799715233967,1,1
2219,object,49203.146449818,36.010002077091485,97.75700164027512,31.456998840440065,2.4529945221729577,167.67699707997963,1,1
2220,object,49203.17434446,97.13599865790457,239.94399816729128,99.15200644172728,7.463000656571239,443.69500392349437,1,1
2221,object,49203.199101034,80.82199929049239,232.8650007257238,94.75400293013081,7.440001354552805,415.8810043008998,1,1
2222,object,49203.22761974,50.112997996620834,130.26100350543857,46.7650024802424,4.449000698514283,231.58800468081608,1,1
2223,object,49203.253715623,42.375999328214675,101.93899652222171,32.25300315534696,2.973996743094176,179.54199574887753,1,1
2224,object,49203.308229066,97.44300041347742,5.85899397265166,2.7130008675158024,13.894001313019544,119.90899656666443,1,0
2225,object,49203.352881671,53.9739994565025,2.7999994927085936,1.8659993656910956,7.650996849406511,66.2909951643087,1,0
2226,object,49203.398159476,87.83399971434847,4.5520064304582775,2.3909960873425007,11.76499790744856,106.5420001395978,1,0
2227,object,49203.443122792,94.46300100535154,5.125002644490451,2.8889990062452853,12.756994692608714,115.233997348696,1,0
2228,object,49203.487869047,40.44100205646828,2.405999111942947,1.1699958122335374,5.773006705567241,49.790003686212,1,0
2229,object,49203.532909841,53.30600106390193,2.1419982658699155,1.4019969967193902,6.483001925516874,63.33299825200811,1,0
2230,object,49203.577876464,53.7490050191991,2.0649968064390123,1.2590026017278433,6.873000529594719,63.94600495696068,1,0
2231,object,49203.622858564,49.67600398231298,2.078995748888701,1.5230034478008747,6.361995474435389,59.63999865343794,1,0
2232,object,49203.66793245,63.55199730023742,3.592002030927688,8.43800080474466,8.586997864767909,84.16899800067768,1,0
2233,object,49203.713097355,101.48799628950655,5.323003279045224,3.5519988159649074,13.29900260316208,123.66200098767877,1,0
2234,object,49203.758089655,54.454998462460935,2.676999429240823,1.9750004867091775,6.824004231020808,65.93100260943174,1,0
2235,object,49203.802839684,45.37800123216584,2.4039982235990465,1.1279989848844707,6.444999598897994,55.354998039547354,1,0
2236,object,49203.848090017,93.91099592903629,4.922003427054733,2.559994754847139,12.909003999084234,114.3019981100224,1,0
2237,object,49203.892957011,60.54600089555606,3.8290017982944846,1.9009967218153179,6.945003406144679,73.22100282181054,1,0
2238,object,49203.9378611,43.787003960460424,1.9069993868470192,1.243999577127397,5.665999196935445,52.604002121370286,1,0
2239,object,49203.982857357,44.07800588523969,1.9479994080029428,1.0169969755224884,6.100002792663872,53.143005061428994,1,0
2240,object,49204.010525568,63.43700079014525,173.81799989379942,67.73599307052791,4.935005563311279,309.92599931778386,1,1
2241,object,49204.03655599,62.268998590298,176.24600150156766,89.67200119514018,5.662994226440787,333.84999551344663,1,1
2242,object,49204.064433244,120.44599861837924,333.75100611010566,181.6669973777607,11.065996659453958,646.9299987656996,1,1
2243,object,49204.089901758,47.66699566971511,154.47500481968746,53.25800157152116,4.058994818478823,259.45899687940255,1,1
2244,object,49204.116029065,94.92300159763545,241.9989978079684,91.84300142806023,7.285001629497856,436.05000246316195,1,1
2245,object,49204.145458077,45.01899820752442,114.73800259409472,36.35900066001341,3.1890012905932963,199.30500275222585,1,1
2246,object,49204.173631059,55.51500362344086,152.88400027202442,38.968995795585215,3.6609999369829893,251.0289996280335,1,1
2247,object,49204.201738957,117.3029959318228,346.9439980108291,157.9040035721846,10.017000022344291,632.1679975371808,1,1
2248,object,49204.229813619,98.91200170386583,291.5219956776127,106.99000267777592,8.00099951447919,505.42499957373366,1,1
2249,object,49204.256135404,102.35200170427561,250.93699514400214,104.95400056242943,7.522001396864653,465.7649988075718,1,1
2250,object,49204.286805854,61.77199975354597,109.9740038625896,47.96100256498903,4.4769985834136605,224.18400476453826,1,1
2251,object,49204.313080576,37.9049961338751,111.87500058440492,38.86299964506179,2.9660004656761885,191.608996829018,1,1
2252,object,49204.340637652,54.83200220623985,121.45099753979594,33.86600292287767,3.4819968277588487,213.6309994966723,1,1
2253,object,49204.368938974,121.99399498058483,282.15999918757007,107.23100422183052,8.63799505168572,520.0229934416711,1,1
2254,object,49204.398106099,122.96400382183492,294.4899970316328,105.40500079514459,8.278002496808767,531.1370041454211,1,1
2255,object,49204.426252778,56.79800233338028,126.43799709621817,32.445997931063175,3.1529998523183167,218.83499721297994,1,1
2256,object,49204.452100508,55.61199941439554,150.04799934104085,57.716999435797334,5.0390008254908025,268.4159990167245,1,1
2257,object,49204.479989448,118.29000141005963,324.9969959142618,176.2530009727925,10.099996870849282,629.6399951679632,1,1
2258,object,49204.505172522,57.40100459661335,141.24599692877382,57.11000267183408,4.622997948899865,260.3800021461211,1,1
2259,object,49204.530988582,127.56399519275874,195.07700199028477,80.84800356300548,6.021997251082212,409.5109979971312,1,1
2260,object,49204.561918989,77.23000453552231,167.5789972068742,45.71199679048732,5.362002411857247,295.88300094474107,1,1
2261,object,49204.589764113,95.11600364930928,288.1619948311709,117.39600449800491,10.18799957819283,510.8620025566779,1,1
2262,object,49204.643143574,83.35399616044015,4.612003976944834,2.868000592570752,10.334995749872178,101.16899647982791,1,0
2263,object,49204.687874114,45.76399805955589,2.0700026652775705,1.2559976312331855,5.875001079402864,54.96499943546951,1,0
2264,object,49204.733113374,83.95499753532931,4.697001713793725,2.540997229516506,11.718999303411692,102.91199578205124,1,0
2265,object,49204.778107382,95.69899702910334,4.866000381298363,2.872002369258553,12.68699998036027,116.12399976002052,1,0
2266,object,49204.82288241,89.53899668995291,2.9420043574646115,1.996995706576854,10.50200080499053,104.9799975589849,1,0
2267,object,49204.825713856,42.24500298732892,9.920993761625141,1.1020019883289933,41.28299769945443,94.55099643673748,2,1
2268,object,49204.851654503,97.001000540331,244.04199939453974,91.80099732475355,6.458001735154539,439.30199899477884,2,1
2269,object,49204.898131213,134.43300122162327,5.456997314468026,3.6140045267529786,14.965997252147645,158.47000031499192,2,0
2270,object,49204.942971844,97.541997092776,4.287001502234489,2.915003278758377,11.364994861651212,116.10899673542008,2,0
2271,object,49204.98796526,89.36900121625513,3.2230018405243754,2.1089945221319795,9.581002814229578,104.28200039314106,2,0
2272,object,49205.032841711,56.93099956260994,2.230997779406607,1.2560049071907997,6.743997801095247,67.1620000503026,2,0
2273,object,49205.077954315,81.40800491673872,3.3309988793917,1.9189974409528077,8.725000952836126,95.38300218991935,2,0
2274,object,49205.122887107,64.43800521083176,2.611996023915708,1.3930039131082594,7.898997864685953,76.34200301254168,2,0
2275,object,49205.168284752,186.69500423129648,12.78599665965885,6.274996849242598,41.113002225756645,246.86899996595457,2,0
2276,object,49205.212891841,55.02999556483701,2.1000014385208488,1.5269979485310614,6.871006917208433,65.52800186909735,2,0
2277,object,49205.257975591,114.04100223444402,5.052002961747348,2.115993993356824,12.59200507774949,133.80100426729769,2,0
2278,object,49205.303096347,113.58600022504106,4.569999873638153,2.629996743053198,13.784003385808319,134.57000022754073,2,0
2279,object,49205.347957012,89.51199561124668,2.5650006136856973,1.482003426644951,6.956994184292853,100.51599383587018,2,0
2280,object,49205.392930827,83.25299859279767,3.3000032999552786,1.5969999367371202,8.798997441772372,96.94899927126244,2,0
2281,object,49205.43784975,51.51700315764174,2.434993803035468,1.1350057320669293,5.625995981972665,60.7129986747168,2,0
2282,object,49205.483023069,64.96300193248317,2.9239963623695076,1.4370016288012266,12.190001143608242,81.51400106726214,1,0
2283,object,49205.527880301,47.66500205732882,2.629996743053198,1.1840020306408405,6.315996870398521,57.79499770142138,1,0
2284,object,49205.573122829,116.82399781420827,7.433998689521104,4.241002898197621,17.794998711906374,146.29399811383337,1,0
2285,object,49205.618063473,61.79100455483422,2.554996171966195,1.4640027075074613,7.670998456887901,73.48100189119577,1,0
2286,object,49205.663058248,97.35300409374759,5.2629984566010535,3.405999450478703,13.06399644818157,119.08599844900891,1,0
2287,object,49205.708197618,124.36899851309136,5.0810049287974834,3.654997271951288,13.520002539735287,146.62500325357541,1,0
2288,object,49205.753035786,95.64699576003477,4.073001036886126,2.2450039978139102,9.39899473451078,111.36399552924559,1,0
2289,object,49205.797890564,56.693999795243144,2.1880041458643973,1.2660020729526877,2.497996320016682,62.64600233407691,0,0
2290,object,49205.842928427,1.9049984985031188,4.412999260239303,1.4609977370128036,1.0600051609799266,8.839000656735152,0,0
2291,object,49205.887838477,1.2210002751089633,3.3989999792538583,1.1279989848844707,1.2070013326592743,6.955000571906567,0,0
2292,object,49205.933146229,3.8619982660748065,9.716000931803137,3.0430019251070917,2.8009962989017367,19.421997421886772,0,0
2293,object,49205.978118111,3.098000888712704,7.438000466208905,2.582994056865573,2.7750065783038735,15.894001990091056,0,0
2294,object,49206.022874671,1.705004251562059,2.859000233002007,1.3359967852011323,0.7179987733252347,6.618000043090433,0,0
2295,object,49206.068088522,3.0650044209323823,7.588998414576054,2.631000825203955,2.253997081425041,15.539000742137432,0,0
2296,object,49206.113136386,3.373999788891524,7.869006367400289,3.0329974833875895,2.4170003598555923,16.693003999534994,0,0
2297,object,49206.157840976,1.296000846195966,3.2989992178045213,1.1320007615722716,0.9740033419802785,6.701004167553037,0,0
2298,object,49206.203162432,2.7790010790340602,7.844995707273483,2.892003976739943,2.4809996830299497,15.997000446077436,0,0
2299,object,49206.247863044,1.3269964256323874,3.5050034057348967,1.348998921457678,0.8830029400996864,7.0640016929246485,0,0
2300,object,49206.292911027,2.234002749901265,4.276000254321843,1.2620002962648869,0.9089999366551638,8.681003237143159,0,0
2301,object,49206.337873984,1.4690012903884053,3.770001058001071,1.3989993021823466,0.9409995982423425,7.579001248814166,0,0
2302,object,49206.383083085,3.355002263560891,7.488997653126717,2.5469998945482075,2.148000930901617,15.539000742137432,0,0
2303,object,49206.427882195,1.7839993233792484,3.5999983083456755,1.076004991773516,0.7039998308755457,7.1640024543739855,0,0
2304,object,49206.473082132,3.7240024539642036,7.608003215864301,2.5949993869289756,2.278997271787375,16.206002328544855,0,0
2305,object,49206.518236837,4.793000698555261,8.835995686240494,2.81500251730904,2.396001946181059,18.840000848285854,0,0
2306,object,49206.562871278,1.781998435035348,3.706001734826714,1.2980017345398664,0.9319992386735976,7.718001143075526,0,0
2307,object,49206.608141575,3.5199991543777287,10.431998816784471,3.3840042306110263,3.17399826599285,20.510000467766076,0,0
2308,object,49206.653023494,2.941000275313854,6.923997716512531,2.558001142460853,2.300999767612666,14.723998901899904,0,0
2309,object,49206.697898393,1.9619983504526317,4.260997229721397,1.2840027920901775,0.995998561847955,8.502996934112161,0,0
2310,object,49206.742932351,1.553002221044153,3.698994987644255,1.172003976535052,0.9409995982423425,7.365000783465803,0,0
2311,object,49206.787851152,1.9269937183707952,4.4050029828213155,1.1459997040219605,1.2800010154023767,8.757997420616448,0,0
2312,object,49206.832874626,1.8979990272782743,3.8799989852122962,1.2419986887834966,1.2060045264661312,8.226001227740198,0,0
2313,object,49206.878210207,3.998997271992266,8.9839959400706,3.3290052670054138,2.9899965738877654,19.301995052956045,0,0
2314,object,49206.923078828,2.940003469120711,7.511000148952007,3.3000032999552786,2.5219997041858733,16.27300662221387,0,0
2315,object,49206.967832611,1.720000000204891,3.0939991120249033,0.9990035323426127,0.776999513618648,6.590002158191055,0,0
2316,object,49207.01291186,1.686996256466955,4.067005647812039,1.6019985196180642,0.9469949873164296,8.302995411213487,0,0
2317,object,49207.058142381,2.834996848832816,8.074006473179907,2.982997102662921,2.558997948653996,16.45099837332964,0,0
2318,object,49207.102865631,2.221000613644719,4.044995876029134,1.2939999578520656,1.0130024747923017,8.57299892231822,0,0
2319,object,49207.147943094,1.4389952411875129,3.73900547856465,1.5789992175996304,0.8880015229806304,7.6450014603324234,0,0
2320,object,49207.192872698,1.5750047168694437,3.7560021155513823,1.0509975254535675,0.8479983080178499,7.230002665892243,0,0
2321,object,49207.237863542,1.7979982658289373,4.155997885391116,1.2110031093470752,1.4469987945631146,8.611998055130243,0,0
2322,object,49207.282848623,1.7030033632181585,3.4990007407031953,1.1339943739585578,0.8440038072876632,7.180002285167575,0,0
2323,object,49207.327926106,2.6389971026219428,4.2050014599226415,1.047999830916524,1.4230026863515377,9.315001079812646,0,0
2324,object,49207.372946831,4.94599953526631,8.62700107973069,2.468004822731018,2.234999556094408,18.276004993822426,0,0
2325,object,49207.418248232,3.7339996197260916,11.248994269408286,4.364002961665392,3.2480020308867097,22.59499888168648,0,0
2326,object,49207.463116116,2.8380018193274736,8.463997801300138,2.6510024326853454,2.9279981390573084,16.881000192370266,0,0
2327,object,49207.508104134,2.340995706617832,4.9670052248984575,1.5129990060813725,1.5609984984621406,10.381998436059803,0,0
2328,object,49207.552990709,2.6049965526908636,6.054004188627005,31.104995287023485,2.377004420850426,42.14100044919178,0,0
2329,object,49207.598556452,2.435001078993082,8.438997610937804,6.456000846810639,2.038999809883535,19.36899934662506,0,0
2330,object,49207.642947374,2.253000275231898,6.002002919558436,1.6339981812052429,1.1590018402785063,11.048003216274083,0,0
2331,object,49207.68785621,1.3319950085133314,3.6660057958215475,2.053995558526367,1.3789976947009563,8.430994057562202,0,0
2332,object,49207.733138093,3.3290052670054138,7.956994522828609,2.8750000637955964,2.543005393818021,16.70400524744764,0,0
2333,object,49207.777875227,1.420994522050023,3.9470032788813114,1.353000698145479,1.3339958968572319,8.054994395934045,0,0
2334,object,49207.822865329,1.4609977370128036,3.634006134234369,1.6329940990544856,0.8970018825493753,7.624999852851033,0,0
2335,object,49207.867945982,1.600004907231778,4.285997420083731,1.629996404517442,1.115004124585539,8.63100285641849,0,0
2336,object,49207.913022213,2.9910006560385227,5.713998689316213,2.4030014174059033,1.8990031094290316,13.00700387218967,0,0
2337,object,49207.957940786,1.4940014807507396,3.936998837161809,2.095999661833048,0.7609996828250587,8.287999662570655,0,0
2338,object,49208.002883061,1.5309997252188623,5.641995812766254,1.7550046322867274,1.682994479779154,10.610994650050998,0,0
2339,object,49208.047853192,2.219996531493962,4.57100395578891,1.0879957699216902,0.8749993867240846,8.753995643928647,0,0
2340,object,49208.092850377,1.5920013538561761,2.9740040190517902,1.048996637109667,0.7940034265629947,6.409005436580628,0,0
2341,object,49208.137856617,1.7749989638105035,4.050998541060835,1.2279997463338077,0.895997800398618,7.949995051603764,0,0
2342,object,49208.182908624,1.7709971871227026,4.185996658634394,1.6280027921311557,0.9010036592371762,8.486000297125429,0,0
2343,object,49208.227849313,1.3129974831826985,3.4149998100474477,1.5190016711130738,0.9120049071498215,7.1590038714930415,0,0
2344,object,49208.272884286,2.077002136502415,3.425993782002479,1.4840043149888515,0.838997948449105,7.82599818194285,0,0
2345,object,49208.31801872,2.667999069672078,5.961002898402512,1.9520011846907437,1.8040009308606386,12.385004083625972,0,0
2346,object,49208.36285039,2.4839973775669932,7.148999429773539,1.2730015441775322,1.014996087178588,11.920994438696653,0,0
2347,object,49208.408567685,2.576998667791486,7.267000910360366,2.510998456273228,1.5830009942874312,13.937999028712511,0,0
2348,object,49208.452887593,1.7280035535804927,3.6150013329461217,1.0769945220090449,0.7990020094439387,7.219001417979598,0,0
2349,object,49208.49792873,2.5039989850483835,5.608999344985932,2.0650040823966265,1.2219970813021064,11.399999493733048,0,0
2350,object,49208.543078381,3.2759999157860875,6.212001608218998,2.130000211764127,1.61500065587461,13.233002391643822,0,0
2351,object,49208.587874544,1.9900035113096237,3.15399665851146,1.4750039554201066,0.9489958756603301,7.56800000090152,0,0
2352,object,49208.632908958,1.6749982023611665,4.0719969547353685,1.7040001694113016,0.9770010365173221,8.427996363025159,0,0
2353,object,49208.677839042,1.743996108416468,2.988002961501479,1.37700408231467,0.7569979061372578,6.866001058369875,0,0
2354,object,49208.722905396,2.2279928089119494,3.7670033634640276,1.1989977792836726,1.0180010576732457,8.211995009332895,0,0
2355,object,49208.767869773,1.4710021787323058,3.6429992178454995,1.3969984138384461,0.9060022421181202,7.417002052534372,0,0
2356,object,49208.812937427,1.8270002328790724,6.150003173388541,1.281994627788663,1.2510063243098557,10.510004358366132,0,0
2357,object,49208.857859025,1.2359960237517953,3.430002834647894,1.0570001904852688,0.9110008249990642,6.633999873884022,0,0
2358,object,49208.90283497,1.4879988157190382,4.0669983718544245,1.2270029401406646,0.9360010153613985,7.718001143075526,0,0
2359,object,49208.948114787,1.7040001694113016,5.653993866872042,1.9940052879974246,1.2649979908019304,10.616997315082699,0,0
2360,object,49208.992872769,2.001004759222269,4.236993845552206,1.2630043784156442,0.9459981811232865,8.447001164313406,0,0
2361,object,49209.037833912,1.9840008462779224,3.426997864153236,1.1939991964027286,1.0790026863105595,7.684000593144447,0,0
2362,object,49209.082853717,1.252999936696142,3.1519957701675594,1.0220028343610466,1.1590018402785063,6.586000381503254,0,0
2363,object,49209.127895506,1.7300044419243932,4.420995537657291,1.5030018403194845,1.1950032785534859,8.849005098454654,0,0
2364,object,49209.173093348,3.2610041671432555,8.133996743708849,2.715998562052846,2.22500239033252,16.33600186323747,0,0
2365,object,49209.217848547,1.3180033420212567,2.983993908856064,0.9510040399618447,0.8209972293116152,6.073998520150781,0,0
2366,object,49209.262875706,1.5940022422000766,4.285997420083731,1.7139973351731896,0.9510040399618447,8.545001037418842,0,0
2367,object,49209.307978659,1.67799589689821,4.09800122724846,1.3370008673518896,1.0750009096227586,8.187998901121318,0,0
2368,object,49209.353034126,8.07900505606085,5.860994860995561,1.6850026440806687,2.592998498585075,18.218001059722155,0,0
2369,object,49209.398068647,2.710999979171902,7.634997018612921,2.9170041671022773,2.3079992388375103,15.57100040372461,0,0
2370,object,49209.442860397,1.562999386806041,3.677996573969722,1.1880038073286414,0.9970026439987123,7.4260024121031165,0,0
2371,object,49209.487885266,1.7030033632181585,4.150002496317029,1.7450001905672252,1.091000740416348,8.68900679051876,0,0
2372,object,49209.533083709,3.478002327028662,7.470996933989227,3.1430026865564287,2.5509943952783942,16.64299634285271,0,0
2373,object,49209.5780489,3.139997716061771,6.658003258053213,2.50799348577857,2.168002538383007,14.473996998276561,0,0
2374,object,49209.622851003,1.6470003174617887,3.654000465758145,1.1369993444532156,0.9069990483112633,7.344999175984412,0,0
2375,object,49209.668176259,3.316999936942011,7.467999239452183,2.882996341213584,2.306005626451224,15.974001144059002,0,0
2376,object,49209.713127971,3.417000698391348,8.284994692075998,3.0430019251070917,2.4410037440247834,17.18600105959922,0,0
2377,object,49209.757839691,1.1599986464716494,3.436995029915124,0.8910064934752882,0.7579947123304009,6.245994882192463,0,0
2378,object,49209.803125429,3.7899953895248473,9.622002835385501,3.030996595043689,2.4270048015750945,18.869999621529132,0,0
2379,object,49209.847917221,1.6420017345808446,4.319997970014811,1.4930046745575964,1.243999577127397,8.699003956280649,0,0
2380,object,49209.892882017,1.4540055417455733,3.754001227207482,1.2419986887834966,1.505999534856528,7.95600499259308,0,0
2381,object,49209.937862547,1.5230034478008747,3.807996108662337,1.4399993233382702,0.9470022632740438,7.718001143075526,0,0
2382,object,49209.983042527,3.020002623088658,6.81699748383835,2.700006007216871,2.401997335255146,14.939003449399024,0,0
2383,object,49210.027906781,2.1560044842772186,3.964996722061187,1.2189993867650628,0.8749993867240846,8.214999979827553,0,0
2384,object,49210.073153712,3.6089986679144204,8.237002475652844,2.9769944376312196,2.5660046958364546,17.38900027703494,0,0
2385,object,49210.11809113,2.7429996407590806,7.479000487364829,2.854998456314206,2.4600012693554163,15.536999853793532,0,0
2386,object,49210.162911283,2.0799998310394585,4.218003596179187,1.139000232797116,1.0509975254535675,8.48800118546933,0,0
2387,object,49210.208108226,2.7999994927085936,8.125003660097718,2.640997990965843,2.540000423323363,16.106001567095518,0,0
2388,object,49210.253112025,3.1099989428184927,8.457005606032908,2.5909976102411747,2.8909998945891857,17.04900205368176,0,0
2389,object,49210.297861883,1.6189951566047966,3.330002073198557,1.0029980330727994,0.9100040188059211,6.861999281682074,0,0
2390,object,49210.342898814,1.9619983504526317,3.334003849886358,1.5139958122745156,0.9750001481734216,7.784998160786927,0,0
2391,object,49210.387969044,2.2169988369569182,5.583002348430455,2.0039951778016984,2.0000006770715117,11.803997040260583,0,0
2392,object,49210.433020037,3.1899980967864394,8.850001904647797,2.782995579764247,2.592001692391932,17.414997273590416,0,0
2393,object,49210.477885185,1.863001671154052,4.4389962567947805,1.553002221044153,1.2169984984211624,9.071998647414148,0,0
2394,object,49210.522952169,2.3329994291998446,4.471003194339573,1.0779986041598022,0.9560026228427887,8.838003850542009,0,0
2395,object,49210.567881368,1.6970006981864572,2.863002009689808,1.4019969967193902,0.9089999366551638,6.870999641250819,0,0
2396,object,49210.612941027,1.501000951975584,3.9849983295425773,1.9490034901537001,1.0320000001229346,8.467002771794796,0,0
2397,object,49210.657902284,1.549000444356352,3.4330005291849375,1.5420009731315076,0.9239956852979958,7.447997631970793,0,0
2398,object,49210.703231281,3.931003448087722,10.199997632298619,4.187000740785152,3.248998837079853,21.567000658251345,0,0
2399,object,49210.747879554,1.7069978639483452,3.578003088477999,1.0219955584034324,1.0600051609799266,7.367001671809703,0,0
2400,object,49210.792905484,2.024004061240703,4.2339961510151625,1.362997863907367,0.9650029824115336,8.586001058574766,0,0
2401,object,49210.837879947,1.6449994291178882,3.0130031518638134,1.157997758127749,0.7170019671320915,6.533002306241542,0,0
2402,object,49210.883058132,3.1849995139054954,7.46700243325904,2.7229980332776904,2.3500033421441913,15.725003322586417,0,0
2403,object,49210.927895313,2.3669999791309237,3.9290025597438216,1.3559983926825225,1.034000888466835,8.686001820024103,0,0
2404,object,49210.972849692,1.3250028132461011,3.155000740662217,1.0999938240274787,0.8220013114623725,6.4019986893981695,0,0
2405,object,49211.018111339,3.234003088437021,7.44700082577765,2.5519984774291515,3.116998414043337,16.35000080568716,0,0
2406,object,49211.06308181,2.8009962989017367,7.827002264093608,2.5099943741224706,1.968001015484333,15.105993952602148,0,0
2407,object,49211.108066223,2.934997610282153,7.103997631929815,2.3650063667446375,2.073997166007757,14.477998774964362,0,0
2408,object,49211.153014927,1.5520054148510098,3.777997335419059,1.3870012480765581,0.8770002750679851,7.594004273414612,0,0
2409,object,49211.198087878,2.7709975256584585,7.905000529717654,2.9619986889883876,2.38200300373137,16.01999974809587,0,0
2410,object,49211.242863394,1.9740036805160344,3.6849960451945662,1.148000592365861,0.9790019248612225,7.786002242937684,0,0
2411,object,49211.287847345,1.867003447841853,2.959000994451344,1.4569959603250027,0.9390059858560562,7.222006388474256,0,0
2412,object,49211.333108388,2.9470029403455555,7.469003321602941,3.2229945645667613,2.792003215290606,16.431004041805863,0,0
2413,object,49211.378070588,3.106004442088306,7.090995495673269,2.868000592570752,2.3370012058876455,15.402001736219972,0,0
2414,object,49211.423015952,3.2179959816858172,7.44900171412155,2.8700014809146523,2.5039989850483835,16.040998161770403,0,0
2415,object,49211.467945412,2.0049992599524558,5.043002602178603,1.1000010999850929,1.710999640636146,9.859002602752298,0,0
2416,object,49211.513098293,2.950000634882599,8.290997357107699,2.600005245767534,2.239998138975352,16.081001376733184,0,0
2417,object,49211.557886812,2.1000014385208488,4.224995791446418,1.172003976535052,1.2410018825903535,8.738003089092672,0,0
2418,object,49211.603071251,3.4620024962350726,8.351998985745013,3.0430019251070917,2.4839973775669932,17.34100078465417,0,0
2419,object,49211.6478366,1.157997758127749,3.182001819368452,0.8950009942054749,0.8459974196739495,6.080997991375625,0,0
2420,object,49211.693204167,3.2759999157860875,8.085997251328081,3.107001248281449,2.282999048475176,16.751997463870794,0,0
2421,object,49211.737921753,1.6179983504116535,3.7919962778687477,1.3930039131082594,0.9200011845678091,7.72299972595647,0,0
2422,object,49211.782864697,1.5280020306818187,3.6769997677765787,1.5810001059435308,1.1899974197149277,7.975999324116856,0,0
2423,object,49211.828117117,3.215995093341917,7.317001291085035,3.1140007195062935,2.205997589044273,15.852994692977518,0,0
2424,object,49211.873206753,3.2509997254237533,7.030001142993569,2.676999429240823,2.2469976102001965,15.204997907858342,0,0
2425,object,49211.918069053,2.845001290552318,7.713002560194582,3.155000740662217,2.663997292984277,16.377001884393394,0,0
2426,object,49211.962896137,1.79699418367818,3.9760052459314466,1.4309989637695253,0.8989954949356616,8.102993888314813,0,0
2427,object,49212.007897263,1.877000613603741,3.9380029193125665,1.0509975254535675,0.9239956852979958,7.789996743667871,0,0
2428,object,49212.052919404,1.6780031728558242,4.283996531739831,1.4110046322457492,0.8569986675865948,8.230003004428,0,0
2429,object,49212.097891314,2.14899773709476,4.326000635046512,1.3900062185712159,1.3979952200315893,9.262999810744077,0,0
2430,object,49212.142898075,1.706001057755202,3.496999852359295,1.043998054228723,1.1020019883289933,7.349000952672213,0,0
2431,object,49212.187919468,1.9700019038282335,4.244997398927808,1.6460035112686455,0.8989954949356616,8.759998308960348,0,0
2432,object,49212.233123893,3.0709998100064695,8.032999176066369,2.7550049708224833,2.6099951355718076,16.46899909246713,0,0
2433,object,49212.278075044,3.07300069835037,7.46700243325904,2.816996129695326,2.254004357382655,15.611003618687391,0,0
2434,object,49212.323046878,2.6709967642091215,7.995004125405103,2.9809962143190205,2.2500025806948543,15.8969996846281,0,0
2435,object,49212.368124304,3.325003490317613,7.533999450970441,2.7189962565898895,2.1940068108960986,15.772006008774042,0,0
2436,object,49212.412927732,2.2509993868879974,4.156994691584259,1.2460004654712975,1.381005859002471,9.035000402946025,0,0
2437,object,49212.458089049,3.525994543451816,7.319998985622078,5.202004103921354,3.1460003810934722,19.19399801408872,0,0
2438,object,49212.502884873,1.519998477306217,4.180001269560307,1.1459997040219605,1.4760007616132498,8.322000212501734,0,0
2439,object,49212.547850791,1.3559983926825225,2.991997462231666,1.0270014172419906,0.8479983080178499,6.222995580174029,0,0
2440,object,49212.593100513,3.8750004023313522,10.027004464063793,3.9139995351433754,3.50600021192804,21.32200461346656,0,0
2441,object,49212.638068484,3.3130054362118244,7.415001164190471,2.8089998522773385,2.1519954316318035,15.689001884311438,0,0
2442,object,49212.683220526,3.9430015021935105,10.547999409027398,3.692002792377025,3.149994881823659,21.332998585421592,0,0
2443,object,49212.727911617,1.782995241228491,4.697001713793725,1.849002728704363,1.0839939932338893,9.412993676960468,0,0
2444,object,49212.772816604,1.353997504338622,3.182001819368452,1.0469957487657666,1.1550000635907054,6.737995136063546,0,0
2445,object,49212.817881223,1.8689970602281392,2.863002009689808,1.3049939298070967,0.9270006557926536,6.963993655517697,0,0
2446,object,49212.863103127,3.5140037653036416,7.52999767428264,2.631000825203955,2.405999111942947,16.081001376733184,0,0
2447,object,49212.908131118,2.940003469120711,8.10199708212167,2.6659981813281775,2.210006641689688,15.918005374260247,0,0
2448,object,49212.952847617,1.5359983080998063,3.478999133221805,1.5710029401816428,0.7939961506053805,7.379996532108635,0,0
2449,object,49212.998100887,3.0709998100064695,7.112001185305417,2.7379937819205225,2.254004357382655,15.174999134615064,0,0
2450,object,49213.042848777,1.7850034055300057,3.5810007830150425,1.052998413797468,0.8850038284435868,7.304006430786103,0,0
2451,object,49213.088056444,2.626002242323011,7.415997970383614,2.864995622076094,2.1090017980895936,15.015997632872313,0,0
2452,object,49213.133099129,3.622000804170966,7.745999027974904,2.7369969757273793,2.264001523144543,16.368998331017792,0,0
2453,object,49213.178080014,1.5879995771683753,3.7410063669085503,1.158994564320892,1.3710014172829688,7.859001925680786,0,0
2454,object,49213.222928088,2.1180021576583385,4.6819986891932786,1.1800002539530396,0.9060022421181202,8.886003342922777,0,0
2455,object,49213.267984325,2.064000000245869,4.287001502234489,1.2419986887834966,1.1029987945221364,8.695998985785991,0,0
2456,object,49213.31290228,2.238004526589066,4.975998308509588,1.8950013327412307,1.4379984349943697,10.547002602834255,0,0
2457,object,49213.35790729,2.205997589044273,3.5679986467584968,1.0360017768107355,1.0889998520724475,7.898997864685953,0,0
2458,object,49213.403105572,2.8990034479647875,7.784998160786927,2.544999006204307,2.5810004444792867,15.810001059435308,0,0
2459,object,49213.447861532,1.944004907272756,3.978995664510876,1.210006303153932,0.9279974619857967,8.06100433692336,0,0
2460,object,49213.49305939,2.7670030249282718,7.201997505035251,2.330998540855944,1.8179998733103275,14.117998944129795,0,0
2461,object,49213.537856671,1.3030003174208105,3.3559990697540343,1.0139992809854448,0.9210052667185664,6.594003934878856,0,0
2462,object,49213.582853816,1.4750039554201066,3.4129989217035472,1.0029980330727994,0.9400027920491993,6.831003702245653,0,0
2463,object,49213.628120641,3.583001671358943,7.745999027974904,2.8610011213459074,2.505003067199141,16.695004887878895,0,0
2464,object,49213.673366543,5.8730001910589635,14.06200317433104,3.735993232112378,2.6320049073547125,26.303001504857093,0,0
2465,object,49213.71803374,2.7479982236400247,8.068003808148205,3.064997144974768,2.753004082478583,16.63400325924158,0,0
2466,object,49213.762878681,2.235996362287551,4.120003723073751,1.3370008673518896,1.3739991118200123,9.067000064533204,0,0
2467,object,49213.807880488,1.548003638163209,5.8399964473210275,1.2899981811642647,0.9159994078800082,9.59399767452851,0,0
2468,object,49213.852898289,1.6250050975941122,4.108995199203491,1.4890028978697956,1.0369985830038786,8.260001777671278,0,0
2469,object,49213.898122218,3.287997969891876,7.832997653167695,3.0560040613636374,2.3809989215806127,16.55799860600382,0,0
2470,object,49213.942865881,1.4090037439018488,3.749999450519681,1.0320000001229346,0.7659982657060027,6.957001460250467,0,0
2471,object,49213.988125583,2.8840004233643413,7.777001883368939,3.086999640800059,2.4239998310804367,16.172001778613776,0,0
2472,object,49214.033083875,3.121000190731138,6.95599737809971,2.34400067711249,2.4339969968423247,14.854995242785662,0,0
2473,object,49214.078126348,3.693996404763311,7.8400044003501534,2.7999994927085936,2.5039989850483835,16.83799928287044,0,0
2474,object,49214.123168687,3.4679978853091598,9.834002412389964,3.777997335419059,3.1890012905932963,20.26899892371148,0,0
2475,object,49214.16791131,2.3219981812871993,4.844994691666216,1.3610042515210807,0.9279974619857967,9.455994586460292,0,0
2476,object,49214.212859126,1.3320022844709456,3.1290037441067398,1.0229996405541897,0.7630005711689591,6.247006240300834,0,0
2477,object,49214.257859765,1.4120014384388924,4.027999239042401,1.3129974831826985,0.8110000635497272,7.563998224213719,0,0
2478,object,49214.30313677,3.4709955798462033,8.02100112196058,2.5749977794475853,2.378001227043569,16.444995708297938,0,0
2479,object,49214.347979127,1.7999991541728377,27.239999326411635,1.3280005077831447,1.5710029401816428,31.93900192854926,0,0
2480,object,49214.392925621,1.582993718329817,3.4620024962350726,0.9799987310543656,1.010004780255258,7.034999725874513,0,0
2481,object,49214.438038194,3.496999852359295,8.02100112196058,3.1849995139054954,2.339002094231546,17.042002582456917,0,0
2482,object,49214.482855943,1.5859986888244748,3.640001523308456,1.415995939169079,0.9750001481734216,7.616996299475431,0,0
2483,object,49214.528039737,3.1840027077123523,6.946000212337822,2.573993697296828,2.254004357382655,14.958000974729657,0,0
2484,object,49214.57288954,2.157998096663505,3.315995854791254,1.8330028979107738,1.0939984349533916,8.400995284318924,0,0
2485,object,49214.618038888,2.196997229475528,4.369001544546336,1.2699965736828744,0.9120049071498215,8.74800025485456,0,0
2486,object,49214.662848474,1.7049969756044447,2.7810019673779607,1.1110023478977382,0.7709968485869467,6.36799813946709,0,0
2487,object,49214.7078982,1.7099955584853888,4.065004759468138,1.357999281026423,0.7799972081556916,7.912996807135642,0,0
2488,object,49214.752837929,1.3719982234761119,3.5379998735152185,1.5179975889623165,0.9890063665807247,7.417002052534372,0,0
2489,object,49214.79785626,1.2040036381222308,3.6240016925148666,1.0469957487657666,1.3600001693703234,7.235001248773187,0,0
2490,object,49214.842900633,1.801003236323595,3.2099997042678297,1.1939991964027286,1.086998963728547,7.2920011007227,0,0
2491,object,49214.888094904,2.0719962776638567,5.451998731587082,1.710002834443003,1.453001459594816,10.686999303288758,0,0
2492,object,49214.932859306,1.986998540814966,3.7050049286335707,1.0669973562471569,0.8880015229806304,7.647002348676324,0,0
2493,object,49214.977825207,1.309999788645655,3.278000804129988,1.2309974408708513,0.8869974408298731,6.705995474476367,0,0
2494,object,49215.022871409,1.4899997040629387,3.3270043786615133,1.0899966582655907,0.8870047167874873,6.79400545777753,0,0
2495,object,49215.067900099,1.6370031516999006,3.72599606635049,1.5210025594569743,0.9919967851601541,7.875998562667519,0,0
2496,object,49215.112876271,1.8220016499981284,3.5630000638775527,1.0129951988346875,0.900006853044033,7.298003765754402,0,0
2497,object,49215.157928713,1.4550023479387164,3.415996616240591,1.0549993021413684,1.2680029612965882,7.194001227617264,0,0
2498,object,49215.202878168,1.3540047802962363,3.379995177965611,1.0450021363794804,0.8970018825493753,6.676003977190703,0,0
2499,object,49215.247879966,1.67799589689821,4.877998435404152,1.6470003174617887,0.9760042303241789,9.17899888008833,0,0
2500,object,49215.292902208,1.4920005924068391,3.865003236569464,1.019994670059532,1.3210010365583003,7.6979995355941355,0,0
2501,object,49215.337915839,1.5859986888244748,3.8250000216066837,1.4519973774440587,1.1540032573975623,8.01699934527278,0,0
2502,object,49215.382852432,1.4120014384388924,3.558998287189752,1.5110053936950862,0.9619980119168758,7.444003131240606,0,0
2503,object,49215.428171541,2.52599420491606,6.507005309686065,1.8029968487098813,1.8420032574795187,12.677999620791525,0,0
2504,object,49215.472882931,1.9860017346218228,4.722001904156059,1.8759965314529836,1.172003976535052,9.756004146765918,0,0
2505,object,49215.51787338,1.539003278594464,3.992994606960565,1.6320045688189566,1.0169969755224884,8.180999429896474,0,0
2506,object,49215.56292049,2.4369946913793683,5.570000212173909,1.9170038285665214,1.381995389238,11.305994121357799,0,0
2507,object,49215.607906296,1.5129990060813725,3.6950004869140685,1.3080061762593687,1.3799945008940995,7.896000170148909,0,0
2508,object,49215.652980816,1.7500060494057834,6.01599458605051,1.453998265787959,1.2610034900717437,10.481002391315997,0,0
2509,object,49215.697933331,2.3850006982684135,4.563000402413309,1.2649979908019304,1.4079996617510915,9.620998753234744,0,0
2510,object,49215.742877268,1.9090002751909196,4.11800283472985,1.0859948815777898,1.2830059858970344,8.396003977395594,0,0
2511,object,49215.787963869,2.073997166007757,6.974005373194814,1.8119972082786262,1.6280027921311557,12.488002539612353,0,0
2512,object,49215.832879501,1.3499957276508212,4.271001671440899,1.139000232797116,0.9270006557926536,7.68699828768149,0,0
2513,object,49215.877925197,2.0030056475661695,7.309994543902576,2.339002094231546,1.9040016923099756,13.556003978010267,0,0
2514,object,49215.922855154,1.5640034689567983,3.5949997254647315,1.5569967217743397,0.938998709898442,7.6549986260943115,0,0
2515,object,49215.967941034,1.9199942471459508,6.005000614095479,1.6920021153055131,1.6409976524300873,11.25799462897703,0,0
2516,object,49216.012859266,1.4140023267827928,4.043999069835991,1.5300029190257192,0.6850023055449128,7.6730066211894155,0,0
2517,object,49216.057879544,2.1460000425577164,4.053996235597879,1.186999725177884,0.7780035957694054,8.164999599102885,0,0
2518,object,49216.103079732,4.745001206174493,11.743999493774027,3.553999704308808,2.5810004444792867,22.624000848736614,0,0
2519,object,49216.148299334,8.06599564384669,20.85100277327001,8.72799864737317,3.5769990063272417,41.22199607081711,0,0
2520,object,49216.193829417,7.867995009291917,14.377001207321882,6.064001354388893,4.326997441239655,32.63599501224235,0,0
2521,object,49216.23850256,3.982997441198677,9.618997864890844,3.078006557188928,2.416993083897978,19.096994947176427,0,0
2522,object,49216.28291905,1.5900004655122757,3.9849983295425773,1.1520023690536618,1.3349999790079892,8.062001143116504,0,0
2523,object,49216.32819622,2.5760018615983427,6.143003702163696,1.505999534856528,1.7789934645406902,12.003998563159257,0,0
2524,object,49216.373071879,2.140994183719158,7.075002940837294,6.20899663772434,4.647001333069056,20.07199509534985,0,0
2525,object,49216.417867645,1.358996087219566,3.76399839296937,1.029002305585891,0.9540017344988883,7.105998520273715,0,0
2526,object,49216.463351014,4.370005626697093,7.558999641332775,2.3649990907870233,1.5499972505494952,15.844001609366387,0,0
2527,object,49216.508542243,2.635002601891756,15.641999198123813,4.328001523390412,5.007001163903624,27.612004487309605,0,0
2528,object,49216.55291143,1.624997821636498,3.726003342308104,1.4749966794624925,1.0049989214166999,7.830996764823794,0,0
2529,object,49216.598221672,2.3699976736679673,7.271002687048167,6.075002602301538,1.9369981600902975,17.65300112310797,0,0
2530,object,49216.643252743,6.586000381503254,8.128998160827905,2.692999260034412,1.2700038496404886,18.67800165200606,0,0
2531,object,49216.687980143,2.792003215290606,5.269997927825898,1.1890006135217845,0.9200011845678091,10.171002941206098,0,0
2532,object,49216.733475222,4.193003405816853,9.518997103441507,3.0410010367631912,4.141998942941427,20.895000488962978,0,0
2533,object,49216.778684948,8.048999006859958,16.599995433352888,3.387998731341213,3.1480012694373727,31.18499444099143,0,0
2534,object,49216.823536029,4.207999154459685,10.754003596957773,2.7810019673779607,2.9570001061074436,20.700004824902862,0,0
2535,object,49216.86787575,2.101995050907135,3.3460019039921463,1.2220043572597206,0.990999978967011,7.661001291126013,0,0
2536,object,49216.913317092,4.145993443671614,8.05500167189166,3.11100302496925,1.929998688865453,17.241996829397976,0,0
2537,object,49216.958227642,5.808004061691463,9.923001925926656,2.1809973986819386,2.0669976947829127,19.97900108108297,0,0
2538,object,49217.002913024,1.7659986042417586,4.407003871165216,1.743996108416468,0.9170034900307655,8.834002073854208,0,0
2539,object,49217.047835699,1.2079981388524175,3.639004717115313,1.5810001059435308,0.929001544136554,7.357004506047815,0,0
2540,object,49217.093462118,2.769003913272172,12.6309969346039,1.9400031305849552,1.2169984984211624,18.55700247688219,0,0
2541,object,49217.137903656,1.6069971024990082,3.622000804170966,1.210995833389461,1.2790042092092335,7.718997949268669,0,0
2542,object,49217.182866242,1.5420009731315076,3.401997673790902,1.305998011957854,0.8690039976499975,7.119000656530261,0,0
2543,object,49217.228750626,10.197996743954718,16.232996131293476,9.034003596752882,7.13500048732385,42.599996959324926,0,0
2544,object,49217.273381254,4.4240005081519485,9.038994903676212,2.411004970781505,1.6949998098425567,17.569000192452222,0,0
2545,object,49217.317916602,2.107000909745693,4.091998562216759,1.191001501865685,1.252999936696142,8.643000910524279,0,0
2546,object,49217.363287912,3.902001481037587,5.488000169862062,3.3940013963729143,5.647001671604812,18.431004718877375,0,0
2547,object,49217.408054127,1.7380007193423808,3.782995918300003,1.9780054572038352,1.362997863907367,8.861999958753586,0,0
2548,object,49217.452891529,1.6039994079619646,3.5850025597028434,1.5069963410496712,0.9590003173798323,7.6549986260943115,0,0
2549,object,49217.498120892,4.068002454005182,8.410999726038426,3.0059964046813548,2.801003574859351,18.286002159584314,0,0
2550,object,49217.542840217,1.3519966159947217,3.4149998100474477,1.1280062608420849,0.8319984772242606,6.727001164108515,0,0
2551,object,49217.588176773,2.000997483264655,6.631998985540122,1.548003638163209,1.7079946701414883,11.888994777109474,0,0
2552,object,49217.633042612,3.635002940427512,6.802998541388661,1.8900027498602867,0.9880022844299674,13.316006516106427,0,0
2553,object,49217.677873822,1.724998583085835,3.282999387010932,1.2620002962648869,0.9450013749301434,7.214999641291797,0,0
2554,object,49217.722876065,1.3969984138384461,3.9769947761669755,1.2320015230216086,1.553999027237296,8.159993740264326,0,0
2555,object,49217.767882546,1.5429977793246508,4.344998160377145,1.5609984984621406,0.9470022632740438,8.39599670143798,0,0
2556,object,49217.812892508,1.6379999578930438,3.86499596061185,1.2370001059025526,1.2740056263282895,8.014001650735736,0,0
2557,object,49217.857790843,1.3829994713887572,3.549997927621007,1.115004124585539,1.2379969120956957,7.285998435690999,0,0
2558,object,49217.902862492,1.4639954315498471,3.3620017347857356,1.0400035534985363,1.277992851100862,7.143993570934981,0,0
2559,object,49217.947823641,1.1800002539530396,3.2890020520426333,1.1320007615722716,1.2419986887834966,6.843001756351441,0,0
2560,object,49217.992992409,2.9459988581947982,17.82600156730041,2.419998054392636,1.848995452746749,25.040993932634592,0,0
2561,object,49218.037888916,1.8569990061223507,3.670000296551734,1.2669988791458309,0.7820053724572062,7.576003554277122,0,0
2562,object,49218.082864409,1.6190024325624108,3.8910002331249416,1.4839970390312374,1.0020012268796563,7.996000931598246,0,0
2563,object,49218.128628099,4.276000254321843,25.488996470812708,3.9910009945742786,4.918001650366932,38.67399937007576,0,0
2564,object,49218.173135588,2.9430011636577547,7.410002581309527,1.8610007828101516,2.135995600838214,14.350000128615648,0,0
2565,object,49218.217867427,1.7889979062601924,3.4240001696161926,1.5559999155811965,1.0379953891970217,7.806993380654603,0,0
2566,object,49218.263286122,6.2350009102374315,13.29700171481818,3.5949997254647315,4.123998223803937,27.25100057432428,0,0
2567,object,49218.308636625,6.829002813901752,20.433995814528316,5.459005478769541,6.910995580255985,39.632999687455595,0,0
2568,object,49218.353027147,2.4940018192864954,5.475994839798659,2.0120060071349144,1.4739998732693493,11.456002539489418,0,0
2569,object,49218.398241726,2.5660046958364546,6.024994945619255,21.241001377347857,1.862004864960909,31.694005883764476,0,0
2570,object,49218.443532927,5.393005267251283,7.8169978223741055,2.7849964681081474,1.53400469571352,17.529004253447056,0,0
2571,object,49218.488171756,2.5699991965666413,8.460003300569952,2.6400011847727,2.2859967430122197,15.956000424921513,0,0
2572,object,49218.532888463,1.8700011423788965,5.702997441403568,1.6550038708373904,3.082001057919115,12.31000351253897,0,0
2573,object,49218.578193705,1.4460019883699715,3.6999990697950125,1.482003426644951,1.2230011634528637,7.851005648262799,0,0
2574,object,49218.623231026,1.8749997252598405,5.907000740990043,1.1039956007152796,1.7429993022233248,10.628995369188488,0,0
2575,object,49218.66789091,2.2749954950995743,3.78400000045076,1.2010059435851872,0.7589987944811583,8.01900023361668,0,0
2576,object,49218.713057938,5.980997229926288,11.274001735728234,1.8220016499981284,4.944995453115553,24.021996068768203,0,0
2577,object,49218.758106385,2.9239963623695076,10.155003110412508,2.373999450355768,1.6870035324245691,17.140002455562353,0,0
2578,object,49218.802886002,1.1779993656091392,3.658999048639089,1.0470030247233808,1.2919990695081651,7.176000508479774,0,0
2579,object,49218.848513183,10.269999620504677,23.888998839538544,5.474001227412373,4.926994733978063,44.55999442143366,0,0
2580,object,49218.893618726,5.347006663214415,10.634998034220189,4.80699964100495,4.920999344903976,25.71000368334353,0,0
2581,object,49218.937903759,3.549001121427864,4.323002940509468,1.4699980965815485,1.6519989003427327,10.994001058861613,0,0
2582,object,49218.982863846,1.5080004232004285,3.736000508069992,1.172993506770581,0.8910064934752882,7.30800093151629,0,0
2583,object,49219.028217018,6.911002856213599,6.691996532026678,1.3870012480765581,1.1500014807097614,16.140002117026597,0,0
2584,object,49219.073291451,5.583002348430455,4.4769985834136605,1.3469980331137776,1.020001946017146,12.427000910975039,0,0
2585,object,49219.118092301,2.734996087383479,6.952999683562666,2.826003765221685,2.3369939299300313,14.850993466097862,0,0
2586,object,49219.162960097,1.472006260883063,4.469999112188816,2.2039967007003725,2.0989973563700914,10.244999430142343,0,0
2587,object,49219.207864303,1.3829994713887572,3.441993612796068,1.0530056897550821,0.8179995347745717,6.695998308714479,0,0
2588,object,49219.252937051,2.3229949874803424,4.47000638814643,1.2889940990135074,1.0970034054480493,9.17899888008833,0,0
2589,object,49219.297929915,3.0289957066997886,8.169001375790685,3.6900019040331244,2.6669949875213206,17.55499397404492,0,0
2590,object,49219.343070198,3.6139972507953644,7.508002454414964,2.5179979274980724,2.492000930942595,16.131998563650995,0,0
2591,object,49219.388069795,2.824999683070928,7.914000889286399,2.768996637314558,2.5030021788552403,16.010999388527125,0,0
2592,object,49219.432986917,2.597997081466019,6.948997906874865,2.5370027287863195,12.19599653268233,24.279994249809533,0,0
2593,object,49219.477919635,1.5850018826313317,4.547000571619719,1.881999196484685,0.9400027920491993,8.954004442784935,0,0
2594,object,49219.523113416,2.8659997042268515,7.3210030677728355,2.8719950933009386,2.5420013116672635,15.600999176967889,0,0
2595,object,49219.567884658,1.862004864960909,3.417000698391348,1.1759984772652388,0.9680006769485772,7.423004717566073,0,0
2596,object,49219.613120249,3.0759983928874135,6.961003236938268,2.873995981644839,2.2029998945072293,15.11399750597775,0,0
2597,object,49219.658060645,3.225002728868276,7.209993782453239,3.053006366826594,1.9469953258521855,15.434998204000294,0,0
2598,object,49219.703094112,5.141999281477183,6.504000339191407,3.13599593937397,1.4469987945631146,16.228994354605675,0,0
2599,object,49219.747948039,1.787993824109435,5.488000169862062,1.667001924943179,1.724998583085835,10.66799450200051,0,0
2600,object,49219.793503079,10.831994586624205,11.834999895654619,5.854999471921474,1.849002728704363,30.37099668290466,0,0
2601,object,49219.837986248,2.1090017980895936,4.18099807575345,1.138003426603973,0.8989954949356616,8.326998795382679,0,0
2602,object,49219.882938322,1.8599967006593943,4.718000127468258,1.9569997675716877,1.3509998098015785,9.885996405500919,0,0
2603,object,49219.927846193,1.6609992599114776,3.4480035537853837,1.1029987945221364,0.990999978967011,7.203001587186009,0,0
2604,object,49219.973200341,3.3619944588281214,7.9029996413737535,3.60200647264719,2.330998540855944,17.19799911370501,0,0
2605,object,49220.018036172,2.8600043151527643,7.162998372223228,2.7439964469522238,2.1930027287453413,14.960001863073558,0,0
2606,object,49220.063075602,3.110006218776107,7.108996214810759,2.6179986889474094,2.7040005079470575,15.541001630481333,0,0
2607,object,49220.108127103,4.4670014176517725,9.49900277191773,2.9989969334565103,2.5789995561353862,19.5440006791614,0,0
2608,object,49220.152883289,1.8959981389343739,3.706998541019857,1.143002009484917,0.8309943950735033,7.576993084512651,0,0
2609,object,49220.197849965,1.4030010788701475,3.8040016079321504,1.4799952623434365,0.8830029400996864,7.570000889245421,0,0
2610,object,49220.243119138,4.0199956856667995,7.9500023275613785,3.0130031518638134,2.2429958335123956,17.225996998604387,0,0
2611,object,49220.288241123,2.886998117901385,8.269998943433166,2.7229980332776904,2.739005140028894,16.619000234641135,0,0
2612,object,49220.333246855,7.595997885800898,10.75100590242073,2.767999831121415,2.3949978640303016,23.510001483373344,0,0
2613,object,49220.377862902,1.505999534856528,3.23000131174922,1.0429939720779657,0.9170034900307655,6.695998308714479,0,0
2614,object,49220.423035484,2.9570001061074436,6.6590000642463565,2.449000021442771,2.234002749901265,14.299002941697836,0,0
2615,object,49220.467917447,2.2469976102001965,4.1000021155923605,1.348002115264535,0.9590003173798323,8.654002158436924,0,0
2616,object,49220.512875214,1.30099942907691,3.5389966797083616,1.0780058801174164,1.1379961506463587,7.055998139549047,0,0
2617,object,49220.557897629,1.7560014384798706,3.549001121427864,1.1230004020035267,0.9489958756603301,7.376998837571591,0,0
2618,object,49220.602871696,1.8799983081407845,3.3850010368041694,1.0459989425726235,0.8700008038431406,7.180999091360718,0,0
2619,object,49220.647866574,1.758002326823771,3.315995854791254,1.1080046533606946,0.8589995559304953,7.041002390906215,0,0
2620,object,49220.692843817,1.2980017345398664,3.187000402249396,1.1320007615722716,1.0709991329349577,6.688002031296492,0,0
2621,object,49220.737951619,2.3700049496255815,5.264999344944954,1.8840000848285854,1.4850011211819947,11.004005500581115,0,0
2622,object,49220.783304898,2.153996319975704,7.351998647209257,2.7710048016160727,1.5589976101182401,13.835997378919274,0,0
2623,object,49220.831100723,2.629996743053198,8.549999620299786,3.6560013541020453,1.4590041246265173,16.295001842081547,0,0
2624,object,49220.872919494,2.04800016945228,3.8250000216066837,1.1140000424347818,0.9359937394037843,7.92299397289753,0,0
2625,object,49220.918239217,2.1500018192455173,4.319001163821667,1.3379976735450327,1.0990042937919497,8.906004950404167,0,0
2626,object,49220.962993264,2.7560017770156264,13.158998626749963,2.916996891144663,1.672997314017266,20.504994608927518,0,0
2627,object,49221.007903812,1.4569959603250027,4.073001036886126,1.115004124585539,1.71599822351709,8.360999345313758,0,0
2628,object,49221.052823865,1.6370031516999006,3.1389936339110136,1.3560056686401367,0.8809947757981718,7.012997230049223,0,0
2629,object,49221.09785756,1.3559983926825225,3.888002538587898,1.7040001694113016,0.9149953257292509,7.862996426410973,0,0
2630,object,49221.142981031,3.78400000045076,7.848997483961284,1.491003786213696,1.5389960026368499,14.66299727326259,0,0
2631,object,49221.187979327,2.7810019673779607,5.9349986258894205,2.334003511350602,1.6089979908429086,12.659002095460892,0,0
2632,object,49221.233148061,3.305998689029366,7.8880038927309215,2.972999936901033,2.367996785324067,16.534999303985387,0,0
2633,object,49221.278066366,2.1750020096078515,5.640999006573111,1.52099528349936,1.1840020306408405,10.520998330321163,0,0
2634,object,49221.322941362,1.8190039554610848,5.758993211202323,1.6930061974562705,1.9229992176406085,11.194002581760287,0,0
2635,object,49221.367894394,1.4219986042007804,8.201001037377864,1.6549965948797762,1.038999471347779,12.3169957078062,0,0
2636,object,49221.413268115,4.045003151986748,9.190996934194118,2.7790010790340602,1.4569959603250027,17.47199712553993,0,0
2637,object,49221.45789842,1.6929989214986563,3.492001269478351,1.1040028766728938,1.0079966159537435,7.296999683603644,0,0
2638,object,49221.502871686,1.3389944797381759,3.487002686597407,1.029002305585891,1.0189978638663888,6.8739973357878625,0,0
2639,object,49221.547912483,2.02999945031479,4.2769970605149865,1.1500014807097614,1.2500022421590984,8.707000233698636,0,0
2640,object,49221.592882361,1.8169957911595702,3.498003934510052,1.0930016287602484,1.0799994925037026,7.4880008469335735,0,0
2641,object,49221.637969867,2.6670022634789348,4.779998562298715,4.214001819491386,2.9139991966076195,14.575001841876656,0,0
2642,object,49221.683333457,3.154003934469074,8.15800012787804,3.2140014809556305,2.430999302305281,16.957004845608026,0,0
2643,object,49221.728613444,4.075001925230026,11.496995284687728,4.1900057112798095,4.656998498830944,24.419001420028508,0,0
2644,object,49221.772864592,1.4269971870817244,3.793000360019505,1.4690012903884053,0.8409988367930055,7.52999767428264,0,0
2645,object,49221.817905722,1.8270002328790724,4.11800283472985,1.567997969686985,0.8380011422559619,8.35100217955187,0,0
2646,object,49221.862838664,1.6500052879564464,4.121000529266894,1.648993929848075,1.0180010576732457,8.43800080474466,0,0
2647,object,49221.908261813,5.296999006532133,11.1860063043423,4.803994670510292,1.401000190526247,22.68800017191097,0,0
2648,object,49221.952848021,1.8350037862546742,4.522997187450528,1.1209995136596262,0.9490031516179442,8.428003638982773,0,0
2649,object,49221.997832069,1.434003934264183,3.754998033400625,1.020001946017146,1.1640004231594503,7.373004336841404,0,0
2650,object,49222.04318366,4.0049999370239675,9.819006663747132,2.7899950509890914,2.392000169493258,19.00600182125345,0,0
2651,object,49222.087827231,1.2309974408708513,3.3010001061484218,0.9600043995305896,0.8429997251369059,6.3350016716867685,0,0
2652,object,49222.132858665,1.4670004020445049,3.6320052458904684,1.0899966582655907,0.9029972716234624,7.091999577824026,0,0
2653,object,49222.17808274,2.1169980755075812,7.043003279250115,2.8899958124384284,2.3510001483373344,14.40099731553346,0,0
2654,object,49222.223133303,3.150002157781273,7.999995432328433,3.07300069835037,2.6750058168545365,16.898004105314612,0,0
2655,object,49222.267926507,1.906002580653876,3.7950012483634055,1.209999027196318,0.9520008461549878,7.863003702368587,0,0
2656,object,49222.313075314,3.1710005714558065,7.071001164149493,2.463995770085603,7.686001481488347,20.39199898717925,0,0
2657,object,49222.358100463,6.374997610691935,5.354995664674789,1.143002009484917,1.3090029824525118,14.181998267304152,0,0
2658,object,49222.402897296,1.8130012904293835,3.8200014387257397,0.9809955372475088,0.8470015018247068,7.460999768227339,0,0
2659,object,49222.447829182,1.3890021364204586,3.8479993236251175,1.1320007615722716,0.9080031304620206,7.277005352079868,0,0
2660,object,49222.493191713,3.549001121427864,8.281000191345811,3.0059964046813548,2.44499824475497,17.28099596221,0,0
2661,object,49222.53810523,3.255001502111554,7.27199949324131,2.715998562052846,2.6380002964287996,15.88099985383451,0,0
2662,object,49222.583081483,3.3180040190927684,7.483999070245773,2.8740032576024532,2.0649968064390123,15.741003153380007,0,0
2663,object,49222.628132893,2.720000338740647,7.357004506047815,2.7959977160207927,2.248998498544097,15.122001059353352,0,0
2664,object,49222.672851695,1.348998921457678,4.420995537657291,1.0110015864484012,1.3669996405951679,8.147995686158538,0,0
2665,object,49222.717823485,1.49600236909464,3.5859993658959866,1.305001205764711,0.8469942258670926,7.23399716662243,0,0
2666,object,49222.763115744,3.2800016924738884,7.6450014603324234,2.5569970603100955,2.429005689918995,15.911005903035402,0,0
2667,object,49222.80809457,2.6460038498044014,7.823000487405807,2.715998562052846,2.5859990273602307,15.771001926623285,0,0
2668,object,49222.853153871,2.6429988793097436,8.108996553346515,2.7610003598965704,2.610002411529422,16.12299820408225,0,0
2669,object,49222.898062734,3.6940036807209253,10.56699693435803,3.1090021366253495,2.5240005925297737,19.89400334423408,0,0
2670,object,49222.943025154,2.549997589085251,6.747999577783048,2.5179979274980724,2.125998435076326,13.941993529442698,0,0
2671,object,49222.987836444,1.5170007827691734,3.392000508029014,1.0730000212788582,0.7409980753436685,6.722999387420714,0,0
2672,object,49223.033132521,3.3710020943544805,8.347000402864069,2.6839989004656672,2.453998604323715,16.85600000200793,0,0
2673,object,49223.078085527,3.058004949707538,6.68199936626479,3.0339942895807326,2.5040062610059977,15.278004866559058,0,0
2674,object,49223.122880219,1.9309954950585961,3.245004336349666,1.1719967005774379,0.8600036380812526,7.208000170066953,0,0
2675,object,49223.168081263,2.378998033236712,6.795002263970673,2.558997948653996,2.229004167020321,13.962002412881702,0,0
2676,object,49223.212861295,1.3900062185712159,4.035995516460389,1.2090022210031748,1.3309982023201883,7.966002158354968,0,0
2677,object,49223.258247735,4.21699951402843,9.312003385275602,3.0099981813691556,2.5139961508102715,19.05299723148346,0,0
2678,object,49223.302836777,1.162996341008693,3.3379983506165445,1.0120056685991585,1.1189986253157258,6.631998985540122,0,0
2679,object,49223.348210621,2.9860020731575787,7.212998752947897,2.9799994081258774,2.5810004444792867,15.76000067871064,0,0
2680,object,49223.393134034,3.077002475038171,8.458002412226051,2.907996531575918,2.5510016712360084,16.99400309007615,0,0
2681,object,49223.438119627,2.692002453841269,7.611000910401344,2.925997250713408,2.553999365773052,15.782999980729073,0,0
2682,object,49223.483159016,2.9459988581947982,8.228998922277242,3.0410010367631912,2.4129985831677914,16.628997400403023,0,0
2683,object,49223.528191961,2.869004674721509,7.829999958630651,2.697997842915356,2.440996468067169,15.837998944334686,0,0
2684,object,49223.57283039,1.3889948604628444,3.630004357546568,1.0509975254535675,1.2239979696460068,7.293994713108987,0,0
2685,object,49223.617888059,1.948996214196086,3.840999852400273,1.1900046956725419,1.009997504297644,7.989998266566545,0,0
2686,object,49223.663095819,2.877000952139497,7.543996616732329,3.125001967418939,2.4980035959742963,16.04400313226506,0,0
2687,object,49223.708195122,3.2869938877411187,7.398004527203739,2.4140026653185487,2.334993041586131,15.433994121849537,0,0
2688,object,49223.753076593,5.098998371977359,6.65700645186007,1.7119964468292892,1.5190016711130738,14.987002941779792,0,0
2689,object,49223.798228022,3.6189958336763084,10.062998626381159,3.1510062399320304,2.3429965949617326,19.17599729495123,0,0
2690,object,49223.843075069,2.963999577332288,8.20299464976415,3.0470037017948925,2.235996362287551,16.449994291178882,0,0
2691,object,49223.88807527,2.949003828689456,7.431997801177204,3.011999069713056,2.972999936901033,16.36600063648075,0,0
2692,object,49223.933131768,2.754000888671726,7.875998562667519,2.9710063245147467,2.5759945856407285,16.17700036149472,0,0
2693,object,49223.978083369,3.116001607850194,7.447997631970793,2.7089990908280015,2.8950016712769866,16.168000001925975,0,0
2694,object,49224.022923435,1.996006176341325,3.8660000427626073,1.162996341008693,0.9619980119168758,7.987000572029501,0,0
2695,object,49224.068066523,3.087996446993202,7.116999768186361,2.3669999791309237,3.1669987947680056,15.738994989078492,0,0
2696,object,49224.113054804,2.873995981644839,7.113005267456174,2.3760003386996686,2.115993993356824,14.478995581157506,0,0
2697,object,49224.157865535,1.9939980120398104,3.483000909909606,1.0680014383979142,0.905994966160506,7.450995326507837,0,0
2698,object,49224.20311192,2.7140049496665597,7.436996384058148,2.883003617171198,2.5999979698099196,15.634002920705825,0,0
2699,object,49224.248358203,4.797999281436205,6.589994882233441,2.2669992176815867,3.277003997936845,16.931997379288077,0,0
2700,object,49224.292861676,1.5550031093880534,3.540997568052262,1.2020027497783303,1.4140023267827928,7.712005754001439,0,0
2701,object,49224.338066872,2.0740044419653714,5.005000275559723,4.00399585487321,3.3570031519047916,14.440003724303097,0,0
2702,object,49224.38337593,3.888999344781041,6.50299625704065,6.964997737668455,6.4970008679665625,23.853994207456708,0,0
2703,object,49224.428075345,2.5650006136856973,6.059999577701092,2.0029983716085553,2.191001840401441,12.819000403396785,0,0
2704,object,49224.472847062,1.6999983927235007,3.9660008042119443,1.1029987945221364,0.9310024324804544,7.700000423938036,0,0
2705,object,49224.518289795,2.872999175451696,13.928001862950623,1.5519981388933957,2.6460038498044014,20.999003027100116,0,0
2706,object,49224.563143222,2.0179941202513874,6.169000698719174,1.9270009943284094,1.6289995983242989,11.74299541162327,0,0
2707,object,49224.607881203,2.0609950297512114,4.280998837202787,1.329004589933902,1.2359960237517953,8.906994480639696,0,0
2708,object,49224.65322754,2.8509966796264052,12.773001799359918,6.570000550709665,6.404996383935213,28.5989954136312,0,0
2709,object,49224.698228661,3.0570008675567806,8.486997103318572,4.810004611499608,4.07799961976707,20.43200220214203,0,0
2710,object,49224.742881323,1.2570017133839428,3.344997821841389,1.0490039130672812,0.938998709898442,6.590002158191055,0,0
2711,object,49224.788266498,3.950997779611498,6.57900091027841,17.34300167299807,1.96700420929119,29.84000457217917,0,0
2712,object,49224.833306917,3.569002728909254,7.296002877410501,6.615999154746532,5.018999218009412,22.5000039790757,0,0
2713,object,49224.877873518,1.6029953258112073,3.8420039345510304,1.3710014172829688,0.9039940778166056,7.719994755461812,0,0
2714,object,49224.922881919,2.1279993234202266,4.0149971027858555,1.2719974620267749,0.7480048225261271,8.162998710758984,0,0
2715,object,49224.967841388,1.5389960026368499,4.018002073280513,1.14399881567806,1.0540024959482253,7.7549993875436485,0,0
2716,object,49225.01293614,2.0619991119019687,4.57399437436834,1.4600009308196604,0.9600043995305896,9.055998816620559,0,0
2717,object,49225.057839141,1.9379949662834406,3.4330005291849375,1.0660005500540137,0.967003870755434,7.403999916277826,0,0
2718,object,49225.103106164,3.264998667873442,6.545000360347331,3.0859955586493015,2.97200313070789,15.867997717577964,0,0
2719,object,49225.148100248,2.940003469120711,7.6079959399066865,2.769003913272172,2.535998646635562,15.853001968935132,0,0
2720,object,49225.193015391,2.3699976736679673,5.412999598775059,1.8730061128735542,1.5419936971738935,11.197997082490474,0,0
2721,object,49225.238151328,3.077999281231314,6.616006430704147,2.324995875824243,1.9560029613785446,13.975004549138248,0,0
2722,object,49225.283280272,3.5510020097717643,20.96599928336218,2.8759968699887395,2.597000275272876,29.98999843839556,0,0
2723,object,49225.328129242,2.9240036383271217,8.297996828332543,2.644999767653644,2.6940033421851695,16.56100357649848,0,0
2724,object,49225.372854641,1.1700030881911516,3.977998858317733,1.2039963621646166,1.4710021787323058,7.823000487405807,0,0
2725,object,49225.418120443,3.4710028558038175,7.627000741194934,2.597997081466019,2.4800028768368065,16.176003555301577,0,0
2726,object,49225.463102478,2.777996996883303,7.189999450929463,2.6240013539791107,2.109998604282737,14.701996406074613,0,0
2727,object,49225.508030081,3.230998117942363,6.993002898525447,2.4900000425986946,2.0419975044205785,14.755998563487083,0,0
2728,object,49225.553042021,2.5000044843181968,7.226997695397586,2.9090006137266755,2.1699961507692933,14.805998944211751,0,0
2729,object,49225.598022019,2.7749993023462594,6.848997145425528,2.569002390373498,2.1029991330578923,14.295997971203178,0,0
2730,object,49225.643015963,2.916996891144663,8.76400008564815,3.196997568011284,2.5469998945482075,17.424994439352304,0,0
2731,object,49225.68796205,2.701002813410014,6.528003723360598,2.6149937184527516,2.00500653591007,13.849006791133434,0,0
2732,object,49225.733021824,12.653996236622334,45.30300066107884,3.182998625561595,2.8790018404833972,64.01899736374617,0,0
2733,object,49225.777898808,1.5979967429302633,4.139998054597527,1.6230042092502117,0.9979994501918554,8.358998456969857,0,0
2734,object,49225.823033871,3.2710013329051435,6.752001354470849,2.3989996407181025,2.16899934457615,14.591001672670245,0,0
1,sign,49188.846484398,0.4660032573156059,1.7359998309984803,0.6640038918703794,48.981994041241705,51.84800102142617,1,1
2,sign,49188.870755882,13.55499989585951,48.6939970869571,30.636998417321593,1.9860017346218228,94.87199713476002,1,1
3,sign,49188.923014452,59.338002756703645,3.03499837173149,1.501000951975584,7.932001608423889,71.80600368883461,1,0
4,sign,49188.967899681,47.0710001536645,2.0669976947829127,1.2300006346777081,6.2069957493804395,56.57499423250556,1,0
5,sign,49189.013041466,67.86499579902738,2.701002813410014,1.3500030036084354,5.617999704554677,77.53400132060051,1,0
6,sign,49189.057855143,45.38799839792773,2.630004019010812,1.8059945432469249,5.424000846687704,55.24799780687317,1,0
7,sign,49189.102813044,41.435996536165476,1.7139973351731896,1.1260053724981844,5.769994459114969,50.04599370295182,1,0
8,sign,49189.12226401,16.215999494306743,53.16199531080201,29.227005143184215,1.820997567847371,100.42599751614034,1,1
9,sign,49189.146753552,12.087999493815005,55.975004215724766,27.942995075136423,1.6760022845119238,97.68200106918812,1,1
10,sign,49189.192846404,45.16299668466672,1.9970029825344682,1.22499477583915,5.631001840811223,54.015996283851564,1,0
11,sign,49189.237874613,45.354005123954266,1.8569990061223507,1.1829979484900832,5.87000249652192,54.26400457508862,1,0
12,sign,49189.282860726,42.72599471732974,2.3550019250251353,1.038002665154636,5.502995918504894,51.621995226014405,1,0
13,sign,49189.327878681,47.549001465085894,2.182998287025839,1.805005013011396,5.957001121714711,57.49400588683784,1,0
14,sign,49189.373124852,86.18699939688668,4.333000106271356,3.1509989639744163,11.991003702860326,105.66200216999277,1,0
15,sign,49189.3750273,59.22800482949242,238.8439970673062,161.38600039994344,8.406997949350625,467.8650002460927,1,1
16,sign,49189.398727017,13.042001228313893,50.25200516683981,28.559996280819178,1.9750004867091775,93.82900316268206,1,1
17,sign,49189.447976337,99.37200229614973,4.287998308427632,2.9850052669644356,11.27599534811452,117.92100121965632,1,0
18,sign,49189.492947523,61.04700150899589,3.0509982025250793,1.267995685338974,6.453003152273595,71.81899854913354,1,0
19,sign,49189.537861324,55.02799467649311,2.3620013962499797,1.9229992176406085,7.530004950240254,66.84300024062395,1,0
20,sign,49189.583117597,100.91399599332362,4.699002602137625,2.9220027499832213,11.626994819380343,120.16199616482481,1,0
21,sign,49189.627779216,24.97599780326709,1.2219970813021064,0.72900002123788,2.701999619603157,29.628994525410235,1,0
22,sign,49189.67289054,93.35100185126066,3.244000254198909,1.5079931472428143,9.43400664255023,107.53700189525262,1,0
23,sign,49189.717911467,57.459001254756004,2.0899969968013465,1.4550023479387164,6.476999260485172,67.48099985998124,1,0
24,sign,49189.763216386,101.00599320139736,4.613000783137977,3.7999998312443495,15.148005331866443,124.56699914764613,1,0
25,sign,49189.808024521,88.28999852994457,2.9470029403455555,1.8520004232414067,9.269999281968921,102.35900117550045,1,0
26,sign,49189.853168374,10.449999535921961,1.04300124803558,0.41900057112798095,1.7889979062601924,13.700999261345714,1,0
27,sign,49189.897956664,12.495002010837197,0.9610012057237327,0.5859983502887189,2.806002157740295,16.848003724589944,1,0
28,sign,49189.943368594,16.405996575485915,1.3520038919523358,0.6749978638254106,2.6039997464977205,21.036998077761382,1,0
29,sign,49189.987892299,50.54899520473555,2.3649990907870233,1.3130047591403127,6.294998456723988,60.52199751138687,1,0
30,sign,49190.03292913,153.1489979242906,4.302004526834935,2.724998921621591,10.310999641660601,170.48700101440772,1,0
31,sign,49190.077840499,43.109001126140356,2.038003003690392,1.0989970178343356,5.531001079361886,51.77700222702697,1,0
32,sign,49190.122975742,72.8899976820685,3.674002073239535,1.7619968275539577,7.03200203133747,85.35799861419946,1,0
33,sign,49190.167933198,60.07699994370341,3.6030032788403332,2.0660008885897696,14.623001334257424,80.36900544539094,1,0
34,sign,49190.168980803,74.10800026264042,193.53500101715326,56.72399856848642,4.391004040371627,328.75800388865173,1,1
35,sign,49190.194295279,57.91100556962192,158.36899547139183,54.34099875856191,4.018002073280513,274.63900187285617,1,1
36,sign,49190.243282031,31.406001653522253,2.8290014597587287,1.6229969332925975,4.8770016292110085,40.73500167578459,1,0
37,sign,49190.287920287,9.821000276133418,0.88600063463673,0.48699439503252506,1.3829994713887572,12.57699477719143,1,0
38,sign,49190.332928349,13.406999642029405,1.1329975677654147,0.6409973138943315,1.8900027498602867,17.070997273549438,1,0
39,sign,49190.378328924,28.212001780048013,2.363995008636266,1.3730023056268692,3.973000275436789,35.92199936974794,1,0
40,sign,49190.422962683,9.881005098577589,0.9169962140731514,0.471998646389693,1.4899997040629387,12.759999663103372,1,0
41,sign,49190.44635024,14.490993635263294,52.100003813393414,31.55600279569626,2.9139991966076195,101.06099944096059,1,1
42,sign,49190.470974356,19.562998204492033,78.7940007285215,44.542997784446925,2.606000634841621,145.50599735230207,1,1
43,sign,49190.512818085,45.91100150719285,2.4239998310804367,1.3300013961270452,6.852998922113329,56.51800165651366,1,0
44,sign,49190.557870975,46.06199945556,1.9470026018097997,1.2040036381222308,6.38599885860458,55.59900455409661,1,0
45,sign,49190.602787278,35.42199556250125,1.7330021364614367,1.0709991329349577,4.661997081711888,42.887993913609535,1,0
46,sign,49190.647916512,9.22399340197444,0.8280039764940739,0.46400236897170544,1.1979936971329153,11.713993444573134,1,0
47,sign,49190.69334399,29.39999831141904,2.4319961084984243,1.4970064512453973,3.977998858317733,37.306999729480594,1,0
48,sign,49190.737945045,9.78900061454624,0.7989947334863245,0.46499917516484857,1.277003320865333,12.329997844062746,1,0
49,sign,49190.783125232,99.3919966276735,5.3390031098388135,3.3629985409788787,16.471996787004173,124.56599506549537,1,0
50,sign,49190.828287443,117.44999937945977,5.8630030252970755,3.4049953683279455,19.05699900817126,145.77499678125605,1,0
51,sign,49190.872823729,39.45600474253297,2.2389940568245947,1.0090006981045008,4.678004188463092,47.382003685925156,1,0
52,sign,49190.917951073,11.19499938795343,1.0299991117790341,0.5469992174766958,1.5690020518377423,14.340999769046903,1,0
53,sign,49190.963184566,23.061002139002085,2.0130028133280575,1.0469957487657666,3.521003236528486,29.642003937624395,1,0
54,sign,49191.007949512,8.70999792823568,0.8380011422559619,0.47399953473359346,1.3559983926825225,11.377996997907758,1,0
55,sign,49191.053124202,98.2470010058023,4.569999873638153,3.4719996619969606,14.862998796161264,121.15199933759868,1,0
56,sign,49191.098081233,91.20699542108923,6.3400002545677125,3.2080060918815434,13.652999768964946,114.40800153650343,1,0
57,sign,49191.142698866,15.671001165173948,1.1289957910776138,0.5760011845268309,2.082997525576502,19.458995666354895,1,0
58,sign,49191.187947596,72.08299939520657,2.44499824475497,1.8749997252598405,9.657000191509724,86.0599975567311,1,0
59,sign,49191.233016887,81.30199421430007,4.282002919353545,3.1230010790750384,15.134995919652283,103.84199413238093,1,0
60,sign,49191.277912615,46.99200508184731,2.14899773709476,1.7749989638105035,5.898997187614441,56.814998970367014,1,0
61,sign,49191.322920623,9.407995094079524,0.8230053936131299,0.47299545258283615,1.2840027920901775,11.987998732365668,1,0
62,sign,49191.368510991,61.213002481963485,6.269998266361654,3.706001734826714,8.694994903635234,79.88399738678709,1,0
63,sign,49191.413114859,13.192999176681042,1.5269979485310614,0.4699977580457926,2.007000148296356,17.196995031554252,0,0
64,sign,49191.457959378,0.4710018401965499,1.9049984985031188,0.4019966581836343,0.4040048224851489,3.182001819368452,0,0
65,sign,49191.503053577,0.5030015017837286,4.048997652716935,0.5809997674077749,0.5040055839344859,5.637004505842924,0,0
66,sign,49191.547923122,0.49200025387108326,2.401000529062003,0.45499473344534636,0.467000063508749,3.8149955798871815,0,0
67,sign,49191.593285613,1.2659947969950736,5.212001269683242,1.2790042092092335,1.2789969332516193,9.035997209139168,0,0
68,sign,49191.637853414,1.3569951988756657,3.1910021789371967,1.114996848627925,0.957006704993546,6.620000931434333,0,0
69,sign,49191.683018429,2.7759961085394025,6.415000825654715,2.339998900424689,2.3040047381073236,13.83500057272613,0,0
70,sign,49191.727711131,0.48199581215158105,1.7690035747364163,0.6059999577701092,0.543994246982038,3.4009935916401446,0,0
71,sign,49191.772873909,1.2789969332516193,4.036002792418003,1.0559961083345115,1.1689990060403943,7.539994840044528,0,0
72,sign,49191.817928618,1.324995537288487,4.152003384660929,1.1590018402785063,1.3829994713887572,8.01900023361668,0,0
73,sign,49191.862895742,2.0520019461400807,4.265995812602341,1.2660020729526877,1.3309982023201883,8.914998034015298,0,0
74,sign,49191.907916149,1.4699980965815485,4.255998646840453,1.9130020518787205,0.9700015652924776,8.6090003605932,0,0
75,sign,49191.952849376,1.0689982445910573,3.669003490358591,1.543994585517794,0.6690024747513235,6.950998795218766,0,0
76,sign,49191.997845257,2.016000507865101,4.2100000428035855,1.610998879186809,1.6640042304061353,9.501003660261631,0,0
77,sign,49192.042829547,1.7090060282498598,3.4189943107776344,1.6900012269616127,1.3850003597326577,8.203001925721765,0,0
78,sign,49192.087869181,1.2239979696460068,3.783003194257617,1.2689997674897313,0.8729984983801842,7.148999429773539,0,0
79,sign,49192.132814043,1.1310039553791285,3.087996446993202,0.890999217517674,0.7340058800764382,5.844005499966443,0,0
80,sign,49192.177791386,1.1279989848844707,3.44500585924834,1.0189978638663888,1.3419994502328336,6.934002158232033,0,0
81,sign,49192.222917709,1.5330006135627627,3.5280027077533305,1.367996446788311,1.2360032997094095,7.665003067813814,0,0
82,sign,49192.267888343,1.4670004020445049,3.178000042680651,0.9930008673109114,1.2689997674897313,6.907001079525799,0,0
83,sign,49192.313062153,3.2949974411167204,9.994000720325857,1.853004505392164,1.176995283458382,16.318997950293124,0,0
84,sign,49192.357998247,15.094999980647117,7.019007171038538,2.1659943740814924,1.9450017134658992,26.225003239233047,0,0
85,sign,49192.402840905,0.8669958333484828,2.7560017770156264,0.8900024113245308,0.7459966582246125,5.258996679913253,0,0
86,sign,49192.447858004,2.0379957277327776,5.090005288366228,1.1640004231594503,1.276996044907719,9.568997484166175,0,0
87,sign,49192.492976281,3.1809977372176945,6.265006959438324,2.3709944798611104,1.7920028767548501,13.609002053271979,0,0
88,sign,49192.537879362,1.2640011846087873,4.002999048680067,1.0320000001229346,1.1030060704797506,7.40200630389154,0,0
89,sign,49192.582906071,2.8629947337321937,4.812005499843508,1.8369973986409605,0.9180002962239087,10.42999792844057,0,0
90,sign,49192.627923532,1.896994945127517,4.585999704431742,1.2310047168284655,1.362997863907367,9.076997230295092,0,0
91,sign,49192.672835941,2.357999619562179,4.638000973500311,0.990999978967011,0.919004378374666,8.906004950404167,0,0
92,sign,49192.717934433,2.3839966161176562,4.112000169698149,1.2680029612965882,0.8030037861317396,8.567003533244133,0,0
93,sign,49192.762884373,2.625005436129868,4.602996341418475,2.0270017557777464,1.1020019883289933,10.357005521655083,0,0
94,sign,49192.807857528,1.4139950508251786,3.6380006349645555,1.1560041457414627,0.7119961082935333,6.91999593982473,0,0
95,sign,49192.852844976,1.2500022421590984,3.845998435281217,0.9540017344988883,0.7010021363385022,6.751004548277706,0,0
96,sign,49192.89808092,2.3329994291998446,9.103001502808183,2.7700007194653153,2.6179986889474094,16.824000340420753,0,0
97,sign,49192.943119199,2.6179986889474094,7.066999387461692,2.7470014174468815,2.0419975044205785,14.473996998276561,0,0
98,sign,49192.987891444,1.7940037650987506,3.3379983506165445,1.4909965102560818,0.8820061339065433,7.50500475987792,0,0
99,sign,49193.03280453,1.2210002751089633,3.592002030927688,0.9099967428483069,0.8490023901686072,6.572001439053565,0,0
100,sign,49193.077843081,1.3870012480765581,3.048997314181179,1.1809970601461828,0.8480055839754641,6.465001206379384,0,0
101,sign,49193.12288448,1.7710044630803168,3.5399934859015048,1.091000740416348,1.0090006981045008,7.41099938750267,0,0
102,sign,49193.168147721,3.178996848873794,8.84000473888591,2.941000275313854,2.3699976736679673,17.329999536741525,0,0
103,sign,49193.212817016,1.615997462067753,2.7280038921162486,1.414999132975936,0.7019989425316453,6.460999429691583,0,0
104,sign,49193.257859317,1.600004907231778,2.8419963200576603,1.1209995136596262,1.0250005288980901,6.588001269847155,0,0
105,sign,49193.302805948,0.814005034044385,2.6619964046403766,0.8420029189437628,0.9149953257292509,5.232999683357775,0,0
106,sign,49193.347813095,1.281994627788663,2.815999323502183,1.1450028978288174,0.8120041457004845,6.055000994820148,0,0
107,sign,49193.39287047,1.5990008250810206,3.658999048639089,1.1980009730905294,0.8589995559304953,7.315000402741134,0,0
108,sign,49193.437889347,1.5949990483932197,3.758999810088426,1.758002326823771,0.938998709898442,8.050999895203859,0,0
109,sign,49193.483089673,3.5710036172531545,7.953000022098422,2.6989946491084993,2.1120067685842514,16.335005057044327,0,0
110,sign,49193.52787163,3.531000402290374,7.185997674241662,1.4789984561502934,2.1000014385208488,14.295997971203178,0,0
111,sign,49193.573061425,2.2360036382451653,5.7919969549402595,1.7620041035115719,1.2319942470639944,11.021998943760991,0,0
112,sign,49193.617745662,0.6390037015080452,2.125998435076326,0.6619957275688648,0.6629998097196221,4.089997673872858,0,0
113,sign,49193.662824154,1.1519950930960476,3.220004145987332,0.938998709898442,0.9990035323426127,6.310001481324434,0,0
114,sign,49193.707978512,1.8339997041039169,4.330002411734313,1.0289950296282768,0.9210052667185664,8.114002412185073,0,0
115,sign,49193.752856168,1.1219963198527694,3.3890028134919703,1.0549993021413684,0.7780035957694054,6.344002031255513,0,0
116,sign,49193.797793912,0.9469949873164296,2.8520007617771626,0.8819988579489291,0.6070040399208665,5.287998646963388,0,0
117,sign,49193.842741611,1.2800010154023767,1.7850034055300057,0.6849950295872986,0.5690017133019865,4.319001163821667,0,0
118,sign,49193.888151669,2.986998879350722,9.921997843775898,3.9759979699738324,3.0650044209323823,19.949999114032835,0,0
119,sign,49193.933069619,2.987995685543865,7.876005838625133,2.9989969334565103,1.7900019884109497,15.653000446036458,0,0
120,sign,49193.978095219,2.783002855721861,7.312999514397234,2.4890032364055514,2.068998583126813,14.65400418965146,0,0
121,sign,49194.022816996,1.095999323297292,3.2729949452914298,0.8740025805309415,0.6089976523071527,5.851994501426816,0,0
122,sign,49194.067716775,0.5210022209212184,2.0990046323277056,0.5599940777756274,0.5559995770454407,3.736000508069992,0,0
123,sign,49194.113071384,2.6239940780214965,7.307004125323147,2.4620021576993167,2.24999530473724,14.6429956657812,0,0
124,sign,49194.158112143,1.705004251562059,4.497000190895051,1.5329933376051486,0.7830021786503494,8.517999958712608,0,0
125,sign,49194.202860304,1.191001501865685,3.0709998100064695,1.0889998520724475,1.1739975889213383,6.52499875286594,0,0
126,sign,49194.248058504,3.8229991332627833,13.390999811235815,4.203997377771884,3.220004145987332,24.638000468257815,0,0
127,sign,49194.292913969,2.310000127181411,4.1339953895658255,1.1849988368339837,0.7970011211000383,8.425995474681258,0,0
128,sign,49194.337895227,1.5659970813430846,3.5080011002719402,1.1260053724981844,0.8219940355047584,7.021997589617968,0,0
129,sign,49194.38285187,1.8059945432469249,2.910004695877433,1.4369943528436124,0.8030037861317396,6.95599737809971,0,0
130,sign,49194.428166679,3.035005647689104,8.154995157383382,3.7510035326704383,2.6519992388784885,17.593003576621413,0,0
131,sign,49194.472906612,1.1759984772652388,3.5480043152347207,0.9700015652924776,1.0429939720779657,6.736998329870403,0,0
132,sign,49194.517926958,1.8190039554610848,3.6679994082078338,1.2169984984211624,0.8510032785125077,7.555005140602589,0,0
133,sign,49194.562887647,1.0759977158159018,4.202003765385598,1.243999577127397,1.4949982869438827,8.01699934527278,0,0
134,sign,49194.607867602,1.4300021575763822,3.78400000045076,1.491003786213696,0.7279959390871227,7.433001883327961,0,0
135,sign,49194.653099718,2.691995177883655,7.643000571988523,3.2520038075745106,1.9709987100213766,15.557998267468065,0,0
136,sign,49194.698047944,5.387999408412725,15.906996850389987,3.701999958138913,5.041001713834703,30.037997930776328,0,0
137,sign,49194.74294858,1.8849968910217285,4.277004336472601,1.3519966159947217,0.9400027920491993,8.45400063553825,0,0
138,sign,49194.787842151,1.606000296305865,3.05499997921288,0.9750001481734216,0.6219997885636985,6.258000212255865,0,0
139,sign,49194.832859193,1.077001797966659,3.13100463245064,1.0989970178343356,1.344000338576734,6.651003786828369,0,0
140,sign,49194.878068314,3.0890005291439593,6.896996637806296,2.5320041459053755,2.102002326864749,14.62000363972038,0,0
141,sign,49194.922897901,1.8330028979107738,4.639994585886598,1.4180041034705937,1.200998667627573,9.092000254895538,0,0
142,sign,49194.967891823,1.348998921457678,3.4040058380924165,1.100997906178236,0.9520008461549878,6.806003511883318,0,0
143,sign,49195.012740847,0.4539979272522032,1.9180006347596645,0.7150010787881911,0.8900024113245308,3.9770020521245897,0,0
144,sign,49195.05785892,1.2640011846087873,3.5129996831528842,1.41999771585688,0.9220020729117095,7.119000656530261,0,0
145,sign,49195.102834924,1.2160016922280192,2.9419970815069973,1.0110015864484012,0.8259958121925592,5.994996172375977,0,0
146,sign,49195.147873255,5.39900065632537,16.669997421558946,4.831003025174141,5.30499528395012,32.20499638700858,0,0
147,sign,49195.192910586,1.691994839347899,4.084999090991914,1.505999534856528,0.8970018825493753,8.179995347745717,0,0
148,sign,49195.23781883,1.6350022633560002,3.0329974833875895,1.1680021998472512,0.943997292779386,6.779999239370227,0,0
149,sign,49195.282864456,1.7319980543106794,3.2790048862807453,1.0320000001229346,0.805994204711169,6.848997145425528,0,0
150,sign,49195.327919833,1.9830040400847793,3.836998075712472,1.2070013326592743,1.367996446788311,8.394999895244837,0,0
151,sign,49195.373228051,3.9770020521245897,8.24299786472693,2.986998879350722,2.314998710062355,17.521997506264597,0,0
152,sign,49195.417903919,1.5609984984621406,3.973000275436789,1.2020027497783303,0.8420029189437628,7.5780044426210225,0,0
153,sign,49195.463040775,2.7959977160207927,7.415001164190471,2.902997948694974,2.330001734662801,15.443998563569039,0,0
154,sign,49195.507877367,1.6999983927235007,3.2429961720481515,1.4230026863515377,0.7260023267008364,7.091999577824026,0,0
155,sign,49195.552856304,1.1970041668973863,3.249995643272996,1.143002009484917,0.7810012903064489,6.371003109961748,0,0
156,sign,49195.599796051,1.7650017980486155,5.608999344985932,1.943997631315142,1.748005161061883,11.066003935411572,0,0
157,sign,49195.643020867,2.2189997253008187,9.101000614464283,2.1610030671581626,2.2559979697689414,15.737001376692206,0,0
158,sign,49195.687802164,1.3449971447698772,2.382999809924513,2.0120060071349144,0.6039990694262087,6.344002031255513,0,0
159,sign,49195.732852397,1.3899989426136017,3.52600181940943,1.143002009484917,1.2460004654712975,7.305003236979246,0,0
160,sign,49195.777864849,1.3890021364204586,4.052999429404736,1.1259980965405703,1.4500037650577724,8.018003427423537,0,0
161,sign,49195.822906761,2.059001417364925,4.197994712740183,1.3300013961270452,1.5350015019066632,9.121999028138816,0,0
162,sign,49195.867874022,1.344000338576734,3.2509997254237533,1.0090006981045008,1.1500014807097614,6.7540022428147495,0,0
163,sign,49195.91295543,2.891996700782329,4.39400173490867,1.5640034689567983,0.9159994078800082,9.766001312527806,0,0
164,sign,49195.957848097,1.2649979908019304,3.455003025010228,0.9639989002607763,0.7999988156370819,6.483998731710017,0,0
165,sign,49196.003082282,2.921005943790078,7.7169970609247684,2.5469998945482075,2.1759988158009946,15.361001715064049,0,0
166,sign,49196.047923344,2.2120002540759742,5.480003892444074,1.082000380847603,1.0699950507842004,9.843999578151852,0,0
167,sign,49196.093098782,2.8939975891262293,7.661001291126013,2.5999979698099196,2.2520034690387547,15.407000319100916,0,0
168,sign,49196.137860702,1.3339958968572319,3.635999746620655,1.2560049071907997,0.8630013326182961,7.089001883286983,0,0
169,sign,49196.18283336,1.763000909704715,3.474000550340861,1.2230011634528637,0.7130001904442906,7.17300281394273,0,0
170,sign,49196.227901925,1.6460035112686455,4.012996214441955,1.6780031728558242,0.9239956852979958,8.26099858386442,0,0
171,sign,49196.272859056,1.3070020941086113,3.5569973988458514,1.3460012269206345,0.8740025805309415,7.084003300406039,0,0
172,sign,49196.317820653,1.2710006558336318,3.426001057960093,1.401000190526247,0.7679991540499032,6.866001058369875,0,0
173,sign,49196.363116546,2.8840004233643413,7.326998456846923,2.2669992176815867,2.0369989215396345,14.514997019432485,0,0
174,sign,49196.407860114,1.3309982023201883,4.17400588048622,2.835993655025959,0.9730065357871354,9.314004273619503,0,0
175,sign,49196.452992811,1.6379999578930438,4.250003257766366,15.122001059353352,1.2569944374263287,22.26699871243909,0,0
176,sign,49196.498163507,2.5720000849105418,8.133996743708849,2.553002559579909,1.2809978215955198,14.53999720979482,0,0
177,sign,49196.543033899,3.6050041671842337,7.996997737791389,2.1000014385208488,1.3999961083754897,15.101999451871961,0,0
178,sign,49196.587993785,2.2140011424198747,11.333002476021647,2.0709994714707136,1.086998963728547,16.705002053640783,0,0
179,sign,49196.632927386,1.6809935914352536,3.503002517390996,1.0459989425726235,0.7250055205076933,6.955000571906567,0,0
180,sign,49196.678026278,2.811997546814382,10.134004696737975,3.4609984140843153,2.1899977582506835,18.596998415887356,0,0
181,sign,49196.722927152,1.4680044841952622,3.6609999369829893,1.134001649916172,1.310996594838798,7.574002665933222,0,0
182,sign,49196.768072455,2.5900008040480316,7.522001396864653,2.7559945010580122,2.1740052034147084,15.042001905385405,0,0
183,sign,49196.812882487,1.4990000636316836,3.815999662037939,1.0180010576732457,1.104999682866037,7.438000466208905,0,0
184,sign,49196.857913283,1.8830032786354423,4.419998731464148,1.3870012480765581,1.176995283458382,8.86699854163453,0,0
185,sign,49196.90286809,1.4179968275129795,3.382003342267126,1.2609962141141295,1.2540040188468993,7.315000402741134,0,0
186,sign,49196.947874018,1.5990008250810206,3.5720004234462976,1.0660005500540137,0.8610004442743957,7.098002242855728,0,0
187,sign,49196.992833872,1.1490046745166183,3.102999471593648,0.962994818110019,0.8150018402375281,6.0300008044578135,0,0
188,sign,49197.037864196,1.1980009730905294,3.440000000409782,1.0320000001229346,1.010004780255258,6.680005753878504,0,0
189,sign,49197.083281264,2.7040005079470575,8.782997610978782,2.6800043997354805,2.468994352966547,16.635996871627867,0,0
190,sign,49197.127843199,11.374999303370714,2.963002771139145,1.4559991541318595,0.8799979696050286,16.673999198246747,0,0
191,sign,49197.172872678,1.781998435035348,3.2950047170743346,1.3719982234761119,0.7929993444122374,7.242000719998032,0,0
192,sign,49197.217874656,1.2070013326592743,3.4139957278966904,1.0470030247233808,0.8450006134808064,6.513000698760152,0,0
193,sign,49197.262882114,1.281994627788663,3.110006218776107,1.062995579559356,0.8040005923248827,6.2589970184490085,0,0
194,sign,49197.307889891,1.3569951988756657,3.8340003811754286,1.2560049071907997,0.8989954949356616,7.345995982177556,0,0
195,sign,49197.353190667,3.268993168603629,6.710004527121782,1.8499995348975062,1.8659993656910956,13.694996596314013,0,0
196,sign,49197.397914322,1.7569982446730137,4.350004019215703,1.743996108416468,1.129003067035228,8.980001439340413,0,0
197,sign,49197.442833351,1.109998265746981,3.5720004234462976,1.2279997463338077,0.772000930737704,6.68199936626479,0,0
198,sign,49197.48812768,2.772998414002359,7.089998689480126,2.4520049919374287,2.078995748888701,14.393997844308615,0,0
199,sign,49197.532949311,2.3570028133690357,7.679002010263503,2.324995875824243,9.294999472331256,21.656000171788037,0,0
200,sign,49197.578171994,3.526998625602573,11.221003660466522,3.6439960240386426,2.4270048015750945,20.819003111682832,0,0
201,sign,49197.622932657,2.1479936549440026,4.578003427013755,1.3250028132461011,1.1239972081966698,9.174997103400528,0,0
202,sign,49197.667859982,1.9079961930401623,3.3840042306110263,0.9700015652924776,0.7759954314678907,7.037997420411557,0,0
203,sign,49197.713093934,2.730004780460149,7.732996891718358,2.5510016712360084,2.153996319975704,15.16799966339022,0,0
204,sign,49197.757947487,3.1480012694373727,5.531001079361886,1.8259961507283151,1.1540032573975623,11.659001756925136,0,0
205,sign,49197.803374138,8.888004231266677,13.35999695584178,3.225999535061419,3.1099989428184927,28.58399966498837,0,0
206,sign,49197.847989685,3.7950012483634055,6.709000444971025,21.90200029872358,1.5090045053511858,33.915006497409195,0,0
207,sign,49197.892875705,1.3120006769895554,3.417000698391348,1.0980002116411924,0.9699942893348634,6.796995876356959,0,0
208,sign,49197.937872292,1.558000803925097,3.0629962566308677,1.1730007827281952,0.7580019882880151,6.551999831572175,0,0
209,sign,49197.982874886,1.7179991118609905,4.091998562216759,1.300002622883767,1.1429947335273027,8.252995030488819,0,0
210,sign,49198.027984566,3.3460019039921463,4.799003363586962,1.6240010154433548,1.6739941202104092,11.443000403232872,0,0
211,sign,49198.072977654,1.6859994502738118,3.9750011637806892,1.5799960237927735,0.8939969120547175,8.134993549901992,0,0
212,sign,49198.118149608,2.754000888671726,7.599999662488699,2.7719943318516016,2.2840031306259334,15.40999801363796,0,0
213,sign,49198.16289362,1.319996954407543,3.4950062399730086,1.4589968486689031,0.6679983926005661,6.941998435650021,0,0
214,sign,49198.208177005,3.46999877365306,6.216003384906799,1.977998181246221,1.524997060187161,13.18899739999324,0,0
215,sign,49198.252905144,1.3800017768517137,3.5560005926527083,1.1219963198527694,0.9069990483112633,6.964997737668455,0,0
216,sign,49198.298060714,2.77700019069016,6.077003490645438,2.253997081425041,2.311004209332168,13.419004972092807,0,0
217,sign,49198.342833248,1.3619937817566097,3.617002221290022,1.0989970178343356,0.7730050128884614,6.850998033769429,0,0
218,sign,49198.387942843,2.04800016945228,3.8149955798871815,1.0790026863105595,0.8920032996684313,7.834001735318452,0,0
219,sign,49198.432805864,1.095999323297292,3.6450001061894,1.2029995559714735,0.9209979907609522,6.864996976219118,0,0
220,sign,49198.477866484,1.2840027920901775,3.207002009730786,1.2919990695081651,0.8179995347745717,6.6010034061037,0,0
221,sign,49198.522844985,1.8420032574795187,4.030996933579445,1.0400035534985363,0.8150018402375281,7.728005584795028,0,0
222,sign,49198.568099231,0.53399708122015,2.439999661874026,0.6410045898519456,0.5699985194951296,4.184999852441251,0,0
223,sign,49198.61290088,1.953005266841501,3.4719996619969606,1.367996446788311,0.8990027708932757,7.692004146520048,0,0
224,sign,49198.657842581,1.6350022633560002,3.039000148419291,1.086998963728547,0.8560018613934517,6.61700323689729,0,0
225,sign,49198.70292338,2.020999090746045,4.51099913334474,1.4990000636316836,1.0450021363794804,9.076000424101949,0,0
226,sign,49198.748024771,2.687003870960325,7.0359965320676565,2.1939995349384844,2.116001269314438,14.033001207280904,0,0
227,sign,49198.792747544,0.5330002750270069,1.7330021364614367,0.5419933586381376,0.6010013748891652,3.4089971450157464,0,0
228,sign,49198.837871326,1.8889986677095294,4.087996785528958,1.639004040043801,0.8809947757981718,8.49699426908046,0,0
229,sign,49198.882960683,1.6360063455067575,4.034998710267246,1.5409968909807503,0.7100024959072471,7.922004442662001,0,0
230,sign,49198.927754247,0.4809990059584379,2.14899773709476,0.5390029400587082,0.5699985194951296,3.7389982026070356,0,0
231,sign,49198.972950324,2.5900008040480316,4.617999366018921,1.7290003597736359,1.0289950296282768,9.965995559468865,0,0
232,sign,49199.017862797,1.305998011957854,3.3800024539232254,1.0309959179721773,0.7589987944811583,6.475995178334415,0,0
233,sign,49199.06311985,2.8280046535655856,7.714996172580868,2.863002009689808,2.173001121263951,15.579003957100213,0,0
234,sign,49199.107846081,1.1689990060403943,3.2899988582357764,1.091000740416348,0.7069975254125893,6.256996130105108,0,0
235,sign,49199.153085825,2.963002771139145,7.586997526232153,2.7570058591663837,2.173997927457094,15.481004083994776,0,0
236,sign,49199.197770482,0.6799964467063546,2.0270017557777464,0.6990012479946017,0.5459951353259385,3.9519945858046412,0,0
237,sign,49199.243028681,2.5360059225931764,3.68799373973161,1.3970056897960603,0.9989962563849986,8.620001608505845,0,0
238,sign,49199.287829301,1.152999175246805,2.6650013751350343,1.014996087178588,0.6350019248202443,5.4679985623806715,0,0
239,sign,49199.332971269,0.4119938239455223,1.6740013961680233,0.5760011845268309,0.5609981599263847,3.2229945645667613,0,0
240,sign,49199.377841527,1.2899981811642647,2.896005753427744,1.3079989003017545,0.9189971024170518,6.412999937310815,0,0
241,sign,49199.422888334,1.410000550094992,3.2840034691616893,1.4219986042007804,0.8920032996684313,7.008005923125893,0,0
242,sign,49199.468166548,3.0849987524561584,7.319002179428935,2.4219989427365363,2.4799956008791924,15.305995475500822,0,0
243,sign,49199.512911275,2.187996869906783,4.159999662078917,1.2230011634528637,0.8990027708932757,8.47000046633184,0,0
244,sign,49199.557874994,1.5089972293935716,3.68300243280828,1.1509982869029045,1.1919983080588281,7.534996257163584,0,0
245,sign,49199.602828477,1.5909972717054188,3.1570016290061176,1.0790026863105595,0.843996531330049,6.670998118352145,0,0
246,sign,49199.647902018,2.0900042727589607,3.9709993870928884,1.1890006135217845,0.8880015229806304,8.138005796354264,0,0
247,sign,49199.693047784,1.6140038496814668,5.998997949063778,1.7179991118609905,1.6659978427924216,10.996998753398657,0,0
248,sign,49199.737836878,1.562999386806041,2.801003574859351,0.9729992598295212,0.7920025382190943,6.129004759714007,0,0
249,sign,49199.782866212,1.8840000848285854,3.845998435281217,1.2140008038841188,1.0639996617101133,8.007998985704035,0,0
250,sign,49199.827887163,1.720996806398034,3.421999281272292,1.0500007192604244,0.7409980753436685,6.933994882274419,0,0
251,sign,49199.873026898,2.9130023904144764,5.826994311064482,2.1270025172270834,1.5550031093880534,12.422002328094095,0,0
252,sign,49199.91805946,3.3130054362118244,7.662994903512299,2.482003765180707,1.4620018191635609,14.920005924068391,0,0
253,sign,49199.962866465,1.9790022633969784,4.053996235597879,1.1419979273341596,1.2360032997094095,8.410999726038426,0,0
254,sign,49200.007895401,2.014996425714344,3.5429984563961625,1.444001100026071,0.9610012057237327,7.96299718786031,0,0
255,sign,49200.052934957,3.307002771180123,9.037998097483069,3.396999090909958,2.0310035324655473,17.773003492038697,0,0
256,sign,49200.09810154,2.0570005290210247,5.505993613041937,1.4470060705207288,0.9919967851601541,10.001996997743845,0,0
257,sign,49200.142860757,1.6699996194802225,3.0610026442445815,1.0939984349533916,0.6900008884258568,6.515001587104052,0,0
258,sign,49200.187783901,1.2849995982833207,2.692999260034412,1.2460004654712975,0.9170034900307655,6.141002813819796,0,0
259,sign,49200.232844489,1.4460019883699715,4.184999852441251,1.8369973986409605,0.9849973139353096,8.452996553387493,0,0
260,sign,49200.277845776,1.2879972928203642,3.121000190731138,1.0069998097606003,0.9970026439987123,6.412999937310815,0,0
261,sign,49200.322822274,2.148000930901617,4.180001269560307,1.0359945008531213,0.7460039341822267,8.110000635497272,0,0
262,sign,49200.368278442,5.298999894876033,11.598996934480965,3.5909979487769306,2.8620052034966648,23.350999981630594,0,0
263,sign,49200.412881773,1.7459969967603683,3.8470025174319744,1.3859971659258008,0.6900008884258568,7.668997568544,0,0
264,sign,49200.45784448,0.9970026439987123,2.9759976314380765,1.2610034900717437,1.0759977158159018,6.310001481324434,0,0
265,sign,49200.502858376,1.3829994713887572,3.6240016925148666,1.514999894425273,0.9089999366551638,7.4310009949840605,0,0
266,sign,49200.547986534,1.886997779365629,6.419999408535659,1.5980040188878775,1.8609935068525374,11.765994713641703,0,0
267,sign,49200.592843066,1.5660043573006988,3.8859943742863834,1.2360032997094095,1.000997144728899,7.688999176025391,0,0
268,sign,49200.638099749,2.2890017135068774,7.048998668324202,2.4030014174059033,2.0119987311773,13.753000530414283,0,0
269,sign,49200.683120994,2.772001607809216,7.376002031378448,2.930995833594352,2.125998435076326,15.204997907858342,0,0
270,sign,49200.727892294,1.4889956219121814,4.333000106271356,1.3989993021823466,0.986001396086067,8.206996426451951,0,0
271,sign,49200.77302305,2.3999964469112456,6.9150046329014,2.5699991965666413,2.04800016945228,13.933000445831567,0,0
272,sign,49200.817861344,1.320993760600686,3.354005457367748,1.119995431508869,0.7109993021003902,6.505993951577693,0,0
273,sign,49200.862886951,1.2649979908019304,3.3380056265741587,1.038999471347779,0.7630005711689591,6.405003659892827,0,0
274,sign,49200.907843952,1.3210010365583003,3.655994078144431,1.1040028766728938,1.0080038919113576,7.089001883286983,0,0
275,sign,49200.952851844,1.8840000848285854,5.5580021580681205,2.1500018192455173,1.1209995136596262,10.71300357580185,0,0
276,sign,49200.997748835,0.7480048225261271,2.082997525576502,0.8159986464306712,0.6310001481324434,4.278001142665744,0,0
277,sign,49201.042861059,1.2889940990135074,3.8250000216066837,1.3650060282088816,0.8229981176555157,7.301998266484588,0,0
278,sign,49201.087814803,2.278000465594232,5.0159942475147545,1.6160047380253673,1.3859971659258008,10.295996617060155,0,0
279,sign,49201.13294609,2.458997187204659,5.827998393215239,1.5190016711130738,1.3710014172829688,11.17699866881594,0,0
280,sign,49201.177763572,0.6089976523071527,2.2790045477449894,0.6970003596507013,0.6150003173388541,4.2000028770416975,0,0
281,sign,49201.222847467,1.176005753222853,3.41199483955279,1.020001946017146,0.8319984772242606,6.4400010160170496,0,0
282,sign,49201.268404185,4.371002432890236,14.2680000863038,3.9229998947121203,2.5219997041858733,25.08400211809203,0,0
283,sign,49201.312795504,0.8289935067296028,3.1950039556249976,0.9619980119168758,0.6740010576322675,5.659996531903744,0,0
284,sign,49201.358144812,3.74599767383188,8.821996743790805,3.245004336349666,1.8849968910217285,17.69799564499408,0,0
285,sign,49201.402924553,1.9020008039660752,6.034002581145614,1.7120037227869034,1.415995939169079,11.064003047067672,0,0
286,sign,49201.448093997,3.2239986467175186,6.743000994902104,2.6849957066588104,2.4990004021674395,15.150995750445873,0,0
287,sign,49201.492825406,0.872001692187041,3.203000233042985,1.2399978004395962,0.8030037861317396,6.118003511801362,0,0
288,sign,49201.537953501,2.205997589044273,5.734000296797603,2.072003553621471,1.6019985196180642,11.613999959081411,0,0
289,sign,49201.583043715,2.5650006136856973,22.824002371635288,2.5939953047782183,2.0930019672960043,30.076000257395208,0,0
290,sign,49201.627931655,1.610002072993666,7.541995728388429,1.0700023267418146,0.7560010999441147,10.978001228068024,0,0
291,sign,49201.672882515,2.163003955502063,6.529000529553741,2.1800005924887955,1.753993274178356,12.625998351722956,0,0
292,sign,49201.717924455,2.1279993234202266,4.80699964100495,1.710002834443003,1.2879972928203642,9.932999091688544,0,0
293,sign,49201.762851006,1.4459947124123573,3.9620063034817576,1.6849953681230545,1.1950032785534859,8.287999662570655,0,0
294,sign,49201.807855041,1.2450036592781544,3.9189981180243194,1.6479971236549318,0.8990027708932757,7.711001671850681,0,0
295,sign,49201.85283352,0.8799979696050286,3.086999640800059,0.972002453636378,0.8949937182478607,5.833993782289326,0,0
296,sign,49201.897774528,1.2590026017278433,4.045999958179891,0.9499999578110874,1.0779986041598022,7.333001121878624,0,0
297,sign,49201.94287714,1.3559983926825225,3.52600181940943,1.0660005500540137,0.8600036380812526,6.808004400227219,0,0
298,sign,49201.988104093,2.7570058591663837,7.744994945824146,2.8080030460841954,2.048996975645423,15.359000826720148,0,0
299,sign,49202.033453474,4.265995812602341,15.956000424921513,4.440000338945538,3.5039993235841393,28.16599590005353,0,0
300,sign,49202.078043408,2.824999683070928,7.305003236979246,2.454995410516858,1.7790007404983044,14.363999071065336,0,0
301,sign,49202.122927389,1.7359998309984803,6.586000381503254,1.4399993233382702,1.4320030459202826,11.194002581760287,0,0
302,sign,49202.168166456,0.9279974619857967,1.9880026229657233,0.633997842669487,0.7580019882880151,4.307999915909022,0,0
303,sign,49202.21310363,2.6519992388784885,7.749003998469561,3.0849987524561584,2.202003088314086,15.688005078118294,0,0
304,sign,49202.258055575,2.48300057137385,7.409995305351913,2.3140019038692117,2.111999492626637,14.318997273221612,0,0
305,sign,49202.302858985,1.177002559415996,3.488996298983693,1.2710006558336318,0.9400027920491993,6.87700230628252,0,0
306,sign,49202.34811449,3.330002073198557,8.333998266607523,2.849003067240119,1.996995706576854,16.509999113623053,0,0
307,sign,49202.39303544,2.3129978217184544,6.852998922113329,2.626002242323011,1.8350037862546742,13.627002772409469,0,0
308,sign,49202.437830807,1.3640019460581243,3.420995199121535,1.4350007404573262,0.995998561847955,7.21599644748494,0,0
309,sign,49202.483178036,2.8410067898221314,7.380993338301778,3.1529998523183167,2.348002453800291,15.723002434242517,0,0
310,sign,49202.527785857,0.9690047590993345,2.8139984351582825,0.6979971658438444,0.724001438356936,5.205001798458397,0,0
311,sign,49202.572925439,2.1859959815628827,3.911001840606332,1.2750024325214326,0.890999217517674,8.262999472208321,0,0
312,sign,49202.617954303,1.6639969544485211,4.29100327892229,1.6970006981864572,0.9319992386735976,8.584000170230865,0,0
313,sign,49202.66297933,2.4039982235990465,5.791000148747116,2.715998562052846,1.7659986042417586,12.676995538640767,0,0
314,sign,49202.707899103,1.582004188094288,3.7719946703873575,1.029002305585891,1.0730000212788582,7.456001185346395,0,0
315,sign,49202.753087142,2.476997906342149,7.369999366346747,3.1320014386437833,1.9459985196590424,14.924997230991721,0,0
316,sign,49202.798237627,2.8889990062452853,8.442002581432462,2.511995262466371,2.8740032576024532,16.71700010774657,0,0
317,sign,49202.84293331,1.8709979485720396,3.38700192514807,1.2790042092092335,0.8379938662983477,7.374997949227691,0,0
318,sign,49202.888071746,2.9750008252449334,7.25199788575992,2.868000592570752,2.259002940263599,15.354002243839204,0,0
319,sign,49202.932967978,2.024004061240703,7.514994649682194,2.278000465594232,1.87299883691594,13.689998013433069,0,0
320,sign,49202.977895645,1.7149941413663328,3.835004463326186,1.2800010154023767,1.0549993021413684,7.884998922236264,0,0
321,sign,49203.023141992,2.854001650121063,6.614995072595775,2.7749993023462594,2.234002749901265,14.477998774964362,0,0
322,sign,49203.06779081,1.015003363136202,3.435001417528838,0.690997694619,0.7790004019625485,5.9200028772465885,0,0
323,sign,49203.112905856,1.634994987398386,3.783003194257617,1.1140000424347818,1.2189993867650628,7.750997610855848,0,0
324,sign,49203.157867234,2.2180029191076756,3.626002580858767,1.048996637109667,0.967003870755434,7.860006007831544,0,0
325,sign,49203.203103329,2.4230030248872936,9.20300226425752,3.0049995984882116,2.5240005925297737,17.1550054801628,0,0
326,sign,49203.247840787,1.1989977792836726,2.97200313070789,1.148997398559004,1.0310031939297915,6.351001502480358,0,0
327,sign,49203.292871438,1.405998773407191,3.3579999580979347,1.176995283458382,1.1459997040219605,7.086993718985468,0,0
328,sign,49203.337874004,1.7019992810674012,3.597000613808632,1.2500022421590984,1.0419971658848226,7.590999302919954,0,0
329,sign,49203.382900945,1.462998625356704,4.044006345793605,1.2599994079209864,1.0689982445910573,7.836002623662353,0,0
330,sign,49203.428052643,2.519998815841973,7.401999027933925,2.531000063754618,2.24300310947001,14.696001017000526,0,0
331,sign,49203.472929316,2.631000825203955,5.3629992180503905,1.1619995348155499,1.4840043149888515,10.640003893058747,0,0
332,sign,49203.51801937,2.569002390373498,7.973998435772955,3.415996616240591,2.325999957975,16.284997400362045,0,0
333,sign,49203.563086387,2.5839981390163302,7.131995516829193,2.4940018192864954,2.5219997041858733,14.731995179317892,0,0
334,sign,49203.60789607,1.6789999790489674,3.588000254239887,1.1189986253157258,0.8669958333484828,7.252994691953063,0,0
335,sign,49203.653030368,1.9690050976350904,5.011999746784568,2.2219974198378623,1.4850011211819947,10.688003385439515,0,0
336,sign,49203.698096816,2.549000782892108,7.308997737709433,2.958004188258201,2.239001332782209,15.05500404164195,0,0
337,sign,49203.743013627,1.7370039131492376,5.35899744136259,1.7130005289800465,1.562999386806041,10.372001270297915,0,0
338,sign,49203.788037472,2.9180009732954204,6.681002560071647,2.6229972718283534,1.6230042092502117,13.845005014445633,0,0
339,sign,49203.833147671,3.358996764291078,7.820999599061906,2.920001861639321,2.453998604323715,16.55399682931602,0,0
340,sign,49203.87822429,3.3320029615424573,11.119998816866428,3.877998096868396,2.4980035959742963,20.828003471251577,0,0
341,sign,49203.922846339,1.3929966371506453,3.515997377689928,1.0410003596916795,0.7980052032507956,6.747999577783048,0,0
342,sign,49203.968074514,3.3480027923360467,8.479997632093728,2.7369969757273793,2.6930065359920263,17.25800393614918,0,0
343,sign,49204.012811772,1.8189966795034707,4.129004082642496,1.4089964679442346,1.248998160008341,8.605995390098542,0,0
344,sign,49204.05808393,2.734996087383479,6.819005648139864,2.534994564484805,2.2669992176815867,14.355995517689735,0,0
345,sign,49204.103173349,2.764994860626757,7.423004717566073,2.677996235433966,2.410000888630748,15.275996702257544,0,0
346,sign,49204.147817469,1.7040001694113016,3.0700030038133264,1.1359952623024583,1.04300124803558,6.952999683562666,0,0
347,sign,49204.192874391,1.4549950719811022,5.542999133467674,2.038999809883535,0.757005182094872,9.793999197427183,0,0
348,sign,49204.237992015,2.20700167119503,4.957000783178955,7.8169978223741055,1.4300021575763822,16.411002434324473,0,0
349,sign,49204.28294121,1.377993612550199,4.435001756064594,1.5699988580308855,0.7090056897141039,8.091999916359782,0,0
350,sign,49204.327999171,21.48599742213264,8.169001375790685,2.369000867474824,2.0559964468702674,34.07999611226842,0,0
351,sign,49204.372934687,1.5089972293935716,6.027999916113913,1.8709979485720396,1.839005562942475,11.247000657022,0,0
352,sign,49204.418222981,3.3429969334974885,7.647999154869467,1.9830040400847793,1.8959981389343739,14.869998267386109,0,0
353,sign,49204.463101878,3.0990049708634615,6.579997716471553,2.7810019673779607,2.300999767612666,14.761004422325641,0,0
354,sign,49204.507753667,0.8260030881501734,2.324995875824243,0.6449990905821323,0.5830006557516754,4.378998710308224,0,0
355,sign,49204.552917819,1.972999598365277,4.9050067900680006,1.63999357027933,1.2920063454657793,9.810006304178387,0,0
356,sign,49204.597816116,1.000997144728899,7.100999937392771,1.0689982445910573,1.0700023267418146,10.240997653454542,0,0
357,sign,49204.643327622,0.8400020305998623,3.9910009945742786,0.9950017556548119,1.1000010999850929,6.926005880814046,0,0
358,sign,49204.687964057,0.4120010999031365,1.7330021364614367,0.4429966793395579,0.4540052032098174,3.0420051189139485,0,0
359,sign,49204.733294089,14.53500590287149,4.718996933661401,1.2079981388524175,1.2470045476220548,21.709005523007363,0,0
360,sign,49204.778308243,1.6509948181919754,5.671005055774003,1.3459939509630203,1.2540040188468993,9.921997843775898,0,0
361,sign,49204.823044697,0.9280047379434109,1.9709987100213766,0.3899986040778458,0.3629975253716111,3.6519995774142444,0,0
362,sign,49204.868191606,3.930996172130108,9.723000403027982,4.695000825449824,2.5190020096488297,20.867999410256743,0,0
363,sign,49204.912880446,1.2680029612965882,3.3729957067407668,1.0280054993927479,1.0289950296282768,6.69799919705838,0,0
364,sign,49204.957921668,1.5510013327002525,4.66799974674359,1.8240025383420289,1.2429954949766397,9.28599911276251,0,0
365,sign,49205.003293917,3.4430049709044397,8.944996807258576,2.6940033421851695,2.7619971660897136,17.8440022864379,0,0
366,sign,49205.04808928,2.5460030883550644,7.6040014391765,2.676999429240823,1.820997567847371,14.648001524619758,0,0
367,sign,49205.092885479,1.3959943316876888,3.430999640841037,1.2880045687779784,1.062995579559356,7.17799412086606,0,0
368,sign,49205.137864863,1.3060052879154682,3.279994416516274,1.0030053090304136,0.9249997674487531,6.514004780910909,0,0
369,sign,49205.183153611,2.791006409097463,6.6069987951777875,2.3839966161176562,2.4140026653185487,14.196004485711455,0,0
370,sign,49205.227925729,1.7700003809295595,5.271998816169798,1.200998667627573,0.7160051609389484,8.95900302566588,0,0
371,sign,49205.272904241,1.305998011957854,3.879002179019153,1.3300013961270452,0.7319977157749236,7.246999302878976,0,0
372,sign,49205.318082844,3.083994670305401,7.258000550791621,2.8990034479647875,2.116001269314438,15.356999938376248,0,0
373,sign,49205.362909676,1.9889994291588664,4.51300002168864,1.5780024114064872,0.9360010153613985,9.016002877615392,0,0
374,sign,49205.408093501,1.7810016288422048,4.973000613972545,1.781998435035348,1.2759992387145758,9.811999916564673,0,0
375,sign,49205.45315246,2.7419955586083233,7.742004527244717,2.9059956432320178,2.658998710103333,16.04899443918839,0,0
376,sign,49205.497911423,2.125998435076326,4.196001100353897,1.5810001059435308,1.0029980330727994,8.905997674446553,0,0
377,sign,49205.542893203,1.5640034689567983,3.9439983083866537,1.2880045687779784,1.0429939720779657,7.839000318199396,0,0
378,sign,49205.588234065,2.6990019250661135,7.848000677768141,2.510998456273228,2.3090033209882677,15.36700438009575,0,0
379,sign,49205.632875656,1.4089964679442346,3.8910002331249416,1.0169969755224884,0.6210029823705554,6.93799665896222,0,0
380,sign,49205.678077586,2.9579969123005867,7.355003617703915,2.5619956431910396,2.2710009943693876,15.145997167564929,0,0
381,sign,49205.723158135,3.0989976949058473,7.538001227658242,3.0290029826574028,2.164000761695206,15.830002666916698,0,0
382,sign,49205.767873767,1.4839970390312374,3.4280019463039935,1.0090006981045008,1.3620010577142239,7.2830007411539555,0,0
383,sign,49205.812899101,1.7089987522922456,4.093999450560659,1.4570032362826169,1.0379953891970217,8.297996828332543,0,0
384,sign,49205.858159425,3.050001396331936,7.499998901039362,3.125998773612082,2.115004463121295,15.791003534104675,0,0
385,sign,49205.902912228,2.0830048015341163,4.53300162917003,1.4739998732693493,1.081993104889989,9.171999408863485,0,0
386,sign,49205.947866082,1.2829987099394202,3.4799959394149482,0.986001396086067,1.2989985407330096,7.047994586173445,0,0
387,sign,49205.993088592,3.210006980225444,7.363996701315045,2.920001861639321,2.1909945644438267,15.685000107623637,0,0
388,sign,49206.037831752,1.287000486627221,3.2719981390982866,1.186002918984741,0.8369970601052046,6.581998604815453,0,0
389,sign,49206.083169542,3.216002369299531,7.344999175984412,3.3320029615424573,2.8609938453882933,16.753998352214694,0,0
390,sign,49206.128119237,2.6709967642091215,8.03500006441027,3.029999788850546,2.020002284552902,15.755998902022839,0,0
391,sign,49206.172852935,1.3899989426136017,3.0240043997764587,1.229993358720094,0.6980044418014586,6.342001142911613,0,0
392,sign,49206.218134226,2.8139984351582825,7.208996976260096,2.8180002118460834,2.55900522461161,15.400000847876072,0,0
393,sign,49206.262907515,1.5139958122745156,3.931003448087722,1.4549950719811022,0.8819988579489291,7.781993190292269,0,0
394,sign,49206.307909761,1.643995346967131,4.351000825408846,2.020002284552902,1.1599986464716494,9.174997103400528,0,0
395,sign,49206.352870878,1.401000190526247,3.5960038076154888,1.1909942259080708,0.8940041880123317,7.082002412062138,0,0
396,sign,49206.397996092,2.6410052669234574,17.04500027699396,2.0049992599524558,1.782995241228491,23.474000045098364,0,0
397,sign,49206.443291491,3.145003574900329,8.206996426451951,2.97200313070789,2.0799998310394585,16.40400296309963,0,0
398,sign,49206.488121117,2.6130001060664654,8.522998541593552,2.616005076561123,2.2169988369569182,15.969002561178058,0,0
399,sign,49206.533086383,2.968998160213232,7.374001143034548,2.85999703919515,2.0830048015341163,15.286001143977046,0,0
400,sign,49206.577894136,1.443004293832928,3.6569981602951884,1.5839978004805744,0.9470022632740438,7.6310025178827345,0,0
401,sign,49206.623103837,2.5080007617361844,7.4029958341270685,2.510001650080085,1.9959989003837109,14.416997146327049,0,0
402,sign,49206.668069247,3.043998731300235,6.825001037213951,1.9619983504526317,1.1859956430271268,13.016993761993945,0,0
403,sign,49206.712931028,1.7470010789111257,4.535002517513931,1.4239994925446808,1.148000592365861,8.854003681335598,0,0
404,sign,49206.758005744,2.69600423052907,7.804999768268317,3.2819953048601747,2.5420013116672635,16.325000615324825,0,0
405,sign,49206.803057985,2.224995114374906,10.140000085812062,2.8380018193274736,1.505002728663385,16.707999748177826,0,0
406,sign,49206.848059022,2.6940033421851695,7.033995643723756,2.5520057533867657,2.1129962988197803,14.393001038115472,0,0
407,sign,49206.893160622,3.1090021366253495,10.666000889614224,4.010995326098055,2.434004272799939,20.220002625137568,0,0
408,sign,49206.937929432,1.5789992175996304,3.574998117983341,1.3110038707964122,1.1759984772652388,7.640999683644623,0,0
409,sign,49206.983220812,3.291999746579677,9.567003871779889,2.8799986466765404,2.0169973140582442,17.75599957909435,0,0
410,sign,49207.028197678,3.374996595084667,9.465002221986651,2.8849972295574844,2.107000909745693,17.831996956374496,0,0
411,sign,49207.072992288,1.2970049283467233,5.697998858522624,11.389995052013546,1.514999894425273,19.899998733308166,0,0
412,sign,49207.117985501,1.9780054572038352,5.5199998314492404,2.3089960450306535,1.3469980331137776,11.153999366797507,0,0
413,sign,49207.162890901,1.1999945854768157,3.6410056054592133,1.1229931260459125,1.1210067896172404,7.085000106599182,0,0
414,sign,49207.207893496,1.786997017916292,4.082001396454871,1.3190001482143998,0.9790019248612225,8.167000487446785,0,0
415,sign,49207.252846459,1.763000909704715,3.335997462272644,0.9360010153613985,0.7690032362006605,6.804002623539418,0,0
416,sign,49207.297876761,1.944004907272756,4.189001629129052,1.4279939932748675,0.9070063242688775,8.468006853945553,0,0
417,sign,49207.342876523,1.606000296305865,3.6630008253268898,1.7760030459612608,1.1359952623024583,8.180999429896474,0,0
418,sign,49207.387967342,1.3690005289390683,3.4049953683279455,1.0520016076043248,0.7970011211000383,6.622998625971377,0,0
419,sign,49207.432897294,1.2550008250400424,3.6450001061894,1.1520023690536618,0.9680006769485772,7.020003977231681,0,0
420,sign,49207.477966807,2.0040024537593126,6.61700323689729,1.1519950930960476,1.3620010577142239,11.135001841466874,0,0
421,sign,49207.522978503,2.020999090746045,6.114001735113561,1.9599974621087313,1.5940022422000766,11.689000530168414,0,0
422,sign,49207.568059362,2.2120002540759742,10.133000614587218,3.3800024539232254,1.3989993021823466,17.124002624768764,0,0
423,sign,49207.612947395,1.8499995348975062,4.6190034481696784,1.4859979273751378,1.357999281026423,9.313000191468745,0,0
424,sign,49207.657968463,2.2130043362267315,4.857996827922761,1.6510020941495895,1.601001713424921,10.323004971724004,0,0
425,sign,49207.702876734,1.353000698145479,3.301996912341565,1.0849980753846467,0.8800052455626428,6.620000931434333,0,0
426,sign,49207.747918778,2.0619991119019687,3.455003025010228,1.45800004247576,1.2360032997094095,8.211005479097366,0,0
427,sign,49207.792841061,1.8710052245296538,3.4249969758093357,2.2180029191076756,0.8520000847056508,8.366005204152316,0,0
428,sign,49207.837863178,1.3180033420212567,3.31099727191031,1.0450021363794804,0.9750001481734216,6.6490028984844685,0,0
429,sign,49207.882841976,1.3609969755634665,3.5909979487769306,1.0639996617101133,1.2900054571218789,7.306000043172389,0,0
430,sign,49207.928054513,2.730994310695678,6.871006917208433,2.630993549246341,2.307002432644367,14.53999720979482,0,0
431,sign,49207.973062824,2.6560010155662894,7.472001016139984,2.939996193163097,2.0700026652775705,15.138000890146941,0,0
432,sign,49208.017870514,1.872002030722797,3.6049968912266195,1.0990042937919497,0.9249997674487531,7.501002983190119,0,0
433,sign,49208.062864421,1.7589991330169141,3.2890020520426333,1.034000888466835,0.9249997674487531,7.007001840975136,0,0
434,sign,49208.108596121,2.616005076561123,13.034994481131434,4.41400334239006,3.5519988159649074,23.617001716047525,0,0
435,sign,49208.152899225,1.9369981600902975,3.7860008887946606,1.3239987310953438,0.9049981599673629,7.951995939947665,0,0
436,sign,49208.197872656,1.215004886034876,3.506997018121183,1.052998413797468,1.1410011211410165,6.9160014390945435,0,0
437,sign,49208.242912888,1.6269987099803984,4.699999408330768,1.9759972929023206,0.9520008461549878,9.254996257368475,0,0
438,sign,49208.287864315,1.4959950931370258,2.99200473818928,1.0879957699216902,0.8850038284435868,6.460999429691583,0,0
439,sign,49208.33307167,1.7420024960301816,3.9429942262358963,1.700005668681115,1.0419971658848226,8.426999556832016,0,0
440,sign,49208.377909433,1.4459947124123573,3.4570039133541286,1.3169992598704994,1.2160016922280192,7.4359995778650045,0,0
441,sign,49208.422879319,1.2040036381222308,3.4240001696161926,1.5799960237927735,0.7950002327561378,7.003000064287335,0,0
442,sign,49208.467966199,1.8520004232414067,6.065994966775179,1.8800055840983987,2.019995008595288,11.817995982710272,0,0
443,sign,49208.512891458,1.3969984138384461,3.8860016502439976,1.072003215085715,1.0399962775409222,7.394999556709081,0,0
444,sign,49208.558043796,2.968998160213232,7.087000994943082,2.201995812356472,1.529006112832576,13.787001080345362,0,0
445,sign,49208.60287937,1.4399993233382702,3.816996468231082,1.14399881567806,0.7710041245445609,7.171998731791973,0,0
446,sign,49208.647879949,1.3930039131082594,3.8399957702495158,1.7909987946040928,0.7250055205076933,7.749003998469561,0,0
447,sign,49208.693053593,2.5319968699477613,7.163005648180842,2.4990004021674395,2.0659936126321554,14.259996532928199,0,0
448,sign,49208.73785305,1.172003976535052,3.4379991120658815,1.1039956007152796,0.6690024747513235,6.383001164067537,0,0
449,sign,49208.782874999,1.4570032362826169,3.315995854791254,1.4309989637695253,0.7269991328939795,6.9309971877373755,0,0
450,sign,49208.827875676,1.7230049706995487,3.2249954529106617,1.0590010788291693,0.7449998520314693,6.752001354470849,0,0
451,sign,49208.87287474,1.3979952200315893,4.209003236610442,1.5839978004805744,0.733998604118824,7.92499486124143,0,0
452,sign,49208.917893237,1.7040001694113016,3.669003490358591,1.1949960025958717,0.9120049071498215,7.480004569515586,0,0
453,sign,49208.962899031,1.5350015019066632,4.037996404804289,1.7519996617920697,0.8749993867240846,8.199996955227107,0,0
454,sign,49209.00794756,1.501000951975584,3.8799989852122962,1.4559991541318595,0.8850038284435868,7.722002919763327,0,0
455,sign,49209.052874351,1.9049984985031188,4.002999048680067,1.3700046110898256,1.1000010999850929,8.378003258258104,0,0
456,sign,49209.097901057,2.1619998733513057,4.895002348348498,1.319996954407543,1.0130024747923017,9.390001650899649,0,0
457,sign,49209.142912583,1.6649937606416643,3.5720004234462976,1.1510055628605187,1.3329990906640887,7.720998837612569,0,0
458,sign,49209.188159017,3.3199976314790547,7.317001291085035,2.9040020308457315,1.99199712369591,15.53299807710573,0,0
459,sign,49209.2328688,1.338004949502647,3.6059936974197626,1.0630028555169702,1.2610034900717437,7.268004992511123,0,0
460,sign,49209.278186784,3.5199991543777287,7.493996236007661,2.496002707630396,1.9119979697279632,15.421996067743748,0,0
461,sign,49209.322952754,1.767999492585659,6.046997441444546,1.963002432603389,1.7240017768926919,11.502001143526286,0,0
462,sign,49209.368242737,2.5560002541169524,7.714996172580868,2.9479997465386987,2.458000381011516,15.676996554248035,0,0
463,sign,49209.412936691,1.9290018826723099,4.373003321234137,1.3069948181509972,0.9979994501918554,8.6069994722493,0,0
464,sign,49209.458134493,2.22500239033252,5.590998625848442,2.501998096704483,1.3740063877776265,11.692005500663072,0,0
465,sign,49209.503334491,3.901004674844444,10.58299676515162,4.489003913477063,2.7439964469522238,21.71700180042535,0,0
466,sign,49209.548130652,3.1179952202364802,6.4920022850856185,2.820001100189984,2.4219989427365363,14.851997548248619,0,0
467,sign,49209.592866935,1.8119972082786262,3.6799974623136222,1.2509990483522415,0.7530034054070711,7.495997124351561,0,0
468,sign,49209.637855724,1.3429962564259768,4.1570019675418735,1.7319980543106794,1.0250005288980901,8.25699680717662,0,0
469,sign,49209.683146795,3.0559967854060233,7.540002116002142,2.9090006137266755,2.262997440993786,15.767996956128627,0,0
470,sign,49209.727889561,1.2840027920901775,3.921995812561363,1.3110038707964122,1.3409953680820763,7.857997843530029,0,0
471,sign,49209.773098303,2.667999069672078,7.280003046616912,3.1040035537444055,2.052998752333224,15.105004422366619,0,0
472,sign,49209.817938658,1.7650017980486155,4.625995643436909,1.2800010154023767,1.672997314017266,9.343995770905167,0,0
473,sign,49209.863051125,2.6849957066588104,7.349000952672213,2.691005647648126,2.1179948817007244,14.842997188679874,0,0
474,sign,49209.907948217,2.038003003690392,3.9430015021935105,1.471998984925449,0.8799979696050286,8.33300146041438,0,0
475,sign,49209.952867554,1.4859979273751378,3.492001269478351,1.6370031516999006,0.9750001481734216,7.590002496726811,0,0
476,sign,49209.998081038,2.2769963834434748,5.2240065997466445,2.4319961084984243,1.1700030881911516,11.103002179879695,0,0
477,sign,49210.04291959,2.191001840401441,4.8629954108037055,1.1930023902095854,1.0369985830038786,9.28399822441861,0,0
478,sign,49210.088057684,3.3309988793917,9.9320022854954,3.1759991543367505,2.592998498585075,19.031998817808926,0,0
479,sign,49210.132874818,1.577995135448873,4.663001163862646,1.849002728704363,0.9790019248612225,9.069000952877104,0,0
480,sign,49210.178020961,2.3609973140992224,5.671005055774003,2.1719970391131938,1.8290011212229729,12.033000530209392,0,0
481,sign,49210.223122395,2.3469983716495335,7.442999049089849,3.007000486832112,2.369000867474824,15.165998775046319,0,0
482,sign,49210.267971504,1.781998435035348,5.615002010017633,2.073997166007757,1.6640042304061353,11.135001841466874,0,0
483,sign,49210.31325429,4.155001079197973,11.098003596998751,3.8629950722679496,3.059998562093824,22.175998310558498,0,0
484,sign,49210.357847903,1.672000507824123,3.0290029826574028,1.6039994079619646,0.8170027285814285,7.122005627024919,0,0
485,sign,49210.403062726,1.9989965949207544,4.261004505679011,1.109998265746981,0.9029972716234624,8.27299663797021,0,0
486,sign,49210.447904019,1.3930039131082594,3.1379968277178705,1.1640004231594503,1.1640004231594503,6.8590015871450305,0,0
487,sign,49210.493086375,2.701999619603157,7.519003702327609,2.749002305790782,1.9329963834024966,14.903002011124045,0,0
488,sign,49210.537835192,1.2300006346777081,3.144996298942715,1.1070005712099373,0.6980044418014586,6.180001946631819,0,0
489,sign,49210.58285418,1.1939991964027286,3.253997419960797,1.1090014595538378,0.8300048648379743,6.3870029407553375,0,0
490,sign,49210.628123278,3.116998414043337,6.962000043131411,2.791995939332992,2.3360043996945024,15.206998796202242,0,0
491,sign,49210.672877565,1.4790057321079075,3.888999344781041,1.0719959391281009,1.1550000635907054,7.595001079607755,0,0
492,sign,49210.718025009,2.2229942260310054,5.609006620943546,2.339998900424689,1.529995643068105,11.701995390467346,0,0
493,sign,49210.762865597,1.9850049284286797,3.526998625602573,1.6990015865303576,0.9180002962239087,8.12900543678552,0,0
494,sign,49210.807911946,1.934000465553254,3.553999704308808,1.3639946701005101,0.7360067684203386,7.5880016083829105,0,0
495,sign,49210.853058656,1.619999238755554,7.602000550832599,5.5010023061186075,1.3999961083754897,16.12299820408225,0,0
496,sign,49210.89787706,1.2609962141141295,3.3620017347857356,1.0799994925037026,1.1420052032917738,6.845002644695342,0,0
497,sign,49210.942849502,1.438005710951984,4.05999890062958,1.1809970601461828,1.138003426603973,7.81700509833172,0,0
498,sign,49210.988211593,2.7389978640712798,7.362999895121902,3.059001755900681,2.2140011424198747,15.375000657513738,0,0
499,sign,49211.033130925,3.225999535061419,8.271999831777066,3.0559967854060233,1.934000465553254,16.487996617797762,0,0
500,sign,49211.078055087,2.3470056476071477,6.150999979581684,2.745000529102981,1.7809943528845906,13.024000509176403,0,0
501,sign,49211.122880831,1.3349999790079892,3.173001459799707,1.0650037438608706,0.8110000635497272,6.384005246218294,0,0
502,sign,49211.167844349,1.3760000001639128,2.9559960239566863,1.033004082273692,1.0980002116411924,6.463000318035483,0,0
503,sign,49211.212908726,1.8570062820799649,3.8189973565749824,1.0520016076043248,0.7779963198117912,7.506001566071063,0,0
504,sign,49211.257831823,1.219996192958206,3.525005013216287,1.4809993444941938,0.8159986464306712,7.041999197099358,0,0
505,sign,49211.303276962,3.459004801698029,9.811999916564673,4.240995622240007,2.79700179817155,20.30900213867426,0,0
506,sign,49211.348158969,3.0430019251070917,8.121001883409917,3.1289964681491256,2.102002326864749,16.395002603530884,0,0
507,sign,49211.393160799,2.8319991542957723,8.042996341828257,2.9660004656761885,2.338005288038403,16.17900124983862,0,0
508,sign,49211.438136521,3.0220035114325583,7.9829987953417,2.8229987947270274,1.9400031305849552,15.768004232086241,0,0
509,sign,49211.483082504,2.6039997464977205,7.664006261620671,2.744993253145367,2.52100289799273,15.534002159256488,0,0
510,sign,49211.528031574,2.6759953470900655,7.440001354552805,3.134999133180827,1.9450017134658992,15.195997548289597,0,0
511,sign,49211.572857138,1.2469972716644406,3.517001459840685,1.0299991117790341,0.8189963409677148,6.612994184251875,0,0
512,sign,49211.618106761,3.1429954105988145,6.677000783383846,2.8600043151527643,1.920998329296708,14.600998838432133,0,0
513,sign,49211.663145633,3.020999429281801,8.05900344857946,2.715998562052846,2.0980005501769483,15.894001990091056,0,0
514,sign,49211.708137441,2.8470021788962185,6.845999450888485,2.3840038920752704,2.5319968699477613,14.609002391807735,0,0
515,sign,49211.752888887,1.4030010788701475,3.403001755941659,1.186999725177884,0.8419956429861486,6.834998202975839,0,0
516,sign,49211.798153927,3.239001671317965,8.233000698965043,2.9750008252449334,2.130000211764127,16.577003407292068,0,0
517,sign,49211.843187534,2.849999873433262,6.8409935920499265,2.5450062821619213,1.8949940567836165,14.130993804428726,0,0
518,sign,49211.887907643,1.6089979908429086,3.8150028558447957,1.1259980965405703,1.157997758127749,7.7079967013560236,0,0
519,sign,49211.93309516,2.815999323502183,7.396003638859838,2.6470006559975445,2.04800016945228,14.907003787811846,0,0
520,sign,49211.978098856,2.77700019069016,7.338996510952711,2.85300484392792,2.162996679544449,15.13199822511524,0,0
521,sign,49212.022866797,1.7650017980486155,3.454995749052614,1.0990042937919497,0.7150010787881911,7.03400291968137,0,0
522,sign,49212.068130322,2.754000888671726,7.552000170107931,3.269000444561243,2.2669992176815867,15.842000721022487,0,0
523,sign,49212.112867891,1.3239987310953438,3.5519988159649074,1.086998963728547,0.9779978427104652,6.9409943534992635,0,0
524,sign,49212.15785693,1.7799975466914475,2.7439964469522238,1.2680029612965882,0.7199996616691351,6.5119966166093946,0,0
525,sign,49212.202845599,1.9040016923099756,3.755994839593768,1.1420052032917738,0.9200011845678091,7.722002919763327,0,0
526,sign,49212.248102224,2.5369954528287053,7.508002454414964,2.993001544382423,2.173001121263951,15.211000572890043,0,0
527,sign,49212.292856888,1.2219970813021064,5.690999387297779,1.0090006981045008,0.9450013749301434,8.86699854163453,0,0
528,sign,49212.337961843,1.7370039131492376,5.745001544710249,1.6979975043796003,1.3919998309575021,10.572002793196589,0,0
529,sign,49212.383157002,2.839005901478231,7.47199374018237,2.701002813410014,1.9569997675716877,14.969002222642303,0,0
530,sign,49212.428115556,3.3329997677356005,8.228998922277242,2.9860020731575787,2.5339977582916617,17.081998521462083,0,0
531,sign,49212.473140547,2.9229995561763644,7.641996489837766,2.8569993446581066,1.8120044842362404,15.233999874908477,0,0
532,sign,49212.518133997,2.7619971660897136,7.255002856254578,3.207998815923929,2.273998688906431,15.498997527174652,0,0
533,sign,49212.562911579,1.553999027237296,3.797998942900449,1.505999534856528,0.7700000423938036,7.627997547388077,0,0
534,sign,49212.607868699,1.1520023690536618,3.27499583363533,1.010004780255258,0.9289942681789398,6.36599725112319,0,0
535,sign,49212.653269207,3.5099947126582265,10.121002560481429,3.9090009522624314,2.606997441034764,20.14699566643685,0,0
536,sign,49212.698150787,3.25000291923061,7.74999352870509,2.8760041459463537,1.996995706576854,15.872996300458908,0,0
537,sign,49212.742882069,1.8610007828101516,4.793000698555261,1.177002559415996,0.8770002750679851,8.708004315849394,0,0
538,sign,49212.788046448,1.634005457162857,4.100998921785504,1.5929981600493193,0.986001396086067,8.314003935083747,0,0
539,sign,49212.833111727,2.654000127222389,7.210001058410853,2.4460023269057274,2.0890001906082034,14.399003703147173,0,0
540,sign,49212.878193967,3.125001967418939,7.296999683603644,2.8369977371767163,2.248998498544097,15.507997886743397,0,0
541,sign,49212.923204112,2.8240028768777847,7.497001206502318,2.89799936581403,2.4379987735301256,15.657002222724259,0,0
542,sign,49212.96810724,2.6550042093731463,7.310998626053333,2.8459980967454612,2.1980013116262853,15.010002243798226,0,0
543,sign,49213.013144721,3.76399839296937,10.531002772040665,4.0149971027858555,3.177003236487508,21.4870015042834,0,0
544,sign,49213.058108292,3.4009935916401446,7.24500569049269,2.9059956432320178,2.22500239033252,15.776997315697372,0,0
545,sign,49213.103109941,2.7329951990395784,6.711001333314925,2.519998815841973,1.9310027710162103,13.894998119212687,0,0
546,sign,49213.147843662,1.7860002117231488,3.7709978641942143,1.1309966794215143,0.914005795493722,7.602000550832599,0,0
547,sign,49213.193074647,2.4369946913793683,7.710004865657538,2.9660004656761885,2.068998583126813,15.181998605839908,0,0
548,sign,49213.237878977,1.672000507824123,2.8470021788962185,1.3799945008940995,0.7420021574944258,6.640999345108867,0,0
549,sign,49213.282870886,1.3889948604628444,3.4949989640153944,1.4980032574385405,0.8189963409677148,7.200993422884494,0,0
550,sign,49213.328070798,2.8860013117082417,8.140996214933693,3.0900046112947166,2.1389932953752577,16.25599543331191,0,0
551,sign,49213.37317975,3.4199983929283917,12.290998711250722,3.932000254280865,4.412999260239303,24.055996618699282,0,0
552,sign,49213.418135463,2.8430004022084177,7.76300294091925,2.911998308263719,2.0500010577961802,15.568002709187567,0,0
553,sign,49213.46291222,1.6850026440806687,4.091001756023616,1.5289988368749619,0.9669965947978199,8.271999831777066,0,0
554,sign,49213.50814143,3.0059964046813548,8.14200029708445,2.7220012270845473,2.648004738148302,16.518002666998655,0,0
555,sign,49213.552925658,1.5260011423379183,5.173002136871219,1.7220008885487914,1.1209995136596262,9.542003681417555,0,0
556,sign,49213.598052862,2.7510031941346824,6.203998054843396,2.6330017135478556,1.9329963834024966,13.52099934592843,0,0
557,sign,49213.642840937,1.4870020095258951,3.588000254239887,1.10599648905918,0.7910057320259511,6.972004484850913,0,0
558,sign,49213.68809506,2.707995008677244,7.548005669377744,2.9279981390573084,1.929998688865453,15.11399750597775,0,0
559,sign,49213.733098221,2.7380010578781366,7.000002369750291,3.269997250754386,1.9870058167725801,14.995006495155394,0,0
560,sign,49213.778070629,2.793000021483749,6.618000043090433,2.5080007617361844,2.109998604282737,14.028999430593103,0,0
561,sign,49213.823124424,3.044995537493378,7.018999895080924,2.6900015654973686,2.6080015231855214,15.361998521257192,0,0
562,sign,49213.868307181,3.888002538587898,10.85899566533044,4.251000063959509,3.578003088477999,22.576001356355846,0,0
563,sign,49213.913123675,3.0809969757683575,7.192000339273363,2.453001798130572,2.544999006204307,15.2709981193766,0,0
564,sign,49213.957864904,1.448999682907015,3.7670033634640276,1.2230011634528637,1.3429962564259768,7.782000466249883,0,0
565,sign,49214.00311442,3.2240059226751328,8.177994459401816,3.1140007195062935,2.239001332782209,16.75500243436545,0,0
566,sign,49214.047880811,1.3879980542697012,3.7280042306520045,1.7610000213608146,0.8159986464306712,7.6930009527131915,0,0
567,sign,49214.09327909,2.767999831121415,8.542003342881799,3.0290029826574028,2.3889951989986002,16.728001355659217,0,0
568,sign,49214.138204157,2.573993697296828,7.734000973869115,2.910004695877433,2.606000634841621,15.824000001884997,0,0
569,sign,49214.18310042,2.8569993446581066,7.2359980549663305,2.9330039978958666,1.99199712369591,15.017998521216214,0,0
570,sign,49214.227888363,1.7560014384798706,3.039000148419291,1.33900175569579,0.8209972293116152,6.955000571906567,0,0
571,sign,49214.273140412,2.9319999157451093,7.697002729400992,3.1320014386437833,2.254993887618184,16.01599797140807,0,0
572,sign,49214.318322773,3.121000190731138,8.728005923330784,2.825996489264071,2.4719993234612048,17.147001926787198,0,0
573,sign,49214.362901152,1.5449986676685512,3.773995558731258,1.296000846195966,1.186002918984741,7.800997991580516,0,0
574,sign,49214.407861414,1.3359967852011323,3.635999746620655,1.2450036592781544,0.5629990482702851,6.779999239370227,0,0
575,sign,49214.452867115,1.8560021999292076,4.813999112229794,1.0690055205486715,1.205997250508517,8.94500408321619,0,0
576,sign,49214.497881265,1.2989985407330096,3.7240024539642036,1.134001649916172,1.2129967217333615,7.369999366346747,0,0
577,sign,49214.542871921,1.3219978427514434,3.3679971238598228,1.0650037438608706,0.7779963198117912,6.532995030283928,0,0
578,sign,49214.587868766,1.3600001693703234,3.6679994082078338,1.7260026652365923,0.9099967428483069,7.663998985663056,0,0
579,sign,49214.633115203,3.1099989428184927,7.853996066842228,3.0669980333186686,2.16200714930892,16.19300019228831,0,0
580,sign,49214.677972372,2.1800005924887955,4.782996256835759,1.5699988580308855,1.3370008673518896,9.86999657470733,0,0
581,sign,49214.722941515,2.134998794645071,4.4000043999403715,1.5099940355867147,1.8170030671171844,9.862000297289342,0,0
582,sign,49214.767973613,1.3929966371506453,3.7370045902207494,1.6599951777607203,0.890999217517674,7.680995622649789,0,0
583,sign,49214.812876177,1.2689997674897313,3.3460019039921463,1.157997758127749,1.915999746415764,7.688999176025391,0,0
584,sign,49214.85825925,2.215994754806161,7.590002496726811,2.4749970179982483,1.4250035746954381,13.705997844226658,0,0
585,sign,49214.90287572,1.5030018403194845,3.3420001273043454,1.1140000424347818,0.943997292779386,6.902999302837998,0,0
586,sign,49214.947926034,1.729997165966779,3.902001481037587,1.7650017980486155,0.9729992598295212,8.369999704882503,0,0
587,sign,49214.992871211,1.3840035535395145,3.731998731382191,1.4850011211819947,0.9099967428483069,7.511000148952007,0,0
588,sign,49215.037877112,1.2859964044764638,3.568005922716111,1.5979967429302633,0.7600028766319156,7.212001946754754,0,0
589,sign,49215.082917982,1.7179991118609905,4.23700112150982,1.5469995560124516,0.9450013749301434,8.447001164313406,0,0
590,sign,49215.127862549,1.8229984561912715,4.168003215454519,1.2859964044764638,0.9229988791048527,8.199996955227107,0,0
591,sign,49215.172826003,1.287000486627221,3.4670010791160166,1.0540024959482253,0.8399947546422482,6.647998816333711,0,0
592,sign,49215.217960654,1.6479971236549318,3.845998435281217,12.976001016795635,1.0170042514801025,19.487000827211887,0,0
593,sign,49215.263087362,3.09300230583176,8.22099536890164,2.840999513864517,2.139000571332872,16.29399775993079,0,0
594,sign,49215.307934005,2.1949963411316276,5.401998350862414,2.9470029403455555,2.587999915704131,13.131997548043728,0,0
595,sign,49215.353091801,2.2039967007003725,5.410001904238015,2.0049992599524558,1.0690055205486715,10.688003385439515,0,0
596,sign,49215.397869301,1.2980017345398664,3.1429954105988145,1.1090014595538378,0.7780035957694054,6.328002200461924,0,0
597,sign,49215.442955905,1.791006070561707,5.182999302633107,2.4030014174059033,1.410997356288135,10.788004146888852,0,0
598,sign,49215.487878207,1.3079989003017545,4.207999154459685,1.6379999578930438,0.9010036592371762,8.05500167189166,0,0
599,sign,49215.53290437,1.2460004654712975,3.403001755941659,1.0220028343610466,1.2759992387145758,6.947004294488579,0,0
600,sign,49215.577921795,1.7950005712918937,7.03200203133747,2.243999915663153,1.296000846195966,12.367003364488482,0,0
601,sign,49215.622851337,1.2640011846087873,3.5729972296394408,1.0010044206865132,1.1609954526647925,6.998998287599534,0,0
602,sign,49215.667884938,1.3669996405951679,3.5580014809966087,1.2200034689158201,0.8470015018247068,6.9920060923323035,0,0
603,sign,49215.712857835,1.5350015019066632,3.698994987644255,1.3809985830448568,0.88600063463673,7.500995707232505,0,0
604,sign,49215.757866009,1.6039994079619646,3.6330020520836115,1.034000888466835,0.9709983714856207,7.242000719998032,0,0
605,sign,49215.802918019,2.3800021153874695,6.2870021793060005,2.3619941202923656,2.307002432644367,13.336000847630203,0,0
606,sign,49215.847896232,1.3339958968572319,3.8800062611699104,1.2210002751089633,1.1899974197149277,7.624999852851033,0,0
607,sign,49215.892901585,1.7650017980486155,3.339999238960445,1.572996552567929,0.8589995559304953,7.536997145507485,0,0
608,sign,49215.93788858,1.4179968275129795,3.84000304620713,1.1859956430271268,1.49600236909464,7.939997885841876,0,0
609,sign,49215.982980315,2.2040039766579866,5.981994036119431,2.354005118831992,1.5409968909807503,12.08100002259016,0,0
610,sign,49216.028120874,3.7150020943954587,7.285001629497856,2.239001332782209,1.6880003386177123,14.927005395293236,0,0
611,sign,49216.072900997,1.8749997252598405,3.5080011002719402,1.276996044907719,0.8889983291737735,7.548995199613273,0,0
612,sign,49216.118646417,11.375996109563857,8.90500086825341,2.8860013117082417,1.6369958757422864,24.803994165267795,0,0
613,sign,49216.163910133,13.707001926377416,21.631996787618846,8.820003131404519,6.262998795136809,50.42200064053759,0,0
614,sign,49216.208421228,5.093999789096415,11.52700133388862,7.064998499117792,7.0739988586865366,30.759998480789363,0,0
615,sign,49216.252878783,1.4940014807507396,3.9019942050799727,1.4800025383010507,1.3850003597326577,8.26099858386442,0,0
616,sign,49216.297900961,1.9920043996535242,3.7969948607496917,1.1029987945221364,0.8920032996684313,7.784001354593784,0,0
617,sign,49216.343363748,5.088004400022328,10.438001481816173,3.9439983083866537,3.5949997254647315,23.065003915689886,0,0
618,sign,49216.388247708,3.5860066418536007,8.424998668488115,2.2509993868879974,1.6849953681230545,15.947000065352768,0,0
619,sign,49216.432886036,1.4220058801583946,3.868997737299651,1.296000846195966,0.9840005077421665,7.571004971396178,0,0
620,sign,49216.478281604,2.725995727814734,9.882998710963875,3.0700030038133264,2.7470014174468815,18.425998860038817,0,0
621,sign,49216.523281115,4.264999006409198,7.79900437919423,1.71599822351709,2.3949978640303016,16.17499947315082,0,0
622,sign,49216.567889278,1.3870012480765581,3.6130004446022213,1.0610019671730697,0.7019989425316453,6.763002602383494,0,0
623,sign,49216.612901974,1.400003384333104,4.3670006562024355,1.8749997252598405,1.1450028978288174,8.787006663624197,0,0
624,sign,49216.658325314,3.555003786459565,10.949996067211032,3.815999662037939,9.471004887018353,27.79200440272689,0,0
625,sign,49216.702882528,1.3640019460581243,3.911001840606332,1.7229976947419345,0.8159986464306712,7.814000127837062,0,0
626,sign,49216.74924343,12.639997294172645,20.866005797870457,3.8250000216066837,2.925997250713408,40.25700036436319,0,0
627,sign,49216.793288119,5.052002961747348,8.41399742057547,2.06800177693367,1.4129982446320355,16.947000403888524,0,0
628,sign,49216.83796651,1.667001924943179,4.696994437836111,1.6460035112686455,0.7819980964995921,8.791997970547527,0,0
629,sign,49216.883701814,4.055000317748636,13.564000255428255,3.4100012271665037,3.1240051612257957,24.15300696156919,0,0
630,sign,49216.928648423,10.768999345600605,14.460994862020016,7.107999408617616,3.2180032576434314,35.55599687388167,0,0
631,sign,49216.973247785,11.75800571218133,12.563999916892499,2.325999957975,4.245994205120951,30.89399979216978,0,0
632,sign,49217.018032243,2.3370012058876455,6.380992999766022,3.8860016502439976,1.600004907231778,14.204000763129443,0,0
633,sign,49217.063231549,1.4260003808885813,4.052002623211592,1.3689932529814541,1.3250028132461011,8.171999070327729,0,0
634,sign,49217.108296417,3.5510020097717643,8.044000423979014,2.6939960662275553,2.7370042516849935,17.026002751663327,0,0
635,sign,49217.152892161,1.5889963833615184,3.8190046325325966,1.5309997252188623,0.9770010365173221,7.916001777630299,0,0
636,sign,49217.198302497,3.301996912341565,10.40999632095918,3.4140030038543046,1.6190024325624108,18.74499866971746,0,0
637,sign,49217.243545418,5.588997737504542,8.643000910524279,1.9930012058466673,4.852001438848674,21.077001292724162,0,0
638,sign,49217.287911587,1.934997271746397,3.1890012905932963,1.45800004247576,0.8019997039809823,7.383998308796436,0,0
639,sign,49217.332879284,1.2580057955347002,3.1279996619559824,1.0049989214166999,1.3070020941086113,6.698006473015994,0,0
640,sign,49217.378582586,2.292996214237064,5.389003490563482,1.5909972717054188,2.4859982659108937,11.758995242416859,0,0
641,sign,49217.423074472,2.234999556094408,5.349000275600702,1.5350015019066632,1.0610019671730697,10.180003300774843,0,0
642,sign,49217.467909938,1.6619960661046207,4.248002369422466,1.4859979273751378,0.7910057320259511,8.187002094928175,0,0
643,sign,49217.513074824,2.6140041882172227,7.589995220769197,3.1620002118870616,2.5810004444792867,15.947000065352768,0,0
644,sign,49217.55784888,1.6799967852421105,3.1750023481436074,1.1379961506463587,0.8380011422559619,6.8309964262880385,0,0
645,sign,49217.602874824,1.4350007404573262,3.617002221290022,1.0709991329349577,1.1399970389902592,7.262999133672565,0,0
646,sign,49217.647902617,1.4850011211819947,3.626002580858767,1.1789961718022823,1.1510055628605187,7.441005436703563,0,0
647,sign,49217.692907732,1.8229984561912715,2.8790018404833972,1.3659955584444106,0.7490016287192702,6.81699748383835,0,0
648,sign,49217.73786259,1.4699980965815485,4.1570019675418735,1.1989977792836726,1.4460019883699715,8.271999831777066,0,0
649,sign,49217.783140656,3.2660027500241995,7.572998583782464,2.658998710103333,2.2649983293376863,15.762998373247683,0,0
650,sign,49217.828080833,2.4289984139613807,7.848000677768141,2.963999577332288,2.2599997464567423,15.500998415518552,0,0
651,sign,49217.872836133,1.6039994079619646,3.0380033422261477,1.0609946912154555,0.7710041245445609,6.474001565948129,0,0
652,sign,49217.917934226,1.5279947547242045,4.001005436293781,1.886997779365629,0.9489958756603301,8.364993846043944,0,0
653,sign,49217.962900882,1.9210056052543223,4.977999196853489,1.672000507824123,1.6279955161735415,10.199000826105475,0,0
654,sign,49218.007877669,1.3700046110898256,4.049994458910078,0.990999978967011,0.8810020517557859,7.2920011007227,0,0
655,sign,49218.052893625,1.5650002751499414,4.434004949871451,1.7899947124533355,0.9870054782368243,8.776005415711552,0,0
656,sign,49218.098099666,1.915002940222621,4.41899464931339,1.2520031305029988,1.4300021575763822,9.016002877615392,0,0
657,sign,49218.143635705,2.6280031306669116,12.6349987112917,8.672002877574414,7.771996024530381,31.707000744063407,0,0
658,sign,49218.188126969,4.898000042885542,19.789003999903798,1.948996214196086,1.820000761654228,28.456001018639654,0,0
659,sign,49218.232933625,2.4840046535246074,5.632995453197509,2.4120017769746482,2.2669992176815867,12.796001101378351,0,0
660,sign,49218.278584486,8.462004188913852,14.216995623428375,4.774003173224628,4.861998604610562,32.31500159017742,0,0
661,sign,49218.324351658,5.914000212214887,11.60100509878248,1.7790007404983044,2.172993845306337,21.466999896802008,0,0
662,sign,49218.367899523,1.5699988580308855,4.203997377771884,1.5240002539940178,0.7560010999441147,8.053997589740902,0,0
663,sign,49218.413159898,6.80099765304476,12.789001630153507,2.3050015443004668,2.329994458705187,24.22499528620392,0,0
664,sign,49218.458329,3.5990015021525323,7.457994797732681,11.348005500622094,2.9519942472688854,25.356996047776192,0,0
665,sign,49218.502968754,1.772998075466603,5.155998223926872,2.2410022211261094,1.4449979062192142,10.614996426738799,0,0
666,sign,49218.54822731,1.7300044419243932,9.941999451257288,4.78899892186746,2.8719950933009386,19.33299790835008,0,0
667,sign,49218.593524637,4.859997716266662,18.246006220579147,3.5489938454702497,2.071006747428328,28.726004529744387,0,0
668,sign,49218.637967127,4.039000486955047,7.757000275887549,1.577005605213344,1.5179975889623165,14.891003957018256,0,0
669,sign,49218.682840097,1.767999492585659,2.9760049073956907,1.0410003596916795,0.7519993232563138,6.537004082929343,0,0
670,sign,49218.72815036,1.848995452746749,8.464005077257752,1.5699988580308855,0.9610012057237327,12.84400059375912,0,0
671,sign,49218.773283831,1.9600047380663455,6.775000656489283,2.1140003809705377,1.4659963198937476,12.315002095419914,0,0
672,sign,49218.817872901,1.5859986888244748,4.770001396536827,1.3909957488067448,0.7979979272931814,8.544993761461228,0,0
673,sign,49218.863459051,2.6470006559975445,9.863004379440099,3.335997462272644,3.405999450478703,19.25200194818899,0,0
674,sign,49218.908192857,3.7680001696571708,5.75799640500918,3.7770005292259157,0.9020004654303193,14.204997569322586,0,0
675,sign,49218.952835711,1.2339951354078948,3.760003892239183,1.0520016076043248,1.157997758127749,7.203998393379152,0,0
676,sign,49218.998022584,1.3540047802962363,3.779001417569816,1.3919998309575021,1.253996742889285,7.77900277171284,0,0
677,sign,49219.043526555,6.2150065787136555,9.581999620422721,4.6499990276061,3.897999704349786,24.345004931092262,0,0
678,sign,49219.088069664,1.7540005501359701,6.003996531944722,2.1500018192455173,2.1989981178194284,12.106997019145638,0,0
679,sign,49219.13285325,1.471998984925449,3.568005922716111,1.1449956218712032,1.2080054148100317,7.393005944322795,0,0
680,sign,49219.1782548,4.272005753591657,11.427997378632426,3.6810015444643795,2.410000888630748,21.79100556531921,0,0
681,sign,49219.222980264,1.5219993656501174,4.175999492872506,1.3410026440396905,1.4260003808885813,8.465001883450896,0,0
682,sign,49219.267911326,1.9979997887276113,3.58899706043303,1.2070013326592743,0.9229988791048527,7.7169970609247684,0,0
683,sign,49219.312965323,1.9860017346218228,3.8479993236251175,1.1619995348155499,0.6819973350502551,7.677997928112745,0,0
684,sign,49219.357864086,1.0939984349533916,3.1950039556249976,0.9799987310543656,1.082000380847603,6.351001502480358,0,0
685,sign,49219.40304589,2.8529975679703057,6.788002792745829,2.7009955374523997,2.534005034249276,14.87600093241781,0,0
686,sign,49219.44788618,2.04800016945228,4.132998583372682,1.2879972928203642,0.7580019882880151,8.226998033933342,0,0
687,sign,49219.492887564,1.8259961507283151,3.772998752538115,1.2560049071907997,0.9019931894727051,7.756992999929935,0,0
688,sign,49219.538083092,2.921005943790078,7.139999070204794,2.3760003386996686,2.13099701795727,14.568002370651811,0,0
689,sign,49219.582828724,1.4499964891001582,3.5810007830150425,1.1040028766728938,0.7510025170631707,6.886002665851265,0,0
690,sign,49219.628109353,3.125998773612082,7.24700657883659,2.793000021483749,2.5519984774291515,15.718003851361573,0,0
691,sign,49219.67503567,5.280999175738543,11.875999916810542,3.3320029615424573,2.219996531493962,22.708998585585505,0,0
692,sign,49219.718310183,2.1379964891821146,6.353002390824258,1.7740021576173604,1.7380007193423808,12.003001756966114,0,0
693,sign,49219.763217057,3.931003448087722,10.376999853178859,2.611996023915708,2.1550004021264613,19.07499972730875,0,0
694,sign,49219.808121376,3.74599767383188,14.757999451830983,5.870999302715063,3.3469987101852894,27.721995138563216,0,0
695,sign,49219.852882035,1.2600066838786006,3.6519995774142444,0.9879950084723532,0.6650006980635226,6.565001967828721,0,0
696,sign,49219.897864149,1.4709949027746916,3.035005647689104,1.0889998520724475,0.895997800398618,6.490998202934861,0,0
697,sign,49219.943194378,3.0180017347447574,7.905000529717654,3.336994268465787,2.248001692350954,16.507998225279152,0,0
698,sign,49219.987879104,1.5049954527057707,3.3989999792538583,1.0709991329349577,0.9889990906231105,6.963993655517697,0,0
699,sign,49220.033105716,2.824999683070928,7.280003046616912,2.3909960873425007,1.906002580653876,14.402001397684216,0,0
700,sign,49220.078132329,3.25000291923061,7.563998224213719,3.1559975468553603,2.0849984139204025,16.054997104220092,0,0
701,sign,49220.123052218,2.778004272840917,7.820999599061906,2.8959984774701297,1.9139988580718637,15.409001207444817,0,0
702,sign,49220.168030279,2.1000014385208488,6.166999810375273,2.209999365732074,1.8339997041039169,12.311000318732113,0,0
703,sign,49220.212887824,1.438005710951984,4.558998625725508,6.149995897430927,1.167005393654108,13.314005627762526,0,0
704,sign,49220.258052242,2.6189954951405525,7.499002094846219,3.002998710144311,2.002001565415412,15.122997865546495,0,0
705,sign,49220.302957989,1.357999281026423,3.3309988793917,1.0270014172419906,0.7650014595128596,6.481001037172973,0,0
706,sign,49220.347875613,1.4670004020445049,3.3469987101852894,1.1650045053102076,1.2620002962648869,7.241003913804889,0,0
707,sign,49220.393253787,3.1610034056939185,11.113996151834726,4.0049999370239675,3.326000296510756,21.60599979106337,0,0
708,sign,49220.438096888,2.89799936581403,6.963004125282168,2.567998308222741,2.144995960406959,14.573997759725899,0,0
709,sign,49220.483114874,2.4700057110749185,7.568996807094663,3.102002665400505,2.2280000848695636,15.36900526843965,0,0
710,sign,49220.52789879,1.410997356288135,4.8720030463300645,1.9090002751909196,1.1119991540908813,9.3039998319,0,0
711,sign,49220.573058305,2.1909945644438267,7.515001925639808,2.7330024749971926,2.1129962988197803,14.551995263900608,0,0
712,sign,49220.617871679,1.2689997674897313,3.2949974411167204,0.9709983714856207,0.7630005711689591,6.297996151261032,0,0
713,sign,49220.662854748,1.1779993656091392,3.2290045055560768,0.9149953257292509,1.0220028343610466,6.344002031255513,0,0
714,sign,49220.707897742,1.767999492585659,4.4720000005327165,2.077998942695558,1.7099955584853888,10.027993994299322,0,0
715,sign,49220.753538148,1.8659993656910956,5.777001206297427,1.8749997252598405,2.107000909745693,11.625001206994057,0,0
716,sign,49220.7982665,2.1759988158009946,5.337999027688056,2.373999450355768,1.5309997252188623,11.418997019063681,0,0
717,sign,49220.848062788,10.740004654508084,26.939997042063624,6.561996997334063,4.8860019887797534,49.128000682685524,0,0
718,sign,49220.887876661,1.2969976523891091,3.5660050343722105,1.3259996194392443,0.7979979272931814,6.987000233493745,0,0
719,sign,49220.932982656,1.3509998098015785,3.8819998735561967,1.14399881567806,1.2119999155402184,7.588998414576054,0,0
720,sign,49220.978143642,2.3190004867501557,5.465000867843628,1.0999938240274787,1.443004293832928,10.32699947245419,0,0
721,sign,49221.022971155,1.6080011846497655,3.4089971450157464,1.172003976535052,0.8150018402375281,7.004004146438092,0,0
722,sign,49221.067996233,1.6719932318665087,27.207002858631313,2.1509986254386604,1.6519989003427327,32.681993616279215,0,0
723,sign,49221.113240571,1.9409999367780983,4.5769993448629975,1.2649979908019304,1.3399985618889332,9.12299583433196,0,0
724,sign,49221.158215148,2.42499663727358,7.827999070286751,2.143999154213816,3.1620002118870616,15.558995073661208,0,0
725,sign,49221.202890691,1.6250050975941122,3.5949997254647315,1.0419971658848226,0.9880022844299674,7.250004273373634,0,0
726,sign,49221.247865697,1.7070051399059594,3.1329982448369265,1.1359952623024583,0.6750051397830248,6.651003786828369,0,0
727,sign,49221.293164663,4.356996214482933,10.315998224541545,2.6220004656352103,2.3360043996945024,19.63099930435419,0,0
728,sign,49221.337990296,1.7569982446730137,3.5000048228539526,1.3129974831826985,1.243999577127397,7.814000127837062,0,0
729,sign,49221.382927334,1.7659986042417586,5.53800055058673,1.6600024537183344,1.6599951777607203,10.623996786307544,0,0
730,sign,49221.428384731,2.8130016289651394,7.673996151424944,2.134001988451928,2.2980020730756223,14.919001841917634,0,0
731,sign,49221.472898046,1.291002263315022,3.4580007195472717,1.0859948815777898,1.0660005500540137,6.900998414494097,0,0
732,sign,49221.517885086,1.4279939932748675,3.4480035537853837,1.1219963198527694,0.7350026862695813,6.732996553182602,0,0
733,sign,49221.563420838,3.8750004023313522,8.208000508602709,7.623995770700276,5.577006959356368,25.284003640990704,0,0
734,sign,49221.607881929,1.3570024748332798,3.4519980545155704,0.9970026439987123,0.619002094026655,6.4250052673742175,0,0
735,sign,49221.652866061,1.3930039131082594,3.4609984140843153,1.1800002539530396,1.2730015441775322,7.307004125323147,0,0
736,sign,49221.698799033,5.780995707027614,14.271005056798458,4.706998879555613,3.339999238960445,28.09899888234213,0,0
737,sign,49221.743132136,2.701999619603157,7.2309994720853865,2.802000381052494,2.1710002329200506,14.905999705661088,0,0
738,sign,49221.78786694,1.3760000001639128,3.8279977161437273,1.4780016499571502,0.776999513618648,7.458998879883438,0,0
739,sign,49221.832837205,1.376996806357056,3.4129989217035472,0.9750001481734216,0.5980036803521216,6.362999556586146,0,0
740,sign,49221.877971155,2.3550019250251353,6.110996764618903,2.387001586612314,1.5119949239306152,12.364995200186968,0,0
741,sign,49221.922843452,1.5879995771683753,2.8990034479647875,1.082000380847603,0.8089991752058268,6.378002581186593,0,0
742,sign,49221.967937477,2.4559994926676154,6.299000233411789,2.34400067711249,1.6949998098425567,12.794000213034451,0,0
743,sign,49222.012896492,1.667998731136322,3.740002284757793,1.5350015019066632,0.9180002962239087,7.861002814024687,0,0
744,sign,49222.057861273,1.1169977369718254,3.369998012203723,0.967003870755434,0.7790004019625485,6.233000021893531,0,0
745,sign,49222.103126171,2.902997948694974,9.294002666138113,2.877000952139497,2.2089952835813165,17.2829968505539,0,0
746,sign,49222.147849395,1.96700420929119,3.907000063918531,1.0570001904852688,0.9239956852979958,7.8550001489929855,0,0
747,sign,49222.193154628,2.734996087383479,7.677997928112745,2.6330017135478556,2.4559994926676154,15.501995221711695,0,0
748,sign,49222.238151392,3.0270020943135023,7.656002708245069,2.7909991331398487,2.373999450355768,15.848003386054188,0,0
749,sign,49222.28289099,1.600004907231778,3.973000275436789,1.286993210669607,1.6550038708373904,8.515002264175564,0,0
750,sign,49222.327936878,1.491003786213696,2.8369977371767163,1.476997567806393,0.7410053513012826,6.546004442498088,0,0
751,sign,49222.372879461,1.348998921457678,3.435998223721981,1.077001797966659,1.1060037650167942,6.968002708163112,0,0
752,sign,49222.417857264,1.248001353815198,3.4089971450157464,1.4739998732693493,0.7159978849813342,6.846996257081628,0,0
753,sign,49222.463029557,1.77200126927346,3.416993422433734,1.3160024536773562,0.8540009730495512,7.358998118434101,0,0
754,sign,49222.508165029,4.492001608014107,11.407995771151036,3.574998117983341,3.0000010156072676,22.47499651275575,0,0
755,sign,49222.553495243,3.358996764291078,10.196003131568432,4.269997589290142,2.820001100189984,20.644998585339636,0,0
756,sign,49222.598065591,3.1099989428184927,8.6719956016168,3.7030040402896702,2.811997546814382,18.296996131539345,0,0
757,sign,49222.643123052,2.715998562052846,7.736001862213016,2.8859940357506275,2.1029991330578923,15.440993593074381,0,0
758,sign,49222.687979604,2.2219974198378623,5.284004146233201,2.296997990924865,1.5260011423379183,11.329000699333847,0,0
759,sign,49222.733153731,2.902001142501831,8.228998922277242,2.948996552731842,2.2270032786764205,16.306999896187335,0,0
760,sign,49222.778086257,2.7510031941346824,7.784998160786927,2.6900015654973686,2.11099541047588,15.336998330894858,0,0
761,sign,49222.823129766,3.221000952180475,7.3509945650585,2.735003363341093,2.4479959392920136,15.754994819872081,0,0
762,sign,49222.868158351,3.2380048651248217,8.064998837653548,2.8009962989017367,2.2320018615573645,16.33600186323747,0,0
763,sign,49222.913084506,1.9490034901537001,5.853995389770716,1.9940052879974246,1.7979982658289373,11.595002433750778,0,0
764,sign,49222.957865716,1.358996087219566,3.606000973377377,1.386004441883415,0.6659975042566657,7.016999006737024,0,0
765,sign,49223.003161984,2.606997441034764,7.055998139549047,2.9319999157451093,2.120999852195382,14.715995348524302,0,0
766,sign,49223.048257976,3.1340023269876838,7.809998351149261,2.7810019673779607,2.611996023915708,16.336998669430614,0,0
767,sign,49223.092924519,1.6310004866681993,9.663002856541425,1.467997208237648,1.1279989848844707,13.889999536331743,0,0
768,sign,49223.138049365,2.997003321070224,7.424998329952359,2.610999217722565,2.4510009097866714,15.48400177853182,0,0
769,sign,49223.183111618,3.092005499638617,8.180999429896474,3.187997208442539,2.0790030248463154,16.540005162823945,0,0
770,sign,49223.227977815,2.06800177693367,6.082998879719526,2.111999492626637,1.8520004232414067,12.11500057252124,0,0
771,sign,49223.273135028,2.8470021788962185,7.022994395811111,2.5609988369978964,2.4500041035935283,14.880999515298754,0,0
772,sign,49223.318030563,3.2850002753548324,11.065996659453958,4.066001565661281,2.941000275313854,21.357998775783926,0,0
773,sign,49223.362881637,1.2540040188468993,2.663000486791134,1.119995431508869,0.7420021574944258,5.779002094641328,0,0
774,sign,49223.407864074,1.2580057955347002,3.0509982025250793,0.8989954949356616,0.714004272595048,5.922003765590489,0,0
775,sign,49223.45305677,2.840002707671374,7.470996933989227,2.7710048016160727,1.9709987100213766,15.05300315329805,0,0
776,sign,49223.497991962,2.5219997041858733,20.07199509534985,2.9650036594830453,1.9090002751909196,27.467998734209687,0,0
777,sign,49223.543080872,2.8180002118460834,7.007998647168279,2.549000782892108,1.7500060494057834,14.125005691312253,0,0
778,sign,49223.587992608,2.8229987947270274,20.596002286765724,4.522997187450528,2.2710009943693876,30.212999263312668,0,0
779,sign,49223.633079305,2.663000486791134,8.082999556791037,2.9220027499832213,2.1379964891821146,15.805999282747507,0,0
780,sign,49223.677991131,2.6650013751350343,30.30800144188106,3.3769974834285676,1.8409991753287613,38.190999475773424,0,0
781,sign,49223.722868928,1.4420002116821706,2.9279981390573084,1.3460012269206345,0.6880000000819564,6.40399957774207,0,0
782,sign,49223.767897724,1.5650002751499414,5.075002263765782,1.8649952835403383,1.11900590127334,9.624003723729402,0,0
783,sign,49223.812855887,1.3519966159947217,3.2270036172121763,1.1599986464716494,1.2169984984211624,6.95599737809971,0,0
784,sign,49223.857901569,1.601001713424921,3.0709998100064695,1.305001205764711,0.6469999789260328,6.624002708122134,0,0
785,sign,49223.903196028,2.553002559579909,8.012997568584979,3.0380033422261477,2.1189989638514817,15.723002434242517,0,0
786,sign,49223.948133172,3.164001100230962,8.499999239575118,3.2370007829740644,2.5949993869289756,17.49600050970912,0,0
787,sign,49223.993174427,3.1899980967864394,7.749003998469561,2.9329967219382524,2.06800177693367,15.940000594127923,0,0
788,sign,49224.038039752,2.669003151822835,9.486997441854328,3.7510035326704383,2.2959939087741077,18.20299803512171,0,0
789,sign,49224.0831345,3.036002453882247,7.595997885800898,2.653003321029246,2.472996129654348,15.757999790366739,0,0
790,sign,49224.12788987,1.510001311544329,3.9279984775930643,1.5370023902505636,1.0139992809854448,7.989001460373402,0,0
791,sign,49224.173196047,3.11100302496925,7.736998668406159,2.701999619603157,2.2759995772503316,15.826000890228897,0,0
792,sign,49224.2178831,1.6929989214986563,3.4620024962350726,1.0680014383979142,0.8849965524859726,7.107999408617616,0,0
793,sign,49224.262878024,2.0619991119019687,4.023000656161457,1.1220035958103836,0.8360002539120615,8.043003617785871,0,0
794,sign,49224.307950998,2.0660008885897696,5.24200004292652,1.4389952411875129,0.9409995982423425,9.687995770946145,0,0
795,sign,49224.352874283,1.7839993233792484,4.504996468313038,1.1369993444532156,0.8930001058615744,8.318995242007077,0,0
796,sign,49224.398117706,7.987000572029501,5.355999746825546,2.2120002540759742,1.2950040400028229,16.850004612933844,0,0
797,sign,49224.442910525,1.6949998098425567,3.987996024079621,1.591004547663033,0.9819996193982661,8.256000000983477,0,0
798,sign,49224.487948277,1.4230026863515377,3.6909987102262676,1.038999471347779,1.1320007615722716,7.285001629497856,0,0
799,sign,49224.533170154,5.998001142870635,15.88099985383451,1.2689997674897313,1.881999196484685,25.02999996067956,0,0
800,sign,49224.577880562,1.2370001059025526,3.344001015648246,1.1270021786913276,1.2989985407330096,7.007001840975136,0,0
801,sign,49224.622877329,1.3300013961270452,3.7990030250512064,1.0079966159537435,1.1550000635907054,7.2920011007227,0,0
802,sign,49224.668141977,4.514993634074926,7.059999916236848,1.8730061128735542,1.5029945643618703,14.950994227547199,0,0
803,sign,49224.713199442,3.248998837079853,7.722002919763327,3.11100302496925,2.710999979171902,16.79300476098433,0,0
804,sign,49224.757929719,1.5619953046552837,4.286004696041346,1.5699988580308855,0.738997186999768,8.156996045727283,0,0
805,sign,49224.80307557,2.3139946279115975,3.650005965027958,0.9549985406920314,1.453001459594816,8.372000593226403,0,0
806,sign,49224.848183167,3.159002517350018,7.68699828768149,1.8040009308606386,2.0459992811083794,14.696001017000526,0,0
807,sign,49224.892871056,1.2460004654712975,3.5679986467584968,1.1550000635907054,0.8780043572187424,6.847003533039242,0,0
808,sign,49224.938208129,3.13599593937397,6.18600461166352,2.553999365773052,2.0189982024021447,13.894998119212687,0,0
809,sign,49224.982887977,1.9660001271404326,5.979003617540002,1.0809962986968458,1.444001100026071,10.470001143403351,0,0
810,sign,49225.02791453,1.8189966795034707,4.102999810129404,1.252999936696142,1.252999936696142,8.427996363025159,0,0
811,sign,49225.072881836,1.3669996405951679,3.697998181451112,1.372005499433726,0.7849957910366356,7.221999112516642,0,0
812,sign,49225.11796426,1.9130020518787205,5.532005161512643,1.9899962353520095,1.8990031094290316,11.334006558172405,0,0
813,sign,49225.163161354,3.273002221249044,9.434996172785759,3.6389974411576986,2.4840046535246074,18.83100048871711,0,0
814,sign,49225.208032776,1.8749997252598405,5.3960029617883265,1.4890028978697956,1.176995283458382,9.937000868376344,0,0
815,sign,49225.25308091,3.088003722950816,7.372000254690647,2.8329959604889154,2.0229999790899456,15.315999917220324,0,0
816,sign,49225.298132431,3.0989976949058473,7.454000297002494,2.6790003175847232,2.296997990924865,15.52899630041793,0,0
817,sign,49225.343103437,2.576998667791486,6.962000043131411,2.8180002118460834,1.8600039766170084,14.217002899385989,0,0
818,sign,49225.388049881,2.906999725382775,7.276998076122254,2.7959977160207927,2.1470041247084737,15.126999642234296,0,0
819,sign,49225.433204706,2.7799978852272034,8.009003067854792,2.9229995561763644,2.5709960027597845,16.282996512018144,0,0
820,sign,49225.477978964,2.3949978640303016,5.811001756228507,2.6229972718283534,1.9639992387965322,12.792996130883694,0,0
821,sign,49225.523082511,2.6560010155662894,6.900998414494097,2.520006091799587,2.201995812356472,14.279001334216446,0,0
822,sign,49225.568243775,3.3999967854470015,9.196002793032676,2.925997250713408,2.12400482269004,17.646001651883125,0,0
823,sign,49225.613055812,2.749002305790782,7.07499566487968,2.5670015020295978,2.002001565415412,14.393001038115472,0,0
824,sign,49225.657881299,1.96700420929119,4.879999323748052,1.1559968697838485,3.1520030461251736,11.155003448948264,0,0
825,sign,49225.702978366,1.9950020941905677,6.955000571906567,2.664004568941891,2.42499663727358,14.039003872312605,0,0
826,sign,49225.748129247,3.078006557188928,7.572998583782464,2.8849972295574844,1.8909995560534298,15.427001926582307,0,0
827,sign,49225.792841244,2.125001628883183,3.021996235474944,1.0490039130672812,0.9129944373853505,7.108996214810759,0,0
828,sign,49225.838126945,2.6660054572857916,7.185000868048519,2.9999937396496534,2.097003743983805,14.94800380896777,0,0
