frame,tracker,timestamp,predict_us,associate_us,update_us,create_delete_us,total_us,num_tracks,num_detections
1,object,32544.032553153,0.586001988267526,3.296998329460621,1.0660005500540137,52.55799987935461,57.50700074713677,1,1
2,object,32544.055791505,33.93099905224517,156.13299910910428,72.78300108737312,5.228001100476831,268.0750003491994,1,1
3,object,32544.080289362,36.700999771710485,116.636001621373,30.0069987133611,3.225002728868276,186.56900283531286,1,1
4,object,32544.104223499,32.62999962316826,106.27699884935282,27.18099858611822,2.7460009732749313,168.83399803191423,1,1
5,object,32544.127592425,45.75500133796595,177.21499898470938,48.47499803872779,4.055000317748636,275.49999867915176,1,1
6,object,32544.151403811,49.580001359572634,135.79599908553064,33.96900137886405,3.6089986679144204,222.95400049188174,1,1
7,object,32544.176765653,44.444001105148345,156.98100105510093,51.77200000616722,18.245998944621533,271.44300111103803,1,1
8,object,32544.200496738,30.98099841736257,146.5029999963008,53.641000704374164,6.252997991396114,237.37799710943364,1,1
9,object,32544.224876303,41.6369985032361,169.46899995673448,42.21500057610683,3.8630023482255638,257.184001384303,1,1
10,object,32544.24940438,37.52900011022575,145.76000103261322,46.73799776355736,3.8489997677970678,233.8759986741934,1,1
11,object,32544.27344637,44.60900163394399,155.06099953199737,47.79699884238653,3.92199945054017,251.38899945886806,1,1
12,object,32544.300235022,46.53100040741265,168.59699826454744,48.817000788403675,4.7909998102113605,268.7359992705751,1,1
13,object,32544.325073527,86.41999738756567,179.6200012904592,421.28800123464316,4.741999873658642,692.0699997863267,1,1
14,object,32544.350375505,38.2289981644135,117.74500308092684,31.76099926349707,2.5339977582916617,190.26899826712906,1,1
15,object,32544.375102984,39.234000723809004,118.66199929499999,28.91900294343941,2.6139969122596085,189.428999874508,1,1
16,object,32544.39846371,30.28599894605577,105.39000140852295,30.75299900956452,2.4709988792892545,168.8999982434325,1,1
17,object,32544.423176651,47.94000051333569,158.85700122453272,45.13300154940225,4.385998181533068,256.31600146880373,1,1
18,object,32544.448660793,41.48199877818115,122.73500033188611,49.66100095771253,6.391997885657474,220.26999795343727,1,1
19,object,32544.475762942,66.66600165772252,220.28600142220967,62.25999823072925,6.26600012765266,355.4780014383141,1,1
20,object,32544.501173909,33.7290002789814,112.14600090170279,30.73099651373923,3.0040027922950685,179.6100004867185,1,1
21,object,32544.524269955,33.02500044810586,106.65900117601268,29.582999559352174,2.835000486811623,172.10200167028233,1,1
22,object,32544.549729071,42.288000258849934,145.20599870593287,29.949998861411586,3.269000444561243,220.71299827075563,1,1
23,object,32544.57733908,30.749000870855525,112.11500168428756,32.80599776189774,2.7000023692380637,178.3700026862789,1,1
24,object,32544.603404816,37.030000385129824,117.00200047926046,31.925999792292714,3.3129981602542102,189.2709988169372,1,1
25,object,32544.628012857,39.27400030079298,114.55500134616159,31.087998650036752,2.6039997464977205,187.52100004348904,1,1
26,object,32544.652140924,32.12799856555648,106.47399903973565,29.78500197059475,2.2649983293376863,170.65199790522456,1,1
27,object,32544.675788671,36.85000046971254,126.43399895750917,35.713001125259325,2.8989998099859804,201.89600036246702,1,1
28,object,32544.700442075,49.15499812341295,156.75900067435578,47.76499918079935,4.348999937064946,258.027997915633,1,1
29,object,32544.726751579,36.7539978469722,149.28200107533485,1482.4270001554396,4.566001734929159,1673.0290008126758,1,1
30,object,32544.751741977,37.35800055437721,126.97899728664197,33.13900015200488,2.845001290552318,200.32099928357638,1,1
31,object,32544.775744716,40.39999839733355,118.91600297531113,32.84899867139757,2.868000592570752,195.033000636613,1,1
32,object,32544.798886252,31.632000172976404,162.87000107695349,29.216000257292762,2.8419999580364674,226.56000146525912,1,1
33,object,32544.824889648,36.58700006781146,127.25000124191865,31.53599755023606,3.221000952180475,198.59399981214665,1,1
34,object,32544.851051684,42.83599992049858,172.95500219915994,52.60499892756343,4.458997864276171,272.8549989114981,1,1
35,object,32544.877595299,31.879000744083896,110.25300045730546,31.786999898031354,2.6989982870873064,176.61799938650802,1,1
36,object,32544.902128603,33.1839983118698,109.83600077452138,30.138002330204472,2.9849979910068214,176.14299940760247,1,1
37,object,32544.925639358,30.154998967191204,105.25100151426159,27.826998120872304,2.505999873392284,165.73899847571738,1,1
38,object,32544.948934933,39.99299951829016,143.74000238603912,33.368000003974885,3.124998329440132,220.2260002377443,1,1
39,object,32544.97593408,46.70099951908924,182.3719976528082,49.37900303048082,4.608999006450176,283.06099920882843,1,1
40,object,32544.999191274,32.15800097677857,109.2610000341665,28.380996809573844,2.330001734662801,172.1299995551817,1,1
41,object,32545.023469722,36.559998989105225,118.37800047942437,29.768998501822352,3.044002369279042,187.751000339631,1,1
42,object,32545.047847504,34.267999581061304,116.93299893522635,48.34700303035788,2.977998519781977,202.5260000664275,1,1
43,object,32545.071077904,45.193002733867615,149.92399883340113,77.2320017858874,6.6069987951777875,278.95600214833394,1,1
44,object,32545.097202839,36.741002986673266,114.35099804657511,28.594000468729064,2.8670001483988017,182.55300165037625,1,1
45,object,32545.120600177,33.70699778315611,111.83000242454,28.4630004898645,2.529999619582668,176.53000031714328,1,1
46,object,32545.14518625,40.60200080857612,136.0870010103099,40.429997170576826,3.1840027077123523,220.3030016971752,1,1
47,object,32545.170441639,33.51499981363304,108.99300104938447,28.25499905156903,2.5430017558392137,173.30600167042576,1,1
48,object,32545.193705801,29.301998438313603,114.83600246720016,30.568997317459434,2.8710019250866026,177.5780001480598,1,1
49,object,32545.218938299,47.044999519130215,261.2850003060885,82.33900007326156,6.990001566009596,397.65900146448985,1,1
50,object,32545.245809145,35.92999928514473,111.80200090166181,31.798001145944,2.673998096724972,182.20399942947552,1,1
51,object,32545.269375484,31.774001399753615,109.60099825751968,28.140999347670004,3.0240007617976516,172.53999976674095,1,1
52,object,32545.411807834,40.345999877899885,129.4840003538411,41.352999687660486,3.3149990485981107,214.4979989679996,1,1
53,object,32545.437051166,29.905997507739812,108.23200136655942,29.794999136356637,2.4289984139613807,170.36199642461725,1,1
54,object,32545.460222868,34.648997825570405,112.36000136705115,32.55100091337226,2.820997906383127,182.38099801237695,1,1
55,object,32545.48593908,48.02599869435653,167.7090003795456,44.144999264972284,4.09600033890456,263.975998677779,1,1
56,object,32545.511942485,44.44699879968539,172.64000052819028,50.205999286845326,3.7959980545565486,271.08899666927755,1,1
57,object,32545.535563954,43.34100231062621,132.03599883127026,32.0229992212262,3.163000656059012,210.56300101918168,1,1
58,object,32545.560098457,34.564000088721514,117.57099855458364,29.302998882485554,2.945002052001655,184.38299957779236,1,1
59,object,32545.584161162,29.951999749755487,107.99799929372966,29.877999622840434,2.772998414002359,170.60099708032794,1,1
60,object,32545.608626909,46.871999074937776,162.82900105579756,47.90599996340461,4.33699824498035,261.9439983391203,1,1
61,object,32545.634251811,43.387000914663076,154.57100016647018,45.81800021696836,4.071000148542225,247.84700144664384,1,1
62,object,32545.658376255,40.89600042789243,142.12599853635766,53.5830004082527,6.300000677583739,242.90500005008653,1,1
63,object,32545.682863549,36.80300142150372,151.26200014492497,35.295000998303294,3.736000508069992,227.09600307280198,1,1
64,object,32545.707349215,34.12799924262799,115.9329985966906,32.017000194173306,3.0379997042473406,185.11599773773924,1,1
65,object,32545.730771149,30.973002139944583,106.3799973053392,29.777002055197954,3.0570008675567806,170.18700236803852,1,1
66,object,32545.755718998,47.199999244185165,160.8929997019004,44.410000555217266,4.248002369422466,256.7510018707253,1,1
67,object,32545.781195697,43.05300171836279,151.69099788181484,44.618001993512735,3.791999915847555,243.15400150953792,1,1
68,object,32545.80475785,53.53999949875288,167.9540000623092,47.54700057674199,4.012999852420762,273.05399999022484,1,1
69,object,32545.82972236,31.077001040102914,132.56500096758828,42.409999878145754,3.345998266013339,209.39800015185028,1,1
70,object,32545.853908373,37.34799975063652,130.7220009039156,40.37300095660612,3.102999471593648,211.5460010827519,1,1
71,object,32545.878419789,54.868996812729165,171.99099966092035,50.20900061936118,4.122000973438844,281.19099806644954,1,1
72,object,32545.904009493,43.88300294522196,148.26299957348965,43.80599784781225,4.1570019675418735,240.10900233406574,1,1
73,object,32545.928055313,37.48199742403813,139.78300194139592,44.05999789014459,3.203000233042985,224.52799748862162,1,1
74,object,32546.285868473,39.03499964508228,156.20999693055637,37.121000787010416,3.1750023481436074,235.54099971079268,1,1
75,object,32546.313097984,38.006000977475196,122.69600119907409,37.24499765667133,2.9660004656761885,200.9130002988968,1,1
76,object,32546.337953734,37.90499977185391,140.10999802849256,35.416000173427165,3.626002580858767,217.0570005546324,1,1
77,object,32546.362015074,27.031001081923023,105.47700003371574,29.10599869210273,2.406999556114897,164.0209993638564,1,1
78,object,32546.386573089,52.13899930822663,184.44000306772068,52.44699786999263,5.3200019465293735,294.3460021924693,1,1
79,object,32546.410048804,38.52100053336471,108.7890013877768,28.53700061677955,2.507000317564234,178.3540028554853,1,1
80,object,32546.434901859,45.032000343780965,185.28899818193167,60.83500193199143,4.262998118065298,295.41899857576936,1,1
81,object,32546.458945396,35.74999936972745,130.0450021517463,34.475997381377965,3.3240030461456627,203.59500194899738,1,1
82,object,32546.484006543,36.142999306321144,115.41400090209208,28.67500006686896,2.5459994503762573,182.77799972565845,1,1
83,object,32546.508167055,33.29800165374763,107.65299884951673,31.116000172914937,2.3979991965461522,174.46499987272546,1,1
84,object,32546.531423197,32.885000109672546,106.9309982995037,27.37600152613595,2.5890003598760813,169.78100029518828,1,1
85,object,32546.555580402,36.112000088905916,114.57399887149222,31.33300197077915,3.1509989639744163,185.1699998951517,1,1
86,object,32546.579824296,41.22300015296787,112.71399853285402,36.07200051192194,3.1960007618181407,193.20499995956197,1,1
87,object,32546.95180659,38.019999919924885,190.94600065727718,38.013997254893184,3.7770005292259157,270.75699836132117,1,1
88,object,32546.976487544,46.91399954026565,192.252999113407,79.3229992268607,5.321999196894467,323.8119970774278,1,1
89,object,32547.001800738,48.01400064025074,160.372001118958,50.03199839848094,7.17200236977078,265.59000252746046,1,1
90,object,32547.026706942,41.372000850969926,152.91299860109575,48.226000217255205,4.044999514007941,246.55599918332882,1,1
91,object,32547.050377254,39.9410018872004,140.99399777478538,43.38800135883503,3.62599894287996,227.94899996370077,1,1
92,object,32547.077635013,52.20299863140099,156.75400209147483,42.62299989932217,3.7329991755541414,255.31299979775213,1,1
93,object,32547.101267455,44.0459989476949,184.65800167177804,274.2449978541117,4.751000233227387,507.69999870681204,1,1
94,object,32547.126133397,34.73200195003301,114.56599895609543,28.731999918818474,3.0410010367631912,181.0710018617101,1,1
95,object,32547.150448277,39.31399987777695,125.17299910541624,34.80300074443221,3.068998921662569,202.35899864928797,1,1
96,object,32547.174135242,30.666000384371728,103.42300083721057,26.974998036166653,2.6050001906696707,163.66899944841862,1,1
97,object,32547.197625737,36.04700032155961,115.29199764481746,35.98700277507305,3.1529998523183167,190.47900059376843,1,1
98,object,32547.222827935,36.2150021828711,115.82300066947937,39.733997255098075,2.868000592570752,194.6400007000193,1,1
99,object,32547.248438451,41.336999856866896,157.5540009071119,50.4080016980879,4.62999742012471,253.92899988219142,1,1
100,object,32547.273923913,42.56400279700756,153.93599824164994,35.450000723358244,3.3090000215452164,235.25900178356096,1,1
101,object,32547.299044011,34.026998037006706,112.23299952689558,32.44700201321393,2.562999725341797,181.26999930245802,1,1
102,object,32547.322636384,29.768998501822352,103.49900185246952,28.324000595603138,2.4519977159798145,164.04399866587482,1,1
103,object,32547.347391155,47.898000048007816,166.42899936414324,48.02300099981949,4.515000910032541,266.8650013220031,1,1
104,object,32547.372760129,38.99799776263535,125.45100253191777,31.243998819263652,3.392000508029014,199.08499962184578,1,1
105,object,32547.396392752,36.48499841801822,116.06200132519007,31.333998776972294,2.687000232981518,186.5679987531621,1,1
106,object,32547.421609856,34.426000638632104,119.63300130446441,34.216998756164685,2.7759997465182096,191.0520004457794,1,1
107,object,32547.446555501,33.58699905220419,114.13200263632461,32.774998544482514,2.6369998522568494,183.13100008526817,1,1
108,object,32547.470129034,40.95699841855094,125.0790010089986,32.38199860788882,3.1759991543367505,201.5939971897751,1,1
109,object,32547.494471944,48.363999667344615,159.33800023049116,46.46200250135735,4.744997568195686,258.9089999673888,1,1
110,object,32547.51912771,42.585001210682094,149.43000132916495,42.59200068190694,3.5479970392771065,238.1550002610311,1,1
111,object,32547.543228325,44.836997403763235,124.03700020513497,32.067000574897975,3.6560013541020453,204.59699953789823,1,1
112,object,32547.567575714,35.17499862937257,118.16299956990406,32.30400034226477,2.7329988370183855,188.37499737855978,1,1
113,object,32547.590873301,34.234999475302175,117.54500155802816,30.82399780396372,2.7230016712564975,185.32700050855055,1,1
114,object,32547.616297352,36.64500036393292,122.63199823792093,30.18700226675719,3.4709992178250104,192.93500008643605,1,1
115,object,32547.644032803,40.38499901071191,111.07500176876783,29.986000299686566,3.0329974833875895,184.4789985625539,1,1
116,object,32547.670517307,34.682998375501484,115.1710021076724,29.189999622758478,2.6189991331193596,181.66299923905171,1,1
117,object,32547.694926688,34.05499955988489,151.43000200623646,30.584997148253024,3.0150004022289068,219.08499911660329,1,1
118,object,32547.717994037,36.974997783545405,108.60900147235952,29.786999220959842,2.4850014597177505,177.85599993658252,1,1
119,object,32547.741716829,33.209998946404085,130.86000035400502,29.579998226836324,2.674001734703779,196.3239992619492,1,1
120,object,32547.76834699,36.454999644774944,119.24299906240776,31.719002436148003,2.6239977160003036,190.040998859331,1,1
121,object,32547.794637337,35.49000030034222,115.29499897733331,33.60300252097659,2.9009970603510737,187.2889988590032,1,1
122,object,32547.818695184,30.70700040552765,124.65699910535477,31.756000680616125,3.5849989217240363,190.70499911322258,1,1
123,object,32547.843200918,32.89099913672544,119.98000263702124,33.0279981426429,3.403001755941659,189.30200167233124,1,1
124,object,32547.866857875,49.69599831383675,181.04900300386362,56.313998356927186,5.10400059283711,292.16300026746467,1,1
125,object,32547.891952917,32.066000130726025,134.7499965049792,28.788002964574844,2.8100002964492887,198.41399989672936,1,1
126,object,32547.917869539,49.13999873679131,157.58300287416205,44.38099858816713,4.017998435301706,255.1219986344222,1,1
127,object,32547.94332397,50.113998440792784,154.76699991268106,45.87600051308982,4.637000529328361,255.39399939589202,1,1
128,object,32547.968101607,31.457999284612015,112.64300337643363,30.691997380927205,2.811000740621239,177.60400078259408,1,1
129,object,32547.991444959,37.588000850519165,127.61299876729026,28.18800203385763,2.777996996883303,196.16699864855036,1,1
130,object,32548.016316108,37.39999738172628,280.3169991238974,127.54100316669792,3.207998815923929,448.46599848824553,1,1
131,object,32548.04164905,27.259000489721075,108.23900083778426,31.15800063824281,2.982000296469778,169.63800226221792,1,1
132,object,32548.065930552,38.197002140805125,124.11900024744682,30.352999601745978,3.187000402249396,195.85600239224732,1,1
133,object,32548.090662352,33.61200288054533,112.9099982790649,28.438000299502164,2.6470006559975445,177.60700211510994,1,1
134,object,32548.115197737,35.32900154823437,113.48900079610758,33.229000109713525,3.0800001695752144,185.1270026236307,1,1
135,object,32548.138554981,33.77900065970607,108.0859983630944,29.198999982327223,2.5289991754107177,173.59299818053842,1,1
136,object,32548.16270613,40.61000072397292,147.90000204811804,44.93199958233163,3.696997737279162,237.13900009170175,1,1
137,object,32548.187799593,46.79499761550687,162.07500084419735,48.56899977312423,5.304002115735784,262.74300034856424,1,1
138,object,32548.211988862,35.80200063879602,141.9910004187841,41.226998291676864,3.4229997254442424,222.44299907470122,1,1
139,object,32548.236786973,35.068998840870336,138.7920019624289,45.19099820754491,3.4049990063067526,222.4569980171509,1,1
140,object,32548.260355873,34.01899812160991,133.17100092535838,40.081999031826854,3.150002157781273,210.42200023657642,1,1
141,object,32548.286307159,41.387000237591565,149.6379991294816,350.42200033785775,4.3379986891523,545.7849983940832,1,1
142,object,32548.311847924,39.70900070271455,164.9229998292867,45.18100104178302,4.026998794870451,253.84000036865473,1,1
143,object,32548.337823326,36.213998100720346,150.7400011178106,44.112999603385106,3.845001629088074,234.91200045100413,1,1
144,object,32548.363174569,32.343999919248745,128.4259997191839,40.35900201415643,2.7850001060869545,203.91400175867602,1,1
145,object,32548.386941968,35.68699685274623,158.56000027270056,41.00099977222271,2.941000275313854,238.18899717298336,1,1
146,object,32548.412944611,46.73400326282717,156.99399955337867,881.9439972285181,4.897003236692399,1090.5690032814164,1,1
147,object,32548.438751228,38.245998439379036,144.2220018361695,42.05000004731119,3.498000296531245,228.01600061939098,1,1
148,object,32548.463548757,46.21900006895885,164.47999951196834,45.24399992078543,4.1149978642351925,260.0579973659478,1,1
149,object,32548.489288152,36.878001992590725,141.08399773249403,42.30500053381547,3.6179990274831653,223.8849992863834,1,1
150,object,32548.513550308,35.25900319800712,137.23299707635306,42.30600097798742,3.21100014843978,218.00900140078738,1,1
151,object,32548.536982594,38.86000195052475,161.370997375343,41.944000258808956,3.406999894650653,245.58199947932735,1,1
152,object,32548.561705976,47.048000851646066,160.5259967618622,45.28700083028525,4.317000275477767,257.1779987192713,1,1
153,object,32548.58533043,37.11200042744167,153.03899999707937,43.18200080888346,3.725999704329297,237.0590009377338,1,1
154,object,32548.609695704,44.48199979378842,171.27500177593902,45.73700061882846,3.854998794849962,265.34900098340586,1,1
155,object,32548.63490662,37.571000575553626,137.30900172959082,40.652997995493934,3.540000761859119,219.0730010624975,1,1
156,object,32548.658329065,32.897998607950285,128.23900033254176,40.466999053023756,2.849999873433262,204.45399786694907,1,1
157,object,32548.682844902,47.26000042865053,166.87500101397745,48.57900057686493,4.727997293230146,267.44199931272306,1,1
158,object,32548.706264957,40.26899841846898,143.3890029147733,42.76699837646447,3.7130012060515583,230.1380009157583,1,1
159,object,32548.730445192,33.540000003995374,132.8630023635924,45.80399763653986,3.973000275436789,216.1800002795644,1,1
160,object,32548.754962079,30.416998924920335,127.39999874611385,39.804999687476084,3.1270028557628393,200.7490002142731,1,1
161,object,32548.778312849,29.343998903641477,123.81700071273372,40.765000449027866,3.0379997042473406,196.9639997696504,1,1
162,object,32548.801934138,38.611000491073355,161.17800259962678,40.97799683222547,3.2860007195267826,244.0530006424524,1,1
163,object,32548.827176057,47.1480016130954,156.40600031474605,44.283999159233645,4.204001015750691,252.0420021028258,1,1
164,object,32548.852094976,32.32600283809006,115.36799866007641,32.42800084990449,2.434000634821132,182.5560029828921,1,1
165,object,32548.87669338,43.733001803047955,164.57699894090183,45.05999822868034,4.279001586837694,257.6490005594678,1,1
166,object,32548.901622388,43.976000597467646,169.88300194498152,48.517998948227614,3.577999450499192,265.95500094117597,1,1
167,object,32548.925327111,41.10500231035985,150.123996718321,47.33400055556558,4.203000571578741,242.76600015582517,1,1
168,object,32548.951361355,48.4730007883627,161.0489998711273,312.3699971183669,4.127003194298595,526.0190009721555,1,1
169,object,32548.975706208,51.05899981572293,211.59600146347657,76.42900163773447,6.54299947200343,345.6270023889374,1,1
170,object,32549.001766192,38.60200013150461,190.23600179934874,71.43899711081758,8.136001270031556,308.4130003117025,1,1
171,object,32549.026451626,36.682999052572995,117.52100181183778,33.524000173201784,2.8030008252244443,190.531001862837,1,1
172,object,32549.049881983,30.94800194958225,112.84299762337469,46.406003093579784,2.7099995349999517,192.90700220153667,1,1
173,object,32549.073655426,35.589000617619604,121.37299927417189,32.759999157860875,3.6940000427421182,193.4159990923945,1,1
174,object,32549.098411545,48.40399924432859,182.11099813925102,46.79199992096983,4.540001100394875,281.8469984049443,1,1
175,object,32549.121807341,29.050002922303975,107.81599848996848,28.41400055331178,3.7469981180038303,169.02700008358806,1,1
176,object,32549.145719325,41.85999932815321,131.40800001565367,37.79899998335168,3.7290010368451476,214.7960003640037,1,1
177,object,32549.169689716,31.952000426827,105.25099787628278,27.959002181887627,2.516000677132979,167.67800116213039,1,1
178,object,32549.193120531,36.265999369788915,105.15300164115615,28.260998078621924,2.348002453800291,172.02800154336728,1,1
179,object,32549.218331952,39.388000004692,124.46599794202484,34.079999750247225,3.1939998734742403,201.1279975704383,1,1
180,object,32549.24414126,42.36500171828084,163.8629983062856,64.94100307463668,6.874997779959813,278.0440008791629,1,1
181,object,32549.26971054,40.19900006824173,136.03099796455353,34.2070015904028,3.21200059261173,213.6490002158098,1,1
182,object,32549.293892303,31.020997994346544,106.45400107023306,29.185001039877534,2.529999619582668,169.1899997240398,1,1
183,object,32549.3171266,30.260001949500293,103.47599891247228,29.189999622758478,2.7099995349999517,165.636000019731,1,1
184,object,32549.341244664,46.976001613074914,130.07099914830178,35.77700044843368,3.278000804129988,216.10200201394036,1,1
185,object,32549.36655813,45.19199865171686,154.7210013086442,43.952997657470405,4.482000804273412,248.34799842210487,1,1
186,object,32549.390554721,53.5809995199088,189.2929976747837,76.68100079172291,5.221001629251987,324.7759996156674,1,1
187,object,32549.414957929,41.15900082979351,174.90699974587187,71.33500184863806,5.63899811822921,293.04000054253265,1,1
188,object,32549.43948521,37.097997847013175,150.19800048321486,44.94500171858817,4.025998350698501,236.2669983995147,1,1
189,object,32549.464867998,104.94800153537653,232.89499949896708,55.54000017582439,5.8299992815591395,399.21300049172714,1,1
190,object,32549.490585948,45.169999793870375,156.26599997631274,47.326000640168786,4.183002602076158,252.94500301242806,1,1
191,object,32549.514669806,51.76699778530747,177.59100228431635,76.93599764024839,4.887002432951704,311.1810001428239,1,1
192,object,32549.539015288,50.693000957835466,182.32799993711524,68.68100172141567,4.92699837195687,306.62900098832324,1,1
193,object,32549.563590397,39.88100070273504,149.93600052548572,48.83599831373431,3.9959995774552226,242.6489991194103,1,1
194,object,32549.586980138,33.749998692655936,105.13500092201866,29.947001166874543,2.3850006982684135,171.21700147981755,1,1
195,object,32549.612816008,40.24599911645055,175.27299860375933,57.459001254756004,3.2429998100269586,276.22099878499284,1,1
196,object,32549.638943646,52.06599962548353,230.86199871613644,66.35300087509677,4.860998160438612,354.14199737715535,1,1
197,object,32549.665588722,43.85599822853692,153.11800234485418,64.10199785022996,4.871999408351257,265.9479978319723,1,1
198,object,32549.690067883,46.44400178221986,146.64400077890605,48.45799776376225,3.888999344781041,245.4349996696692,1,1
199,object,32549.713893334,39.893999201012775,169.6700019238051,48.777998017612845,3.9440019463654608,262.2860010887962,1,1
200,object,32549.738261399,57.352997828274965,177.92899961932562,48.65500159212388,4.899000487057492,288.83599952678196,1,1
201,object,32549.764427322,43.91200127429329,156.0989985591732,45.14900138019584,4.405999789014459,249.56600100267678,1,1
202,object,32549.788392724,44.305001210886985,179.7320001060143,76.36599912075326,4.892001015832648,305.2950014534872,1,1
203,object,32549.813056971,41.5559989050962,143.51199934026226,41.84600038570352,3.279001248301938,230.19299987936392,1,1
204,object,32549.838160324,40.61299841850996,146.9429989811033,47.28500061901286,3.911001840606332,238.75199985923246,1,1
205,object,32549.862262193,42.704999941634014,154.66699915123172,48.344998504035175,3.951001417590305,249.66799901449122,1,1
206,object,32549.88730792,43.33700053393841,165.69400031585246,44.76100002648309,3.583001671358943,257.3750025476329,1,1
207,object,32549.913280353,38.85999831254594,113.19899931550026,30.06300175911747,2.644999767653644,184.7669991548173,1,1
208,object,32549.941574737,44.01800106279552,143.99199790204875,34.64499968686141,3.278000804129988,225.93299945583567,1,1
209,object,32549.970413888,47.40599979413673,127.36699864035472,31.167000997811556,2.9510010790545493,208.89100051135756,1,1
210,object,32549.998270902,48.796999180922285,147.75599993299693,44.16999945533462,4.797002475243062,245.5200010444969,1,1
211,object,32550.030657764,76.90499842283316,249.89400117192417,94.78699939791113,6.104000931372866,427.68999992404133,1,1
212,object,32550.06448553,62.55900007090531,140.56799773243256,35.854001907864586,3.401997673790902,242.38299738499336,1,1
213,object,32550.09299063,53.273997764335945,121.9120022142306,31.732997740618885,3.2940006349235773,210.212998354109,1,1
214,object,32550.117474212,32.68000000389293,127.43600018438883,31.823001336306334,3.0340015655383468,194.97300309012644,1,1
215,object,32550.142905656,37.20799941220321,124.49499990907498,30.627998057752848,2.6130001060664654,194.9439974850975,1,1
216,object,32550.171751591,30.29000072274357,113.14999937894754,32.37300188629888,2.6329980755690485,178.44600006355904,1,1
217,object,32550.196556425,35.432000004220754,115.28200047905557,30.9470015054103,2.7989990485366434,184.46000103722326,1,1
218,object,32550.2213013,34.43500099820085,112.41099855396897,31.042000045999885,2.906999725382775,180.79499932355247,1,1
219,object,32550.244882212,32.97399962320924,127.21600069198757,35.58100070222281,3.1429990485776216,198.91400006599724,1,1
220,object,32550.268337601,33.89800258446485,110.59499956900254,30.899998819222674,2.987999323522672,178.38100029621273,1,1
221,object,32550.293073728,41.60800017416477,148.00899953115731,40.66600013175048,3.670000296551734,233.9530001336243,1,1
222,object,32550.317197999,43.26699854573235,169.70599972410128,70.22499994491227,7.0970017986837775,290.29500001342967,1,1
223,object,32550.341598826,42.61499998392537,148.7280023866333,45.03699892666191,5.942998541286215,242.3229998385068,1,1
224,object,32550.366160259,41.59500167588703,153.77399904537015,44.124997657490894,4.278001142665744,243.77199952141382,1,1
225,object,32550.389832038,38.923000829527155,149.00899986969307,48.081998102134094,4.182002157904208,240.19600095925853,1,1
226,object,32550.415203255,36.9099980161991,115.40800187503919,31.72899960190989,2.772998414002359,186.81999790715054,1,1
227,object,32550.441242648,55.633998272242025,160.05500219762325,41.6369985032361,3.9910009945742786,261.31699996767566,1,1
228,object,32550.466789083,39.095000829547644,124.86299965530634,33.78100154804997,2.996999683091417,200.73600171599537,1,1
229,object,32550.491886047,39.53600025852211,155.3450019855518,48.084999434649944,3.7050012906547636,246.6710029693786,1,1
230,object,32550.515615733,38.39200144284405,149.33900092728436,48.65099981543608,3.8709986256435513,240.25300081120804,1,1
231,object,32550.542147906,51.57200212124735,145.10699838865548,37.482001062016934,3.8990001485217363,238.0600017204415,1,1
232,object,32550.566988598,42.21299968776293,108.40300092240795,32.43100218242034,3.501998435240239,186.54900122783147,1,1
233,object,32550.591213969,34.14899765630253,111.3580001401715,28.19000292220153,2.531000063754618,176.22800078243017,1,1
234,object,32550.616230789,34.53499812167138,110.41000107070431,34.38299972913228,3.1700001272838563,182.49799904879183,1,1
235,object,32550.639379175,28.09799843817018,112.18700092285872,29.008999263169244,2.6800007617566735,171.9739993859548,1,1
236,object,32550.66277168,31.790001230547205,105.65199772827327,28.721002308884636,2.6319976313970983,168.7949988991022,1,1
237,object,32550.687602618,51.4960011059884,184.4709986471571,71.46200005081482,5.881000106455758,313.3099999104161,1,1
238,object,32550.713041442,41.6450020566117,146.55899940407835,47.06999970949255,3.94100061384961,239.2150017840322,1,1
239,object,32550.738453026,32.61399979237467,111.6680032282602,31.404997571371496,3.049000952159986,178.73600154416636,1,1
240,object,32550.762984533,59.13399945711717,134.29099999484606,31.952000426827,2.6659981813281775,228.0429980601184,1,1
241,object,32550.786600757,28.667000151472166,109.77899728459306,33.2000017806422,2.772998414002359,174.41899763070978,1,1
242,object,32550.812311166,52.008999773534015,158.87200061115436,44.4350007455796,4.1909988794941455,259.5070000097621,1,1
243,object,32550.836433134,44.647997128777206,177.4970005499199,62.496001191902906,4.286997864255682,288.9279967348557,1,1
244,object,32550.863973129,41.81500116828829,120.15299944323488,32.41699960199185,2.893000782933086,197.2780009964481,1,1
245,object,32550.889228886,32.96599970781244,110.14600022463128,28.488000680226833,2.4990004021674395,174.099001014838,1,1
246,object,32550.913580318,33.790001907618716,107.6989974535536,28.29000004567206,2.495999069651589,172.27499847649597,1,1
247,object,32550.939361523,48.17700028070249,165.27299885638058,276.35500009637326,7.439000910380855,497.2440001438372,1,1
248,object,32550.964910159,52.90400076773949,213.20799714885652,71.17700079106726,5.166999471839517,342.4559981795028,1,1
249,object,32550.990619528,38.13600051216781,137.97000065096654,34.57700222497806,3.039996954612434,213.72300034272484,1,1
250,object,32551.015496514,42.842999391723424,153.24300329666585,48.5439995827619,3.8539983506780118,248.48400062182918,1,1
251,object,32551.039353446,42.20799746690318,151.8280005257111,47.54000110551715,4.067998816026375,245.6439979141578,1,1
252,object,32551.063328052,43.21300002629869,153.7569987704046,45.80200038617477,4.082998202648014,246.85499738552608,1,1
253,object,32551.087125803,29.793001885991544,112.21200111322105,32.181997084990144,2.550001227064058,176.7370013112668,1,1
254,object,32551.111708883,38.27500040642917,116.50699889287353,30.537001293851063,2.941000275313854,188.2600008684676,1,1
255,object,32551.137217531,35.78500036383048,117.7100020868238,29.14200013037771,2.9769980756100267,185.61400065664202,1,1
256,object,32551.161916044,27.951002266490832,114.3019981100224,29.830000130459666,2.5610024749767035,174.6440029819496,1,1
257,object,32551.18525328,34.82999818515964,112.14300320716575,32.95599890407175,2.7460009732749313,182.67500126967207,1,1
258,object,32551.210775321,43.729000026360154,174.37700080336072,57.4609985051211,4.569999873638153,280.1369992084801,1,1
259,object,32551.23806786,40.69900023750961,159.57200230332091,67.1519992465619,5.844998668180779,273.2680004555732,1,1
260,object,32551.263418483,40.18100298708305,118.3439999294933,32.200998248299584,2.526001480873674,193.2520026457496,1,1
261,object,32551.287793668,33.953998354263604,106.64599903975613,30.797000363236293,2.8889990062452853,174.28599676350132,1,1
262,object,32551.31126361,36.25899989856407,112.73400014033541,28.32499740179628,3.001001459779218,180.31899890047498,1,1
263,object,32551.343815437,55.475997214671224,228.41700047138147,2112.762002070667,10.911997378570959,2407.566997135291,1,1
264,object,32551.379480922,49.356000090483576,161.46099733305164,46.144999942043796,4.679000994656235,261.64099836023524,1,1
265,object,32551.417759582,45.24999894783832,170.9160023892764,56.78599700331688,4.37600101577118,277.3279993562028,1,1
266,object,32551.445700347,36.437999369809404,119.62699863943271,32.03800224582665,2.983997546834871,191.08699780190364,1,1
267,object,32551.473020509,42.515999666647986,129.83499982510693,34.07099939067848,3.5089979064650834,209.93099678889848,1,1
268,object,32551.503447477,37.52100019482896,117.20000111381523,34.10899807931855,3.0800001695752144,191.90999955753796,1,1
269,object,32551.533061987,50.85399970994331,149.52700075809844,40.66600013175048,3.697998181451112,244.74499878124334,1,1
270,object,32551.562806316,45.80699896905571,176.35100084589794,54.68399831443094,4.314002580940723,281.1560007103253,1,1
271,object,32551.591470422,58.432000514585525,135.35099787986837,32.26099943276495,3.746001311810687,229.78999913902953,1,1
272,object,32551.620216342,37.14100239449181,116.06199768721126,32.39299985580146,2.6600027922540903,188.25600272975862,1,1
273,object,32551.647567527,34.85799970803782,117.2400006907992,31.46299786749296,3.4000004234258085,186.9609986897558,1,1
274,object,32551.675828989,33.33400309202261,131.15799811203033,37.79899998335168,2.6650013751350343,204.95600256253965,1,1
275,object,32551.704072605,30.14699905179441,108.61800183192827,28.555998142110184,2.507000317564234,169.8279993433971,1,1
276,object,32551.732432235,49.059999582823366,156.92899978603236,45.40900044958107,4.09800122724846,255.49600104568526,1,1
277,object,32551.759566993,38.62199810100719,124.8480002686847,31.78000042680651,3.062999894609675,198.31299869110808,1,1
278,object,32551.78736729,38.53300222544931,125.87099990923889,31.60199776175432,3.8890029827598482,199.89500287920237,1,1
279,object,32551.816631967,36.386998544912785,144.4039990019519,36.89799996209331,2.8220019885338843,220.51099949749187,1,1
280,object,32551.846132097,49.23200322082266,119.62699863943271,31.124000088311732,2.5699991965666413,202.55300114513375,1,1
281,object,32551.87498746,69.01700180605985,161.4359971426893,45.66600182442926,4.220000846544281,280.3390016197227,1,1
282,object,32551.903447539,32.96200156910345,111.57799963257276,31.61999848089181,3.064000338781625,179.22400002134964,1,1
283,object,32551.933941933,65.96599996555597,130.83000158076175,31.685998692410067,3.007000486832112,231.4890007255599,1,1
284,object,32551.964517927,37.81600025831722,137.42999726673588,31.722000130685046,2.8989998099859804,209.86699746572413,1,1
285,object,32551.994569511,38.2350008294452,118.3360000140965,33.70500053279102,3.088996891165152,193.36499826749787,1,1
286,object,32552.024668502,38.61699951812625,118.43800166388974,35.46500010997988,2.8510003176052123,195.37100160960108,1,1
287,object,32552.055291659,80.19700180739164,303.48499785759486,84.72600165987387,6.656999175902456,475.06500050076284,1,1
288,object,32552.084610435,37.607002013828605,141.63699961500242,34.83099862933159,3.083001502091065,217.15800176025368,1,1
289,object,32552.113944284,44.83500015339814,119.34999929508194,31.969000701792538,2.597000275272876,198.7510004255455,1,1
290,object,32552.142481065,32.71800233051181,113.82299999240786,32.168998586712405,2.6810012059286237,181.3910021155607,1,1
291,object,32552.17167184,37.00700108311139,129.6520022151526,35.06199936964549,3.1389972718898207,204.8599999397993,1,1
292,object,32552.200581114,33.86800017324276,132.427998323692,31.07000156887807,2.8139984351582825,200.17999850097112,1,1
293,object,32552.230285302,33.63399810041301,141.8210013071075,30.144001357257366,2.7079986466560513,208.30699941143394,1,1
294,object,32552.261861634,54.074000217951834,184.60299907019362,45.11199949774891,4.212000931147486,288.00099971704185,1,1
295,object,32552.290819677,35.41999831213616,122.42000229889527,39.51799953938462,2.682998456293717,200.04099860670976,1,1
296,object,32552.321468341,40.24399822810665,137.4280000163708,31.849001970840618,2.7229980332776904,212.24399824859574,1,1
297,object,32552.351578574,32.77500218246132,136.38200107379816,30.379000236280262,2.7609967219177634,202.2970002144575,1,1
298,object,32552.38215905,49.7820001328364,126.2459991266951,39.10799932782538,2.63900074060075,217.77499932795763,1,1
299,object,32552.412983132,76.7840028856881,183.062998985406,47.769997763680294,4.649002221412957,312.26600185618736,1,1
300,object,32552.440788391,46.54900112655014,182.28100088890642,80.28299998841248,5.786998372059315,314.90000037592836,1,1
301,object,32552.545153331,51.397997594904155,103.98600352345966,1.6369995137210935,65.71099947905168,222.73200011113659,2,1
302,object,32552.573519264,45.95900099957362,124.8600019607693,34.650998713914305,3.4129989217035472,208.88300059596077,2,1
303,object,32552.829179984,41.316998249385506,112.88700261502527,30.92699989792891,3.1319978006649762,188.26299856300466,2,1
304,object,32552.857974662,51.28999691805802,132.17400191933848,36.64600080810487,3.6299970815889537,223.73999672709033,2,1
305,object,32552.88684236,39.03700053342618,116.36999988695607,35.44799983501434,3.4420008887536824,194.29700114415027,2,1
306,object,32552.916072976,52.91499837767333,143.18900139187463,38.02599894697778,4.009001713711768,238.1390004302375,2,1
307,object,32552.945228845,65.08599835797213,182.08300025435165,51.9540008099284,5.680998583557084,304.80399800580926,2,1
308,object,32552.96956771,59.51400089543313,167.0480014581699,63.499999669147655,5.51899938727729,295.58100141002797,2,1
309,object,32552.995547734,42.12599742459133,116.56600327114575,31.46199742332101,3.355002263560891,193.50900038261898,2,1
310,object,32553.020872575,41.366998630110174,123.41999899945222,30.660001357318833,3.0139999580569565,198.46099894493818,2,1
311,object,32553.044673581,41.64400161243975,113.57599942130037,28.457998269004747,3.1910021789371967,186.86900148168206,2,1
312,object,32553.069993913,68.4650003677234,170.6650000414811,49.03100125375204,5.006000719731674,293.1670023826882,2,1
313,object,32553.09649791,57.14000144507736,163.72200116165914,47.07599873654544,5.747999239247292,273.68600058252923,2,1
314,object,32553.123270947,46.351000491995364,121.76000018371269,30.266000976553187,3.7130012060515583,202.0900028583128,2,1
315,object,32558.401888459,63.52800119202584,140.06699711899273,2.1900013962294906,51.38800042914227,257.1730001363903,3,1
316,object,32558.428370968,51.12000144436024,131.78299923310988,33.9680009346921,4.05999890062958,220.9310005127918,3,1
317,object,32558.454326358,45.57799911708571,124.83899990911596,30.924999009585008,3.8469988794531673,205.18899691523984,3,1
318,object,32558.479876588,50.40099858888425,142.5320006092079,32.85400089225732,3.9849983295425773,229.77199841989204,3,1
319,object,32558.503951535,45.467000745702535,129.60000094608404,28.509999538073316,3.8869984564371407,207.46399968629703,3,1
320,object,32558.530130132,48.795998736750335,131.60800153855234,31.476000003749505,4.1240018617827445,216.00400214083493,3,1
321,object,32558.554921247,54.04799958341755,148.62200259813108,36.123998143011704,7.644001016160473,246.4380013407208,2,1
322,object,32558.580650137,45.761000365018845,135.394002427347,35.47499727574177,3.7280005926731974,220.35800066078082,2,1
323,object,32558.606069829,42.45800300850533,139.31099965702742,29.41899947472848,3.4240001696161926,214.61200230987743,2,1
324,object,32558.630077189,40.835002437233925,116.11000081757084,30.017999961273745,3.46899832948111,190.43200154555961,2,1
325,object,32558.656527449,64.39900244004093,190.8529993670527,49.6219981869217,6.782000127714127,311.65600012172945,2,1
326,object,32558.682503876,45.84500129567459,136.91399726667441,33.03000266896561,3.94100061384961,219.73000184516422,2,1
327,object,32558.709137397,53.884999942965806,166.6979987930972,45.5150002380833,4.230001650284976,270.3280006244313,2,1
328,object,32558.735751965,56.77100125467405,190.28300084755756,55.22699939319864,5.075999069958925,307.35700056538917,2,1
329,object,32558.760557742,49.83400140190497,161.82599938474596,42.07399979350157,4.706998879555613,258.4409994597081,2,1
330,object,32558.786349029,49.229998694499955,177.99000124796294,43.56600038590841,3.978999302489683,274.764999630861,2,1
331,object,32558.813947613,38.901998777873814,128.46800018451177,29.790000553475693,2.9379989427980036,200.09799845865928,2,1
332,object,32558.840285186,42.85899922251701,127.36599819618277,29.33200084953569,3.425000613788143,202.98199888202362,2,1
333,object,32558.866736197,43.710999307222664,118.08099952759221,29.967999580549076,3.2290008675772697,194.98899928294122,2,1
334,object,32558.891738209,42.222000047331676,117.634997877758,32.32400194974616,3.258999640820548,195.43999951565638,2,1
335,object,32558.920150841,62.31099905562587,186.47700198926032,46.30499824997969,10.04799923975952,305.1409985346254,1,1
336,object,32558.947125115,36.221001209924,153.95900118164718,51.46599869476631,3.631001163739711,245.2770022500772,1,1
337,object,32558.974270924,46.26999725587666,122.39300122018903,29.603001166833565,2.682998456293717,200.94899809919298,1,1
338,object,32559.000779094,32.675001421011984,106.17099906085059,28.44600021489896,2.7139976737089455,170.00599837047048,1,1
339,object,32559.026082333,32.55699994042516,117.19699978129938,31.03900235146284,2.5859990273602307,183.3790011005476,1,1
340,object,32559.052699887,32.66400017309934,110.89899999205954,31.30799814243801,2.535001840442419,177.4060001480393,1,1
341,object,32559.081067208,35.73499998310581,112.48200098634697,30.707997211720794,2.7610003598965704,181.68599854107015,1,1
342,object,32559.106531668,43.46100104157813,191.23899983242154,83.78599886782467,8.494000212522224,326.97999995434657,1,1
343,object,32559.133450212,52.546998631441966,144.79699893854558,41.7280025430955,3.664998075691983,242.73699818877503,1,1
344,object,32559.160049029,36.77299901028164,144.30599912884645,44.633001380134374,3.8520011003129184,229.56400061957538,1,1
345,object,32559.191027413,37.156001781113446,117.81099965446629,31.01499896729365,3.0810006137471646,189.06300101662055,1,1
346,object,32559.222330231,32.29799767723307,103.41300003346987,29.918002837803215,2.4519977159798145,168.08099826448597,1,1
347,object,32559.250668983,42.984000174328685,155.71100084343925,58.66399806109257,3.7520003388635814,261.1109994177241,1,1
348,object,32559.276056587,47.03499871538952,159.68400111887604,43.920997995883226,3.6890014598611742,254.32899929000996,1,1
349,object,32559.300462746,31.34900180157274,106.86299719964154,30.13500099768862,2.8460017347242683,171.19300173362717,1,1
350,object,32559.326578934,49.58600038662553,156.91999942646362,335.1320010551717,4.686997272074223,546.3249981403351,1,1
351,object,32559.352970493,39.164999179774895,147.89999841013923,44.620002881856635,3.736997314263135,235.4219977860339,1,1
352,object,32559.380216906,44.95800021686591,153.6070012662094,44.0459989476949,3.851000656140968,246.4620010869112,1,1
353,object,32559.407187112,33.47100209794007,110.48699889215641,28.79599924199283,2.9469993023667485,175.70099953445606,1,1
354,object,32559.432961063,34.201999369543046,148.69699953123927,118.36900011985563,4.680998245021328,305.9489972656593,1,1
355,object,32559.461227627,35.99199771997519,115.8439990831539,31.97000114596449,2.9670009098481387,186.77299885894172,1,1
356,object,32559.488043873,31.93600059603341,114.77500083856285,30.98399974987842,2.9939983505755663,180.68899953505024,1,1
357,object,32559.515010211,40.902999899117276,134.52700295601971,36.34699896792881,3.787998139159754,215.56499996222556,1,1
358,object,32559.540994369,42.81899964553304,119.81799980276264,33.60300252097659,2.8039976314175874,199.04399960068986,1,1
359,object,32559.566682924,30.996001441963017,108.30199971678667,29.012997401878238,3.058001311728731,171.36899987235665,1,1
360,object,32559.593537388,33.072999940486625,117.78400221373886,31.232000765157863,2.7339992811903358,184.82300220057368,1,1
361,object,32559.643547217,48.793997848406434,170.5009999568574,2326.410001842305,8.533999789506197,2554.238999437075,1,1
362,object,32559.678563601,55.223001254489645,206.73499966505915,52.028000936843455,5.0769995141308755,319.0630013705231,1,1
363,object,32559.716018216,48.658999730832875,185.98699898575433,82.47599907917902,5.488000169862062,322.6099979656283,1,1
364,object,32559.745511825,39.925998862599954,152.4520012026187,45.726999815087765,3.8770012906752527,241.98200117098168,1,1
365,object,32559.771450435,43.781998101621866,153.9940021757502,44.822998461313546,4.0619997889734805,246.6609985276591,1,1
366,object,32559.797119294,50.13100235373713,148.08099876972847,44.31599882082082,3.8560028770007193,246.38400282128714,1,1
367,object,32559.82267511,33.40900002513081,139.05000014347024,41.903997043846175,3.70100315194577,218.064000364393,1,1
368,object,32559.848945604,41.36099960305728,156.36399984941818,44.04699939186685,3.7050012906547636,245.47700013499707,1,1
369,object,32559.875461625,37.85399894695729,147.28799942531623,45.40000009001233,3.864999598590657,234.4069980608765,1,1
370,object,32559.902754002,38.70799992000684,147.06799993291497,45.26300108409487,3.6769997677765787,234.71600070479326,1,1
371,object,32559.930156247,37.28600131580606,137.1670005028136,42.67999975127168,3.682998794829473,220.81600036472082,1,1
372,object,32559.95552564,30.520997825078666,124.8459993803408,39.67700104112737,3.097000444540754,198.1409986910876,1,1
373,object,32559.982229689,48.87999966740608,160.19899703678675,45.16800254350528,3.5569973988458514,257.80399664654396,1,1
374,object,32560.009674215,42.83599992049858,182.8659987950232,45.80400127451867,3.7669997254852206,275.27299971552566,1,1
375,object,32560.037056958,46.80599886341952,157.89299868629314,45.75100319925696,4.1959974623750895,254.6459982113447,1,1
376,object,32560.062569182,35.89799962355755,139.21400022809394,41.90199979348108,3.3560027077328414,220.3700023528654,1,1
377,object,32560.08791024,28.542999643832445,139.66800179332495,41.31199966650456,2.9719994927290827,212.49500059639104,1,1
378,object,32560.112223189,31.43600042676553,94.9850000324659,41.87699960311875,4.4480002543423325,172.74600031669252,1,1
379,object,32560.13815084,37.99700061790645,126.0879980691243,32.86699939053506,3.1840027077123523,200.13600078527816,1,1
380,object,32560.163707941,30.625000363215804,111.70400102855638,34.13299782550894,2.691002009669319,179.15300122695044,1,1
381,object,32560.19094085,33.0299990309868,118.74800111399963,30.259001505328342,3.2059979275800288,185.2429995778948,1,1
382,object,32560.217932791,37.48699964489788,140.06899800733663,33.36200097692199,3.2009993446990848,214.11899797385558,1,1
383,object,32560.243182688,41.89100218354724,108.3349998225458,30.389001040020958,2.8289978217799217,183.44400086789392,1,1
384,object,32560.269732745,44.16699812281877,156.1660028528422,45.56299973046407,4.154997441219166,250.05099814734422,1,1
385,object,32560.297171402,30.04800237249583,126.89199866144918,32.23000021534972,2.444001438561827,191.61400268785655,1,1
386,object,32560.327709902,54.24499977380037,176.58399883657694,488.7590002908837,6.362999556586146,725.9509984578472,1,1
387,object,32560.367704018,50.50300023867749,173.97799820173532,51.302002248121426,4.5389970182441175,280.32199770677835,1,1
388,object,32560.411554762,50.568000006023794,172.67200018977746,6321.791002847021,10.485997336218134,6555.517000379041,1,1
389,object,32560.440921779,36.61299706436694,134.03200136963278,36.6729982488323,3.2230018405243754,210.5409985233564,1,1
390,object,32560.468652105,38.594000216107816,131.77900109440088,34.5779990311712,3.221000952180475,208.17200129386038,1,1
391,object,32560.494834232,31.40100307064131,109.9439978133887,39.87099989899434,3.4610020520631224,184.67700283508748,1,1
392,object,32560.523336147,49.010002840077505,177.45799777912907,62.88500298978761,5.704998329747468,295.05800193874165,1,1
393,object,32560.552148682,30.28599894605577,107.16500037233345,29.40299964393489,2.6270026864949614,169.48100164881907,1,1
394,object,32560.579892714,48.18300294573419,151.73799693002366,35.385000956011936,3.4820004657376558,238.78800129750744,1,1
395,object,32560.605935035,35.12799958116375,126.34999802685343,31.623003451386467,3.167999238939956,196.2690002983436,1,1
396,object,32560.632343732,32.940002711256966,108.88699762290344,28.269001631997526,2.5579975044820458,172.65399947063997,1,1
397,object,32560.659455188,34.86399873509072,116.03999882936478,31.569001293973997,2.7429996407590806,185.21599849918857,1,1
398,object,32560.686483658,51.892002375097945,163.58100037905388,49.66799679095857,4.401001206133515,269.5420007512439,1,1
399,object,32560.713970652,50.761002057697624,181.10999735654332,46.32400305126794,4.030996933579445,282.2259993990883,1,1
400,object,32560.739996266,38.25200110441074,136.21600010083057,42.530999053269625,3.2620009733363986,220.26100123184733,1,1
401,object,32560.765354628,30.056999094085768,121.98399781482294,41.22400059713982,3.1609997677151114,196.42599727376364,1,1
402,object,32560.7922001,39.98700049123727,158.79899729043245,46.20800245902501,3.7539975892286748,248.7479978299234,1,1
403,object,32560.820126608,36.20200004661456,118.15499965450726,32.69900116720237,2.8760005079675466,189.93200137629174,1,1
404,object,32560.846470478,36.821998946834356,136.29599925479852,30.522998713422567,3.1000017770566046,206.74099869211204,1,1
405,object,32560.872900803,33.57000241521746,124.98899741331115,31.881001632427797,2.7479982236400247,193.18799968459643,1,1
406,object,32560.898023132,29.89200220326893,108.83399954764172,28.615999326575547,2.535001840442419,169.87700291792862,1,1
407,object,32560.925066922,45.47400021692738,146.3490007154178,42.51300197211094,4.163997800787911,238.50000070524402,1,1
408,object,32560.951208849,55.10299888555892,127.67999942298047,33.71099955984391,3.2950010790955275,219.78899894747883,1,1
409,object,32560.976311143,34.16600156924687,112.69799870206043,32.134998036781326,2.9270013328641653,181.9259996409528,1,1
410,object,32561.001621465,28.249000024516135,118.45799963339232,29.098002414684743,2.314998710062355,178.12000078265555,1,1
411,object,32561.02543869,34.40999716985971,107.26700202212669,28.98299862863496,2.583001332823187,173.24299915344454,1,1
412,object,32561.052504875,42.50500205671415,128.2419980270788,32.13200034224428,3.454002580838278,206.33300300687551,1,1
413,object,32561.079203976,44.85099998419173,158.16399900359102,58.7760005146265,4.0429986256640404,265.8339981280733,1,1
414,object,32561.10516746,54.496002121595666,115.19799954839982,30.622999474871904,2.7269998099654913,203.04400095483288,1,1
415,object,32561.13105675,37.704998248955235,111.19500049971975,29.966999136377126,2.682001650100574,181.5489995351527,1,1
416,object,32561.155339338,31.2409974867478,106.50600233930163,30.885999876772985,2.543998562032357,171.17699826485477,1,1
417,object,32561.181177731,50.62800119048916,167.428999702679,138.4799979859963,5.028003215556964,361.5650020947214,1,1
418,object,32561.210206821,35.87399987736717,112.81499973847531,33.04499841760844,2.8329995984677225,184.56699763191864,1,1
419,object,32561.237718872,36.6810018022079,119.40100011997856,34.094999136868864,3.4320000850129873,193.60900114406832,1,1
420,object,32561.264728074,59.314999816706404,117.58600157918409,33.51600025780499,2.75899947155267,213.17600112524815,1,1
421,object,32561.291337332,32.33800089219585,131.24099859851412,33.59599941177294,2.8149988793302327,199.98999778181314,1,1
422,object,32561.317182402,39.878999814391136,157.68500088597648,43.96100121084601,3.564997314242646,245.08999922545627,1,1
423,object,32561.344420568,46.56800228985958,156.0809978400357,48.526002501603216,4.243996954755858,255.41899958625436,1,1
424,object,32561.370829241,52.737999794771895,170.67599765141495,48.03000047104433,4.092002200195566,275.53600011742674,1,1
425,object,32561.395876947,35.58599928510375,155.874000483891,46.99700002674945,3.4999975468963385,241.95699734264053,1,1
426,object,32561.421029773,36.6810018022079,144.4000008632429,42.03099888400175,3.7149984564166516,226.8270000058692,1,1
427,object,32561.446748724,49.3990009999834,155.64899877063,54.233001719694585,4.705998435383663,263.98699992569163,1,1
428,object,32561.473886995,40.06099698017351,174.1900014167186,40.710001485422254,4.292000085115433,259.2529999674298,1,1
429,object,32561.498906353,59.06499791308306,191.73200053046457,39.2399997508619,3.878001734847203,293.91499992925674,1,1
430,object,32564.383682579,52.88400279823691,102.77500041411258,1.6319972928613424,50.19700256525539,207.48800307046622,2,1
431,object,32564.415757088,50.48399907536805,122.69199942238629,32.05599932698533,3.529999958118424,208.7619977828581,2,1
432,object,32564.446959313,48.83699875790626,130.55199815426022,32.89800224592909,3.4990007407031953,215.78599989879876,2,1
433,object,32564.478298671,46.96399992099032,123.51199984550476,33.575997804291546,3.5750017559621483,207.62699932674877,2,1
434,object,32564.50918224,62.322000303538516,166.1140013311524,48.57499880017713,5.186000635148957,282.197001070017,2,1
435,object,32564.540458498,46.03400157066062,120.20099893561564,33.955999242607504,3.4530021366663277,203.6440018855501,2,1
436,object,32564.570812785,48.44599970965646,175.6609999574721,38.889000279596075,4.001998604508117,266.99799855123274,2,1
437,object,32564.601444123,41.630999476183206,117.82100045820698,32.952000765362754,3.540997568052262,195.9449982678052,2,1
438,object,32564.630614043,61.30300243967213,148.03599697188474,40.63700180267915,4.526998964138329,254.50300017837435,2,1
439,object,32564.657557389,57.51899880124256,168.29699961817823,49.72700116923079,4.78999936603941,280.332998954691,2,1
440,object,32564.683103922,55.60599674936384,163.40400179615244,69.81600017752498,5.763999070040882,294.58999779308215,2,1
441,object,32564.708362729,64.83999823103659,155.82299965899438,40.1760007662233,4.0570012060925364,264.8959998623468,2,1
442,object,32564.733535849,48.90899799647741,143.95299876923673,46.26900044968352,4.380002792458981,243.51100000785664,2,1
443,object,32564.758152102,55.462998716393486,158.40200285310857,42.19299808028154,4.694000381277874,260.75200003106147,2,1
444,object,32564.784247416,61.94600064191036,179.3810006347485,49.662998208077624,5.468002200359479,296.45800168509595,2,1
445,object,32564.811202766,56.94500214303844,178.77799837151542,74.96499893022701,5.865000275662169,316.55299972044304,2,1
446,object,32564.837350174,51.93800097913481,120.59800064889714,28.79399835364893,3.5990015021525323,204.92900148383342,2,1
447,object,32564.863363287,41.89700121060014,116.78999726427719,31.064002541825175,3.273999027442187,193.0250000441447,2,1
448,object,32564.88785704,53.600997489411384,116.10799992922693,30.298000638140365,3.3239994081668556,203.33099746494554,2,1
449,object,32564.913821541,45.96100188791752,121.1989983858075,36.38400085037574,3.7040008464828134,207.24800197058357,2,1
450,object,32564.940202644,43.437001295387745,118.42499952763319,29.80199860758148,6.660000508418307,198.32399993902072,1,1
451,object,32564.965587212,51.697999879252166,109.88000212819315,30.11499939020723,2.531000063754618,194.22400146140717,1,1
452,object,32564.99157089,27.95999898808077,111.05500016128644,29.986000299686566,2.4459986889269203,171.4469981379807,1,1
453,object,32565.016303085,32.167998142540455,108.07899889186956,31.428000511368737,2.6560010155662894,174.33099856134504,1,1
454,object,32565.044360078,54.643998737446964,162.2889976715669,43.428000935819,4.094999894732609,264.4559972395655,1,1
455,object,32565.071145814,48.32099875784479,173.5460027703084,49.30199793307111,4.416000592755154,275.58500005397946,1,1
456,object,32565.098191022,30.294999305624515,108.8760000129696,31.703999411547557,2.772001607809216,173.64700033795089,1,1
457,object,32565.123389313,35.065997508354485,107.5690015568398,32.36900010961108,2.7140013116877526,177.7180004864931,1,1
458,object,32565.147332963,32.74300252087414,107.0079997589346,32.23499879823066,2.644999767653644,174.63100084569305,1,1
459,object,32565.172087828,32.23599924240261,142.7710012649186,30.257000616984442,2.830998710123822,208.09499983442947,1,1
460,object,32565.198708842,35.543002013582736,112.73699783487245,30.816001526545733,3.116998414043337,182.21299978904426,1,1
461,object,32565.223109987,53.49699858925305,226.77300148643553,41.645998862804845,2.7850001060869545,324.7009990445804,1,1
462,object,32565.251983351,39.749997085891664,122.9800000146497,30.304003303172067,2.5289991754107177,195.56299957912415,1,1
463,object,32565.278066968,28.89600000344217,108.30600149347447,28.36099884007126,2.5699991965666413,168.13299953355454,1,1
464,object,32565.304952292,44.976997742196545,148.94200285198167,30.616996809840202,2.8760005079675466,227.41199791198596,1,1
465,object,32565.33294067,84.08600115217268,224.56700025941245,71.572998422198,4.763001925311983,384.9890017590951,1,1
466,object,32565.359843198,36.615001590689644,118.8729984278325,57.667999499244615,4.035002348246053,217.1910018660128,1,1
467,object,32565.385828358,34.617998608155176,126.02000060724095,34.165997931268066,2.439002855680883,197.24300000234507,1,1
468,object,32565.410793924,32.16400000383146,116.20800069067627,30.406001314986497,2.696000592550263,181.4740026020445,1,1
469,object,32565.435692764,35.574001230997965,113.28599794069305,32.85799903096631,2.8050017135683447,184.52299991622567,1,1
470,object,32565.462548089,53.63400123314932,163.97600120399147,46.32600030163303,4.406996595207602,268.3429993339814,1,1
471,object,32565.487955966,36.23700104071759,141.85499821905978,31.843999749980867,2.744000084931031,212.67999909468926,1,1
472,object,32565.51385457,35.92500070226379,130.86100079817697,36.88200013129972,3.721997927641496,207.38999955938198,1,1
473,object,32565.53890226,33.767999411793426,114.04600081732497,29.965998692205176,2.5370027287863195,180.3170016501099,1,1
474,object,32565.563122648,46.475000999635085,112.54299897700548,30.589999369112775,2.544999006204307,192.15299835195765,1,1
475,object,32565.589248644,47.45700061903335,162.43400023085997,50.397000450175256,4.661000275518745,264.9490015755873,1,1
476,object,32565.613448165,33.49899998283945,106.74599980120547,28.280999686103314,3.1290001061279327,171.65499957627617,1,1
477,object,32565.638681818,35.38700184435584,131.78399967728183,37.617999623762444,3.845998435281217,208.63499958068132,1,1
478,object,32565.664071715,32.92499968665652,108.16600115504116,31.146999390330166,2.667999069672078,174.90599930169992,1,1
479,object,32565.688210674,49.525999202160165,111.58800043631345,29.899998480686918,2.4990004021674395,193.51299852132797,1,1
480,object,32565.713937003,61.72099892864935,194.28599989623763,53.797000873601064,4.393998096929863,314.1979977954179,1,1
481,object,32565.738305666,42.13599822833203,146.62500325357541,68.8660002197139,4.4009975681547076,262.02799926977605,1,1
482,object,32565.763599176,56.83999916072935,142.984001286095,39.73300044890493,4.102999810129404,243.6600007058587,1,1
483,object,32565.78953117,51.45399700268172,139.68600251246244,39.70999750890769,3.174001903971657,234.0239989280235,1,1
484,object,32565.814128793,38.591999327763915,140.70299948798493,46.50000118999742,3.9009973988868296,229.6959974046331,1,1
485,object,32565.841521395,52.38100129645318,161.1279985809233,44.462001824285835,3.9900005504023284,261.96100225206465,1,1
486,object,32565.865925687,44.096999772591516,158.65499881329015,45.82600013236515,4.321998858358711,252.89999757660553,1,1
487,object,32565.89329835,28.457998269004747,104.70299821463414,28.691003535641357,3.0009978218004107,164.85299784108065,1,1
488,object,32565.918649242,39.583999750902876,112.3649999499321,35.18599987728521,3.1279996619559824,190.26299924007617,1,1
489,object,32565.942707832,33.08099985588342,106.02900147205219,28.971997380722314,2.982000296469778,171.0639990051277,1,1
490,object,32565.966970652,47.54700057674199,176.53599934419617,52.84900180413388,4.665998858399689,281.59800058347173,1,1
491,object,32565.993259421,36.802997783524916,112.49700037296861,30.51200110348873,2.7999994927085936,182.61199875269085,1,1
492,object,32566.017781615,46.632001613033935,147.77899923501536,53.14800000633113,17.753001884557307,265.31200273893774,1,1
493,object,32566.042675846,42.669998947530985,145.9439990867395,43.80199970910326,3.6890014598611742,236.1049992032349,1,1
494,object,32566.066878678,36.17800030042417,129.31899982504547,29.01699917856604,2.7710011636372656,197.28500046767294,1,1
495,object,32566.090430074,30.77200017287396,125.95699809025973,32.4909997289069,2.7189998945686966,191.9389978866093,1,1
496,object,32566.116166805,70.69999992381781,170.7539995550178,345.1630000199657,3.9529986679553986,590.5699981667567,1,1
497,object,32566.140946252,50.32199987908825,175.71100033819675,135.09900236385874,4.497000190895051,365.6290027720388,1,1
498,object,32566.167487866,36.54999818536453,122.76699999347329,34.78399958112277,3.179000486852601,197.2799982468132,1,1
499,object,32566.192965903,30.667000828543678,110.30599853256717,29.894999897805974,2.4940018192864954,173.36200107820332,1,1
500,object,32566.217061724,33.665000955807045,107.80099910334684,28.77799852285534,2.6570014597382396,172.90100004174747,1,1
501,object,32566.242413517,45.35799962468445,152.4340004834812,48.40299880015664,4.184999852441251,250.37999876076356,1,1
502,object,32566.269401968,43.045001802966,150.96399874892086,60.69400114938617,4.289999196771532,258.99300089804456,1,1
503,object,32566.294563497,39.688002289040014,118.71400056406856,31.46299786749296,2.707001840462908,192.57200256106444,1,1
504,object,32566.320302185,33.80100315553136,108.03699842654169,29.29900074377656,2.4219989427365363,173.55900126858614,1,1
505,object,32566.34449678,30.123002943582833,107.6199987437576,28.538997867144644,2.335000317543745,168.61699987202883,1,1
506,object,32566.370280282,46.909000957384706,169.50299686868675,241.7290015728213,4.694000381277874,462.8349997801706,1,1
507,object,32566.397093396,36.5979976777453,118.70200250996277,34.88199945422821,2.8079994081053883,192.98999905004166,1,1
508,object,32566.422426311,52.562998462235555,117.20600014086813,32.55699994042516,3.550001565599814,205.87600010912865,1,1
509,object,32566.447510478,31.965999369276688,133.34799950825982,36.80300142150372,3.059001755900681,205.1760020549409,1,1
510,object,32566.473123666,36.46099867182784,113.28199980198406,31.19000029982999,2.5330009520985186,183.4659997257404,1,1
511,object,32566.497609023,36.58899731817655,119.52700151596218,32.50699955970049,2.6849993446376175,191.30799773847684,1,1
512,object,32566.522504191,31.609997677151114,109.7999993362464,31.130999559536576,2.791002771118656,175.33199934405275,1,1
513,object,32566.54899152,67.31499888701364,160.62099894043058,40.49400013172999,3.6420024116523564,272.0720003708266,1,1
514,object,32566.578363454,42.7370032412,122.36899783601984,32.588999602012336,3.0330011213663965,200.72800180059858,1,1
515,object,32566.607863046,33.53099964442663,127.4070018553175,47.892997827148065,2.553002559579909,211.3840018864721,1,1
516,object,32566.634428964,48.00899841939099,178.51099983090535,43.470001401146874,4.106001142645255,274.09600079408847,1,1
517,object,32566.661504793,39.64300049119629,128.8070016016718,34.34999962337315,2.839999069692567,205.6400007859338,1,1
518,object,32566.686917034,32.66500061727129,132.55500016384758,32.605999876977876,2.6800007617566735,200.50600141985342,1,1
519,object,32566.713199972,34.235999919474125,111.93200043635443,32.10999784641899,3.144003130728379,181.42200133297592,1,1
520,object,32566.738500978,32.71899913670495,110.53499838453718,30.056002287892625,2.6649977371562272,175.97499754629098,1,1
521,object,32566.765761117,38.30900095636025,135.66800043918192,33.24999852338806,3.406999894650653,210.63399981358089,1,1
522,object,32566.796343491,33.226999221369624,127.79499957105145,34.771997889038175,2.655000571394339,198.4489972528536,1,1
523,object,32566.825326956,33.70199920027517,119.53400098718703,35.47099913703278,2.8860013117082417,191.59300063620321,1,1
524,object,32566.852831374,42.2630000684876,161.36600243044086,45.586999476654455,3.9629994716960937,253.179001447279,1,1
525,object,32566.878314201,43.84700150694698,154.11799904541112,46.94900053436868,3.973000275436789,248.88700136216357,1,1
526,object,32566.905452528,49.821999709820375,174.57599824410863,51.910003094235435,4.469999112188816,280.77800016035326,1,1
527,object,32566.931464933,53.21299977367744,148.32400120212696,46.120996557874605,4.247001925250515,251.90499945892952,1,1
528,object,32566.958403862,38.5309976991266,146.85700080008246,60.58000144548714,3.4799995773937553,249.44799952208996,1,1
529,object,32566.985442836,46.19999890564941,158.7410006322898,52.4889983353205,4.8149995564017445,262.24499742966145,1,1
530,object,32567.010877876,45.93899939209223,170.98000171245076,58.087000070372596,3.668999852379784,278.67500102729537,1,1
531,object,32567.037696836,45.94599886331707,157.81200272613205,47.77999856742099,4.4769985834136605,256.0149987402838,1,1
532,object,32567.064917462,45.29999932856299,200.00699805677868,72.34500299091451,4.284996975911781,321.93699735216796,1,1
533,object,32567.091455867,37.410998629638925,120.43199967592955,32.37300188629888,3.3479991543572396,193.5639993462246,1,1
534,object,32567.117322179,32.324998755939305,111.16499808849767,29.773000278510153,2.8080030460841954,176.07100016903132,1,1
535,object,32567.142171507,50.6450014654547,112.292000267189,31.706000299891457,2.6389971026219428,197.2819991351571,1,1
536,object,32567.169580119,45.779001084156334,133.71100067161024,291.0699986387044,4.549998266156763,475.10999866062775,1,1
537,object,32567.197364704,39.00800220435485,147.5059980293736,53.332001698436216,4.268997145118192,244.11499907728285,1,1
538,object,32567.222295518,36.03100049076602,117.93500016210601,30.990999221103266,3.2139978429768234,188.17099771695212,1,1
539,object,32567.248806706,38.124999264255166,130.8130013057962,35.781999031314626,3.1050003599375486,207.82499996130355,1,1
540,object,32567.274202498,46.036999265197664,109.46000111289322,29.097998776705936,2.591001248219982,187.1860004030168,1,1
541,object,32567.300257098,37.38099985639565,120.33500024699606,32.053001632448286,3.6050005292054266,193.37400226504542,1,1
542,object,32567.32734317,49.15500176139176,162.1470000827685,53.0259967490565,4.4150001485832036,268.74299874179997,1,1
543,object,32567.35209253,34.9770016327966,119.43199933739379,32.10099748685025,2.730001142481342,189.23999959952198,1,1
544,object,32567.377787474,30.68799924221821,130.9180006501265,31.086998205864802,2.4370019673369825,195.13000006554648,1,1
545,object,32567.403745193,33.906999306054786,108.19800081662834,29.05299697886221,2.8080030460841954,173.96600014762953,1,1
546,object,32567.428411524,60.19400098011829,177.20799951348454,46.715998905710876,4.231998900650069,288.3499982999638,1,1
547,object,32567.457371844,52.601000788854435,180.90399680659175,62.371000240091234,4.68900179839693,300.56499963393435,1,1
548,object,32567.4832509,62.56499909795821,277.4439999484457,93.5179996304214,5.966001481283456,439.49300015810877,1,1
549,object,32567.50844669,37.082998460391536,113.13100185361691,29.533999622799456,3.031000233022496,182.7790001698304,1,1
550,object,32567.533967653,38.78100324072875,114.7619987023063,29.67899854411371,2.873002813430503,186.09500330057926,1,1
551,object,32567.557606776,30.800998501945287,115.82099978113547,31.735002266941592,2.734999725362286,181.09200027538463,1,1
552,object,32567.583160878,45.20000220509246,127.53400005749427,41.769999370444566,3.6130004446022213,218.11700207763352,1,1
553,object,32567.608418101,53.988998843124136,178.89200171339326,59.06699880142696,4.449000698514283,296.39700005645864,1,1
554,object,32567.635490684,37.415000406326726,112.36000136705115,30.952000088291243,2.558997948653996,183.28599981032312,1,1
555,object,32567.660559044,33.645999792497605,112.46699796174653,30.997001886134967,2.687000232981518,179.79699987336062,1,1
556,object,32567.68430191,33.328997233184054,118.01400250988081,29.671999072888866,2.9090006137266755,183.9239994296804,1,1
557,object,32567.709472149,50.36999937146902,176.91100219963118,61.503000324591994,4.501998773775995,293.2860006694682,1,1
558,object,32567.735088656,44.17999662109651,148.29500287305564,46.679997467435896,4.270001227268949,243.424998188857,1,1
559,object,32567.762274751,34.69299917924218,111.17400208604522,30.085997423157096,2.8750000637955964,178.8279987522401,1,1
560,object,32567.787195688,34.22299778321758,116.33100075414404,33.34700159030035,3.3309988793917,187.23199900705367,1,1
561,object,32567.810996926,38.47399784717709,108.49000318557955,29.352999263210222,2.6950001483783126,179.01200044434518,1,1
562,object,32567.836198335,47.66300116898492,156.42199650756083,44.59400224732235,3.735000063898042,252.41399998776615,1,1
563,object,32567.864654228,33.780997910071164,111.3640028052032,30.483999580610543,2.672000846359879,178.3010011422448,1,1
564,object,32567.88922773,38.21900099865161,144.64199921349064,33.77800021553412,2.91700052912347,219.55600095679983,1,1
565,object,32567.914243621,32.119001843966544,111.1919991672039,36.31200161180459,4.067998816026375,183.6910014390014,1,1
566,object,32567.938008356,42.58099943399429,131.98099986766465,36.5370033250656,3.3679971238598228,214.46699975058436,1,1
567,object,32567.964390268,48.68199903285131,115.02900088089518,30.086001061135903,2.9000002541579306,196.69700122904032,1,1
568,object,32567.993292516,30.995000997791067,124.91199959185906,30.04700192832388,2.44399780058302,188.39800031855702,1,1
569,object,32568.021107543,35.84299702197313,138.90999980503693,33.511001674924046,3.1519994081463665,211.41599791008048,1,1
570,object,32568.045891978,34.33600068092346,131.56099885236472,30.21800148417242,2.868000592570752,198.98300161003135,1,1
571,object,32568.069587133,31.061001209309325,105.54899927228689,29.564998840214685,2.7410023903939873,168.9160017122049,1,1
572,object,32568.095266006,47.24400059785694,157.00199946877547,46.322002162924036,3.9799997466616333,254.54800197621807,1,1
573,object,32568.122921282,44.41599958227016,185.13599934522063,50.00500095775351,4.338999133324251,283.89599901856855,1,1
574,object,32568.147698349,29.62700091302395,105.83900075289421,29.528997401939705,2.516000677132979,167.51099974499084,1,1
575,object,32568.173601934,30.354000045917928,108.34400018211454,28.55800266843289,2.8179965738672763,170.07399947033264,1,1
576,object,32568.197203406,34.60299922153354,112.6629977079574,39.28400110453367,3.2530006137676537,189.80299864779226,1,1
577,object,32568.221982872,52.94500078889541,153.85499864351004,39.09999941242859,3.4330005291849375,249.33299937401898,1,1
578,object,32568.248941309,45.22200106293894,184.1829980548937,51.97300197323784,4.617999366018921,285.9960004570894,1,1
579,object,32568.275604491,35.89700281736441,118.44399705296382,33.4310025209561,3.031000233022496,190.80300262430683,1,1
580,object,32568.300525657,40.381000872002915,117.88999836426228,33.633001294219866,3.098000888712704,195.00200141919777,1,1
581,object,32568.325396026,37.62399865081534,108.6410011339467,31.180999940261245,2.34400067711249,179.79000040213577,1,1
582,object,32568.34935324,57.999001001007855,273.3270011958666,80.36699728108943,6.227000994840637,417.92000047280453,1,1
583,object,32568.376576236,50.83899668534286,170.59700257959776,52.980998589191586,5.388999852584675,279.8059977067169,1,1
584,object,32568.405252869,36.663997889263555,140.54100029170513,436.73700201907195,5.108999175718054,619.0509993757587,1,1
585,object,32568.432206441,34.2659986927174,109.68300193781033,31.44699803669937,2.7050009521190077,178.1009996193461,1,1
586,object,32568.457574664,29.73300070152618,106.10800018184818,30.25499972864054,2.3600005079060793,168.45600111992098,1,1
587,object,32568.482640694,43.77399818622507,146.81800166727044,35.5119991581887,3.3719989005476236,229.47599791223183,1,1
588,object,32568.508918749,63.10900062089786,242.0169985271059,57.04800059902482,4.80699964100495,366.9809993880335,1,1
589,object,32568.535702535,37.813002563780174,113.67700062692165,33.72399805812165,2.953998773591593,188.16800002241507,1,1
590,object,32568.562532832,34.99200101941824,108.42299889191054,30.03100209753029,2.7850001060869545,176.23100211494602,1,1
591,object,32568.588508807,35.6679993274156,126.50600183405913,35.47799860825762,3.38800236932002,201.04000213905238,1,1
592,object,32568.613095128,31.551000574836507,107.60100121842697,30.629998946096748,2.4979999579954892,172.28000069735572,1,1
593,object,32568.638737753,42.46900061843917,117.35799853340723,33.60000118846074,2.9769980756100267,196.40399841591716,1,1
594,object,32568.666157517,65.52799823111854,172.89700190303847,45.00800059759058,4.154000635026023,287.5870013667736,1,1
595,object,32568.692408122,46.55399970943108,154.0140001452528,38.26300235232338,4.022000211989507,242.85300241899677,1,1
596,object,32568.71832792,36.46500044851564,111.87400014023297,29.776998417219147,2.5080007617361844,180.62399976770394,1,1
597,object,32568.742824317,45.740998757537454,106.08900265651755,32.29899812140502,2.2909989638719708,186.419998499332,1,1
598,object,32568.769984455,50.75499939266592,128.8899984501768,32.78900112491101,3.484001354081556,215.91800032183528,1,1
599,object,32568.79563661,36.28699778346345,120.98500155843794,33.456999517511576,3.1290001061279327,193.8579989655409,1,1
600,object,32568.823823674,36.5999985660892,119.77900066995062,45.00900104176253,3.335000656079501,204.72300093388185,1,1
601,object,32568.849705812,31.375999242300168,107.73399844765663,29.97699994011782,2.6859997888095677,171.7729974188842,1,1
602,object,32568.874276437,36.48200072348118,108.99900007643737,29.271999665070325,2.4709988792892545,177.22399934427813,1,1
603,object,32568.900211148,36.96699786814861,124.40400314517319,33.623997296672314,2.892000338761136,197.88699864875525,1,1
604,object,32568.926606344,41.658997361082584,169.25700037973002,64.36500189010985,7.11599932401441,282.39699895493686,1,1
605,object,32568.952989603,45.343000238062814,149.37499872758053,42.881001718342304,3.812998329522088,241.41199901350774,1,1
606,object,32568.978147204,55.598997278138995,147.71600035601296,48.60500121139921,3.9279984775930643,255.84799732314423,1,1
607,object,32569.002366478,43.69500311440788,146.84299821965396,48.83799920207821,3.3530013752169907,242.72900191135705,1,1
608,object,32569.027544775,34.2070015904028,126.248000015039,29.954000638099387,2.615997800603509,193.0250000441447,1,1
609,object,32569.054424637,38.402999052777886,122.81200179131702,32.65699706389569,2.9889997676946223,196.8609976756852,1,1
610,object,32569.083339341,36.24099917942658,116.09000284806825,31.362997106043622,3.40600308845751,187.10000222199596,1,1
611,object,32569.109261646,31.925999792292714,110.24699779227376,31.97100159013644,2.6039997464977205,176.74799892120063,1,1
612,object,32569.133905059,32.70800152677111,115.10699914651923,30.68599835387431,2.6670022634789348,181.1680012906436,1,1
613,object,32569.162309907,50.37600203650072,159.24800027278252,724.2649990075734,6.400001439033076,940.2890027558897,1,1
614,object,32569.18919023,48.243000492220744,187.18499995884486,48.86199894826859,4.339999577496201,288.6299989768304,1,1
615,object,32569.217883858,37.36700091394596,122.46500045876019,31.5509969368577,3.1700001272838563,194.5529984368477,1,1
616,object,32569.24390738,32.26599801564589,116.06499901972711,30.32200038433075,2.5379995349794626,181.19099695468321,1,1
617,object,32569.268295198,29.233000532258302,109.75500117638148,31.458999728783965,2.6089983293786645,173.05599976680242,1,1
618,object,32569.296129428,41.27400097786449,117.555999167962,32.346000807592645,2.7269998099654913,193.90300076338463,1,1
619,object,32569.327095228,29.678001737920567,133.3859981968999,30.30399966519326,2.6999987312592566,196.06799833127297,1,1
620,object,32569.356341106,45.001001126365736,118.8669994007796,32.83600017311983,2.692002453841269,199.39600315410644,1,1
621,object,32569.383155924,51.39600034453906,149.6840013714973,67.8489996062126,3.936998837161809,272.86600015941076,1,1
622,object,32569.408742141,44.983000407228246,166.7340002313722,51.37900006957352,4.393998096929863,267.4899988051038,1,1
623,object,32569.434820081,53.19099727785215,187.99800091073848,61.768001614836976,4.988996806787327,307.94599661021493,1,1
624,object,32569.461764316,38.730999222025275,156.50999921490438,51.096998504363,3.4910008253064007,249.82899776659906,1,1
625,object,32569.489468886,37.04499977175146,119.5799995912239,32.90599852334708,2.95300196739845,192.4839998537209,1,1
626,object,32569.515174844,32.49400106142275,110.32600014004856,31.072999263415113,3.1290001061279327,177.02200057101436,1,1
627,object,32569.539962111,30.52799729630351,114.40400339779444,29.79999771923758,2.6279994926881045,177.35999790602364,1,1
628,object,32569.568080847,46.179000491974875,184.60700084688142,54.84999928739853,4.54900145996362,290.18500208621845,1,1
629,object,32569.59687213,25.506000383757055,151.2689996161498,31.581999792251736,2.415999915683642,210.77299970784225,1,1
630,object,32569.622966412,47.5390006613452,125.80099792103283,31.544001103611663,3.1989984563551843,208.08299814234488,1,1
631,object,32569.649488073,32.780000765342265,110.76900045736693,31.521998607786372,2.9130023904144764,177.98400222091004,1,1
632,object,32569.674238166,33.665000955807045,111.16899986518547,30.4770001093857,2.8649992600549012,178.17600019043311,1,1
633,object,32569.700767862,38.81399970850907,118.98900265805423,33.039999834727496,3.2850002753548324,194.12800247664563,1,1
634,object,32569.727208864,27.046000468544662,174.86599972471595,49.99300290364772,3.602999640861526,255.50800273776986,1,1
635,object,32569.753496294,41.766998037928715,149.22899936209433,45.6710004073102,4.320001607993618,240.98699941532686,1,1
636,object,32569.779818344,33.57199966558255,137.79000073554926,46.04499918059446,3.692002792377025,221.0990023741033,1,1
637,object,32569.80441702,32.86200080765411,127.40199963445775,42.075997043866664,3.927001671399921,206.26699915737845,1,1
638,object,32569.831627413,41.245999454986304,134.66100062942132,33.65299926372245,3.639997885329649,213.19999723345973,1,1
639,object,32569.859880641,51.68599818716757,177.3549993231427,48.58000102103688,4.035999154439196,281.65699768578634,1,1
640,object,32569.886092738,34.14700040593743,131.67900033295155,36.767996789421886,2.802000381052494,205.39599790936336,1,1
641,object,32569.911827027,32.73199763498269,109.15500024566427,40.80399958183989,3.9190017560031265,186.60999921848997,1,1
642,object,32569.936346535,33.715001336531714,118.17899940069765,29.267997888382524,3.292003384558484,184.45400201017037,1,1
643,object,32569.962200326,50.42299744673073,158.86400069575757,548.4400026034564,4.708999767899513,762.4360005138442,1,1
644,object,32569.989459637,35.91000131564215,123.19799861870706,34.36400220380165,2.886998117901385,196.35900025605224,1,1
645,object,32570.01514932,39.95900260633789,127.59399760398082,34.19800123083405,3.1769995985087007,204.92800103966147,1,1
646,object,32570.041011729,48.42300040763803,114.3769986811094,30.18099960172549,2.60099841398187,195.58199710445479,1,1
647,object,32570.066907467,32.37000055378303,134.03099728748202,34.085001971106976,2.7700007194653153,203.25600053183734,1,1
648,object,32570.093336623,31.221003155224025,132.48999675852247,33.9680009346921,2.8809990908484906,200.55999993928708,1,1
649,object,32570.123979769,39.36899884138256,127.73900016327389,31.40100307064131,2.5029985408764333,201.0120006161742,1,1
650,object,32570.152779,49.06699905404821,114.98499952722341,32.1100014843978,2.4000000848900527,198.56200015055947,1,1
651,object,32570.178482941,39.09100269083865,113.73599772923626,29.957001970615238,2.8719987312797457,185.6560011219699,1,1
652,object,32570.202935978,33.5830009134952,120.95499914721586,29.57900142064318,2.7050009521190077,186.82200243347324,1,1
653,object,32570.22856323,42.1820004703477,154.9539992993232,48.49499964620918,3.872999513987452,249.50399892986752,1,1
654,object,32570.258150905,47.04200182459317,165.76699999859557,46.84099985752255,4.016997991129756,263.66699967184104,1,1
655,object,32570.286123545,54.24000119091943,160.84500020951964,175.10099860373884,4.590001481119543,394.77600148529746,1,1
656,object,32570.311556216,47.10600114776753,131.48700236342847,42.91999721317552,3.2130010367836803,224.7260017611552,1,1
657,object,32570.337426757,32.97800139989704,131.49699952919036,40.2369987568818,3.3559990697540343,208.06799875572324,1,1
658,object,32570.364733356,40.91400114702992,127.4089991056826,34.355998650426045,3.553999704308808,206.23299860744737,1,1
659,object,32570.39553631,38.000998756615445,115.98500350373797,101.731999166077,4.731999069917947,260.45000049634837,1,1
660,object,32570.422131394,37.31499964487739,163.7659988773521,45.015000068815425,4.065001121489331,250.16099971253425,1,1
661,object,32570.448393762,43.523999920580536,147.91800276725553,50.66299854661338,3.9660008042119443,246.0710020386614,1,1
662,object,32570.474053129,45.14399915933609,161.20000145747326,49.39799691783264,4.460001946426928,260.2019994810689,1,1
663,object,32570.502748164,34.8169996868819,125.56000001495704,31.792002118891105,3.2579991966485977,195.42700101737864,1,1
664,object,32570.533277157,35.05900167510845,113.05099906167015,30.13199966517277,3.2620009733363986,181.50400137528777,1,1
665,object,32570.558928704,31.75200254190713,138.8119999319315,31.060997571330518,2.7790010790340602,204.4040011242032,1,1
666,object,32570.584691396,35.376997402636334,114.40000162110664,34.389999200357124,3.1470008252654225,187.31399904936552,1,1
667,object,32570.609250437,47.38200004794635,139.2619997204747,34.660999517655,3.0620030884165317,224.36700237449259,1,1
668,object,32570.63785385,36.322002415545285,127.28999718092382,34.48999996180646,6.548001692863181,204.65000125113875,1,1
669,object,32570.665946471,38.12300201389007,164.84099978697486,39.354999898932874,3.483000909909606,245.80200260970742,1,1
670,object,32570.691792194,29.24799991887994,112.83599815214984,31.916002626530826,2.591998054413125,176.59199875197373,1,1
671,object,32570.717619589,33.09699968667701,110.22699982277118,31.8020029226318,2.9369984986260533,178.06300093070604,1,1
672,object,32570.742110643,37.5279996660538,124.06899986672215,34.961998608196154,3.2050011213868856,199.763999262359,1,1
673,object,32570.770718232,40.033999539446086,142.56999929784797,33.978001738432795,2.815999323502183,219.39799989922903,1,1
674,object,32570.8014,53.94799882196821,113.48599946359172,31.412000680575147,3.2509997254237533,202.09699869155884,1,1
675,object,32570.827884372,33.81499846000224,112.80100079602562,36.10600106185302,2.4840010155458003,185.20600133342668,1,1
676,object,32570.854976651,38.851998397149146,117.12200284819119,30.86099968641065,2.811997546814382,189.64699847856537,1,1
677,object,32570.881696111,51.35399987921119,161.5290020708926,50.968999858014286,4.845998773816973,268.69800058193505,1,1
678,object,32570.910921573,38.27200271189213,131.93699851399288,34.078999306075275,3.578999894671142,207.86700042663142,1,1
679,object,32570.936981952,73.9009992685169,157.77400039951317,45.38099892670289,3.8580001273658127,280.91399872209877,1,1
680,object,32570.962883193,37.13000114657916,140.66099902265705,42.56000102031976,3.8280013541225344,224.1790025436785,1,1
681,object,32570.988895026,35.30400135787204,136.79299809155054,44.03500133776106,3.339999238960445,219.4720000261441,1,1
682,object,32571.013537006,35.915996704716235,153.11200331780128,40.54199962411076,3.502998879412189,233.07299852604046,1,1
683,object,32571.039541865,43.85499778436497,161.83000116143376,47.673001972725615,4.056997568113729,257.41499848663807,1,1
684,object,32571.065067639,44.839998736279085,205.12600167421624,72.97200136235915,4.739998985314742,327.6780007581692,1,1
685,object,32571.41610884,35.78399991965853,65.80099943676032,1.1270021786913276,31.626997952116653,134.33899948722683,2,1
686,object,32571.441227362,44.65000165509991,121.02599794161506,32.71700188633986,3.2479983929079026,201.64099987596273,2,1
687,object,32571.468074474,48.18800152861513,277.1619983832352,33.508000342408195,4.312998498789966,363.1709987530485,2,1
688,object,32585.929500114,61.81099888635799,178.94299890031107,88.22000017971732,8.645998605061322,337.6199965714477,2,1
689,object,32585.956042595,67.16899952152744,179.23099949257448,51.248000090708956,5.494999641086906,303.1429987458978,2,1
690,object,32585.981943561,41.69200110482052,139.50999709777534,30.003000574652106,3.2470015867147595,214.45200036396272,2,1
691,object,32586.006954399,35.48500171746127,150.52199887577444,30.955998227000237,2.9670009098481387,219.9299997300841,2,1
692,object,32586.031264841,37.9960001737345,112.22600005567074,27.052999939769506,3.05399953504093,180.32899970421568,2,1
693,object,32586.057203099,58.91299952054396,158.72799849603325,42.73200102034025,4.78999936603941,265.1629984029569,2,1
694,object,32586.083577504,54.366999393096194,155.04900147789158,47.025998355820775,4.454999725567177,260.8969989523757,2,1
695,object,32586.109957198,79.72700041136704,170.08299982990138,45.21599839790724,4.620000254362822,299.6459988935385,2,1
696,object,32586.135813595,46.96600080933422,148.32300075795501,43.23800021666102,4.605997673934326,243.13299945788458,2,1
697,object,32586.16027323,41.30299930693582,132.4519980698824,39.53900159103796,3.769000613829121,217.0629995816853,2,1
698,object,32586.187283479,51.229999371571466,156.43699953216128,767.8779984416906,7.2020011430140585,982.7469984884374,2,1
699,object,32586.217895071,68.72700032545254,175.13299826532602,630.9500022325665,6.084999768063426,880.8950005914085,2,1
700,object,32586.247117051,48.33699858863838,167.58600031607784,43.6610025644768,4.568999429466203,264.15300089865923,2,1
701,object,32586.273082087,43.441003072075546,134.34999709716067,39.913000364322215,3.8990001485217363,221.60300068208016,2,1
702,object,32586.297523541,50.43999772169627,143.27600001706742,42.236999433953315,4.631001502275467,240.58399867499247,2,1
703,object,32586.324167545,51.37100015417673,148.93499974277802,501.8800002289936,4.437999450601637,706.62399957655,2,1
704,object,32586.352039382,51.6420004714746,173.33399955532514,58.05899854749441,4.8530018830206245,287.8880004573148,2,1
705,object,32586.377378016,43.28800059738569,119.89699851255864,31.22400084976107,6.022000889061019,200.43100084876642,1,1
706,object,32586.40251419,32.38700082874857,107.51100126071833,28.459999157348648,2.8760005079675466,171.2340017547831,1,1
707,object,32586.426777151,28.5400019492954,108.60899783438072,32.5760011037346,2.529999619582668,172.25500050699338,1,1
708,object,32586.451009634,35.453002055874094,117.36899978131987,28.836999263148755,2.9650000215042382,184.62400112184696,1,1
709,object,32586.477796936,47.826000809436664,194.0869988175109,41.112001781584695,3.2179996196646243,286.2430010281969,1,1
710,object,32586.503323647,40.36999962409027,165.83099932176992,44.10900146467611,3.987999662058428,254.29800007259473,1,1
711,object,32586.529844469,43.955998989986256,198.046000150498,43.67400106275454,4.213998181512579,289.8899983847514,1,1
712,object,32586.555527209,54.98199971043505,149.87100075813942,46.354001824511215,4.002999048680067,255.21000134176575,1,1
713,object,32586.580269786,48.466998123330995,190.91899957857095,61.74300142447464,4.007000825367868,305.13599995174445,1,1
714,object,32586.606317858,46.491000830428675,157.50999955344014,48.89800038654357,4.1860002966132015,257.0850010670256,1,1
715,object,32586.632115118,43.98700184538029,150.8979985374026,45.02200317801908,4.164998244959861,244.07200180576183,1,1
716,object,32588.22019254,49.956997827393934,197.16500173672102,64.07099863281474,5.7680008467286825,316.9609990436584,1,1
717,object,32588.24555553,40.778999391477555,140.47000149730593,42.00799958198331,3.754998033400625,227.01199850416742,1,1
718,object,32588.269731992,30.523999157594517,128.19200128433295,40.98799763596617,3.122000634903088,202.82599871279672,1,1
719,object,32588.293091961,50.90099875815213,150.0489997852128,42.28400212014094,4.098998033441603,247.33299869694747,1,1
720,object,32588.319010296,34.29700154811144,119.23700003535487,32.292999094352126,2.812001184793189,188.63900186261162,1,1
721,object,32588.347803879,32.47099812142551,113.66200124030001,30.26699778274633,2.7900023269467056,179.18999947141856,1,1
722,object,32588.372521876,36.564000765793025,115.15999722178094,32.62900281697512,3.2569987524766475,187.60999955702573,1,1
723,object,32588.397024239,49.03500303043984,115.80999853322282,29.720999009441584,2.6039997464977205,197.17000031960197,1,1
724,object,32588.420477725,32.495998311787844,111.1230012611486,30.226998205762357,2.7000023692380637,176.54600014793687,1,1
725,object,32588.447294821,49.844002205645666,169.2949990683701,48.58299871557392,4.012999852420762,271.73499984201044,1,1
726,object,32588.476402687,53.5100007255096,156.55799870728515,34.85799970803782,4.202000127406791,249.12799926823936,1,1
727,object,32588.505309505,37.05700146383606,117.1020012407098,30.87599907303229,2.967997716041282,188.00299949361943,1,1
728,object,32588.531140755,32.40899968659505,136.29000022774562,31.334999221144244,2.6029993023257703,202.6369984378107,1,1
729,object,32588.556053824,35.297001886647195,113.80099749658257,31.914001738186926,2.5939989427570254,183.6060000641737,1,1
730,object,32588.582348202,42.87200135877356,275.1339998212643,33.2000017806422,3.444998583290726,354.6510015439708,1,1
731,object,32588.608972481,51.435999921523035,178.78499784274027,71.8060000508558,4.6530003601219505,306.67999817524105,1,1
732,object,32588.636679745,46.33999924408272,159.49100270518102,45.1989981229417,4.135999915888533,255.16599998809397,1,1
733,object,32588.662815736,38.59999924316071,143.4580008208286,45.638000301551074,3.379002009751275,231.07500237529166,1,1
734,object,32588.688264705,41.76199945504777,148.36400077911094,47.2270003228914,3.9959995774552226,241.34900013450533,1,1
735,object,32588.715537055,47.498000640189275,165.2409991947934,50.28600207879208,5.645997589454055,268.6709995032288,1,1
736,object,32588.742912758,49.682999815559015,200.23099932586774,93.22100231656805,5.179997970117256,348.31499942811206,1,1
737,object,32588.772608009,49.13900193059817,155.0879969727248,46.81300197262317,4.211000486975536,255.25100136292167,1,1
738,object,32588.79822028,31.48500036331825,131.64899792172946,42.3339988628868,3.326000296510756,208.79399744444527,1,1
739,object,32588.822969835,38.606998714385554,119.48400060646236,40.830000216374174,3.2770003599580377,202.19799989718013,1,1
740,object,32588.84999027,71.43900074879639,181.2330010579899,52.06299829296768,4.929999704472721,309.6649998042267,1,1
741,object,32588.876987518,52.233997848816216,160.70700075943023,48.3940020785667,4.655998054658994,265.99099874147214,1,1
742,object,32588.903675183,42.71600118954666,162.64100122498348,46.55399970943108,3.9719998312648386,255.88300195522606,1,1
743,object,32588.930210531,40.05399750894867,164.71500202897005,43.39400038588792,3.8919970393180847,252.05499696312472,1,1
744,object,32588.955598305,43.275998905301094,148.99999951012433,45.78800144372508,4.008998075732961,242.07299793488346,1,1
745,object,32588.982068793,46.24400025932118,177.0390008459799,49.649999709799886,4.661000275518745,277.5940010906197,1,1
746,object,32589.009394787,34.14800085010938,118.05099711637013,33.88400000403635,3.1609997677151114,189.24399773823097,1,1
747,object,32589.037846653,42.66800169716589,154.92699822061695,46.16800288204104,3.4179975045844913,247.18100030440837,1,1
748,object,32589.064414075,44.86999750952236,173.7180027703289,44.45199738256633,4.179000825388357,267.21899848780595,1,1
749,object,32589.091182507,51.72600140213035,150.25199900264852,44.994998461334035,4.166002327110618,251.13900119322352,1,1
750,object,32589.117859889,53.71500083128922,183.81900008535013,50.44199861004017,4.4959997467231005,292.4719992734026,1,1
751,object,32589.14390586,47.323999751824886,178.16399849834852,62.618000811198726,5.532001523533836,293.63800058490597,1,1
752,object,32589.17110296,37.64799839700572,121.82000136817805,35.536999348551035,2.9049988370388746,197.9099979507737,1,1
753,object,32589.197586022,37.721998523920774,144.927002111217,32.96199793112464,2.9469993023667485,218.55799786862917,1,1
754,object,32589.222086051,34.05200186534785,117.73699952755123,35.591001505963504,3.139997716061771,190.52000061492436,1,1
755,object,32589.249871799,52.71900226944126,171.8599996820558,48.74099977314472,4.194000212009996,277.51400193665177,1,1
756,object,32589.276112553,37.92799907387234,124.90099834394641,33.72400169610046,3.35000004270114,199.90299915662035,1,1
757,object,32589.301308572,39.337999623967335,125.38399823824875,36.3670005754102,3.35000004270114,204.43899848032743,1,1
758,object,32589.328058991,34.111999411834404,119.36900045839138,35.31699985614978,3.4050026442855597,192.20300237066112,1,1
759,object,32589.35494839,34.37100167502649,142.1349988959264,37.37000224646181,3.3719989005476236,217.24800171796232,1,1
760,object,32589.382597937,54.56199869513512,195.6269989022985,58.64000195288099,4.53100074082613,313.36000029114075,1,1
761,object,32589.410901954,38.84000034304336,141.2839992553927,37.881000025663525,3.2530006137676537,221.25800023786724,1,1
762,object,32589.439908557,39.76199877797626,136.66499944520183,37.50800169655122,3.297998773632571,217.23299869336188,1,1
763,object,32589.467866621,49.51000300934538,148.14599853707477,40.03800131613389,3.6059973353985697,241.3000001979526,1,1
764,object,32589.496272996,38.40300269075669,126.476999867009,36.01499702199362,3.3190008252859116,204.21400040504523,1,1
765,object,32589.525189624,41.51900066062808,136.3019982818514,36.77499989862554,3.4750009945128113,218.07099983561784,1,1
766,object,32589.553567735,45.50499943434261,142.94900029199198,39.68199962400831,3.46999877365306,231.60599812399596,1,1
767,object,32589.58039572,48.35599975194782,167.90399968158454,53.97999848355539,4.811001417692751,275.0509993347805,1,1
768,object,32589.607693589,53.674997616326436,171.8280000204686,55.241001973627135,4.317000275477767,285.06099988589995,1,1
769,object,32589.632973498,66.44200038863346,200.88900055270642,52.8050004504621,5.179001163924113,325.3150025557261,1,1
770,object,32589.663768766,42.40099951857701,140.00000010128133,36.88200013129972,3.545999788912013,222.82899954007007,1,1
771,object,32589.694048547,41.351999243488535,129.5200017921161,38.38599877781235,3.48799949279055,212.74599930620752,1,1
772,object,32589.725818887,42.5709986302536,128.37900067097507,51.23200025991537,3.634999302448705,225.81699886359274,1,1
773,object,32589.754220345,38.98499926435761,128.79800124210306,36.525998439174145,3.2650023058522493,207.57400125148706,1,1
774,object,32589.784117738,54.15100167738274,190.93099763267674,56.79300011252053,5.2390023483894765,307.1140017709695,1,1
775,object,32589.814925352,49.64100298820995,203.82899674586952,82.25400233641267,7.320999429794028,343.04500150028616,1,1
776,object,32589.843761973,41.02200182387605,135.29399802791886,37.71499905269593,3.4100012271665037,217.44100013165735,1,1
777,object,32589.87231934,39.514001400675625,126.33000005735084,36.60499714897014,3.150002157781273,205.59900076477788,1,1
778,object,32589.900037372,57.858000218402594,181.71299961977638,61.05899956310168,5.081001290818676,305.71100069209933,1,1
779,object,32589.929214274,54.008000006433576,188.97199697676115,62.62700117076747,4.836001608055085,310.4429997620173,1,1
780,object,32589.957558502,53.96699998527765,182.7830019465182,56.11400047200732,5.08299854118377,297.94700094498694,1,1
781,object,32589.9893297,58.6989990551956,188.5999990918208,56.25400081044063,5.3580006351694465,308.91099959262647,1,1
782,object,32590.018795483,43.1929984188173,180.8240012906026,55.87100167758763,4.822999471798539,284.7110008588061,1,1
783,object,32590.050043222,56.542001402704045,2494.8489990492817,120.77000064891763,6.40399957774207,2678.5650006786454,1,1
784,object,32590.080221693,79.56700210343115,186.99599968385883,73.37900024140254,5.092999344924465,345.035001373617,1,1
785,object,32590.109592323,49.67700078850612,148.30700092716143,41.70199827058241,4.09900167142041,243.78500165767036,1,1
786,object,32590.13899471,48.694000724935904,127.07899804809131,35.867000406142324,3.2080024539027363,214.84800163307227,1,1
787,object,32590.168374605,60.5630011705216,178.92899995786138,811.3149997370783,6.665999535471201,1057.4730004009325,1,1
788,object,32590.201911437,37.66399822779931,142.56800204748288,40.72299998369999,3.3759970392566174,224.3309972982388,1,1
789,object,32590.230512302,96.14099690224975,240.6090025033336,87.33199865673669,6.647002010140568,430.7290000724606,1,1
790,object,32590.259426973,42.67699841875583,131.46000128472224,39.057998947100714,3.7660029192920774,216.96100156987086,1,1
791,object,32590.288343972,38.72800152748823,142.59000090532936,44.28999818628654,3.21100014843978,228.8190007675439,1,1
792,object,32590.31888247,57.252000260632485,196.85399820446037,57.421999372309074,5.169000360183418,316.69699819758534,1,1
793,object,32590.347698817,43.23800021666102,168.9609998720698,53.0379984411411,4.453999281395227,269.69099781126715,1,1
794,object,32590.377874355,37.292000342858955,134.85800081980415,38.64799873554148,3.3329997677356005,214.13099966594018,1,1
795,object,32590.406774479,37.04099799506366,129.4030007557012,38.17000106209889,3.788998583331704,208.40299839619547,1,1
796,object,32590.435327029,56.50899765896611,174.37499991501682,53.815001592738554,4.642999556381255,289.34199872310273,1,1
797,object,32590.466403283,48.449997848365456,141.99400175129995,40.09999975096434,3.2860007195267826,233.83000007015653,1,1
798,object,32590.495648913,44.32199784787372,136.3060000585392,37.153000448597595,3.6720011848956347,221.45299953990616,1,1
799,object,32590.523859813,33.783999242587015,135.8539993816521,38.835998566355556,3.1480012694373727,211.62199846003205,1,1
800,object,32590.552588927,35.93700239434838,125.66699660965241,35.54700015229173,3.1039999157655984,200.25499907205813,1,1
801,object,32590.583848021,51.975999667774886,1210.3529988962691,68.69100252515636,5.4679985623806715,1336.487999651581,1,1
802,object,32590.613504128,36.3690014637541,126.326998724835,38.3080005121883,3.453998942859471,204.45799964363687,1,1
803,object,32590.643372908,35.78999894671142,133.2829997409135,39.88200114690699,3.187997208442539,212.14299704297446,1,1
804,object,32590.672994684,43.44700209912844,127.45699859806336,36.92400059662759,3.1179988582152873,210.94600015203469,1,1
805,object,32590.704341258,52.14400152908638,184.12099962006323,53.75299951992929,4.723002348328009,294.7410030174069,1,1
806,object,32590.735598166,37.447000067913905,134.89699995261617,40.86999979335815,3.225999535061419,216.43999934894964,1,1
807,object,32590.764075841,45.3569991805125,136.77899914910085,39.64300049119629,3.384000592632219,225.16299941344187,1,1
808,object,32590.791935781,33.93299994058907,131.97700172895566,38.0669989681337,2.9330003599170595,206.9100009975955,1,1
809,object,32590.817509603,37.51099939108826,128.73900050180964,38.11100032180548,3.1509989639744163,207.5119991786778,1,1
810,object,32590.844256654,57.790999562712386,173.25299995718524,39.57800072384998,3.6470009945333004,274.2690012382809,1,1
811,object,32590.872601204,56.836001022020355,188.31299894372933,57.997000112663954,4.986999556422234,308.13299963483587,1,1
812,object,32590.900495013,40.5489990953356,133.07900007930584,39.340000512311235,3.2150019251275808,216.18300161208026,1,1
813,object,32590.927569363,34.3510000675451,132.23999849287793,39.89300239481963,3.230998117942363,209.71499907318503,1,1
814,object,32590.954737018,46.329998440342024,129.10000077681616,35.87899846024811,3.541001206031069,214.84999888343737,1,1
815,object,32590.983241585,42.7330014645122,134.12099724519067,38.59100252157077,3.2700008887331933,218.71500212000683,1,1
816,object,32591.016708475,33.333999454043806,126.0050012206193,37.40100146387704,3.0319970392156392,199.7719991777558,1,1
817,object,32591.050121194,45.223001507110894,137.0860009046737,37.287998566171154,3.32999843521975,222.9269994131755,1,1
818,object,32591.077863405,34.29899879847653,130.39700206718408,37.65899964491837,3.555000148480758,205.91000065905973,1,1
819,object,32591.105773415,76.55799709027633,294.8440014733933,83.04400034830905,6.395999662345275,460.84199857432395,1,1
820,object,32591.137232239,37.35299833351746,154.20500130858272,39.11999738193117,3.5010016290470958,234.17899865307845,1,1
821,object,32591.168814462,35.97100294427946,129.82499902136624,50.34499918110669,3.3319993235636503,219.47300047031604,1,1
822,object,32591.196202276,42.14799992041662,131.9579969276674,36.69800207717344,3.840999852400273,214.64499877765775,1,1
823,object,32591.224255571,37.86000161198899,128.42700016335584,38.78399729728699,3.1720010156277567,208.24300008825958,1,1
824,object,32591.25475803,42.12099884171039,135.57199781644158,36.83800241560675,3.5379998735152185,218.06899894727394,1,1
825,object,32591.289401656,50.624003051780164,180.82699898513965,53.98500070441514,4.767000064020976,290.20300280535594,1,1
826,object,32591.319590951,35.94599911593832,125.45600111479871,39.04000186594203,2.934997610282153,203.37699970696121,1,1
827,object,32591.347727955,34.18699998292141,123.32000187598169,35.59899778338149,3.3080032153520733,196.41400285763666,1,1
828,object,32591.376188657,52.171002607792616,181.63599816034548,54.928001191001385,4.694997187471017,293.4299991466105,1,1
829,object,32591.40557973,50.23099947720766,131.42000170773827,37.97599856625311,3.6320016079116613,223.2590013591107,1,1
830,object,32591.432968874,48.694000724935904,137.58299974142574,39.629998354939744,3.5619996197056025,229.468998441007,1,1
831,object,32591.459488915,38.628000766038895,136.27999942400493,39.8580014007166,3.597997420001775,218.3639990107622,1,1
832,object,32591.487183711,39.39700036426075,129.94899952900596,38.86500053340569,3.630000719567761,211.84100114624016,1,1
833,object,32591.515158294,56.02599776466377,183.1720001064241,54.29800148704089,3.811997885350138,297.3079972434789,1,1
834,object,32591.542496725,34.3510000675451,134.95700113708153,37.71800038521178,3.4559998312033713,210.4820014210418,1,1
835,object,32591.570259724,40.742997953202575,131.81100075598806,40.54099917993881,3.2570023904554546,216.3520002795849,1,1
836,object,32591.598126139,43.46299829194322,133.0640006926842,38.018999475752935,3.2960015232674778,217.84199998364784,1,1
837,object,32591.625213165,46.26300142263062,145.63899821951054,39.13800173904747,3.7229983718134463,234.76299975300208,1,1
838,object,32591.654272324,58.409998018760234,187.36700076260604,502.72400039830245,5.550999048864469,754.0519982285332,1,1
839,object,32591.681034492,37.70100011024624,129.47699724463746,36.65999975055456,3.3900032576639205,207.22800036310218,1,1
840,object,32591.709261688,37.65400106203742,130.4949983023107,40.70599970873445,3.5570010368246585,212.41200010990724,1,1
841,object,32591.737255213,34.04000017326325,124.71599984564818,35.23900159052573,3.1129966373555362,197.1079982467927,1,1
842,object,32591.763608628,41.13400063943118,132.51400014269166,36.41700095613487,3.5619996197056025,213.6270013579633,1,1
843,object,32591.791795833,41.7990013374947,137.691997224465,44.84600140131079,3.968998498748988,228.3059984620195,1,1
844,object,32591.824124642,40.13999932794832,128.95599866169505,38.33100345218554,3.3999967854470015,210.8269982272759,1,1
845,object,32591.856266255,39.36899884138256,130.38400356890634,35.361998016014695,3.23000131174922,208.34500173805282,1,1
846,object,32591.885302827,42.75600076653063,139.46300168754533,38.54999886243604,3.097000444540754,223.86600176105276,1,1
847,object,32591.917712069,37.46999936993234,130.02600098843686,38.3080005121883,3.0659975891467184,208.86999845970422,1,1
848,object,32591.947539146,49.56699922331609,196.69999892357737,386.0320030071307,5.96999961999245,638.2690007740166,1,1
849,object,32591.981414537,38.60400101984851,102.09899846813641,1.4399993233382702,40.508002712158486,182.65100152348168,2,1
850,object,32592.01186689,61.86099926708266,148.57900168863125,38.24099985649809,3.812998329522088,252.4939991417341,2,1
851,object,32592.042281551,68.42199945822358,234.19500212185085,93.59999967273325,8.629998774267733,404.8470000270754,2,1
852,object,32592.073893088,75.19700011471286,220.97100008977577,58.074998378288,6.332000339170918,360.57499892194755,2,1
853,object,32592.103021438,71.99999890872277,216.15299920085818,55.47000182559714,5.450998287415132,349.0739982225932,2,1
854,object,32592.13204499,54.77900049299933,173.3939971018117,2.0990009943488985,54.00900045060553,284.28099903976545,3,1
855,object,32592.162677001,77.70899901515804,219.1400017181877,58.28099892823957,6.735997885698453,361.86599754728377,3,1
856,object,32592.193551085,55.149997933767736,170.56900105671957,35.85299782571383,4.328001523390412,265.89999833959155,3,1
857,object,32592.221806703,56.88999954145402,175.93599841347896,34.67799979262054,4.860001354245469,272.363999101799,3,1
858,object,32592.251857194,59.47199679212645,170.03800167003646,36.297999031376094,4.525001713773236,270.33299920731224,3,1
859,object,32592.2813738,56.42299947794527,164.62599887745455,35.03100015223026,4.284000169718638,260.3639986773487,3,1
860,object,32592.311560799,102.8929982567206,240.6290004728362,54.55700011225417,6.4430023485329,404.5220011903439,3,1
861,object,32592.343547371,80.52699922700413,225.11999850394204,72.5739992049057,11.808002454927191,390.02899939077906,3,1
862,object,32592.375106616,57.50299897044897,172.90300093009137,35.570999898482114,4.917001206194982,270.89400100521743,3,1
863,object,32592.40508384,52.46499858913012,165.45600010431372,36.16899994085543,4.214001819491386,258.30400045379065,3,1
864,object,32592.436405815,80.34799975575879,260.8110007713549,53.800002206116915,6.472997483797371,401.43200021702796,3,1
865,object,32592.470631936,65.50099715241231,170.04200344672427,36.109999200562015,4.443998477654532,276.0969982773531,3,1
866,object,32592.499886027,56.06100239674561,181.17999934474938,36.263998481445014,4.927002009935677,278.4320022328757,3,1
867,object,32592.528945147,82.3399968794547,245.63400074839592,58.990000979974866,6.71900124871172,393.6829998565372,3,1
868,object,32592.557076271,77.18699998804368,170.31599782058038,35.96000169636682,4.359000740805641,287.8220002457965,3,1
869,object,32592.587501907,62.20199793460779,185.6460003182292,36.198001907905564,4.602999979397282,288.64900014013983,3,1
870,object,32592.615460194,60.597998526645824,176.76700008451007,37.58400271181017,5.104997399030253,280.0539987219963,3,1
871,object,32592.647109057,53.53799861040898,152.09599951049313,37.81000123126432,4.194000212009996,247.63799956417643,3,1
872,object,32592.677129137,58.00700091640465,164.32800111942925,48.24999996344559,4.335000994615257,274.92000299389474,3,1
873,object,32592.707662884,82.82099952339195,216.93099915864877,62.00999996508472,10.07000173558481,371.83200038271025,3,1
874,object,32592.742271658,75.64599945908412,222.5700009148568,54.48199954116717,6.260001100599766,358.95800101570785,3,1
875,object,32592.774185742,69.6419992891606,209.84499860787764,53.68400161387399,6.2779981817584485,339.4489976926707,3,1
876,object,32592.801974617,68.9309999870602,188.96999972639605,52.152001444483176,5.889000021852553,315.942001179792,3,1
877,object,32592.829446634,64.591000409564,179.5839998521842,49.11799987894483,6.078000296838582,299.3710004375316,3,1
878,object,32592.859923995,105.87799988570623,232.4719971511513,55.04600267158821,7.820999599061906,401.21699930750765,3,1
879,object,32592.891710706,52.44799831416458,155.12599929934368,35.23500345181674,4.713998350780457,247.52299941610545,3,1
880,object,32592.921347054,63.41900007100776,172.18199718627147,39.75300205638632,5.079000402474776,280.43299971614033,3,1
881,object,32592.951207043,57.564000599086285,161.49200018844567,37.51500116777606,4.549998266156763,261.1210002214648,3,1
882,object,32592.983455105,50.566999561851844,150.30999929876998,35.03300104057416,4.222998541081324,240.1329984422773,3,1
883,object,32593.020426745,65.922002249863,161.6629997442942,38.96999987773597,4.211000486975536,270.7660023588687,3,1
884,object,32593.051757907,57.92400042992085,154.32500003953464,43.61700121080503,6.26499968348071,262.13100136374123,3,1
885,object,32593.079553385,60.08600030327216,175.12100021122023,38.12700015259907,4.839999746764079,278.17400041385554,3,1
886,object,32593.109244527,88.34199979901314,219.72900140099227,640.8319968613796,12.757001968566328,961.6600000299513,2,1
887,object,32593.141999161,75.35000258940272,199.82199955848046,56.64999844157137,5.697002052329481,337.519002641784,2,1
888,object,32593.170874869,48.42999987886287,151.98700202745385,36.076999094802886,3.9810001908335835,240.4750011919532,2,1
889,object,32593.198098952,45.88599767885171,136.43400234286673,33.97999898879789,3.7370009522419423,220.03699996275827,2,1
890,object,32593.225166833,94.89299918641336,282.2230017045513,76.12099943798967,8.16000101622194,461.39700134517625,2,1
891,object,32593.253037732,46.05100184562616,144.48199726757593,35.77000097720884,4.208999598631635,230.51199968904257,1,1
892,object,32593.280154919,42.5689977419097,131.9880029768683,38.97699934896082,3.574998117983341,217.10899818572216,1,1
893,object,32593.30832388,58.76700015505776,155.1000023027882,41.67099905316718,3.387998731341213,258.92600024235435,1,1
894,object,32593.336480527,37.34699930646457,130.60100172879174,35.04699998302385,2.9809998522978276,205.976000870578,1,1
895,object,32593.366147151,57.13599966838956,209.44200150552206,59.730999055318534,4.68700091005303,330.9960011392832,1,1
896,object,32593.394846701,40.48899791087024,139.6469997416716,37.67800080822781,3.772998752538115,221.58699721330777,1,1
897,object,32593.423023152,100.01199916587211,337.50700094969943,86.93799827597104,6.307000148808584,530.7639985403512,1,1
898,object,32593.450594166,35.90000051190145,126.61000073421746,40.483999327989295,2.9650000215042382,205.95900059561245,1,1
899,object,32593.476983522,50.136000936618075,158.59799896134064,65.90100019820966,4.756999260280281,279.39199935644865,1,1
900,object,32593.505286832,46.83099905378185,134.4720003544353,36.88399738166481,3.2240022846963257,221.41099907457829,1,1
901,object,32593.537666652,35.77000097720884,127.62299957103096,35.15299977152608,3.0900009733159095,201.6360012930818,1,1
902,object,32593.569641044,36.686000385088846,125.48800077638589,38.93299799528904,3.1230010790750384,204.23000023583882,1,1
903,object,32593.598106768,34.844000765588135,126.33999722311273,38.6930005333852,3.1720010156277567,203.04899953771383,1,1
904,object,32593.627468776,48.21399852517061,173.74299932271242,54.59300155052915,4.363999323686585,280.91399872209877,1,1
905,object,32593.659191917,37.66000008909032,126.9570020667743,37.84100044867955,3.206998371751979,205.66500097629614,1,1
906,object,32593.690864744,46.46199886337854,161.17300037876703,39.3150003219489,3.9580008888151497,250.90800045290962,1,1
907,object,32593.718978575,41.86299702269025,126.20300185517408,35.54599970811978,2.968998160213232,206.58099674619734,1,1
908,object,32593.746956483,37.68900205614045,135.87399735115469,34.32200173847377,3.306999133201316,211.19200027897023,1,1
909,object,32593.776081158,52.49799869488925,142.65000208979473,39.51199687435292,3.8030011637602,238.4629988227971,1,1
910,object,32593.808597078,42.61299909558147,164.68900139443576,52.36599827185273,4.417001036927104,264.08499979879707,1,1
911,object,32593.836368599,46.66699896915816,172.41300156456418,51.77699858904816,4.51099913334474,275.36799825611524,1,1
912,object,32593.864381621,41.63999983575195,165.88800281169824,52.855997637379915,4.82700124848634,265.21100153331645,1,1
913,object,32593.892957731,58.42400059918873,178.42399756773375,58.46100248163566,5.133999366080388,300.4430000146385,1,1
914,object,32593.922206697,50.572001782711595,175.28399985167198,56.240998674184084,4.900000931229442,286.9970012397971,1,1
915,object,32593.949320387,44.527998397825286,168.95199951250106,53.589999879477546,4.371002432890236,271.44100022269413,1,1
916,object,32593.97743697,42.82100053387694,161.134001245955,51.76199920242652,4.123001417610794,259.84000239986926,1,1
917,object,32594.005613714,43.05599941289984,161.16899860207923,52.38299854681827,4.434001311892644,261.04199787369,1,1
918,object,32594.033937194,71.21000089682639,205.80500131472945,52.22899926593527,4.661000275518745,333.90500175300986,1,1
919,object,32594.062873207,41.023999074241146,172.38399959751405,53.34200250217691,4.424997314345092,271.1749984882772,1,1
920,object,32594.09040572,51.175000407965854,177.108002390014,54.332998843165115,4.959998477715999,287.576000118861,1,1
921,object,32594.118134816,47.937002818798646,165.1579987083096,51.68400093680248,4.818997695110738,269.59800015902147,1,1
922,object,32594.145960157,49.0870006615296,163.04400196531788,52.84899816615507,4.192999767838046,269.1730005608406,1,1
923,object,32594.175334334,53.37300171959214,180.46799959847704,53.08199979481287,4.9640002544038,291.88700136728585,1,1
924,object,32594.203634408,39.70900070271455,126.45899914787151,35.21499820635654,3.441000444581732,204.82399850152433,1,1
925,object,32594.233459393,40.23099972982891,132.27900126366876,36.565001209964976,3.544999344740063,212.6200015482027,1,1
926,object,32594.262950278,36.528999771689996,140.8809985150583,36.81700036395341,3.4750009945128113,217.70199964521453,1,1
927,object,32594.290146207,35.814999137073755,125.58500020531937,37.28700175997801,3.249999281251803,201.93700038362294,1,1
928,object,32594.318537416,52.639003115473315,206.04800010914914,74.7599988244474,5.0249982450623065,338.47200029413216,1,1
929,object,32594.347860027,35.556000511860475,136.83300130651332,38.19499761448242,3.5140001273248345,214.09799956018105,1,1
930,object,32594.376776183,31.286999728763476,73.587001679698,1.2739983503706753,36.459001421462744,142.6070011802949,2,1
931,object,32594.405611384,47.06799882114865,129.70999887329526,37.756999518023804,3.9330006984528154,218.46799791092053,2,1
932,object,32594.433318427,81.78600182873197,264.71299861441366,504.26999951014295,6.973001291044056,857.7420012443326,2,1
933,object,32594.463666528,70.41799835860729,200.7750008488074,59.766000049421564,12.644999515032396,343.60399877186865,2,1
934,object,32594.491989746,56.92500053555705,138.26000213157386,36.22399890446104,3.9629994716960937,235.37200104328804,2,1
935,object,32594.520834201,49.27599729853682,153.37300283135846,38.89299841830507,4.268000338925049,245.8099988871254,2,1
936,object,32594.549357368,47.58599970955402,132.20999971963465,38.41000216198154,3.896999260177836,222.10300085134804,2,1
937,object,32594.577685862,51.1799989908468,137.6270010950975,39.143997128121555,3.9130027289502323,231.8639999430161,2,1
938,object,32594.606434397,50.21200195187703,135.7669971184805,39.88900061813183,4.2000028770416975,230.06800256553106,2,1
939,object,32594.635329852,47.3689979116898,135.89300215244293,38.300000596791506,4.120996891288087,225.68299755221233,2,1
940,object,32594.66429213,43.49099981482141,127.83599959220737,35.16099968692288,3.9490005292464048,210.43699962319806,2,1
941,object,32594.691384747,49.55600161338225,132.3670003330335,38.346999645000324,4.279998393030837,224.5499999844469,2,1
942,object,32594.719393928,51.68499774299562,137.91300079901703,36.023000575369224,3.8059988582972437,229.42699797567911,2,1
943,object,32594.748574327,50.115999329136685,134.53200153890066,38.556998333660886,4.091001756023616,227.29600095772184,2,1
944,object,32594.777924546,49.23999949824065,141.84799874783494,36.54300235211849,4.484998498810455,232.11599909700453,2,1
945,object,32594.806924709,45.103002776158974,133.30399815458804,35.08000008878298,3.731998731382191,217.2189997509122,2,1
946,object,32594.834686552,53.35700188879855,135.89199807029217,37.756999518023804,4.3149993871338665,231.3209988642484,2,1
947,object,32594.865167294,48.05899880011566,134.05000208877027,35.663000744534656,3.878998541040346,221.65100017446093,2,1
948,object,32594.892918307,73.08000203920528,216.13099670503289,93.5200005187653,6.389000191120431,389.1199994541239,2,1
949,object,32594.920867179,57.702000049175695,192.04099953640252,52.81400081003085,5.889000021852553,308.4460004174616,2,1
950,object,32594.948690963,61.474001995520666,171.88499987241812,52.28000009083189,9.12699761101976,294.76599956979044,1,1
951,object,32594.978182028,46.66499808081426,178.27800184022635,54.36399806058034,4.520999937085435,283.8279979187064,1,1
952,object,32595.006277284,38.99000148521736,128.3269994019065,39.18999937013723,3.215998731320724,209.72299898858182,1,1
953,object,32595.035305952,39.74400169681758,130.14499927521683,41.86699879937805,3.3670003176666796,215.12300008907914,1,1
954,object,32595.06378507,37.19300002558157,133.34799950825982,36.37999907368794,3.2240022846963257,210.14500089222565,1,1
955,object,32595.091124525,39.787999412510544,128.76400069217198,35.31800030032173,3.2940006349235773,207.16400103992783,1,1
956,object,32595.119083391,57.27900133933872,199.41499704145826,70.55100286379457,5.733996658818796,332.97899790341035,1,1
957,object,32595.146585591,37.11600220412947,124.35799726517871,43.302003177814186,3.1859999580774456,207.9620026051998,1,1
958,object,32595.175317878,35.568999010138214,128.1929980905261,36.126999475527555,2.9650000215042382,202.8539965976961,1,1
959,object,32595.204066407,35.03900006762706,122.02300058561377,37.22799738170579,3.4100012271665037,197.69999926211312,1,1
960,object,32595.234861544,63.9080026303418,194.921998627251,55.54100061999634,4.543999239103869,318.915001116693,1,1
961,object,32595.261968502,45.04599928623065,164.31599942734465,53.67400081013329,4.311001248424873,267.34700077213347,1,1
962,object,32595.505739008,54.79899846250191,103.52200115448795,2.2659987735096365,58.08600326417945,218.67300165467896,2,1
963,object,32595.533650318,45.444998249877244,133.9250011369586,39.444999856641516,3.787001332966611,222.60200057644397,2,1
964,object,32595.56085846,61.19799945736304,121.62100028945133,1.5289988368749619,38.28400076599792,222.63199934968725,3,1
965,object,32595.588519276,60.31800148775801,182.31399735668674,38.60099968733266,4.813002306036651,286.04600083781406,3,1
966,object,32595.614198013,59.608999436022714,137.24100062972866,33.22100019431673,4.275996616343036,234.34699687641114,3,1
967,object,32595.642324842,83.63099914276972,209.0580019284971,54.005999118089676,7.472001016139984,354.1670012054965,3,1
968,object,32595.670133039,55.847001931397244,144.31999807129614,37.71500269067474,4.829998943023384,242.7120016363915,3,1
969,object,32595.698482634,53.8200001756195,144.63199840974994,36.93899998324923,4.5240012696012855,239.91499983821996,3,1
970,object,32595.725334655,54.91900083143264,146.05099931941368,38.23999941232614,4.479003109736368,243.68900267290883,3,1
971,object,32595.752194485,64.71499727922492,191.98900190531276,38.02699939114973,7.070000719977543,301.80099929566495,3,1
972,object,32595.780045509,83.29399861395359,210.89900110382587,59.82199945719913,7.312999514397234,361.3279986893758,3,1
973,object,32595.80610299,56.50899765896611,143.82999870576896,47.91200262843631,6.346999725792557,254.59799871896394,3,1
974,object,32595.832775977,49.80200174031779,139.95199697092175,41.46600258536637,4.200999683234841,235.42100097984076,3,1
975,object,32595.859453097,53.29999839887023,138.34499986842275,36.410001484910026,4.026998794870451,232.08199854707345,3,1
976,object,32595.88556393,103.26299889129587,242.76199837913737,62.99400047282688,7.071001164149493,416.0899989074096,3,1
977,object,32595.913929846,91.07500227401033,211.26199862919748,59.840000176336616,7.457998435711488,369.6349995152559,3,1
978,object,32595.940271648,70.74699897202663,191.56800044584088,55.62799924518913,6.595000741071999,324.53799940412864,3,1
979,object,32595.967787058,70.38900002953596,199.39999765483662,54.11199890659191,6.657002813881263,330.55799940484576,3,1
980,object,32595.995295567,73.35499685723335,190.34600336453877,54.88299939315766,6.117999873822555,324.70199948875234,3,1
981,object,32596.021848301,76.90699931117706,204.96800061664544,55.4510006622877,6.398000550689176,343.7240011407994,3,1
982,object,32596.049355706,91.37300003203563,240.25500169955194,72.62099825311452,17.007001588353887,421.256001573056,2,1
983,object,32596.076964654,58.79099990124814,138.84600048186257,34.133001463487744,4.105997504666448,235.8759993512649,2,1
984,object,32596.1038681,47.19800199382007,148.89099838910624,37.7690012101084,6.8199988163542,240.67800040938891,1,1
985,object,32596.131164992,45.95900099957362,125.67000158014707,35.00899765640497,3.2509997254237533,209.88899996154942,1,1
986,object,32596.15938534,53.59699935070239,180.34199820249341,60.633999964920804,4.823999915970489,299.3969974340871,1,1
987,object,32596.187568193,50.09099913877435,200.7790026254952,91.70199700747617,6.684000254608691,349.2559990263544,1,1
988,object,32596.216429573,51.440001698210835,176.59399964031763,55.09000038728118,5.3389994718600065,288.46300119766966,1,1
989,object,32596.24402701,49.82699829270132,183.82399866823107,53.59900023904629,5.064001015853137,292.3139982158318,1,1
990,object,32596.270388135,42.76099934941158,171.46600293926895,53.68299753172323,4.8910005716606975,272.80100039206445,1,1
991,object,32596.298765589,45.641001634066924,175.87500042282045,58.83699850528501,4.741999873658642,285.095000435831,1,1
992,object,32596.327241719,47.0000013592653,168.685000971891,56.32299871649593,4.6050008677411824,276.6130019153934,1,1
993,object,32596.35616491,40.326998714590445,129.86100045964122,38.28999979305081,3.321001713629812,211.7990006809123,1,1
994,object,32596.384201593,38.734000554541126,125.63500058604404,35.12799958116375,3.5090015444438905,203.0060022661928,1,1
995,object,32596.410474529,36.93500184454024,124.70399815356359,34.33500023675151,3.330002073198557,199.3040023080539,1,1
996,object,32596.441242207,61.50999979581684,181.64599896408617,53.46200123312883,5.198999133426696,301.81699912645854,1,1
997,object,32596.470241048,69.40800085430965,266.38800045475364,82.62000119430013,6.643000233452767,425.0590027368162,1,1
998,object,32596.499830149,38.540998502867296,125.05600170698017,48.619996960042045,3.806002496276051,216.02299966616556,1,1
999,object,32596.527803061,35.815999581245705,125.64100325107574,45.580996811622754,3.7290010368451476,210.76700068078935,1,1
1000,object,32596.557072396,58.3019973419141,178.9980015018955,39.335998735623434,3.770001058001071,280.4059986374341,1,1
1001,object,32596.588009465,50.49200262874365,174.04900063411333,47.611996706109494,4.171000909991562,276.32400087895803,1,1
1002,object,32596.616901673,41.420000343350694,149.62000204832293,38.62299854517914,3.8719990698155016,233.53500000666827,1,1
1003,object,32596.64549364,34.98499791021459,123.98100079735741,34.463002521079034,3.068998921662569,196.4980001503136,1,1
1004,object,32596.672287546,36.91899837576784,133.12000010046177,35.40900070220232,3.2280004234053195,208.67599960183725,1,1
1005,object,32596.701179589,59.96400068397634,174.25999976694584,54.69900133903138,4.910998541163281,293.83400033111684,1,1
1006,object,32596.730014252,51.50099968886934,184.243999683531,59.927002439508215,4.831999831367284,300.50400164327584,1,1
1007,object,32596.757978593,45.24299947661348,129.84000204596668,38.26600004686043,3.2520001695957035,216.6010017390363,1,1
1008,object,32596.785795912,37.21699977177195,124.56200056476519,34.15899846004322,3.359000402269885,199.29699919885024,1,1
1009,object,32596.81202231,34.112999856006354,120.7370005431585,35.13899719109759,3.1130002753343433,193.1019978655968,1,1
1010,object,32596.841942873,71.17099812603556,193.243999092374,470.42500227689743,6.124999345047399,740.9649988403544,1,1
1011,object,32596.869580961,44.98999987845309,135.1040009467397,38.745998608646914,3.360000846441835,222.20000028028153,1,1
1012,object,32596.899870319,43.58799924375489,134.78300024871714,37.443998735398054,3.630000719567761,219.44499894743785,1,1
1013,object,32596.928295447,34.80300074443221,123.26800060691312,35.049997677560896,3.4530021366663277,196.57400116557255,1,1
1014,object,32596.959819845,41.88499951851554,131.33700122125447,47.465000534430146,3.272998583270237,223.9599998574704,1,1
1015,object,32596.987413849,45.23099778452888,171.6049991955515,53.60600334824994,4.606998118106276,275.0489984464366,1,1
1016,object,32597.014785387,62.512001022696495,124.62599988793954,2.033997589023784,65.26300057885237,254.4349990785122,2,1
1017,object,32597.041784601,52.78800017549656,171.2440025585238,51.42699956195429,4.811998223885894,280.27100051986054,2,1
1018,object,32597.067342789,48.36000152863562,155.84699940518476,49.84999759471975,5.171001248527318,259.22799977706745,2,1
1019,object,32597.094091772,84.68699888908304,197.91700105997734,51.748000259976834,6.399000994861126,340.75100120389834,2,1
1020,object,32597.122455724,56.47600119118579,169.62100198725238,52.892999519826844,5.284000508254394,284.2740032065194,2,1
1021,object,32597.1490685,50.121001549996436,139.95599874760956,36.84900002554059,4.1240018617827445,231.05000218492933,2,1
1022,object,32597.176553262,50.254999223398045,129.80300016351976,35.73999856598675,3.9059996197465807,219.70399757265113,2,1
1023,object,32597.204818236,48.0739981867373,132.76100071379915,53.14800000633113,3.884000761900097,237.86699966876768,2,1
1024,object,32597.234472474,71.82600165833719,180.3619998099748,54.19799708761275,5.2800023695454,311.66600092547014,2,1
1025,object,32597.266672183,47.59100193041377,129.85799912712537,36.713998269988224,4.298002750147134,218.4610020776745,2,1
1026,object,32597.300634984,53.98999928729609,134.35599976219237,37.81900159083307,4.194000212009996,230.35900085233152,2,1
1027,object,32597.33452555,48.554000386502594,137.5800020468887,35.53999704308808,3.6530000215861946,225.32699949806556,2,1
1028,object,32597.367784111,64.90799933089875,197.2919999388978,69.39000013517216,5.53700010641478,337.1269995113835,2,1
1029,object,32597.400566852,49.787999159889296,144.35100092669018,36.983001336921006,4.373996489448473,235.49599791294895,2,1
1030,object,32597.435568513,52.26000212132931,142.57799921324477,36.07100006774999,3.8439975469373167,234.75299894926138,2,1
1031,object,32597.470033787,52.20399907557294,147.28699898114428,36.17200127337128,4.18099807575345,239.84399740584195,2,1
1032,object,32597.503324793,50.90799822937697,143.30300109577365,130.55599993094802,6.156999006634578,330.9239982627332,2,1
1033,object,32597.533660819,63.43099812511355,178.83300097309984,57.00600013369694,5.69300027564168,304.962999507552,2,1
1034,object,32597.567638445,55.54599920287728,156.44800078007393,34.84799890429713,4.092999006388709,250.93499789363705,2,1
1035,object,32597.601327744,45.38099892670289,130.284002807457,35.07699875626713,3.8289981603156775,214.5709986507427,2,1
1036,object,32597.633642184,69.91100235609338,195.075997908134,60.17499981680885,9.831001079874113,334.99300116091035,1,1
1037,object,32597.667362062,64.31099973269738,197.79500144068152,804.2209992709104,5.009002052247524,1071.3360024965368,1,1
1038,object,32597.700833475,39.465001464122906,138.5590003337711,38.0729979951866,3.5990015021525323,219.69600129523315,1,1
1039,object,32597.734490162,40.67599729751237,136.3990013487637,37.96400051214732,3.124998329440132,218.16399748786353,1,1
1040,object,32597.768222338,45.59700028039515,170.42300169123337,52.79399920254946,4.21699951402843,273.0310006882064,1,1
1041,object,32597.80080231,46.576999011449516,134.6950011793524,48.54799772147089,3.8520011003129184,233.67199901258573,1,1
1042,object,32597.83241643,37.026999052613974,130.20200276514515,37.50599717022851,3.163000656059012,207.89799964404665,1,1
1043,object,32597.86063119,34.56799822743051,123.41399997239932,36.88200013129972,3.029999788850546,197.8939981199801,1,1
1044,object,32597.887978992,57.06600131816231,160.84099843283184,37.2260001313407,3.5630000638775527,258.6959999462124,1,1
1045,object,32597.920855971,38.48000051220879,144.3350010958966,36.91500023705885,3.106000804109499,222.83600264927372,1,1
1046,object,32597.951570643,38.627000321866944,127.04999971901998,34.95800046948716,3.583998477552086,204.21899898792617,1,1
1047,object,32597.978707788,35.38700184435584,120.53299724357203,36.632001865655184,3.474000550340861,196.0260015039239,1,1
1048,object,32598.006332346,38.36599717033096,125.72200284921564,38.34599920082837,3.3469987101852894,205.78099793056026,1,1
1049,object,32598.035951363,48.07699951925315,139.90500156069174,37.81899795285426,3.8240032154135406,229.6250022482127,1,1
1050,object,32598.068438195,38.33899972960353,121.99199773021974,37.39000021596439,3.1330018828157336,200.8539995586034,1,1
1051,object,32598.102454934,40.07600000477396,131.17799971951172,38.505000702571124,3.0470000638160855,212.8060004906729,1,1
1052,object,32598.136812646,40.12199860881083,160.55800006142817,44.43800207809545,3.654000465758145,248.7720012140926,1,1
1053,object,32598.171858004,49.08200207864866,183.70399993727915,706.054997863248,5.408001015894115,944.2490008950699,1,1
1054,object,32598.205082921,45.01000148593448,162.88899860228412,53.53700180421583,4.449000698514283,265.8850025909487,1,1
1055,object,32598.238062688,37.87500099861063,132.9949991486501,36.93499820656143,3.1290001061279327,210.9339984599501,1,1
1056,object,32598.271820684,39.90500044892542,137.495000672061,64.02699727914296,3.064000338781625,244.490998738911,1,1
1057,object,32598.305521132,55.844000598881394,195.59100110200234,41.49799860897474,3.4959994081873447,296.4289997180458,1,1
1058,object,32598.338676722,34.77100108284503,124.99099830165505,36.43200034275651,3.117002052022144,199.31100177927874,1,1
1059,object,32598.36692976,35.82900171750225,131.72999751986936,35.94500230974518,3.4379991120658815,206.94200065918267,1,1
1060,object,32598.395214475,46.35499863070436,124.19999984558672,34.567001421237364,2.9660004656761885,208.08800036320463,1,1
1061,object,32598.422199875,40.3220001317095,127.91599874617532,34.69700095592998,3.1999989005271345,206.13499873434193,1,1
1062,object,32598.453968766,46.76000025938265,135.1669998257421,37.22700057551265,3.6329984141048044,222.7869990747422,1,1
1063,object,32598.486972657,50.22999903303571,177.84200099413283,55.80200013355352,4.541001544566825,288.4150017052889,1,1
1064,object,32598.515438207,51.18700210005045,191.60199735779315,53.610001486958936,5.007997970096767,301.4069989148993,1,1
1065,object,32598.544380888,48.09899837709963,170.61300241039135,49.94799746782519,4.3430009100120515,273.0029991653282,1,1
1066,object,32598.574128012,51.284001528983936,186.6610000433866,58.68500011274591,5.12300175614655,301.753003441263,1,1
1067,object,32598.602909708,45.00800059759058,180.97700012731366,55.04100045072846,4.503999662119895,285.5300008377526,1,1
1068,object,32598.632026422,48.37300002691336,177.5089986040257,54.06299897003919,4.460001946426928,284.40499954740517,1,1
1069,object,32598.660444866,45.2819986094255,168.18000221974216,52.74800059851259,4.784000338986516,270.99400176666677,1,1
1070,object,32598.687576612,58.869001804850996,187.11599841481075,53.085001127328724,5.1819988584611565,304.2520002054516,1,1
1071,object,32598.717161847,52.654002502094954,176.1860003171023,54.25500057754107,5.054997018305585,288.1500004150439,1,1
1072,object,32598.746719966,55.12600182555616,153.17599900299683,40.45600144308992,4.1479979699943215,252.90600024163723,1,1
1073,object,32598.775032288,36.6060012311209,132.4479999311734,37.02600224642083,3.506997018121183,209.5870004268363,1,1
1074,object,32598.803394181,33.107000490417704,121.49499889346771,37.26800059666857,3.083001502091065,194.95300148264505,1,1
1075,object,32598.833085401,48.854002670850605,175.22800044389442,546.6909969982225,4.341000021668151,775.1140001346357,1,1
1076,object,32598.86193819,47.376001020893455,170.30099843395874,51.460003305692226,3.9819969970267266,273.11899975757115,1,1
1077,object,32598.893364183,38.92699896823615,97.27799988468178,1.7370002751704305,53.01000055624172,190.95199968433008,2,1
1078,object,32598.921917827,51.28799966769293,178.62700042314827,51.416998758213595,5.013000190956518,286.3449990400113,2,1
1079,object,32598.948475658,51.336002798052505,153.4650000394322,48.0029993923381,4.990997695131227,257.794999924954,2,1
1080,object,32598.976682121,50.225000450154766,138.39000166626647,36.16899994085543,4.389999958220869,229.17400201549754,2,1
1081,object,32599.00373744,50.90499689686112,140.7449999533128,36.617002479033545,4.145000275457278,232.41199960466474,2,1
1082,object,32599.031369778,47.499001084361225,131.75599815440364,36.5230007446371,3.730998287210241,219.5089982706122,2,1
1083,object,32599.058577495,45.77099753078073,146.58100189990364,34.59499930613674,3.907000063918531,230.85399880073965,2,1
1084,object,32599.08438603,49.34299795422703,129.3259992962703,35.33000199240632,3.815999662037939,217.8149989049416,2,1
1085,object,32599.111774836,52.405997848836705,138.43399938195944,43.286003347020596,5.660996976075694,239.78699755389243,2,1
1086,object,32599.138527586,65.95199738512747,188.69400082621723,196.28000154625624,5.964000592939556,456.8900003505405,2,1
1087,object,32599.167126855,55.5909973627422,170.18500147969462,54.48099909699522,5.670000973623246,285.9269989130553,2,1
1088,object,32599.194648201,49.095000576926395,162.35200018854812,51.435999921523035,4.769000952364877,267.6520016393624,2,1
1089,object,32599.220396879,47.98199734068476,147.328002640279,51.66599657968618,5.12300175614655,252.0989983167965,2,1
1090,object,32599.24992782,46.768000174779445,152.4699982837774,35.50800101947971,4.253997758496553,238.9999972365331,2,1
1091,object,32599.277761885,53.36299727787264,132.23800124251284,36.03699951781891,3.707998985191807,225.3459970233962,2,1
1092,object,32599.305351191,52.85099905449897,141.68000052450225,39.56699947593734,4.183999408269301,238.28199846320786,2,1
1093,object,32599.332388989,44.17599848238751,134.58399916999042,35.13200135785155,4.011999408248812,217.9039984184783,2,1
1094,object,32599.358676179,57.126999308820814,184.34600133332424,55.66500112763606,6.131998816272244,303.27000058605336,2,1
1095,object,32599.386286487,55.847001931397244,137.30299906455912,34.47099879849702,4.053003067383543,231.67400286183693,2,1
1096,object,32599.413378073,67.49199746991508,190.2030016935896,768.3479998377152,7.323000318137929,1033.3659993193578,2,1
1097,object,32599.440782845,46.51500057661906,127.97499948646873,34.65100235189311,3.907000063918531,213.04800247889943,2,1
1098,object,32599.468266018,50.38299786974676,134.80300185619853,36.282999644754454,4.525001713773236,225.99400108447298,2,1
1099,object,32599.498794333,169.76499682641588,251.37100237770937,61.89199848449789,6.24899985268712,489.27699754131027,2,1
1100,object,32599.524701322,62.45400072657503,189.54799816128798,67.43999983882532,6.191003194544464,325.6330019212328,2,1
1101,object,32599.552179637,63.52899799821898,215.6390000891406,62.197999795898795,7.058999472064897,348.4249973553233,2,1
1102,object,32599.579840426,51.129001803928986,164.96999887749553,53.331001254264265,5.837999196955934,275.2680011326447,2,1
1103,object,32599.605662064,51.88199793337844,157.70200116094202,51.94299956201576,5.009002052247524,266.53600070858374,2,1
1104,object,32599.634381424,75.35800250479952,196.85599909280427,55.791999329812825,6.295998900895938,334.30199982831255,2,1
1105,object,32599.665286231,52.83499922370538,144.58100122283213,35.102999390801415,4.2290012061130255,236.74800104345195,2,1
1106,object,32599.695383573,48.6330027342774,139.85899931867607,38.588997995248064,4.258003173163161,231.3390032213647,2,1
1107,object,32599.722378746,48.31000114791095,151.88999896054156,34.795000829035416,3.936998837161809,238.93199977464974,2,1
1108,object,32599.74833944,44.36699964571744,135.29100033338182,37.57900049095042,4.072000592714176,221.30900106276385,2,1
1109,object,32599.77790118,44.19299875735305,141.92500020726584,36.36199835455045,3.6520032153930515,226.1320005345624,2,1
1110,object,32599.810489271,70.6390019331593,148.4039967181161,603.9880026946776,7.046997779980302,830.0779991259333,2,1
1111,object,32599.837377314,45.93599805957638,127.0159991690889,34.861001040553674,3.6950004869140685,211.50799875613302,2,1
1112,object,32599.864469484,46.39100006897934,135.20300126401708,40.117996832123026,4.156001523369923,225.86799968848936,2,1
1113,object,32599.892144635,49.526999646332115,198.72000120813027,79.95199848664925,7.8930024756118655,336.0920018167235,2,1
1114,object,32599.921457345,48.30199759453535,136.68700194102712,39.2299989471212,4.125999112147838,228.3449975948315,2,1
1115,object,32599.95137933,59.30499901296571,141.43100270302966,39.7059993701987,4.146000719629228,244.5880018058233,2,1
1116,object,32599.978358453,45.17499837675132,129.1230000788346,35.818000469589606,3.8850012060720474,214.00100013124757,2,1
1117,object,32600.005018928,49.78099968866445,160.50900012487546,38.2289981644135,4.285000613890588,252.803998591844,2,1
1118,object,32600.034324052,48.882997361943126,135.08300253306516,38.309997762553394,3.8470025174319744,226.12300017499365,2,1
1119,object,32600.066818786,51.541999710025266,145.27299936162308,37.619000067934394,4.421002813614905,238.85500195319764,2,1
1120,object,32600.096180811,66.53899981756695,193.63400133443065,62.60399823077023,5.922000127611682,328.6989995103795,2,1
1121,object,32600.123312566,42.99099964555353,129.1959997615777,38.82199962390587,4.281999281374738,215.29099831241183,2,1
1122,object,32600.149112649,51.20900095789693,137.1709986415226,35.557000956032425,3.811997885350138,227.7489984408021,2,1
1123,object,32600.176211817,71.29499863367528,193.9610010595061,57.236000429838896,6.794998625991866,329.2869987490121,2,1
1124,object,32600.202671744,72.03300265246071,205.12999981292523,139.46299804956652,7.192000339273363,423.81800085422583,2,1
1125,object,32600.230322976,45.258999307407066,131.60800153855234,40.52499934914522,4.454999725567177,221.8469999206718,2,1
1126,object,32600.257250179,42.46900061843917,127.7270021091681,36.80900044855662,3.8149992178659886,210.82000239402987,2,1
1127,object,32600.283388266,52.62099875835702,160.06700025172904,39.40999886253849,4.682002327172086,256.78000019979663,2,1
1128,object,32600.311490819,71.56599895097315,214.5850012311712,79.87099888850935,7.519000064348802,373.5409991350025,2,1
1129,object,32600.338472637,350.2079998725094,204.36500199139118,62.74900079006329,6.597998435609043,623.9200010895729,2,1
1130,object,32600.367197916,43.7400012742728,127.4800015380606,37.43599882000126,3.936998837161809,212.59300046949647,2,1
1131,object,32600.394427063,43.09799987822771,127.72399713867344,35.11700197122991,3.5099983506370336,209.4489973387681,2,1
1132,object,32600.421905486,68.18199835834093,251.2740029487759,57.126999308820814,5.276997399050742,381.8599980149884,2,1
1133,object,32600.449197921,60.54500045138411,149.72400094848126,58.14500036649406,6.0159982240293175,274.42999999038875,2,1
1134,object,32600.477503618,50.416001613484696,138.61199840903282,35.541001125238836,4.4009975681547076,228.96999871591106,2,1
1135,object,32600.504278605,462.7009984687902,129.75400022696704,34.6630004059989,3.839999408228323,630.9579985099845,2,1
1136,object,32600.529861704,44.40500197233632,138.18300067214295,38.13500006799586,3.664998075691983,224.38800078816712,2,1
1137,object,32600.55765888,46.34500146494247,137.29399870499037,37.47099981410429,4.0619997889734805,225.1719997730106,2,1
1138,object,32600.58288425,48.16699947696179,149.1779985371977,37.20799941220321,4.331002855906263,238.88400028226897,2,1
1139,object,32600.610446976,53.58600174076855,135.65499830292538,36.39599890448153,4.322002496337518,229.95900144451298,2,1
1140,object,32600.637166688,46.297998778754845,129.21099914819933,36.97900319821201,7.0879978011362255,219.57599892630242,1,1
1141,object,32600.662195556,33.32100095576607,119.90100028924644,37.881000025663525,2.9319999157451093,194.03500118642114,1,1
1142,object,32600.689216884,56.89099998562597,187.2670000011567,628.6660027399193,7.5219977588858455,880.3460004855879,1,1
1143,object,32600.714762426,49.702000978868455,186.87699775910005,63.61300256685354,4.359000740805641,304.5510020456277,1,1
1144,object,32600.744367203,42.4210011260584,163.04499877151102,52.9630015080329,4.1669991333037615,262.5960005389061,1,1
1145,object,32600.771076462,40.086000808514655,167.57599951233715,52.496001444524154,4.344998160377145,264.5029999257531,1,1
1146,object,32600.796154451,34.701999538810924,145.11900008074008,49.698999646352604,4.064000677317381,233.583999943221,1,1
1147,object,32600.822453289,47.46899867313914,164.36100122518837,51.20599962538108,4.501998773775995,267.5379982974846,1,1
1148,object,32600.849042569,50.18500087317079,172.4030007608235,53.55899702408351,5.3580006351694465,281.50499929324724,1,1
1149,object,32600.876083574,41.57399962423369,144.48799993260764,43.22200038586743,3.4559998312033713,232.73999977391213,1,1
1150,object,32600.903260496,34.4279978889972,122.12000001454726,35.642999137053266,3.0040027922950685,195.1949998328928,1,1
1151,object,32600.929172206,36.98699947563,133.9170012215618,41.32799949729815,3.5529992601368576,215.7849994546268,1,1
1152,object,32600.956107753,40.4699967475608,136.7840013699606,35.33000199240632,3.225999535061419,215.80999964498915,1,1
1153,object,32600.982261466,40.56800025864504,130.24699728703126,38.352001865860075,3.7380013964138925,212.90500080795027,1,1
1154,object,32601.010709967,38.69800275424495,125.78099995153025,38.4579980163835,2.93600169243291,205.8730024145916,1,1
1155,object,32601.038377786,35.57899981387891,124.43299783626571,51.06400203658268,4.362998879514635,215.43899856624193,1,1
1156,object,32601.064334162,36.259996704757214,128.88300261693075,36.94599945447408,3.124998329440132,205.21399710560217,1,1
1157,object,32601.091844364,52.15499913902022,178.1169994501397,1099.1910021402873,5.464997229864821,1334.927997959312,1,1
1158,object,32601.122625989,38.24200030067004,125.74200081871822,35.17399818520062,3.420002030907199,202.57800133549608,1,1
1159,object,32601.149399214,41.115003114100546,130.29599722358398,38.035999750718474,3.4420008887536824,212.88900097715668,1,1
1160,object,32601.17570397,37.032001273473725,123.99000115692616,37.16199717018753,2.9330003599170595,201.11699996050447,1,1
1161,object,32601.200521181,37.37099905265495,123.50399993010797,34.24500027904287,2.9610018827952445,198.08100114460103,1,1
1162,object,32601.227655373,63.789997511776164,196.23600019258447,60.07100091665052,4.630001058103517,324.72699967911467,1,1
1163,object,32601.254841637,54.16999920271337,181.6199983295519,67.42000186932273,5.140998837305233,308.3509982388932,1,1
1164,object,32601.281861802,45.23300231085159,132.17899686424062,37.81200211960822,3.1769995985087007,218.40100089320913,1,1
1165,object,32601.308809364,35.04200140014291,122.06999963382259,46.38099926523864,3.4129989217035472,206.9059992209077,1,1
1166,object,32601.333520348,36.598001315724105,120.32000086037442,34.28099807933904,3.098000888712704,194.29700114415027,1,1
1167,object,32601.359291184,55.1430021005217,178.5139975254424,60.39300205884501,4.622001142706722,298.6720028275158,1,1
1168,object,32601.386893142,45.41100133792497,180.70099758915603,61.367001762846485,4.818000888917595,292.2970015788451,1,1
1169,object,32601.553827567,46.98100019595586,176.1089988576714,56.18200157186948,4.8199981392826885,284.0919987647794,1,1
1170,object,32601.581325428,39.17099820682779,159.31000234559178,51.39600034453906,3.9810001908335835,253.85800108779222,1,1
1171,object,32601.607445353,41.216000681743026,166.43500202917494,52.13899930822663,4.262998118065298,264.0530001372099,1,1
1172,object,32601.636244275,46.01399996317923,171.32900029537268,53.327999921748415,4.2430001485627145,274.91400032886304,1,1
1173,object,32601.661561377,41.027000406757,130.38500037509948,36.576999264070764,3.8769976526964456,211.8659976986237,1,1
1174,object,32601.688722211,39.65499854530208,127.10900045931339,38.974998460616916,3.082001057919115,208.8209985231515,1,1
1175,object,32601.715295772,35.62200072337873,121.06600115657784,34.76699930615723,3.026998456334695,194.4819996424485,1,1
1176,object,32601.740250106,43.70500028016977,125.14700210886076,36.874000215902925,3.1179988582152873,208.84400146314874,1,1
1177,object,32601.766220032,42.584000766510144,136.41599798575044,38.63299934891984,3.478999133221805,221.11199723440222,1,1
1178,object,32601.791398426,46.33699791156687,149.39200264052488,42.28299803799018,3.8709986256435513,241.88299721572548,1,1
1179,object,32601.820369395,36.103996535530314,128.42900105169974,36.425000871531665,3.05399953504093,204.01199799380265,1,1
1180,object,32601.847982815,44.27800013218075,126.784998428775,36.999001167714596,3.106997610302642,211.16899733897299,1,1
1181,object,32601.874086343,56.380999012617394,196.29700182122178,56.69899837812409,5.208999937167391,314.58599914913066,1,1
1182,object,32601.901991861,45.54699989967048,131.73600018490106,38.746999052818865,3.4460026654414833,219.4760018028319,1,1
1183,object,32601.92981977,40.920000174082816,129.77000005776063,48.60300032305531,3.659999492811039,222.9530000477098,1,1
1184,object,32601.956313357,34.94200063869357,123.42499758233316,35.452001611702144,2.9849979910068214,196.8039978237357,1,1
1185,object,32601.982240019,34.73900142125785,123.64400026854128,34.814998798538,3.283999831182882,196.48200031952,1,1
1186,object,32602.008628164,63.26600123429671,248.0709990777541,83.40299973497167,5.910002073505893,400.65000212052837,1,1
1187,object,32602.036526767,53.23799996403977,180.9170025808271,56.814998970367014,5.064001015853137,296.034002531087,1,1
1188,object,32602.061478445,39.25800046999939,128.54699889430776,36.65400072350167,3.1009985832497478,207.55999867105857,1,1
1189,object,32602.088390054,37.139001506147906,123.65499787847511,38.94900146406144,3.0279989005066454,202.7709997491911,1,1
1190,object,32602.115171087,38.08000110439025,125.75800064951181,34.41299850237556,2.9389993869699538,201.18999964324757,1,1
1191,object,32602.13968691,40.88500281795859,131.440996483434,35.976001527160406,3.0890005291439593,211.39100135769695,1,1
1192,object,32602.167233789,38.9179986086674,132.71900024847127,36.418998206499964,3.1840027077123523,211.239999771351,1,1
1193,object,32602.198169064,41.131002944894135,156.24199659214355,55.33900184673257,5.357000190997496,258.06900157476775,1,1
1194,object,32602.568400651,35.08500230964273,183.95100050838664,33.608997910050675,3.0619994504377246,255.70700017851777,1,1
1195,object,32602.597418054,30.56499917875044,112.50900206505321,31.24199793091975,2.6410016289446503,176.95700080366805,1,1
1196,object,32602.624029475,35.04500273265876,115.20399857545272,32.24700049031526,3.178000042680651,185.67400184110738,1,1
1197,object,32602.649773372,38.03000072366558,122.63200187589973,35.90799678931944,2.8480026230681688,199.41800201195292,1,1
1198,object,32602.675923503,59.69300036667846,170.41499813785776,39.044000004651025,3.279001248301938,272.4309997574892,1,1
1199,object,32602.707437576,35.626002500066534,125.58500020531937,35.00499951769598,3.164997906424105,199.381000129506,1,1
1200,object,32602.735639399,39.55699867219664,122.00399942230433,36.77299901028164,3.0560004233848304,201.38999752816744,1,1
1201,object,32602.761338805,36.629997339332476,123.82900240481831,35.623997973743826,2.9750008252449334,199.05799854313955,1,1
1202,object,32602.785764651,36.38600173871964,120.96499995095655,33.29600076540373,3.0849987524561584,193.7320012075361,1,1
1203,object,32602.81065618,60.67099820938893,181.17099898518063,54.62000262923539,5.050998879596591,301.51299870340154,1,1
1204,object,32602.838318166,33.68800025782548,119.47700113523751,35.15799835440703,2.6220004656352103,190.94500021310523,1,1
1205,object,32602.868967784,39.285998354898766,132.3830001638271,37.55999932764098,3.4959994081873447,212.72499725455418,1,1
1206,object,32602.895901588,37.5380004697945,139.75999900139868,36.32800144259818,3.5039993235841393,217.1300002373755,1,1
1207,object,32602.922817137,36.714998714160174,124.41199942259118,48.70799966738559,3.3040014386642724,213.13899924280122,1,1
1208,object,32602.952282498,40.39999839733355,130.48600158072077,37.999998312443495,3.163000656059012,212.04899894655682,1,1
1209,object,32602.984214931,38.82199962390587,123.71600314509124,37.011999665992334,2.9519978852476925,202.50200032023713,1,1
1210,object,32603.013807161,38.35199822788127,130.12899944442324,47.29700231109746,4.073997843079269,219.85199782648124,1,1
1211,object,32603.039576805,50.28200030210428,128.35999950766563,34.55999831203371,3.2660027500241995,216.46800087182783,1,1
1212,object,32603.064521002,63.90399721567519,261.030003457563,88.84899943950586,6.669997674180195,420.45299778692424,1,1
1213,object,32603.090545633,50.536000344436616,133.81099779508077,35.95900125219487,3.2899988582357764,223.59599824994802,1,1
1214,object,32603.117307203,37.64899884117767,122.74700202397071,38.05599772022106,3.1410017982125282,201.59300038358197,1,1
1215,object,32603.146370792,40.22699795314111,129.8829993174877,36.306002584751695,3.4039985621348023,209.8199984175153,1,1
1216,object,32603.173248745,35.20700192893855,123.17700020503253,34.946999221574515,3.0650007829535753,196.39600213849917,1,1
1217,object,32603.198934199,32.70299930591136,131.91999823902734,34.97200304991566,2.954999217763543,202.5499998126179,1,1
1218,object,32603.227269106,48.86299939244054,184.82600353308953,62.63999966904521,5.0059970817528665,301.33499967632815,1,1
1219,object,32603.254277771,47.737998102093115,177.45100194588304,62.30799772311002,4.723002348328009,292.2200001194142,1,1
1220,object,32603.282338895,38.74300091410987,128.3330020669382,38.36099858745001,3.553999704308808,208.9910012728069,1,1
1221,object,32603.309573822,37.66000008909032,151.18300143512897,38.79399810102768,2.963999577332288,230.60099920257926,1,1
1222,object,32603.335591393,51.55600229045376,159.94400018826127,36.18699702201411,3.560002369340509,251.24700187006965,1,1
1223,object,32603.363110267,41.03099854546599,127.55200077663176,37.61699917959049,2.9889997676946223,209.18899826938286,1,1
1224,object,32603.391146179,39.64099960285239,128.9770007133484,38.54599708574824,3.2509997254237533,210.41499712737277,1,1
1225,object,32603.417292964,39.51699909521267,127.93600035365671,38.13800140051171,3.2190000638365746,208.81000091321766,1,1
1226,object,32603.443612285,36.50400321930647,142.687997140456,38.57400224660523,3.1620002118870616,220.92800281825475,1,1
1227,object,32603.469780101,51.12999861012213,188.24099970515817,56.960001529660076,4.874000296695158,301.20500014163554,1,1
1228,object,32603.497646919,47.36600021715276,175.27099771541543,55.377000535372645,4.519999492913485,282.5339979608543,1,1
1229,object,32603.52278933,50.270999054191634,180.65599942929111,59.462003264343366,5.021000106353313,295.4100018541794,1,1
1230,object,32603.552117947,51.450999308144674,179.85600061365403,48.97899998468347,4.8199981392826885,285.10599804576486,1,1
1231,object,32603.581343682,45.5230001534801,164.81200145790353,59.155998314963654,4.345001798355952,273.83600172470324,1,1
1232,object,32603.611119309,51.58700150786899,178.31099830800667,54.24199844128452,4.350000381236896,288.4899986383971,1,1
1233,object,32603.640286971,49.995000154012814,183.20000162930228,54.85699875862338,4.293000529287383,292.34500107122585,1,1
1234,object,32603.667921828,51.5649990120437,188.5759993456304,55.4489997739438,4.51400046586059,300.1039985974785,1,1
1235,object,32603.695522045,38.04700099863112,154.9320004414767,51.674996939254925,4.150002496317029,248.80400087567978,1,1
1236,object,32603.721190018,38.25399835477583,147.17700105393305,49.00699786958285,3.7890022213105112,238.22699949960224,1,1
1237,object,32603.749662488,55.584998335689306,183.59600289841183,56.60099850501865,5.854999471921474,301.63699921104126,1,1
1238,object,32603.775966678,46.95600000559352,168.52200133143924,54.02999886428006,4.385998181533068,273.8939983828459,1,1
1239,object,32603.806223868,41.88900129520334,158.45500092837028,51.089999033138156,4.002999048680067,255.43700030539185,1,1
1240,object,32603.834508172,36.09000123105943,150.31499788165092,48.90200216323137,3.7669997254852206,239.07400100142695,1,1
1241,object,32603.861320339,33.784999686758965,140.22799950907938,47.372999688377604,6.5399981394875795,227.92599702370353,1,1
1242,object,32603.892350835,54.79199899127707,181.23399786418304,385.8740019495599,5.273999704513699,627.1739985095337,1,1
1243,object,32603.920037432,39.61100082960911,157.22099851700477,51.333001465536654,3.9959995774552226,252.16100038960576,1,1
1244,object,32603.950013927,48.29899989999831,165.75800327700563,52.90399712976068,4.433000867720693,271.3940011744853,1,1
1245,object,32603.977844948,33.749998692655936,150.98000221769325,48.66800009040162,3.6059973353985697,237.00399833614938,1,1
1246,object,32604.005392744,42.18100002617575,156.5630009281449,50.411999836796895,4.0859995351638645,253.2420003262814,1,1
1247,object,32604.033676874,51.20299829286523,173.87499974574894,57.60700150858611,4.902998625766486,287.58799817296676,1,1
1248,object,32604.063113274,50.41699841967784,164.82600040035322,82.51300096162595,5.549998604692519,303.30599838634953,1,1
1249,object,32604.091501109,42.58899934939109,128.89899880974554,35.98300099838525,3.09200186165981,210.56300101918168,1,1
1250,object,32604.119521196,35.49299799487926,122.14800153742544,34.86900095595047,2.8529975679703057,195.36299805622548,1,1
1251,object,32604.148665138,53.3499987795949,140.99799955147319,39.049002225510776,3.5279990697745234,236.92499962635338,1,1
1252,object,32604.181638455,43.40799932833761,138.99400073569268,39.59500099881552,3.387998731341213,225.38499979418702,1,1
1253,object,32604.212769688,40.56099714944139,125.76900189742446,36.6749991371762,3.035002009710297,206.04000019375235,1,1
1254,object,32604.241025559,35.19600068102591,127.98099851352163,34.548000257927924,3.0369992600753903,200.76199871255085,1,1
1255,object,32604.268501862,39.05400080839172,124.58499986678362,34.48599818511866,3.6190031096339226,201.74400196992792,1,1
1256,object,32604.296677216,55.479998991359025,187.16400154517032,62.32400119188242,5.1440001698210835,310.11200189823285,1,1
1257,object,32604.324928933,48.71299825026654,192.2410010593012,63.047998992260545,5.051999323768541,309.0539976255968,1,1
1258,object,32604.355841215,36.646997614298016,129.1760017920751,37.43499837582931,3.4469994716346264,206.70499725383706,1,1
1259,object,32604.383546336,33.732998417690396,119.6630000777077,34.131000575143844,2.9529983294196427,190.47999739996158,1,1
1260,object,32604.413043086,47.07400148618035,174.864999280544,616.2860008771531,7.907001418061554,846.132003061939,1,1
1261,object,32604.442221441,49.473997933091596,222.5700009148568,73.25100159505382,5.7920005929190665,351.0870010359213,1,1
1262,object,32604.473669672,55.19100159290247,183.56399959884584,56.90000034519471,4.823999915970489,300.4790014529135,1,1
1263,object,32604.502759352,33.80899943294935,123.62000052235089,35.59600008884445,2.8340000426396728,195.85900008678436,1,1
1264,object,32604.529747647,39.43499905290082,124.34400196070783,37.16199717018753,3.340999683132395,204.28199786692858,1,1
1265,object,32604.561020579,44.88099875743501,141.88000204740092,39.029000618029386,3.7289973988663405,229.51899882173166,1,1
1266,object,32604.589440434,42.15499939164147,131.429002067307,41.940998926293105,3.6050005292054266,219.130000914447,1,1
1267,object,32604.620126106,38.868998672114685,123.94700024742633,37.442998291226104,3.479002771200612,203.73799998196773,1,1
1268,object,32604.648805984,37.22799738170579,123.33500126260333,44.57199975149706,3.0910014174878597,208.22599981329404,1,1
1269,object,32604.679607703,70.77999907778576,186.42099894350395,607.8559999878053,8.735001756576821,873.7919997656718,1,1
1270,object,32604.713610274,55.198997870320454,194.7210002981592,59.26100129727274,4.980000085197389,314.1609995509498,1,1
1271,object,32604.748463617,46.34499782696366,146.8920017941855,38.695998227922246,3.936002030968666,235.86899988004006,1,1
1272,object,32604.783233798,36.77800123114139,124.83499813242815,34.52500095590949,3.098000888712704,199.23600120819174,1,1
1273,object,32604.811875447,55.929998779902235,179.93999790633097,1865.115002146922,7.161001121858135,2108.1459999550134,1,1
1274,object,32604.842024293,39.619000745005906,130.32099741394632,34.32000085012987,3.850000211969018,208.1099992210511,1,1
1275,object,32604.871157056,39.03199831256643,125.4620001418516,39.044000004651025,3.4949989640153944,207.03299742308445,1,1
1276,object,32604.900186677,43.385000026319176,121.3609975820873,37.464000342879444,3.216999175492674,205.4269971267786,1,1
1277,object,32604.928964452,68.06099918321706,148.6790024500806,40.759998228168115,5.071000487077981,262.57100034854375,1,1
1278,object,32604.961030326,52.35799835645594,185.10399968363345,61.84599988046102,4.8770016292110085,304.1849995497614,1,1
1279,object,32604.988895853,42.307001422159374,163.57999993488193,37.72999843931757,3.4810000215657055,247.09799981792457,1,1
1,sign,32550.940718447,0.6390000635292381,2.4080000002868474,1.543998223496601,59.69199992250651,64.2829982098192,1,1
2,sign,32550.965519685,24.5100018219091,109.27799667115323,43.86500222608447,3.1720010156277567,180.82500173477456,1,1
3,sign,32551.503777934,14.30100019206293,64.87700011348352,28.856000426458195,2.1740015654359013,110.20800229744054,1,1
4,sign,32551.533466155,17.836999177234247,69.48900045244955,33.125001209555194,2.1519990696106106,122.6029999088496,1,1
5,sign,32551.563303983,24.75500150467269,104.65399827808142,284.3260008376092,3.5679986467584968,417.3029992671218,1,1
6,sign,32551.903743261,12.702003004960716,60.52299795555882,25.886001822073013,1.910997525556013,101.02200030814856,1,1
7,sign,32551.934303649,13.050001143710688,60.31299926689826,26.948000595439225,2.0219995349179953,102.33300054096617,1,1
8,sign,32551.964858508,16.214999050134793,59.788002545246854,25.499997718725353,1.863001671154052,103.36600098526105,1,1
9,sign,32551.994890241,14.353001461131498,62.12099833646789,29.798000468872488,2.2940002963878214,108.5660005628597,1,1
10,sign,32552.024983396,13.426997611531988,58.65300045115873,1.4970028132665902,35.779998142970726,109.35699901892804,2,1
11,sign,32552.056086311,53.85300028137863,177.02599870972335,60.464000853244215,4.936999175697565,296.27999902004376,2,1
12,sign,32552.084955612,20.379997295094654,97.12200335343368,1.1849988368339837,30.811999749857932,149.49899923522025,3,1
13,sign,32552.114258951,26.813002477865666,83.56999751413241,25.214001652784646,2.8850008675362915,138.482002512319,3,1
14,sign,32552.142779619,28.856000426458195,81.73699825420044,24.107001081574708,2.655000571394339,137.3550003336277,3,1
15,sign,32552.17215522,28.996000764891505,90.41299927048385,26.338999305153266,3.179000486852601,148.92699982738122,3,1
16,sign,32552.200899309,26.080000679939985,93.41300028609112,39.33100015274249,2.9370021366048604,161.76100325537845,3,1
17,sign,32552.230613191,26.820998755283654,75.4510001570452,1.167001755675301,31.265997677110136,134.7049983451143,4,1
18,sign,32552.262340674,51.421000534901395,767.2760002606083,40.4090023948811,5.268997483653948,864.3750006740447,4,1
19,sign,32552.291138758,34.16500112507492,94.80600056122057,25.92699820525013,3.126002411590889,158.0240023031365,4,1
20,sign,32552.321810961,34.242002584505826,98.61899889074266,27.70200080703944,3.434997779550031,163.99800006183796,4,1
21,sign,32552.351888254,31.930998375173658,96.94500113255344,27.38699913606979,3.097000444540754,159.35999908833764,4,1
22,sign,32552.382489322,32.033000024966896,94.6729996940121,25.7419997069519,3.372999344719574,155.82099877065048,4,1
23,sign,32552.413500274,54.63900015456602,161.52799798874184,39.897000533528626,5.132002115715295,261.1960007925518,4,1
24,sign,32552.441386315,67.27599975420162,175.165001564892,44.1169977420941,5.598001735052094,292.1560007962398,4,1
25,sign,32552.468807399,65.56500011356547,183.0949986469932,43.004001781810075,5.055000656284392,296.71900119865313,4,1
26,sign,32552.494753079,54.79599712998606,148.53700122330338,30.28799983439967,3.9810001908335835,237.6019983785227,4,1
27,sign,32552.518486435,51.99499719310552,142.53300105337985,26.96899900911376,4.25500184064731,225.75199909624644,4,1
28,sign,32552.545567586,55.73200178332627,433.4539989940822,53.34000161383301,7.243997970363125,549.7700003616046,4,1
29,sign,32552.573869242,34.049000532832,95.73400166118518,36.33500091382302,3.3939977583941072,169.5120008662343,4,1
30,sign,32552.601963257,59.633002820191905,156.9559972267598,29.794002330163494,9.913997928379104,256.2970003054943,3,1
31,sign,32552.630588367,53.2710000697989,158.59400082263164,30.58099900954403,4.114001058042049,246.56000096001662,3,1
32,sign,32552.658703868,75.80599776702002,219.6200002799742,50.53100176155567,9.979998139897361,355.93699794844724,2,1
33,sign,32552.686498336,61.85000165714882,207.01899848063476,52.43800114840269,5.505000444827601,326.8120017310139,2,1
34,sign,32552.714273469,43.76899960334413,139.03400031267665,29.347000236157328,3.36800076183863,215.51800091401674,2,1
35,sign,32552.74301053,50.881000788649544,140.58799933991395,30.278999474830925,3.221000952180475,224.9690005555749,2,1
36,sign,32552.771994758,49.210997531190515,142.83300333772786,28.96799924201332,3.658999048639089,224.67099915957078,2,1
37,sign,32552.800934005,63.3469971944578,787.6770032453351,432.3699977248907,10.930001735687256,1294.3239999003708,1,1
38,sign,32552.829477669,13.550998119171709,62.284998421091586,25.69300340837799,1.9479994080029428,103.47699935664423,1,1
39,sign,32552.858334762,14.606001059291884,74.68799958587624,30.06000042660162,2.2360000002663583,121.5900010720361,1,1
40,sign,32552.887151082,12.84500103793107,60.26000119163655,25.501998607069254,1.9120016077067703,100.51900244434364,1,1
41,sign,32552.916447944,13.151999155525118,63.16900180536322,26.49999805726111,2.0170009520370513,104.8379999701865,1,1
42,sign,32552.945813275,26.3660003838595,114.85799768706784,38.60300057567656,2.978002157760784,182.80500080436468,1,1
43,sign,32552.97009315,21.133000700501725,95.73099669069052,45.49400182440877,3.0990013328846544,165.45700054848567,1,1
44,sign,32552.995881526,16.899000911507756,62.20800059963949,23.91599991824478,1.8229984561912715,104.8459998855833,1,1
45,sign,32553.02119842,13.523000234272331,60.028000007150695,25.53100057411939,1.7640013538766652,100.84600216941908,1,1
46,sign,32553.044981021,13.056000170763582,73.49699808401056,26.707999495556578,2.1230007405392826,115.38399849087,1,1
47,sign,32553.070488722,21.52299930457957,110.19899829989299,45.04100070334971,3.2579991966485977,180.02099750447087,1,1
48,sign,32553.097008158,38.121997931739315,125.39599993033335,42.97900159144774,3.6950004869140685,210.19199994043447,1,1
49,sign,32553.123625572,13.967000995762646,63.306997617473826,26.007000997196883,1.996999344555661,105.27799895498902,1,1
50,sign,32553.150777641,37.271998735377565,126.45700189750642,36.852998164249584,3.0670016712974757,203.64900046843104,1,1
51,sign,32553.175596394,29.86599793075584,106.27300071064383,29.954000638099387,2.6999987312592566,168.7929980107583,1,1
52,sign,32553.200415385,58.82900222786702,196.48499801405706,62.87900032475591,6.897000275785103,325.0900008424651,1,1
53,sign,32553.226261615,48.21900074603036,159.57099822117016,44.23000063979998,4.161000106250867,256.18099971325137,1,1
54,sign,32553.25151706,46.32799755199812,124.11400166456588,32.68699947511777,3.3469987101852894,206.47599740186706,1,1
55,sign,32553.39294209,36.22599979280494,129.0600011998322,29.686001653317362,2.5219997041858733,197.49400235014036,1,1
56,sign,32553.418474909,33.206997613888234,108.84099901886657,31.50700285914354,2.7129972295369953,176.26799672143534,1,1
57,sign,32553.442878693,29.640999855473638,111.59199857502244,30.052000511204824,2.6810012059286237,173.96600014762953,1,1
58,sign,32553.469160767,56.573000620119274,190.4419987113215,44.54700319911353,4.748999344883487,296.3110018754378,1,1
59,sign,32553.494444906,36.061002901988104,115.80099817365408,31.27799936919473,2.769000275293365,185.90900072013028,1,1
60,sign,32553.520343118,40.86199987796135,132.06799849285744,34.861001040553674,3.417000698391348,211.20800010976382,1,1
61,sign,32553.545144602,36.718000046676025,109.6359992516227,29.1600008495152,2.577999111963436,178.09199925977737,1,1
62,sign,32553.568565653,31.678999221185222,105.6120017892681,30.45599805773236,2.5570006982889026,170.3039997664746,1,1
63,sign,32553.593150601,40.435003029415384,146.4669985580258,41.60300159128383,3.953999112127349,232.45900229085237,1,1
64,sign,32553.619466563,49.27199915982783,163.64800103474408,48.61400157096796,4.320998414186761,265.85500017972663,1,1
65,sign,32553.643584826,37.101999623700976,117.48399992939085,32.80400051153265,2.996999683091417,190.3869997477159,1,1
66,sign,32553.668330777,33.927000913536176,108.25899880728684,32.25899854442105,2.864002453861758,177.30900071910582,1,1
67,sign,32553.692930248,33.385000278940424,117.36000305972993,30.468996556010097,2.5850022211670876,183.79900211584754,1,1
68,sign,32553.716266698,40.92900053365156,126.8619998882059,31.65599991916679,3.2559983083046973,202.70299864932895,1,1
69,sign,32553.740737151,59.470999985933304,186.28499674377963,765.7650021428708,7.757000275887549,1019.2779991484713,1,1
70,sign,32553.765751431,36.121997254667804,145.58499970007688,43.32100070314482,3.9130027289502323,228.94100038683973,1,1
71,sign,32553.792138962,41.127001168206334,126.83000022661872,32.657000701874495,2.9420007194858044,203.55600281618536,1,1
72,sign,32553.817187402,29.066999559290707,105.01399810891598,30.716000765096396,2.3460015654563904,167.14299999875948,1,1
73,sign,32553.841321327,32.59100049035624,106.58999963197857,28.110000130254775,2.453998604323715,169.7449988569133,1,1
74,sign,32553.866186226,58.26199776493013,177.4789998307824,44.873999286210164,4.323002940509468,284.9379998224322,1,1
75,sign,32553.891852576,29.810002160957083,157.68400044180453,44.114000047557056,3.525998181430623,235.1340008317493,1,1
76,sign,32553.917588659,32.58500146330334,107.06299872254021,28.356000257190317,2.6850029826164246,170.6890034256503,1,1
77,sign,32553.943214526,34.64600013103336,112.58700033067726,28.472000849433243,2.697997842915356,178.40299915405922,1,1
78,sign,32553.967340871,28.669001039816067,104.3639967974741,30.7910013361834,2.519998815841973,166.34399798931554,1,1
79,sign,32553.994373155,40.09599797427654,114.80900138849393,32.2579981002491,2.939003024948761,190.10200048796833,1,1
80,sign,32554.023108418,49.788999604061246,182.65499966219068,50.55499786976725,4.794001142727211,287.7929982787464,1,1
81,sign,32554.051841665,38.053000025684014,118.20299914688803,37.448000512085855,2.89799936581403,196.60199905047193,1,1
82,sign,32554.076941949,47.50700099975802,153.55999858002178,50.436003220966086,5.639998562401161,257.14300136314705,1,1
83,sign,32554.101056819,34.63200118858367,107.99099982250482,32.044998079072684,2.731001586653292,177.39900067681447,1,1
84,sign,32554.125206212,32.451000151922926,107.74800102808513,27.2109973593615,2.5430017558392137,169.95300029520877,1,1
85,sign,32554.152836564,36.64500036393292,115.52299838513136,36.928002373315394,3.0009978218004107,192.0969989441801,1,1
86,sign,32554.180868813,36.16899994085543,120.8789981319569,36.823999835178256,3.0990013328846544,196.97099924087524,1,1
87,sign,32554.206869946,28.488000680226833,119.21599798370153,32.36000338802114,3.187997208442539,183.25199926039204,1,1
88,sign,32554.232031859,34.414002584526315,111.37099863844924,27.744001272367314,2.630997187225148,176.159999682568,1,1
89,sign,32554.256490135,35.00799721223302,111.18499969597906,29.7840015264228,2.5760018615983427,178.55300029623322,1,1
90,sign,32554.282308428,46.786000893916935,191.0499995574355,53.593001211993396,4.535999323707074,295.9650009870529,1,1
91,sign,32554.307320957,50.21000106353313,158.54299999773502,49.86999920220114,3.7089994293637574,262.33199969283305,1,1
92,sign,32554.450608608,31.93600059603341,63.98099867510609,1.0639996617101133,31.431001843884587,128.4120007767342,2,1
93,sign,32554.476069925,48.172998504014686,136.75700029125437,33.178999728988856,3.630000719567761,221.73899924382567,2,1
94,sign,32554.500073753,41.805000364547595,109.01600035140291,29.876999178668484,3.0430019251070917,183.74100181972608,2,1
95,sign,32554.524077029,44.70799831324257,114.11000014049932,30.458002584055066,3.4279983083251864,192.70399934612215,2,1
96,sign,32554.551886769,37.152000004425645,127.95699876733124,32.53099930589087,3.2370007829740644,200.87699886062182,2,1
97,sign,32554.580503587,43.61800165497698,123.68799798423424,29.843002266716212,3.373999788891524,200.52300169481896,2,1
98,sign,32554.605789876,41.58299998380244,125.6869982171338,32.48999928473495,3.8910002331249416,203.65099771879613,2,1
99,sign,32554.631151517,43.734002247219905,131.9170005444903,30.308998248074204,3.469001967459917,209.42900300724432,2,1
100,sign,32554.65641699,61.80699710967019,166.32200276944786,48.949998017633334,4.950001311954111,282.0289992087055,2,1
101,sign,32554.684584866,46.53599899029359,122.82299940125085,34.14399907342158,3.945002390537411,207.44799985550344,2,1
102,sign,32554.712233687,41.770999814616516,113.79900024621747,28.350998036330566,3.2370007829740644,187.15799888013862,2,1
103,sign,32554.736961012,47.84200064023025,115.93899762374349,29.603001166833565,3.3229989639949054,196.7069983948022,2,1
104,sign,32554.761785097,34.92100222501904,109.32399891316891,28.4670022665523,3.1700001272838563,175.8820035320241,2,1
105,sign,32554.786669437,63.213003159035,145.9359991713427,29.429000278469175,3.45099761034362,242.0290002191905,2,1
106,sign,32554.813662385,44.28999818628654,114.42500181146897,30.993000109447166,3.1819981813896447,192.88999828859232,2,1
107,sign,32554.837203752,39.61300171795301,115.02299821586348,30.024002626305446,3.2099997042678297,187.87000226438977,2,1
108,sign,32554.86183644,50.431001000106335,146.83300105389208,32.71199966548011,3.9229998947121203,233.89900161419064,2,1
109,sign,32554.886798476,40.27199975098483,110.81399861723185,28.76000144169666,3.0230003176257014,182.86900012753904,2,1
110,sign,32554.910139226,40.78299753018655,111.79300054209307,30.09899955941364,3.149001713609323,185.82399934530258,2,1
111,sign,32554.935991054,64.94999979622662,167.80499936430715,51.78100036573596,5.665999196935445,290.2019987232052,2,1
112,sign,32554.962038166,59.66400203760713,218.40900080860592,70.76600013533607,15.310997696360573,364.1500006779097,1,1
113,sign,32554.987611534,39.473998185712844,141.95100084180012,42.94400059734471,3.6620003811549395,228.03100000601262,1,1
114,sign,32555.012373384,41.076000343309715,151.07099898159504,45.16400076681748,3.8239995774347335,241.13499966915697,1,1
115,sign,32555.03599599,44.81299765757285,139.83000098960474,44.165000872453675,3.5179982660338283,232.3259977856651,1,1
116,sign,32555.060832926,68.91399971209466,197.66600235016085,48.75199738307856,4.3149993871338665,319.64699883246794,1,1
117,sign,32555.088046294,43.67300061858259,156.18699762853794,46.42000203602947,3.6140008887741715,249.89400117192417,1,1
118,sign,32555.112345738,40.98699719179422,137.37300105276518,37.465000787051395,3.8229991332627833,219.64799816487357,1,1
119,sign,32555.733843655,55.613996664760634,168.99600086617284,44.83800148591399,3.9769984141457826,273.42499743099324,1,1
120,sign,32555.760325487,41.35699782636948,132.3630021943245,31.03500057477504,2.839999069692567,207.5949996651616,1,1
121,sign,32555.785448605,31.690000469097868,110.67800005548634,28.356000257190317,2.610999217722565,173.3349999994971,1,1
122,sign,32555.810233206,35.209999623475596,108.26599827851169,28.704002033919096,2.781998773571104,174.96199870947748,1,1
123,sign,32555.833606026,33.13499837531708,108.57899906113744,27.763002435676754,2.6079978852067143,172.084997757338,1,1
124,sign,32555.857226056,33.837000955827534,118.58599827974103,34.654000046430156,3.240002115489915,190.31700139748864,1,1
125,sign,32555.884532692,50.790997192962095,164.65999942738563,50.331000238657,4.064000677317381,269.8459975363221,1,1
126,sign,32555.912715145,40.065999201033264,128.1240001844708,37.12399848154746,3.4180011425632983,208.7319990096148,1,1
127,sign,32555.94090923,35.58599928510375,130.53699876763858,34.02400034246966,3.1240015232469887,203.27099991845898,1,1
128,sign,32555.969698922,40.99900252185762,123.54399950709194,31.329997000284493,2.964003215311095,198.83700224454515,1,1
129,sign,32555.997856593,73.81600153166801,269.2809975997079,63.450002926401794,4.655998054658994,411.2030001124367,1,1
130,sign,32556.024761855,62.12200241861865,152.51600052579306,58.19499710923992,3.8910002331249416,276.7240002867766,1,1
131,sign,32556.050519313,36.56599801615812,115.3820012405049,31.930998375173658,3.059001755900681,186.93799938773736,1,1
132,sign,32556.075459705,34.546999813755974,107.19800047809258,28.627000574488193,2.516997483326122,172.88899834966287,1,1
133,sign,32556.098805334,28.554997697938234,103.42700261389837,27.932997909374535,2.4270011635962874,162.34199938480742,1,1
134,sign,32556.124246524,48.1530005345121,177.16000002110377,57.76399848400615,5.097001121612266,288.1740001612343,1,1
135,sign,32556.149411953,45.48699871520512,150.21600120235234,505.3240020060912,7.1309987106360495,708.1580006342847,1,1
136,sign,32556.17492541,32.52299939049408,127.61499965563416,29.967999580549076,2.3850006982684135,192.49099932494573,1,1
137,sign,32556.200561998,35.28399975039065,116.96499859681353,33.126001653727144,2.8559989004861563,188.23099890141748,1,1
138,sign,32556.22478316,29.094000637996942,102.78400077368133,29.25999797298573,2.582000888651237,163.72000027331524,1,1
139,sign,32556.251470136,45.531996875070035,151.03000259841792,45.24500036495738,3.720997483469546,245.52799732191488,1,1
140,sign,32556.279159539,38.38200063910335,123.88199684210122,36.95800114655867,2.8530012059491128,202.07499983371235,1,1
141,sign,32556.305648007,34.30699871387333,112.6690003729891,30.831000913167372,2.63900074060075,180.44600074063055,1,1
142,sign,32556.331209978,32.26099943276495,109.5669977075886,28.390000807121396,3.0199989851098508,173.2379969325848,1,1
143,sign,32556.355400451,32.948999432846904,122.68499995116144,28.804999601561576,2.248001692350954,186.68700067792088,1,1
144,sign,32556.380108601,62.999002693686634,212.25699674687348,60.10200013406575,5.2720024541486055,340.63000202877447,1,1
145,sign,32556.406490898,37.79899998335168,112.82400009804405,29.17600068030879,3.344001015648246,183.14300177735277,1,1
146,sign,32556.431095724,31.493997084908187,115.09500109241344,30.0110004900489,2.6980014808941633,179.2980001482647,1,1
147,sign,32556.456390227,36.53900057543069,114.27299978095107,33.10000101919286,3.0709998100064695,186.9830011855811,1,1
148,sign,32556.482145477,42.17300011077896,132.2839998465497,38.56500188703649,3.6759993236046284,216.69800116796978,1,1
149,sign,32556.50648718,38.072001188993454,109.19100168393925,28.643997211474925,2.4430009943898767,178.3500010787975,1,1
150,sign,32556.532732985,45.26699922280386,191.9310016091913,64.0439975541085,4.442001227289438,305.6839996133931,1,1
151,sign,32556.558273162,37.39800013136119,119.3389980471693,30.363000405486673,2.830998710123822,189.93099729414098,1,1
152,sign,32556.583951346,40.7819970860146,143.18400280899368,35.92099892557599,3.1329982448369265,223.0199970654212,1,1
153,sign,32556.609102015,31.927000236464664,125.11399836512282,30.715000320924446,2.706998202484101,190.46299712499604,1,1
154,sign,32556.63372031,38.558999222004786,124.64300016290508,30.61299867113121,3.2000025385059416,197.01500059454702,1,1
155,sign,32556.659353407,41.3289999414701,164.50899784103967,610.7740009611007,6.308000592980534,822.919999336591,1,1
156,sign,32556.689669752,41.59400123171508,124.72299931687303,31.256000511348248,3.1050003599375486,200.6780014198739,1,1
157,sign,32556.717828899,56.32100146613084,231.4079974894412,101.0470004985109,6.83899997966364,395.61499943374656,1,1
158,sign,32556.7441537,44.05999789014459,154.27499965880997,67.96500019845553,4.6339991968125105,270.9339969442226,1,1
159,sign,32556.768747147,42.91000004741363,176.8729998730123,52.28000009083189,4.18099807575345,276.2439980870113,1,1
160,sign,32556.794656909,52.6449985045474,173.6009980959352,50.51400148659013,4.469999112188816,281.22999719926156,1,1
161,sign,32556.819678948,43.36300116847269,154.76499902433716,44.08300083014183,3.550998371792957,245.76199939474463,1,1
162,sign,32556.845213838,36.143999750493094,114.2919973062817,29.56000025733374,3.135999577352777,183.1319968914613,1,1
163,sign,32556.869836472,34.90299786790274,110.39300079573877,34.28300260566175,2.7419991965871304,182.3210004658904,1,1
164,sign,32556.893634508,31.707000744063407,105.60499868006445,28.180998924653977,2.6410016289446503,168.1339999777265,1,1
165,sign,32556.917434627,46.22699998435564,156.60799908800982,46.15199941326864,3.9810001908335835,252.9679986764677,1,1
166,sign,32556.94206034,45.5129993497394,154.75300097023137,45.84400085150264,3.6809979064855725,249.790999077959,1,1
167,sign,32556.966055405,46.99900091509335,151.02500037755817,43.37299833423458,3.6380006349645555,245.03500026185066,1,1
168,sign,32556.991336742,40.05899972980842,148.22299999650568,43.33999822847545,3.9250007830560207,235.54699873784557,1,1
169,sign,32557.016591518,32.484000257682055,136.30099783767946,42.5750004069414,3.1960007618181407,214.55599926412106,1,1
170,sign,32557.040126881,38.367001252481714,129.31600213050842,41.10999725526199,3.34899959852919,212.1420002367813,1,1
171,sign,32557.065235056,43.41099702287465,181.33800040232018,44.83900193008594,4.063000233145431,273.6509995884262,1,1
172,sign,32557.089854775,42.51100108376704,167.83599858172238,52.810999477515,4.030000127386302,267.1879992703907,1,1
173,sign,32557.114784825,32.47800123062916,129.35699851368554,41.32599860895425,3.3819997042883188,206.54299805755727,1,1
174,sign,32557.139498155,39.33200059691444,139.33000082033686,40.39999839733355,3.3389987947884947,222.40099860937335,1,1
175,sign,32557.163051168,30.930998036637902,128.73500236310065,42.17099922243506,2.954999217763543,204.79199883993715,1,1
176,sign,32557.192914165,58.862999139819294,186.5740014181938,56.40299787046388,4.331002855906263,306.17100128438324,1,1
177,sign,32557.217372809,45.54200131678954,153.3290014776867,45.50599987851456,4.170000465819612,248.5470031388104,1,1
178,sign,32557.241201984,38.95799818565138,147.0950010116212,44.010001147398725,3.88399712392129,233.9469974685926,1,1
179,sign,32557.265635725,31.182997190626338,127.35800191876478,40.33699951833114,3.1099989428184927,201.98799757054076,1,1
180,sign,32557.290798955,33.04799975012429,131.79699817555957,46.340002882061526,3.45099761034362,214.635998418089,1,1
181,sign,32557.31462374,31.81300053256564,125.38300143205561,40.01900015282445,3.3519972930662334,200.56699941051193,1,1
182,sign,32557.339281802,51.31199941388331,161.24299872899428,45.73200203594752,4.441000783117488,262.7280009619426,1,1
183,sign,32557.364133741,43.575000745477155,150.4139981989283,45.187000068835914,4.2860010580625385,243.46200007130392,1,1
184,sign,32557.388852998,38.993999623926356,148.58299982734025,43.10000076657161,4.0289996832143515,234.70599990105256,1,1
185,sign,32557.413490303,35.8239994966425,143.51000208989717,42.59499837644398,4.008001269539818,225.93700123252347,1,1
186,sign,32557.437202107,32.568997994530946,138.10599921271205,43.746000301325694,3.140001354040578,217.56099886260927,1,1
187,sign,32557.462265146,40.08999894722365,159.22099919407628,48.35700019611977,3.454999387031421,251.12299772445112,1,1
188,sign,32557.488739431,39.07300197170116,146.6289977543056,42.23700307193212,3.7909994716756046,231.7300022696145,1,1
189,sign,32557.515842353,35.18299854476936,148.21399963693693,42.065999878104776,4.006000381195918,229.468998441007,1,1
190,sign,32557.540787282,34.83199907350354,139.93100219522603,45.876997319282964,3.5100019886158407,224.15000057662837,1,1
191,sign,32557.564722725,34.738997783279046,150.47499982756563,40.79500286024995,3.4429976949468255,229.45199816604145,1,1
192,sign,32557.589174783,65.0710026093293,163.3179999771528,46.34199649444781,8.568000339437276,283.2989994203672,1,1
193,sign,32557.616981662,39.05500125256367,117.78200132539496,30.45899939024821,3.282999387010932,190.57900135521777,1,1
194,sign,32557.643622847,31.964998925104737,111.71399819431826,29.11200135713443,2.707001840462908,175.49800031702034,1,1
195,sign,32557.668316002,32.96000068075955,107.9339999705553,29.652997909579426,2.8270005714148283,173.3739991323091,1,1
196,sign,32557.692909493,32.850002753548324,119.97399997198954,30.760998924961314,2.715001755859703,186.30000340635888,1,1
197,sign,32557.718451032,36.2899991159793,116.0829997388646,172.7840026433114,2.5789995561353862,327.7360010542907,1,1
198,sign,32557.743799851,34.80400118860416,114.24900003476068,29.70000059576705,2.982997102662921,181.73599892179482,1,1
199,sign,32557.7689746,40.500999602954835,113.67900151526555,30.45699850190431,2.6269990485161543,187.26399866864085,1,1
200,sign,32557.794643323,41.35999915888533,111.1270030378364,30.42499884031713,2.5379995349794626,185.45000057201833,1,1
201,sign,32557.819328135,47.05299943452701,164.9549994908739,50.92600258649327,3.864999598590657,266.7990011104848,1,1
202,sign,32557.844044076,36.22200165409595,117.49300028895959,31.802999728824943,2.863998815882951,188.38200048776343,1,1
203,sign,32557.869721499,43.46500281826593,162.86999743897468,48.44300201511942,4.4579974201042205,259.23599969246425,1,1
204,sign,32557.895069388,51.036000513704494,164.15999925811775,45.6730012956541,4.245001036906615,265.11400210438296,1,1
205,sign,32557.922415966,54.804000683361664,147.0419992983807,42.91599907446653,3.8290017982944846,248.59100085450336,1,1
206,sign,32557.947839525,33.97899854462594,141.37399921310134,44.307002099230886,3.45099761034362,223.1109974673018,1,1
207,sign,32557.972196748,27.49700070125982,120.06199904135428,40.396000258624554,3.0609990062657744,191.01599900750443,1,1
208,sign,32557.999158209,47.859997721388936,149.55200094846077,44.114000047557056,3.9719998312648386,245.4979985486716,1,1
209,sign,32558.025649015,47.22599987871945,201.2530021602288,49.60099977324717,5.9539997891988605,304.03400160139427,1,1
210,sign,32558.053736404,42.224000935675576,148.95200001774356,44.88700142246671,4.0909981180448085,240.15400049393065,1,1
211,sign,32558.079156928,31.1679978040047,129.8060014960356,41.194998630089685,3.282002580817789,205.45100051094778,1,1
212,sign,32558.103544044,28.198999643791467,117.40000263671391,40.43899753014557,3.139000909868628,189.17700072051957,1,1
213,sign,32558.130782611,54.09900040831417,219.84600243740715,66.48499766015448,5.919999239267781,346.3499997451436,1,1
214,sign,32558.158421884,45.913999201729894,167.62300219852477,48.70299744652584,4.285000613890588,266.5249994606711,1,1
215,sign,32558.182819588,32.446998375235125,105.15300164115615,31.953997677192092,2.5700028345454484,172.12400052812882,1,1
216,sign,32558.207929108,35.28999877744354,121.79700206615962,31.22399721178226,3.05399953504093,191.36499759042636,1,1
217,sign,32558.231380554,31.567000405630097,105.04099918762222,29.89000131492503,2.435001078993082,168.93300198717043,1,1
218,sign,32558.259287093,34.48999996180646,119.92600047960877,31.700001272838563,2.7809983293991536,188.89700004365295,1,1
219,sign,32558.289205324,54.183001338969916,177.30800027493387,51.31899888510816,5.145000613993034,287.955001113005,1,1
220,sign,32558.320375574,57.55199890700169,105.96100037219003,1.7560014384798706,52.6449985045474,217.913999222219,2,1
221,sign,32558.347186785,61.263002862688154,172.88199887843803,46.57400131691247,4.866997187491506,285.58600024553016,2,1
222,sign,32558.371745849,69.34600241947919,199.04799773939885,51.85100235394202,6.20999708189629,326.45499959471636,2,1
223,sign,32558.402675497,39.00600131601095,129.8280003538821,787.1669986343477,5.764999514212832,961.7659998184536,2,1
224,sign,32558.428776862,34.6549968526233,97.18799992697313,39.85300281783566,3.793000360019505,175.4889999574516,2,1
225,sign,32558.454647929,20.780000340892002,66.14599988097325,24.60899850120768,2.378001227043569,113.9129999501165,2,1
226,sign,32558.480259493,22.621999960392714,69.74799907766283,27.176000003237277,2.5720000849105418,122.11799912620336,2,1
227,sign,32558.504286409,18.670001736609265,61.55899973236956,26.37599754962139,2.3500033421441913,108.9550023607444,2,1
228,sign,32558.530472952,20.211002265568823,65.74500002898276,27.931997465202585,2.597000275272876,116.48500003502704,2,1
229,sign,32558.555379083,35.241999285062775,103.979000414256,40.69999704370275,3.7800018617417663,183.7009986047633,2,1
230,sign,32558.581025895,22.16500070062466,67.33899863320403,26.894998882198706,2.62100002146326,119.01999823749065,2,1
231,sign,32558.60641019,20.121999114053324,68.59999848529696,27.82900264719501,2.6389971026219428,119.18999734916724,2,1
232,sign,32558.630388341,19.94400008697994,61.484999605454504,25.39400156820193,2.406999556114897,109.23000081675127,2,1
233,sign,32558.65711644,47.36099799629301,138.5809991916176,47.673001972725615,4.706998879555613,238.32199804019183,2,1
234,sign,32558.682936353,40.936000004876405,126.3799968000967,45.435001084115356,4.475001333048567,217.22599922213703,2,1
235,sign,32558.709569533,31.090999982552603,93.71399937663227,41.14300099899992,3.3530013752169907,169.3010017334018,2,1
236,sign,32558.736250688,30.746999982511625,121.25299690524116,49.17100159218535,4.6499990276061,205.82099750754423,2,1
237,sign,32558.760991414,51.56800034455955,106.52699711499736,40.336002712138,3.5369994293432683,201.96799960103817,2,1
238,sign,32558.78695188,24.23000114504248,126.73799938056618,280.69299878552556,4.306999471737072,435.9679987828713,2,1
239,sign,32558.814272276,19.16400287882425,64.9859975965228,112.35599959036335,3.9719998312648386,200.47799989697523,2,1
240,sign,32558.840615109,21.060001017758623,64.33700036723167,27.721998776542023,5.572001100517809,118.69100126205012,1,1
241,sign,32558.867076644,13.182998372940347,63.103001593844965,25.065997760975733,1.8500031728763133,103.20200090063736,1,1
242,sign,32558.892083456,13.2610002765432,64.8319983156398,26.269000954926014,2.197000867454335,106.55900041456334,1,1
243,sign,32558.920715907,38.038000639062375,127.8689996979665,46.75799937103875,3.2140014809556305,215.87900118902326,1,1
244,sign,32558.94755443,20.927000150550157,96.08599793864414,45.42600072454661,2.9510010790545493,165.38999989279546,1,1
245,sign,32558.974582537,12.470998626668006,37.1470014215447,1.1589982022996992,31.699000828666613,82.47599907917902,2,1
246,sign,32559.001094557,24.77300222381018,65.19399903481826,24.898999981814995,2.420998498564586,117.28699973900802,2,1
247,sign,32559.02637548,18.595001165522262,63.09099990176037,26.041998353321105,2.474000211805105,110.20199963240884,2,1
248,sign,32559.053079408,36.78299981402233,109.78299906128086,39.778002246748656,3.941997420042753,190.2859985420946,2,1
249,sign,32559.081374605,19.995997718069702,63.240000599762425,24.762000975897536,2.373999450355768,110.37199874408543,2,1
250,sign,32559.107176946,45.82000110531226,152.7519998489879,52.285999117884785,4.888999683316797,255.74699975550175,2,1
251,sign,32559.133847992,28.95199941121973,122.49000064912252,61.79999763844535,4.803001502295956,218.04499920108356,2,1
252,sign,32559.16044273,29.008999263169244,101.09600043506362,43.37900099926628,4.407000233186409,177.89100093068555,2,1
253,sign,32559.191338576,21.460997231770307,73.19699943764135,26.838002668228,2.4809996830299497,123.97699902066961,2,1
254,sign,32559.222604314,18.995000573340803,62.84999835770577,23.804001102689654,2.3860011424403638,108.03500117617659,2,1
255,sign,32559.251098403,34.58499850239605,320.31600130721927,41.24299812247045,3.769000613829121,399.9129985459149,2,1
256,sign,32559.276464605,30.198003514669836,100.16299711423926,39.042999560479075,3.444001777097583,172.84800196648575,2,1
257,sign,32559.300745467,19.252998754382133,61.18400051491335,25.32900180085562,2.3419997887685895,108.1080008589197,2,1
258,sign,32559.327299445,32.08799898857251,342.53999911015853,41.37799987802282,3.6900019040331244,419.695999880787,2,1
259,sign,32559.353352122,29.39799742307514,101.33800242329016,39.54299972974695,3.564000508049503,173.84300008416176,2,1
260,sign,32559.380626483,29.64700252050534,89.88999979919754,39.08999860868789,3.364002623129636,161.9910035515204,2,1
261,sign,32559.407478978,20.53500065812841,64.17600161512382,24.327000573975965,2.4089968064799905,111.44699965370819,2,1
262,sign,32559.433531901,20.283001504139975,69.14199911989272,25.576002371963114,2.5129993446171284,117.51400234061293,2,1
263,sign,32559.461529374,20.509000023594126,67.1620000503026,27.305999537929893,2.5650006136856973,117.54200022551231,2,1
264,sign,32559.488393059,36.6770000255201,124.88699940149672,40.85199907422066,4.010002157883719,206.4260006591212,2,1
265,sign,32559.515378087,28.220001695444807,118.24900138890371,49.61800004821271,4.965997504768893,201.05300063733011,2,1
266,sign,32559.541316749,21.518000721698627,70.09099863353185,26.804998924490064,2.7669993869494647,121.18099766667001,2,1
267,sign,32559.566963639,18.95199966384098,74.51000055880286,25.433997507207096,2.9240000003483146,121.81999773019925,2,1
268,sign,32559.593835552,20.854000467807055,68.3759972162079,26.2970024778042,2.6469970180187374,118.1739971798379,2,1
269,sign,32559.646372571,46.59500336856581,165.0179983698763,44.983000407228246,4.830999387195334,261.4270015328657,2,1
270,sign,32559.679860028,52.093997510382906,151.96700041997246,47.1460007247515,4.666999302571639,255.8739979576785,2,1
271,sign,32559.716611159,39.25199780496769,124.99100193963386,67.96199886593968,4.044999514007941,236.24999812454917,2,1
272,sign,32559.745900743,29.74699964397587,97.22699905978516,43.4300018241629,3.6149976949673146,174.01899822289124,2,1
273,sign,32559.771866059,30.42900061700493,90.00899808597751,45.82600013236515,3.722001565620303,169.9860004009679,2,1
274,sign,32559.797515967,30.313000024762005,89.86000102595426,39.36700159101747,3.4519980545155704,162.9920006962493,2,1
275,sign,32559.823054163,29.45199958048761,85.24200165993534,39.08699727617204,3.455003025010228,157.23600154160522,2,1
276,sign,32559.84933871,29.11200135713443,88.88299998943694,537.7140005293768,4.3719992390833795,660.0810011150315,2,1
277,sign,32559.875845517,30.319002689793706,90.33999958774075,44.37399911694229,3.60799822374247,168.6409996182192,2,1
278,sign,32559.903178496,31.083000067155808,113.32900248817168,49.2369981657248,3.658999048639089,197.30799976969138,2,1
279,sign,32559.930538184,28.968002879992127,87.00899707037024,39.07200152752921,3.2620009733363986,158.31100245122798,2,1
280,sign,32559.955850332,27.603000489762053,83.37699910043739,37.64600114664063,7.370999810518697,155.99700054735877,2,1
281,sign,32559.98262626,30.102000891929492,103.63099863752723,42.01699994155206,3.5510020097717643,179.30100148078054,2,1
282,sign,32560.010121301,30.37400165339932,92.21499931300059,40.34000085084699,3.591998392948881,166.52100021019578,2,1
283,sign,32560.037468305,30.834002245683223,92.91499736718833,127.94000213034451,4.538000212050974,256.22700195526704,2,1
284,sign,32560.062921484,28.630998713197187,89.91399954538792,39.181999454740435,3.5100019886158407,161.2369997019414,2,1
285,sign,32560.088247564,28.047001251252368,83.44899833900854,37.293000787030905,3.2759999157860875,152.0650002930779,2,1
286,sign,32560.112589885,33.91900099813938,167.66799672041088,73.60600284300745,5.8490004448685795,281.0420010064263,2,1
287,sign,32560.138482536,22.108000848675147,71.0969979991205,27.40900163189508,2.658998710103333,123.27299918979406,2,1
288,sign,32560.164010161,23.772001441102475,132.48699906398542,44.05100116855465,4.098998033441603,204.40899970708415,2,1
289,sign,32560.191394281,79.39200077089481,163.14900130964816,42.59900015313178,3.8629987102467567,289.0030009439215,2,1
290,sign,32560.218284121,23.226999473990873,73.30600055865943,28.697999368887395,2.863998815882951,128.09499821742065,2,1
291,sign,32560.243487865,20.79700061585754,63.482999394182116,24.19900192762725,2.4559994926676154,110.93500143033452,2,1
292,sign,32560.27015827,31.62299981340766,93.82500138599426,41.62700133747421,3.520999598549679,170.5960021354258,2,1
293,sign,32560.297465227,19.594001059886068,68.08900070609525,25.690998882055283,2.472999767633155,115.84700041566975,2,1
294,sign,32560.328668484,34.49500218266621,135.16000035451725,45.256998419063166,5.054000212112442,219.96600116835907,1,1
295,sign,32560.368218635,21.595998987322673,1967.3259994306136,77.90900053805672,5.680998583557084,2072.51199753955,1,1
296,sign,32560.418468528,34.785996831487864,168.46000289660878,50.4019990330562,4.322999302530661,257.9709980636835,1,1
297,sign,32560.441372256,27.492002118378878,111.06799865956418,44.599000830203295,3.143999492749572,186.30300110089593,1,1
298,sign,32560.469059563,18.813996575772762,48.30100078834221,1.06200241134502,37.17700019478798,105.35399997024797,2,1
299,sign,32560.4952487,23.271000827662647,77.85299749230035,27.591999241849408,2.631000825203955,131.34699838701636,2,1
300,sign,32560.52383675,38.81800148519687,131.61899914848618,50.45899888500571,9.05900014913641,229.95499966782518,2,1
301,sign,32560.552440033,20.87900065816939,67.83500066376291,27.66900070128031,2.520999260013923,118.90400128322653,2,1
302,sign,32560.580367135,39.911999920150265,118.75600102939643,46.193999878596514,4.5099986891727895,209.371999517316,2,1
303,sign,32560.60624965,21.304997062543407,67.10900197504088,26.896999770542607,2.559998392825946,117.87099720095284,2,1
304,sign,32560.632626765,19.52399907168001,71.38699947972782,27.140002202941105,2.535998646635562,120.5869994009845,2,1
305,sign,32560.659761737,20.557999960146844,65.96900129807182,28.318998374743387,2.5790031941141933,117.42500282707624,2,1
306,sign,32560.686920927,31.748997571412474,122.63000098755583,44.459000491769984,3.8299986044876277,202.66799765522592,2,1
307,sign,32560.71441454,44.404998334357515,91.09999882639386,197.15800226549618,3.6279998312238604,336.2909992574714,2,1
308,sign,32560.740571372,30.816001526545733,95.06700007477775,39.769998693373054,3.4010008675977588,169.0540011622943,2,1
309,sign,32560.765678263,28.32500103977509,82.8970005386509,39.07699647243135,3.3270007406827062,153.62599879154004,2,1
310,sign,32560.792597544,32.189000194193795,98.18999751587398,42.89199932827614,3.9480000850744545,177.21899712341838,2,1
311,sign,32560.820428536,20.96599928336218,65.74000144610181,31.281997507903725,3.553999704308808,121.54199794167653,2,1
312,sign,32560.84680392,21.31200017174706,66.74299947917461,28.274997021071613,2.67700306721963,119.00699973921292,2,1
313,sign,32560.873213137,19.97199797187932,67.3809990985319,27.223002689424902,2.4289984139613807,117.0049981737975,2,1
314,sign,32560.898301324,18.50700209615752,61.883998569101095,25.733999791555107,2.474000211805105,108.59900066861883,2,1
315,sign,32560.925481005,28.44800110324286,103.65199705120176,37.312001950340346,3.5439989005681127,172.95599900535308,2,1
316,sign,32560.951546315,23.076001525623724,74.13899948005565,28.477999876486138,2.7330024749971926,128.4260033571627,2,1
317,sign,32560.976613418,19.712999346666038,65.77100066351704,24.992001272039488,2.415999915683642,112.89200119790621,2,1
318,sign,32561.001902056,20.196999685140327,65.73900100192986,35.47799860825762,2.5370027287863195,123.95100202411413,2,1
319,sign,32561.025724147,19.901999621652067,61.61700002849102,24.201999622164294,2.3790016712155193,108.1000009435229,2,1
320,sign,32561.052844549,21.564999769907445,69.83799903537147,29.31299968622625,2.8860013117082417,123.6019998032134,2,1
321,sign,32561.079862131,32.25200271117501,101.97200026595965,699.8949975240976,6.972000846872106,841.0910013481043,2,1
322,sign,32561.105508803,20.665000192821026,66.86999768135138,24.829001631587744,2.5099980121012777,114.87399751786143,2,1
323,sign,32561.131356203,20.465999114094302,64.4329993519932,27.925001631956547,2.4410001060459763,115.26500020409003,2,1
324,sign,32561.155616225,19.17799818329513,63.257000874727964,25.78999919933267,2.495999069651589,110.72099732700735,2,1
325,sign,32561.181817302,50.47599915997125,143.2210010534618,47.33199966722168,5.278998287394643,246.30799816804938,2,1
326,sign,32561.21052223,20.08199953706935,64.39999924623407,25.733999791555107,2.4170003598555923,112.63299893471412,2,1
327,sign,32561.238058979,51.11099744681269,124.84100079745986,42.64500239514746,4.03899684897624,222.63599748839624,2,1
328,sign,32561.265074687,21.90400118706748,71.569000283489,26.888999855145812,2.6429988793097436,123.00500020501204,2,1
329,sign,32561.291649909,20.146002498222515,63.83599975379184,25.311997887911275,2.414999471511692,111.70899961143732,2,1
330,sign,32561.31760864,31.505998776992783,95.0699977693148,38.05100277531892,3.6620003811549395,168.28899970278144,2,1
331,sign,32561.344831552,32.61800156906247,95.16299905953929,46.14799763658084,3.8630023482255638,177.79200061340816,2,1
332,sign,32561.371247473,29.415001336019486,101.06500121764839,39.898000977700576,3.478999133221805,173.85700266459025,1,1
333,sign,32561.396253372,17.140999261755496,84.5889990159776,39.54500061809085,2.48300057137385,143.7579994671978,1,1
334,sign,32561.421385255,16.691003111191094,76.84799857088365,38.366000808309764,2.511998900445178,134.41700139082968,1,1
335,sign,32561.447315181,34.07199983485043,175.66299720783718,52.09000300965272,3.2519965316168964,265.0769965839572,1,1
336,sign,32561.474338926,21.99500158894807,97.85699876374565,37.98200123128481,2.2709973563905805,160.10499894036911,1,1
337,sign,32561.499414232,25.60299981269054,113.7690014729742,46.89799970947206,3.315999492770061,189.58600048790686,1,1
338,sign,32561.523547159,37.08599979290739,110.10400339728221,28.991998988203704,2.9369984986260533,179.11900067701936,1,1
339,sign,32561.547997498,53.135998314246535,163.2960011193063,53.329000365920365,4.82600080431439,274.5870006037876,1,1
340,sign,32561.57190562,29.447000997606665,117.20899783540517,30.60500239371322,2.534998202463612,179.79599942918867,1,1
341,sign,32561.597998618,56.39400114887394,163.88799849664792,48.071000492200255,4.045999958179891,272.399000095902,1,1
342,sign,32561.625178638,37.50799805857241,120.05900134681724,32.309999369317666,2.8659997042268515,192.74299847893417,1,1
343,sign,32561.649478147,36.34799941210076,132.73000149638392,41.106999560724944,2.663000486791134,212.84800095600076,1,1
344,sign,32561.674381317,36.55800173874013,122.02899961266667,32.14800017303787,2.7559981390368193,193.4909996634815,1,1
345,sign,32561.698148535,44.06799780554138,154.9560001876671,45.140001020627096,4.161000106250867,248.32499912008643,1,1
346,sign,32561.723559835,37.49399911612272,125.20299787865952,32.054002076620236,3.0859991966281086,197.83699826803058,1,1
347,sign,32561.747761078,35.484998079482466,114.94499995023943,33.01600008853711,2.707001840462908,186.15299995872192,1,1
348,sign,32561.772180765,37.12099714903161,124.09900227794424,34.86099740257487,2.963002771139145,199.04399960068986,1,1
349,sign,32561.797148611,33.09900057502091,109.12799916695803,30.002000130480155,2.6279994926881045,174.8569993651472,1,1
350,sign,32561.820811067,31.644001865061,106.67799870134331,28.376001864671707,2.6749985408969223,169.37300097197294,1,1
351,sign,32561.845265146,37.49600000446662,118.05000031017698,31.36099985567853,3.3899996196851134,190.29699979000725,1,1
352,sign,32561.87402599,35.63100108294748,111.13099753856659,31.648000003769994,2.611999661894515,181.02199828717858,1,1
353,sign,32561.90123356,39.079000998754054,126.37200052267872,36.87999924295582,3.503002517390996,205.8340032817796,1,1
354,sign,32561.925850678,33.960001019295305,134.26800069282763,38.21900099865161,2.8479989850893617,209.2950016958639,1,1
355,sign,32561.950259055,30.96399814239703,108.16000212798826,29.34999793069437,2.549000782892108,171.02299898397177,1,1
356,sign,32561.974103814,35.995002690469846,117.73499863920733,45.55000123218633,2.6620000426191837,201.9420026044827,1,1
357,sign,32562.001134268,36.7479988199193,122.72399908397347,30.36000271094963,2.673998096724972,192.50599871156737,1,1
358,sign,32562.027927405,35.484998079482466,145.2290016459301,32.203999580815434,3.083001502091065,216.00100080831908,1,1
359,sign,32562.05254485,32.36399788875133,116.90300016198307,29.5429999823682,2.5040026230271906,181.3140006561298,1,1
360,sign,32562.077050376,35.60400000424124,113.53499940014444,30.748000426683575,2.8710019250866026,182.75800175615586,1,1
361,sign,32562.100608721,38.918999052839354,122.20099961268716,36.409001040738076,2.853998012142256,200.38299771840684,1,1
362,sign,32562.125638399,62.923998484620824,176.67900101514533,54.24499977380037,4.737001290777698,298.5850005643442,1,1
363,sign,32562.150921736,37.28199953911826,140.23499898030423,32.10700015188195,2.8270005714148283,212.45099924271926,1,1
364,sign,32562.175777046,34.07500116736628,112.95700096525252,31.61899803671986,2.77800063486211,181.42900080420077,1,1
365,sign,32562.200320427,33.559001167304814,111.00199844804592,30.782000976614654,2.6950001483783126,178.0380007403437,1,1
366,sign,32562.224105576,34.87300273263827,108.82199785555713,30.37300120922737,2.3619977582711726,176.42999955569394,1,1
367,sign,32562.248724594,47.962999815354124,166.04200209258124,52.44999920250848,4.188997991150245,270.6439991015941,1,1
368,sign,32562.274118341,53.56900146580301,112.6729985116981,32.12899900972843,2.839002263499424,201.21000125072896,1,1
369,sign,32562.298594494,33.00900061731227,109.31099677691236,32.89400046924129,2.800999936880544,178.01499780034646,1,1
370,sign,32562.324329571,30.96599903074093,108.12199980136938,29.64400118798949,2.6809975679498166,171.41299758804962,1,1
371,sign,32562.347990748,56.95000072591938,112.87799861747772,29.85800165333785,2.649998350534588,202.33599934726954,1,1
372,sign,32562.372884945,51.62199886399321,169.57399930106476,49.1700011480134,4.163997800787911,274.5299971138593,1,1
373,sign,32562.399931138,50.016002205666155,171.29799743997864,46.228000428527594,4.252000508131459,271.79400058230385,1,1
374,sign,32562.42627576,43.64699998404831,153.72000052593648,44.5849982497748,3.4320000850129873,245.38399884477258,1,1
375,sign,32562.450707839,51.866998546756804,146.5460009058006,42.76199979358353,3.707998985191807,244.88299823133275,1,1
376,sign,32562.475895354,41.88800085103139,159.61199824232608,45.2150015917141,3.9339975046459585,250.64899818971753,1,1
377,sign,32562.502156643,39.17600042768754,151.75999942584895,47.270998038584366,3.6770034057553858,241.88400129787624,1,1
378,sign,32562.528873769,43.98199962452054,169.16300228331238,267.21500034909695,4.350000381236896,484.71000263816677,1,1
379,sign,32562.553994881,47.826000809436664,144.38899961533025,42.536001274129376,3.4769982448779047,238.2279999437742,1,1
380,sign,32562.578923099,35.46299922163598,157.63400006107986,42.54200030118227,3.610999556258321,239.24999914015643,1,1
381,sign,32562.603987391,38.346999645000324,137.21399955102243,42.57999898982234,3.4610020520631224,221.60200023790821,1,1
382,sign,32562.627554002,31.529998523183167,129.5200017921161,41.90600157016888,3.1319978006649762,206.08799968613312,1,1
383,sign,32562.653240358,46.495002607116476,160.6639998499304,46.5279990748968,4.033001459902152,257.72000299184583,1,1
384,sign,32562.677727126,46.64000152843073,146.18799832533114,44.770000386051834,3.484001354081556,241.08200159389526,1,1
385,sign,32562.702274257,38.15099989878945,144.73799819825217,42.658000893425196,3.287001163698733,228.83400015416555,1,1
386,sign,32562.727530798,40.240000089397654,141.8939973518718,43.06900154915638,3.2899988582357764,228.49299784866162,1,1
387,sign,32562.75199055,70.90199869708158,148.85700147715397,45.430999307427555,3.435998223721981,268.6259977053851,1,1
388,sign,32562.776976986,86.11500015831552,195.4830004251562,51.66000119061209,5.6299977586604655,338.8879995327443,1,1
389,sign,32562.804438235,45.59499939205125,153.87899838970043,49.45000182488002,4.1860002966132015,253.1099999032449,1,1
390,sign,32562.82962614,43.80500104161911,152.96000128728338,45.550998038379475,4.092002200195566,246.40800256747752,1,1
391,sign,32562.854622301,44.10499968798831,146.59899898106232,43.84600106277503,3.2059979275800288,237.7559976594057,1,1
392,sign,32562.87973511,38.596001104451716,146.8499976908788,46.11600161297247,3.9999977161642164,235.5619981244672,1,1
393,sign,32562.905154001,46.28700116882101,157.42100003990345,727.7959994098637,5.828998837387189,937.3329994559754,1,1
394,sign,32562.93083334,43.435000407043844,166.00199887761846,58.18999852635898,4.269000783096999,271.8959985941183,1,1
395,sign,32562.955616304,31.772000511409715,115.83800005610101,29.666000045835972,2.848999429261312,180.125000042608,1,1
396,sign,32562.980543326,39.93399877799675,119.39199976040982,32.48999928473495,3.2200005080085248,195.03599833115004,1,1
397,sign,32563.005346348,33.28900129417889,109.69399954774417,31.021998438518494,2.5030021788552403,176.5080014592968,1,1
398,sign,32563.029258498,34.99399826978333,114.4519992521964,31.510000553680584,2.79700179817155,183.75299987383187,1,1
399,sign,32563.054043104,61.647002439713106,164.6149976295419,46.85400199377909,4.191999323666096,277.3080013867002,1,1
400,sign,32563.079062102,70.45200254651718,686.2879999971483,76.97399996686727,5.355999746825546,839.0700022573583,1,1
401,sign,32563.103991303,39.446000300813466,106.7080011125654,30.14399771927856,2.793000021483749,179.09099915414117,1,1
402,sign,32563.128983656,43.678999645635486,115.41300045792013,29.97800038428977,3.116001607850194,192.18600209569559,1,1
403,sign,32563.152792168,32.81799945398234,109.15700113400817,31.561001378577203,3.1269992177840322,176.66300118435174,1,1
404,sign,32563.178101533,45.16199987847358,155.36399951088242,606.6269997972995,5.875997885596007,813.0289970722515,1,1
405,sign,32563.203733024,42.98100247979164,157.50799866509624,51.51000004843809,4.273999365977943,256.2730005593039,1,1
406,sign,32563.228833958,46.52499774238095,194.77500245557167,77.64199835946783,5.107998731546104,324.04999728896655,1,1
407,sign,32563.253986363,48.04199852515012,148.8980014983099,45.02599767874926,3.5660013963934034,245.53199909860268,1,1
408,sign,32563.278768481,46.334000217029825,152.11099889711477,56.67000004905276,3.7580030038952827,258.87300216709264,1,1
409,sign,32563.303049276,48.94299854640849,146.29900033469312,39.30900129489601,3.622000804170966,238.17300098016858,1,1
410,sign,32563.329305376,49.89700028090738,168.09199951239862,47.95499989995733,4.8910005716606975,270.835000264924,1,1
411,sign,32563.353898902,36.61299706436694,134.28300007944927,31.818999559618533,2.7850001060869545,205.4999968095217,1,1
412,sign,32563.378328659,37.49999814317562,113.6880018748343,32.1019979310222,2.7370006137061864,186.0269985627383,1,1
413,sign,32563.403167929,31.16100197075866,108.84500079555437,31.10299803665839,2.4930013751145452,173.60200217808597,1,1
414,sign,32563.427183405,67.14299888699315,198.53299818350933,50.83799987914972,3.773002390516922,320.28699934016913,1,1
415,sign,32563.45446287,38.485999539261684,118.7250018119812,33.854001230793074,3.3819997042883188,194.44700228632428,1,1
416,sign,32563.478426,33.348998840665445,112.96899901935831,33.62500137882307,2.677999873412773,182.6209991122596,1,1
417,sign,32563.503468099,51.97300197323784,121.13099728594534,43.72700277599506,3.463999746600166,220.2950017817784,1,1
418,sign,32563.529269996,46.25899964594282,110.08000001311302,30.85899879806675,2.4809996830299497,189.67899814015254,1,1
419,sign,32563.553151703,31.094001315068454,122.69500075490214,31.374998798128217,2.359000063734129,187.52300093183294,1,1
420,sign,32563.579202645,45.07699850364588,141.26899986877106,40.960003389045596,4.3529980757739395,231.65899983723648,1,1
421,sign,32563.606488571,53.41900032362901,167.53099771449342,165.12400179635733,5.294001311995089,391.36800114647485,1,1
422,sign,32563.994019426,54.330997954821214,209.5849995384924,57.75899990112521,4.327001079218462,326.0019984736573,1,1
423,sign,32564.01754155,30.524999601766467,131.3519969698973,29.451002774294466,2.333999873371795,193.66199921933003,1,1
424,sign,32564.042172912,38.717000279575586,128.1000004382804,33.30500112497248,2.991997462231666,203.11399930506013,1,1
425,sign,32564.066788656,31.961000786395743,106.80400009732693,29.40099875559099,2.439999661874026,170.6059993011877,1,1
426,sign,32564.090290436,33.28899765620008,115.64200030989014,29.240000003483146,2.5459994503762573,180.71699741994962,1,1
427,sign,32564.115533179,40.45700188726187,128.95799955003895,48.77399987890385,4.351997631601989,222.54099894780666,1,1
428,sign,32564.141739428,48.278001486323774,168.63400014699437,424.20099998707883,4.75299748359248,645.8659991039895,1,1
429,sign,32564.169511648,69.33099939487875,192.11100152460858,50.76299930806272,4.623998393071815,316.82899862062186,1,1
430,sign,32564.195641409,42.274001316400245,135.38699931814335,39.05800258507952,3.2959978852886707,220.0150011049118,1,1
431,sign,32564.221209173,60.36700142431073,155.04099792451598,54.195999837247655,4.348999937064946,273.9529991231393,1,1
432,sign,32564.248447949,47.68999860971235,161.5229994058609,53.40099960449152,4.601002729032189,267.21500034909695,1,1
433,sign,32564.278406349,48.836001951713115,519.6119964239188,416.97600318002515,4.382000042824075,989.8060015984811,1,1
434,sign,32564.305157709,38.58099807985127,123.64400026854128,35.29899913701229,3.378001565579325,200.90199905098416,1,1
435,sign,32564.330621534,38.92999666277319,110.42300320696086,31.362997106043622,2.9000002541579306,183.6159972299356,1,1
436,sign,32564.355324397,32.017000194173306,112.03700341866352,31.423998734680936,2.6460002118255943,178.12400255934335,1,1
437,sign,32564.384089225,22.363998141372576,119.98099944321439,562.8680009976961,3.0560004233848304,708.2689990056679,1,1
438,sign,32564.416107872,18.40200275182724,65.12699837912805,27.09199907258153,2.0560000848490745,112.6770002883859,1,1
439,sign,32564.447297579,13.056996976956725,63.276002038037404,26.93799979169853,2.1080013539176434,105.3790001606103,1,1
440,sign,32564.478640444,13.467000826494768,65.42100163642317,27.956000849371776,2.0459992811083794,108.8900025933981,1,1
441,sign,32564.509655901,17.773996660253033,83.8370033307001,39.787999412510544,2.791999577311799,144.19099898077548,1,1
442,sign,32564.540814128,20.24400237132795,512.4589988554362,56.8430004932452,3.8770012906752527,593.4230030106846,1,1
443,sign,32564.571234465,14.709999959450215,69.8810035828501,32.36599877709523,2.2790009097661823,119.23600322916172,1,1
444,sign,32564.60176506,13.626999134430662,61.506001657107845,27.19799886108376,1.9690014596562833,104.30000111227855,1,1
445,sign,32564.631053711,17.278998711844906,82.58800153271295,33.766998967621475,2.5720000849105418,136.20599929708987,1,1
446,sign,32564.658048592,24.464003217872232,109.2689999495633,43.87599983601831,3.182998625561595,180.79200162901543,1,1
447,sign,32564.683681481,26.454999897396192,115.18499741214328,46.39400140149519,3.64600055036135,191.679999261396,1,1
448,sign,32564.708780402,28.438000299502164,101.0389969451353,46.89500201493502,3.0279989005066454,179.39999816007912,1,1
449,sign,32564.733953377,17.844999092631042,93.04000195697881,46.905999624868855,3.6439996620174497,161.43500033649616,1,1
450,sign,32564.758613389,29.537000955315307,105.14499808778055,41.76299989921972,3.5270022635813802,179.97200120589696,1,1
451,sign,32564.784740653,20.39199898717925,106.69900075299665,50.111997552448884,3.569999535102397,180.77299682772718,1,1
452,sign,32564.811758848,24.290999135700986,105.8449997799471,42.93799793231301,3.2850002753548324,176.35899712331593,1,1
453,sign,32564.83769203,12.176999007351696,57.321001804666594,25.593999453121796,1.896998583106324,96.98899884824641,1,1
454,sign,32564.863679811,13.686003512702882,61.897997511550784,26.270001399097964,2.0000006770715117,103.85400310042314,1,1
455,sign,32564.88817339,12.860997230745852,69.87600136199035,23.903998226160184,1.935000909725204,108.57599772862159,1,1
456,sign,32564.914163521,13.217999367043376,60.20599903422408,26.38200021465309,2.0309998944867402,101.83699851040728,1,1
457,sign,32564.940557795,24.666001991136,96.16999886929989,39.808001019991934,2.706998202484101,163.35100008291192,1,1
458,sign,32564.965888798,12.386000889819115,55.219999921973795,23.55199831072241,1.7999991541728377,92.95799827668816,1,1
459,sign,32564.991847985,13.17700298386626,60.23300011293031,27.33599831117317,1.9459985196590424,102.69199992762879,1,1
460,sign,32565.016591095,12.242999218869954,56.55099812429398,23.708002117928118,1.7899983504321426,94.2919978115242,1,1
461,sign,32565.044762383,14.380999346030876,59.02900011278689,26.66300133569166,1.8769969756249338,101.94999777013436,1,1
462,sign,32565.071608201,19.327999325469136,88.03300079307519,300.9549982380122,2.50100129051134,410.81699964706786,1,1
463,sign,32565.098471151,12.739001249428838,58.155001170234755,24.550998205086216,1.8310020095668733,97.27600263431668,1,1
464,sign,32565.123677816,12.675001926254481,56.713000958552584,24.722998205106705,1.8339997041039169,95.94500079401769,1,1
465,sign,32565.147623462,12.65500031877309,58.5590023547411,23.938999220263213,1.8569990061223507,97.01000089989975,1,1
466,sign,32565.172415424,13.023000065004453,66.49499846389517,27.94800093397498,1.8940008885692805,109.36000035144389,1,1
467,sign,32565.199024928,14.01100234943442,58.30299778608605,25.15199957997538,1.9700019038282335,99.43600161932409,1,1
468,sign,32565.223557907,13.714998203795403,62.203002016758546,26.359000912634656,1.9949984562117606,104.27199958940037,1,1
469,sign,32565.252293252,12.779000826412812,55.787997553125024,24.92700150469318,1.8600003386382014,95.35400022286922,1,1
470,sign,32565.27833535,12.169999536126852,56.87099837814458,23.306001821765676,1.8020000425167382,94.14899977855384,1,1
471,sign,32565.305309444,13.332999515114352,57.93899981654249,23.79299985477701,1.8089995137415826,96.87399870017543,1,1
472,sign,32565.333558078,21.11899812007323,107.80900265672244,39.563998143421486,3.2710013329051435,171.7630002531223,1,1
473,sign,32565.360208945,16.31299892324023,71.16400229278952,30.12999877682887,2.2810017981100827,119.8880017909687,1,1
474,sign,32565.386136621,12.485001207096502,56.56999928760342,25.46299947425723,1.8479986465536058,96.36599861551076,1,1
475,sign,32565.411107526,14.318000467028469,64.72599852713756,27.51400097622536,2.0789993868675083,108.6369993572589,1,1
476,sign,32565.436010072,27.580997993936762,59.13800123380497,25.450000975979492,4.418998287292197,116.58799849101342,1,1
477,sign,32565.463060624,23.79600118729286,90.31599984155037,37.760000850539654,2.9459988581947982,154.81800073757768,1,1
478,sign,32565.488287334,13.87200245517306,72.70499918377027,56.15899863187224,4.319001163821667,147.05500143463723,1,1
479,sign,32565.514208421,15.337001968873665,83.31799836014397,45.95100108417682,3.1749987101648003,147.78100012335926,1,1
480,sign,32565.539195098,12.300999514991418,55.64099774346687,23.945001885294914,1.9239996618125588,93.81099880556576,1,1
481,sign,32565.56342843,12.775999493896961,57.43800284108147,24.738998035900295,1.8989994714502245,96.85199984232895,1,1
482,sign,32565.589727684,25.67000046838075,108.71699851122685,39.776001358404756,3.0419978429563344,177.2049981809687,1,1
483,sign,32565.613723922,12.640000932151452,83.77299673156813,45.37600034382194,3.2140014809556305,145.00299948849715,1,1
484,sign,32565.639027402,16.979000065475702,50.24299753131345,1.2420023267623037,57.45999806094915,125.9239979845006,2,1
485,sign,32565.664366008,19.62899841601029,63.53100252454169,25.185996491927654,2.3669999791309237,110.71299741161056,2,1
486,sign,32565.688521206,19.391998648643494,62.859002355253324,25.954999728128314,2.4709988792892545,110.67699961131439,2,1
487,sign,32565.714449515,33.267002436332405,106.74599980120547,37.5969975721091,4.075001925230026,181.685001734877,2,1
488,sign,32565.738805923,41.144001443171874,126.60900029004551,315.1659984723665,4.678000550484285,487.59700075606816,2,1
489,sign,32565.763983298,28.60500171664171,92.885999038117,40.766000893199816,3.4469994716346264,165.70400111959316,2,1
490,sign,32565.789905171,28.734000807162374,97.79899846762419,38.144000427564606,3.377997927600518,168.05499762995169,2,1
491,sign,32565.814516303,29.52500290120952,91.22600022237748,48.032998165581375,4.8149995564017445,173.59900084557012,2,1
492,sign,32565.841975541,37.116999010322616,98.6459999694489,38.598001992795616,3.8010002754162997,178.16200124798343,2,1
493,sign,32565.866350902,31.853000109549612,90.6469977053348,39.346003177342936,3.19199898513034,165.03799997735769,2,1
494,sign,32565.893560527,18.178998288931325,61.85700112837367,25.852998078335077,2.302000211784616,108.19099770742469,2,1
495,sign,32565.918966746,22.948999685468152,92.70999726140872,28.29200093401596,3.178000042680651,147.12899792357348,2,1
496,sign,32565.942987338,27.242000214755535,83.32099969265983,29.66499960166402,2.450000465614721,142.6779999746941,2,1
497,sign,32565.96745938,37.20699896803126,117.41499838535674,45.99400199367665,4.25300095230341,204.86900029936805,2,1
498,sign,32565.993567193,19.41899972734973,63.19200110738166,25.242999981855974,2.472999767633155,110.32700058422051,2,1
499,sign,32566.018275399,57.842000387609005,140.57999942451715,44.29699765751138,4.66799974674359,247.38699721638113,2,1
500,sign,32566.16782772,22.625998099101707,108.53700223378837,59.79599882266484,4.2050014599226415,195.16400061547756,2,1
501,sign,32566.19325437,19.30300277308561,66.47799818892963,25.65300019341521,2.4809996830299497,113.9150008384604,2,1
502,sign,32566.217342309,19.611001334851608,62.078001064946875,25.678997189970687,2.3000029614195228,109.66800255118869,2,1
503,sign,32566.242846365,30.793999030720443,106.23500202200375,73.68499791482463,4.67100107925944,215.38500004680827,2,1
504,sign,32566.269893224,45.223001507110894,135.3150000795722,41.91500192973763,7.4979980126954615,229.95100152911618,1,1
505,sign,32566.294888882,13.491000572685152,61.471000663004816,28.293998184381053,2.0740008039865643,105.33000022405759,1,1
506,sign,32566.320589803,11.996999091934413,54.61100226966664,23.069998860592023,1.8130012904293835,91.49100151262246,1,1
507,sign,32566.344772213,12.07999957841821,56.18299837806262,23.541000700788572,1.806001819204539,93.61000047647394,1,1
508,sign,32566.370946335,16.04200224392116,108.60999827855267,26.705001801019534,1.996999344555661,153.35400166804902,1,1
509,sign,32566.397426377,15.264999092323706,66.39800267294049,29.214999813120812,2.191998646594584,113.0700002249796,1,1
510,sign,32566.422774279,14.960001863073558,68.79899956402369,138.8140008202754,8.267998055089265,230.8410003024619,1,1
511,sign,32566.447843061,15.591002011206001,73.56899732258171,27.01000266824849,1.7379970813635737,117.90799908339977,1,1
512,sign,32566.473444666,20.431998564163223,74.7459998819977,28.077000024495646,2.553999365773052,125.80899783642963,1,1
513,sign,32566.497936366,14.68499976908788,69.75300129852258,26.00100197014399,2.1909982024226338,112.63000124017708,1,1
514,sign,32566.522778611,12.144999345764518,56.608998420415446,25.715002266224474,1.9379986042622477,96.40699863666669,1,1
515,sign,32566.549410313,13.883000065106899,62.83399852691218,26.355999580118805,2.015000063693151,105.08799823583104,1,1
516,sign,32566.578693452,13.43400072073564,61.555998399853706,25.508001272100955,1.9479994080029428,102.44599980069324,1,1
517,sign,32566.608185372,12.894000974483788,59.54100197413936,25.59799759183079,1.7810016288422048,99.81400216929615,1,1
518,sign,32566.634918283,21.84699769713916,100.16099986387417,37.84500222536735,2.9089969757478684,162.76199676212855,1,1
519,sign,32566.661837067,14.504999853670597,62.98899825196713,26.843001251108944,2.1429987100418657,106.47999806678854,1,1
520,sign,32566.687376926,17.074002244044095,70.51200009300373,29.36899909400381,2.0810002752114087,119.03600170626305,1,1
521,sign,32566.713512986,13.453998690238222,57.6150014239829,25.520999770378694,1.8620012269821018,98.45200111158192,1,1
522,sign,32566.738794016,12.402000720612705,58.1599997531157,26.62199767655693,1.9790022633969784,99.16300041368231,1,1
523,sign,32566.766281754,17.122998542618006,73.34700057981536,27.35900125117041,2.1679989004042,119.99699927400798,1,1
524,sign,32566.79666004,12.937001883983612,79.34899986139499,27.759997465182096,2.0280021999496967,122.07400141051039,1,1
525,sign,32566.82563217,13.904002116760239,73.08699787245132,29.139002435840666,2.1419982658699155,118.27200069092214,1,1
526,sign,32566.853259303,22.234002244658768,96.41599899623543,44.1209995187819,2.8649992600549012,165.636000019731,1,1
527,sign,32566.878774255,21.445997845148668,96.65600009611808,43.75299977255054,3.2090028980746865,165.06400061189197,1,1
528,sign,32566.90596107,23.67400156799704,118.29899813164957,49.75000047124922,4.220000846544281,195.9430010174401,1,1
529,sign,32566.932259483,34.78199869277887,130.40900012128986,49.180998757947236,3.845001629088074,218.21699920110404,1,1
530,sign,32566.959039088,23.697000870015472,124.11499847075902,51.03500006953254,3.3989999792538583,202.2459993895609,1,1
531,sign,32566.98590056,22.14299820479937,102.39800030831248,52.33300180407241,4.754998371936381,181.62899868912064,1,1
532,sign,32567.011334126,19.50699879671447,96.26300015952438,42.61399953975342,2.925000444520265,161.30899894051254,1,1
533,sign,32567.038156486,22.158001229399815,93.56800001114607,49.768997996579856,3.8800026231911033,169.37500186031684,1,1
534,sign,32567.06558224,27.147998480359092,109.09800039371476,453.1279992079362,5.470999894896522,594.8449979769066,1,1
535,sign,32567.091787671,15.180998161667958,64.63799945777282,29.42500213976018,2.2050007828511298,111.44900054205209,1,1
536,sign,32567.11761844,12.913002137793228,57.33099897042848,24.17599898763001,1.8290011212229729,96.24900121707469,1,1
537,sign,32567.142481446,13.074997696094215,59.111000155098736,25.50100180087611,1.8469982023816556,99.53399785445072,1,1
538,sign,32567.170261379,23.02799839526415,112.8350013459567,42.258001485606655,2.678996679605916,180.79999790643342,1,1
539,sign,32567.197803012,21.46900078514591,101.731999166077,45.894998038420454,2.9380025807768106,172.03400057042018,1,1
540,sign,32567.222618647,16.416001017205417,110.53900016122498,41.38999793212861,2.881999535020441,171.22699864557944,1,1
541,sign,32567.249134513,15.081001038197428,61.85399979585782,26.570000045467168,1.8529972294345498,105.35799810895696,1,1
542,sign,32567.274494351,12.23399885930121,58.59600059920922,26.188001356786117,1.8689970602281392,98.88699787552468,1,1
543,sign,32567.300658977,21.112999093020335,105.79000081634149,40.49299968755804,2.778997441055253,170.17499703797512,1,1
544,sign,32567.327819063,22.00800008722581,98.718999652192,46.314999053720385,3.1290001061279327,170.17099889926612,1,1
545,sign,32567.352424235,22.190000890986994,105.48999853199348,44.185002479935065,2.9330003599170595,174.7980022628326,1,1
546,sign,32567.378115089,13.191001926315948,61.27300002845004,26.704998163040727,1.9210019672755152,103.09000208508223,1,1
547,sign,32567.404049158,15.119996533030644,63.972001953516155,27.938000130234286,2.0709994714707136,109.1009980882518,1,1
548,sign,32567.429165655,31.927000236464664,115.29999756021425,42.398001824039966,2.943997969850898,192.56899759056978,1,1
549,sign,32567.457905272,27.24899968598038,137.18199988943525,45.42600072454661,3.178000042680651,213.0350003426429,1,1
550,sign,32567.483950064,33.21899930597283,159.34199836920016,62.94100239756517,4.820998583454639,260.3229986561928,1,1
551,sign,32568.509506168,24.91999839548953,124.4650011358317,40.36899917991832,3.3319993235636503,193.0859980348032,1,1
552,sign,32568.536032944,14.4240002555307,64.2140003037639,79.06699829618447,2.4000000848900527,160.10499894036911,1,1
553,sign,32568.562813474,13.043001672485843,60.751997807528824,27.353002224117517,1.9269973563496023,103.07499906048179,1,1
554,sign,32568.58883508,14.377998013515025,65.00499875983223,28.99300307035446,2.015000063693151,110.39099990739487,1,1
555,sign,32568.613392859,16.729001799831167,57.39699918194674,26.147001335630193,1.9139988580718637,102.18700117547996,1,1
556,sign,32568.639068023,14.476001524599269,67.35999704687856,26.117002562386915,2.1800005924887955,110.13300172635354,1,1
557,sign,32568.666664177,17.754002328729257,90.00799764180556,37.23700137925334,2.6400011847727,147.63900253456086,1,1
558,sign,32568.692822862,22.51299883937463,76.11500041093677,34.67699934844859,2.6529996830504388,135.95799828181043,1,1
559,sign,32568.718616177,12.690998119069263,56.96800144505687,25.94900070107542,1.9139988580718637,97.52199912327342,1,1
560,sign,32568.74311229,12.466000043787062,58.1579988647718,24.43599805701524,1.8710015865508467,96.93099855212495,1,1
561,sign,32568.770347227,14.139000995783135,62.908999097999185,25.884997739922255,2.0309998944867402,104.96399772819132,1,1
562,sign,32568.795971933,27.80800059554167,120.02899893559515,41.62200275459327,3.307999577373266,192.76700186310336,1,1
563,sign,32568.824156394,14.199002180248499,67.7680000080727,27.93899693642743,2.0760016923304647,111.9820008170791,1,1
564,sign,32568.849991868,20.470000890782103,75.6779991206713,27.44000084931031,2.6170018827542663,126.20500274351798,1,1
565,sign,32568.874569256,14.208999346010387,62.265000451589,27.9929990938399,1.9760009308811277,106.44299982232042,1,1
566,sign,32568.900539211,14.178000128595158,67.224998929305,26.498000806896016,1.9990002328995615,109.90000009769574,1,1
567,sign,32568.927138437,28.10200021485798,121.12100012018345,524.7469998721499,3.826000465778634,677.79600067297,1,1
568,sign,32569.083660259,15.073001122800633,64.42900121328421,31.630999728804454,2.1949999791104347,113.32800204399973,1,1
569,sign,32569.109553228,20.7759985642042,60.08600030327216,25.768000341486186,1.9459985196590424,108.57599772862159,1,1
570,sign,32569.134201591,13.515000318875536,62.17099871719256,25.837998691713437,1.9540020730346441,103.47799980081618,1,1
571,sign,32569.163471468,24.622000637464225,131.1859996349085,332.61199860135093,3.216002369299531,491.6360012430232,1,1
572,sign,32569.189686195,25.07799945306033,91.45800140686333,41.941999370465055,2.658998710103333,161.13699894049205,1,1
573,sign,32569.218212632,14.049001038074493,60.549999034265056,27.174999559065327,2.058000973192975,103.83200060459785,1,1
574,sign,32569.244210485,13.155997294234112,58.42600148753263,26.93499845918268,1.9330000213813037,100.44999726233073,1,1
575,sign,32569.268582519,13.205000868765637,61.067999922670424,24.234999727923423,1.8690006982069463,100.37700121756643,1,1
576,sign,32569.296457454,13.693002983927727,62.38399873836897,27.895999664906412,2.0330007828306407,106.00600217003375,1,1
577,sign,32569.327402718,13.183998817112297,59.436999436002225,25.330999051220715,1.958000211743638,99.90999751607887,1,1
578,sign,32569.356688875,14.30200063623488,64.9009998596739,27.221001801081,2.0999978005420417,108.52400009753183,1,1
579,sign,32569.383600908,20.2349983737804,94.16400280315429,41.925999539671466,2.91600008495152,159.24100080155768,1,1
580,sign,32569.409197476,19.737999537028372,91.98399857268669,41.374001739313826,2.635999408084899,155.73199925711378,1,1
581,sign,32569.435350404,27.286998374620453,125.78600217239,47.80199742526747,3.565000952221453,204.43999892449938,1,1
582,sign,32569.462187517,19.064998923568055,87.87999831838533,39.58800152759068,2.820001100189984,149.35299986973405,1,1
583,sign,32569.489807612,14.288998499978334,63.20200191112235,26.139998226426542,2.0049992599524558,105.63599789747968,1,1
584,sign,32569.515465778,12.890999641967937,57.670000387588516,26.065001293318346,1.925000105984509,98.55100142885931,1,1
585,sign,32569.540248031,12.468000932130963,66.75300028291531,27.452999347588047,1.9500002963468432,108.62400085898116,1,1
586,sign,32569.568743826,29.50799898826517,112.64500062679872,44.284999603405595,3.7200006772764027,190.1579998957459,1,1
587,sign,32569.597193086,13.392000255407766,80.81199848675169,26.067002181662247,2.0099978428333998,122.2809987666551,1,1
588,sign,32569.623335128,16.407000657636672,64.437001128681,27.760001103160903,2.005999704124406,110.61000259360299,1,1
589,sign,32569.649781503,12.363998393993825,58.64999911864288,26.164001610595733,1.9279978005215526,99.10599692375399,1,1
590,sign,32569.674524726,13.157998182578012,58.53200127603486,28.6940012301784,2.044998836936429,102.4289995257277,1,1
591,sign,32569.701101674,14.365999959409237,63.70399933075532,28.393002139637247,2.016000507865101,108.47900193766691,1,1
592,sign,32569.727827042,20.22099943133071,93.75000081490725,45.17699926509522,2.821001544361934,161.96900105569512,1,1
593,sign,32569.753892005,17.559999832883477,82.55600187112577,54.940999689279124,2.749999111983925,157.8070005052723,1,1
594,sign,32569.780177982,17.106998711824417,84.48100197711028,41.72499757260084,2.5230001483578235,145.83599840989336,1,1
595,sign,32569.804756513,16.381000023102388,77.22100053797476,38.02699939114973,2.453001798130572,134.08200175035745,1,1
596,sign,32569.831980776,13.754997780779377,72.96599869732745,27.631002012640238,2.0660008885897696,116.41799937933683,1,1
597,sign,32569.860384658,19.19900023494847,86.52699762023985,908.7990001717117,6.334001227514818,1020.8589992544148,1,1
598,sign,32569.886404071,12.98600182053633,59.8599981458392,25.3549987974111,2.029002644121647,100.23000140790828,1,1
599,sign,32569.91213267,13.854998542228714,73.11800072784536,26.756999432109296,1.9990002328995615,115.72899893508293,1,1
600,sign,32569.936643375,12.422999134287238,58.56400093762204,27.395999495638534,1.9149993022438139,100.29799886979163,1,1
601,sign,32569.964147858,26.300000172341242,109.82799722114578,29.917002393631265,2.348999259993434,168.39399904711172,1,1
602,sign,32569.989778592,14.705001376569271,67.03899998683482,30.94599742325954,2.3280008463189006,115.01799963298254,1,1
603,sign,32570.015494809,16.832000255817547,115.58500045794062,44.95100074564107,3.7520003388635814,181.12000179826282,1,1
604,sign,32570.041369326,13.827997463522479,60.01799920341,24.748002033447847,1.9420003809500486,100.53599908133037,1,1
605,sign,32570.067225922,13.761997252004221,60.24100002832711,26.9880001724232,1.9780018192250282,102.96899927197956,1,1
606,sign,32570.093806335,15.544999769190326,66.90000009257346,27.922000299440697,2.097000106004998,112.46400026720949,1,1
607,sign,32570.124291669,12.988999515073374,59.67000106466003,26.163001166423783,1.9879989849869162,100.8100007311441,1,1
608,sign,32570.15310076,13.758002751274034,79.57199704833329,30.597002478316426,1.9740000425372273,125.90100232046098,1,1
609,sign,32570.178785219,12.879001587862149,60.65100023988634,27.116999262943864,2.02899900614284,102.6760000968352,1,1
610,sign,32570.203234152,12.892000086139888,58.69800224900246,27.38900002441369,1.9319995772093534,100.91100193676539,1,1
611,sign,32570.228954373,18.075999832944945,89.77000106824562,46.92599759437144,2.734002919169143,157.50600141473114,1,1
612,sign,32570.258572328,18.009002815233544,85.63199662603438,40.222999814432114,2.6280031306669116,146.49200238636695,1,1
613,sign,32570.286731524,20.41200059466064,320.47199783846736,47.83300028066151,2.8940012271050364,391.61099994089454,1,1
614,sign,32570.311910847,17.020000086631626,85.94000246375799,39.288999687414616,2.5849985831882805,144.83400082099251,1,1
615,sign,32570.337768072,15.88200029800646,76.63699943805113,37.56500154850073,2.3769971448928118,132.46099842945114,1,1
616,sign,32570.365087669,17.40799780236557,74.64600275852717,33.334999898215756,2.144999598385766,127.53400005749427,1,1
617,sign,32570.395984177,24.944998585851863,120.30899961246178,41.61900142207742,2.5480003387201577,189.4209999591112,1,1
618,sign,32570.422528952,15.76200156705454,92.31599688064307,33.69000114616938,2.296001184731722,144.0640007785987,1,1
619,sign,32570.448822176,19.49099896592088,93.33699927083217,48.15200009034015,3.6470009945333004,164.6269993216265,1,1
620,sign,32570.474508741,19.78900036192499,110.51899855374359,59.68899858999066,4.041001375298947,194.03799888095818,1,1
621,sign,32570.50307749,15.075998817337677,63.30500036710873,27.70100036286749,2.48300057137385,108.56500011868775,1,1
622,sign,32570.533569466,21.535000996664166,74.88700066460297,47.3020008939784,4.069999704370275,147.7940022596158,1,1
623,sign,32570.559241748,12.740998499793932,59.198002418270335,25.920999178197235,1.901000359794125,99.76100045605563,1,1
624,sign,32570.58500739,14.36999809811823,67.43500125594437,27.18299947446212,2.034001227002591,111.02200005552731,1,1
625,sign,32570.609626764,19.970000721514225,67.51000182703137,27.641999622574076,2.0309998944867402,117.15300206560642,1,1
626,sign,32570.63818879,14.085002476349473,63.82299761753529,28.32700192811899,1.9760009308811277,108.21100295288488,1,1
627,sign,32570.666331412,16.628997400403023,118.4230022772681,162.40399781963788,2.9149996407795697,300.37099713808857,1,1
628,sign,32570.692303257,20.847997802775353,94.22999937669374,40.94900214113295,2.902997948694974,158.92999726929702,1,1
629,sign,32570.717920307,14.118999388301745,59.13499990128912,44.83399970922619,2.062999556073919,120.15099855489098,1,1
630,sign,32570.742437288,16.352998500224203,70.2459983585868,29.356000595726073,2.316002792213112,118.27100024675019,1,1
631,sign,32570.77107179,14.499000826617703,63.667997892480344,28.10099977068603,2.0900006347801536,108.35799912456423,1,1
632,sign,32570.801722285,12.69100175704807,59.68500045128167,26.41399987624027,2.6429988793097436,101.43300096387975,1,1
633,sign,32570.828175234,12.84400059375912,60.66599962650798,25.559998903190717,1.8999999156221747,100.96999903908,1,1
634,sign,32570.855293365,13.392000255407766,59.26200174144469,26.441997761139646,1.9430008251219988,101.0390005831141,1,1
635,sign,32570.882193165,24.951998057076707,112.38799925195053,40.678001823835075,2.7850001060869545,180.80299923894927,1,1
636,sign,32570.911268069,14.787998225074261,65.55599975399673,28.685000870609656,2.196000423282385,111.22499927296303,1,1
637,sign,32570.937425734,17.40800144034438,80.87999958661385,38.90999869327061,2.5600020308047533,139.7580017510336,1,1
638,sign,32570.963239229,16.0509989655111,74.37599924742244,36.51800216175616,2.333999873371795,129.2790002480615,1,1
639,sign,32570.989249255,16.19300019228831,76.80800263187848,36.82799797388725,2.4410001060459763,132.27000090410002,1,1
640,sign,32571.013910561,15.532001270912588,73.440998676233,43.544001528061926,2.5789995561353862,135.0960010313429,1,1
641,sign,32571.0399907,31.73100049025379,99.79199967347085,43.08600182412192,2.9129987524356693,177.52200074028224,1,1
642,sign,32571.065670391,29.899001674493775,120.14899766654707,952.7180009172298,5.136000254424289,1107.902000512695,1,1
643,sign,32571.092903098,43.75400021672249,122.7590000780765,1.8309983715880662,49.58700083079748,217.93099949718453,2,1
644,sign,32571.118364516,52.908999350620434,164.43999993498437,46.22199776349589,4.818000888917595,268.3889979380183,2,1
645,sign,32571.143324912,53.65000106394291,160.4550016054418,60.6319990765769,4.1810017137322575,278.91800345969386,2,1
646,sign,32571.170248162,67.36299837939441,199.33799922000617,51.53000165591948,5.894999048905447,324.1259983042255,2,1
647,sign,32571.196680081,65.13900007121265,205.8179998130072,81.22999861370772,8.476999937556684,360.66399843548425,2,1
648,sign,32571.340986529,79.64199903653935,188.45999875338748,51.80700100027025,6.40299913357012,326.3119979237672,2,1
649,sign,32571.368262146,35.977001971332356,117.23699935828336,27.588997909333557,2.8940012271050364,183.6970004660543,2,1
650,sign,32571.392179436,46.25400106306188,133.23299936018884,31.4819990308024,3.3470023481640965,214.31600180221722,2,1
651,sign,32571.416349726,20.645999029511586,85.92900121584535,28.143997042207047,2.38200300373137,137.10100029129535,2,1
652,sign,32571.44156132,19.96200080611743,70.75000030454248,26.836998586077243,2.6230009098071605,120.17200060654432,2,1
653,sign,32571.468577863,20.557999960146844,74.69499905710109,103.42599853174761,4.699002602137625,203.37800015113316,2,1
654,sign,32571.49747496,41.526000131852925,140.20899834576994,28.804999601561576,3.6330020520836115,214.17300013126805,2,1
655,sign,32571.525717411,52.879000577377155,123.35099745541811,28.078000468667597,2.9670009098481387,207.274999411311,2,1
656,sign,32571.550648573,38.13600051216781,122.81299859751016,28.30800076480955,3.3040014386642724,192.5610013131518,2,1
657,sign,32571.576959362,39.79900066042319,137.90199955110438,30.67100260523148,3.2949974411167204,211.66700025787577,2,1
658,sign,32571.602558169,58.07100023957901,168.85699733393267,43.17300044931471,4.931000148644671,275.03199817147106,2,1
659,sign,32571.627865903,66.09699994442053,172.89199968217872,45.659002353204414,4.808996891370043,289.4569988711737,2,1
660,sign,32571.653026443,61.38800017652102,158.5019999765791,42.045998270623386,4.323002940509468,266.259001364233,2,1
661,sign,32571.678203706,74.01399852824397,197.99599976977333,49.810001655714586,5.068999598734081,326.888999552466,2,1
662,sign,32571.704263989,56.39200026053004,174.2610002111178,49.89000080968253,5.6200005928985775,286.16300187422894,2,1
663,sign,32571.728581689,68.402001488721,168.37499788380228,44.300999434199184,4.768000508192927,285.8459993149154,2,1
664,sign,32571.754868616,56.25099947792478,179.78300093091093,43.4969988418743,4.92799881612882,284.45899806683883,2,1
665,sign,32571.780979773,70.44499943731353,165.4250008868985,42.30199920129962,4.978999641025439,283.1509991665371,2,1
666,sign,32571.80585195,61.93199806148186,167.49300266383216,42.53799852449447,4.293000529287383,276.2559997790959,2,1
667,sign,32571.832837657,52.24599954090081,182.51700021210127,47.397003072546795,4.748999344883487,286.90900217043236,2,1
668,sign,32571.858623992,64.8889981675893,176.4740009093657,44.71099964575842,4.904999514110386,290.9789982368238,2,1
669,sign,32571.885187491,61.904000176582485,193.7929991981946,44.75000241654925,4.992998583475128,305.44000037480146,2,1
670,sign,32571.911221212,60.37899947841652,154.03699944727123,43.09299765736796,4.537003405857831,262.04599998891354,2,1
671,sign,32571.935644953,51.765000534942374,130.6730009673629,39.197999285534024,3.96000177715905,225.59600256499834,2,1
672,sign,32571.961558206,60.66800051485188,172.73699995712377,46.9170008727815,5.38099993718788,285.70300128194503,2,1
673,sign,32571.987108952,53.61800140235573,162.5280019652564,44.41700002644211,5.106998287374154,265.6700016814284,2,1
674,sign,32572.01446947,68.87500057928264,224.64799985755235,62.129001889843494,6.454996764659882,362.10699909133837,1,1
675,sign,32572.040268401,34.56699778325856,110.77100134571083,35.30699905240908,2.8430004022084177,183.4879985835869,1,1
676,sign,32572.064811429,31.8669990519993,112.14199912501499,28.747999749612063,2.7839996619150043,175.54099758854136,1,1
677,sign,32572.091976241,57.25699884351343,170.32699906849302,48.28899909625761,4.377001459943131,280.2499984682072,1,1
678,sign,32572.121128285,43.49799928604625,163.55899788322859,47.4560001748614,3.4389995562378317,257.95199690037407,1,1
679,sign,32572.14911531,44.48700201464817,149.0399990871083,45.484001020668074,3.8099969970062375,242.82099911943078,1,1
680,sign,32572.174715121,35.22000042721629,140.94200014369562,43.120999180246145,3.6489982448983938,222.93199799605645,1,1
681,sign,32572.198674625,38.313999539241195,133.58599971979856,43.18300125305541,3.2040006772149354,218.2870011893101,1,1
682,sign,32572.223286918,52.29700036579743,144.05699766939506,50.02400212106295,3.8039979699533433,250.18199812620878,1,1
683,sign,32572.252058985,41.703002352733165,151.4649993623607,45.722998038399965,3.8569996831938624,242.74799943668768,1,1
684,sign,32572.280107706,37.59700121008791,141.49599883239716,33.47800156916492,3.3819997042883188,215.9530013159383,1,1
685,sign,32572.30506446,37.94399890466593,113.93200111342594,30.11299850186333,2.5480003387201577,184.53699885867536,1,1
686,sign,32572.330062988,33.98199987714179,109.8829998227302,29.95999966515228,2.6000016077887267,176.425000972813,1,1
687,sign,32572.355200248,53.8970016350504,167.82099919510074,45.31800004770048,4.194000212009996,271.2300010898616,1,1
688,sign,32572.381056882,38.104997656773776,119.61000200244598,29.918999643996358,3.082001057919115,190.71600036113523,1,1
689,sign,32572.407284149,38.84599937009625,130.29699766775593,33.075000828830525,3.2560019462835044,205.4739998129662,1,1
690,sign,32572.43470409,34.8979992850218,118.05100075434893,35.34899951773696,2.9389993869699538,191.23699894407764,1,1
691,sign,32572.459394106,32.83099795226008,110.99100083811209,31.211999157676473,2.5760018615983427,177.60999980964698,1,1
692,sign,32572.486054109,49.05500099994242,161.5370019862894,575.5899983341806,4.732999514089897,790.9150008345023,1,1
693,sign,32572.511871895,39.187001675600186,155.03899703617208,47.081000957405195,3.5230004868935794,244.83000015607104,1,1
694,sign,32572.536782526,28.34300175891258,105.86899952613749,29.303999326657504,2.535998646635562,166.05199925834313,1,1
695,sign,32572.56241846,33.52100247866474,111.97499770787545,29.206999897724018,2.5700028345454484,177.27300291880965,1,1
696,sign,32572.586181311,29.484002880053595,109.8789980460424,29.03800123021938,2.634998963912949,171.03600112022832,1,1
697,sign,32572.610438551,39.785998524166644,132.91100185597315,50.0189999002032,3.3569995139259845,226.07299979426898,1,1
698,sign,32572.63614852,38.23999941232614,125.45100253191777,33.83199873496778,3.0660012271255255,200.58900190633722,1,1
699,sign,32572.662396344,35.30100002535619,112.07200077478774,32.70399975008331,2.5619992811698467,182.6389998313971,1,1
700,sign,32572.690951124,38.02599894697778,143.77100160345435,31.41699926345609,3.1050003599375486,216.31900017382577,1,1
701,sign,32572.71568938,34.99600279610604,111.44299787702039,29.758000891888514,2.7030000637751073,178.90000162879005,1,1
702,sign,32572.739665802,57.6940001337789,193.22300067869946,59.21699994360097,5.442998372018337,315.57699912809767,1,1
703,sign,32572.766167653,47.17900083051063,156.82099910918623,49.77500066161156,4.615998477675021,258.39099907898344,1,1
704,sign,32572.792102356,1149.693998740986,192.0139984576963,343.13800279051065,5.1629976951517165,1690.0089976843446,1,1
705,sign,32583.003789012,49.374000809621066,85.40499766240828,1.4270008250605315,40.54700184497051,176.75300114206038,2,1
706,sign,32583.029456697,67.37399962730706,252.92200007243082,48.68199903285131,5.8920013543684036,374.8700000869576,2,1
707,sign,32583.05704526,51.90699812374078,192.9380014189519,55.58200064115226,4.130000888835639,304.5570010726806,2,1
708,sign,32583.081787006,34.38900239416398,112.4259979405906,29.806000384269282,3.2080024539027363,179.8290031729266,2,1
709,sign,32583.105229889,39.66100121033378,109.53899982268922,28.313999791862443,3.044999175472185,180.55900000035763,2,1
710,sign,32583.129656402,44.59899719222449,119.878000987228,28.76100188586861,3.388999175513163,196.62699924083427,2,1
711,sign,32583.157021308,41.72499757260084,115.7730002887547,32.40400110371411,3.306999133201316,193.20899809827097,2,1
712,sign,32583.184181698,47.841997002251446,120.15600077575073,53.799001761944965,5.347999831428751,227.1449993713759,2,1
713,sign,32583.208318171,44.548000005306676,113.2159995904658,28.575999749591574,3.4959994081873447,189.8359987535514,2,1
714,sign,32583.232652077,52.17600119067356,114.70199751784094,28.01200025714934,2.941000275313854,197.8309992409777,2,1
715,sign,32583.256387974,48.97299731965177,133.79600204643793,35.32399932737462,3.739998646778986,221.8329973402433,2,1
716,sign,32583.28117606,65.76199666596949,184.18200124870054,60.74699922464788,6.072001269785687,316.7629984091036,2,1
717,sign,32583.307356769,33.49699909449555,115.89399946387857,30.102000891929492,2.939999831141904,182.43299928144552,2,1
718,sign,32583.332283678,45.70800228975713,128.0430005863309,32.59599907323718,3.511999238980934,209.85900118830614,2,1
719,sign,32583.35680156,44.23700011102483,127.89600077667274,43.80300015327521,17.398000636603683,233.33400167757645,2,1
720,sign,32583.380381977,58.6259993724525,137.19400158151984,35.33099879859947,3.9910009945742786,235.14200074714608,2,1
721,sign,32583.405994614,344.05199767206796,197.87100245594047,48.523001169087365,5.458998202811927,595.9049994999077,2,1
722,sign,32583.430631721,58.35100091644563,171.9329993647989,69.27199865458533,5.670000973623246,305.2259999094531,2,1
723,sign,32583.457130882,46.12799966707826,132.94100062921643,34.44100002525374,3.6139972507953644,217.1239975723438,2,1
724,sign,32583.48225381,43.09599898988381,114.94199861772358,30.594001145800576,3.268000000389293,191.89999875379726,2,1
725,sign,32583.50574415,50.67800157121383,150.46800035634078,45.516997488448396,8.205999620258808,254.8689990362618,1,1
726,sign,32583.530691996,46.73200237448327,173.9350009302143,58.18199861096218,4.7389985411427915,283.58800045680255,1,1
727,sign,32583.557216131,36.77299901028164,113.35599992889911,28.993999876547605,2.6080015231855214,181.73100033891387,1,1
728,sign,32583.580700274,40.933999116532505,137.8109991492238,36.84800321934745,3.196997568011284,218.78999905311503,1,1
729,sign,32583.605527077,41.819999751169235,119.2639974760823,31.083000067155808,3.1340023269876838,195.30099962139502,1,1
730,sign,32583.629962593,31.374998798128217,120.76100028934889,28.06900010909885,2.8899994504172355,183.0949986469932,1,1
731,sign,32583.655371263,37.37899896805175,126.64200039580464,28.841001039836556,3.073997504543513,195.93599790823646,1,1
732,sign,32583.680268571,34.47900235187262,108.30399696715176,30.529001378454268,2.812001184793189,176.12400188227184,1,1
733,sign,32583.704833699,36.214998544892296,188.1120006146375,46.41499981516972,3.7470017559826374,274.48900073068216,1,1
734,sign,32583.729754886,43.26699854573235,149.98500046203844,48.73600119026378,9.122999472310767,251.11099967034534,1,1
735,sign,32583.753385908,41.20900121051818,142.86700024968013,43.4949979535304,3.9530023059342057,231.52400171966292,1,1
736,sign,32583.777155074,40.66499968757853,144.86100189969875,45.09299833443947,3.3700016501825303,233.98900157189928,1,1
737,sign,32583.802535977,54.79600076796487,154.95499974349514,42.390998714836314,3.2099997042678297,255.35199893056415,1,1
738,sign,32583.826856539,45.07400080910884,196.83099890244193,77.72000026307069,5.683999916072935,325.3089998906944,1,1
739,sign,32583.851288572,41.23599865124561,146.70300151919946,38.47199695883319,3.4580007195472717,229.86899784882553,1,1
740,sign,32583.876179708,40.902999899117276,146.3289991079364,43.28499926486984,3.827000909950584,234.3439991818741,1,1
741,sign,32583.900316483,40.155999158741906,145.22100173053332,47.633999201934785,3.5480006772559136,236.55900076846592,1,1
742,sign,32583.925940811,50.59599789092317,176.6320019669365,50.85299926577136,4.377998266136274,282.4589973897673,1,1
743,sign,32583.951633508,42.81499786884524,107.3970015568193,29.83399826916866,2.4430009943898767,182.48899868922308,1,1
744,sign,32583.976239252,37.33999983523972,122.29000276420265,33.94699888303876,2.9600014386232942,196.53700292110443,1,1
745,sign,32584.001447033,30.934999813325703,109.96100172633305,28.923997888341546,2.5240005925297737,172.34400002053007,1,1
746,sign,32584.024787663,33.124000765383244,113.21100100758485,30.508999770972878,2.649001544341445,179.49300308828242,1,1
747,sign,32584.049616349,49.4840023748111,146.15599866374396,32.12799856555648,3.4000004234258085,231.16800002753735,1,1
748,sign,32584.075434376,42.7999984822236,153.8639990030788,48.24999996344559,4.140001692576334,249.0539991413243,1,1
749,sign,32584.100065632,41.8759991589468,163.4010004636366,63.550000049872324,5.8200021157972515,274.64700178825296,1,1
750,sign,32584.124728408,41.855000745272264,147.4029995733872,42.40800262778066,3.769000613829121,235.43500356026925,1,1
751,sign,32584.150063708,39.12700049113482,142.75799912866205,44.82900112634525,3.574001311790198,230.28800205793232,1,1
752,sign,32584.17369176,42.76600157027133,149.92000069469213,46.55299926525913,3.573997673811391,242.81299920403399,1,1
753,sign,32584.199589494,42.6419974246528,118.26800255221315,31.109997507883236,3.0090013751760125,195.0289988599252,1,1
754,sign,32584.227941092,34.57400089246221,116.91100007737987,30.506002076435834,2.725999365793541,184.71700241207145,1,1
755,sign,32584.252889618,29.372997232712805,110.52600166294724,31.74700032104738,2.4719993234612048,174.11799854016863,1,1
756,sign,32584.278192647,32.57499702158384,110.63700003433041,29.3890007014852,3.0529990908689797,175.65399684826843,1,1
757,sign,32584.302145575,31.996001780498773,103.16200132365339,28.162998205516487,2.3899992811493576,165.711000590818,1,1
758,sign,32584.329232145,54.22300091595389,168.54500063345768,53.95900006988086,4.124998667975888,280.8520002872683,1,1
759,sign,32584.357777329,47.0669983769767,151.4690011390485,164.78799807373434,4.346002242527902,367.66999983228743,1,1
760,sign,32584.385355721,34.66600173851475,114.46699863881804,31.05600262642838,3.0669980333186686,183.25600103707984,1,1
761,sign,32584.410134811,33.311996958218515,108.67899982258677,28.253001801203936,2.543998562032357,172.78799714404158,1,1
762,sign,32584.434146451,30.833998607704416,130.63500227872282,29.118000384187326,2.6380002964287996,193.22500156704336,1,1
763,sign,32584.461970166,46.228000428527594,135.9189991489984,34.617998608155176,2.93500124826096,219.69999943394214,1,1
764,sign,32584.491092987,49.44700049236417,168.70000035851263,53.94099935074337,4.640001861844212,276.7280020634644,1,1
765,sign,32584.515870718,37.20799941220321,116.16999836405739,30.978000722825527,2.9100010578986257,187.26599955698475,1,1
766,sign,32584.540330258,30.83899719058536,107.2390004992485,30.76000211876817,2.8229987947270274,171.66099860332906,1,1
767,sign,32584.564300964,31.558000046061352,107.65299884951673,30.23500175913796,2.6559973775874823,172.10199803230353,1,1
768,sign,32584.590245869,48.80800042883493,162.469001224963,47.874997108010575,4.198001988697797,263.3500007505063,1,1
769,sign,32584.617671408,53.10800042934716,159.8230010131374,405.62799767940305,4.68800135422498,623.2470004761126,1,1
770,sign,32584.642509413,47.83600161317736,183.7919990066439,43.8089991803281,3.5940029192715883,279.03100271942094,1,1
771,sign,32584.667755154,41.27599822822958,142.7019997208845,44.3640019511804,3.750999894691631,232.0929997949861,1,1
772,sign,32584.691530618,45.948996557854116,147.69000335945748,42.27899989928119,3.791999915847555,239.70999973244034,1,1
773,sign,32584.717995713,49.3240004288964,149.21299953130074,42.87400224711746,4.063997039338574,245.47499924665317,1,1
774,sign,32584.742539158,44.70899875741452,178.94100164994597,76.72900028410368,5.604000762104988,305.98300145356916,1,1
775,sign,32584.767317794,53.5789986315649,145.42899953084998,41.7119990743231,3.3579999580979347,244.07799719483592,1,1
776,sign,32584.792544569,39.49799793190323,146.24300092691556,48.53299833484925,3.94100061384961,238.21499780751765,1,1
777,sign,32584.816338075,40.89199865120463,143.73100202647038,46.96899850387126,3.850000211969018,235.4419993935153,1,1
778,sign,32584.840208042,38.40800127363764,142.5500013283454,45.153999963076785,3.483000909909606,229.59500347496942,1,1
779,sign,32584.865331216,49.149002734338865,167.15299716452137,48.33800267078914,4.176999937044457,268.8170025066938,1,1
780,sign,32584.891172178,59.73100269329734,163.0730002943892,48.99699706584215,4.339002771303058,276.14000282483175,1,1
781,sign,32584.915958704,32.307998480973765,121.94900045869872,30.314000468933955,2.8180002118460834,187.38899962045252,1,1
782,sign,32584.940210482,33.72300125192851,106.58199971658178,28.995000320719555,2.524997398722917,171.82499868795276,1,1
783,sign,32584.963525354,33.975000405916944,116.23200043686666,30.486000468954444,2.6609995984472334,183.35400091018528,1,1
784,sign,32584.988399591,42.96600309317,165.22399891982786,47.670000640209764,4.053999873576686,259.9140025267843,1,1
785,sign,32585.014244353,40.18900290247984,151.9189972896129,44.26500163390301,4.016001184936613,240.38900301093236,1,1
786,sign,32585.040232675,45.62799949781038,144.97400115942582,41.815997974481434,4.203000571578741,236.62099920329638,1,1
787,sign,32585.065043811,35.64000144251622,142.10600056685507,40.359998820349574,3.2460011425428092,221.35200197226368,1,1
788,sign,32585.088575638,29.6969992632512,129.0399995923508,39.08899816451594,3.2080024539027363,201.03399947402067,1,1
789,sign,32585.112551648,48.227000661427155,156.14299991284497,43.68300142232329,3.9679980545770377,252.02100005117245,1,1
790,sign,32585.137992546,60.310001572361216,161.05200120364316,44.371998228598386,3.846002073260024,269.5800030778628,1,1
791,sign,32585.162469088,38.695998227922246,115.21299893502146,32.11600051145069,3.117002052022144,189.14199972641654,1,1
792,sign,32585.186781684,42.2650009568315,150.24800086393952,46.91399954026565,3.5810007830150425,243.00800214405172,1,1
793,sign,32585.211620868,34.64199835434556,138.69499889551662,41.39700104133226,3.0709998100064695,217.8049981012009,1,1
794,sign,32585.234967508,41.06699998374097,135.89800073532388,39.30999810108915,3.4420008887536824,219.71699970890768,1,1
795,sign,32585.259193583,51.56400220585056,131.4229994022753,31.358998967334628,3.989000106230378,218.33500068169087,1,1
796,sign,32585.284859086,48.37499727727845,182.76400078320876,51.23600203660317,4.145000275457278,286.52000037254766,1,1
797,sign,32585.308460795,44.98999987845309,151.64100113906898,32.95999704278074,2.9220027499832213,232.51300081028603,1,1
798,sign,32585.332890933,35.359997127670795,127.54500130540691,28.70699972845614,2.5720000849105418,194.1839982464444,1,1
799,sign,32585.357215761,32.8009991790168,107.73500252980739,30.52699685213156,2.4760011001490057,173.53899966110475,1,1
800,sign,32585.380738391,38.06300082942471,116.81600153679028,31.690000469097868,2.7839996619150043,189.35300249722786,1,1
801,sign,32585.411145188,34.039996535284445,110.98200047854334,30.405000870814547,2.787000994430855,178.2139988790732,1,1
802,sign,32585.438276137,32.58200013078749,111.37600085930899,29.364000511122867,2.74099875241518,176.06300025363453,1,1
803,sign,32585.463126726,53.40499774320051,187.01800217968412,54.66599759529345,4.661000275518745,299.7499977936968,1,1
804,sign,32585.48821018,33.57600144227035,107.71899906103499,29.372000426519662,2.573000529082492,173.2400014589075,1,1
805,sign,32585.513266629,45.83599729812704,175.37300300318748,46.697998186573386,3.7520003388635814,271.6589988267515,1,1
806,sign,32585.539171561,47.03500235336833,152.52400044118986,45.826996938558295,3.6630008253268898,249.04900055844337,1,1
807,sign,32585.563516519,44.44899968802929,175.04400238976814,62.08399645402096,3.849003405775875,285.42600193759426,1,1
808,sign,32585.587763348,40.04099901067093,146.42899986938573,43.47499998402782,3.48799949279055,233.43299835687503,1,1
809,sign,32585.612272672,31.22500129393302,130.5129990214482,40.31400021631271,3.52600181940943,205.57800235110335,1,1
810,sign,32585.635890725,29.73300070152618,128.573999973014,40.169998101191595,3.2280004234053195,201.7049991991371,1,1
811,sign,32585.66176463,49.75499905413017,159.2840017110575,47.79799928655848,4.246001481078565,261.0830015328247,1,1
812,sign,32585.689809762,61.43200153019279,169.79099746095017,37.64299981412478,3.721001121448353,272.5869999267161,1,1
813,sign,32585.718614636,37.434001569636166,116.62699762382545,31.678999221185222,2.653003321029246,188.39300173567608,1,1
814,sign,32585.747451862,34.17200059629977,119.74500012001954,32.430998544441536,3.0859991966281086,189.43399845738895,1,1
815,sign,32585.776347294,58.66600258741528,146.21099762734957,36.24600140028633,4.577999789034948,245.70100140408613,1,1
816,sign,32585.80343394,49.54999894835055,117.66000170609914,32.02199877705425,2.8030008252244443,202.03500025672838,1,1
817,sign,32585.828955898,30.88200173806399,113.84899698896334,29.050002922303975,3.0369992600753903,176.8180009094067,1,1
818,sign,32585.854287045,35.91499989852309,119.12500121979974,28.39099761331454,2.788001438602805,186.21900017024018,1,1
819,sign,32585.879011365,49.9380003020633,112.9180018324405,29.752998671028763,2.8940012271050364,195.5030020326376,1,1
820,sign,32585.903107728,30.42499884031713,104.11900075268932,27.57800029939972,2.3619977582711726,164.48399765067734,1,1
821,sign,32585.930104605,26.501002139411867,117.46199743356556,42.916002712445334,3.4910008253064007,190.37000311072916,1,1
822,sign,32585.956595455,21.76399721065536,96.84399992693216,39.06799975084141,3.1080016924533993,160.78399858088233,1,1
823,sign,32585.982283031,12.270000297576189,56.32199827232398,23.455999325960875,1.787000655895099,93.83499855175614,1,1
824,sign,32586.007402332,13.53599873255007,61.95799869601615,23.929002054501325,1.8600003386382014,101.28299982170574,1,1
825,sign,32586.031560412,12.191998393973336,55.28200199478306,25.745997845660895,1.7860002117231488,95.00599844614044,1,1
826,sign,32586.057645413,12.592001439770684,57.83199958386831,283.5630002664402,6.793001375626773,360.780002665706,1,1
827,sign,32586.084034594,24.26599894533865,108.4120012819767,44.682998122880235,3.163000656059012,180.5239990062546,1,1
828,sign,32586.188754305,24.607001250842586,77.44699905742891,1.4139986888039857,46.67000030167401,150.1379992987495,2,1
829,sign,32586.219015428,32.73699985584244,173.97299961885437,42.14300133753568,3.983997885370627,252.83699869760312,2,1
830,sign,32586.24752149,27.916001272387803,86.369997006841,39.11699968739413,3.554003342287615,156.95700130891055,2,1
831,sign,32586.273443724,26.78500095498748,82.76099833892658,37.8460026695393,4.890000127488747,152.28200209094211,2,1
832,sign,32586.29792087,27.62999793048948,89.06800212571397,39.58699744543992,3.5910015867557377,159.8759990883991,2,1
833,sign,32586.325034117,29.83800004585646,97.55300197866745,39.88299795310013,15.942001482471824,183.21600146009587,2,1
834,sign,32586.352523229,30.87599907303229,99.00100121740252,44.401997001841664,3.9630031096749008,178.24200040195137,2,1
835,sign,32586.377705992,19.644001440610737,63.12899859040044,189.6920002764091,4.589001036947593,277.05400134436786,2,1
836,sign,32586.402803147,21.289997675921768,66.36700345552526,28.085996746085584,2.526001480873674,118.26899935840629,2,1
837,sign,32586.427098631,20.416999177541584,79.14100206107832,27.78599809971638,2.6750021788757294,130.01900151721202,2,1
838,sign,32586.451321257,19.906001398339868,61.072001699358225,26.073998014908284,2.4190012481994927,109.47100236080587,2,1
839,sign,32586.478265938,24.480999854858965,76.36800000909716,28.459999157348648,2.668999513844028,131.9779985351488,2,1
840,sign,32586.503755273,38.108002627268434,140.25799828232266,52.3429989698343,5.547000910155475,236.25600078958087,2,1
841,sign,32586.53029636,28.993999876547605,93.18199954577722,55.99699943559244,4.699999408330768,182.87299826624803,2,1
842,sign,32586.555946522,31.34500002488494,108.85300071095116,41.65700011071749,3.760000254260376,185.61500110081397,2,1
843,sign,32586.580742637,30.202998459571972,101.08100104844198,42.494997614994645,3.68400287698023,177.46299999998882,2,1
844,sign,32586.60676106,34.755998058244586,101.62200123886578,50.42300108470954,4.970999725628644,191.77200010744855,2,1
845,sign,32586.632506214,38.91600135830231,155.55299978586845,54.41000030259602,4.369998350739479,253.24899979750626,2,1
846,sign,32587.261762936,55.83299935096875,153.9389995741658,55.46900138142519,4.416000592755154,269.6570008993149,2,1
847,sign,32587.29104735,62.29099744814448,165.96900240983814,397.89199945516884,5.031000910094008,631.1830002232455,2,1
848,sign,32587.315913341,38.885998947080225,128.6389997403603,29.483999242074788,3.006000042660162,200.01499797217548,2,1
849,sign,32587.340191576,39.146998460637406,113.32700159982778,28.34399856510572,3.326000296510756,184.14399892208166,2,1
850,sign,32587.363584782,39.164999179774895,111.44599920953624,28.72299955924973,2.9030015866737813,182.23699953523465,2,1
851,sign,32587.388904697,46.855999244144186,145.42800272465684,30.746999982511625,3.8299986044876277,226.86100055580027,2,1
852,sign,32587.416903729,37.47099981410429,146.57099745818414,44.57000250113197,3.2149982871487737,231.82699806056917,2,1
853,sign,32587.44342235,46.25300061888993,128.40099952882156,35.18399898894131,3.503002517390996,213.3410016540438,2,1
854,sign,32587.468289396,52.5010000274051,146.7969996156171,40.35699748783372,4.727000487037003,244.38199761789292,2,1
855,sign,32587.492541811,39.16200148523785,109.83399988617748,29.151000489946455,2.9709990485571325,181.11800090991892,2,1
856,sign,32587.517506903,45.554999815067276,175.74999947100878,52.50499816611409,6.379003025358543,280.1890004775487,2,1
857,sign,32587.543749335,64.40099969040602,179.73099966184236,58.54800110682845,4.978999641025439,307.6590001001023,2,1
858,sign,32587.567835053,41.696999687701464,114.79400200187229,35.919998481404036,3.463999746600166,195.87499991757795,2,1
859,sign,32588.582869254,24.924996978370473,46.38400059775449,1.119002263294533,38.40799763565883,110.83599747507833,3,1
860,sign,32588.609581575,54.333999287337065,140.23999756318517,48.60800254391506,6.289999873843044,249.47199926828034,3,1
861,sign,32588.637151363,57.230998208979145,150.8960012870375,45.987999328644946,5.657002475345507,259.7720013000071,3,1
862,sign,32588.663182819,37.2180002159439,102.17800081591122,41.71899854554795,4.525001713773236,185.6400012911763,3,1
863,sign,32588.688676428,41.650000639492646,106.08299999148585,53.814001148566604,6.256999768083915,207.804001547629,3,1
864,sign,32588.71601928,55.41299833566882,156.86000187997706,57.79899947810918,5.739999323850498,275.81199901760556,3,1
865,sign,32588.74354789,51.331000577192754,134.35799701255746,46.075001591816545,5.448000592878088,237.21199977444485,3,1
866,sign,32588.773016374,42.24799704388715,116.58400035230443,40.89900176040828,7.853999704821035,207.5849988614209,2,1
867,sign,32588.798566623,28.976999601582065,86.84899876243435,38.83699901052751,3.450000804150477,158.1129981786944,2,1
868,sign,32588.823299198,28.006998036289588,85.89000208303332,38.74200046993792,3.544999344740063,156.1839999340009,2,1
869,sign,32588.850527604,37.120000342838466,113.03499923087656,60.704998759320006,6.040001608198509,216.89999994123355,2,1
870,sign,32588.87782994,44.127998990006745,138.7390002491884,47.26699989987537,4.557001375360414,234.69100051443093,2,1
871,sign,32588.904409533,43.80500104161911,115.226001071278,42.4899990321137,3.9679980545770377,205.48899919958785,2,1
872,sign,32588.930887201,35.689998185262084,134.83400107361376,46.3719989056699,4.597000952344388,221.49299911689013,2,1
873,sign,32588.956018398,32.363001082558185,106.06599971652031,42.12500061839819,4.450997948879376,185.00499936635606,2,1
874,sign,32588.982571453,47.86699719261378,132.15700164437294,48.45700095756911,5.169000360183418,233.65000015473925,2,1
875,sign,32589.009699532,21.340001694625244,72.83900049515069,28.631999157369137,2.7810019673779607,125.59200331452303,2,1
876,sign,32589.038245133,32.830001146066934,137.92999743600376,60.88699956308119,8.36900289868936,240.01600104384124,2,1
877,sign,32589.064895619,47.320998419309035,139.212999783922,45.015000068815425,4.77199864690192,236.32099691894837,2,1
878,sign,32589.091594545,33.18699964438565,103.2090003718622,42.33000072417781,3.8389989640563726,182.56499970448203,2,1
879,sign,32589.118382241,35.80500197131187,104.37099990667775,43.30299998400733,8.152001100825146,191.6310029628221,1,1
880,sign,32589.144435901,28.752001526299864,115.79499914660119,47.78700167662464,3.887998900609091,196.22200125013478,1,1
881,sign,32589.328380279,15.075002011144534,69.06799899297766,30.978000722825527,2.2139975044410676,117.33499923138879,1,1
882,sign,32589.355299117,15.730998711660504,72.49100235640071,28.72099867090583,2.310000127181411,119.25299986614846,1,1
883,sign,32589.38311955,20.73900031973608,99.04400212690234,1363.1889996759128,6.078000296838582,1489.0500024193898,1,1
884,sign,32589.411286548,29.864000680390745,111.87500058440492,47.45000114780851,3.4619988582562655,192.65100127086043,1,1
885,sign,32589.440256763,16.568003047723323,70.78399721649475,30.34000110346824,2.378001227043569,120.07000259472989,1,1
886,sign,32589.468294229,19.041002815356478,80.55400030571036,134.34499851427972,11.834999895654619,245.77500153100118,1,1
887,sign,32589.496619791,22.449999960372224,74.26400043186732,30.328999855555594,2.3809989215806127,129.42399916937575,1,1
888,sign,32589.52555183,15.968998923199251,72.17299935291521,31.91799987689592,2.2900021576788276,122.35000031068921,1,1
889,sign,32589.553965625,16.400001186411828,116.05399777181447,138.0220019200351,3.8349971873685718,274.31099806563,1,1
890,sign,32589.726191979,16.916001186473295,75.75599738629535,33.12999979243614,2.4280016077682376,128.22999997297302,1,1
891,sign,32589.754558909,15.72199835209176,72.74699964909814,33.21999975014478,2.4470027710776776,124.13600052241236,1,1
892,sign,32589.784664873,26.682999305194244,117.41499838535674,1259.1760023497045,6.722999387420714,1409.9969994276762,1,1
893,sign,32589.815559434,33.12999979243614,143.64600065164268,463.2700001820922,5.204001354286447,645.2500019804575,1,1
894,sign,32589.844136411,17.102000128943473,78.07300062268041,32.96999784652144,2.577002305770293,130.7220009039156,1,1
895,sign,32589.872664061,15.680998330935836,71.58200241974555,33.44799915794283,2.378998033236712,123.08999794186093,1,1
896,sign,32589.900584264,26.079000235768035,114.1499997174833,62.5020002189558,4.626999725587666,207.3579998977948,1,1
897,sign,32589.929755667,25.18900146242231,115.80700083868578,65.7479977235198,6.219001079443842,212.96300110407174,1,1
898,sign,32589.958141672,36.10500061768107,154.20899944729172,174.18300194549374,4.866997187491506,369.36399919795804,1,1
899,sign,32589.989862375,25.07599856471643,153.28999870689586,68.96100239828229,4.803998308489099,252.13099797838368,1,1
900,sign,32590.019557843,26.671001251088455,127.64499842887744,62.11599975358695,4.139001248404384,220.57100068195723,1,1
901,sign,32590.053020897,29.257000278448686,145.54799781762995,51.20499918120913,3.5010016290470958,229.51099890633486,1,1
902,sign,32590.080861528,38.49399945465848,168.1180001469329,55.12799907592125,4.25300095230341,265.99299962981604,1,1
903,sign,32590.110016284,19.546998373698443,83.81800216739066,34.1159975505434,2.925000444520265,140.40599853615277,1,1
904,sign,32590.13935399,16.412002878496423,75.1309999031946,30.554998375009745,2.372999006183818,124.4710001628846,1,1
905,sign,32590.169680626,26.576999516692013,130.06199878873304,51.48700074641965,3.630000719567761,211.75599977141246,1,1
906,sign,32590.202274981,15.806999726919457,81.08700058073737,34.362001315457746,2.472999767633155,133.72900139074773,1,1
907,sign,32590.23120244,30.414998036576435,206.30699873436242,99.73800115403719,5.592999514192343,342.0529974391684,1,1
908,sign,32590.259782495,16.16500230738893,73.5100002202671,30.555998819181696,2.3669999791309237,122.59800132596865,1,1
909,sign,32590.288728531,16.4420016517397,73.64200064330362,30.895997042534873,2.36300184042193,123.34300117800012,1,1
910,sign,32590.319787015,30.68799924221821,121.27000081818551,47.91000174009241,3.550998371792957,203.4190001722891,1,1
911,sign,32590.348197415,37.06499774125405,150.62300008139573,60.29400174156763,4.823999915970489,252.8059994801879,1,1
912,sign,32590.378220153,15.53299807710573,72.1300020813942,30.96599903074093,2.3649990907870233,120.99399828002788,1,1
913,sign,32590.407122009,16.387999494327232,73.85400022030808,31.77799953846261,2.453998604323715,124.47399785742164,1,1
914,sign,32590.435804854,20.691997633548453,97.30099918670021,32.24600004614331,2.3560023691970855,152.59499923558906,1,1
915,sign,32590.466801983,17.176000255858526,75.32000017818063,30.712999432580546,2.3700013116467744,125.57900117826648,1,1
916,sign,32590.496041579,19.05299723148346,83.26800161739811,53.883999498793855,4.258999979356304,160.46399832703173,1,1
917,sign,32590.524203991,21.297997591318563,75.63100007246248,32.42700040573254,2.444001438561827,131.79999950807542,1,1
918,sign,32590.552915184,15.703000826761127,81.55000250553712,39.175996789708734,2.6940033421851695,139.12300346419215,1,1
919,sign,32590.58541471,23.471999156754464,108.74700092244893,670.7889988319948,3.640001523308456,806.6480004345067,1,1
920,sign,32590.613838079,16.24699871172197,107.72000314318575,154.0949997433927,3.5579978430178016,281.6199994413182,1,1
921,sign,32590.643711617,15.875000826781616,73.78200098173693,51.24300150782801,2.5720000849105418,143.4720034012571,1,1
922,sign,32590.673331367,15.382000128738582,73.88499943772331,32.19700010959059,2.4170003598555923,123.88100003590807,1,1
923,sign,32590.704816103,22.70299955853261,100.77300248667598,656.2019989360124,3.5949997254647315,783.2730007066857,1,1
924,sign,32590.735975658,39.81199915870093,121.42299965489656,293.8840007118415,3.6380006349645555,458.75700016040355,1,1
925,sign,32591.405955424,16.253998182946816,81.85200204025023,33.158998121507466,2.4900000425986946,133.7549983873032,1,1
926,sign,32591.433358831,21.899999410379678,124.78400094551034,52.011000661877915,3.758999810088426,202.45400082785636,1,1
927,sign,32591.948412999,25.796998670557514,129.7269991482608,330.3500016045291,3.6579986044671386,489.53199802781455,1,1
928,sign,32591.981737838,18.760001694317907,92.80499943997711,38.80299846059643,2.52000245382078,152.88800204871222,1,1
929,sign,32592.012257256,15.659999917261302,73.53600085480139,32.066000130726025,2.3510001483373344,123.61300105112605,1,1
930,sign,32592.043019795,31.08400051132776,137.13299995288253,51.4860003022477,3.406999894650653,223.11000066110864,1,1
931,sign,32592.074478866,22.80799890286289,115.69300113478675,48.24899951927364,3.1899980967864394,189.93999765370972,1,1
932,sign,32592.103570482,21.96000059484504,105.82799950498156,49.58700083079748,3.2819989428389817,180.65699987346306,1,1
933,sign,32592.132511913,21.281997760524973,100.32000136561692,51.801998779410496,3.0750015866942704,176.47899949224666,1,1
934,sign,32592.163234097,20.696999854408205,96.34900197852403,47.457997425226495,3.236000338802114,167.73999959696084,1,1
935,sign,32592.193968558,15.875000826781616,83.28499825438485,32.486001146025956,2.2999993234407157,133.94599955063313,1,1
936,sign,32592.22222676,24.24699778202921,119.64500299654901,224.8799974040594,3.5660013963934034,372.337999579031,1,1
937,sign,32592.252270355,15.690002328483388,72.17299935291521,32.747000659583136,2.3379980120807886,122.94800035306253,1,1
938,sign,32592.281788587,15.50200249766931,74.02499977615662,32.27599881938659,2.291999408043921,124.09500050125644,1,1
939,sign,32592.312212969,22.07800207543187,102.16499867965467,47.396002628374845,3.102999471593648,174.74200285505503,1,1
940,sign,32592.344289513,39.376001950586215,143.10999904409982,78.0059999669902,4.272998921805993,264.76499988348223,1,1
941,sign,32592.375538966,15.597001038258895,70.7219987816643,32.41900049033575,2.3469983716495335,121.08499868190847,1,1
942,sign,32592.405489605,15.509998775087297,75.72600225103088,32.14499884052202,2.3790016712155193,125.76000153785571,1,1
943,sign,32592.4373479,25.774003006517887,107.90299711516127,48.1630013382528,3.360000846441835,185.2000023063738,1,1
944,sign,32592.471099053,19.47700002347119,83.17899846588261,32.72300091339275,2.4840010155458003,137.86300041829236,1,1
945,sign,32592.500378715,23.343996872426942,108.69900143006817,49.061000026995316,3.797998942900449,184.90199727239087,1,1
946,sign,32592.529571632,27.12599962251261,139.48800187790766,56.313998356927186,4.4430016714613885,227.37100152880885,1,1
947,sign,32592.557710834,18.15699943108484,77.98699880368076,32.245003239950165,2.2839994926471263,130.6730009673629,1,1
948,sign,32592.587967614,16.62700015003793,86.25800182926469,32.810999982757494,2.491997292963788,138.1879992550239,1,1
949,sign,32592.615935051,34.583001252030954,145.3219992981758,54.231000831350684,4.099998477613553,238.235999859171,1,1
950,sign,32592.647501723,15.802997950231656,47.187000745907426,1.0469993867445737,34.35800317674875,98.39500125963241,2,1
951,sign,32592.677556812,23.232001694850624,76.82700015720911,33.21699841762893,2.9389993869699538,136.21499965665862,2,1
952,sign,32592.708268483,36.81700036395341,110.98200047854334,2409.3729989544954,5.428002623375505,2562.6000024203677,2,1
953,sign,32592.742815834,34.493998100515455,107.76400085887872,55.42299913940951,4.379002348287031,202.06000044709072,2,1
954,sign,32592.77470622,34.791999496519566,106.70499978004955,46.96299947681837,4.250003257766366,192.71000201115385,2,1
955,sign,32592.802478178,43.76300057629123,105.46100020292215,48.205998609773815,4.223998985253274,201.65399837424047,2,1
956,sign,32592.829919978,33.192998671438545,106.54899961082265,45.97000224748626,4.21799995820038,189.93000048794784,2,1
957,sign,32592.860551459,36.389999877428636,110.88300016126595,49.19099956168793,4.3910004023928195,200.85500000277534,2,1
958,sign,32592.892273995,41.74499918008223,139.08600158174522,52.027000492671505,4.812998668057844,237.6709999225568,2,1
959,sign,32592.921795377,25.54700040491298,81.33500159601681,35.86199818528257,3.217002813471481,145.96100299968384,2,1
960,sign,32592.951627166,24.19900192762725,76.44699871889316,32.32000017305836,2.868000592570752,135.83400141214952,2,1
961,sign,32592.983830726,22.51200203318149,75.5969995225314,43.20299922255799,4.1669991333037615,145.47899991157465,2,1
962,sign,32593.02085832,24.35300120851025,79.64999895193614,31.769999623065814,3.130000550299883,138.9030003338121,2,1
963,sign,32593.052184868,25.49499913584441,81.95700138458051,34.39899955992587,3.043998731300235,144.89499881165102,2,1
964,sign,32593.079998147,36.95700070238672,93.47099694423378,32.84300328232348,3.1519994081463665,166.42300033709034,2,1
965,sign,32593.11044353,38.08399924309924,114.44700066931546,49.36600089422427,4.499997885432094,206.39699869207107,2,1
966,sign,32593.14254626,36.24900273280218,133.79399752011523,51.07700053486042,5.175999831408262,226.2960006191861,2,1
967,sign,32593.395222479,25.04399890312925,129.257001390215,50.12999827158637,4.874000296695158,209.3049988616258,2,1
968,sign,32593.659528452,24.543998733861372,78.73700087657198,31.06800068053417,3.025998012162745,137.37499830313027,2,1
969,sign,32593.691272357,32.967000151984394,132.2290008829441,50.87099998490885,4.846999217988923,220.91400023782626,2,1
970,sign,32593.719317076,24.740998924244195,80.2550021035131,33.312997402390465,3.107001248281449,141.41599967842922,2,1
971,sign,32593.74729721,23.196000256575644,82.8829979582224,30.88200173806399,2.9180009732954204,139.87900092615746,2,1
972,sign,32593.776482082,25.77499981271103,82.98600005218759,34.16799881961197,3.0410010367631912,145.96999972127378,2,1
973,sign,32593.809037695,38.55400063912384,154.31700012413785,70.27100218692794,8.324997907038778,271.4670008572284,2,1
974,sign,32593.83683455,36.41600051196292,146.75599959446117,85.8570019772742,11.742999049602076,280.77200113330036,2,1
975,sign,32593.864833455,38.6039973818697,120.97999933757819,56.3910034543369,4.640998668037355,220.61599884182215,2,1
976,sign,32593.893806356,45.50199810182676,157.04600082244724,53.63599848351441,4.649002221412957,260.83299962920137,2,1
977,sign,32593.922718434,40.81599763594568,125.94600048032589,67.42800178471953,6.079997547203675,240.26999744819477,2,1
978,sign,32593.949784462,49.428002967033535,174.9240000208374,268.6039988475386,5.933001375524327,498.8890032109339,2,1
979,sign,32593.977881365,37.02200046973303,123.59500033198856,65.4379982734099,5.715999577660114,231.7709986527916,2,1
980,sign,32594.006062232,38.484999095089734,130.59100092505105,50.28199666412547,4.981000529369339,224.3389972136356,2,1
981,sign,32594.034479859,37.19799860846251,125.5489987670444,52.1930014656391,4.37299968325533,219.31299852440134,2,1
982,sign,32594.063317149,38.67299892590381,124.50800204533152,53.02099816617556,4.248999175615609,220.4509983130265,2,1
983,sign,32594.090971497,56.42500036628917,160.8200000191573,52.75899820844643,4.989000444766134,274.99299903865904,2,1
984,sign,32594.118593536,35.116998333251104,115.04400026751682,70.58900155243464,5.469999450724572,226.21999960392714,2,1
985,sign,32594.146415403,39.20599920093082,132.0510018558707,50.652997742872685,4.265999450581148,226.17599825025536,2,1
986,sign,32594.175786427,25.39200067985803,79.62900053826161,31.797997507965192,2.9959992389194667,139.8149979650043,2,1
987,sign,32594.203987016,30.502000299748033,129.06399933854118,49.357000534655526,4.66900019091554,213.59200036386028,1,1
988,sign,32594.23382185,16.358000721083954,72.64199666678905,33.809003070928156,2.458000381011516,125.26700083981268,1,1
989,sign,32594.263299115,14.987002941779792,77.065997174941,30.822000553598627,2.3790016712155193,125.25400234153494,1,1
990,sign,32594.290476905,16.073998267529532,72.04600115073845,30.63400072278455,2.2130006982479244,120.96700083930045,1,1
991,sign,32594.319117637,31.51700002490543,152.34100283123553,55.356998927891254,4.433000867720693,243.6480026517529,1,1
992,sign,32594.348202184,16.221001715166494,81.1040008557029,53.16399983712472,4.7339999582618475,155.22300236625597,1,1
993,sign,32594.377042987,16.834001144161448,100.12400161940604,35.02799881971441,2.5369990908075124,154.52300067408942,1,1
994,sign,32594.405964139,15.503999748034403,80.31099787331186,31.59100015182048,2.291999408043921,129.69799718121067,1,1
995,sign,32594.434427325,24.308999854838476,126.7990010092035,531.5109992807265,5.174002581043169,687.7930027258117,1,1
996,sign,32594.464301532,28.558999474626034,126.3150006707292,48.814999900059775,3.5010016290470958,207.1900016744621,1,1
997,sign,32594.492438401,29.407998226815835,117.09300088114105,47.34699905384332,3.321001713629812,197.16899987543002,1,1
998,sign,32594.521231628,16.89000055193901,77.80299711157568,32.61600068071857,2.382999809924513,129.69199815415777,1,1
999,sign,32594.549724638,15.073001122800633,71.83499837992713,30.45899939024821,2.3710017558187246,119.7380006487947,1,1
1000,sign,32594.578073197,16.581998352194205,73.40500087593682,32.486001146025956,2.4699984351173043,124.94299880927429,1,1
1001,sign,32594.606973001,36.429002648219466,146.37300046160817,51.05899981572293,3.702996764332056,237.56399968988262,1,1
1002,sign,32594.635695536,15.947000065352768,74.7660014894791,32.35699841752648,2.3280008463189006,125.39800081867725,1,1
1003,sign,32594.664636406,14.731998817296699,70.4280028003268,31.888997909845784,2.3510001483373344,119.39999967580661,1,1
1004,sign,32594.69177155,16.267000319203362,73.10699947993271,32.205000024987385,2.3600005079060793,123.93900033202954,1,1
1005,sign,32594.719773838,15.184003132162616,70.14899892965332,30.387000151677057,2.267999661853537,117.98800187534653,1,1
1006,sign,32594.748960143,15.772002370795235,87.61099888943136,57.33500074711628,4.703000740846619,165.4210027481895,1,1
1007,sign,32594.778310802,15.543999325018376,71.68599768192507,32.330000976799056,2.3280008463189006,121.8879988300614,1,1
1008,sign,32594.807277574,15.236000763252378,69.7129980835598,31.646999559598044,2.3220018192660064,118.91800022567622,1,1
1009,sign,32594.835091821,17.015998309943825,86.323001596611,48.75599915976636,3.50600021192804,155.60099927824922,1,1
1010,sign,32594.865537828,15.337001968873665,70.78999988152646,31.723000574856997,2.296997990924865,120.14700041618198,1,1
1011,sign,32594.89361055,36.80900044855662,148.81199967931025,51.60699947737157,3.855999239021912,241.08399884426035,1,1
1012,sign,32595.006633659,16.202000551857054,69.92700218688697,2.46399940806441,63.655999838374555,152.24900198518299,1,1
1013,sign,32595.035656051,15.976998838596046,75.13799937441945,30.405000870814547,2.2979984350968152,123.81799751892686,1,1
1014,sign,32595.06413398,15.364999853773043,71.94100180640817,31.91499854438007,2.354001480853185,121.57500168541446,1,1
1015,sign,32595.091472204,15.673998859710991,71.52100079110824,32.24600004614331,2.3840002540964633,121.824999951059,1,1
1016,sign,32595.119678181,32.4079992424231,134.4110023637768,57.080000260611996,4.942998202750459,228.84200006956235,1,1
1017,sign,32595.14691872,15.324003470595926,80.27399962884374,32.24299871362746,2.48300057137385,130.32400238444097,1,1
1018,sign,32595.175659397,15.79800300532952,74.30400000885129,31.787996704224497,2.3420034267473966,124.2320031451527,1,1
1019,sign,32595.204397461,15.72800101712346,71.9499985279981,29.47100074379705,2.2519998310599476,119.40100011997856,1,1
1020,sign,32595.235364886,22.588999854633585,105.64100011833943,59.264999435981736,3.4949989640153944,190.98999837297015,1,1
1021,sign,32595.262410647,20.842002413701266,95.89599721948616,46.15299985744059,3.102002665400505,165.99300215602852,1,1
1022,sign,32595.292167093,44.26200030138716,170.0649991107639,52.92299829307012,4.249999619787559,271.49999732500874,1,1
1023,sign,32595.320089494,38.67800114676356,157.21300223958679,50.74799992144108,3.8629987102467567,250.50200201803818,1,1
1024,sign,32595.346121992,35.64500002539717,151.6660013294313,48.68399992119521,3.90199784305878,239.89699911908247,1,1
1025,sign,32595.375129635,55.42500002775341,177.46700177667663,53.56100155040622,4.5579981815535575,291.0110015363898,1,1
1026,sign,32595.402009938,35.0580012309365,119.8089994431939,37.87400055443868,3.6189994716551155,196.3600007002242,1,1
1027,sign,32596.441770318,22.11199898738414,65.38700108649209,1.6979975043796003,50.31900218455121,139.51599976280704,2,1
1028,sign,32596.470978997,59.387999499449506,144.74999989033677,48.992002120940015,5.1439965318422765,258.27399804256856,2,1
1029,sign,32596.500193001,23.835000320104882,78.53699935367331,32.12500087101944,3.001998265972361,137.49899881077,2,1
1030,sign,32596.528152974,24.172000848921016,81.21200153254904,30.13400055351667,3.0379997042473406,138.55600263923407,2,1
1031,sign,32596.557588325,47.079000069061294,141.24500012258068,1722.9120021511335,6.947000656509772,1918.1830029992852,2,1
1032,sign,32596.588493941,33.44300057506189,119.15299910469912,46.217002818593755,4.5579981815535575,203.37100067990832,2,1
1033,sign,32596.617293648,24.258999474113807,79.25699901534244,34.46700065978803,3.1039999157655984,141.08699906500988,2,1
1034,sign,32596.645810976,22.93000216013752,75.6859990360681,33.20199903100729,3.0420014809351414,134.86000170814805,2,1
1035,sign,32596.672630486,22.795000404585153,75.74600022053346,29.492999601643533,3.001001459779218,131.03500168654136,2,1
1036,sign,32596.70215865,46.77799734054133,130.363001517253,48.783000238472596,5.169000360183418,231.09299945645034,2,1
1037,sign,32596.730529543,41.057999624172226,125.08699728641659,59.354002587497234,4.8080000851769,230.30699958326295,2,1
1038,sign,32596.7583452,25.037999876076356,77.77800055919215,30.093000532360747,3.130997356493026,136.03999832412228,2,1
1039,sign,32596.786128852,24.602999474154785,79.94599945959635,31.93399970768951,3.001001459779218,139.48400010121986,2,1
1040,sign,32596.812347029,22.985997929936275,75.41699960711412,31.24500290141441,2.9339971661102027,132.581997604575,2,1
1041,sign,32596.842931921,39.169000956462696,140.8059979439713,46.51600102079101,4.755998816108331,231.24699873733334,2,1
1042,sign,32596.869952329,24.797998776193708,150.2009981777519,57.013003242900595,5.832996976096183,237.84499717294239,2,1
1043,sign,32596.900224168,24.274999304907396,82.6740033517126,36.47799894679338,3.135999577352777,146.56300118076615,2,1
1044,sign,32596.928619537,23.31300129299052,76.77699977648444,29.80299905175343,2.967997716041282,132.86099783726968,2,1
1045,sign,32596.960173919,23.827000404708087,80.36999861360528,33.355001505697146,3.0720002541784197,140.62400077818893,2,1
1046,sign,32596.987857453,35.780998587142676,111.68000128236599,291.1439987656195,4.3860018195118755,442.99100045464,2,1
1047,sign,32597.176910335,22.781998268328607,87.12799899512902,34.185999538749456,6.391001079464331,150.4869978816714,1,1
1048,sign,32597.205199916,16.601999959675595,75.71600144729018,32.502000976819545,2.359996869927272,127.1799992537126,1,1
1049,sign,32597.235295049,25.125002139247954,106.19100066833198,46.50899791158736,3.224999090889469,181.04999981005676,1,1
1050,sign,32597.267046044,16.261001292150468,74.66500028385781,31.568000849802047,2.468997990945354,124.96300041675568,1,1
1051,sign,32597.301027863,16.814999980852008,74.89199924748391,31.47500319755636,2.2839994926471263,125.4660019185394,1,1
1052,sign,32597.334880802,15.01800215919502,71.95099897217005,29.97900082846172,2.1980013116262853,119.14600327145308,1,1
1053,sign,32597.368335902,21.92100146203302,102.57499889121391,45.78299922286533,2.9850016289856285,173.26400120509788,1,1
1054,sign,32597.400957104,15.801000699866563,94.53699749428779,30.868002795614302,2.278997271787375,143.48499826155603,1,1
1055,sign,32597.435974137,15.558001905446872,82.973998360103,31.19200118817389,2.426000719424337,132.1500021731481,1,1
1056,sign,32597.47044361,15.624998923158273,71.23999967006966,31.261002732208,2.4229993869084865,120.54900071234442,1,1
1057,sign,32597.503879396,22.566997358808294,110.68300227634609,215.9729992854409,4.114001058042049,353.3369999786373,1,1
1058,sign,32597.53426486,37.83899956033565,159.2759981576819,55.46700049308129,4.450001142686233,257.03199935378507,1,1
1059,sign,32597.568039056,15.70299718878232,73.61100142588839,32.07999907317571,2.353001036681235,123.74699872452766,1,1
1060,sign,32597.601682858,14.295001165010035,71.4230009180028,29.666000045835972,2.2329986677505076,117.61700079659931,1,1
1061,sign,32597.634182987,24.901000870158896,119.46899758186191,54.42300243885256,3.655997716123238,202.4489986069966,1,1
1062,sign,32597.668643146,23.03099972778,422.99599954276346,134.25900033325888,3.321001713629812,583.6070013174322,1,1
1063,sign,32597.701190528,15.751000319141895,72.66799730132334,31.416002457262948,2.4219989427365363,122.25699902046472,1,1
1064,sign,32597.734849948,15.565001376671717,81.59799835993908,32.3370004480239,2.306001988472417,131.80600217310712,1,1
1065,sign,32597.768656503,20.35799843724817,95.9879980655387,45.49600271275267,3.083998308284208,164.92599752382375,1,1
1066,sign,32597.801366524,19.131999579258263,82.93900100397877,34.407999919494614,4.94499909109436,141.423999593826,1,1
1067,sign,32597.83275436,16.723999578971416,71.5730020601768,31.84799788868986,2.2860003809910268,122.43099990882911,1,1
1068,sign,32597.860956447,15.72499968460761,87.77000039117411,30.547002097591758,2.3600005079060793,136.40200268127955,1,1
1069,sign,32597.888570634,19.2299994523637,84.59400123683736,32.949999877018854,2.2719978005625308,139.04599836678244,1,1
1070,sign,32597.921219337,16.293000953737646,74.41100024152547,32.16099867131561,2.267999661853537,125.13299952843226,1,1
1071,sign,32597.951911826,15.313999028876424,70.06099986028858,58.37500066263601,3.9420010580215603,147.69200060982257,1,1
1072,sign,32597.979034023,16.001002222765237,70.087997301016,31.167000997811556,2.3120010155253112,119.5680015371181,1,1
1073,sign,32598.006660466,15.91700129210949,75.9149988880381,32.42599996156059,2.4140026653185487,126.67200280702673,1,1
1074,sign,32598.036332274,15.665998944314197,71.92699922597967,31.022998882690445,2.1980013116262853,120.8139983646106,1,1
1075,sign,32598.068753914,15.140998584683985,73.26099876081571,30.69000013056211,2.2419990273192525,121.33399650338106,1,1
1076,sign,32598.102797767,15.2060019900091,69.41199899301864,31.168001441983506,2.2479980543721467,118.0340004793834,1,1
1077,sign,32598.137217707,15.265999536495656,72.34599979710765,37.467001675395295,2.2319982235785574,127.31099923257716,1,1
1078,sign,32598.173016195,24.028999177971855,112.292000267189,42.98000203561969,3.2799980544950813,182.58099953527562,1,1
1079,sign,32598.205530003,23.513999622082338,109.94100011885166,55.64399907598272,4.026998794870451,193.12599761178717,1,1
1080,sign,32598.238408402,15.84699930390343,69.21299791429192,30.626000807387754,2.2269996406976134,117.91299766628072,1,1
1081,sign,32598.272199634,14.982000720920041,71.76199869718403,29.50799898826517,2.209999365732074,118.46199777210131,1,1
1082,sign,32598.305981458,15.694000467192382,78.66200030548498,31.593997846357524,2.2940002963878214,128.2439989154227,1,1
1083,sign,32598.338991587,22.230000467970967,73.77799920504913,113.03900100756437,3.3139986044261605,212.36099928501062,1,1
1084,sign,32598.367262912,15.03000021330081,68.20399721618742,30.69000013056211,2.1990017557982355,116.12299931584857,1,1
1085,sign,32598.395554065,15.423000149894506,69.67400258872658,31.27599848085083,2.3520005925092846,118.7250018119812,1,1
1086,sign,32598.422542713,14.905999705661088,67.34300040989183,33.297998015768826,2.325999957975,117.87299808929674,1,1
1087,sign,32598.45433593,16.531997971469536,69.18600047356449,29.077000363031402,2.177999704144895,116.97299851221032,1,1
1088,sign,32598.487419975,21.545998606598005,102.66200115438551,49.248999857809395,3.3149990485981107,176.77199866739102,1,1
1089,sign,32598.51592409,21.562998881563544,102.9940031003207,50.114998884964734,3.062999894609675,177.73500076145865,1,1
1090,sign,32598.544854067,23.233998945215717,110.52400077460334,57.842000387609005,3.3949982025660574,194.99499830999412,1,1
1091,sign,32598.574657055,24.807999579934403,112.38200022489764,55.363001592922956,3.9299993659369648,196.48300076369196,1,1
1092,sign,32598.60378325,38.539998058695346,148.65400225971825,66.18800034630112,4.682999133365229,258.06499979807995,1,1
1093,sign,32598.632506066,22.734002413926646,107.69700020318851,67.51399996574037,4.4529988372232765,202.3980014200788,1,1
1094,sign,32598.660909216,24.199998733820394,125.43699995148927,50.36700167693198,3.7899990275036544,203.7939993897453,1,1
1095,sign,32598.688122513,25.295001250924543,122.01800200273283,49.25099710817449,3.5390003176871687,200.10300067951903,1,1
1096,sign,32598.717670799,24.362998374272138,114.56799984443933,51.23099981574342,3.450000804150477,193.61199883860536,1,1
1097,sign,32598.747171467,21.2480008485727,86.73699994687922,103.31600060453638,4.027999239042401,215.3290006390307,1,1
1098,sign,32598.775375553,15.931000234559178,77.26400144747458,31.61999848089181,2.3850006982684135,127.20000086119398,1,1
1099,sign,32598.803710806,15.454999811481684,77.09299825364724,30.276998586487025,2.2660024114884436,125.09099906310439,1,1
1100,sign,32598.834046397,22.793999960413203,104.04599743196741,49.46600165567361,3.187000402249396,179.4929994503036,1,1
1101,sign,32598.862367614,20.93299917760305,96.96900087874383,49.3099978484679,3.07400114252232,170.2859990473371,1,1
1102,sign,32598.893705349,20.736999431392178,119.50800035265274,50.3209994349163,2.9949987947475165,193.56099801370874,1,1
1103,sign,32598.922365317,19.99199957936071,95.49099922878668,46.41399937099777,3.0030023481231183,164.90000052726828,1,1
1104,sign,32598.948880378,18.577000446384773,90.94399865716696,49.79599907528609,2.968001354020089,162.2849995328579,1,1
1105,sign,32598.977063034,15.929999790387228,72.52800060086884,32.01300205546431,2.3519969545304775,122.82299940125085,1,1
1106,sign,32599.004205468,23.0999976338353,101.16699922946282,935.3100031148642,4.671997885452583,1064.248997863615,1,1
1107,sign,32600.956469301,15.829999028937891,44.80700226849876,1.1939991964027286,37.30200114659965,99.13300164043903,2,1
1108,sign,32600.982614709,29.3200027954299,139.3489983456675,49.03200169792399,4.780999006470665,222.48200184549205,2,1
1109,sign,32601.011065004,24.5749979512766,78.57899981900118,29.957001970615238,2.958000550279394,136.06900029117242,2,1
1110,sign,32601.038730802,26.08599970699288,104.03000123915263,31.65499947499484,3.0910014174878597,164.8620018386282,2,1
1111,sign,32601.064668431,23.053999029798433,75.1469997339882,29.19200051110238,2.9910006560385227,130.38399993092753,2,1
1112,sign,32601.093700811,40.73099989909679,118.45499830087647,46.13599958247505,4.610999894794077,209.93299767724238,2,1
1113,sign,32601.12297241,24.378998205065727,135.5300009890925,48.44499926548451,5.222002073423937,213.5760005330667,2,1
1114,sign,32601.498645525,70.64600140438415,122.95199849177152,2.092001523124054,59.24099968979135,254.93100110907108,3,1
1115,sign,32601.525255646,82.34699998865835,206.52999955927953,56.003002100624144,6.488997314590961,351.368998963153,3,1
1116,sign,32601.902358009,31.108000257518142,80.12000034796074,32.38999852328561,3.5270022635813802,147.14500139234588,3,1
1117,sign,32601.93021806,54.10400262917392,129.6419977734331,49.17100159218535,5.650999810313806,238.56800180510618,3,1
1118,sign,32602.707767052,31.515999580733478,51.123999583069235,1.3999997463542968,32.99200034234673,117.03199925250374,4,1
1119,sign,32602.984550342,36.87999924295582,56.732002121862024,1.3589997251983732,33.956999686779454,128.92800077679567,5,1
1120,sign,32603.227807902,80.2489994384814,167.72399976616725,52.564999350579455,7.655002264073119,308.19300081930123,5,1
1121,sign,32603.254813991,85.48299956601113,160.28400204959325,60.38100036676042,7.456997991539538,313.60499997390434,5,1
1122,sign,32603.282695674,47.03699960373342,88.52600149111822,30.110000807326287,4.35399851994589,170.02700042212382,5,1
1123,sign,32603.30994369,45.849999878555536,113.31999849062413,32.07999907317571,4.581001121550798,195.83099856390618,5,1
1124,sign,32603.336023621,57.16099985875189,128.03800200344995,43.42299871495925,6.753998604835942,235.37599918199703,5,1
1125,sign,32603.3634653,46.6860001324676,92.84099724027328,32.49000292271376,4.465997335501015,176.48299763095565,5,1
1126,sign,32603.39149333,59.22199852648191,150.72600217536092,51.29999772179872,7.779999577905983,269.02799800154753,5,1
1127,sign,32603.552602095,74.13500134134665,183.91000048723072,77.33099846518598,13.484001101460308,348.86000139522366,4,1
1128,sign,32603.581819917,68.74999962747097,157.97800006112084,61.504000768763945,6.419999408535659,294.6519998658914,4,1
1129,sign,32603.611599091,40.50899951835163,88.74099876265973,33.39300019433722,4.23800156568177,166.88100004103035,4,1
1130,sign,32603.640778138,63.7379998806864,100.66100003314205,2.0890001906082034,52.90099943522364,219.3889995396603,5,1
1131,sign,32603.668414361,78.66099986131303,393.5960012313444,57.975998061010614,8.564999006921425,538.7979981605895,5,1
1132,sign,32603.695931971,78.96799797890708,130.50000052317046,48.22000119020231,7.080998329911381,264.7689980221912,5,1
1133,sign,32603.721575476,73.52199827437289,122.04200174892321,45.862998376833275,6.779002433177084,248.20600083330646,5,1
1134,sign,32603.750169221,81.95400005206466,136.44700084114447,52.48700108495541,12.426000466803089,283.3140024449676,4,1
1135,sign,32603.776417321,65.30899918288924,126.05699885170907,161.70500020962209,6.304999260464683,359.3759975046851,4,1
1136,sign,32603.806640452,63.10699973255396,122.34200039529242,48.277001042151824,6.163998477859423,239.88999964785762,4,1
1137,sign,32603.834904251,60.92599869589321,123.17299842834473,46.95300231105648,6.024998583598062,237.07699801889248,4,1
1138,sign,32603.86170017,59.141999372513965,112.46400026720949,46.23499989975244,9.562001650920138,227.40300119039603,3,1
1139,sign,32603.893183293,52.310002502053976,121.09199815313332,346.9010007393081,5.719997716369107,526.0229991108645,3,1
1140,sign,32603.920449335,48.38699896936305,112.72800111328252,47.25100006908178,10.177998774452135,218.54399892617948,2,1
1141,sign,32603.950451937,35.00900129438378,106.23900016071275,47.372999688377604,4.241999704390764,192.8630008478649,2,1
1142,sign,32603.978232769,33.12799890409224,106.9270001607947,45.54699989967048,4.093999450560659,189.69599841511808,2,1
1143,sign,32604.005798292,34.05800089240074,102.30999760096893,45.53400140139274,4.0859995351638645,185.98799942992628,2,1
1144,sign,32604.034151246,37.5359995814506,111.08300168416463,49.99799784854986,4.351000825408846,202.96799993957393,2,1
1145,sign,32604.063917482,35.69100226741284,112.47599832131527,33.04799975012429,3.992001438746229,185.20700177759863,2,1
1146,sign,32604.091842293,23.90200097579509,76.59499897272326,30.950999644119292,3.0320006771944463,134.4800002698321,2,1
1147,sign,32604.119845698,23.52100273128599,73.440998676233,31.88499977113679,2.9229995561763644,131.77000073483214,2,1
1148,sign,32604.149127623,36.235000152373686,101.74699855269864,32.59699951740913,3.965000360039994,174.54399858252145,2,1
1149,sign,32604.182012442,30.798000807408243,89.34299694374204,30.28799983439967,3.4140030038543046,153.84300058940426,2,1
1150,sign,32604.21312614,25.7419997069519,81.22200233628973,33.038999390555546,3.0810006137471646,143.08400204754435,2,1
1151,sign,32604.241354911,22.360000002663583,75.2280029701069,29.43599974969402,2.839999069692567,129.86400179215707,2,1
1152,sign,32604.268842924,23.200998839456588,76.36000009370036,29.553000786108896,2.840999513864517,131.95499923313037,2,1
1153,sign,32604.297260265,40.36799873574637,131.7000023846049,48.07699951925315,4.820998583454639,224.96599922305904,2,1
1154,sign,32604.325458406,39.77799860876985,118.86100037372671,750.281000364339,6.349997420329601,915.2699967671651,2,1
1155,sign,32604.356177011,23.684002371737733,77.65400005155243,29.757997253909707,3.0379997042473406,134.1339993814472,2,1
1156,sign,32604.383855433,22.939999325899407,73.34800102398731,29.3160010187421,2.9479997465386987,128.5520011151675,2,1
1157,sign,32604.414149261,44.64299854589626,164.7340031922795,55.12099960469641,4.19799835071899,268.69599969359115,2,1
1158,sign,32604.442816903,44.70000203582458,135.50999938161112,59.25499863224104,4.711000656243414,244.17600070592016,2,1
1159,sign,32604.474197459,40.41200008941814,147.13400014443323,67.08200089633465,6.357000529533252,260.9850016597193,2,1
1160,sign,32604.503083448,23.734002752462402,80.60300024226308,32.359999750042334,2.977998519781977,139.6750012645498,2,1
1161,sign,32604.530099651,24.029999622143805,77.89799929014407,29.864000680390745,2.902997948694974,134.6949975413736,2,1
1162,sign,32604.561393733,24.8869982897304,79.57599882502109,32.676001865183935,3.0089977371972054,140.14799671713263,2,1
1163,sign,32604.589837536,40.42000000481494,115.56599929463118,1069.1329989640508,7.546001143055037,1232.664999406552,2,1
1164,sign,32604.620462219,23.790998966433108,76.18100062245503,29.59099947474897,2.8670001483988017,132.4299992120359,2,1
1165,sign,32604.649143029,23.855998733779415,78.80799967097118,31.59100015182048,3.0139999580569565,137.26899851462804,2,1
1166,sign,32604.680782906,42.76299659977667,157.5599999341648,60.864000261062756,6.2060025811661035,267.39299937617034,2,1
1167,sign,32604.714126496,39.896000089356676,136.76500020665117,57.17399835702963,4.9150003178510815,238.74999897088856,2,1
1168,sign,32604.748851352,24.49000021442771,85.43399962945841,33.44099968671799,3.07400114252232,146.43900067312643,2,1
1169,sign,32604.783555666,22.784999600844458,75.34299948019907,31.231000320985913,2.926000888692215,132.28500029072165,2,1
1170,sign,32604.814241667,38.972997572273016,137.76600098935887,46.592998842243105,4.416000592755154,227.74799799663015,1,1
1171,sign,32604.842366076,14.80399805586785,70.32600115053356,30.282000807346776,2.344997483305633,117.75699749705382,1,1
1172,sign,32604.871493058,17.62300234986469,72.9649982531555,32.99300078651868,2.3659995349589735,125.94700092449784,1,1
1173,sign,32604.900525163,14.844998077023774,67.98100002924912,30.81000249949284,2.229997335234657,115.86599794100039,1,1
1174,sign,32604.929804932,37.570000131381676,138.7940028507728,66.16099926759489,4.339999577496201,246.86500182724558,1,1
1175,sign,32604.961560626,25.44299786677584,115.71299910428934,55.17000317922793,3.540997568052262,199.86699771834537,1,1
1176,sign,32604.989285587,24.20100281597115,118.21599764516577,231.9939994777087,3.3890028134919703,377.8000027523376,1,1
1177,sign,32605.017082756,35.41000114637427,120.44699906255119,38.65899998345412,3.764002030948177,198.28000222332776,1,1
1178,sign,32605.044430769,35.21799953887239,119.60199844907038,33.73399886186235,2.9080001695547253,191.46199701935984,1,1
1179,sign,32605.073629053,49.33899981551804,183.4659997257404,129.80700194020756,4.781999450642616,367.3940009321086,1,1
1180,sign,32605.105898397,41.15699994144961,144.13000099011697,37.52200063900091,3.3869982871692628,226.19599985773675,1,1
1181,sign,32605.137588504,38.80599979311228,125.27700164355338,36.56699846033007,2.873999619623646,203.52399951661937,1,1
1182,sign,32605.165961508,35.10200258460827,131.70300007914193,35.28699744492769,2.9520015232264996,205.0440016319044,1,1
1183,sign,32605.193313614,65.3610004519578,222.9530000477098,78.43500134185888,5.816000339109451,372.56500218063593,1,1
1184,sign,32605.223935912,37.188001442700624,141.5149999957066,39.79999746661633,3.2660027500241995,221.76900165504776,1,1
1185,sign,32605.258536045,57.31800047215074,198.85599976987578,59.39100083196536,5.7729994296096265,321.3380005036015,1,1
1186,sign,32605.287260419,36.56999979284592,124.4489976670593,37.311001506168395,3.0570008675567806,201.3869998336304,1,1
1187,sign,32605.314740679,37.26299837580882,122.65300028957427,36.74500112538226,2.986998879350722,199.64799867011607,1,1
1188,sign,32605.343727876,54.945001465966925,186.05399964144453,402.1809982077684,5.175999831408262,648.3559991465881,1,1
1189,sign,32605.375809107,51.21999856783077,128.01399861928076,47.39799987873994,3.4620024962350726,230.09399956208654,1,1
1190,sign,32605.407337094,39.484002627432346,124.34899690560997,37.86000161198899,2.9940019885543734,204.68700313358568,1,1
1191,sign,32605.435032822,36.23200245783664,123.54799764580093,35.294000554131344,3.0570008675567806,198.1310015253257,1,1
1192,sign,32605.461291261,38.45100218313746,124.16399840731174,34.87199865048751,3.1939998734742403,200.68099911441095,1,1
1193,sign,32605.491383357,55.71500150836073,198.55099890264682,71.85600043158047,6.212001608218998,332.334002450807,1,1
1194,sign,32605.523157834,38.43300146399997,122.47199992998503,36.98699947563,2.9100010578986257,200.80200192751363,1,1
1195,sign,32605.55302197,35.64899816410616,156.22600039932877,34.5029984600842,3.7330028135329485,230.11099983705208,1,1
1196,sign,32605.580873844,52.05500201554969,195.723998331232,60.723999922629446,4.773999535245821,313.27699980465695,1,1
1197,sign,32605.612794679,52.00400119065307,192.22799892304465,45.466000301530585,3.9229998947121203,293.6210003099404,1,1
1198,sign,32605.640043826,50.30600004829466,172.381001902977,68.69400021969341,7.329999789362773,298.71100196032785,1,1
1199,sign,32605.666867775,39.55500142183155,80.13000115170144,1.3159988156985492,52.58899909676984,173.59000048600137,2,1
1200,sign,32605.694823595,50.66100129624829,171.03099889936857,36.67800046969205,4.277997504686937,262.64799816999584,2,1
1201,sign,32605.72031409,43.610001739580184,127.49899906339124,38.144000427564606,3.736000508069992,212.98900173860602,2,1
1202,sign,32605.749838433,57.859000662574545,152.32100122375414,39.86799856647849,3.8469988794531673,253.89499933226034,2,1
1203,sign,32605.778028913,42.05300137982704,129.4389985559974,36.53400199254975,3.7009995139669627,211.72700144234113,2,1
1204,sign,32605.807040555,61.492002714658156,192.0119975693524,56.888002291088924,5.458998202811927,315.8510007779114,2,1
1205,sign,32605.83470206,53.484000090975314,170.31499737640843,53.466999816009775,5.373000021791086,282.6389973051846,2,1
1206,sign,32605.86132639,69.21599924680777,203.83200171636418,59.45599696133286,6.887003110023215,339.391001034528,2,1
1207,sign,32605.891966917,60.25000038789585,139.07299944548868,36.18700065999292,4.009001713711768,239.51900220708922,2,1
1208,sign,32605.919366991,69.51300019863993,203.43100186437368,158.582999574719,6.30200156592764,437.82900320366025,2,1
1209,sign,32605.949132457,54.38899825094268,170.62700135284103,53.68699930841103,4.864999937126413,283.56799884932116,2,1
1210,sign,32605.97639308,48.469999455846846,161.10300202853978,53.446998208528385,4.479999915929511,267.4999996088445,2,1
1211,sign,32606.004712525,57.135002862196416,169.10199701669626,50.46100341132842,5.219997547101229,281.9180008373223,2,1
1212,sign,32606.032371808,56.34400076814927,174.406999576604,53.56199835659936,5.263002094579861,289.5760007959325,2,1
1213,sign,32606.060074167,67.52600165782496,179.78400137508288,54.77199738379568,6.058002327335998,308.1400027440395,2,1
1214,sign,32606.087382333,53.85400072555058,171.2259982014075,50.84300210000947,5.376998160500079,281.2999991874676,2,1
1215,sign,32606.113674093,49.26199835608713,156.72000154154375,50.97299799672328,5.195000994717702,262.14999888907187,2,1
1216,sign,32606.141977878,109.82499952660874,195.90800002333708,60.742000641766936,5.992998922010884,372.46799911372364,2,1
1217,sign,32606.175037133,55.909997172420844,143.94300160347484,35.68299871403724,4.084999090991914,239.62099658092484,2,1
1218,sign,32606.41325355,70.88500206009485,115.82299703150056,1.94800304598175,53.759998991154134,242.4160011287313,3,1
1219,sign,32606.440077394,72.30600022012368,250.47400049516,63.06100112851709,7.202997949207202,393.04399979300797,3,1
1220,sign,32606.547442635,84.99300020048395,232.0949970453512,76.20399992447346,10.059000487672165,403.35099765798077,3,1
1221,sign,32606.574511682,81.28300032694824,200.0700005737599,55.28199835680425,7.107002602424473,343.74200185993686,3,1
1222,sign,32606.601108773,71.44499977584928,176.38400095165707,51.60399814485572,6.062000466044992,305.49499933840707,3,1
1223,sign,32606.628294499,62.0339997112751,163.15299944835715,49.13399970973842,5.7779980124905705,280.09899688186124,3,1
1224,sign,32606.65337936,61.329999880399555,158.36899910937063,47.84200064023025,5.779002094641328,273.32000172464177,3,1
1225,sign,32606.680845484,115.8519989985507,256.5650029282551,63.13399717328139,6.723999831592664,442.2749989316799,3,1
1226,sign,32606.708237114,70.1000026310794,192.02999828848988,57.442000979790464,6.873000529594719,326.44500242895447,3,1
1227,sign,32606.735059749,56.108001444954425,141.1809971614275,34.150001738453284,4.702000296674669,236.1410006415099,3,1
1228,sign,32606.761330435,62.36299668671563,144.24900291487575,34.90900053293444,4.248999175615609,245.76999931014143,3,1
1229,sign,32606.786554565,49.73200339009054,126.12499995157123,32.79799784650095,3.893001121468842,212.54800230963156,3,1
1230,sign,32606.815563804,87.42299905861728,229.0900010848418,73.50899977609515,8.522998541593552,398.54499846114777,3,1
1231,sign,32606.842721499,49.528000090504065,133.3069994871039,34.444001357769594,4.035999154439196,221.31500008981675,3,1
1232,sign,32606.869363188,56.11300002783537,140.08299694978632,34.22700319788419,4.363999323686585,234.78699949919246,3,1
1233,sign,32606.896062276,54.88700116984546,134.63900177157484,34.43300010985695,4.104997060494497,228.06400011177175,3,1
1234,sign,32606.921622504,115.3919984062668,320.0750034011435,84.6799994178582,9.372997737955302,529.5199989632238,3,1
1235,sign,32606.948060327,50.61800038674846,136.44399950862862,34.41800072323531,3.983001079177484,225.46300169778988,3,1
1236,sign,32606.974206695,56.75800275639631,139.9590000801254,35.818000469589606,4.7339999582618475,237.26900326437317,3,1
1237,sign,32607.000609896,61.66499952087179,140.67300071474165,35.36999793141149,4.516001354204491,242.22399952122942,3,1
1238,sign,32607.027299755,53.2710000697989,136.31700130645186,34.9729998561088,8.025999704841524,232.58700093720108,2,1
1239,sign,32607.052889258,41.32200047024526,131.70799866202287,34.40000000409782,3.6179990274831653,211.04799816384912,2,1
1240,sign,32607.079903798,65.3690003673546,197.92799866991118,58.172001445200294,6.792000931454822,328.2610014139209,1,1
1241,sign,32607.107449289,53.69100108509883,179.9889978428837,52.55799987935461,4.762001481140032,291.00000028847717,1,1
1242,sign,32607.135856955,35.558001400204375,129.9559990002308,34.914999559987336,3.4049990063067526,203.83399896672927,1,1
1243,sign,32607.162028216,34.979999327333644,122.40700016263872,36.407000152394176,2.9610018827952445,196.7550015251618,1,1
1244,sign,32607.187210508,33.23900091345422,117.8739985334687,35.66899977158755,3.0529990908689797,189.83499830937944,1,1
1245,sign,32607.215145437,52.37400182522833,174.28699720767327,683.7889995949809,5.317000614013523,915.766999241896,1,1
1246,sign,32607.242280315,42.55800013197586,579.2439987999387,51.07200195197947,4.674999217968434,677.5490001018625,1,1
1247,sign,32607.270424574,42.61300273356028,124.8319967999123,36.38900307123549,3.086999640800059,206.92100224550813,1,1
1248,sign,32607.297171453,35.274999390821904,125.20100062829442,33.58799949637614,3.4479999158065766,197.51199943129905,1,1
1249,sign,32607.322808995,32.035000913310796,120.5000007757917,33.40499824844301,3.121000190731138,189.06100012827665,1,1
1250,sign,32607.350051985,52.26900248089805,167.7389991527889,92.40800136467442,4.388999514048919,316.8050025124103,1,1
1251,sign,32607.3770668,50.03399928682484,179.75900118472055,80.88599861366674,5.219000740908086,315.8979998261202,1,1
1252,sign,32607.404332463,39.15300112566911,124.67699707485735,36.71500235213898,3.1140007195062935,203.65900127217174,1,1
1253,sign,32607.43059166,49.59600119036622,182.04500156571157,58.151999837718904,4.211997293168679,294.0049998869654,1,1
1254,sign,32607.456435956,79.91600068635307,210.0710007653106,39.27400030079298,3.806999302469194,333.06800105492584,1,1
1255,sign,32607.483393841,46.69400004786439,133.1370003754273,37.32599725481123,3.730001481017098,220.88699915912002,1,1
1256,sign,32607.509878791,40.24599911645055,137.99100270261988,37.146997783565894,3.4330005291849375,218.81700013182126,1,1
1257,sign,32607.536154567,35.121000109938905,129.44000263814814,35.67999738152139,3.1650015444029123,203.40600167401135,1,1
1258,sign,32607.562685635,32.833002478582785,119.6550001623109,37.08699659910053,2.996002876898274,192.5710021168925,1,1
1259,sign,32607.592697713,46.95600000559352,164.55099830636755,51.5690007887315,4.273999365977943,267.3499984666705,1,1
1260,sign,32607.620652776,40.43700027978048,128.97199849248864,35.58599928510375,3.221000952180475,208.21599900955334,1,1
1261,sign,32607.646030635,43.00899672671221,126.6409999516327,36.23600059654564,4.606001311913133,210.49199858680367,1,1
1262,sign,32607.671881944,45.02800220507197,132.69400005810894,37.33899939106777,2.8670001483988017,217.9280018026475,1,1
1263,sign,32607.698221679,34.6630004059989,123.66400187602267,35.71799970814027,3.020999429281801,197.06600141944364,1,1
1264,sign,32607.724596756,71.15900007192977,493.06799701298587,67.6320014463272,5.51799894310534,637.3769974743482,1,1
1265,sign,32607.753394503,51.73699901206419,175.05000141682103,57.32199861085974,5.022000550525263,289.1309995902702,1,1
1266,sign,32607.779321875,37.91199924307875,124.63299935916439,37.66100053326227,3.2370007829740644,203.44299991847947,1,1
1267,sign,32607.80525227,38.79399810102768,119.96600005659275,35.91600034269504,2.921999112004414,197.5979976123199,1,1
1268,sign,32607.831829601,31.01900074398145,119.32599954889156,44.60999844013713,3.48799949279055,198.4429982258007,1,1
1269,sign,32607.858082212,39.634000131627545,123.55500075500458,33.60200207680464,3.1469971872866154,199.93800015072338,1,1
1270,sign,32607.885335138,40.050999814411625,131.40400187694468,35.28399975039065,3.0279989005066454,209.7670003422536,1,1
1271,sign,32607.914333353,41.26599742448889,126.66000111494213,36.80300142150372,3.2370007829740644,207.9660007439088,1,1
1272,sign,32607.940883344,37.173002056078985,130.8939972659573,35.04900087136775,3.016000846400857,206.1320010398049,1,1
1273,sign,32607.967720298,33.718002669047564,121.33099880884402,39.19300070265308,2.967997716041282,197.20999989658594,1,1
1274,sign,32607.992863423,44.00400212034583,154.66100012417883,39.7000003431458,3.589000698411837,241.9540032860823,1,1
1275,sign,32608.018951343,59.4729972362984,179.9020028556697,55.999997130129486,5.354002496460453,300.72899971855804,1,1
1276,sign,32608.045144524,36.02799915825017,123.72300261631608,36.4419975085184,2.791999577311799,198.98499886039644,1,1
1277,sign,32608.071227684,46.496003051288426,134.84999726642855,39.38200097763911,3.23100175592117,223.95900305127725,1,1
1278,sign,32608.097516451,37.41100226761773,121.06299982406199,36.459001421462744,2.826996933436021,197.7600004465785,1,1
1279,sign,32608.122570506,34.65200279606506,119.96799730695784,34.95500277495012,2.9039983928669244,192.47900127083994,1,1
1280,sign,32608.149200311,38.440000935224816,126.56800026888959,33.74399966560304,3.5390003176871687,202.29100118740462,1,1
1281,sign,32608.178092301,36.908000765834004,124.49299902073108,36.34499807958491,3.192002623109147,200.93800048925914,1,1
1282,sign,32608.209352965,37.752997741336,126.18300024769269,37.93900032178499,2.911001502070576,204.78599981288426,1,1
1283,sign,32608.240746879,37.90499977185391,135.36400001612492,36.61599839688279,2.926000888692215,212.81099907355383,1,1
1284,sign,32608.272275119,53.968997235642746,171.02700076065958,39.32999970857054,3.4580007195472717,267.78399842442013,1,1
1285,sign,32608.302375086,52.285999117884785,163.7479981582146,37.36900180228986,3.425000613788143,256.8279996921774,1,1
1286,sign,32608.330162317,57.86499968962744,178.6379980330821,54.22500180429779,4.470999556360766,295.1989990833681,1,1
1287,sign,32608.35697838,46.58699981519021,169.00799892027862,55.85100007010624,4.110999725526199,275.55699853110127,1,1
1288,sign,32608.382531307,43.33999822847545,163.7009991100058,51.63600144442171,4.276000254321843,262.9529990372248,1,1
1289,sign,32608.411942265,52.52299888525158,188.37199968402274,60.57000064174645,5.351001163944602,306.81600037496537,1,1
1290,sign,32608.439986783,56.261000281665474,171.10800035879947,51.61900116945617,4.296998667996377,283.2850004779175,1,1
1291,sign,32608.468596539,41.907998820533976,132.11400073487312,36.547000490827486,3.3759970392566174,213.9449970854912,1,1
1292,sign,32608.496794994,44.58799958229065,174.42600073991343,57.578999985707924,4.19799835071899,280.790998658631,1,1
1293,sign,32608.523412951,34.24500027904287,118.54600234073587,37.30099706444889,2.9240000003483146,193.01599968457595,1,1
1294,sign,32608.551937733,47.24600148620084,123.13299885136075,2.243999915663153,61.662001826334745,234.2850020795595,2,1
1295,sign,32608.578399581,71.85499998740852,149.38899767003022,38.67700070259161,4.520999937085435,264.4419982971158,2,1
1296,sign,32608.605891919,49.61699960404076,148.7219997216016,41.59400123171508,4.37600101577118,244.30900157312863,2,1
1297,sign,32608.632321623,43.32299795350991,129.04500181321055,36.113000533077866,3.5569973988458514,212.03799769864418,2,1
1298,sign,32608.657808773,47.73099863086827,136.07000073534437,46.00999818649143,3.8230027712415904,233.63400032394566,2,1
1299,sign,32608.687205869,61.817001551389694,196.8670003407169,76.96600005147047,6.0300008044578135,341.6800027480349,2,1
1300,sign,32608.713391228,67.1579982736148,189.5910027087666,82.17699723900296,6.747999577783048,345.6739977991674,2,1
1301,sign,32608.820985096,67.96099842176773,184.44600209477358,84.01499871979468,6.086000212235376,342.50799944857135,2,1
1302,sign,32608.849249771,66.79800208075903,180.33599917544052,51.07000106363557,5.409998266259208,303.61400058609433,2,1
1303,sign,32608.877593724,46.08900053426623,126.58700143219903,35.00800085021183,3.9329970604740083,211.6169998771511,2,1
1304,sign,32608.903839203,62.35999899217859,186.645000212593,58.46099884365685,5.9730009525083005,313.43899900093675,2,1
1305,sign,32608.931918475,65.02100222860463,214.3460005754605,65.07799844257534,6.7590008256956935,351.20400207233615,2,1
1306,sign,32608.964415635,67.2959977237042,187.90800095302984,54.768999689258635,6.084999768063426,316.0579981340561,2,1
1307,sign,32608.994370397,62.99300002865493,177.3470030457247,53.00299744703807,5.302001227391884,298.6450017488096,2,1
1308,sign,32609.020898264,51.73799945623614,168.91999985091388,50.09100277675316,5.382997187552974,276.13199927145615,2,1
1309,sign,32609.047385015,48.39399844058789,147.6639990869444,48.84300142293796,5.334000888979062,250.2349998394493,2,1
1310,sign,32609.074486014,64.11499998648651,176.6519999364391,53.47700061975047,5.276997399050742,299.5209979417268,2,1
1311,sign,32609.105069779,44.30899934959598,127.37799988826737,35.968998417956755,4.019999323645607,211.6759969794657,2,1
1312,sign,32609.134404318,47.372999688377604,124.34800009941682,1.5859986888244748,34.64200199232437,207.94900046894327,3,1
1313,sign,32609.160469652,51.887000154238194,155.89599934173748,32.50900044804439,4.403998900670558,244.69599884469062,3,1
1314,sign,32609.187234099,65.60499969054945,159.01100050541572,32.60999801568687,4.453999281395227,261.67999749304727,3,1
1315,sign,32609.215851935,54.8979987797793,166.1589994910173,34.240001696161926,4.126999556319788,259.4239995232783,3,1
1316,sign,32609.241273703,78.43800267437473,221.61699962452985,58.290999731980264,10.88199860532768,369.2280006362125,3,1
1317,sign,32609.267784475,80.4270021035336,237.79399998602457,52.63299681246281,6.977003067731857,377.83100196975283,3,1
1318,sign,32609.294382789,67.10999878123403,207.29199968627654,48.86199894826859,6.108002708060667,329.3720001238398,3,1
1319,sign,32609.321372978,70.24300066404976,202.90699831093661,35.20000245771371,4.767000064020976,313.11700149672106,3,1
1320,sign,32609.350040446,55.135002185124904,154.5369996165391,34.7339992003981,3.869001375278458,248.27500237734057,3,1
1321,sign,32609.375281537,57.81400250270963,163.0949991522357,39.40299939131364,4.5720007619820535,264.884001808241,3,1
1322,sign,32609.401280769,56.326996855204925,161.58500147867016,36.67200144263916,4.546000127447769,259.129999903962,3,1
1323,sign,32609.427807813,53.46999751054682,165.69000217714347,34.371998481219634,4.494002496358007,258.02600066526793,3,1
1324,sign,32609.453109595,48.968999180942774,149.23799972166307,33.076001273002476,4.172998160356656,235.45599833596498,3,1
1325,sign,32609.480042354,65.11399988085032,175.64600057085045,36.04800076573156,4.326997441239655,281.134998658672,3,1
1326,sign,32609.506385008,57.95199831482023,162.91800056933425,36.0590020136442,4.327997885411605,261.2569987832103,3,1
1327,sign,32609.614513215,86.94699863553979,126.51799988816492,2.182001480832696,57.64399975305423,273.29099975759163,4,1
1328,sign,32609.64037356,96.60700015956536,233.56100064120255,81.52200098265894,17.05699833109975,428.7470001145266,3,1
1329,sign,32609.669066063,55.25199958356097,160.2949996595271,35.660999856190756,4.2100000428035855,255.4179991420824,3,1
1330,sign,32609.696150079,50.556001951918006,154.81000082218088,32.885000109672546,4.359997546998784,242.61100043077022,3,1
1331,sign,32609.722099042,52.341001719469205,165.97099966020323,37.02200046973303,4.5769993448629975,259.91100119426847,3,1
1332,sign,32609.750441067,58.228997659171,162.55500304396264,35.539000236894935,4.392997652757913,260.7159985927865,3,1
1333,sign,32609.778388681,94.79800064582378,220.9349986515008,53.60300201573409,6.695998308714479,376.03199962177314,3,1
1334,sign,32609.805927491,55.37999822990969,168.8960001047235,35.799999750452116,4.761001036968082,264.8369991220534,3,1
1335,sign,32609.832675904,53.63099990063347,154.81000082218088,35.09299858706072,4.422003257786855,247.95600256766193,3,1
1336,sign,32609.857772713,49.01500142295845,147.75700037716888,37.10599776240997,3.8280013541225344,237.70600091665983,3,1
1337,sign,32609.884916196,83.08900214615278,234.35599723597988,54.771000577602535,6.8780027504544705,379.09400271018967,3,1
1338,sign,32609.912472466,80.54499994614162,214.05400184448808,55.20699778571725,6.443999154726043,356.249998731073,3,1
1339,sign,32609.939039722,66.27699985983782,199.27299945265986,50.03499973099679,6.436999683501199,322.02199872699566,3,1
1340,sign,32609.965084662,61.779999668942764,187.95100186252967,48.70300108450465,5.589998181676492,304.02400079765357,3,1
1341,sign,32609.990087019,62.58899884414859,187.79600213747472,48.10999962501228,5.55600126972422,304.0510018763598,3,1
1342,sign,32610.01882848,71.14900290616788,216.88599736080505,50.68000245955773,6.102000043028966,344.8170027695596,3,1
1343,sign,32610.047887077,86.27799979876727,243.63300326513126,54.53599806060083,6.959999154787511,391.4070002792869,3,1
1344,sign,32610.074489096,53.018000471638516,148.7239969719667,34.03300070203841,3.9670012483838946,239.74199939402752,3,1
1345,sign,32610.100644958,59.47999670752324,160.7750018592924,34.69899820629507,6.928003131179139,261.88199990428984,3,1
1346,sign,32610.125662969,56.97999949916266,168.5800016275607,34.43699824856594,4.830999387195334,264.82799876248464,3,1
1347,sign,32610.152485898,105.53999891271815,294.1509992524516,54.42499968921766,6.59800207358785,460.71399992797524,3,1
1348,sign,32610.178520359,57.27099778596312,164.301000040723,32.833002478582785,4.327997885411605,258.7329981906805,3,1
1349,sign,32610.206059973,54.60100146592595,155.75900033582002,35.01299943309277,5.138997948961332,250.51199918380007,2,1
1350,sign,32610.233717557,64.96400237665512,227.40799977327697,61.24900028225966,5.836998752783984,359.4580011849757,2,1
1351,sign,32610.260681006,69.37000216566958,243.79499882343225,58.66400169907138,5.875997885596007,377.7050005737692,2,1
1352,sign,32610.288947581,46.16599835571833,158.17900202819146,34.31799996178597,4.120000085094944,242.7830004307907,2,1
1353,sign,32610.315983221,56.69899837812409,155.99100152030587,34.57699858699925,3.9389997255057096,251.20599821093492,2,1
1354,sign,32610.342734005,50.115999329136685,107.05100066843443,1.3620010577142239,38.3059996238444,196.83500067912973,3,1
1355,sign,32610.369395422,50.137001380790025,131.08599887345918,34.7339992003981,4.23700112150982,220.19400057615712,3,1
1356,sign,32610.395469414,57.79300045105629,655.5539985129144,85.89999924879521,9.011000656755641,808.2579988695215,3,1
1357,sign,32610.423296362,85.04499783157371,200.6290014833212,60.580998251680285,6.908001523697749,353.16299909027293,3,1
1358,sign,32610.448644886,79.33799861348234,187.80900063575245,57.10600089514628,8.005998097360134,332.2589982417412,3,1
1359,sign,32610.476050929,79.76400229381397,227.93899915996008,54.89899922395125,11.412001185817644,374.01400186354294,2,1
1360,sign,32610.503287786,57.42000212194398,175.74999947100878,50.10599852539599,4.986999556422234,288.262999674771,2,1
1361,sign,32610.530966454,79.29699859232642,195.69100186345167,58.88699888600968,6.428999768104404,340.3039991098922,2,1
1362,sign,32610.55898699,70.98200148902833,190.73699877480976,57.29600161430426,9.944000339601189,328.95900221774355,2,1
1363,sign,32610.586454667,47.8329966426827,131.6030029556714,37.09399970830418,4.074998287251219,220.6049975939095,2,1
1364,sign,32610.613193805,47.568002628395334,130.8049977524206,37.345002056099474,3.630000719567761,219.34800315648317,2,1
1365,sign,32610.638379838,45.425997086567804,127.15500270132907,36.094999813940376,3.46999877365306,212.1459983754903,2,1
1366,sign,32610.665736172,67.89700273657218,204.26299670361914,275.5740024440456,6.615999154746532,554.3500010389835,2,1
1367,sign,32610.697198476,56.03500176221132,178.56200065580197,53.57799818739295,5.333000444807112,293.50800105021335,2,1
1368,sign,32610.724524965,63.21199907688424,185.62100012786686,54.91800038726069,6.017999112373218,309.768998704385,2,1
1369,sign,32610.751034567,52.61199839878827,168.25000056996942,50.012000428978354,5.0439994083717465,275.9179988061078,2,1
1370,sign,32610.776380863,47.217999963322654,150.31899965833873,47.50199877889827,4.442001227289438,249.4809996278491,2,1
1371,sign,32610.804708305,62.08899867488071,181.91900016972795,64.01000064215623,5.914000212214887,313.9319996989798,2,1
1372,sign,32610.832171245,63.17399675026536,224.78700338979252,65.64599971170537,5.890997272217646,359.4979971239809,2,1
1373,sign,32610.859336671,64.57599738496356,181.34700076188892,54.333999287337065,5.878002411918715,306.13499984610826,2,1
1374,sign,32610.886998502,71.3420013198629,177.99600027501583,57.200999435735866,5.781999789178371,312.32100081979297,2,1
1375,sign,32610.913550564,70.70299761835486,198.84100038325414,57.288001698907465,6.24599852017127,333.07799822068773,2,1
1376,sign,32610.941902463,65.42000119225122,191.2099978653714,58.04200191050768,6.359998224070296,321.0319991922006,2,1
1377,sign,32610.969488038,53.599997045239434,174.58600268582813,52.699997468153015,5.402001988841221,286.2879991880618,2,1
1378,sign,32610.996119707,65.27200093842112,185.41799727245234,52.97700045048259,5.860001692781225,309.5270003541373,2,1
1379,sign,32611.022774877,55.925997003214434,185.66300059319474,51.786002586595714,5.579997377935797,298.9549975609407,1,1
1380,sign,32611.048387944,35.1999988197349,122.0580015797168,36.214998544892296,3.3239994081668556,196.79699835251085,1,1
1381,sign,32611.076385997,59.6329991822131,182.9570028348826,53.33199806045741,5.009002052247524,300.9310021298006,1,1
1382,sign,32611.103872387,44.39599797478877,136.23100312543102,37.8400000045076,3.692999598570168,222.16000070329756,1,1
1383,sign,32611.133093881,36.36200199252926,130.96999828121625,34.69800140010193,2.9229995561763644,204.9530012300238,1,1
1384,sign,32611.159412121,36.86800118885003,122.65999976079911,36.509998608380556,3.3290016290266067,199.3670011870563,1,1
1385,sign,32611.184320759,39.37799920095131,133.47800268093124,34.493998100515455,3.2080024539027363,210.55800243630074,1,1
1386,sign,32611.210266428,38.74400135828182,136.61699995282106,37.445999623741955,3.3010001061484218,216.10800104099326,1,1
1387,sign,32611.237496065,44.93599772104062,175.51900236867368,674.1409997630399,3.9849983295425773,898.5809981822968,1,1
1388,sign,32611.38901836,33.71200000401586,162.4349970370531,52.91900015436113,4.2909996409434825,253.35699683637358,1,1
1389,sign,32611.415858,42.89299977244809,170.66800137399696,52.270999731263146,3.817000106209889,269.6490009839181,1,1
1390,sign,32611.440853792,43.01599983591586,155.9690026624594,49.02499858872034,4.140998498769477,252.15099958586507,1,1
1391,sign,32611.468545162,54.1320005140733,181.56100122723728,57.827001000987366,4.94699997943826,298.4670027217362,1,1
1392,sign,32611.495888401,50.132999604102224,179.08700101543218,72.39299884531647,5.129000783199444,306.7420002480503,1,1
1393,sign,32612.949951707,36.50399958132766,106.26400035107508,1.6730009519960731,38.25900057563558,182.7000014600344,2,1
1394,sign,32612.976716431,39.1610010410659,187.53599943011068,216.53799922205508,5.070000042906031,448.3049997361377,2,1
1395,sign,32613.326029448,53.86700286180712,173.58799959765747,52.20799721428193,5.263002094579861,284.9260017683264,2,1
1396,sign,32613.350077008,59.327001508791,190.63899890170433,73.75600034720264,6.09099879511632,329.8129995528143,2,1
1397,sign,32613.374922339,56.87500015483238,174.42500029574148,45.778000639984384,5.352998414309695,282.43099950486794,2,1
1398,sign,32613.400446672,52.53500057733618,162.07099906750955,45.136999688111246,4.745001206174493,264.48800053913146,2,1
1399,sign,32613.424536074,70.42300057946704,173.95699978806078,45.017000957159325,4.700999852502719,294.0980011771899,2,1
1400,sign,32613.448888733,56.51600076816976,173.05499932263047,47.130997700151056,5.2800023695454,281.9820001604967,2,1
1401,sign,32613.474713353,67.61099939467385,192.19800014980137,74.54500155290589,5.843998224008828,340.19799932138994,2,1
1402,sign,32613.499849623,42.689000110840425,131.0599982389249,34.273001801921055,3.5560005926527083,211.57800074433908,2,1
1403,sign,32613.524106584,44.912001612829044,121.14299897802994,31.3340024149511,7.345999620156363,204.73500262596644,1,1
1404,sign,32613.548880377,32.94400084996596,114.2210021498613,39.562997699249536,2.3790016712155193,189.10700237029232,1,1
1405,sign,32613.572325604,43.36900019552559,132.27299859863706,32.036001357482746,3.1859999580774456,210.86400010972284,1,1
1406,sign,32613.597481713,51.34399907547049,167.41400031605735,46.58100078813732,4.90999809699133,270.2489982766565,1,1
1407,sign,32613.621966793,41.54599810135551,146.96600192110054,55.195996537804604,5.943002179265022,249.65099873952568,1,1
1408,sign,32613.646832363,46.04900095728226,315.08800020674244,64.2099985270761,3.649001882877201,428.996001573978,1,1
1409,sign,32613.671971697,46.62200080929324,136.79100084118545,32.69499939051457,2.8190006560180336,218.9270016970113,1,1
1410,sign,32613.695853952,33.99100023671053,119.46800077566877,31.874998967396095,2.821001544361934,188.15500152413733,1,1
1411,sign,32613.721888076,50.02099715056829,183.91300181974657,50.75000080978498,4.380999598652124,289.06499937875196,1,1
1412,sign,32613.747230482,50.06300125387497,195.13899678713642,90.93700282392092,5.513997166417539,341.65299803134985,1,1
1413,sign,32613.775481973,48.79100015386939,165.77100177528337,51.54799873707816,4.544999683275819,270.65500034950674,1,1
1414,sign,32613.801208086,44.73400258575566,162.86999743897468,54.04799958341755,4.318000719649717,265.9700003277976,1,1
1415,sign,32613.826209095,43.98400051286444,159.23899991321377,53.09499829309061,4.264999006409198,260.582997725578,1,1
1416,sign,32613.854147113,56.312997912755236,190.52599964197725,51.924002036685124,4.719000571640208,303.4820001630578,1,1
1417,sign,32613.880421558,50.903003284474835,177.70799968275242,58.57599899172783,4.7339999582618475,291.9210019172169,1,1
1418,sign,32613.909262578,36.60099901026115,118.94900308107026,35.101998946629465,3.0859991966281086,193.73800023458898,1,1
1419,sign,32613.934953841,36.31300205597654,129.19899745611474,33.476000680821016,2.944001607829705,201.932001800742,1,1
1420,sign,32613.959888325,36.51600127341226,130.54699957137927,33.782998798415065,3.1900017347652465,204.03600137797184,1,1
1421,sign,32613.985417927,47.653000365244225,168.54699788382277,58.66200081072748,4.518999048741534,279.380998108536,1,1
1422,sign,32614.012325485,46.54100121115334,173.42299906886183,50.79999755253084,4.864999937126413,275.6289977696724,1,1
1423,sign,32614.039528491,56.01399971055798,205.5429977190215,54.33200203697197,4.620000254362822,320.5089997209143,1,1
1424,sign,32614.066426353,44.93799860938452,164.49699978693388,59.54700100119226,4.457000613911077,273.43900001142174,1,1
1425,sign,32614.091554701,44.17300078785047,162.0699986233376,48.781999794300646,3.715998900588602,258.7409981060773,1,1
1426,sign,32614.118954292,98.62200022325851,163.50800069631077,245.29000074835494,4.432997229741886,511.8529988976661,1,1
1427,sign,32614.145443951,55.95299808192067,180.87300122715533,60.00400026096031,5.268997483653948,302.09899705369025,1,1
1428,sign,32614.171666194,42.4879981437698,166.99800107744522,51.24200106365606,4.0619997889734805,264.79000007384457,1,1
1429,sign,32614.199021399,46.647000999655575,171.03600112022832,57.11799894925207,4.646000888897106,279.44700195803307,1,1
1430,sign,32614.224545721,41.58999945502728,161.363001097925,53.899999329587445,4.089000867679715,260.94200075021945,1,1
1431,sign,32614.250633278,51.62600064068101,204.51199816307053,55.240001529455185,4.705998435383663,316.0839987685904,1,1
1432,sign,32614.279114877,39.894999645184726,126.06800009962171,36.22299846028909,3.1370000215247273,205.32299822662026,1,1
1433,sign,32614.30470009,47.217999963322654,136.9519995932933,47.94200140167959,3.5609991755336523,235.6730001338292,1,1
1434,sign,32614.330986729,41.02800085092895,120.93099940102547,36.09999839682132,3.5560005926527083,201.61499924142845,1,1
1435,sign,32614.357028037,32.481999369338155,119.79999908362515,35.87299943319522,3.131000994471833,191.28599888063036,1,1
1436,sign,32614.382275876,59.66400203760713,194.43999917712063,55.07400055648759,5.275996954878792,314.45399872609414,1,1
1437,sign,32614.409020433,51.628001529024914,170.2939989627339,57.81300205853768,5.051999323768541,284.787001874065,1,1
1438,sign,32614.43458454,40.93400275451131,158.7939987075515,50.96200038678944,4.049001290695742,254.739003139548,1,1
1439,sign,32614.461093085,48.174999392358586,175.09499957668595,56.159002269851044,4.841000190936029,284.2700014298316,1,1
1440,sign,32614.487936799,47.11699875770137,178.6600005289074,55.863001762190834,4.7770008677616715,286.4170019165613,1,1
1441,sign,32614.513611614,47.33400055556558,168.43900084495544,57.127999752992764,4.497000190895051,277.39800134440884,1,1
1442,sign,32614.54228798,55.955002608243376,184.0739969338756,57.02000271412544,4.932000592816621,301.98100284906104,1,1
1443,sign,32614.568810477,43.61099854577333,163.26799959642813,53.53500091587193,4.2100000428035855,264.623999100877,1,1
1444,sign,32614.595922959,49.85199848306365,185.07099957787432,67.23600017721765,8.000002708286047,310.15900094644167,1,1
1445,sign,32614.622730963,45.61300011118874,420.3930002404377,60.62399916118011,4.617999366018921,531.2479988788255,1,1
1446,sign,32614.649842453,55.12400093721226,178.02699949243106,39.27299985662103,5.1770002755802125,277.60100056184456,1,1
1447,sign,32614.678458995,56.67300138156861,192.57899839431047,56.68599987984635,5.173998943064362,311.1119985987898,1,1
1448,sign,32614.704728658,50.64600190962665,175.1039999362547,64.9819994578138,4.841000190936029,295.57300149463117,1,1
1449,sign,32614.731999515,50.988001021323726,169.40299974521622,53.21500066202134,4.153000190854073,277.75900161941536,1,1
1450,sign,32614.75887846,44.390999391907826,160.49199984990992,50.26299913879484,4.124998667975888,259.27099704858847,1,1
1451,sign,32614.785166192,50.433001888450235,170.40799866663292,51.678998715942726,4.576002538669854,277.09600180969574,1,1
1452,sign,32614.812850182,52.35500066191889,183.6970004660543,58.10999937239103,4.880999767920002,299.04300026828423,1,1
1453,sign,32614.839348982,49.231999582843855,174.41999807488173,53.40200004866347,4.737001290777698,281.79099899716675,1,1
1454,sign,32614.866191877,45.77099753078073,168.84400247363374,52.92199784889817,4.363999323686585,271.9009971769992,1,1
1455,sign,32614.893748422,46.24699795385823,165.44000027352013,60.41600136086345,4.423000063979998,276.5259996522218,1,1
1456,sign,32614.922285226,49.996000598184764,178.13600061344914,56.99399844161235,7.807000656612217,292.93300030985847,1,1
1457,sign,32614.948403502,40.539001929573715,133.21499864105135,36.702000215882435,3.6720011848956347,214.12800197140314,1,1
1458,sign,32614.976853568,39.87200034316629,146.51599849457853,38.39800046989694,3.9919978007674217,228.77799710840918,1,1
1459,sign,32615.00439856,35.123000998282805,125.03700054367073,35.02099934848957,2.896002115448937,198.07700300589204,1,1
1460,sign,32615.029744466,37.26599970832467,125.39200179162435,36.31000072346069,3.188997652614489,202.1569998760242,1,1
1461,sign,32615.05626393,46.40699989977293,140.3780006512534,35.654997191159055,3.203000233042985,225.64299797522835,1,1
1462,sign,32615.083738047,60.26700066286139,178.68299983092584,65.3549977869261,6.780999683542177,311.0859979642555,1,1
1463,sign,32615.109450001,36.3670005754102,124.75699986680411,37.59799801628105,3.0180017347447574,201.74000019324012,1,1
1464,sign,32615.136119118,37.88799949688837,125.43300181278028,37.15899947565049,3.3679971238598228,203.84799790917896,1,1
1465,sign,32615.161261717,37.58100137929432,123.74899961287156,36.64199903141707,2.8569993446581066,200.82899936824106,1,1
1466,sign,32615.188487771,51.96799975237809,186.3389989011921,58.19299985887483,5.256002623355016,301.75600113580003,1,1
1467,sign,32615.216446821,53.09200059855357,181.36599828721955,80.07500218809582,5.9589983720798045,320.49199944594875,1,1
1468,sign,32615.242999667,50.76500019640662,165.25599858141504,55.05900116986595,4.442001227289438,275.52200117497705,1,1
1469,sign,32615.270203235,48.526002501603216,176.53699978836812,55.05499939317815,4.672998329624534,284.791000012774,1,1
1470,sign,32615.296143716,42.32599894749001,162.16799849644303,52.827002946287394,4.380999598652124,261.70199998887256,1,1
1471,sign,32615.32346885,54.10899757407606,186.54800078365952,61.5800017840229,5.039997631683946,307.2769977734424,1,1
1472,sign,32615.350313654,50.55000292486511,185.29999942984432,58.532998082228005,5.2960022003389895,299.6790026372764,1,1
1473,sign,32615.37862916,34.7440000041388,119.63599899900146,36.79600195027888,3.215998731320724,194.39199968473986,1,1
1474,sign,32615.406773524,42.92200173949823,121.64700092398562,38.96799898939207,2.857999788830057,206.39500144170597,1,1
1475,sign,32615.433049211,38.34000017377548,122.282999654999,36.17100082919933,3.4990007407031953,200.293001398677,1,1
1476,sign,32615.460430928,57.080000260611996,189.03299860539846,60.98000085330568,5.473000783240423,312.56600050255656,1,1
1477,sign,32615.488562423,60.7879992458038,188.00299949361943,58.97600203752518,4.526998964138329,312.29399974108674,1,1
1478,sign,32615.515547192,39.49799793190323,130.26500164414756,35.99699994083494,3.5580014809966087,209.31800099788234,1,1
1479,sign,32615.543230887,35.521999961929396,124.67399938032031,37.100999179529026,2.9469993023667485,200.24399782414548,1,1
1480,sign,32615.568818636,38.94900146406144,124.96400086092763,45.42199894785881,3.263001417508349,212.59800269035622,1,1
1481,sign,32615.595255408,56.2230015930254,187.2769971669186,66.380001953803,5.478999810293317,315.3590005240403,1,1
1482,sign,32615.621538175,69.06899943714961,223.5729989479296,86.73699994687922,5.133002559887245,384.5120008918457,1,1
1483,sign,32615.649056607,37.45399953913875,124.91600136854686,35.70700209820643,3.135999577352777,201.21300258324482,1,1
1484,sign,32615.676837616,31.89899871358648,123.3000002685003,42.58099943399429,3.0139999580569565,200.79399837413803,1,1
1485,sign,32615.704186969,52.9710014234297,154.59699716302566,40.0240023736842,4.025998350698501,251.61799931083806,1,1
1486,sign,32615.733432741,54.40099994302727,184.70700160833076,58.12399831484072,4.599001840688288,301.83100170688704,1,1
1487,sign,32615.760822286,39.32999970857054,127.50899986713193,43.39299994171597,4.420999175636098,214.65299869305454,1,1
1488,sign,32615.788389156,38.34899689536542,134.74200022756122,38.95200279657729,3.4909971873275936,215.53399710683152,1,1
1489,sign,32615.815726004,35.692999517777935,117.97700062743388,36.584002373274416,2.911998308263719,193.16600082674995,1,1
1490,sign,32615.843802869,47.38899951917119,172.9260002321098,61.68199979583733,4.302000888856128,286.29900043597445,1,1
1491,sign,32615.871922815,33.55599983478896,137.19400158151984,39.165999623946846,4.80699964100495,214.7230006812606,1,1
1492,sign,32615.897936766,40.351002098759636,145.22999845212325,37.9250013793353,3.6290002753958106,227.135002205614,1,1
1493,sign,32615.924763753,37.23299960256554,123.24000272201374,34.635999327292666,2.7909991331398487,197.9000007850118,1,1
1494,sign,32615.949649531,34.81599924270995,119.41900083911605,36.84900002554059,3.258999640820548,194.34299974818714,1,1
1495,sign,32615.974592958,39.531001675641164,125.2289985131938,37.82299972954206,3.349003236507997,205.93200315488502,1,1
1496,sign,32616.002775523,42.28599937050603,129.09100041724741,37.57399827009067,3.2850002753548324,212.23599833319895,1,1
1497,sign,32616.034847684,38.57100091408938,138.4799979859963,38.30900095636025,3.7009995139669627,219.0609993704129,1,1
1498,sign,32616.061942434,37.65599831240252,132.10100223659538,36.93699909490533,3.088000084972009,209.78199972887523,1,1
1499,sign,32616.088439838,37.442998291226104,120.52700185449794,33.71400089235976,3.383996954653412,195.06799799273722,1,1
1500,sign,32616.113909573,43.05400216253474,202.1449981839396,59.75399835733697,4.749002982862294,309.7020016866736,1,1
1501,sign,32616.144600077,38.37599797407165,123.45499999355525,36.568002542480826,2.9009970603510737,201.2999975704588,1,1
1502,sign,32616.172852011,37.08399890456349,139.99099974171259,39.253001887118444,3.7479985621757805,220.0759990955703,1,1
1503,sign,32616.199382449,37.38900340977125,126.05099982465617,35.41699697962031,3.2230018405243754,202.0800020545721,1,1
1504,sign,32616.225593931,37.61999687412754,128.07300299755298,37.97599856625311,3.324999852338806,206.99399829027243,1,1
1505,sign,32616.252166823,42.8849998570513,200.45799828949384,61.314000049605966,4.656001692637801,309.3129998887889,1,1
1506,sign,32616.279903257,37.164998502703384,137.9690002067946,37.72200216189958,3.6290002753958106,216.48500114679337,1,1
1507,sign,32616.306267514,39.649999962421134,128.8960011152085,38.84399848175235,3.783003194257617,211.1730027536396,1,1
1508,sign,32616.333023944,38.41700163320638,123.98999751894735,34.80500163277611,3.2469979487359524,200.4589987336658,1,1
1509,sign,32616.358229755,41.29300214117393,132.1970012213569,35.07499786792323,3.553999704308808,212.11900093476288,1,1
1510,sign,32616.385836863,41.63400080869906,154.57699919352308,37.33800258487463,3.836998075712472,237.38600066280924,1,1
1511,sign,32616.413078466,37.691999750677496,125.86899902089499,34.91200186545029,3.530996764311567,202.00399740133435,1,1
1512,sign,32616.439510358,41.057999624172226,131.046002934454,38.11099668382667,3.1120034691412,213.3270027115941,1,1
1513,sign,32616.467448232,43.06199843995273,137.5720021314919,46.316999942064285,3.8379985198844224,230.78899903339334,1,1
1514,sign,32616.49333899,37.67499947571196,123.03400217206217,36.32699736044742,3.522000042721629,200.55799905094318,1,1
1515,sign,32616.519668107,42.60299829184078,135.66900088335387,36.419998650671914,3.0810006137471646,217.77299843961373,1,1
1516,sign,32616.550277178,36.28899867180735,124.25900058588013,36.18899791035801,3.3280011848546565,200.06499835290015,1,1
1517,sign,32616.579492966,38.62999801640399,126.1630022781901,35.240998840890825,2.9330003599170595,202.96699949540198,1,1
1518,sign,32616.606038271,41.76600123173557,128.3210003748536,35.78399991965853,3.649001882877201,209.5200034091249,1,1
1519,sign,32616.631398266,55.39899939321913,206.18400230887346,61.90999920363538,5.466001312015578,328.95900221774355,1,1
1520,sign,32616.661124329,54.521002311958,180.85099873133004,56.541000958532095,5.4390002333093435,297.3520022351295,1,1
1521,sign,32616.692860621,49.11799987894483,192.96000027679838,766.2630014237948,5.2389987104106694,1013.5800002899487,1,1
1522,sign,32616.722989681,53.37900074664503,130.70400018477812,38.37799886241555,3.364002623129636,225.82500241696835,1,1
1523,sign,32616.749462385,39.326001569861546,130.80200005788356,36.47199991974048,3.158998879371211,209.7590004268568,1,1
1524,sign,32616.777304627,56.051998399198055,184.7909989010077,55.396001698682085,4.443998477654532,300.68299747654237,1,1
1525,sign,32616.805480865,50.878999900305644,195.97799837356433,82.32300024246797,7.558999641332775,336.7389981576707,1,1
1526,sign,32616.832494635,52.823997975792736,182.91600281372666,54.3569985893555,5.249999958323315,295.3469993371982,1,1
1527,sign,32616.859885548,49.510999815538526,181.48699746234342,62.98800144577399,4.813999112229794,298.79999783588573,1,1
1528,sign,32616.886057048,46.41499981516972,169.16700042202137,57.28999894927256,4.39200084656477,277.2640000330284,1,1
1529,sign,32616.913562183,50.50600157119334,175.89599883649498,58.26900087413378,4.433000867720693,289.1040021495428,1,1
1530,sign,32616.941064041,49.715999921318144,170.86200023186393,55.23300205823034,4.465000529307872,280.2760027407203,1,1
1531,sign,32616.968424375,37.602996599162,126.67300325119868,38.6039973818697,3.307002771180123,206.1870000034105,1,1
1532,sign,32616.994983038,52.43600026005879,126.98600039584562,37.8400000045076,3.4959994081873447,220.75800006859936,1,1
1533,sign,32617.020358662,37.58899765671231,124.39800048014149,35.39200042723678,3.031000233022496,200.40999879711308,1,1
1534,sign,32617.046778076,40.87699926458299,133.72299872571602,38.96999987773597,3.703000402310863,217.27299827034585,1,1
1535,sign,32617.073953044,37.95799784711562,138.39900202583522,37.36800135811791,3.478999133221805,217.20400036429055,1,1
1536,sign,32617.102012368,37.50700125237927,148.61199815641157,40.975002775667235,3.1419986044056714,230.23600078886375,1,1
1537,sign,32617.128987285,52.08299990044907,126.30100172827952,38.44599996227771,3.026998456334695,219.857000047341,1,1
1538,sign,32617.154257172,41.55800343141891,133.44399849302135,35.66400118870661,3.335997462272644,214.00200057541952,1,1
1539,sign,32617.179799859,61.311999161262065,217.3389984818641,61.15700307418592,5.3679978009313345,345.17599851824343,1,1
1540,sign,32617.2077481,36.41199873527512,125.80900147440843,37.62599953915924,3.2200005080085248,203.06700025685132,1,1
1541,sign,32617.234399941,55.37899778573774,180.98300279234536,717.2660007199738,6.863996532047167,960.4919978301041,1,1
1542,sign,32617.263155276,56.692999351071194,198.8520016311668,63.45799920381978,5.369001883082092,324.37200206913985,1,1
1543,sign,32617.289434559,37.11400131578557,130.22200073464774,35.28799788909964,3.2800016924738884,205.90400163200684,1,1
1544,sign,32617.315783158,51.111001084791496,174.92700135335326,47.52799941343255,4.967998393112794,278.5340002446901,1,1
1545,sign,32617.343071793,37.1470014215447,126.4890015590936,35.15399657771923,3.001001459779218,201.79100101813674,1,1
1546,sign,32617.370921388,43.66999928606674,153.54500283137895,39.905997255118564,3.5510020097717643,240.67200138233602,1,1
1547,sign,32617.398575651,37.30199750862084,125.37200018414296,38.177000533323735,3.3220021578017622,204.1730003838893,1,1
1548,sign,32617.424910948,38.53199814329855,132.1519994235132,35.13400224619545,3.1620002118870616,208.98000002489425,1,1
1549,sign,32617.45228814,53.8929998583626,185.36999778007157,56.279001000802964,4.569999873638153,300.1119985128753,1,1
1550,sign,32617.483020368,45.600001612911,165.44199752388522,53.84600081015378,4.5430024329107255,269.43100237986073,1,1
1551,sign,32617.513004769,51.32099977345206,176.4230000844691,54.805001127533615,4.359997546998784,286.90899853245355,1,1
1552,sign,32617.539663015,40.86400076630525,161.23800014611334,53.9739994565025,3.9580008888151497,260.03400125773624,1,1
1553,sign,32617.565229113,40.92800008947961,174.17300114175305,53.170999308349565,4.088000423507765,272.36000096309,1,1
1554,sign,32617.593786228,52.46599903330207,176.85399870970286,54.198000725591555,4.317000275477767,287.83499874407426,1,1
1555,sign,32617.620523325,39.85299917985685,167.49700080254115,51.35700121172704,7.501999789383262,266.2090009835083,1,1
1,crossing,32543.53206012,6.6020002122968435,5.458998202811927,2.710999979171902,99.84800271922722,114.6200011135079,1,1
2,crossing,32543.679422522,110.83099889219739,342.38000080222264,46.41000123228878,7.717997505096719,507.3389984318055,1,1
3,crossing,32543.799306635,71.43599941628054,5.308000254444778,6.948001100681722,9.129998943535611,92.82199971494265,1,0
4,crossing,32543.931336987,46.20099934982136,2.6270026864949614,3.649998689070344,4.755998816108331,57.233999541494995,1,0
5,crossing,32544.04717167,54.54799975268543,2.3939974198583513,3.183002263540402,6.08899790677242,66.2139973428566,1,0
6,crossing,32544.192482242,53.13099973136559,2.791999577311799,3.5670018405653536,7.359998562606052,66.8499997118488,0,0
7,crossing,32544.326217561,0.6679983926005661,2.769000275293365,1.18200114229694,0.791002094047144,5.410001904238015,0,0
8,crossing,32544.454014638,1.686003088252619,5.36199877387844,2.2130006982479244,0.8030001481529325,10.064002708531916,0,0
9,crossing,32544.593067769,0.9109971870202571,3.8940015656407923,2.2269996406976134,1.0830008250195533,8.114999218378216,0,0
10,crossing,32544.729535522,0.6449990905821323,3.0470000638160855,1.1929987522307783,0.8740025805309415,5.759000487159938,0,0
11,crossing,32544.860932124,1.9049984985031188,4.954999894835055,2.8240028768777847,1.1029987945221364,10.787000064738095,0,0
12,crossing,32544.991303834,1.3370008673518896,3.1090021366253495,1.896998583106324,0.8329989213962108,7.176000508479774,0,0
13,crossing,32545.113850523,1.7380007193423808,4.850997356697917,2.8470021788962185,1.1899974197149277,10.625997674651444,0,0
14,crossing,32545.258760189,1.4519973774440587,4.476001777220517,2.120999852195382,1.1359989002812654,9.184997907141224,0,0
15,crossing,32545.393488078,2.043998392764479,5.664001946570352,2.554999809945002,1.4120014384388924,11.675001587718725,0,0
16,crossing,32545.523647187,1.2469972716644406,4.363002517493442,2.4649998522363603,1.1349984561093152,9.209998097503558,0,0
17,crossing,32545.645810463,1.0139992809854448,3.932000254280865,2.267999661853537,1.0210023901890963,8.235001587308943,0,0
18,crossing,32545.793255501,1.1939991964027286,4.622001142706722,2.335000317543745,1.8829996406566352,10.03400029730983,0,0
19,crossing,32545.914687651,1.5280020306818187,5.275000148685649,2.6659981813281775,1.7510028555989265,11.220003216294572,0,0
20,crossing,32546.0441768,1.6140002117026597,5.404002877185121,2.209999365732074,1.57699832925573,10.805000783875585,0,0
21,crossing,32546.179816701,1.7410020518582314,5.652000254485756,3.7909994716756046,1.4739998732693493,12.658001651288942,0,0
22,crossing,32546.322765323,1.219999830937013,4.446999810170382,1.8570026441011578,1.172000338556245,8.696002623764798,0,0
23,crossing,32546.450315487,1.4709985407534987,4.114001058042049,1.9100007193628699,1.0539988579694182,8.548999176127836,0,0
24,crossing,32546.574448126,0.8819988579489291,4.638000973500311,2.516000677132979,1.2279997463338077,9.264000254916027,0,0
25,crossing,32546.722972118,0.9929972293321043,4.104000254301354,2.2180029191076756,1.0759977158159018,8.390998118557036,0,0
26,crossing,32546.839959669,1.4790020941291004,3.454999387031421,1.8619975890032947,1.2000018614344299,7.996000931598246,0,0
27,crossing,32546.977518367,0.5120018613524735,3.602999640861526,1.314998371526599,0.824002199806273,6.2540020735468715,0,0
28,crossing,32547.110819581,1.5069999790284783,4.211000486975536,1.7940001271199435,1.4799989003222436,8.991999493446201,0,0
29,crossing,32547.252144665,0.9930008673109114,3.459001163719222,2.1129999367985874,0.9840005077421665,7.549002475570887,0,0
30,crossing,32547.388927514,1.2660020729526877,4.618999810190871,2.295997546752915,1.167001755675301,9.348001185571775,0,0
31,crossing,32547.515552088,2.06700133276172,5.311998393153772,2.4600012693554163,1.1219999578315765,10.961000953102484,0,0
32,crossing,32547.658959777,1.6379999578930438,3.9910009945742786,2.062999556073919,1.5599980542901903,9.251998562831432,0,0
33,crossing,32547.786488767,0.9010000212583691,3.0509982025250793,1.4140023267827928,1.1619995348155499,6.528000085381791,0,0
34,crossing,32547.918736349,1.1610027286224067,3.3229989639949054,1.215001248056069,0.7899980118963867,6.489000952569768,0,0
35,crossing,32548.05190037,1.0709991329349577,3.9340011426247656,1.9079998310189694,1.0510011634323746,7.964001270011067,0,0
36,crossing,32548.184533986,0.8499991963617504,3.908000508090481,1.7929996829479933,1.0619987733662128,7.612998160766438,0,0
37,crossing,32548.317543155,1.152999175246805,3.7960016925353557,2.224998752353713,1.0740004654508084,8.248000085586682,0,0
38,crossing,32548.445929029,1.1080010153818876,3.615998139139265,2.349999704165384,1.0280018614139408,8.102000720100477,0,0
39,crossing,32548.578717937,0.9449977369513363,4.622001142706722,2.6140005502384156,1.1359989002812654,9.31699833017774,0,0
40,crossing,32548.699023459,1.1619995348155499,4.542998794931918,1.9309991330374032,1.1090014595538378,8.74499892233871,0,0
41,crossing,32548.864057724,2.1410014596767724,5.889000021852553,2.6369998522568494,1.3429998944047838,12.010001228190958,0,0
42,crossing,32548.980427849,1.571999746374786,3.4139993658754975,2.0139996195212007,1.0639996617101133,8.063998393481597,0,0
43,crossing,32549.110733469,1.315002009505406,4.137000360060483,2.2649983293376863,1.1779993656091392,8.895000064512715,0,0
44,crossing,32549.244909199,0.9590003173798323,4.700999852502719,1.1940028343815356,0.9059986041393131,7.7600016084034,0,0
45,crossing,32549.378900829,0.8919996616896242,3.897999704349786,1.9569997675716877,1.3979988580103964,8.144997991621494,0,0
46,crossing,32549.504881881,1.491000148234889,5.53499921807088,1.9520011846907437,1.7429993022233248,10.720999853219837,0,0
47,crossing,32549.645125131,1.5570003597531468,4.325000190874562,1.9270009943284094,1.7950005712918937,9.604002116248012,0,0
48,crossing,32549.777649195,1.3989993021823466,4.25300095230341,2.449000021442771,1.0549993021413684,9.155999578069896,0,0
49,crossing,32549.908866758,1.0160001693293452,4.389999958220869,1.8829996406566352,1.0949988791253418,8.383998647332191,0,0
50,crossing,32550.055248374,3.264001861680299,8.838000212563202,3.721997927641496,2.381999365752563,18.20599936763756,0,0
51,crossing,32550.170901232,1.4220022421795875,4.346999048721045,2.2599997464567423,1.152999175246805,9.18200021260418,0,0
52,crossing,32550.311101419,1.0000003385357559,4.1099992813542485,1.9569997675716877,1.1520023690536618,8.219001756515354,0,0
53,crossing,32550.443662956,0.9319992386735976,4.153000190854073,1.434000296285376,1.2089985830243677,7.727998308837414,0,0
54,crossing,32550.565890421,2.549000782892108,4.797999281436205,2.6080015231855214,1.1409974831622094,11.095999070676044,0,0
55,crossing,32550.715598676,0.8379975042771548,3.559001925168559,2.0410006982274354,1.0939984349533916,7.531998562626541,0,0
56,crossing,32550.843582266,1.6260019037872553,4.245997843099758,2.2179992811288685,1.0680014383979142,9.158000466413796,0,0
57,crossing,32550.969555827,1.9130020518787205,5.698999302694574,3.344997821841389,2.149001375073567,13.10600055148825,0,0
58,crossing,32551.112401532,0.8800016075838357,3.0849987524561584,1.391003024764359,0.9369978215545416,6.293001206358895,0,0
59,crossing,32551.247037509,1.448999682907015,2.791999577311799,1.6119993233587593,0.7749986252747476,6.627997208852321,0,0
60,crossing,32551.400980765,1.2669988791458309,4.017001629108563,1.9899998733308166,1.2259988579899073,8.499999239575118,0,0
61,crossing,32551.51877139,1.214997610077262,3.883000317728147,1.7950005712918937,0.6840018613729626,7.577000360470265,0,0
62,crossing,32551.639705897,1.0850017133634537,3.5129996831528842,1.992000761674717,0.7689995982218534,7.359001756412908,0,0
63,crossing,32551.774368821,1.205000444315374,3.5180019040126354,2.1409978216979653,0.8950009942054749,7.759001164231449,0,0
64,crossing,32551.918064833,1.471998984925449,3.9760016079526395,1.9039980543311685,1.0690018825698644,8.421000529779121,0,0
65,crossing,32552.048534181,1.5309997252188623,3.601999196689576,1.929998688865453,0.9710020094644278,8.033999620238319,0,0
66,crossing,32552.196032457,1.9470026018097997,5.725996743422002,2.52000245382078,1.5660007193218917,11.759002518374473,0,0
67,crossing,32552.304377471,1.0990006558131427,3.8809994293842465,1.8930004443973303,1.0740004654508084,7.947000995045528,0,0
68,crossing,32552.448145858,1.5939986042212695,4.854999133385718,1.8749997252598405,1.577001967234537,9.900999430101365,0,0
69,crossing,32552.578239776,1.2139971659053117,4.184003046248108,1.6429985407739878,0.9549985406920314,7.995997293619439,0,0
70,crossing,32552.702890833,2.6289999368600547,6.30200156592764,2.181997842853889,1.058000634657219,12.170999980298802,0,0
71,crossing,32552.844271235,1.3169992598704994,4.5480010157916695,2.72199758910574,1.1680021998472512,9.75500006461516,0,0
72,crossing,32552.978445139,1.296000846195966,3.8049984141252935,2.1849991753697395,1.0080002539325505,8.29399868962355,0,0
73,crossing,32553.11210003,0.6519985618069768,4.190002073301002,1.9660001271404326,1.4369979908224195,8.244998753070831,0,0
74,crossing,32553.250142883,1.191001501865685,4.288998752599582,2.3479988158214837,1.0850017133634537,8.913000783650205,0,0
75,crossing,32553.36661389,2.2659987735096365,5.376001354306936,2.2749991330783814,1.115000486606732,11.031999747501686,0,0
76,crossing,32553.51461774,2.2950007405597717,5.51899938727729,2.93500124826096,1.5709993022028357,12.320000678300858,0,0
77,crossing,32553.635885316,1.5989971871022135,3.8910002331249416,1.9120016077067703,1.6140002117026597,9.015999239636585,0,0
78,crossing,32553.775514054,1.3499993656296283,4.09800122724846,1.9500002963468432,1.0369985830038786,8.43499947222881,0,0
79,crossing,32553.900418006,1.158001396106556,3.807999746641144,2.206998033216223,1.0410003596916795,8.213999535655603,0,0
80,crossing,32554.03788151,1.9549988792277873,4.0619997889734805,1.972999598365277,1.5040022844914347,9.49400055105798,0,0
81,crossing,32554.17472373,1.4139986888039857,3.8530015444848686,2.393000613665208,1.3030003174208105,8.963001164374873,0,0
82,crossing,32554.306905388,1.7890015442389995,4.319001163821667,1.6779995348770171,1.6999983927235007,9.486000635661185,0,0
83,crossing,32554.428051044,1.7050006135832518,4.326000635046512,1.8229984561912715,1.525000698165968,9.379000402987003,0,0
84,crossing,32554.577256232,1.5779987734276801,4.486999387154356,2.4850014597177505,1.205997250508517,9.755996870808303,0,0
85,crossing,32554.700143168,1.4129982446320355,4.751000233227387,2.3989996407181025,1.367003278573975,9.9300013971515,0,0
86,crossing,32554.825234756,1.3520002539735287,4.339999577496201,2.4289984139613807,1.2410018825903535,9.362000128021464,0,0
87,crossing,32554.96441572,1.3130011211615056,4.49499930255115,2.183001925004646,1.1029987945221364,9.094001143239439,0,0
88,crossing,32555.096104787,1.7839993233792484,4.612000338966027,1.8600003386382014,1.3159988156985492,9.571998816682026,0,0
89,crossing,32555.227657359,1.3640019460581243,4.303998139221221,1.9190010789316148,1.9360013538971543,9.523002518108115,0,0
90,crossing,32555.365510467,1.229000190505758,3.9810001908335835,2.076998498523608,1.1920019460376352,8.479000825900584,0,0
91,crossing,32555.500369748,1.115000486606732,3.9040023693814874,2.1609994291793555,1.2939999578520656,8.47400224301964,0,0
92,crossing,32555.622434346,1.8599967006593943,4.4050029828213155,1.9830004021059722,1.2649979908019304,9.512998076388612,0,0
93,crossing,32555.764443951,1.410000550094992,4.401998012326658,2.0410006982274354,1.0360017768107355,8.88900103745982,0,0
94,crossing,32555.899548553,2.3329994291998446,6.8070003180764616,2.2179992811288685,1.1200027074664831,12.478001735871658,0,0
95,crossing,32556.030057433,1.8099999579135329,4.657002136809751,2.30699879466556,1.6119993233587593,10.386000212747604,0,0
96,crossing,32556.155161508,3.9799997466616333,6.583002686966211,3.020999429281801,1.89200000022538,15.476001863135025,0,0
97,crossing,32556.285993318,2.038999809883535,4.568999429466203,8.565999451093376,1.7620004655327648,16.93599915597588,0,0
98,crossing,32556.421122972,1.3170028978493065,3.1479976314585656,1.4710021787323058,0.7300004654098302,6.666003173450008,0,0
99,crossing,32556.555955026,2.382999809924513,6.202000804478303,2.6220004656352103,1.4979996194597334,12.70500069949776,0,0
100,crossing,32556.704950799,0.6489972292911261,3.0370028980541974,1.209999027196318,0.5949987098574638,5.490997864399105,0,0
101,crossing,32556.822214569,1.5509976947214454,4.336001438787207,1.9279978005215526,1.3839999155607074,9.198996849590912,0,0
102,crossing,32556.96134254,1.1270021786913276,4.522000381257385,2.4039982235990465,1.3659991964232177,9.418999979970977,0,0
103,crossing,32557.084372339,1.396001607645303,3.631997969932854,1.8970022210851312,1.0170006135012954,7.942002412164584,0,0
104,crossing,32557.229799047,1.0990006558131427,4.020999767817557,2.439999661874026,1.1349984561093152,8.69499854161404,0,0
105,crossing,32557.362580697,1.9239996618125588,4.5819979277439415,2.073000359814614,1.172000338556245,9.75099828792736,0,0
106,crossing,32557.496913443,1.3780008885078132,4.362998879514635,2.5240005925297737,1.224001607624814,9.489001968177035,0,0
107,crossing,32557.638041828,1.252999936696142,3.8950020098127425,2.2950007405597717,1.047999830916524,8.49100251798518,0,0
108,crossing,32557.757366589,1.1269985407125205,3.234999894630164,1.5969999367371202,1.1650008673314005,7.123999239411205,0,0
109,crossing,32557.901687465,1.6730009519960731,4.4150001485832036,1.7829988792072982,1.8549981177784503,9.725998097565025,0,0
110,crossing,32558.034528145,0.88600063463673,3.9910009945742786,2.2179992811288685,1.0129988368134946,8.107999747153372,0,0
111,crossing,32558.173911387,1.3980024959892035,4.137997166253626,2.010001480812207,0.9280010999646038,8.47400224301964,0,0
112,crossing,32558.299135923,2.349999704165384,5.7870020100381225,2.729997504502535,1.3730023056268692,12.24000152433291,0,0
113,crossing,32558.441395707,1.463002263335511,4.818997695110738,2.429002051940188,1.3039971236139536,10.01499913400039,0,0
114,crossing,32558.566894126,1.2179989425931126,4.180001269560307,2.2899985197000206,1.0750009096227586,8.762999641476199,0,0
115,crossing,32558.711672955,0.872001692187041,3.3989999792538583,1.7509992176201195,0.971998815657571,6.99399970471859,0,0
116,crossing,32558.827067045,1.076998159987852,3.712000761879608,1.8450009520165622,1.3559983926825225,7.989998266566545,0,0
117,crossing,32558.957572295,1.2710006558336318,4.614001227309927,2.2409985831473023,1.1570009519346058,9.283001418225467,0,0
118,crossing,32559.097547138,1.0000003385357559,3.291999746579677,1.9359977159183472,0.9320028766524047,7.160000677686185,0,0
119,crossing,32559.234618701,0.853000528877601,3.8379985198844224,2.249998942716047,1.167001755675301,8.107999747153372,0,0
120,crossing,32559.37072777,1.9269973563496023,4.659003025153652,2.5079971237573773,1.1140000424347818,10.207997547695413,0,0
121,crossing,32559.488970635,0.5160000000614673,3.134999133180827,1.3800017768517137,0.752999767428264,5.784000677522272,0,0
122,crossing,32559.641562755,1.7649981600698084,5.198999133426696,1.853000867413357,1.4739998732693493,10.29099803417921,0,0
123,crossing,32559.758775202,0.8669994713272899,3.48799949279055,2.2380008886102587,1.1129995982628316,7.70599945099093,0,0
124,crossing,32559.888756739,0.971998815657571,4.84400152345188,2.2360000002663583,1.1599986464716494,9.211998985847458,0,0
125,crossing,32560.031555075,1.787000655895099,5.619000148726627,2.3239990696310997,1.8810023902915418,11.611002264544368,0,0
126,crossing,32560.159466658,1.5890000213403255,4.366000212030485,2.0040024537593126,1.549000444356352,9.508003131486475,0,0
127,crossing,32560.295315337,2.2189997253008187,5.96999961999245,2.712000423343852,2.020999090746045,12.921998859383166,0,0
128,crossing,32560.451136611,1.1180018191225827,3.869001375278458,1.9359977159183472,1.0399999155197293,7.963000825839117,0,0
129,crossing,32560.550596895,3.0190021789167076,7.028000254649669,3.507997462293133,1.6500016499776393,15.205001545837149,0,0
130,crossing,32560.687699339,0.48800211516208947,2.519998815841973,1.2599994079209864,0.8649985829833895,5.132998921908438,0,0
131,crossing,32560.817066897,1.1329975677654147,4.240002454025671,2.390999725321308,1.1299998732283711,8.893999620340765,0,0
132,crossing,32560.946545579,1.443997462047264,4.244000592734665,2.606000634841621,1.1170013749506325,9.411000064574182,0,0
133,crossing,32561.081165458,0.5530018825083971,3.2569987524766475,1.357999281026423,0.853000528877601,6.021000444889069,0,0
134,crossing,32561.22636574,1.2599994079209864,4.380999598652124,2.339002094231546,1.1189986253157258,9.098999726120383,0,0
135,crossing,32561.352134811,1.3219978427514434,3.736000508069992,1.935000909725204,1.1519987310748547,8.144997991621494,0,0
136,crossing,32561.489337542,1.1119991540908813,3.6279998312238604,2.0170009520370513,1.5459991118405014,8.302999049192294,0,0
137,crossing,32561.615129281,0.7340022420976311,2.6909983716905117,1.2650016287807375,0.7889975677244365,5.478999810293317,0,0
138,crossing,32561.743017857,1.9239996618125588,6.289999873843044,2.3419997887685895,1.5469995560124516,12.102998880436644,0,0
139,crossing,32561.888659034,1.481999788666144,3.911998646799475,2.005999704124406,1.1500014807097614,8.549999620299786,0,0
140,crossing,32562.019559402,1.0549993021413684,3.9379992813337594,2.2189997253008187,0.9520008461549878,8.163999154930934,0,0
141,crossing,32562.149443219,1.1880001693498343,3.9919978007674217,1.863001671154052,1.324999175267294,8.367998816538602,0,0
142,crossing,32562.271676423,1.3310018402989954,4.318000719649717,2.292999852215871,1.1800002539530396,9.122002666117623,0,0
143,crossing,32562.404592697,1.7220008885487914,3.5990015021525323,2.0119987311773,0.9249997674487531,8.258000889327377,0,0
144,crossing,32562.536442125,1.0859985195565969,4.153000190854073,2.3520005925092846,0.9699979273136705,8.560997230233625,0,0
145,crossing,32562.668274109,0.6359987310133874,3.659999492811039,1.7950005712918937,1.4549987099599093,7.54599750507623,0,0
146,crossing,32562.814236846,1.2279997463338077,4.174999048700556,3.2380012271460146,1.1730007827281952,9.814000804908574,0,0
147,crossing,32562.941604622,1.0889998520724475,3.846002073260024,2.3479988158214837,1.0119983926415443,8.2949991337955,0,0
148,crossing,32563.080441637,0.6640002538915724,2.9889997676946223,1.2349992175586522,0.8489987521898001,5.736997991334647,0,0
149,crossing,32563.214686803,1.296000846195966,4.4959997467231005,2.1710002329200506,1.0639996617101133,9.02700048754923,0,0
150,crossing,32563.34333676,0.814998202258721,3.597000613808632,1.887001417344436,1.372998667648062,7.671998901059851,0,0
151,crossing,32563.466447311,1.3220014807302505,4.188997991150245,2.468001184752211,1.0379990271758288,9.016999683808535,0,0
152,crossing,32563.613141378,1.5130026440601796,4.47599813924171,2.5270019250456244,1.30099942907691,9.817002137424424,0,0
153,crossing,32563.733438591,0.8489987521898001,4.028002877021208,1.9519975467119366,1.1690026440192014,7.9980018199421465,0,0
154,crossing,32563.869200358,1.205000444315374,4.248999175615609,2.4520013539586216,1.1259980965405703,9.031999070430174,0,0
155,crossing,32564.010540302,1.0830008250195533,4.544999683275819,1.8550017557572573,0.8619972504675388,8.344999514520168,0,0
156,crossing,32564.148199543,1.5369987522717565,4.595000064000487,2.420001692371443,1.1810006981249899,9.733001206768677,0,0
157,crossing,32564.280483124,1.00599936558865,3.4240001696161926,1.5620025806128979,1.0419971658848226,7.033999281702563,0,0
158,crossing,32564.410931845,1.1230004020035267,3.9619990275241435,1.8099999579135329,1.0120020306203514,7.907001418061554,0,0
159,crossing,32564.545309853,1.0459989425726235,3.815999662037939,1.730000803945586,1.0849980753846467,7.676997483940795,0,0
160,crossing,32564.678524618,0.6970003596507013,3.564997314242646,1.7689999367576092,0.9150026016868651,6.946000212337822,0,0
161,crossing,32564.807416668,1.2379969120956957,4.289002390578389,2.7149981178808957,1.2330019671935588,9.47499938774854,0,0
162,crossing,32564.936031762,1.8939972505904734,5.765003152191639,2.7279966161586344,1.5660007193218917,11.952997738262638,0,0
163,crossing,32565.075841022,1.1400006769690663,3.401997673790902,1.8940008885692805,1.1189986253157258,7.5549978646449745,0,0
164,crossing,32565.211805118,1.3210010365583003,3.5249977372586727,1.4739998732693493,0.6059999577701092,6.9259986048564315,0,0
165,crossing,32565.333989162,0.447998900199309,2.1129999367985874,0.7970011211000383,0.5080000846646726,3.8660000427626073,0,0
166,crossing,32565.480590673,1.2220007192809135,3.983997885370627,2.3120010155253112,1.0209987522102892,8.538998372387141,0,0
167,crossing,32565.606018628,1.3699973351322114,4.527002602117136,2.038999809883535,1.305998011957854,9.241997759090737,0,0
168,crossing,32565.732134404,1.2519994925241917,4.3239997467026114,2.1280029613990337,0.9309987945016474,8.635000995127484,0,0
169,crossing,32565.871415042,1.1020019883289933,4.108998837182298,7.304999599000439,0.9390023478772491,13.45500277238898,0,0
170,crossing,32566.004894632,1.2370001059025526,2.800999936880544,1.553002221044153,0.6949994713068008,6.28600173513405,0,0
171,crossing,32566.145859172,1.2519994925241917,3.9199985621962696,1.6680023691151291,1.082000380847603,7.922000804683194,0,0
172,crossing,32566.264625928,1.1989977792836726,4.601999535225332,2.67800351139158,1.062999217538163,9.542000043438748,0,0
173,crossing,32566.406380002,0.8299975888803601,2.631000825203955,1.3220014807302505,0.6070004019420594,5.390000296756625,0,0
174,crossing,32566.542099403,0.8169990906026214,2.821001544361934,1.6730009519960731,0.6759983079973608,5.9869998949579895,0,0
175,crossing,32566.674554817,1.0090006981045008,4.113000613870099,2.0609986677300185,1.139000232797116,8.322000212501734,0,0
176,crossing,32566.806924263,0.6249974831007421,4.179000825388357,2.6400011847727,1.1080010153818876,8.552000508643687,0,0
177,crossing,32566.948971644,1.5219993656501174,4.294000973459333,2.386997948633507,1.0730000212788582,9.275998309021816,0,0
178,crossing,32567.080675616,1.1360025382600725,3.6380006349645555,1.9189974409528077,1.0320000001229346,7.72500061430037,0,0
179,crossing,32567.212413595,1.0219991963822395,4.158999217906967,1.9270009943284094,1.2490017979871482,8.357001206604764,0,0
180,crossing,32567.345275058,2.7700007194653153,7.898997864685953,3.5580014809966087,1.424999936716631,15.652000001864508,0,0
181,crossing,32567.479211065,1.3049975677859038,4.8080000851769,2.078002580674365,1.052998413797468,9.243998647434637,0,0
182,crossing,32567.614325584,1.2380005500745028,4.334000550443307,2.3219981812871993,1.1209995136596262,9.014998795464635,0,0
183,crossing,32567.738088098,1.9359977159183472,5.327001417754218,2.6849993446376175,1.8229984561912715,11.770996934501454,0,0
184,crossing,32567.881522916,1.6779995348770171,3.731001925189048,2.282999048475176,79.56099943839945,87.25299994694069,1,1
185,crossing,32568.010354361,59.719001001212746,183.3339993027039,45.55200212053023,4.301000444684178,292.90600286913104,1,1
186,crossing,32568.138600192,53.658000979339704,159.76299982867204,504.8929997428786,4.3379986891523,722.6519992400426,1,1
187,crossing,32568.270051639,52.32799958321266,165.76699999859557,58.66300125489943,6.0729980759788305,282.8309989126865,1,1
188,crossing,32568.408287564,37.737998354714364,136.88000035472214,96.11499990569428,4.800000169780105,275.5329987849109,1,1
189,crossing,32568.536732131,28.00999936880544,108.1000009435229,42.88399941287935,3.1939998734742403,182.18799959868193,1,1
190,crossing,32568.669624418,51.42600275576115,157.19799921498634,51.36999971000478,4.0480008465237916,264.04200252727605,1,1
191,crossing,32568.804894436,58.24599793413654,184.86699991626665,49.39399877912365,4.311001248424873,296.8179978779517,1,1
192,crossing,32568.930755773,31.046001822687685,2.087999746436253,2.1429987100418657,3.9229998947121203,39.200000173877925,1,0
193,crossing,32569.064159038,54.60900138132274,130.982996779494,30.67200304940343,3.305998689029366,219.56999989924952,1,1
194,crossing,32569.198826737,66.05800081160851,202.90799875510857,62.651000916957855,4.418998287292197,336.0359987709671,1,1
195,crossing,32569.334793395,60.166999901412055,192.1660004882142,53.09300104272552,4.624998837243766,310.05100026959553,1,1
196,crossing,32569.464802155,45.66400093608536,1.6410012904088944,1.935000909725204,4.4579974201042205,53.69800055632368,1,0
197,crossing,32569.593007049,71.60899986047298,2.6400011847727,4.2860010580625385,6.233996828086674,84.76899893139489,1,0
198,crossing,32569.726408963,58.4740009799134,2.891996700782329,3.6090023058932275,6.532998668262735,71.50799865485169,1,0
199,crossing,32569.861913288,25.75299731688574,2.1320011001080275,2.0570005290210247,2.820001100189984,32.762000046204776,0,0
200,crossing,32570.004278463,1.020001946017146,3.5279990697745234,2.3610009520780295,1.2470009096432477,8.156002877512947,0,0
201,crossing,32570.133969259,1.238997356267646,4.313002136768773,1.9889994291588664,1.1810006981249899,8.721999620320275,0,0
202,crossing,32570.277066157,1.0360017768107355,3.845998435281217,2.354001480853185,1.1609990906435996,8.397000783588737,0,0
203,crossing,32570.397313237,0.9799987310543656,3.8030011637602,1.6129997675307095,1.5229998098220676,7.918999472167343,0,0
204,crossing,32570.530032183,1.3069984561298043,3.7470017559826374,2.354001480853185,1.100997906178236,8.508999599143863,0,0
205,crossing,32570.660431765,1.1669981176964939,3.9910009945742786,2.016000507865101,1.2269993021618575,8.400998922297731,0,0
206,crossing,32570.798349155,0.838997948449105,3.8380021578632295,1.7310012481175363,1.0309995559509844,7.439000910380855,0,0
207,crossing,32570.931260043,1.8259997887071222,4.4720000005327165,2.6760026230476797,1.071999577106908,10.046001989394426,0,0
208,crossing,32571.074734375,1.8229984561912715,4.786001227330416,2.173997927457094,1.1920019460376352,9.974999557016417,0,0
209,crossing,32571.200723909,1.1739975889213383,3.758999810088426,1.849002728704363,1.0239964467473328,7.80599657446146,0,0
210,crossing,32571.347688401,1.7229976947419345,5.841000529471785,2.197000867454335,1.7550009943079203,11.516000085975975,0,0
211,crossing,32571.473161849,0.7679991540499032,3.6579986044671386,2.388002030784264,1.0309995559509844,7.84499934525229,0,0
212,crossing,32571.599403494,1.2130003597121686,4.154997441219166,2.0030020095873624,1.2719974620267749,8.642997272545472,0,0
213,crossing,32571.721771324,1.1260017345193774,3.974000719608739,2.1699997887481004,0.9779978427104652,8.248000085586682,0,0
214,crossing,32571.858227379,1.8989994714502245,4.778998118126765,2.020999090746045,1.6600024537183344,10.358999134041369,0,0
215,crossing,32571.991640743,1.0370022209826857,4.026998794870451,1.75300010596402,1.071999577106908,7.889000698924065,0,0
216,crossing,32572.141677204,1.6470003174617887,4.487999831326306,1.881999196484685,1.49600236909464,9.51300171436742,0,0
217,crossing,32572.275729673,1.7379970813635737,4.618999810190871,2.410000888630748,1.115000486606732,9.881998266791925,0,0
218,crossing,32572.402990378,0.853000528877601,4.222001734888181,2.30699879466556,1.0500007192604244,8.432001777691767,0,0
219,crossing,32572.5290053,1.3950011634733528,4.694000381277874,2.8389986255206168,1.2740019883494824,10.202002158621326,0,0
220,crossing,32572.67485826,1.3239987310953438,4.108998837182298,1.934000465553254,1.4700017345603555,8.836999768391252,0,0
221,crossing,32572.7942861,0.6560003384947777,3.0479968700092286,1.4180004654917866,0.8970018825493753,6.018999556545168,0,0
222,crossing,32572.93872999,1.7959973774850368,5.24300048709847,2.0520019461400807,1.6429985407739878,10.733998351497576,0,0
223,crossing,32573.065827963,1.7269994714297354,3.8539983506780118,1.9430008251219988,1.0600015230011195,8.584000170230865,0,0
224,crossing,32573.196367845,1.1880001693498343,4.07799961976707,1.9830004021059722,1.1219999578315765,8.371000149054453,0,0
225,crossing,32573.329354139,1.368000084767118,4.448997060535476,2.3280008463189006,1.0040021152235568,9.149000106845051,0,0
226,crossing,32573.457757061,1.6599988157395273,4.5960005081724375,1.8239989003632218,1.4809993444941938,9.56099756876938,0,0
227,crossing,32573.600463441,1.7920028767548501,3.6620003811549395,1.8989994714502245,1.0259973350912333,8.379000064451247,0,0
228,crossing,32573.71718252,1.2410018825903535,3.791999915847555,1.4450015441980213,0.6709997251164168,7.149003067752346,0,0
229,crossing,32573.859857355,1.3509998098015785,3.788998583331704,1.824999344535172,1.034000888466835,7.99899862613529,0,0
230,crossing,32573.981174718,1.0270014172419906,4.4939988583792,2.1560008462984115,1.2019991117995232,8.879000233719125,0,0
231,crossing,32574.127174705,0.7039998308755457,3.9570004446431994,2.0619991119019687,1.0250005288980901,7.747999916318804,0,0
232,crossing,32574.250299935,1.4739998732693493,4.120000085094944,2.2230015019886196,1.3619974197354168,9.17899888008833,0,0
233,crossing,32574.399600349,1.086002157535404,4.149998858338222,1.8479986465536058,1.2060008884873241,8.290000550914556,0,0
234,crossing,32574.516767122,0.42299870983697474,2.788001438602805,1.4990000636316836,0.7899980118963867,5.49999822396785,0,0
235,crossing,32574.656496988,2.444001438561827,6.233000021893531,3.5080011002719402,1.9649996829684824,14.15000224369578,0,0
236,crossing,32574.790375527,1.624997821636498,5.785001121694222,2.840999513864517,1.481999788666144,11.732998245861381,0,0
237,crossing,32574.912437943,1.6550002328585833,4.1339990275446326,2.9620023269671947,1.5339974197559059,10.284999007126316,0,0
238,crossing,32575.047031686,1.1589982022996992,4.320001607993618,2.1329979063011706,0.9989998943638057,8.610997610958293,0,0
239,crossing,32575.192093555,0.7189992174971849,3.6759993236046284,2.125001628883183,1.1849988368339837,7.70499900681898,0,0
240,crossing,32575.319409809,1.4770012057852,4.050998541060835,1.8810023902915418,1.0299991117790341,8.439001248916611,0,0
241,crossing,32575.441831687,1.0809999366756529,3.3760006772354245,1.3220014807302505,0.8169990906026214,6.596001185243949,0,0
242,crossing,32575.568769095,1.0020012268796563,3.62699938705191,2.1999985619913787,1.0969997674692422,7.925998943392187,0,0
243,crossing,32575.709670307,1.353000698145479,4.437999450601637,2.158001734642312,1.0119983926415443,8.961000276030973,0,0
244,crossing,32575.839306097,0.9420000424142927,3.507997462293133,1.815002178773284,1.0789990483317524,7.343998731812462,0,0
245,crossing,32575.987337855,0.5440015229396522,2.9799994081258774,1.3319986464921385,0.5760011845268309,5.432000762084499,0,0
246,crossing,32576.107967524,0.8729984983801842,3.9330006984528154,1.6699996194802225,0.9880022844299674,7.4640011007431895,0,0
247,crossing,32576.247362783,1.3610006135422736,4.359997546998784,1.8860009731724858,1.1609990906435996,8.767998224357143,0,0
248,crossing,32576.37946213,0.8559982234146446,3.9950027712620795,1.9889994291588664,1.058000634657219,7.8980010584928095,0,0
249,crossing,32576.514685795,1.6310004866681993,4.4290027290117,1.7999991541728377,0.9789982868824154,8.839000656735152,0,0
250,crossing,32576.649138996,1.3179997040424496,3.969002136727795,2.1559972083196044,0.9600007615517825,8.402999810641631,0,0
251,crossing,32576.778235153,1.3950011634733528,4.380999598652124,2.4239998310804367,1.0429976100567728,9.242998203262687,0,0
252,crossing,32576.903472419,0.7590024324599653,4.293997335480526,2.530003257561475,1.0239964467473328,8.6069994722493,0,0
253,crossing,32577.04608222,1.0420008038636297,3.758999810088426,1.6269987099803984,0.9360010153613985,7.3640003392938524,0,0
254,crossing,32577.18316185,1.3380013115238398,4.311998054618016,1.8589998944662511,1.0520016076043248,8.561000868212432,0,0
255,crossing,32577.312525064,1.4670004020445049,2.8520007617771626,1.8039972928818315,0.724001438356936,6.846999895060435,0,0
256,crossing,32577.442457354,0.8819988579489291,4.036999598611146,2.362998202443123,1.1700030881911516,8.45199974719435,0,0
257,crossing,32577.569858763,1.5750010788906366,3.4849981602746993,2.016000507865101,0.9610012057237327,8.03700095275417,0,0
258,crossing,32577.709687464,1.4379984349943697,4.854999133385718,2.2310014173854142,1.1629999789875,9.686998964753002,0,0
259,crossing,32577.84718486,0.8590031939093024,3.4339973353780806,1.9470026018097997,1.062999217538163,7.303002348635346,0,0
260,crossing,32577.973753734,1.7029997252393514,4.093999450560659,1.8569990061223507,1.0170006135012954,8.670998795423657,0,0
261,crossing,32578.112912755,1.2029995559714735,2.8760005079675466,1.3739991118200123,0.7919989002402872,6.2449980759993196,0,0
262,crossing,32578.22541267,1.4710021787323058,3.640998329501599,1.7429993022233248,1.02400008472614,7.8789998951833695,0,0
263,crossing,32578.366272098,1.0000003385357559,4.21900040237233,1.5190016711130738,0.8259994501713663,7.5640018621925265,0,0
264,crossing,32578.503224293,2.2000021999701858,5.016998329665512,2.0699990272987634,1.3370008673518896,10.62400042428635,0,0
265,crossing,32578.635780659,1.9079998310189694,4.512003215495497,1.9569997675716877,1.0889998520724475,9.466002666158602,0,0
266,crossing,32578.766315536,1.7929996829479933,5.356003384804353,2.267999661853537,1.1159972927998751,10.533000022405759,0,0
267,crossing,32578.90606533,1.7589991330169141,5.804002285003662,2.115997631335631,1.4590004866477102,11.137999536003917,0,0
268,crossing,32579.034577167,1.0049989214166999,3.9660008042119443,2.258999302284792,1.001000782707706,8.230999810621142,0,0
269,crossing,32579.159868123,1.2660020729526877,3.712000761879608,1.8430000636726618,1.3989993021823466,8.220002200687304,0,0
270,crossing,32579.293145457,1.390999386785552,4.780002200277522,2.2979984350968152,1.4270008250605315,9.89600084722042,0,0
271,crossing,32579.443923078,1.3979988580103964,3.517001459840685,2.106000465573743,1.2079981388524175,8.228998922277242,0,0
272,crossing,32579.567983195,1.1929987522307783,4.246001481078565,1.8950013327412307,1.538999640615657,8.873001206666231,0,0
273,crossing,32579.69049483,1.1980009730905294,3.116998414043337,1.8070022633764893,0.7429989636875689,6.865000614197925,0,0
274,crossing,32579.825902153,1.6570011212024838,4.433000867720693,2.3319989850278944,1.5939986042212695,10.015999578172341,0,0
275,crossing,32579.954618192,1.4549987099599093,4.618999810190871,2.368000423302874,1.2409982446115464,9.682997188065201,0,0
276,crossing,32580.103578996,1.4239994925446808,2.597000275272876,1.296000846195966,0.8289971447084099,6.145997758721933,0,0
277,crossing,32580.230172466,1.6640005924273282,4.052999429404736,2.414999471511692,1.1260017345193774,9.258001227863133,0,0
278,crossing,32580.371324334,1.3450007827486843,3.936998837161809,2.159002178814262,1.1880001693498343,8.62900196807459,0,0
279,crossing,32580.502130591,0.5309993866831064,4.8769979912322015,2.4190012481994927,1.2570017133839428,9.084000339498743,0,0
280,crossing,32580.638917006,1.234002411365509,4.500998329604045,2.200999006163329,1.1629999789875,9.098999726120383,0,0
281,crossing,32580.753898211,1.8939972505904734,3.4709992178250104,1.9210019672755152,1.1170013749506325,8.402999810641631,0,0
282,crossing,32580.901129149,1.4470024325419217,4.4339976739138365,2.4380024115089327,1.2979980965610594,9.61700061452575,0,0
283,crossing,32581.033523469,1.444001100026071,4.63199830846861,1.9310027710162103,1.12499765236862,9.131999831879511,0,0
284,crossing,32581.165022731,2.1420019038487226,4.68700091005303,2.3430002329405397,1.3789976947009563,10.551000741543248,0,0
285,crossing,32581.291085114,1.591000909684226,3.916000423487276,1.862998033175245,1.0760013537947088,8.446000720141456,0,0
286,crossing,32581.426586482,1.0779986041598022,2.9190014174673706,1.3699973351322114,0.7550006557721645,6.121998012531549,0,0
287,crossing,32581.553499656,1.1349984561093152,3.6769997677765787,1.8600003386382014,1.0160001693293452,7.68799873185344,0,0
288,crossing,32581.687100333,1.401000190526247,4.05799801228568,2.0900006347801536,1.710999640636146,9.259998478228226,0,0
289,crossing,32581.827596327,1.5309997252188623,3.4380027500446886,2.449996827635914,65.96500315936282,73.38400246226229,1,1
290,crossing,32581.964490196,55.207001423696056,2.8239992388989776,3.0040027922950685,5.48199750483036,66.51700095972046,1,0
291,crossing,32582.099300948,47.42099918075837,2.6189991331193596,2.120999852195382,5.055000656284392,57.215998822357506,1,0
292,crossing,32582.23998073,56.89700265065767,2.152999513782561,2.472999767633155,4.3100008042529225,65.8330027363263,1,0
293,crossing,32582.366654142,51.76400009077042,2.5560002541169524,2.939999831141904,2.5940025807358325,59.85400275676511,0,0
294,crossing,32582.506289751,1.4739998732693493,3.9990009099710733,1.9049984985031188,1.5750010788906366,8.953000360634178,0,0
295,crossing,32582.633218592,0.8069982868619263,3.659002686617896,1.9369981600902975,1.1550000635907054,7.557999197160825,0,0
296,crossing,32582.76257396,2.0309998944867402,4.829998943023384,2.363998646615073,1.396001607645303,10.6209990917705,0,0
297,crossing,32582.903284264,1.558000803925097,4.382996849017218,1.8030004866886884,1.0020012268796563,8.74599936651066,0,0
298,crossing,32583.038491923,0.8990027708932757,3.884000761900097,1.8519967852625996,1.6710000636521727,8.306000381708145,0,0
299,crossing,32583.175380493,1.0859985195565969,3.1279996619559824,2.4370019673369825,61.47099702502601,68.12199717387557,1,1
300,crossing,32583.303687234,71.32499740691856,4.1669991333037615,3.8390026020351797,6.750000466126949,86.08099960838445,1,0
301,crossing,32583.433896786,46.804001613054425,2.901000698329881,3.2700008887331933,5.011999746784568,57.98700294690207,1,0
302,crossing,32583.571503091,70.54900197545066,5.34199716639705,5.206002242630348,9.510000381851569,90.60700176632963,1,0
303,crossing,32583.693049699,55.64300226978958,2.892997144954279,3.4140030038543046,2.9909970180597156,64.94099943665788,0,0
304,crossing,32583.82118405,1.7569982446730137,5.492001946549863,2.4619985197205096,2.04900061362423,11.759999324567616,0,0
305,crossing,32583.950273399,1.8049977370537817,5.029000021750107,1.9860017346218228,1.4270008250605315,10.247000318486243,0,0
306,crossing,32584.085870782,1.505999534856528,4.33699824498035,2.0030020095873624,1.811000402085483,9.657000191509724,0,0
307,crossing,32584.224048715,1.0669973562471569,4.347002686699852,3.058998117921874,1.1219999578315765,9.59499811870046,0,0
308,crossing,32584.361752773,0.843003363115713,3.4569966373965144,1.7420024960301816,1.1650008673314005,7.20700336387381,0,0
309,crossing,32584.488160079,1.2640011846087873,4.086999979335815,2.1999985619913787,1.1840020306408405,8.735001756576821,0,0
310,crossing,32584.618763923,0.8040005923248827,3.201999788871035,1.3499993656296283,1.3329990906640887,6.688998837489635,0,0
311,crossing,32584.754624029,1.5690020518377423,4.276000254321843,1.9069993868470192,1.2269993021618575,8.979000995168462,0,0
312,crossing,32584.892187684,0.9479990694671869,3.449000359978527,1.1230004020035267,0.90500179794617,6.42500162939541,0,0
313,crossing,32585.022887375,1.6310004866681993,5.095000233268365,3.0280025384854525,1.6469966794829816,11.400999937904999,0,0
314,crossing,32585.161730013,2.6560010155662894,6.258000212255865,3.1960007618181407,1.920001523103565,14.03000351274386,0,0
315,crossing,32585.300229044,1.00599936558865,3.167999238939956,1.543998223496601,0.9260002116207033,6.64399703964591,0,0
316,crossing,32585.431384134,1.7229976947419345,5.4820011428091675,2.2509993868879974,1.6129997675307095,11.068997991969809,0,0
317,crossing,32585.549142926,2.2319982235785574,5.494002834893763,3.0619994504377246,1.6970006981864572,12.485001207096502,0,0
318,crossing,32585.697970785,1.7610000213608146,5.303998477756977,2.3030006559565663,1.7849997675511986,11.152998922625557,0,0
319,crossing,32585.818007856,2.1699997887481004,4.093999450560659,1.9040016923099756,0.938998709898442,9.106999641517177,0,0
320,crossing,32585.963530734,1.9360013538971543,3.9849983295425773,1.8020000425167382,1.4659999578725547,9.188999683829024,0,0
321,crossing,32586.096925875,0.6119989848230034,4.3379986891523,1.9850012904498726,1.4770012057852,8.412000170210376,0,0
322,crossing,32586.22720663,1.6570011212024838,5.344998498912901,2.655000571394339,1.2509990483522415,10.907999239861965,0,0
323,crossing,32586.365424886,0.8999995770864189,3.791999915847555,1.4809993444941938,1.282001903746277,7.455000741174445,0,0
324,crossing,32586.512487363,1.2380005500745028,4.2669998947530985,2.158998540835455,1.0170006135012954,8.680999599164352,0,0
325,crossing,32586.628822909,1.5870027709752321,4.3479994928929955,2.210999809904024,1.1140000424347818,9.260002116207033,0,0
326,crossing,32586.748458198,1.2090022210031748,3.673998435260728,1.7570018826518208,0.7059970812406391,7.345999620156363,0,0
327,crossing,32586.893998821,1.082000380847603,8.73099997988902,2.2979984350968152,1.0320000001229346,13.142998795956373,0,0
328,crossing,32587.023668789,1.5400000847876072,4.171000909991562,1.8690006982069463,1.4270008250605315,9.007002518046647,0,0
329,crossing,32587.16578159,1.9129984138999134,4.478002665564418,1.9719991541933268,1.052998413797468,9.415998647455126,0,0
330,crossing,32587.292622733,1.0660005500540137,3.312001354061067,1.4609977370128036,1.034000888466835,6.873000529594719,0,0
331,crossing,32587.41768119,0.7279995770659298,2.987999323522672,1.2250020517967641,1.1970005289185792,6.138001481303945,0,0
332,crossing,32587.55597473,0.9550021786708385,3.736997314263135,1.8890023056883365,1.0499970812816173,7.6309988799039274,0,0
333,crossing,32587.689105035,1.5850018826313317,4.164998244959861,1.8999999156221747,1.4850011211819947,9.135001164395362,0,0
334,crossing,32587.824925217,2.1330015442799777,5.882000550627708,3.135999577352777,1.7829988792072982,12.934000551467761,0,0
335,crossing,32587.956056329,26.107998564839363,7.5930001912638545,2.988002961501479,1.8270002328790724,38.51600195048377,0,0
336,crossing,32588.088329552,1.791999238776043,5.162000888958573,2.6890011213254184,1.1999982234556228,10.842999472515658,0,0
337,crossing,32588.22380483,1.2250020517967641,4.112000169698149,1.7239981389138848,1.6570011212024838,8.718001481611282,0,0
338,crossing,32588.343925746,1.491000148234889,4.231998900650069,2.0750012481585145,1.1779993656091392,8.975999662652612,0,0
339,crossing,32588.485232121,1.2590026017278433,4.260000423528254,2.4900000425986946,1.2279997463338077,9.2370028141886,0,0
340,crossing,32588.611833217,0.938998709898442,4.4430016714613885,1.7029997252393514,1.1539996194187552,8.238999726017937,0,0
341,crossing,32588.750700491,1.2070013326592743,3.926998033421114,1.7179991118609905,1.1280026228632778,7.980001100804657,0,0
342,crossing,32588.878451515,0.8089991752058268,2.911001502070576,1.3110002328176051,0.9539980965200812,5.984999006614089,0,0
343,crossing,32589.033129726,1.4399993233382702,3.0429982871282846,1.7650017980486155,0.9039977157954127,7.151997124310583,0,0
344,crossing,32589.150130333,1.2939999578520656,4.6909990487620234,2.191001840401441,1.1919983080588281,9.367999155074358,0,0
345,crossing,32589.294352166,1.0859985195565969,4.585999704431742,2.677999873412773,1.2160016922280192,9.565999789629132,0,0
346,crossing,32589.436031328,1.8219980120193213,4.722001904156059,2.5379995349794626,1.314998371526599,10.396997822681442,0,0
347,crossing,32589.570880089,1.5600016922689974,4.368001100374386,2.6029993023257703,1.510998117737472,10.042000212706625,0,0
348,crossing,32589.710943414,1.6779995348770171,5.652000254485756,2.63900074060075,1.1160009307786822,11.085001460742205,0,0
349,crossing,32589.829771927,1.8749997252598405,5.421999958343804,2.5839981390163302,1.5969999367371202,11.477997759357095,0,0
350,crossing,32589.964548119,1.2320015230216086,5.917001544730738,2.5329973141197115,1.4310026017483324,11.11300298362039,0,0
351,crossing,32590.094393628,2.1610030671581626,5.961999704595655,2.9939983505755663,1.424999936716631,12.542001059046015,0,0
352,crossing,32590.2215241,1.7029997252393514,5.015997885493562,2.5120025384239852,1.8809987523127347,11.111998901469633,0,0
353,crossing,32590.358706003,1.1759984772652388,4.309000360080972,2.143999154213816,1.6459998732898384,9.274997864849865,0,0
354,crossing,32590.485745528,1.881999196484685,5.228001100476831,2.338998456252739,1.4870020095258951,10.93600076274015,0,0
355,crossing,32590.634012016,1.6789999790489674,4.545003321254626,2.2179992811288685,1.2860000424552709,9.728002623887733,0,0
356,crossing,32590.759482372,1.424999936716631,4.98200097354129,2.6099987735506147,1.3760000001639128,10.392999683972448,0,0
357,crossing,32590.899579565,1.1789998097810894,4.238998371874914,1.9270009943284094,1.1180018191225827,8.463000995106995,0,0
358,crossing,32591.026924867,2.8899994504172355,7.398997695418075,3.425000613788143,2.0709994714707136,15.784997231094167,0,0
359,crossing,32591.163298482,2.1090017980895936,5.12100086780265,2.3939974198583513,1.4739998732693493,11.097999959019944,0,0
360,crossing,32591.292699398,1.1629999789875,5.106001481181011,2.0709994714707136,1.6810008673928678,10.021001799032092,0,0
361,crossing,32591.425899627,1.0559997463133186,4.368001100374386,2.0269981177989393,1.3280005077831447,8.778999472269788,0,0
362,crossing,32591.562760661,1.3019998732488602,3.5570010368246585,1.529999281046912,0.990999978967011,7.380000170087442,0,0
363,crossing,32591.692232795,1.0229996405541897,3.9299993659369648,2.1179985196795315,1.0130024747923017,8.084000000962988,0,0
364,crossing,32591.836402812,1.8339997041039169,5.098998371977359,2.7419991965871304,1.4360011846292764,11.110998457297683,0,0
365,crossing,32591.951046798,1.1660013115033507,4.411998816067353,1.9699982658494264,1.1640004231594503,8.71199881657958,0,0
366,crossing,32592.088949162,1.4260003808885813,5.248999514151365,2.706001396290958,1.9090002751909196,11.290001566521823,0,0
367,crossing,32592.207613602,1.2849995982833207,4.601999535225332,2.3700013116467744,1.2809978215955198,9.537998266750947,0,0
368,crossing,32592.352564141,1.2309974408708513,4.644000000553206,2.245000359835103,1.4790020941291004,9.59899989538826,0,0
369,crossing,32592.486337433,1.319996954407543,4.194000212009996,2.65900234808214,1.3069984561298043,9.479997970629483,0,0
370,crossing,32592.625030471,1.648997567826882,5.83200016990304,2.196000423282385,1.6270023479592055,11.304000508971512,0,0
371,crossing,32592.763355248,0.9600007615517825,4.348999937064946,2.0089973986614496,1.267002517124638,8.585000614402816,0,0
372,crossing,32592.885737747,1.287000486627221,4.837998858420178,2.173997927457094,1.2080017768312246,9.506999049335718,0,0
373,crossing,32593.029264528,1.4840006770100445,5.432000762084499,3.1380004656966776,1.7620004655327648,11.816002370323986,0,0
374,crossing,32593.14486146,1.1429983715061098,4.23600067733787,1.6429985407739878,1.1709998943842947,8.192997484002262,0,0
375,crossing,32593.275952891,1.7940001271199435,5.453999619930983,2.95500285574235,1.4879988157190382,11.691001418512315,0,0
376,crossing,32593.411198853,1.5180012269411236,4.465000529307872,2.243999915663153,1.6699996194802225,9.897001291392371,0,0
377,crossing,32593.552076581,0.9610012057237327,4.458997864276171,2.2220010578166693,1.3360004231799394,8.978000550996512,0,0
378,crossing,32593.680937614,1.405998773407191,4.270001227268949,2.6099987735506147,1.863001671154052,10.149000445380807,0,0
379,crossing,32593.805735672,1.263000740436837,4.4430016714613885,2.5219997041858733,1.3079989003017545,9.536001016385853,0,0
380,crossing,32593.937976619,1.6410012904088944,4.370998794911429,2.263001078972593,1.2519994925241917,9.527000656817108,0,0
381,crossing,32594.075884399,1.691998477326706,3.9560000004712492,1.935000909725204,0.8569986675865948,8.439998055109754,0,0
382,crossing,32594.216436059,1.3409990060608834,4.456000169739127,2.6180023269262165,1.3569988368544728,9.7720003395807,0,0
383,crossing,32594.3447981,1.4659999578725547,5.57500243303366,2.701999619603157,1.2979980965610594,11.041000107070431,0,0
384,crossing,32594.47961393,2.052998752333224,4.564000846585259,2.476997906342149,1.606000296305865,10.699997801566496,0,0
385,crossing,32594.604209095,1.315002009505406,4.772999091073871,2.477998350514099,1.3179997040424496,9.883999155135825,0,0
386,crossing,32594.746468919,1.5700024960096925,4.981000529369339,2.6149973564315587,1.501000951975584,10.667001333786175,0,0
387,crossing,32594.883260791,1.5049990906845778,4.490000719670206,2.7099995349999517,1.4049983292352408,10.109997674589977,0,0
388,crossing,32595.01363832,1.4729994290973991,5.483001586981118,2.4099972506519407,1.7400016076862812,11.105999874416739,0,0
389,crossing,32595.139471501,1.811000402085483,4.258999979356304,2.2230015019886196,1.8449973140377551,10.137999197468162,0,0
390,crossing,32595.270091649,1.9069993868470192,5.8250006986781955,2.429998858133331,1.6550002328585833,11.816999176517129,0,0
391,crossing,32595.410648744,1.591000909684226,4.931996954837814,2.5520021154079586,1.353000698145479,10.428000678075477,0,0
392,crossing,32595.555814202,1.5269979485310614,5.530000635189936,2.302000211784616,1.630000042496249,10.988998838001862,0,0
393,crossing,32595.674581368,1.8130012904293835,4.429999535204843,2.1949999791104347,1.3739991118200123,9.811999916564673,0,0
394,crossing,32595.798912857,1.2979980965610594,4.123001417610794,2.007000148296356,1.2749987945426255,8.702998457010835,0,0
395,crossing,32595.930737671,2.0450024749152362,5.051999323768541,2.4809996830299497,1.6480007616337389,11.226002243347466,0,0
396,crossing,32596.073873035,0.9710020094644278,4.6770001063123345,2.173001121263951,1.381999027216807,9.20300226425752,0,0
397,crossing,32596.198181605,1.5459991118405014,5.255002179183066,2.4170003598555923,1.6640005924273282,10.882002243306488,0,0
398,crossing,32596.333273799,1.3970020518172532,5.3059993661008775,2.32499951380305,1.5600016922689974,10.588002623990178,0,0
399,crossing,32596.480368408,1.5219993656501174,4.892001015832648,2.5529989216011018,1.2300006346777081,10.196999937761575,0,0
400,crossing,32596.601254211,1.5369987522717565,4.823999915970489,2.3089996830094606,1.2220007192809135,9.89199907053262,0,0
401,crossing,32596.742228876,1.20100230560638,4.605997673934326,2.0789993868675083,1.3550015864893794,9.241000952897593,0,0
402,crossing,32596.879138958,1.7480015230830759,4.980996891390532,2.755001332843676,1.3780008885078132,10.862000635825098,0,0
403,crossing,32597.002229193,0.7880007615312934,4.051998985232785,2.4379987735301256,1.2500022421590984,8.528000762453303,0,0
404,crossing,32597.140222157,1.2279997463338077,4.622001142706722,2.1470004867296666,1.5240002539940178,9.521001629764214,0,0
405,crossing,32597.27897419,1.4609977370128036,4.245001036906615,2.3719985620118678,1.2840027920901775,9.362000128021464,0,0
406,crossing,32597.414720696,1.2700002116616815,4.281999281374738,2.378001227043569,1.229996996698901,9.15999771677889,0,0
407,crossing,32597.546702594,1.6189987945836037,5.337999027688056,2.2330023057293147,1.3329990906640887,10.522999218665063,0,0
408,crossing,32597.669373192,0.8019997039809823,2.7170026442036033,1.2499986041802913,0.90500179794617,5.674002750311047,0,0
409,crossing,32597.818124753,1.4549987099599093,4.468998668016866,2.65900234808214,1.3600001693703234,9.942999895429239,0,0
410,crossing,32597.942828064,1.920001523103565,5.064001015853137,2.7520000003278255,1.3039971236139536,11.039999662898481,0,0
411,crossing,32598.061294183,2.1429987100418657,5.169000360183418,2.520999260013923,1.3950011634733528,11.22799949371256,0,0
412,crossing,32598.208531252,1.2029995559714735,3.3100004657171667,1.5030018403194845,0.7239978003781289,6.7399996623862535,0,0
413,crossing,32598.334675864,1.481999788666144,4.2860010580625385,2.163000317523256,1.4879988157190382,9.418999979970977,0,0
414,crossing,32598.480986766,1.3889984984416515,5.567002517636865,2.333999873371795,1.757998688844964,11.047999578295276,0,0
415,crossing,32598.595913681,1.229996996698901,4.554000042844564,2.549000782892108,1.2279997463338077,9.56099756876938,0,0
416,crossing,32598.740475301,1.653999788686633,4.779998562298715,2.592998498585075,1.344000338576734,10.370997188147157,0,0
417,crossing,32598.872147248,1.6590020095463842,5.93399818171747,2.196000423282385,1.6589983715675771,11.447998986113816,0,0
418,crossing,32599.006894588,1.0269977792631835,3.94000016967766,2.102002326864749,1.128999429056421,8.197999704862013,0,0
419,crossing,32599.1425014,1.5699988580308855,4.612000338966027,2.34400067711249,1.243999577127397,9.7699994512368,0,0
420,crossing,32599.273362021,1.9940016500186175,4.691999492933974,2.225999196525663,1.5430014173034579,10.455001756781712,0,0
421,crossing,32599.415174514,1.610998879186809,6.148999091237783,2.18700006371364,1.2810014595743269,11.22799949371256,0,0
422,crossing,32599.539994972,1.2919990695081651,8.304999937536195,2.534998202463612,1.3400021998677403,13.471999409375712,0,0
423,crossing,32599.68691807,0.70999885792844,5.0819980970118195,2.8410031518433243,1.3259996194392443,9.958999726222828,0,0
424,crossing,32599.810098238,1.434000296285376,4.278001142665744,2.411001332802698,1.2189993867650628,9.34200215851888,0,0
425,crossing,32599.94620347,1.3799981388729066,4.935001925332472,2.60199885815382,1.2609998520929366,10.177998774452135,0,0
426,crossing,32600.072692477,1.720000000204891,4.862002242589369,2.4670007405802608,1.8789978639688343,10.928000847343355,0,0
427,crossing,32600.208575708,1.6750018403399736,5.075999069958925,2.3620013962499797,1.4119978004600853,10.525000107008964,0,0
428,crossing,32600.340985625,1.1109987099189311,4.1620005504228175,1.7800011846702546,0.9399991540703923,7.992999599082395,0,0
429,crossing,32600.470384989,1.663000148255378,4.444998921826482,2.625001798151061,1.2419986887834966,9.974999557016417,0,0
430,crossing,32600.594403073,1.5139994502533227,4.37600101577118,2.516000677132979,1.3319986464921385,9.73799978964962,0,0
431,crossing,32600.72318615,1.4600009308196604,5.015997885493562,2.22400194616057,1.4590004866477102,10.159001249121502,0,0
432,crossing,32600.869175836,2.840999513864517,7.810998795321211,3.064000338781625,1.8270002328790724,15.542998880846426,0,0
433,crossing,32600.990222472,1.815002178773284,4.623998393071815,2.22400194616057,1.495998731115833,10.159001249121502,0,0
434,crossing,32601.13669787,2.930999471573159,7.518003258155659,3.1529998523183167,1.4739998732693493,15.076002455316484,0,0
435,crossing,32601.269540043,2.497003151802346,6.342997949104756,3.854998794849962,2.1380001271609217,14.833000022917986,0,0
436,crossing,32601.402353529,1.4850011211819947,5.161997250979766,1.6870035324245691,1.009997504297644,9.343999408883974,0,0
437,crossing,32601.536770806,1.5929981600493193,5.915000656386837,2.2370004444383085,1.700998836895451,11.445998097769916,0,0
438,crossing,32601.657254268,1.4930010365787894,4.241999704390764,2.1550004021264613,1.543998223496601,9.433999366592616,0,0
439,crossing,32601.799843117,1.7419988580513746,5.023000994697213,2.5720000849105418,1.9039980543311685,11.240997991990298,0,0
440,crossing,32601.925647964,1.0120020306203514,4.5960005081724375,2.2179992811288685,1.3280005077831447,9.154002327704802,0,0
441,crossing,32602.057962707,1.3110002328176051,3.8440011849161237,2.58199725067243,1.4220022421795875,9.159000910585746,0,0
442,crossing,32602.205709959,1.7220008885487914,4.773999535245821,2.4170003598555923,1.5789992175996304,10.492000001249835,0,0
443,crossing,32602.334620996,1.8780010577756912,5.0819980970118195,2.4330001906491816,1.5040022844914347,10.897001629928127,0,0
444,crossing,32602.458908659,1.9500002963468432,4.961999366059899,2.229000529041514,1.3800017768517137,10.52100196829997,0,0
445,crossing,32602.595665676,1.7570018826518208,4.554000042844564,2.076998498523608,1.329000951955095,9.717001375975087,0,0
446,crossing,32602.724904181,1.3080025382805616,4.131998139200732,1.5920013538561761,1.2089985830243677,8.241000614361838,0,0
447,crossing,32602.866248443,2.0890001906082034,6.772999768145382,3.0230003176257014,1.6160011000465602,13.501001376425847,0,0
448,crossing,32602.996457087,1.8360005924478173,5.025998689234257,2.5170011213049293,1.2790005712304264,10.65800097421743,0,0
449,crossing,32603.129043756,2.4620021576993167,6.8199988163542,2.9100010578986257,1.8780010577756912,14.070003089727834,0,0
450,crossing,32603.265162456,2.9140028345864266,7.560996891697869,3.468001523287967,2.1810010366607457,16.124002286233008,0,0
451,crossing,32603.386926304,2.1310006559360772,5.164998583495617,2.707001840462908,1.4609977370128036,11.463998816907406,0,0
452,crossing,32603.516928834,1.2349992175586522,4.883000656263903,2.7509995561558753,1.2460004654712975,10.114999895449728,0,0
453,crossing,32603.652486585,1.8319988157600164,6.690999725833535,3.589000698411837,2.0500010577961802,14.162000297801569,0,0
454,crossing,32603.784458666,1.119999069487676,4.6290006139315665,2.5030021788552403,1.8559985619504005,10.108000424224883,0,0
455,crossing,32603.924514977,1.2540003808680922,3.649001882877201,2.229997335234657,1.2070013326592743,8.340000931639224,0,0
456,crossing,32604.061019574,1.6789999790489674,4.80699964100495,2.025997673626989,1.3280005077831447,9.839997801464051,0,0
457,crossing,32604.200718158,1.2950004020240158,4.443998477654532,1.730000803945586,0.9520008461549878,8.421000529779121,0,0
458,crossing,32604.330452808,2.0469997252803296,5.195000994717702,2.6569978217594326,1.5430014173034579,11.441999959060922,0,0
459,crossing,32604.447076621,1.0049989214166999,3.9229998947121203,1.6230005712714046,1.0280018614139408,7.579001248814166,0,0
460,crossing,32604.594216754,0.7919989002402872,3.7669997254852206,2.0469997252803296,1.257998519577086,7.863996870582923,0,0
461,crossing,32604.71568785,1.9370017980691046,5.713998689316213,1.9670005713123828,2.192999090766534,11.811000149464235,0,0
462,crossing,32604.86745856,2.025000867433846,4.232999344822019,2.2380008886102587,1.6020021575968713,10.098003258462995,0,0
463,crossing,32604.978599097,2.377997589064762,6.0490019677672535,4.304998583393171,1.9750004867091775,14.706998626934364,0,0
464,crossing,32605.122926179,1.3280005077831447,4.793000698555261,2.4029977794270962,1.8850005290005356,10.408999514766037,0,0
465,crossing,32605.260620467,1.4260003808885813,4.999998054699972,2.925000444520265,1.4219986042007804,10.772997484309599,0,0
466,crossing,32605.384638776,2.392000169493258,5.647001671604812,3.0800001695752144,1.5090008673723787,12.628002878045663,0,0
467,crossing,32605.541424617,1.776999852154404,4.588000592775643,2.2799977159593254,1.2490017979871482,9.89399995887652,0,0
468,crossing,32605.655168698,1.6570011212024838,4.903002263745293,2.730997948674485,1.224001607624814,10.515002941247076,0,0
469,crossing,32605.794374519,1.4690012903884053,4.7909998102113605,2.491000486770645,1.558000803925097,10.309002391295508,0,0
470,crossing,32605.926390448,1.0780022421386093,4.952999006491154,2.3049979063216597,1.8419996195007116,10.177998774452135,0,0
471,crossing,32606.04722547,1.067000994225964,4.501998773775995,2.197000867454335,1.600998075446114,9.366998710902408,0,0
472,crossing,32606.184245574,1.3280005077831447,5.056997906649485,2.61999957729131,1.439002517145127,10.444000508869067,0,0
473,crossing,32606.317927696,1.6599988157395273,5.701000191038474,3.2230018405243754,1.972999598365277,12.557000445667654,0,0
474,crossing,32606.448431713,1.3709977793041617,5.117002729093656,2.0089973986614496,1.739001163514331,10.235999070573598,0,0
475,crossing,32606.57507237,0.705000275047496,2.8379981813486665,1.386000803904608,0.9360010153613985,5.865000275662169,0,0
476,crossing,32606.720148004,1.5760015230625868,4.5289998524822295,2.2940002963878214,1.3419994502328336,9.741001122165471,0,0
477,crossing,32606.838722642,1.8719983927439898,4.6530003601219505,2.7030000637751073,1.5309997252188623,10.75899854185991,0,0
478,crossing,32606.971119335,1.7409984138794243,4.849000106332824,2.6400011847727,1.600998075446114,10.830997780431062,0,0
479,crossing,32607.110124072,1.4639990695286542,3.6989986256230623,1.8409991753287613,1.0510011634323746,8.054998033912852,0,0
480,crossing,32607.244268718,0.8030001481529325,3.1229974410962313,1.6379999578930438,1.167001755675301,6.730999302817509,0,0
481,crossing,32607.379195881,1.0229996405541897,4.017001629108563,1.8369973986409605,1.1470001481939107,8.023998816497624,0,0
482,crossing,32607.524427804,2.234999556094408,4.769000952364877,2.4529981601517648,1.4930010365787894,10.949999705189839,0,0
483,crossing,32607.64007547,1.248998160008341,4.770001396536827,2.1800005924887955,1.2919990695081651,9.490999218542129,0,0
484,crossing,32607.765813002,1.639000402064994,5.841000529471785,2.477998350514099,1.7730017134454101,11.731000995496288,0,0
485,crossing,32607.913303319,1.977998181246221,4.379999154480174,1.6030026017688215,1.1400006769690663,9.101000614464283,0,0
486,crossing,32608.041053042,1.549000444356352,4.975998308509588,2.5699991965666413,1.5650002751499414,10.659998224582523,0,0
487,crossing,32608.176335523,2.026001311605796,5.140998837305233,2.630000381032005,1.4930010365787894,11.290001566521823,0,0
488,crossing,32608.304757837,1.3470016710925847,4.522000381257385,2.0179977582301944,1.7890015442389995,9.676001354819164,0,0
489,crossing,32608.439075421,2.176999259972945,5.523001163965091,2.7470014174468815,1.4099969121161848,11.856998753501102,0,0
490,crossing,32608.580704758,1.5260011423379183,4.636000085156411,2.0229999790899456,1.4710021787323058,9.65600338531658,0,0
491,crossing,32608.708174752,1.3990029401611537,4.9959999159909785,2.534998202463612,1.3940007193014026,10.324001777917147,0,0
492,crossing,32608.831116266,1.5700024960096925,5.725996743422002,4.247001925250515,2.0359984773676842,13.578999642049894,0,0
493,crossing,32608.979670502,1.2749987945426255,5.041998520027846,2.643999323481694,1.4060024113859981,10.366999049438164,0,0
494,crossing,32609.116585531,1.3490025594364852,4.464000085135922,2.540997229516506,1.4170000213198364,9.77099989540875,0,0
495,crossing,32609.229538697,1.5270015865098685,5.150999641045928,2.4219989427365363,1.4979996194597334,10.597999789752066,0,0
496,crossing,32609.368129425,1.3560020306613296,4.516001354204491,2.153999957954511,1.267999323317781,9.294002666138113,0,0
497,crossing,32609.510977461,1.4639990695286542,4.4430016714613885,2.1570012904703617,1.2509990483522415,9.315001079812646,0,0
498,crossing,32609.650850747,1.6280027921311557,4.980000085197389,2.2419990273192525,1.4039978850632906,10.253999789711088,0,0
499,crossing,32609.779393615,0.957999873207882,3.46999877365306,1.5639998309779912,1.405998773407191,7.3979972512461245,0,0
500,crossing,32609.909320959,1.691001671133563,4.6099994506221265,2.110999048454687,1.324999175267294,9.73699934547767,0,0
501,crossing,32610.042766254,1.6240010154433548,4.610999894794077,2.34500112128444,1.9809995137620717,10.561001545283943,0,0
502,crossing,32610.175347481,1.167001755675301,4.262998118065298,2.0560000848490745,1.2970012903679162,8.78300124895759,0,0
503,crossing,32610.308826076,1.1299998732283711,5.663998308591545,2.2329986677505076,1.7420024960301816,10.768999345600605,0,0
504,crossing,32610.440090348,1.7380007193423808,4.614001227309927,2.1169980755075812,1.8090031517203897,10.278003173880279,0,0
505,crossing,32610.571785896,1.481999788666144,5.36099832970649,2.595999831100926,1.2160016922280192,10.654999641701579,0,0
506,crossing,32610.71126397,1.7429993022233248,4.511002771323547,2.2409985831473023,1.6020021575968713,10.097002814291045,0,0
507,crossing,32610.846947334,0.6160007615108043,3.8659964047838002,1.5780024114064872,0.9799987310543656,7.039998308755457,0,0
508,crossing,32610.964219071,1.2700002116616815,4.246998287271708,2.220000169472769,1.6090016288217157,9.346000297227874,0,0
509,crossing,32611.111359511,1.3509998098015785,4.114001058042049,2.269000106025487,1.5669975255150348,9.30099849938415,0,0
510,crossing,32611.23903495,0.7600028766319156,4.257999535184354,1.5400000847876072,1.0189978638663888,7.577000360470265,0,0
511,crossing,32611.367338073,2.7099995349999517,6.938000296941027,3.3510004868730903,2.4820001272019,15.481000446015969,0,0
512,crossing,32611.493454365,1.4129982446320355,5.4869997256901115,2.2710009943693876,1.5209989214781672,10.691997886169702,0,0
513,crossing,32611.632757932,1.7020029190462083,4.555997293209657,2.2230015019886196,1.1129995982628316,9.594001312507316,0,0
514,crossing,32611.771927838,1.1840020306408405,3.769000613829121,2.0409970602486283,0.7090020517352968,7.703001756453887,0,0
515,crossing,32611.89905652,1.1749980330932885,4.213001375319436,2.153999957954511,1.1500014807097614,8.692000847076997,0,0
516,crossing,32612.025917489,1.353997504338622,3.992001438746229,2.0179977582301944,1.034000888466835,8.39799758978188,0,0
517,crossing,32612.148408999,1.481999788666144,3.5709999792743474,2.0129991753492504,1.038999471347779,8.104998414637521,0,0
518,crossing,32612.296397318,0.7649978215340525,3.0900009733159095,1.3470016710925847,0.7199996616691351,5.922000127611682,0,0
519,crossing,32612.428667958,1.2749987945426255,3.6660021578427404,1.8479986465536058,0.7589987944811583,7.54799839342013,0,0
520,crossing,32612.562180824,1.1310003174003214,3.183999069733545,1.5130026440601796,0.6989976100157946,6.526999641209841,0,0
521,crossing,32612.692546133,1.0160001693293452,3.883000317728147,1.9260005501564592,1.0369985830038786,7.86199962021783,0,0
522,crossing,32612.832398918,1.7000020307023078,4.21599906985648,2.0789993868675083,1.014999725157395,9.01000021258369,0,0
523,crossing,32612.963708962,0.9309987945016474,4.298999556340277,1.9120016077067703,1.0699986887630075,8.211998647311702,0,0
524,crossing,32613.10088897,1.606000296305865,3.8940015656407923,1.9840008462779224,1.1639967851806432,8.647999493405223,0,0
525,crossing,32613.23010818,1.8550017557572573,3.149998519802466,1.787000655895099,1.0279982234351337,7.819999154889956,0,0
526,crossing,32613.346144626,1.7719976312946528,4.313002136768773,2.034001227002591,1.3529970601666719,9.471998055232689,0,0
527,crossing,32613.496301719,1.3810022210236639,4.132998583372682,2.2429994714912027,1.1610027286224067,8.918003004509956,0,0
528,crossing,32613.617463622,1.6280027921311557,4.156998329563066,2.005999704124406,1.3710014172829688,9.162002243101597,0,0
529,crossing,32613.754261971,1.972999598365277,6.689999281661585,3.0240007617976516,1.9479994080029428,13.634999049827456,0,0
530,crossing,32613.888765237,1.835000148275867,4.546000127447769,2.1560008462984115,1.338998117716983,9.87599923973903,0,0
531,crossing,32614.019757938,2.977998519781977,8.221002644859254,4.61399758933112,2.04900061362423,17.86199936759658,0,0
532,crossing,32614.159923198,1.7079983081202954,4.675002855947241,2.6269990485161543,1.5090008673723787,10.51900107995607,0,0
533,crossing,32614.29200553,1.730000803945586,5.650999810313806,2.554999809945002,1.33900175569579,11.275002179900184,0,0
534,crossing,32614.425705963,2.119999408023432,6.734000635333359,3.5230004868935794,1.8339997041039169,14.211000234354287,0,0
535,crossing,32614.563350334,1.6710000636521727,4.863999492954463,3.1859999580774456,1.4940014807507396,11.21500099543482,0,0
536,crossing,32614.701279388,1.5229998098220676,5.246001819614321,14.142999134492129,1.2170021363999695,22.129002900328487,0,0
537,crossing,32614.830213449,1.6909980331547558,4.044002707814798,2.1849991753697395,1.6400008462369442,9.560000762576237,0,0
538,crossing,32614.972754423,1.3760000001639128,4.09700078307651,2.1790001483168453,1.5759978850837797,9.227998816641048,0,0
539,crossing,32615.098354581,1.4090001059230417,5.106998287374154,2.3600005079060793,1.3540011423174292,10.230000043520704,0,0
540,crossing,32615.233163095,1.1740012269001454,5.433001206256449,2.3949978640303016,1.8450009520165622,10.847001249203458,0,0
541,crossing,32615.354021676,1.205997250508517,4.469002305995673,2.206998033216223,1.2070013326592743,9.088998922379687,0,0
542,crossing,32615.487606668,1.0809999366756529,4.1719977161847055,1.863001671154052,1.0609983291942626,8.176997653208673,0,0
543,crossing,32615.621071169,1.3919998309575021,5.527999746846035,2.091001078952104,1.095999323297292,10.106999980052933,0,0
544,crossing,32615.749582461,2.015996869886294,6.011003279127181,2.4719993234612048,1.1279989848844707,11.62699845735915,0,0
545,crossing,32615.88728755,0.686002749716863,4.162997356615961,2.7180030883755535,1.2829987099394202,8.850001904647797,0,0
546,crossing,32616.034538632,1.3809985830448568,4.371002432890236,2.0649968064390123,1.1640004231594503,8.980998245533556,0,0
547,crossing,32616.16441514,1.1590018402785063,4.200999683234841,2.106000465573743,1.5669975255150348,9.032999514602125,0,0
548,crossing,32616.293963246,2.1230007405392826,6.374000804498792,2.891996700782329,1.9280014385003597,13.316999684320763,0,0
549,crossing,32616.425120349,2.106000465573743,6.967002263991162,2.6429988793097436,1.047999830916524,12.764001439791173,0,0
550,crossing,32616.569024236,1.800999598344788,4.289999196771532,2.1000014385208488,1.5410005289595574,9.732000762596726,0,0
551,crossing,32616.698243196,1.2220007192809135,4.5769993448629975,2.4900000425986946,1.5350015019066632,9.824001608649269,0,0
552,crossing,32616.827623647,1.7649981600698084,5.460999091155827,2.359000063734129,1.4090001059230417,10.993997420882806,0,0
553,crossing,32616.957346951,1.4600009308196604,5.295998562360182,2.888002200052142,1.3309982023201883,10.974999895552173,0,0
554,crossing,32617.100985362,1.776999852154404,5.226997018326074,2.2810017981100827,1.929998688865453,11.214997357456014,0,0
555,crossing,32617.238807076,1.2380005500745028,4.23800156568177,2.0699990272987634,1.5080004232004285,9.054001566255465,0,0
556,crossing,32617.372307127,0.7429989636875689,4.597000952344388,1.7599995771888644,1.1470001481939107,8.246999641414732,0,0
557,crossing,32617.50396931,2.1039995772298425,5.210000381339341,2.736000169534236,1.9270009943284094,11.97700112243183,0,0
558,crossing,32617.635138771,1.7950005712918937,4.773002729052678,2.487999154254794,1.4229990483727306,10.479001502972096,0,0
559,crossing,32617.755230105,2.0450024749152362,5.236001015873626,2.4609980755485594,1.4190009096637368,11.161002476001158,0,0
560,crossing,32617.887354871,1.1420015653129667,4.443998477654532,2.1949999791104347,1.1420015653129667,8.9230015873909,0,0
561,crossing,32618.032110769,0.9729992598295212,2.7599999157246202,1.787000655895099,0.9010000212583691,6.4209998527076095,0,0
562,crossing,32618.143857017,1.6619997040834278,12.954002158949152,2.4839973775669932,1.0830008250195533,18.183000065619126,0,0
563,crossing,32618.27916126,1.705997419776395,4.114001058042049,2.1679989004042,1.18200114229694,9.169998520519584,0,0
564,crossing,32618.427880105,1.8600003386382014,4.3910004023928195,2.3800021153874695,1.0359981388319284,9.667000995250419,0,0
565,crossing,32618.560243597,0.9370014595333487,3.851000656140968,2.3939974198583513,1.1200027074664831,8.302002242999151,0,0
566,crossing,32618.694686311,0.9710020094644278,3.697998181451112,1.8169994291383773,1.3250028132461011,7.811002433300018,0,0
567,crossing,32618.822451024,1.3760000001639128,3.8389989640563726,2.091001078952104,1.0459989425726235,8.351998985745013,0,0
568,crossing,32618.937012889,1.2429991329554468,4.155001079197973,2.4469991330988705,1.047999830916524,8.892999176168814,0,0
569,crossing,32619.080948252,1.710999640636146,3.8849975680932403,1.9319995772093534,1.405001967214048,8.932998753152788,0,0
570,crossing,32619.209913639,2.4460023269057274,6.508998922072351,2.6519992388784885,1.4190009096637368,13.026001397520304,0,0
571,crossing,32619.352509136,0.6900008884258568,3.7710015021730214,1.7559978005010635,1.1320007615722716,7.349000952672213,0,0
572,crossing,32619.482030763,3.0430019251070917,6.344998837448657,3.2130010367836803,1.5639998309779912,14.16500163031742,0,0
573,crossing,32619.613983951,1.2540003808680922,3.9389997255057096,2.1470004867296666,1.167998561868444,8.507999154971913,0,0
574,crossing,32619.7486133,1.3940007193014026,4.608002200257033,2.414999471511692,1.1129995982628316,9.530001989332959,0,0
