frame,tracker,timestamp,predict_us,associate_us,update_us,create_delete_us,total_us,num_tracks,num_detections
1,object,34129.519499632,1.067004632204771,5.328998668119311,1.8860009731724858,78.29799869796261,86.58000297145918,1,1
2,object,34129.542023676,37.309000617824495,140.55500651011243,35.20799509715289,3.535998985171318,216.60800121026114,1,1
3,object,34129.566316919,28.44599657692015,103.69800293119624,30.262999644037336,2.6339985197409987,165.04099767189473,1,1
4,object,34129.590785544,37.063997297082096,116.62099859677255,31.91900032106787,2.910004695877433,188.51400091079995,1,1
5,object,34129.614325776,36.306002584751695,114.01400115573779,33.865995646920055,3.0940063879825175,187.28000577539206,1,1
6,object,34129.639884903,36.0609992640093,142.57000293582678,41.0879947594367,3.3700052881613374,223.0890022474341,1,1
7,object,34129.666188469,47.53400571644306,154.49700003955513,49.049995141103864,4.175999492872506,255.25700038997456,1,1
8,object,34129.692732463,38.59499702230096,108.99900371441618,32.55299816373736,3.1270028557628393,183.27400175621733,1,1
9,object,34129.720411117,40.7210027333349,131.60399976186454,41.350998799316585,3.4149998100474477,217.09100110456347,1,1
10,object,34129.744763165,28.99899845942855,108.02999895531684,35.10700480546802,2.9459988581947982,175.0820010784082,1,1
11,object,34129.768174352,36.51100269053131,113.08899411233142,34.711003536358476,3.2679963624104857,187.5789967016317,1,1
12,object,34129.793801595,48.802001401782036,159.54399714246392,50.35800131736323,5.30000397702679,264.004003838636,1,1
13,object,34129.822327938,33.136995625682175,105.06100079510361,34.34599784668535,2.505003067199141,175.04899733467028,1,1
14,object,34129.850417874,30.314004106912762,102.64400043524802,31.402996683027595,2.967004547826946,167.32800577301532,1,1
15,object,34129.874846964,38.509002479258925,136.28000306198373,38.04999869316816,3.5709963412955403,216.41000057570636,1,1
16,object,34129.898702943,30.620998586528003,100.88600538438186,30.447998142335564,2.907996531575918,164.86299864482135,1,1
17,object,34129.924784886,40.92099698027596,141.50000060908496,692.9559967829846,4.398003511596471,879.774997883942,1,1
18,object,34129.949704396,42.82000008970499,135.51700249081478,36.27499972935766,3.4849945222958922,218.09699683217332,1,1
19,object,34129.977814122,37.07499854499474,113.14400035189465,30.700000934302807,2.9989969334565103,183.9179967646487,1,1
20,object,34130.002480559,32.13700256310403,99.85699580283836,29.519003874156624,2.5279950932599604,164.04099733335897,1,1
21,object,34130.026368203,36.811004974879324,106.13499762257561,29.627997719217092,3.1509989639744163,175.72499928064644,1,1
22,object,34130.049828206,32.89400046924129,103.55999984312803,32.70000161137432,7.267997716553509,176.42199964029714,1,1
23,object,34130.074257547,54.24499977380037,154.5449995319359,49.100002797786146,4.782996256835759,262.6729983603582,1,1
24,object,34130.098835221,44.1250012954697,166.090001584962,72.1969990991056,7.185997674241662,289.59799965377897,1,1
25,object,34130.123372359,41.78700328338891,139.44999955128878,47.74700209964067,6.151996785774827,235.1360017200932,1,1
26,object,34130.148249265,35.186996683478355,104.5520039042458,30.89399979216978,3.0249939300119877,173.65799430990592,1,1
27,object,34130.171386298,32.64899714849889,106.72299686120823,32.82599936937913,2.8140057111158967,175.01199909020215,1,1
28,object,34130.195994645,37.582998629659414,109.09100092248991,32.0370018016547,2.72099714493379,181.4319984987378,1,1
29,object,34130.220947522,36.577999708242714,121.71400157967582,32.163996365852654,3.1509989639744163,193.6069966177456,1,1
30,object,34130.24587455,40.26200622320175,128.4729951294139,45.67200085148215,4.469002305995673,218.87600451009348,1,1
31,object,34130.271395766,31.62500070175156,101.67499567614868,29.939001251477748,2.4999972083605826,165.73899483773857,1,1
32,object,34130.295114987,37.23300324054435,113.63800149410963,31.730996852274984,2.8049980755895376,185.4069996625185,1,1
33,object,34130.320598104,46.922999899834394,151.05700003914535,45.22699600784108,12.073003745172173,255.279999691993,1,1
34,object,34130.34690244,33.13300112495199,105.8710040524602,29.700997401960194,2.77700019069016,171.48200277006254,1,1
35,object,34130.370623478,47.3830004921183,147.45400403626263,86.9249997776933,7.315000402741134,289.07700470881537,1,1
36,object,34130.394990054,40.95899930689484,109.1800004360266,28.905997169204056,2.7380010578781366,181.78299797000363,1,1
37,object,34130.419391364,34.11600482650101,103.86199573986232,32.2539999615401,3.4039985621348023,173.63599909003824,1,1
38,object,34130.442635909,37.64600114664063,117.38600005628541,37.75500226765871,3.549997927621007,196.33700139820576,1,1
39,object,34130.466665489,37.54799399757758,111.1490055336617,34.36199767747894,2.840002707671374,185.89899991638958,1,1
40,object,34130.492792413,46.117995225358754,141.80700236465782,74.06299846479669,5.194000550545752,267.181996605359,1,1
41,object,34130.517909677,39.86399678979069,134.28099919110537,34.395001421216875,3.5289995139464736,212.0689969160594,1,1
42,object,34130.542762094,34.02400034246966,107.35199612099677,32.723997719585896,2.982000296469778,177.0819944795221,1,1
43,object,34130.566590753,34.64199835434556,100.22300557466224,28.931994165759534,2.592001692391932,166.38899978715926,1,1
44,object,34130.591929086,43.05900074541569,154.0830053272657,54.525000450666994,5.411995516624302,257.0790020399727,1,1
45,object,34130.615739301,29.328999517019838,102.2830037982203,31.13999991910532,3.031993401236832,165.7839966355823,1,1
46,object,34130.640973495,50.52699998486787,114.48800069047138,31.258001399692148,3.3190008252859116,199.5920029003173,1,1
47,object,34130.666229427,33.614000130910426,103.22700109099969,31.41199704259634,2.9520015232264996,171.20499978773296,1,1
48,object,34130.68979444,37.08300209837034,134.68300312524661,47.34899994218722,3.893997927661985,223.00900309346616,1,1
49,object,34130.713937346,44.41900091478601,153.58399832621217,46.524000936187804,4.112000169698149,248.63900034688413,1,1
50,object,34130.740761356,36.775003536604345,137.4159983242862,45.69200245896354,4.35399851994589,224.23700283979997,1,1
51,object,34130.764887668,32.26999979233369,117.3009950434789,33.70700142113492,2.892003976739943,186.17000023368746,1,1
52,object,34130.906590398,37.12099714903161,110.68700405303389,33.69100159034133,3.073997504543513,184.57300029695034,1,1
53,object,34130.931789485,30.145994969643652,100.55100574390963,31.219999073073268,2.759996277745813,164.67699606437236,1,1
54,object,34130.955766442,36.8289984180592,109.46000111289322,34.32200173847377,3.43199644703418,184.04299771646038,1,1
55,object,34130.980079857,54.61100226966664,167.4349987297319,48.0009985039942,5.150002834852785,275.1970023382455,1,1
56,object,34131.005695952,39.697995816823095,148.659004480578,47.26499901153147,3.76399839296937,239.38599770190194,1,1
57,object,34131.030092078,46.391003706958145,145.97299741581082,60.34399848431349,4.394998541101813,257.10299814818427,1,1
58,object,34131.054751211,36.43400123110041,141.38199912849814,46.234003093559295,3.7950012483634055,227.84500470152125,1,1
59,object,34131.079971785,46.35299410438165,143.52600555866957,44.71500142244622,3.8049984141252935,238.39899949962273,1,1
60,object,34131.103207021,40.72199953952804,137.9630048177205,44.65399979380891,3.9349979488179088,227.27400209987536,1,1
61,object,34131.13148213,50.98400288261473,157.0230015204288,47.95900167664513,4.3769978219643235,260.343003901653,1,1
62,object,34131.162005641,55.36699609365314,164.62399798911065,45.612003304995596,3.788001777138561,269.39099916489795,1,1
63,object,34131.187249446,37.64800203498453,138.9030003338121,44.733998947776854,4.121000529266894,225.40600184584036,1,1
64,object,34131.212100396,44.94400491239503,136.48499589180574,43.45799970906228,4.229004844091833,229.11600535735488,1,1
65,object,34131.235477234,41.24900442548096,135.55899931816384,44.27399835549295,3.906003257725388,224.98800535686314,1,1
66,object,34131.261023839,41.4240057580173,134.2129980912432,43.64200140116736,3.7399950088001788,223.01900025922805,1,1
67,object,34131.287308735,48.75400190940127,147.80099445488304,35.14299896778539,3.826004103757441,235.52399943582714,1,1
68,object,34131.312977876,40.86799890501425,108.31400140887126,32.463998650200665,2.7990026865154505,184.44500165060163,1,1
69,object,34131.3378967,29.999995604157448,217.64999837614596,30.27200000360608,2.6270063244737685,280.54900030838326,1,1
70,object,34131.361619486,35.450000723358244,117.64699593186378,35.160002880729735,3.1460003810934722,191.40299991704524,1,1
71,object,34131.386627355,48.23299968848005,148.5859975218773,632.9730022116564,5.6200005928985775,835.4120000149123,1,1
72,object,34131.41266209,34.22600275371224,104.86700193723664,30.71899845963344,2.8040012693963945,172.6160044199787,1,1
73,object,34131.437388056,49.61800004821271,172.0529980957508,73.08900239877403,5.210000381339341,299.9700009240769,1,1
74,object,34131.793057358,49.7840010211803,205.45799634419382,51.06600292492658,4.661997081711888,310.9699973720126,1,1
75,object,34131.821074175,46.713998017366976,100.36500316346064,30.406001314986497,2.686996595002711,180.17199909081683,1,1
76,object,34131.848648828,32.9409958794713,106.83800064725801,32.29200228815898,3.9439983083866537,176.01499712327495,1,1
77,object,34131.873085294,34.69800140010193,100.40999768534675,30.13099922100082,2.987006155308336,168.22600446175784,1,1
78,object,34131.896796056,36.84900002554059,107.83800098579377,31.884002964943647,2.843997208401561,179.41500118467957,1,1
79,object,34131.923261405,46.0599985672161,149.5690012234263,51.406001148279756,4.501001967582852,251.53600290650502,1,1
80,object,34131.951236224,39.03000470018014,135.2379986201413,162.7829988137819,4.159002855885774,341.2100049899891,1,1
81,object,34131.976046434,44.79500057641417,158.0660027684644,72.00699474196881,4.7670037019997835,279.63500178884715,1,1
82,object,34132.001060773,41.13899922231212,140.72700287215412,47.34899994218722,4.3359978008084,233.55099983746186,1,1
83,object,34132.025222495,38.3910009986721,133.90999811235815,46.39699909603223,4.29100327892229,222.98900148598477,1,1
84,object,34132.050938368,49.18900231132284,155.82299965899438,474.75100291194394,5.116999091114849,684.880003973376,1,1
85,object,34132.077037743,35.357996239326894,107.06200555432588,32.65899431426078,2.9510047170333564,178.0300008249469,1,1
86,object,34132.441147861,36.598001315724105,113.05900261504576,28.83200068026781,3.1659947126172483,181.65499932365492,1,1
87,object,34132.46715992,35.53200076567009,116.10100045800209,29.74299422930926,3.3100004657171667,184.6859959186986,1,1
88,object,34132.494356825,34.564000088721514,109.27199764410034,32.4180000461638,2.7049973141402006,178.95899509312585,1,1
89,object,34132.518890053,46.113003918435425,196.59599638544023,72.37899990286678,5.640002200379968,320.7280024071224,1,1
90,object,34132.54453135,47.27800114778802,146.10299695050344,50.130998715758324,4.601002729032189,248.11299954308197,1,1
91,object,34132.570198245,36.02300421334803,107.6319967978634,32.78600343037397,3.611996362451464,180.05300080403686,1,1
92,object,34132.597295224,47.98000009031966,145.01900295726955,49.97500218451023,4.441993951331824,247.41599918343127,1,1
93,object,34132.621150525,39.44099444197491,116.90600513247773,254.9559940234758,5.282003257889301,416.58499685581774,1,1
94,object,34132.646043552,41.725004848558456,127.63899576384574,36.81800444610417,3.331995685584843,209.5140007440932,1,1
95,object,34132.670736776,30.206996598280966,104.41300400998443,29.347000236157328,2.4999972083605826,166.4669980527833,1,1
96,object,34132.694815813,37.86799788940698,114.0690001193434,57.73500015493482,3.478999133221805,213.150997296907,1,1
97,object,34132.718915682,34.78500002529472,117.72799916798249,33.39700197102502,3.1909949029795825,189.1009960672818,1,1
98,object,34132.745261324,32.71400055382401,116.4639979833737,31.461000617127866,2.768996637314558,183.40799579164013,1,1
99,object,34132.770574733,42.54300438333303,133.2890024059452,38.63599704345688,4.094996256753802,218.56300008948892,1,1
100,object,34132.795519758,37.685997085645795,106.28499876474962,30.157003493513912,3.3629985409788787,177.4909978848882,1,1
101,object,34132.81937228,34.02300353627652,106.2969968188554,31.372001103591174,3.269000444561243,174.96100190328434,1,1
102,object,34132.845929418,58.80399839952588,202.6370057137683,79.466997704003,4.429995897226036,345.3379977145232,1,1
103,object,34132.874595386,52.32100374996662,189.20699949376285,42.40099951857701,3.6799974623136222,287.6090002246201,1,1
104,object,34132.903424676,49.21200161334127,144.71699978457764,44.683998567052186,4.435998562257737,243.04899852722883,1,1
105,object,34132.928818377,42.28400212014094,144.71699978457764,45.47199932858348,4.013003490399569,236.48600472370163,1,1
106,object,34132.95282283,41.995001083705574,124.34800009941682,158.23099965928122,4.188004822935909,328.76200566533953,1,1
107,object,34132.979300166,61.97799666551873,179.07599976751953,51.60000000614673,4.029003321193159,296.68299976037815,1,1
108,object,34133.008644096,50.60999683337286,149.93300283094868,47.70899977302179,4.43000317318365,252.68200261052698,1,1
109,object,34133.035927926,36.84999683173373,114.71100151538849,30.716000765096396,3.392000508029014,185.66899962024763,1,1
110,object,34133.060960208,32.463998650200665,111.23000149382278,32.097996154334396,2.578002749942243,178.3699990483001,1,1
111,object,34133.084909872,35.088000004179776,108.53900312213227,29.878996429033577,3.0810042517259717,176.5870038070716,1,1
112,object,34133.110772009,38.990998291410506,112.49499948462471,33.78100518602878,3.0519950087182224,188.31899797078222,1,1
113,object,34133.139232271,50.90299964649603,160.17600137274712,51.673996495082974,4.417001036927104,267.16999855125323,1,1
114,object,34133.167674465,35.025994293391705,126.07600365299731,33.16700167488307,3.0049995984882116,197.2739992197603,1,1
115,object,34133.196560816,35.11199611239135,116.92700354615226,34.23699672566727,2.6990019250661135,188.974998309277,1,1
116,object,34133.224939047,32.604999432805926,115.10100011946633,32.937001378741115,3.0339942895807326,183.6769952205941,1,1
117,object,34133.25337531,40.69999704370275,115.26700109243393,34.278004022780806,2.8149952413514256,193.0599974002689,1,1
118,object,34133.280243426,48.14600106328726,145.55399684468284,67.79900286346674,5.158995918463916,266.65799668990076,1,1
119,object,34133.305099554,42.09999315207824,140.9640026395209,46.332999772857875,3.6850033211521804,233.0819988856092,1,1
120,object,34133.330392783,39.92600250057876,142.79099559644237,45.00700015341863,3.7460049497894943,231.47000320022926,1,1
121,object,34133.354132958,41.340004827361554,141.24700101092458,50.340997404418886,4.364002961665392,237.2920062043704,1,1
122,object,34133.379480868,48.93399454886094,168.35200221976265,52.06099740462378,4.272005753591657,273.618999926839,1,1
123,object,34133.405051075,30.673996661789715,104.80399942025542,31.992000003810972,2.763001248240471,170.23299733409658,1,1
124,object,34133.42897571,42.46100434102118,115.78299745451659,32.36199700040743,2.9340008040890098,193.5399996000342,1,1
125,object,34133.453894134,31.073999707587063,154.22599972225726,34.5009975717403,2.753004082478583,222.5540010840632,1,1
126,object,34133.480099343,33.82699651410803,115.43199798325077,36.2069986294955,3.1700037652626634,188.63599689211696,1,1
127,object,34133.503684254,46.09199822880328,138.33300181431696,41.46699939155951,3.9470032788813114,229.83900271356106,1,1
128,object,34133.529817518,50.761002057697624,167.77899872977287,53.43800148693845,4.271001671440899,276.24900394584984,1,1
129,object,34133.55666149,36.28299600677565,108.45599899766967,33.65400334587321,2.97200313070789,181.3650014810264,1,1
130,object,34133.583097393,36.86700074467808,113.05900261504576,33.33999484311789,3.2270036172121763,186.4930018200539,1,1
131,object,34133.608368269,35.32999835442752,112.32100223423913,34.94999691611156,3.2280004234053195,185.82899792818353,1,1
132,object,34133.633582969,54.87899761646986,158.1010001245886,53.72900341171771,5.371999577619135,272.0810007303953,1,1
133,object,34133.660975237,39.637001464143395,108.15999849000946,32.79500378994271,2.7059941203333437,183.2979978644289,1,1
134,object,34133.685355438,38.571997720282525,118.17899940069765,36.24000237323344,3.1009985832497478,196.09199807746336,1,1
135,object,34133.711089519,37.02600224642083,115.33300130395219,31.021998438518494,3.5769990063272417,186.95800099521875,1,1
136,object,34133.736339913,30.043003789614886,101.21399827767164,28.998001653235406,2.724998921621591,162.98000264214352,1,1
137,object,34133.760869528,40.32700235256925,126.80699728662148,36.23300290200859,3.3519972930662334,206.71899983426556,1,1
138,object,34133.786487785,54.0510009159334,174.24600082449615,63.30299947876483,5.106994649395347,296.70699586858973,1,1
139,object,34133.812808219,34.80300074443221,104.67699758009985,33.37900125188753,2.7959977160207927,175.65499729244038,1,1
140,object,34133.837424246,38.704005419276655,113.65299724275246,30.668001272715628,3.0009978218004107,186.02600175654516,1,1
141,object,34133.862589399,38.68099884130061,122.83300020499155,43.71199611341581,3.868000931106508,209.09399609081447,1,1
142,object,34133.886269316,29.697002901230007,100.22099741036072,31.00400499533862,2.553999365773052,163.4760046727024,1,1
143,object,34133.911738425,53.174000640865415,173.31600247416645,656.7359960172325,6.221998773980886,889.4479979062453,1,1
144,object,34133.937994284,43.54099655756727,107.55399853223935,32.55699994042516,3.173001459799707,186.82499649003148,1,1
145,object,34133.963894962,46.419998398050666,167.0519995968789,72.94300303328782,4.768000508192927,291.1830015364103,1,1
146,object,34133.988601415,34.55299884080887,104.29599933559075,32.29599678888917,3.4760014386847615,174.62099640397355,1,1
147,object,34134.013727319,36.07899998314679,106.95800301618874,34.707001759670675,3.178996848873794,180.92300160788,1,1
148,object,34134.037358533,30.866998713463545,100.50900164060295,28.343994927126914,2.4660039343871176,162.18599921558052,1,1
149,object,34134.063027035,39.27999932784587,113.5119964601472,33.37600355735049,3.0750015866942704,189.24300093203783,1,1
150,object,34134.087133199,36.55900218291208,109.28400297416374,32.29799767723307,3.130997356493026,181.27200019080192,1,1
151,object,34134.112465455,44.47199899004772,141.04000001680106,44.009000703226775,3.25000291923061,232.77100262930617,1,1
152,object,34134.137645403,43.54599514044821,148.86099961586297,54.21200330602005,4.408997483551502,251.02799554588273,1,1
153,object,34134.162552655,47.12700319942087,130.08400128455833,30.737995984964073,3.1790041248314083,211.12800459377468,1,1
154,object,34134.190227614,48.81699715042487,158.8710001669824,58.452002122066915,4.991998139303178,271.1319975787774,1,1
155,object,34134.215028322,40.12999852420762,171.40899581136182,80.76700032688677,4.736000846605748,297.04199550906196,1,1
156,object,34134.239459525,62.63900286285207,263.9779995661229,59.456993767526,5.025001883041114,391.09899807954207,1,1
157,object,34134.264511012,34.10500357858837,105.16099428059533,29.046001145616174,2.8280046535655856,171.14000365836546,1,1
158,object,34134.28815967,34.298995160497725,103.17299893358722,31.139003112912178,2.5339977582916617,171.1449949652888,1,1
159,object,34134.313267519,43.026004277635366,120.98599836463109,31.19200118817389,3.43199644703418,198.63600027747452,1,1
160,object,34134.338425736,34.77499558357522,106.05200077407062,33.41500269016251,3.178000042680651,177.419999090489,1,1
161,object,34134.363448975,40.60500214109197,124.9979977728799,42.40400448907167,3.1149975256994367,211.12200192874297,1,1
162,object,34134.387967651,37.90400660363957,104.14899588795379,30.306997359730303,3.1990057323127985,175.55900558363646,1,1
163,object,34134.411482396,29.571005143225193,101.87299631070346,32.13099989807233,2.787004632409662,166.36200598441064,1,1
164,object,34134.435387883,46.82099825004116,149.67500464990735,48.079993575811386,4.721005097962916,249.2970015737228,1,1
165,object,34134.460584186,50.72899512015283,164.50600378448144,53.36799949873239,4.775996785610914,273.37899518897757,1,1
166,object,34134.485511698,34.00399873498827,106.74999793991446,32.8050009557046,3.364999429322779,176.92399705993012,1,1
167,object,34134.510630192,38.68199564749375,120.85599882993847,32.31700247852132,3.244000254198909,195.09899721015245,1,1
168,object,34134.535459306,45.503002183977515,135.35399921238422,32.65600389568135,2.6790003175847232,216.1920056096278,1,1
169,object,34134.559786544,35.935998312197626,110.03500549122691,31.419993320014328,3.039000148419291,180.42999727185816,1,1
170,object,34134.584441369,40.368002373725176,120.35999679937959,36.75799962366,3.026005288120359,200.51200408488512,1,1
171,object,34134.608550755,46.4429977000691,164.58699974464253,70.56300091790035,7.335002010222524,288.9280003728345,1,1
172,object,34134.633285906,46.927001676522195,145.58400289388373,73.15499533433467,5.226000212132931,270.89200011687353,1,1
173,object,34134.658344427,46.478002332150936,151.41399489948526,49.88800355931744,4.036002792418003,251.81600358337164,1,1
174,object,34134.682506151,41.96599911665544,137.72099919151515,49.098001909442246,4.264999006409198,233.04999922402203,1,1
175,object,34134.70724756,57.940997066907585,207.5200027320534,51.54599784873426,5.345005774870515,322.35200342256576,1,1
176,object,34134.733601398,45.173001126386225,144.89699969999492,51.28799966769293,4.625995643436909,245.98399613751099,1,1
177,object,34134.758511132,47.754998377058655,177.0250019035302,74.21200280077755,5.339999916031957,304.3320029973984,1,1
178,object,34134.783424833,46.93000664701685,147.26999506819993,66.57400081166998,5.155001417733729,265.9290039446205,1,1
179,object,34134.808722136,43.58500154921785,116.61200551316142,30.73699917877093,3.002998710144311,193.9370049512945,1,1
180,object,34134.832545583,31.76600148435682,103.58400322729722,31.22299676761031,2.654000127222389,169.22700160648674,1,1
181,object,34134.858708685,40.45199602842331,158.38300168979913,51.29400233272463,3.7279969546943903,253.85699700564146,1,1
182,object,34134.887951152,37.297002563718706,127.04700202448294,31.420997402165085,2.954999217763543,198.72000120813027,1,1
183,object,34134.91283485,41.473998862784356,141.50400238577276,54.329997510649264,3.6510027712211013,240.95900153042749,1,1
184,object,34134.937660864,30.472001526504755,101.89999738940969,30.39400326088071,2.607994247227907,165.37399642402306,1,1
185,object,34134.962113924,47.416004235856235,158.4490019013174,51.19599518366158,4.804001946467906,261.8650032673031,1,1
186,object,34134.988303687,51.479997637216,149.54300422687083,48.622998292557895,4.567998985294253,254.21399914193898,1,1
187,object,34135.016600662,52.112998673692346,161.33100143633783,51.68100324226543,4.4819971662946045,269.6070005185902,1,1
188,object,34135.043979746,69.8730000294745,149.18499800842255,65.05400233436376,5.45500370208174,289.56700407434255,1,1
189,object,34135.068968362,50.8559969603084,154.06100283144042,49.47999696014449,4.722001904156059,259.11899865604937,1,1
190,object,34135.093430778,41.81800613878295,122.70699517102912,34.17499829083681,3.678003849927336,202.37800345057622,1,1
191,object,34135.119623325,51.53199890628457,171.69799684779719,52.3550042998977,4.779001756105572,280.364001810085,1,1
192,object,34135.146401448,55.00300176208839,112.44999768678099,33.748998248483986,2.7710048016160727,203.97300249896944,1,1
193,object,34135.174267729,56.635995861142874,167.82500460976735,56.39699520543218,4.995003109797835,285.85299878614023,1,1
194,object,34135.198862776,35.35299765644595,110.574001155328,38.434998714365065,3.3899996196851134,187.75199714582413,1,1
195,object,34135.222334758,29.81299621751532,99.99200119636953,31.63300425512716,2.5799963623285294,164.01799803134054,1,1
196,object,34135.247520477,54.78799721458927,171.18400137405843,61.829996411688626,5.011002940591425,292.81299794092774,1,1
197,object,34135.272516179,37.43999695871025,109.1190060833469,34.975993912667036,3.869005013257265,185.40400196798146,1,1
198,object,34135.298931217,38.783000491093844,124.23899897839874,33.61600101925433,3.0509982025250793,199.688998691272,1,1
199,object,34135.328300259,33.241994970012456,103.04200259270146,31.62299981340766,2.4949986254796386,170.40199600160122,1,1
200,object,34135.356326379,30.05000326083973,102.1999996737577,30.220995540730655,2.639004378579557,165.11000285390764,1,1
201,object,34135.385016477,33.95000385353342,118.56600031023845,34.73900142125785,2.864995622076094,190.12000120710582,1,1
202,object,34135.413134982,43.326996092218906,108.04100020322949,33.91900099813938,2.7889982447959483,188.07599553838372,1,1
203,object,34135.4419423,37.764002627227455,124.69599460018799,34.564000088721514,3.363005816936493,200.38700313307345,1,1
204,object,34135.470851704,46.095003199297935,122.96399654587731,37.04200207721442,3.9399965316988528,210.04099835408852,1,1
205,object,34135.499736561,49.00699423160404,150.21199942566454,34.588003472890705,3.5959965316578746,237.40299366181716,1,1
206,object,34135.530565893,61.12599658081308,204.67099966481328,82.46400102507323,6.842004950158298,355.1030022208579,1,1
207,object,34135.560660492,45.44399416772649,132.73500371724367,39.26800127374008,4.417001036927104,221.86400019563735,1,1
208,object,34135.590204424,37.461999454535544,114.50699821580201,35.490003938321024,3.2179959816858172,190.6769975903444,1,1
209,object,34135.619089046,34.632997994776815,107.69100481411442,35.94200097722933,2.896995283663273,181.16299906978384,1,1
210,object,34135.648411553,38.22200233116746,110.82799755968153,33.31600601086393,3.4010008675977588,185.76700676931068,1,1
211,object,34135.677203903,36.900004488416016,110.16499774996191,29.995004297234118,3.011999069713056,180.0720056053251,1,1
212,object,34135.701480637,34.671000321395695,104.04599743196741,31.24200156889856,2.821005182340741,172.7800045046024,1,1
213,object,34135.726328157,36.99300577864051,109.65999535983428,31.133000447880477,3.2989992178045213,181.0850008041598,1,1
214,object,34135.749939016,30.878996767569333,109.31600263575092,30.661998607683927,2.968001354020089,173.82499936502427,1,1
215,object,34135.776170762,52.79399920254946,171.31800268543884,50.30799366068095,4.944005922880024,279.3640014715493,1,1
216,object,34135.805032147,38.519996451213956,139.0490069752559,45.98999657901004,3.80200071958825,227.36100072506815,1,1
217,object,34135.830971286,49.323003622703254,154.5229970361106,46.87799810199067,3.9480000850744545,254.671998845879,1,1
218,object,34135.855801805,40.56099714944139,132.42400018498302,52.12199903326109,4.150002496317029,229.25699886400253,1,1
219,object,34135.879920202,37.256999348755926,148.36899936199188,44.18099706526846,3.449000359978527,233.2559961359948,1,1
220,object,34135.90496131,56.162003602366894,162.26399748120457,1363.4459974127822,8.376002369914204,1590.2480008662678,1,1
221,object,34135.932320855,45.307999243959785,142.62200420489535,983.6199969868176,5.4679985623806715,1177.0179989980534,1,1
222,object,34135.960648999,46.94800009019673,116.4070054073818,34.10199860809371,3.540997568052262,200.9980016737245,1,1
223,object,34135.985534659,29.816001188009977,104.66700041433796,31.77000326104462,2.5789995561353862,168.83200441952795,1,1
224,object,34136.009796056,36.05999518185854,104.95000606169924,31.2329939333722,2.6400011847727,174.88299636170268,1,1
225,object,34136.035821735,40.336002712138,114.9709933088161,1119.9350046808831,10.217998351436108,1285.4599990532734,1,1
226,object,34136.061870114,41.44400008954108,155.4260015836917,53.32400178303942,4.661997081711888,254.85600053798407,1,1
227,object,34136.087624834,35.8280012733303,114.35800115577877,33.30400068080053,3.706998541019857,187.19700165092945,1,1
228,object,34136.113163279,38.3990045520477,111.14499648101628,32.01000072294846,2.977998519781977,184.53200027579442,1,1
229,object,34136.136931285,29.025999538134784,106.49199975887313,29.763003112748265,2.6269990485161543,167.90800145827234,1,1
230,object,34136.160834216,40.44999514007941,114.11000014049932,39.69899989897385,3.5820048651658,197.84100004471838,1,1
231,object,34136.187588465,50.75600347481668,155.4789996589534,49.50599395669997,4.727000487037003,260.46799757750705,1,1
232,object,34136.21670371,45.1279993285425,146.0130006307736,47.50499647343531,4.131004970986396,242.7770014037378,1,1
233,object,34136.244036344,42.01800038572401,148.17400369793177,45.56900239549577,3.868997737299651,239.6300042164512,1,1
234,object,34136.269046456,44.06199877848849,136.2590046483092,46.0579976788722,4.064997483510524,230.4439985891804,1,1
235,object,34136.294609715,52.9060052940622,145.60099953087047,46.31799674825743,4.733003152068704,249.5580047252588,1,1
236,object,34136.320844866,42.56000102031976,144.41399980569258,47.13900125352666,4.326000635046512,238.4390027145855,1,1
237,object,34136.345145252,37.58599632419646,144.24900291487575,59.505997342057526,3.522000042721629,244.86299662385136,1,1
238,object,34136.370666462,42.069004848599434,141.4360012859106,43.03199966670945,3.8479993236251175,230.3850051248446,1,1
239,object,34136.397069192,40.525002987124026,133.1370003754273,44.29600085131824,3.6389974411576986,221.59700165502727,1,1
240,object,34136.42169523,34.52400414971635,128.38000111514702,45.45199772110209,3.4229960874654353,211.7789990734309,1,1
241,object,34136.448058423,55.006006732583046,177.51599807525054,54.595999245066196,5.251000402495265,292.36900445539504,1,1
242,object,34136.474824011,46.38999962480739,174.47300342610106,74.1420008125715,7.463997462764382,302.4690013262443,1,1
243,object,34136.500701379,53.254996601026505,149.89200280979276,50.97499524708837,4.8050060286186635,258.9270006865263,1,1
244,object,34136.526482389,34.358999982941896,117.85699462052435,30.909002816770226,2.7839996619150043,185.90899708215147,1,1
245,object,34136.550875128,36.55400360003114,114.49299927335232,33.08599843876436,2.848995791282505,186.98199710343033,1,1
246,object,34136.57681479,58.746001741383225,173.49199333693832,47.462999646086246,4.501001967582852,284.20199669199064,1,1
247,object,34136.602806153,39.95099541498348,140.765005198773,69.26000060047954,3.9399965316988528,253.91599774593487,1,1
248,object,34136.62819143,37.582998629659414,125.37600559880957,35.26599903125316,3.326997102703899,201.55200036242604,1,1
249,object,34136.65325229,44.39099575392902,142.27800420485437,47.6240020361729,4.206995072308928,238.4999970672652,1,1
250,object,34136.677649714,39.63399649364874,143.71800352819264,47.40599979413673,4.048997652716935,234.80699746869504,1,1
251,object,34136.701844347,51.46100011188537,181.90000264439732,54.32899342849851,4.900000931229442,292.58999711601064,1,1
252,object,34136.727490479,48.32799459109083,162.87700418615714,54.68799645313993,4.304005415178835,270.19700064556673,1,1
253,object,34136.752558628,34.71200034255162,108.97899483097717,31.823001336306334,3.1239978852681816,178.6379943951033,1,1
254,object,34136.778167081,35.92199936974794,109.16100291069597,33.614000130910426,3.1579984351992607,181.8550008465536,1,1
255,object,34136.803238669,32.465999538544565,105.90499732643366,32.32400194974616,2.701999619603157,173.39699843432754,1,1
256,object,34136.827089085,35.07499786792323,104.6639954438433,32.310999813489616,2.968001354020089,175.01799447927624,1,1
257,object,34136.853584164,38.25600288109854,113.99300274206325,34.43099558353424,3.2130046747624874,189.89300588145852,1,1
258,object,34136.883567215,54.1179979336448,153.8400028948672,624.2319941520691,5.109002813696861,837.298997794278,1,1
259,object,34136.91019483,36.60999936982989,111.20899580419064,34.0530023095198,3.783003194257617,185.65500067779794,1,1
260,object,34136.935743129,31.207004212774336,101.71499889111146,29.215996619313955,2.610002411529422,164.74800213472918,1,1
261,object,34136.962100228,53.242001740727574,164.76300515932962,48.80199412582442,3.5760022001340985,270.3830032260157,1,1
262,object,34136.988412276,36.15400055423379,108.94599836319685,30.512004741467535,2.8709982871077955,178.48300194600597,1,1
263,object,34137.013714253,36.86700074467808,109.2570018954575,33.104995964095,3.553999704308808,182.7829983085394,1,1
264,object,34137.038182342,32.05699613317847,104.36500451760367,43.08399365982041,2.810003934428096,182.31599824503064,1,1
265,object,34137.06306198,36.88099968712777,108.69600373553112,29.702998290304095,3.339002432767302,178.6190041457303,1,1
266,object,34137.08657749,33.09599560452625,104.02300540590659,33.23800046928227,2.749999111983925,173.10700059169903,1,1
267,object,34137.112110637,40.10699922218919,131.15800538798794,70.12199785094708,3.36900120601058,244.7560036671348,1,1
268,object,34137.136642044,36.813995393458754,117.85200331360102,32.38399949623272,3.488996298983693,190.53899450227618,1,1
269,object,34137.163279879,38.36199903162196,120.24599709548056,33.94899977138266,3.4050026442855597,195.96199854277074,1,1
270,object,34137.188295784,32.0410035783425,100.16699525294825,31.128001864999533,2.4600012693554163,165.7960019656457,1,1
271,object,34137.212049594,35.482997191138566,107.0159996743314,31.010000384412706,3.3039978006854653,176.81299505056813,1,1
272,object,34137.237789308,50.43599958298728,156.75699978601187,59.04300633119419,4.939996870234609,271.17600257042795,1,1
273,object,34137.264590814,44.657004764303565,165.05999519722536,75.89900633320212,7.796996214892715,293.41300250962377,1,1
274,object,34137.29164244,41.971994505729526,142.88000238593668,46.23900167644024,4.146000719629228,235.23699928773567,1,1
275,object,34137.317542044,46.099994506221265,150.79400327522308,49.50600123265758,3.840999852400273,250.2409988665022,1,1
276,object,34137.342372458,39.79299799539149,147.05899957334623,50.630005716811866,4.099994839634746,241.58199812518433,1,1
277,object,34137.369438497,50.71899795439094,148.70399900246412,49.59999932907522,4.54900145996362,253.5719977458939,1,1
278,object,34137.39669413,45.28399585979059,154.64099851669744,51.50700599187985,4.721994628198445,256.1539949965663,1,1
279,object,34137.422787446,38.442005461547524,117.28299432434142,34.14499951759353,3.326000296510756,193.19599959999323,1,1
280,object,34137.448728202,35.212004149798304,107.72099631140009,34.463002521079034,2.902001142501831,180.29800412477925,1,1
281,object,34137.475188671,35.222998121753335,107.79299918795004,29.69799970742315,2.553002559579909,175.26699957670644,1,1
282,object,34137.503217443,53.36199683370069,163.42700109817088,874.238001415506,7.383998308796436,1098.410997656174,1,1
283,object,34137.530914994,45.900000259280205,157.84800052642822,47.4459957331419,4.573004844132811,255.76700136298314,1,1
284,object,34137.558709912,47.38399729831144,156.86600090702996,54.017997172195464,7.285001629497856,265.5529970070347,1,1
285,object,34137.58478272,42.931998905260116,147.92700676480308,57.370998547412455,4.713998350780457,252.9440025682561,1,1
286,object,34137.61023539,44.05299841891974,148.31800217507407,51.41000292496756,4.2389947338961065,248.01999825285748,1,1
287,object,34137.636934926,46.23900167644024,148.65399862173945,46.772001951467246,4.1719977161847055,245.83699996583164,1,1
288,object,34137.663783977,40.94400355825201,138.6520016239956,50.185997679363936,4.349996743258089,234.13199960486963,1,1
289,object,34137.689704847,48.42199996346608,154.9439984955825,53.20900527294725,4.15899557992816,260.733999311924,1,1
290,object,34137.716777405,39.26799399778247,135.87500143330544,46.528002712875605,7.819995516911149,229.49099366087466,1,1
291,object,34137.741975847,43.125000956933945,145.54600056726485,49.14499731967226,4.191999323666096,242.00799816753715,1,1
292,object,34137.767886271,52.875999244861305,174.4839973980561,47.40100121125579,5.43700298294425,280.19800083711743,1,1
293,object,34137.795623402,47.08499909611419,153.67299783974886,53.030998969916254,5.507004971150309,259.2960008769296,1,1
294,object,34137.822490055,41.38600343139842,133.3129985141568,37.82199928537011,3.5940029192715883,216.1150041501969,1,1
295,object,34137.84884295,33.56199886184186,112.16600250918418,46.35199729818851,3.277003997936845,195.3570026671514,1,1
296,object,34137.875557476,35.63200152711943,108.41999755939469,38.76099799526855,2.6330017135478556,185.44599879533052,1,1
297,object,34137.902976622,57.76800389867276,163.48799545085058,53.80299990065396,4.938003257848322,279.9970025080256,1,1
298,object,34137.92922174,38.20699930656701,109.91700401064008,34.87199865048751,4.2620013118721545,187.25800327956676,1,1
299,object,34137.981577926,31.06599615421146,68.02900315960869,1.1839947546832263,31.323004805017263,131.60199887352064,2,1
300,object,34138.005657846,44.77100446820259,117.33399878721684,34.40099681029096,3.9240039768628776,200.43000404257327,2,1
301,object,34138.033312582,59.55899541731924,166.78799875080585,54.162999731488526,5.041001713834703,285.5509956134483,2,1
302,object,34138.06004361,56.84600182576105,167.0990022830665,68.40199785074219,7.953000022098422,300.3000019816682,2,1
303,object,34138.238441892,39.85300281783566,107.20700083766133,29.476999770849943,3.0570008675567806,179.5940042939037,2,1
304,object,34138.262789006,45.22899689618498,113.11800335533917,31.035997380968183,3.754001227207482,193.13699885969982,2,1
305,object,34138.288551662,66.49299757555127,179.2270049918443,60.335994930937886,6.578004104085267,312.6340016024187,2,1
306,object,34138.314903252,43.97999873617664,120.46500341966748,32.52399619668722,3.8150028558447957,200.78400120837614,2,1
307,object,34138.341025661,55.60799763770774,142.49500236473978,46.34699871530756,4.66799974674359,249.11799846449867,2,1
308,object,34138.366454571,77.4590007495135,128.84099851362407,33.1880000885576,4.137000360060483,243.62499971175566,2,1
309,object,34138.391487822,39.74099672632292,108.9529978344217,30.328999855555594,3.1939998734742403,182.21699428977445,2,1
310,object,34138.41570344,36.67900455184281,103.77499711466953,29.971000913064927,2.868000592570752,173.29300317214802,2,1
311,object,34138.441616981,68.97399725858122,167.65300097176805,48.09600068256259,4.917004844173789,289.64000375708565,2,1
312,object,34138.467560351,61.39500328572467,164.3189971218817,52.26400389801711,4.980996891390532,282.959001197014,2,1
313,object,34138.493461912,44.30499393492937,113.2809993578121,34.41200533416122,4.203000571578741,196.20099919848144,2,1
314,object,34138.519379979,48.26900112675503,128.27500177081674,34.264994610566646,3.711000317707658,214.51999782584608,2,1
315,object,34138.54412074,64.02900180546567,169.87799608614296,57.96999903395772,5.6680000852793455,297.5449970108457,2,1
316,object,34138.571005788,68.02599818911403,169.17500033741817,554.1570062632672,6.184993253555149,797.5429980433546,2,1
317,object,34138.600273918,44.538006477523595,111.80099681951106,32.00799983460456,3.0800001695752144,191.42700330121443,2,1
318,object,34143.910096231,63.83000436471775,160.3580021765083,49.30099385092035,5.767004040535539,279.25600443268195,2,1
319,object,34143.936434563,56.16199632640928,147.86600513616577,49.3199986522086,9.129995305556804,262.47799542034045,1,1
320,object,34143.962423364,40.93700408702716,137.18599802814424,47.03400190919638,3.916997229680419,229.0740012540482,1,1
321,object,34143.989137739,42.01599949738011,139.896001201123,47.734996769577265,3.954002750106156,233.60100021818653,1,1
322,object,34144.017684863,55.87399937212467,165.54800095036626,59.66699973214418,5.508998583536595,286.5979986381717,1,1
323,object,34144.047377883,47.59800503961742,150.581996422261,52.272000175435096,4.467998223844916,254.91999986115843,1,1
324,object,34144.077487125,38.33299706457183,119.12199988728389,38.026002584956586,3.269000444561243,198.74999998137355,1,1
325,object,34144.104966809,42.41300484864041,115.99699791986495,34.78200233075768,3.1239978852681816,196.31600298453122,1,1
326,object,34144.130790249,38.908001442905515,115.5459976871498,35.8239994966425,3.077002475038171,193.35500110173598,1,1
327,object,34144.158651595,1264.9760028580204,203.55800370452926,91.4899937924929,5.532005161512643,1565.5560055165552,1,1
328,object,34144.186480043,48.2520044897683,153.18599616875872,55.306998547166586,5.273002898320556,262.01800210401416,1,1
329,object,34144.2182561,48.80999767920002,156.96300397394225,53.75699402065948,4.41200245404616,263.9419981278479,1,1
330,object,34144.246129843,59.52500214334577,183.98399697616696,65.74600411113352,5.821995728183538,315.0769989588298,1,1
331,object,34144.272313286,36.690005799755454,122.5259984494187,36.78700159071013,3.5579942050389946,199.56100004492328,1,1
332,object,34144.299872946,40.01500201411545,131.11399312037975,39.96800660388544,4.006993549410254,215.1039952877909,1,1
333,object,34144.326273601,48.0699964100495,166.70100012561306,54.69900497701019,4.980996891390532,274.4509984040633,1,1
334,object,34144.356549103,42.68899647286162,121.31100083934143,40.696002542972565,3.3129981602542102,208.00899801542982,1,1
335,object,34144.385870239,35.557000956032425,123.62300185486674,40.64699896844104,3.029999788850546,202.85700156819075,1,1
336,object,34144.415993955,56.73299892805517,180.25199824478477,57.73299926659092,4.425004590302706,299.14300102973357,1,1
337,object,34144.446947091,46.95200186688453,185.4130023275502,63.254999986384064,4.916000762023032,300.5360049428418,1,1
338,object,34144.477013389,39.085003663785756,125.91699487529695,38.62200537696481,3.3760006772354245,207.00000459328294,1,1
339,object,34144.506395344,36.54700412880629,121.09999806853011,39.62199843954295,3.382003342267126,200.65100397914648,1,1
340,object,34144.534976893,48.15699503524229,122.90200538700446,37.63999848160893,3.107001248281449,211.80600015213713,1,1
341,object,34144.56630171,43.37100108386949,165.83599790465087,58.12299787066877,4.674002411775291,272.0039992709644,1,1
342,object,34144.596323912,46.35699588106945,162.35899965977296,70.83100354066119,8.345996320713311,287.8929954022169,1,1
343,object,34144.625615548,47.48599894810468,171.33600340457633,60.92699914006516,4.451001586858183,284.20000307960436,1,1
344,object,34144.655788072,51.590999646577984,189.9030030472204,64.6679982310161,4.938003257848322,311.1000041826628,1,1
345,object,34144.685488325,52.89000546326861,179.4339987100102,60.69400114938617,5.122994480188936,298.1409998028539,1,1
346,object,34144.716397261,50.98600377095863,177.1079987520352,67.20300007145852,4.912995791528374,300.2099983859807,1,1
347,object,34144.746833672,54.52000186778605,193.07900220155716,67.2999958624132,119.57500100834295,434.47400094009936,1,1
348,object,34144.775158553,44.810003601014614,137.12999498238787,51.10400525154546,4.526998964138329,237.57100279908627,1,1
349,object,34144.803229929,58.3220025873743,185.99099712446332,63.71099880198017,5.047004378866404,313.0710028926842,1,1
350,object,34144.833622289,60.61400199541822,183.0059991334565,62.32500163605437,5.472000339068472,311.41700310399756,1,1
351,object,34144.860875549,50.61700358055532,181.50499818148091,62.30700091691688,5.119996785651892,299.548999464605,1,1
352,object,34144.890106021,51.06400203658268,166.54100181767717,59.97799598844722,4.84700285596773,282.4300026986748,1,1
353,object,34144.920124857,55.97600102191791,174.03599485987797,59.477002650965005,4.718996933661401,294.2079954664223,1,1
354,object,34144.950495961,69.29300434421748,213.45799905247986,427.2989972378127,6.246002158150077,716.2960027926601,1,1
355,object,34144.98609228,47.67900099977851,167.59499703766778,59.217003581579775,4.711000656243414,279.2020022752695,1,1
356,object,34145.022066418,60.53599645383656,191.43499957863241,68.82600428070873,6.420996214728802,327.2179965279065,1,1
357,object,34145.050969844,52.718998631462455,140.10000450070947,43.084997741971165,4.494002496358007,240.3980033705011,1,1
358,object,34145.081130361,50.41399708716199,170.45700224116445,59.35799708822742,4.608999006450176,284.83799542300403,1,1
359,object,34145.11140951,55.19200203707442,170.0430002529174,61.555998399853706,5.150002834852785,291.9410035246983,1,1
360,object,34145.141929465,57.17800377169624,185.29099907027557,1024.6239980915561,5.469002644531429,1272.5620035780594,1,1
361,object,34145.173539377,37.35099744517356,240.19200645852834,117.43099457817152,4.280998837202787,399.2549973190762,1,1
362,object,34145.203652196,71.79099338827655,217.84999989904463,55.72000372922048,11.953001376241446,357.3139983927831,1,1
363,object,34145.23525268,43.849999201484025,132.24499707575887,41.56700015300885,3.697001375257969,221.35899780550972,1,1
364,object,34145.265380734,46.335000661201775,132.0369992754422,40.033999539446086,3.745000867638737,222.1510003437288,1,1
365,object,34145.295107597,39.1610010410659,125.96700253197923,41.954997868742794,3.592002030927688,210.67500347271562,1,1
366,object,34145.32322921,39.159000152722,123.83799912640825,38.4579980163835,3.3520045690238476,204.8070018645376,1,1
367,object,34145.351916045,54.01099770097062,193.59900034032762,69.3929978297092,5.5960044846870005,322.59900035569444,1,1
368,object,34145.379779479,49.76100171916187,202.75599672459066,102.10300388280302,6.754999049007893,361.37500137556344,1,1
369,object,34145.410075682,58.26700362376869,179.38599921762943,69.23900218680501,9.215000318363309,316.10700534656644,1,1
370,object,34145.439674536,46.71700298786163,166.63000133121386,67.05399573547766,4.7720022848807275,285.1730023394339,1,1
371,object,34145.469217624,54.05199772212654,174.55400666221976,63.48399620037526,4.931003786623478,297.02100437134504,1,1
372,object,34145.499838501,44.1230004071258,139.6450024913065,40.7170009566471,3.8529979065060616,228.33800176158547,1,1
373,object,34145.528598557,36.91700112540275,124.96799899963662,40.464998164679855,3.3530013752169907,205.70299966493621,1,1
374,object,34145.556226021,43.1119988206774,125.51200052257627,44.43200305104256,3.7479985621757805,216.804000956472,1,1
375,object,34145.584927634,33.93899532966316,134.12800035439432,41.735002014320344,3.1750023481436074,212.97700004652143,1,1
376,object,34145.611503158,43.590000132098794,135.0150050711818,42.19800030114129,3.9629958337172866,224.76600133813918,1,1
377,object,34145.640892618,63.710001995787024,201.13299979129806,48.811998567543924,3.8899961509741843,317.5449965056032,1,1
378,object,34145.669385254,60.276004660408944,175.50099437357858,60.0280036451295,5.570000212173909,301.37500289129093,1,1
379,object,34145.699686365,52.725001296494156,171.32199718616903,66.72200106550008,4.8240035539492965,295.59300310211256,1,1
380,object,34145.730067814,52.1769979968667,173.18400205112994,61.83799996506423,5.187001079320908,292.3860010923818,1,1
381,object,34145.761049959,44.13299757288769,131.00700016366318,40.85600085090846,3.8529979065060616,219.8489964939654,1,1
382,object,34145.790124916,55.79300341196358,186.75699539016932,93.48399908049032,6.545000360347331,342.57899824297056,1,1
383,object,34145.821638019,41.84900171821937,129.4980029342696,39.78199674747884,3.6909987102262676,214.8200001101941,1,1
384,object,34145.851616915,47.63499600812793,139.75999900139868,41.78500239504501,4.148998414166272,233.3289958187379,1,1
385,object,34145.880911287,61.15999713074416,199.14300355594605,70.70699939504266,5.732996214646846,336.7429962963797,1,1
386,object,34145.91272663,44.29199907463044,136.4700001431629,42.434003262314945,4.232999344822019,227.4290018249303,1,1
387,object,34145.944885599,35.74700531316921,163.28199853887782,62.072998844087124,4.440997145138681,265.54299984127283,1,1
388,object,34145.974776749,43.92300616018474,137.35199900111184,37.949997931718826,3.316003130748868,222.54100622376427,1,1
389,object,34146.004159128,42.97299892641604,136.95700181415305,38.58199488604441,3.555003786459565,222.06699941307306,1,1
390,object,34146.036703751,37.286998121999204,127.36300413962454,41.44299600739032,3.2579991966485977,209.35099746566266,1,1
391,object,34146.072601805,50.01500539947301,128.42499563703313,41.62400000495836,3.8860016502439976,223.9500026917085,1,1
392,object,34146.105832681,44.17199670569971,146.77500439574942,43.16099511925131,4.042005457449704,238.15000167815015,1,1
393,object,34146.13526159,41.606996092014015,126.84400280704722,41.19100049138069,3.631997969932854,213.27399736037478,1,1
394,object,34146.165188316,66.09800038859248,215.48399672610685,86.97800512891263,6.670998118352145,375.2310003619641,1,1
395,object,34146.194430694,43.58900332590565,133.09499627212062,43.370004277676344,3.9099977584555745,223.9640016341582,1,1
396,object,34146.225879809,49.88800355931744,148.05400132900104,41.904997488018125,4.544999683275819,244.39200205961242,1,1
397,object,34146.255487053,42.943996959365904,141.5820006513968,49.432004743721336,3.90299828723073,237.86100064171478,1,1
398,object,34146.286445726,52.59899626253173,142.01000158209354,41.74000059720129,3.6179990274831653,239.96699746930972,1,1
399,object,34146.318071037,44.576998334378004,146.16200496675447,41.229999624192715,3.6089986679144204,235.5780015932396,1,1
400,object,34146.347287775,40.54400051245466,129.61299944436178,39.06599886249751,3.868000931106508,213.09099975042045,1,1
401,object,34146.377378438,40.21099448436871,125.1600042451173,42.16399975121021,3.56899545295164,211.10399393364787,1,1
402,object,34146.407441661,54.59499516291544,173.14900469500571,915.5689986073412,4.813002306036651,1148.126000771299,1,1
403,object,34146.436553114,56.939999922178686,178.76800120575354,62.34500324353576,5.502995918504894,303.55600028997287,1,1
404,object,34146.464747002,42.450003093108535,127.64499842887744,55.85599865298718,5.8680016081780195,231.81900178315118,1,1
405,object,34146.493640411,41.50000313529745,128.38299880968407,41.945000702980906,3.922003088518977,215.7500057364814,1,1
406,object,34146.520249217,52.81899939291179,178.1149985617958,58.44000406796113,4.563997208606452,293.93799923127517,1,1
407,object,34146.550078658,82.28600199799985,207.2889983537607,66.96999480482191,6.70000008540228,363.2449952419847,1,1
408,object,34146.578363657,56.994002079591155,173.68700355291367,61.704995459876955,5.394998879637569,297.78099997201934,1,1
409,object,34146.608164533,41.046005208045244,130.7179991272278,40.96199700143188,3.601999196689576,216.32800053339452,1,1
410,object,34146.641875865,41.97799717076123,140.34200285095721,41.427992982789874,3.3670003176666796,227.114993322175,1,1
411,object,34146.675169694,54.62300032377243,167.61800361564383,39.820995880290866,4.330002411734313,266.39200223144144,1,1
412,object,34146.707037623,44.54600275494158,141.94400137057528,42.54999657860026,3.8080033846199512,232.84800408873707,1,1
413,object,34146.738723693,42.0360011048615,127.76599760400131,41.737002902664244,4.183995770290494,215.72299738181755,1,1
414,object,34146.766778712,41.125000279862434,124.26600005710497,40.84000102011487,3.779001417569816,210.0100027746521,1,1
415,object,34146.793276408,39.774997276254,124.17499965522438,37.58599632419646,3.4810000215657055,205.01699327724054,1,1
416,object,34146.822658367,42.19800030114129,127.97700037481263,37.482001062016934,3.5420016502030194,211.19900338817388,1,1
417,object,34146.855543355,42.71999932825565,123.94900113577023,39.47000368498266,3.3239994081668556,209.4630035571754,1,1
418,object,34146.883270998,40.04099901067093,125.71400293381885,41.23100370634347,4.392997652757913,211.37900330359116,1,1
419,object,34146.911027134,41.65999416727573,126.26500392798334,37.92299685301259,3.7610006984323263,209.608995646704,1,1
420,object,34146.938701373,54.634001571685076,171.440995472949,733.8560026255436,8.344002708327025,968.2750023785047,1,1
421,object,34146.968310456,39.43000047001988,127.00499792117625,39.07099744537845,3.2890020520426333,208.79499788861722,1,1
422,object,34146.99488091,36.56699846033007,132.85200111567974,38.87299681082368,3.6819983506575227,211.973994737491,1,1
423,object,34149.88263295,40.98899808013812,82.58200250566006,1.4339966583065689,50.610004109330475,175.61500135343522,2,1
424,object,34149.911445843,75.47200220869854,186.108001798857,57.77699698228389,6.588998076040298,325.94599906587973,2,1
425,object,34149.940449555,114.535003376659,168.51999680511653,43.79400343168527,4.563997208606452,331.41300082206726,2,1
426,object,34149.968766442,53.203999414108694,136.1680042464286,40.756996895652264,12.01800478156656,242.14700533775613,2,1
427,object,34149.997292091,69.92900307523087,185.15099509386346,57.75099998572841,5.498004611581564,318.3290027664043,2,1
428,object,34150.02749967,49.06799586024135,127.26800196105614,39.234000723809004,4.139001248404384,219.70899979351088,2,1
429,object,34150.054851348,46.125998778734356,130.77599578537047,39.621001633349806,3.7630015867762268,220.28599778423086,2,1
430,object,34150.08309544,50.52200140198693,129.84799832338467,36.67399869300425,4.031004209537059,221.0750026279129,2,1
431,object,34150.111238786,49.567002861294895,128.90499783679843,38.95199915859848,4.522000381257385,221.9460002379492,2,1
432,object,34150.140091916,70.59799827402458,193.4020037879236,69.4880000082776,6.8259978434070945,340.31399991363287,2,1
433,object,34150.167600991,77.04600284341723,177.88900004234165,58.0729974899441,6.278998625930399,319.2869990016334,2,1
434,object,34150.196593076,63.45300062093884,165.46899860259145,57.90800059912726,6.193004082888365,293.0230039055459,2,1
435,object,34150.225532343,64.39400021918118,172.9400028125383,57.49800038756803,5.532994691748172,300.3649981110357,2,1
436,object,34150.252259884,57.82499647466466,165.12000001966953,55.435004469472915,5.317997420206666,283.6979983840138,2,1
437,object,34150.281511839,74.03500057989731,203.5610013990663,55.16700184671208,5.267000233288854,338.03000405896455,2,1
438,object,34150.31312695,63.359999330714345,167.68500063335523,55.632997828070074,5.478003004100174,292.1560007962398,2,1
439,object,34150.339647712,42.71299985703081,125.66500663524494,58.61099634785205,5.444999260362238,232.43400210049003,2,1
440,object,34150.367464966,52.30299575487152,133.32899834495038,45.23400275502354,4.519999492913485,235.38599634775892,2,1
441,object,34150.395788156,50.65600271336734,128.5780017497018,46.709996240679175,6.132999260444194,232.0769999641925,2,1
442,object,34150.425577136,72.77900294866413,190.0429997476749,61.70199776533991,6.850001227576286,331.37400168925524,2,1
443,object,34150.453857665,71.74899656092748,186.48100376594812,56.23499600915238,10.28400583891198,324.74900217493996,1,1
444,object,34150.485141571,39.453996578231454,124.19500126270577,37.18100197147578,3.549001121427864,204.37900093384087,1,1
445,object,34150.514317976,39.38800364267081,139.08599794376642,39.343001844827086,3.3100004657171667,221.12700389698148,1,1
446,object,34150.546190573,44.58600596990436,130.78699703328311,40.311999327968806,4.121000529266894,219.80600286042318,1,1
447,object,34150.582010606,52.12300311541185,179.72099885810167,67.05900159431621,5.2440009312704206,304.14700449910015,1,1
448,object,34150.610941816,37.7710020984523,135.1489991066046,41.08500434085727,3.3189935493282974,217.32399909524247,1,1
449,object,34150.638752651,37.66200097743422,123.30399476923048,38.7050022254698,3.5630000638775527,203.23399803601205,1,1
450,object,34150.667260746,53.81100345402956,176.58399883657694,679.896998917684,5.390000296756625,915.6820015050471,1,1
451,object,34150.69625191,40.26199894724414,128.6550032091327,40.06899689557031,3.4990007407031953,212.48499979265034,1,1
452,object,34150.724969661,56.484997912775725,181.5349969547242,66.43500091740862,5.530004273168743,309.9850000580773,1,1
453,object,34150.753853447,39.8600022890605,136.00699458038434,40.13500438304618,3.9399965316988528,219.94199778418988,1,1
454,object,34150.781408663,39.11699604941532,127.5730028282851,39.13100226782262,3.302993718534708,209.12399486405775,1,1
455,object,34150.811629301,69.42699837964028,251.02400104515254,87.66599785303697,6.590998964384198,414.707996242214,1,1
456,object,34150.844993303,51.59799911780283,127.57000513374805,38.575999496970326,3.4869954106397927,221.230999159161,1,1
457,object,34150.877423276,43.60500315669924,129.43000183440745,40.45300011057407,3.4299955586902797,216.91800066037104,1,1
458,object,34150.905951435,39.202001062221825,129.003994516097,38.58000127365813,3.269000444561243,210.0549972965382,1,1
459,object,34150.935527002,59.18499664403498,181.98600446339697,58.52100002812222,5.754998710472137,305.4469998460263,1,1
460,object,34150.967796331,43.73699630377814,127.00400111498311,51.04699812363833,3.9570004446431994,225.74499598704278,1,1
461,object,34151.000621163,37.00799425132573,126.4100064872764,38.74399408232421,3.193003067281097,205.35499788820744,1,1
462,object,34151.033440097,39.09099905285984,130.07099914830178,41.01599915884435,3.6560013541020453,213.83399871410802,1,1
463,object,34151.062912322,51.78300489205867,177.22899792715907,55.21399725694209,4.8240035539492965,289.05000363010913,1,1
464,object,34151.092445454,54.17200009105727,168.2799993432127,74.87000402761623,5.012996552977711,302.3350000148639,1,1
465,object,34151.11927323,49.13700104225427,162.10700414376333,56.3669964321889,4.649002221412957,272.26000383961946,1,1
466,object,34151.148190674,52.08099901210517,166.24900308670476,54.595999245066196,4.855995939578861,277.781997283455,1,1
467,object,34151.176281459,48.90300624538213,160.4450008017011,56.639997637830675,4.51099913334474,270.49900381825864,1,1
468,object,34151.205224149,52.26700159255415,165.3279978199862,55.57500116992742,5.219997547101229,278.389998129569,1,1
469,object,34151.238156661,60.19900320097804,193.31200019223616,56.09999789157882,5.068999598734081,314.6800008835271,1,1
470,object,34151.268291381,54.629999794997275,177.32300329953432,58.31899761687964,5.312998837325722,295.58499954873696,1,1
471,object,34151.296004984,41.61500692134723,146.43499889643863,53.44899545889348,3.998000465799123,245.49700174247846,1,1
472,object,34151.323263739,37.09699376486242,119.44100697292015,39.41199975088239,3.693996404763311,199.64399689342827,1,1
473,object,34151.353484463,55.75200339080766,178.32800222095102,58.72999463463202,5.130001227371395,297.9400014737621,1,1
474,object,34151.383382652,49.109999963548034,129.8749994020909,46.13200144376606,3.474000550340861,228.59100135974586,1,1
475,object,34151.412070678,48.54500002693385,180.48800120595843,82.75699656223878,7.098999049048871,318.8889968441799,1,1
476,object,34151.439966495,52.38199810264632,158.32200006116182,54.61499677039683,4.385001375339925,269.7039963095449,1,1
477,object,34151.47101009,45.799002691637725,127.33799667330459,38.88700302923098,3.8330035749822855,215.85700596915558,1,1
478,object,34151.499218867,45.28000135906041,138.35999561706558,45.00800423556939,4.084999090991914,232.7330003026873,1,1
479,object,34151.526851123,39.46999640902504,136.15100033348426,42.3500023316592,3.8629950722679496,221.83399414643645,1,1
480,object,34151.554928452,33.46800076542422,130.3409953834489,38.024001696612686,2.9709990485571325,204.80399689404294,1,1
481,object,34151.581494463,41.66600410826504,126.6249964828603,37.06000279635191,3.3329997677356005,208.68400315521285,1,1
482,object,34151.610163907,59.01600525248796,194.01699682930484,70.0250020599924,5.483001586981118,328.5410057287663,1,1
483,object,34151.637843533,53.32500586519018,814.605999039486,69.68800153117627,5.5399941629730165,943.1590005988255,1,1
484,object,34151.668396007,40.28800321975723,125.89599646162242,41.78500239504501,3.396999090909958,211.36600116733462,1,1
485,object,34151.697139826,39.29700324079022,125.65599899971858,39.42699549952522,3.403001755941659,207.78299949597567,1,1
486,object,34151.726974296,60.7129986747168,173.67899999953806,58.86400322197005,5.638001312036067,298.894003208261,1,1
487,object,34151.757466926,61.14900315878913,182.41100042359903,65.32699626404792,5.136003892403096,314.0230037388392,1,1
488,object,34151.78485704,43.10000076657161,170.23599502863362,57.618002756498754,4.909001290798187,275.8629998425022,1,1
489,object,34151.81408595,50.413000280968845,163.77500287489966,54.93099888553843,4.733003152068704,273.85200519347563,1,1
490,object,34151.84253649,49.49199501425028,159.85400386853144,55.336997320409864,4.78899892186746,269.47199512505904,1,1
491,object,34151.872256066,54.32199395727366,173.17000310868025,60.307000239845365,4.84700285596773,292.646000161767,1,1
492,object,34151.902807939,51.20800051372498,173.90400171279907,65.96599996555597,15.393001376651227,306.47100356873125,1,1
493,object,34151.932858834,51.627001084852964,175.92299991520122,58.28400026075542,4.984998668078333,290.81899992888793,1,1
494,object,34151.961658042,46.18499951902777,157.33600594103336,57.14999861083925,4.5289998524822295,265.2000039233826,1,1
495,object,34151.988895753,55.86299812421203,184.39900304656476,52.97399911796674,5.514004442375153,298.7500047311187,1,1
496,object,34152.01785644,52.23000334808603,187.02299712458625,64.38200216507539,5.494999641086906,309.1300022788346,1,1
497,object,34152.047615648,50.920003559440374,166.60299297655,59.85400639474392,5.213994882069528,282.59099781280383,1,1
498,object,34152.076689432,51.99300358071923,167.34899691073224,59.19600516790524,5.383000825531781,283.9210064848885,1,1
499,object,34152.105070096,47.59700095746666,158.7350052432157,54.277996241580695,4.574001650325954,265.184004092589,1,1
500,object,34152.135083353,57.25499795516953,179.69799955608323,57.8680046601221,4.783993063028902,299.60499523440376,1,1
501,object,34152.164842175,40.84400279680267,145.19500109599903,43.799998820759356,3.577995812520385,233.41699852608144,1,1
502,object,34152.192717053,42.517000110819936,128.3089950447902,40.64300446771085,3.6709971027448773,215.13999672606587,1,1
503,object,34152.2210489,37.81000123126432,123.00800153752789,38.309997762553394,3.1719973776489496,202.29999790899456,1,1
504,object,34152.249056675,36.39900387497619,120.07699842797592,36.88500146381557,3.610999556258321,196.972003323026,1,1
505,object,34152.27869301,41.32300091441721,127.4739988730289,40.63600499648601,3.4080003388226032,212.84100512275472,1,1
506,object,34152.307058504,41.44200647715479,136.19999663205817,43.045001802966,3.1800009310245514,223.86700584320351,1,1
507,object,34152.337488411,37.059995520394295,120.11600483674556,40.285995055455714,3.3860051189549267,200.8480005315505,1,1
508,object,34152.365909857,34.63400207692757,121.39099999330938,36.58299829112366,3.4330005291849375,196.04100089054555,1,1
509,object,34152.394022915,56.19399598799646,166.4259980316274,889.8440064513125,5.212998075876385,1117.6769985468127,1,1
510,object,34152.423149869,41.817998862825334,128.93100210931152,40.99999932805076,3.4429976949468255,215.19199799513444,1,1
511,object,34152.450633066,50.87500176159665,143.26199743663892,54.3650021427311,4.240995622240007,252.74299696320668,1,1
512,object,34152.478764181,38.97699934896082,123.56099614407867,37.43600245798007,3.4559998312033713,203.42999778222293,1,1
513,object,34152.505437791,37.36000508069992,122.8099936270155,40.00199987785891,3.0960000003688037,203.26799858594313,1,1
514,object,34152.53325191,62.02200165716931,187.92199989547953,242.10099945776165,5.419999069999903,497.4650000804104,1,1
515,object,34152.563437539,76.77500252611935,196.61799888126552,65.33499981742352,5.852998583577573,344.58099980838597,1,1
516,object,34152.593115538,50.28599844081327,165.47300037927926,54.78399543790147,4.517001798376441,275.05999605637044,1,1
517,object,34152.621277536,48.79699554294348,166.2459981162101,56.46399949910119,5.101006536278874,276.60799969453365,1,1
518,object,34152.649334633,50.771996029652655,171.02000128943473,64.09700290532783,5.4629999794997275,291.35200020391494,1,1
519,object,34152.678295778,53.69899736251682,172.6160044199787,63.87000030372292,5.166999471839517,295.35200155805796,1,1
520,object,34152.707649942,79.42399679450318,203.28800019342452,79.39700299175456,5.74900332139805,367.8580033010803,1,1
521,object,34152.736924083,52.290000894572586,172.42299509234726,59.21200499869883,5.137000698596239,289.0620016842149,1,1
522,object,34152.765441928,51.41199653735384,169.24700321396813,66.78699719486758,5.098001565784216,292.54399851197377,1,1
523,object,34152.795072366,61.555998399853706,225.24799715029076,77.33300299150869,6.238995410967618,370.3759939526208,1,1
524,object,34152.82487902,54.94699871633202,193.0759972310625,68.8760046614334,5.889996828045696,322.7889974368736,1,1
525,object,34152.853548502,41.467006667517126,128.98799468530342,41.634004446677864,3.802997525781393,215.8920033252798,1,1
526,object,34152.881925562,42.36400127410889,137.98200234305114,40.462997276335955,3.5960038076154888,224.40500470111147,1,1
527,object,34152.909055614,42.60599962435663,144.6289970772341,39.67800148529932,3.254004695918411,230.16700288280845,1,1
528,object,34152.938289324,43.27699571149424,135.0559978163801,42.09600592730567,4.285000613890588,224.7140000690706,1,1
529,object,34152.965749124,47.59700095746666,163.996999617666,63.15799691947177,4.409004759509116,279.16100225411355,1,1
530,object,34152.995221652,51.91699892748147,197.22800061572343,81.77999552572146,5.678004526998848,336.6029995959252,1,1
531,object,34153.022646741,50.50899926573038,173.66799875162542,65.62899943673983,4.9290028982795775,294.7350003523752,1,1
532,object,34153.049180847,58.546997024677694,194.14399866946042,66.47899863310158,6.155001756269485,325.3249960835092,1,1
533,object,34153.077033147,59.13800123380497,180.41900329990312,67.4719995004125,5.330999556463212,312.3600035905838,1,1
534,object,34153.104434031,49.8509980388917,185.44699560152367,85.19200491718948,7.409995305351913,327.89999386295676,1,1
535,object,34153.131882569,43.66999928606674,135.20599895855412,39.731996366754174,3.8299986044876277,222.43799321586266,1,1
536,object,34153.159338415,43.48600486991927,130.37499593337998,40.19500192953274,3.765002475120127,217.8210052079521,1,1
537,object,34153.185462153,51.117996918037534,151.4350005891174,50.242000725120306,4.6670029405504465,257.4620011728257,1,1
538,object,34153.213776373,56.66499782819301,182.90500156581402,605.7409991626628,5.8869991335086524,851.1979976901785,1,1
539,object,34153.240360527,50.18000229028985,175.0859955791384,61.50799890747294,5.727000825572759,292.50099760247394,1,1
540,object,34153.267088552,36.286000977270305,121.64500367362052,40.34899757243693,3.406996256671846,201.6869984799996,1,1
541,object,34153.294249776,40.724997234065086,131.30599836586043,41.06599953956902,3.8100042729638517,216.9069994124584,1,1
542,object,34153.320145726,53.723997552879155,166.1950009292923,58.49599983775988,5.314002919476479,283.7290012394078,1,1
543,object,34153.347030435,56.16999987978488,170.62700499081984,60.46899943612516,5.5299969972111285,292.796001303941,1,1
544,object,34153.372726211,40.45700188726187,150.51999798743054,56.24800542136654,4.3819964048452675,251.60700170090422,1,1
545,object,34153.399351437,50.066999392583966,166.6349999140948,56.6809976589866,4.813002306036651,278.195999271702,1,1
546,object,34153.426608404,52.096998842898756,151.35000285226852,43.62400068202987,3.954999556299299,251.02600193349645,1,1
547,object,34153.454715618,62.286002503242344,188.91900253947824,70.6409991835244,5.63899811822921,327.4850023444742,1,1
548,object,34153.484296102,54.58600207930431,179.0450041880831,62.4089952907525,5.066001904197037,301.10600346233696,1,1
549,object,34153.51199732,64.94300032500178,201.96200057398528,86.72900003148243,5.982998118270189,359.6169990487397,1,1
550,object,34153.541946691,41.51499888394028,139.3409984302707,40.25000089313835,3.788001777138561,224.8939999844879,1,1
551,object,34153.569673087,42.03000571578741,130.28299872530624,39.401995309162885,3.4230033634230494,215.1380031136796,1,1
552,object,34153.597207221,59.24500146647915,199.9730011448264,120.07799523416907,6.986003427300602,386.28200127277523,1,1
553,object,34153.624955756,38.87299681082368,166.37500084470958,42.14500222587958,3.774002834688872,251.1670027161017,1,1
554,object,34153.654217655,31.36500163236633,100.36699677584693,38.09999907389283,4.60900628240779,174.44100376451388,1,1
555,object,34153.682558824,42.05399454804137,124.99000149546191,40.37700273329392,3.593995643313974,211.01499442011118,1,1
556,object,34153.7084457,41.797997255343944,129.2870001634583,40.75600008945912,3.3760006772354245,215.21699818549678,1,1
557,object,34153.737669534,54.634001571685076,270.0550030567683,81.44599996739998,5.603993486147374,411.73899808200076,1,1
558,object,34153.768151455,40.79999780515209,130.4300021729432,41.70800093561411,3.6429992178454995,216.5810001315549,1,1
559,object,34153.795682951,41.0979992011562,129.92700067115948,39.88599928561598,4.0950035327114165,215.00600269064307,1,1
560,object,34153.822938346,37.42000262718648,133.51000234251842,41.10899317311123,3.3610049285925925,215.40000307140872,1,1
561,object,34153.850435918,58.93300112802535,193.72699898667634,61.245002143550664,5.5919954320415854,319.49699769029394,1,1
562,object,34153.881985063,59.124999097548425,128.53599764639512,41.717998101376,3.9670048863627017,233.34599973168224,1,1
563,object,34153.914281695,41.45500133745372,126.79400242632255,39.58200250053778,3.802997525781393,211.63400379009545,1,1
564,object,34153.945035148,53.32200089469552,180.31999934464693,68.29700578236952,7.836999429855496,309.77600545156747,1,1
565,object,34153.973905487,49.392001528758556,183.44899581279606,59.89700002828613,4.800000169780105,297.53799753962085,1,1
566,object,34154.003075752,46.95600364357233,207.72599964402616,65.04999328171834,5.625006451737136,325.35700302105397,1,1
567,object,34154.032106289,36.662997445091605,123.33800259511918,39.806000131648034,3.230998117942363,203.03799828980118,1,1
568,object,34154.061433041,36.640994949266315,121.35800352552906,41.05200059711933,3.3729957067407668,202.42399477865547,1,1
569,object,34154.090366796,37.90399932768196,127.98100215150043,54.39799861051142,4.599998646881431,224.88299873657525,1,1
570,object,34154.118515823,58.87600127607584,181.87300156569108,60.66499918233603,5.222995241638273,306.63699726574123,1,1
571,object,34154.146946814,44.549000449478626,144.30000010179356,42.774998291861266,3.9580045267939568,235.5820033699274,1,1
572,object,34154.174435347,58.83400444872677,182.73099703947082,62.947001424618065,6.269001460168511,310.78100437298417,1,1
573,object,34154.203860696,48.03300544153899,162.74599329335615,58.945006458088756,4.797999281436205,274.5220044744201,1,1
574,object,34154.23228921,45.886001316830516,154.76100088562816,55.64599996432662,4.098998033441603,260.3920002002269,1,1
575,object,34154.259382334,46.1309973616153,160.69700359366834,56.666001910343766,4.508998245000839,268.00300111062825,1,1
576,object,34154.287714789,50.50099571235478,171.43799777841195,61.12900155130774,10.526004189159721,293.5939992312342,1,1
577,object,34154.31604199,64.26299660233781,189.94700076291338,64.58999996539205,5.23999915458262,324.03999648522586,1,1
578,object,34154.347187266,36.67399869300425,118.74300253111869,38.82899909513071,3.2809984986670315,197.52699881792068,1,1
579,object,34154.375737289,36.646997614298016,117.29200195986778,37.58999810088426,3.110995749011636,194.6399934240617,1,1
580,object,34154.407220837,62.79299850575626,175.70000636624172,58.09299909742549,4.636000085156411,301.2220040545799,1,1
581,object,34154.435483212,34.983000659849495,113.79500210750848,37.393998354673386,3.5199991543777287,189.6920002764091,1,1
582,object,34154.464673261,33.45600271131843,127.35000200336799,39.31600076612085,3.401997673790902,203.52400315459818,1,1
583,object,34154.491596982,53.05800004862249,168.92499843379483,59.96300023980439,5.471003532875329,287.41700225509703,1,1
584,object,34154.518749393,56.853001296985894,175.53300131112337,572.9330005124211,5.035995854996145,810.3549989755265,1,1
585,object,34154.550031236,40.30000127386302,125.95199950737879,39.61999755119905,3.6249984987080097,209.49699683114886,1,1
586,object,34154.580660803,43.57999569037929,126.7140032723546,39.72899867221713,3.854001988656819,213.87699962360784,1,1
587,object,34154.613870981,47.410001570824534,141.29299961496145,42.9740030085668,3.8959988160058856,235.57300301035866,1,1
588,object,34154.647304908,38.811995182186365,123.83100693114102,39.79799657827243,3.806999302469194,206.247997994069,1,1
589,object,34154.67940556,51.27800250193104,177.9750018613413,65.50199759658426,6.084002961870283,300.8390049217269,1,1
590,object,34154.706652476,45.60100205708295,156.29499830538407,71.50799501687288,7.710004865657538,281.11400024499744,1,1
591,object,34154.7369314,34.64999463176355,124.07699978211895,40.41400097776204,3.4280019463039935,202.56899733794853,1,1
592,object,34154.76489039,33.29700120957568,136.5389980492182,39.795006159693,3.1710005714558065,212.8020059899427,1,1
593,object,34154.793686593,55.248994613066316,170.82700651371852,61.38199387351051,4.961999366059899,292.41999436635524,1,1
594,object,34154.821692612,50.280003051739186,177.31499974615872,96.48299601394683,6.073998520150781,330.1519973319955,1,1
595,object,34154.850108475,52.08199581829831,168.32500114105642,52.61100159259513,5.00200258102268,278.02000113297254,1,1
596,object,34154.879067039,53.210002079140395,175.95899407751858,64.85700578195974,5.51599805476144,299.54199999338016,1,1
597,object,34154.906222084,49.42100349580869,164.11599790444598,61.541002651210874,4.725996404886246,279.8040004563518,1,1
598,object,34154.935820849,57.48499825131148,173.795000591781,58.347002777736634,4.627996531780809,294.2549981526099,1,1
599,object,34154.965517783,50.45800207881257,162.71699860226363,52.91299748932943,4.9290028982795775,271.0170010686852,1,1
600,object,34154.994190746,52.77699528960511,168.9180062385276,60.439997469075024,5.697998858522624,287.83299785573035,1,1
601,object,34155.02254312,46.84599844040349,162.75599773507565,62.093000451568514,5.052999767940491,276.74799639498815,1,1
602,object,34155.050184617,44.13999704411253,164.95200543431565,62.02899385243654,4.711000656243414,275.83199698710814,1,1
603,object,34155.078536044,50.670998462010175,169.97500642901286,61.75799353513867,5.392001185100526,287.79599961126223,1,1
604,object,34155.10717609,55.00199767993763,1016.1699974560179,87.77000039117411,5.9710000641644,1164.912995591294,1,1
605,object,34155.1369842,58.36800119141117,169.49699784163386,60.48499926691875,5.02200418850407,293.37200248846784,1,1
606,object,34155.165507428,40.39199848193675,120.32100494252518,38.87499769916758,3.617002221290022,203.20500334491953,1,1
607,object,34155.19355369,46.27399903256446,140.00599912833422,42.00200055493042,3.960005415137857,232.24200413096696,1,1
608,object,34155.222965829,65.5089970678091,185.21799938753247,71.31500024115667,5.269001121632755,327.310997818131,1,1
609,object,34155.251687257,37.06000279635191,122.11000284878537,40.658000216353685,3.8899961509741843,203.71800201246515,1,1
610,object,34155.27978113,38.1499994546175,120.89400115655735,41.08400025870651,3.4469994716346264,203.575000341516,1,1
611,object,34155.307866191,33.229000109713525,123.25800344115123,36.70799924293533,3.154003934469074,196.34900672826916,1,1
612,object,34155.336796524,56.738994317129254,179.8390003386885,62.85500421654433,5.210000381339341,304.6429992537014,1,1
613,object,34155.365491252,45.1259984401986,162.65299927908927,63.225001213140786,5.137000698596239,276.1409996310249,1,1
614,object,34155.393611842,40.95599433640018,122.765006381087,40.545994124840945,3.844004822894931,208.11099966522306,1,1
615,object,34155.421259799,39.43600313505158,122.97699868213385,39.17299909517169,3.373999788891524,204.96000070124865,1,1
616,object,34155.447766459,41.77099617663771,125.44100172817707,40.871003875508904,3.9819933590479195,212.0649951393716,1,1
617,object,34155.477417432,61.076003476046026,186.54599989531562,68.90000076964498,5.440000677481294,321.9620048184879,1,1
618,object,34155.503919312,47.01299621956423,176.10599752515554,67.36000068485737,5.14300336362794,295.6219977932051,1,1
619,object,34155.53287793,35.49199755070731,127.94099893653765,40.074002754408866,3.6429992178454995,207.14999845949933,1,1
620,object,34155.56084879,34.773998777382076,125.71099796332419,39.45200296584517,3.549001121427864,203.4860008279793,1,1
621,object,34155.587712301,56.26799975289032,170.2189983916469,59.08700404688716,11.47099828813225,297.0450004795566,1,1
622,object,34155.617349047,54.885997087694705,177.71700368029997,60.37099956301972,5.411995516624302,298.3859958476387,1,1
623,object,34155.647459917,53.746000048704445,166.19999951217324,81.37199620250612,5.7779980124905705,307.0959937758744,1,1
624,object,34155.675684087,56.404001952614635,171.2769953883253,57.91500007035211,5.45500370208174,291.0510011133738,1,1
625,object,34155.703982814,55.43800216400996,161.7759990040213,56.285003665834665,4.513996827881783,278.0130016617477,1,1
626,object,34155.73337327,58.12600284116343,175.7159989210777,58.536999858915806,5.011999746784568,297.3910013679415,1,1
627,object,34155.761136251,49.253001634497195,135.49799768952653,40.537001041229814,4.210996848996729,229.49899721425027,1,1
628,object,34155.79197153,58.09099820908159,174.3500033626333,59.78899571346119,5.460002284962684,297.68999957013875,1,1
629,object,34155.820014782,47.80099698109552,163.9300025999546,57.83500091638416,4.820998583454639,274.3869990808889,1,1
630,object,34155.847517904,48.250993131659925,159.94300338206813,54.14400220615789,4.616995283868164,266.9549940037541,1,1
631,object,34155.876248525,55.61800207942724,182.27499822387472,67.39699892932549,6.257003406062722,311.5470026386902,1,1
632,object,34155.904073472,56.65700155077502,178.45199909061193,54.60900138132274,4.184003046248108,293.9020050689578,1,1
633,object,34155.934097608,47.17399860965088,142.85100041888654,51.83000030228868,3.7860008887946606,245.64100021962076,1,1
634,object,34155.96253802,38.74799585901201,130.43100625509396,37.88199683185667,3.412002115510404,210.47300106147304,1,1
635,object,34155.991034918,56.01099837804213,195.3630053321831,59.541998780332506,5.053996574133635,315.96999906469136,1,1
636,object,34156.023525894,57.42799839936197,137.56700354861096,44.246997276786715,4.620997060555965,243.8629962853156,1,1
637,object,34156.055134793,54.509000619873405,187.36299534793943,55.08600588655099,3.850997018162161,300.808998872526,1,1
638,object,34156.083460771,43.71999966679141,124.80200530262664,39.26399949705228,3.744993591681123,211.53099805815145,1,1
639,object,34156.110376949,41.60199750913307,127.04400432994589,38.64999598590657,3.7190038710832596,211.0150016960688,1,1
640,object,34156.13931428,58.25600237585604,180.09799532592297,253.6750034778379,6.032998498994857,498.06199967861176,1,1
641,object,34156.166312323,37.01999958138913,122.06300016259775,40.56900070281699,3.316999936942011,202.96900038374588,1,1
642,object,34156.195602228,39.42200419260189,124.2219950654544,39.87300442531705,3.7289937608875334,207.24599744426087,1,1
643,object,34156.223367649,41.35000199312344,159.40400044200942,62.945000536274165,4.431996785569936,268.13099975697696,1,1
644,object,34156.250896239,35.025004763156176,133.89399828156456,39.742000808473676,3.4629993024282157,212.12400315562263,1,1
645,object,34156.278878306,53.06799721438438,179.25500287674367,64.93899854831398,5.966001481283456,303.2280001207255,1,1
646,object,34156.306957387,65.59000030392781,187.2590000857599,59.694997617043555,5.109999619890004,317.6539976266213,1,1
647,object,34156.338564709,53.568997827824205,165.76499911025167,57.660996390040964,5.378002242650837,282.37299557076767,1,1
648,object,34156.366858942,47.382003685925156,160.9760001883842,56.37399590341374,4.503999662119895,269.235999439843,1,1
649,object,34156.398527788,52.9690005350858,164.30300456704572,56.61699833581224,5.45999500900507,279.3489984469488,1,1
650,object,34156.428366526,45.26400152826682,158.017996000126,55.68100459640846,4.702997102867812,263.6659992276691,1,1
651,object,34156.457856795,49.8489971505478,170.71600450435653,55.991993576753885,4.593006451614201,281.1500016832724,1,1
652,object,34156.485989467,52.909999794792384,160.64500232459977,57.16699524782598,4.425004590302706,275.14700195752084,1,1
653,object,34156.512912443,53.40200004866347,173.66799875162542,55.35299715120345,4.942005034536123,287.36500098602846,1,1
654,object,34156.540941078,53.89800207922235,187.19299987424165,57.96000186819583,5.408997822087258,304.4600016437471,1,1
655,object,34156.568618472,57.18899774365127,195.62200031941757,1591.6389966150746,7.852999260649085,1852.3029939387925,1,1
656,object,34156.929879637,45.56500061880797,104.24500214867294,1.4909965102560818,43.03199966670945,194.33299894444644,2,1
657,object,34156.95642916,49.329995817970484,125.56499859783798,37.98500256380066,4.027002432849258,216.9069994124584,2,1
658,object,34171.414318045,51.12900544190779,127.05399421975017,38.372003473341465,3.9950027712620795,220.5500059062615,2,1
659,object,34171.441450376,63.778999901842326,180.80600420944393,59.41799463471398,6.971000402700156,310.9739991487004,2,1
660,object,34171.468693559,57.356999604962766,136.775997816585,40.09999975096434,4.637004167307168,238.87000133981928,2,1
661,object,34171.497514529,49.11799624096602,129.76700236322358,39.758000639267266,4.03999729314819,222.68299653660506,2,1
662,object,34171.524654891,50.97399844089523,126.58000196097419,38.46999607048929,4.215005901642144,220.23900237400085,2,1
663,object,34171.551137143,64.2260056338273,146.2459986214526,40.30900163343176,4.4009939301759005,255.18199981888756,2,1
664,object,34171.581607669,49.84800034435466,138.53400014340878,40.275997889693826,4.096997145097703,232.75499552255496,2,1
665,object,34171.612605566,46.96899850387126,125.8000047528185,39.72899867221713,4.269000783096999,216.7670027120039,2,1
666,object,34171.640219403,43.048996303696185,121.72300193924457,36.06599784689024,3.8959988160058856,204.73399490583688,2,1
667,object,34171.668478238,48.87199611403048,129.1290027438663,39.87799573224038,4.386005457490683,222.26500004762784,2,1
668,object,34171.696973078,60.42500172043219,133.7569992756471,39.09299994120374,4.604000423569232,237.87900136085227,2,1
669,object,34171.724424769,69.49899398023263,154.9360022181645,40.65899702254683,4.45000478066504,269.543998001609,2,1
670,object,34171.753587912,48.32600097870454,133.60600132727996,39.62399932788685,4.446003003977239,226.0020046378486,2,1
671,object,34171.782123361,62.56499909795821,142.69899838836864,39.98899774160236,4.242006980348378,249.49500220827758,2,1
672,object,34171.809119794,51.31099896971136,161.34000179590657,61.89299892866984,6.52299786452204,281.0669975588098,2,1
673,object,34171.838387366,51.49700155016035,129.031999676954,39.76200241595507,4.326000635046512,224.61700427811593,2,1
674,object,34171.872514768,75.12600132031366,156.04199870722368,401.3090001535602,4.520996299106628,636.9979964802042,2,1
675,object,34171.903588197,46.79600533563644,124.31099457899109,39.477999962400645,3.97900294046849,214.56400281749666,2,1
676,object,34171.93174875,65.86699601029977,175.8940052241087,65.69899414898828,10.271003702655435,317.7309990860522,1,1
677,object,34171.961374706,59.541998780332506,168.53000124683604,413.2289977860637,6.016001862008125,647.3169996752404,1,1
678,object,34171.9884738,45.648004743270576,159.1079999343492,57.53900040872395,4.2339961510151625,266.5290012373589,1,1
679,object,34172.015820713,49.44900138070807,176.03399464860559,58.50000161444768,4.362998879514635,288.34599652327597,1,1
680,object,34172.043977529,46.74900264944881,125.12999819591641,39.68099917983636,3.722001565620303,215.2820015908219,1,1
681,object,34172.070147846,43.964995711576194,135.47400158131495,39.655002183280885,3.706998541019857,222.8009980171919,1,1
682,object,34172.09846911,60.48799696145579,204.83000116655603,77.58600258966908,6.320995453279465,349.22499617096037,1,1
683,object,34172.12517763,59.85500320093706,165.8490000409074,42.21400013193488,4.440997145138681,272.35900051891804,1,1
684,object,34173.681573111,51.9760069437325,729.8459968296811,54.388001444749534,5.390000296756625,841.6000055149198,1,1
685,object,34173.710378811,43.77699951874092,148.21999502601102,55.24700100068003,4.481000360101461,251.72499590553343,1,1
686,object,34173.736984891,57.20699846278876,162.4529977561906,50.62099808128551,4.650006303563714,274.9310006038286,1,1
687,object,34173.761929697,49.235000915359706,167.37300029490143,70.0109958415851,5.247005901765078,291.8660029536113,1,1
688,object,34173.786856834,38.702004530932754,152.02999929897487,50.022994400933385,3.8800062611699104,244.63500449201092,1,1
689,object,34173.811456642,57.4570003664121,176.9459995557554,57.16799932997674,5.738002073485404,297.30900132562965,1,1
690,object,34173.838900261,41.22099926462397,125.21900498541072,35.80299380701035,3.13100463245064,205.37400268949568,1,1
691,object,34173.86830422,38.88500214088708,115.2400000137277,36.924997402820736,3.4230033634230494,194.47300292085856,1,1
692,object,34173.898024203,38.970996683929116,116.3990018540062,35.976001527160406,3.5179982660338283,194.86399833112955,1,1
693,object,34173.928451645,37.86999877775088,126.54800229938701,35.935998312197626,3.774002834688872,204.12800222402439,1,1
694,object,34173.957232995,48.256995796691626,143.34300067275763,53.0500037712045,4.989997250959277,249.63999749161303,1,1
695,object,34173.986860869,41.95799556327984,137.3530030832626,39.421996916644275,3.769004251807928,222.50199981499463,1,1
696,object,34174.01954291,45.275999582372606,131.94000348448753,38.674996176268905,3.6940036807209253,219.58500292384997,1,1
697,object,34174.052411351,44.31300476426259,130.31999696977437,36.90900484798476,3.8299986044876277,215.37200518650934,1,1
698,object,34174.082858135,57.46199894929305,175.75300444150344,790.4459998826496,5.643996701110154,1029.3049999745563,1,1
699,object,34174.109484195,59.05999569222331,179.31099864654243,57.828001445159316,5.14300336362794,301.341999147553,1,1
700,object,34174.139021286,43.771004129666835,122.02399375382811,38.53200178127736,3.387998731341213,207.71499839611351,1,1
701,object,34174.169037123,47.66199708683416,143.29100667964667,40.18599429400638,3.792003553826362,234.93100161431357,1,1
702,object,34174.201149531,90.99800081457943,233.95400057779625,61.89399573486298,5.416004569269717,392.2620016965084,1,1
703,object,34174.233997988,61.62100180517882,176.78699805401266,62.5890024821274,5.542002327274531,306.5390046685934,1,1
704,object,34174.263638724,39.25499913748354,120.08500198135152,36.99600347317755,3.7579957279376686,200.09400031995028,1,1
705,object,34174.291842092,38.43399463221431,127.14200420305133,40.55599856656045,3.226996341254562,209.35899374308065,1,1
706,object,34174.320085726,37.093996070325375,118.48300346173346,37.8379991161637,3.506997018121183,196.92199566634372,1,1
707,object,34174.34747041,63.196996052283794,172.11900558322668,53.83799725677818,4.526998964138329,293.680997856427,1,1
708,object,34174.37685573,51.510003686416894,172.4579997244291,62.0239952695556,4.952999006491154,290.94499768689275,1,1
709,object,34174.404590704,41.425002564210445,128.68199701188132,44.633001380134374,5.838999641127884,220.57900059735402,1,1
710,object,34174.43303954,38.58299896819517,128.1689983443357,37.0679990737699,3.1660019885748625,206.98599837487563,1,1
711,object,34174.461535017,34.564000088721514,113.69599815225229,36.142999306321144,2.968001354020089,187.37099890131503,1,1
712,object,34174.490285261,35.84599471651018,123.35800420260057,38.004000089131296,3.5439952625893056,200.75199427083135,1,1
713,object,34174.518178238,42.7979975938797,122.61999654583633,36.26200486905873,3.50600021192804,205.1859992207028,1,1
714,object,34174.549328354,41.145001887343824,124.20299754012376,41.96599911665544,3.963999915868044,211.27799845999107,1,1
715,object,34174.580127834,43.68399822851643,158.75299868639559,56.732002121862024,4.102999810129404,263.27199884690344,1,1
716,object,34174.60691874,41.47300205659121,136.25800056615844,36.5859959856607,3.6990022636018693,218.01600087201223,1,1
717,object,34174.637355522,40.579005144536495,123.93899669405073,40.01500201411545,4.212000931147486,208.74500478385016,1,1
718,object,34174.671110859,39.07299833372235,118.96599608007818,39.357000787276775,3.2190000638365746,200.6149952649139,1,1
719,object,34174.700806407,37.32699406100437,116.95099965436384,43.67600195109844,4.234003426972777,202.18799909343943,1,1
720,object,34174.727489763,47.376001020893455,123.70900367386639,40.070000977721065,3.740999090950936,214.89600476343185,1,1
721,object,34174.75695839,49.66100095771253,130.1970041822642,39.818994991946965,4.047004040330648,223.72400417225435,1,1
722,object,34174.788738829,56.11700180452317,175.45900482218713,64.33899397961795,5.683999916072935,301.5990005224012,1,1
723,object,34174.820265157,34.967000829055905,118.6199951916933,40.17999890493229,3.2579991966485977,197.0249941223301,1,1
724,object,34174.848399526,42.05000004731119,123.83399734972045,39.79299799539149,3.410998033359647,209.08799342578277,1,1
725,object,34174.87697334,63.21800174191594,177.27300291880965,354.66899862512946,5.998001142870635,601.1580044287257,1,1
726,object,34174.90625993,46.039000153541565,164.13800040027127,57.236000429838896,4.674999217968434,272.08800020162016,1,1
727,object,34174.935369884,45.78800144372508,134.81600035447627,40.77600169694051,3.9299993659369648,225.31000286107883,1,1
728,object,34174.963812596,40.797000110615045,126.172999443952,46.12300108419731,3.670000296551734,216.7630009353161,1,1
729,object,34174.990457747,38.44399907393381,151.6109987278469,57.66200047219172,5.134999810252339,252.85199808422476,1,1
730,object,34175.020353477,46.77700053434819,138.15599959343672,40.920000174082816,4.049004928674549,229.90200523054227,1,1
731,object,34175.047344161,39.27299985662103,118.1780025945045,43.33399556344375,3.4420008887536824,204.22699890332296,1,1
732,object,34175.075049902,39.48900121031329,152.7720014564693,40.83599924342707,3.811997885350138,236.9089997955598,1,1
733,object,34175.10257456,41.00500518688932,123.94799705361947,40.94700125278905,3.7279969546943903,209.62800044799224,1,1
734,object,34175.127707761,41.01900412933901,133.6819987045601,40.33699951833114,3.492998075671494,218.53100042790174,1,1
735,object,34175.155505963,55.75200339080766,181.8289965740405,64.80100273620337,5.485999281518161,307.8680019825697,1,1
736,object,34175.181992816,51.15300155011937,168.00800221972167,60.38699939381331,4.540997906588018,284.0890010702424,1,1
737,object,34175.21271215,37.51899930648506,120.53099635522813,39.30300590582192,3.2679963624104857,200.6209979299456,1,1
738,object,34175.242138221,36.72399907372892,132.02099944464862,39.62600021623075,3.740002284757793,212.11100101936609,1,1
739,object,34175.269919152,34.693002817220986,129.5769980060868,39.4589951611124,2.964006853289902,206.69300283771008,1,1
740,object,34175.299928444,51.45999602973461,213.44100241549313,71.91800250438973,5.882000550627708,342.7010015002452,1,1
741,object,34175.328266484,40.655999328009784,127.81099940184504,38.84200123138726,4.077002813573927,211.386002774816,1,1
742,object,34175.358184751,42.06500307191163,117.34700092347339,38.99399598594755,3.4940021578222513,201.90000213915482,1,1
743,object,34175.386831043,37.37299994099885,119.61200652876869,48.755995521787554,3.5460034268908203,209.28700541844591,1,1
744,object,34175.418248895,61.825994635000825,153.7730058771558,38.46499748760834,3.80200071958825,257.86599871935323,1,1
745,object,34175.447899625,42.04299330012873,146.5010063839145,41.23299731872976,4.00399585487321,233.7809928576462,1,1
746,object,34175.477748558,43.79400343168527,177.75099695427343,76.83500007260591,5.982001312077045,304.36200177064165,1,1
747,object,34175.50769457,47.53599932882935,143.5430021956563,39.637001464143395,3.8340003811754286,234.55000336980447,1,1
748,object,34175.537644105,53.47599653759971,161.19999781949446,40.80399958183989,3.4700060496106744,258.94999998854473,1,1
749,object,34175.569988882,48.09099482372403,138.75800505047664,39.47899676859379,3.812005161307752,230.1400018041022,1,1
750,object,34175.600234374,69.05600457685068,220.93200095696375,66.87599670840427,6.255999323911965,363.12000156613067,1,1
751,object,34175.63424727,36.8430046364665,121.99999764561653,37.73700154852122,3.426001057960093,200.00600488856435,1,1
752,object,34175.662493782,46.93699884228408,140.89999604038894,45.994005631655455,4.5769993448629975,238.40799985919148,1,1
753,object,34175.692134945,63.293002313002944,170.54400086635724,44.60199852474034,5.139998393133283,283.5790000972338,1,1
754,object,34175.72286888,40.74200114700943,133.9129958068952,41.006001993082464,4.681001883000135,220.34200082998723,1,1
755,object,34175.753971572,43.58400474302471,121.09799718018621,39.951002690941095,3.4240001696161926,208.0570047837682,1,1
756,object,34175.783101704,35.438002669252455,116.49899533949792,38.06300082942471,3.4519980545155704,193.45199689269066,1,1
757,object,34175.813173444,59.57699613645673,190.6260004034266,67.57400115020573,5.747999239247292,323.52499692933634,1,1
758,object,34175.841799239,48.71399869443849,177.15300054987893,64.78699651779607,7.80100526753813,298.4550010296516,1,1
759,object,34175.871860968,48.60100307269022,174.40599913243204,62.37899651750922,4.39400173490867,289.78000045754015,1,1
760,object,34175.902472871,52.78699973132461,176.69400403974578,64.56399569287896,4.501998773775995,298.54699823772535,1,1
761,object,34175.93098581,56.77100125467405,158.42799621168524,55.60000136028975,4.784997145179659,275.5839959718287,1,1
762,object,34175.961807876,52.164999942760915,187.16299382504076,66.80899969069287,5.325004167389125,311.46199762588367,1,1
763,object,34175.991279145,59.68900222796947,183.36500215809792,60.794001910835505,4.973997420165688,308.8220037170686,1,1
764,object,34176.022247451,46.91800131695345,158.17299572518095,57.44599911849946,4.882000212091953,267.4189963727258,1,1
765,object,34176.05120697,43.80199970910326,162.81400166917592,56.77700391970575,4.426998202688992,267.8200035006739,1,1
766,object,34176.080955047,51.0239988216199,176.6380009939894,59.974998293910176,4.711000656243414,292.3479987657629,1,1
767,object,34176.109494078,51.66299524717033,167.21900465199724,58.309000451117754,5.1109964260831475,282.30199677636847,1,1
768,object,34176.141009367,57.57100007031113,169.85899856081232,58.78299998585135,4.475004971027374,290.6880035880022,1,1
769,object,34176.17136094,40.82699888385832,153.87999883387238,54.74100180435926,4.2819956433959305,253.7299951654859,1,1
770,object,34176.199756218,41.96200461592525,161.57700156327337,63.4909956716001,4.4100015657022595,271.440003416501,1,1
771,object,34176.231510842,48.918998800218105,176.3640029821545,56.313998356927186,4.479996277950704,286.0769964172505,1,1
772,object,34176.267462705,62.60700320126489,192.38799723098055,62.30599683476612,5.526002496480942,322.8269997634925,1,1
773,object,34176.299183889,38.851001590956,118.65700071211904,38.952995964791626,3.6950004869140685,200.15599875478074,1,1
774,object,34176.326168966,51.58199928700924,168.86500088730827,61.43900100141764,4.009001713711768,285.8950028894469,1,1
775,object,34176.354281493,42.968000343535095,126.5419996343553,40.37100006826222,3.4220065572299063,213.30300660338253,1,1
776,object,34176.385761279,37.204001273494214,117.13099956978112,37.58999810088426,3.4819968277588487,195.40699577191845,1,1
777,object,34176.41536281,60.419995861593634,195.76100021367893,64.76999988080934,5.581998266279697,326.5329942223616,1,1
778,object,34176.441971257,40.65100074512884,118.61199891427532,38.04999869316816,3.287001163698733,200.59999951627105,1,1
779,object,34176.467454154,40.4029997298494,123.47199663054198,36.93700273288414,3.7179997889325023,204.52999888220802,1,1
780,object,34176.494468513,43.21400047047064,125.83799980347976,39.73699494963512,3.9299993659369648,212.71899458952248,1,1
781,object,34176.520088272,37.550998968072236,123.18100198172033,39.17199501302093,3.1000017770566046,203.0039977398701,1,1
782,object,34176.550798559,41.51999746682122,127.80899851350114,51.77800630917773,4.735993570648134,225.84299586014822,1,1
783,object,34176.579120855,38.95400004694238,119.112002721522,39.701997593510896,3.143999492749572,200.91199985472485,1,1
784,object,34176.606718971,56.07099592452869,184.21500135445967,79.29500134196132,5.770001735072583,325.35100035602227,1,1
785,object,34176.638752449,47.64600453199819,162.90199710056186,68.7709980411455,4.975001502316445,284.294001176022,1,1
786,object,34176.668674203,41.91199695924297,146.14200335927308,39.03399920091033,3.4410040825605392,230.52900360198691,1,1
787,object,34176.696818786,45.209002564661205,163.4840009501204,62.270002672448754,4.9959999159909785,275.9590061032213,1,1
788,object,34176.724156205,49.22100197291002,167.99799777800217,64.15000098058954,4.918001650366932,286.28700238186866,1,1
789,object,34176.752096955,55.248994613066316,175.03200069768354,62.17800546437502,4.933994205202907,297.3929949803278,1,1
790,object,34176.780372599,52.59399767965078,204.5599976554513,76.23400597367436,5.4249976528808475,338.8129989616573,1,1
791,object,34176.810242549,50.650996854528785,167.04300651326776,61.43799691926688,5.00200258102268,284.1340028680861,1,1
792,object,34176.839549282,38.354002754203975,120.2790008392185,39.73300044890493,3.392000508029014,201.75800455035642,1,1
793,object,34176.869688602,57.09600372938439,189.0339990495704,50.151000323239714,4.506997356656939,300.78800045885146,1,1
794,object,34176.901255925,57.64500383520499,122.71900050109252,38.93599932780489,4.478999471757561,223.77900313585997,1,1
795,object,34176.928781515,42.74999810149893,129.2809974984266,39.18000584235415,3.8399957702495158,215.05099721252918,1,1
796,object,34176.956250324,40.17799801658839,121.87699758214876,36.92500467877835,3.3679971238598228,202.34799740137532,1,1
797,object,34176.981979673,47.326000640168786,119.32999768760055,35.98000330384821,3.5049961297772825,206.14099776139483,1,1
798,object,34177.009093511,60.39300205884501,188.3020013337955,1007.0179996546358,9.237999620381743,1264.951002667658,1,1
799,object,34177.036373099,49.845002649817616,165.07400141563267,58.252997405361384,5.007001163903624,278.1790026347153,1,1
800,object,34177.064680005,41.00599471712485,124.18600090313703,41.87500599073246,3.9519945858046412,211.01899619679898,1,1
801,object,34177.092578361,54.40400127554312,166.76399536663666,57.65100650023669,5.186993803363293,284.00599694577977,1,1
802,object,34177.118517629,47.31399531010538,155.9590018587187,55.771997722331434,4.276000254321843,263.32099514547735,1,1
803,object,34177.147594984,47.38999996334314,162.27299784077331,56.17400165647268,4.331996024120599,270.16899548470974,1,1
804,object,34177.175043561,43.92900154925883,163.2229977985844,55.59500277740881,4.380999598652124,267.12800172390416,1,1
805,object,34177.205178094,47.299996367655694,170.6609982647933,55.84000609815121,4.8389993025921285,278.64000003319234,1,1
806,object,34177.232519459,51.82699533179402,160.3900018380955,56.56400026055053,4.387999069876969,273.168996500317,1,1
807,object,34177.258911809,47.29199281428009,137.90299999527633,39.45900243707001,3.8760044844821095,228.52999973110855,1,1
808,object,34177.286364353,41.59999662078917,130.92500012135133,37.32200275408104,3.854998794849962,213.7019982910715,1,1
809,object,34177.314243301,38.58299896819517,121.49599933763966,38.82199962390587,3.8959988160058856,202.79699674574658,1,1
810,object,34177.344148958,41.98800161248073,121.96599709568545,38.948004657868296,3.588000254239887,206.49000362027436,1,1
811,object,34177.373531189,36.08100087149069,117.7119993371889,39.75100116804242,3.255001502111554,196.79900287883356,1,1
812,object,34177.401408919,46.43300053430721,159.316994540859,61.630002164747566,4.433000867720693,271.8129981076345,1,1
813,object,34177.430535224,54.85500150825828,181.66100198868662,75.31700248364359,5.710993718821555,317.54399969941005,1,1
814,object,34177.460027874,55.93499372480437,191.65400590281934,639.1689967131242,7.766000635456294,894.5239969762042,1,1
815,object,34177.489935496,35.64300277503207,136.67500024894252,1.41999771585688,42.76300023775548,216.50100097758695,2,1
816,object,34177.51928495,53.048999689053744,152.82200183719397,36.022000131197274,4.62999742012471,246.5229990775697,2,1
817,object,34177.549665224,40.2249934268184,139.67800623504445,36.4480001735501,3.4629993024282157,219.81399913784117,2,1
818,object,34177.580885663,50.50099571235478,155.6530041852966,37.76799712795764,4.369001544546336,248.29099857015535,2,1
819,object,34177.610212626,67.72599590476602,184.6690065576695,1.6859994502738118,48.036999942269176,302.1180018549785,3,1
820,object,34177.640476222,169.49500422924757,251.24099920503795,60.09999924572185,7.522998203057796,488.35900088306516,3,1
821,object,34177.67050517,52.49400419415906,503.6469956394285,40.27099930681288,4.974004696123302,601.3860038365237,3,1
822,object,34177.702405194,77.73099787300453,502.3120029363781,244.02999406447634,9.251001756638288,833.3239966304973,3,1
823,object,34177.735210486,53.09900006977841,161.4520006114617,36.13500302890316,4.743000317830592,255.42900402797386,3,1
824,object,34177.766303911,56.51700485032052,173.04100038018078,36.37199552031234,4.784000338986516,270.71400108980015,3,1
825,object,34177.795438473,57.203003962058574,161.2639971426688,35.007004044018686,4.8959991545416415,258.3700043032877,3,1
826,object,34177.826678723,82.29100058088079,238.1089943810366,69.75600263103843,7.265000022016466,397.4209976149723,3,1
827,object,34177.859807869,60.87600195314735,181.97300232714042,40.377999539487064,5.419999069999903,288.64700288977474,3,1
828,object,34177.889921916,62.92000034591183,232.92200057767332,72.65000022016466,6.962996849324554,375.45499799307436,3,1
829,object,34177.921296276,65.14500273624435,186.3430006778799,41.9329953729175,4.703004378825426,298.1240031658672,3,1
830,object,34177.956236894,84.94099893141538,774.2989982943982,60.73900294722989,7.6219948823563755,927.6009950553998,3,1
831,object,34177.985942869,49.663998652249575,239.65600121300668,34.249998861923814,4.102999810129404,327.67299853730947,3,1
832,object,34178.015235287,56.77399894921109,158.21100532775745,37.458994484040886,4.203000571578741,256.64699933258817,3,1
833,object,34178.045246998,52.37900040810928,156.43499500583857,36.40200156951323,4.155001079197973,249.37099806265905,3,1
834,object,34178.075202624,55.060998420231044,958.2900020177476,58.36499622091651,7.303999154828489,1079.0199958137237,3,1
835,object,34178.105548445,82.47000369010493,243.62099793506786,62.70399899221957,7.394999556709081,396.19000017410144,3,1
836,object,34178.136680236,66.02999928873032,167.0929996180348,37.97800309257582,5.134999810252339,276.2360018095933,3,1
837,object,34178.168614779,55.602999054826796,164.29700190201402,38.51200017379597,4.845998773816973,263.25799990445375,3,1
838,object,34178.200704542,98.2309938990511,271.7520037549548,61.257997003849596,7.401002221740782,438.64199687959626,3,1
839,object,34178.23512561,58.6239984841086,160.4589997441508,38.233003579080105,5.16399450134486,262.47999630868435,3,1
840,object,34178.269436189,59.360994782764465,178.7959990906529,37.01800596900284,4.949994035996497,280.1249938784167,3,1
841,object,34178.297248791,54.56499638967216,159.12300295894966,35.79400072339922,4.406996595207602,253.88899666722864,3,1
842,object,34178.327275335,97.40499808685854,257.2289959061891,55.80400465987623,7.142996764741838,417.5809954176657,3,1
843,object,34178.356920543,58.397999964654446,175.8619982865639,37.87400055443868,4.590001481119543,276.7240002867766,3,1
844,object,34178.383802226,56.18100112769753,174.47299615014344,38.96500129485503,5.121997673995793,274.7409962466918,3,1
845,object,34178.414449261,54.34200284071267,156.493995746132,35.49100074451417,4.435998562257737,250.76299789361656,3,1
846,object,34178.445053905,53.67300036596134,155.10099910898134,35.43999628163874,4.641005943994969,248.8550017005764,3,1
847,object,34178.475699428,96.3629936450161,240.446999669075,55.260003136936575,6.446003681048751,398.51600013207644,3,1
848,object,34178.511446059,73.29000072786584,240.81500305328518,55.24999869521707,7.117996574379504,376.4729990507476,3,1
849,object,34178.54597652,67.50300235580653,179.5839998521842,36.62599920062348,4.973997420165688,288.6869988287799,3,1
850,object,34178.576997968,88.95800419850275,242.36199533334002,77.99600280122831,6.984999345149845,416.3010016782209,3,1
851,object,34178.605794496,81.82199962902814,866.19100329699,44.704000174533576,6.123002094682306,998.840005195234,3,1
852,object,34178.639958161,76.83700096094981,176.550995092839,36.95800114655867,8.33500234875828,298.68099954910576,2,1
853,object,34178.671333179,51.276998419780284,155.19699809374288,37.26500290213153,4.540997906588018,248.2799973222427,2,1
854,object,34178.698756783,50.85900193080306,154.41299910889938,36.15999594330788,12.181000784039497,253.61299776704982,2,1
855,object,34178.727778475,68.81400622660294,235.0129943806678,57.97600169898942,5.8779987739399076,367.6810010802001,2,1
856,object,34178.75986985,58.764002460520715,162.93799853883684,38.06199674727395,4.965004336554557,264.72900208318606,1,1
857,object,34178.789766876,47.243003791663796,129.76899597560987,125.21100143203512,5.877001967746764,308.10000316705555,1,1
858,object,34178.818399918,39.73300044890493,121.49400572525337,37.03899710671976,3.5940029192715883,201.86000620014966,1,1
859,object,34178.847497922,40.48300615977496,122.67999409232289,37.488003727048635,3.6519995774142444,204.30300355656072,1,1
860,object,34178.87772956,42.60699643054977,127.65399878844619,42.188003135379404,4.03999729314819,216.48899564752355,1,1
861,object,34178.907826926,54.645999625790864,187.1130007202737,64.80100273620337,5.7200013543479145,312.28000443661585,1,1
862,object,34178.936923871,48.075002268888056,174.68399892095476,56.388002121821046,4.330999217927456,283.4780025295913,1,1
863,object,34178.965407179,51.246999646537006,164.15400023106486,62.6539986114949,5.041001713834703,283.09600020293146,1,1
864,object,34178.993214508,51.357994379941374,178.5140048014,805.069001216907,8.322997018694878,1043.2639974169433,1,1
865,object,34179.024807436,55.56600081035867,156.11999697284773,46.178000047802925,4.461006028577685,262.325003859587,1,1
866,object,34179.054484158,48.62200148636475,149.05699936207384,43.06300252210349,4.257999535184354,245.00000290572643,1,1
867,object,34179.084233073,36.87499702209607,119.89699851255864,37.23300324054435,3.521003236528486,197.52600201172754,1,1
868,object,34179.113342738,35.802004276774824,119.25099533982575,36.31900472100824,2.9840011848136783,194.3560055224225,1,1
869,object,34179.143553301,53.017000027466565,173.562002601102,62.56699998630211,5.116999091114849,294.2630017059855,1,1
870,object,34179.173236405,56.16700218524784,176.1899984558113,48.65100345341489,5.032998160459101,286.0410022549331,1,1
871,object,34179.203412418,46.11600161297247,155.6429997435771,51.0949976160191,4.191002517472953,257.0450014900416,1,1
872,object,34179.231793258,46.40300176106393,158.38900435483083,68.17899702582508,4.711000656243414,277.68200379796326,1,1
873,object,34179.261407118,55.88900239672512,178.89800074044615,865.5599958728999,5.257003067526966,1105.6040020775981,1,1
874,object,34179.290184042,38.701000448782,152.907996380236,51.09100311528891,3.94100061384961,246.64100055815652,1,1
875,object,34179.317352539,48.834001063369215,161.74899792531505,53.51300205802545,4.53100074082613,268.62700178753585,1,1
876,object,34179.345413511,42.462997953407466,151.84900257736444,54.86099689733237,4.496003384701908,253.6690008128062,1,1
877,object,34179.373385682,39.28399382857606,141.3140053045936,50.61399861006066,3.688001015689224,234.89999875891954,1,1
878,object,34179.402417126,59.36600064160302,171.49099585367367,529.3939975672401,6.494999979622662,766.7459940421395,1,1
879,object,34179.430318986,64.02799772331491,175.67699978826568,61.61100463941693,6.2689941842108965,307.5849963352084,1,1
880,object,34179.460691415,48.556001274846494,158.04499707883224,55.80300057772547,5.041998520027846,267.44599745143205,1,1
881,object,34179.489413101,60.174003010615706,222.3189949290827,59.86200267216191,5.3010007832199335,347.65600139508024,1,1
882,object,34179.5178325,72.77700206032023,208.7499960907735,69.15000267326832,7.623995770700276,358.3009965950623,1,1
883,object,34179.549363781,40.21500353701413,124.39299462130293,2573.7040050444193,9.50599496718496,2747.8179981699213,1,1
884,object,34179.581081779,60.79900049371645,188.68600454879925,70.58999472064897,6.159003532957286,326.23400329612195,1,1
885,object,34179.613593984,58.12499875901267,191.63999968441203,72.50800263136625,6.789996405132115,329.06299747992307,1,1
886,object,34179.645092677,61.73500150907785,187.08700372371823,82.39099406637251,5.900001269765198,337.1130005689338,1,1
887,object,34179.67826632,56.98300083167851,176.51599773671478,69.67400258872658,5.818001227453351,308.9910023845732,1,1
888,object,34179.710424905,48.735993914306164,179.25200518220663,69.68499656068161,5.173998943064362,302.84699460025877,1,1
889,object,34179.743943464,49.16300531476736,148.32500164629892,44.92999869398773,4.121000529266894,246.5390061843209,1,1
890,object,34179.777755064,40.94799805898219,129.7530034207739,42.66499308869243,3.670000296551734,217.03599486500025,1,1
891,object,34179.816710081,95.71400005370378,641.8639968615025,78.475997725036,7.475005986634642,823.529000626877,1,1
892,object,34179.850450906,62.74000043049455,188.84699966292828,48.797999625094235,4.583002009894699,304.96800172841176,1,1
893,object,34179.889460748,52.7199954376556,91.71599958790466,1.5230034478008747,43.1099979323335,189.06899640569463,2,1
894,object,34179.925652954,57.19000182580203,147.07900118082762,45.718996261712164,4.547000571619719,254.53499983996153,2,1
895,object,34179.961159976,78.67800013627857,188.92099615186453,48.48700336879119,5.388996214605868,321.47499587154016,2,1
896,object,34179.993240047,95.94199946150184,200.1530010602437,536.3390009733848,7.433998689521104,839.8680001846515,2,1
897,object,34180.02424734,64.85800258815289,143.3180004823953,44.268999772612005,5.056994268670678,257.50199711183086,2,1
898,object,34180.055370187,54.09099685493857,159.01699953246862,44.51700078789145,4.999004886485636,262.62400206178427,2,1
899,object,34180.08911087,73.05899634957314,189.694001164753,68.68800119264051,7.157999789342284,338.5989984963089,2,1
900,object,34180.120346992,54.42900146590546,140.894997457508,44.184002035763115,4.488996637519449,243.99699759669602,2,1
901,object,34180.150645812,59.777004935313016,157.01799566159025,51.45100294612348,4.544999683275819,272.79100322630256,2,1
902,object,34180.181689031,52.436997066251934,135.21499931812286,41.95500514470041,4.429995897226036,234.03699742630124,2,1
903,object,34180.215443872,72.66899774549529,190.3930024127476,70.29399421298876,6.703005055896938,340.0589994271286,2,1
904,object,34180.247513732,94.78600259171799,223.5629945062101,94.3910054047592,11.90399780170992,424.6440003043972,2,1
905,object,34180.279022081,88.16100307740271,218.3319957111962,68.22200521128252,6.956994184292853,381.6719981841743,2,1
906,object,34180.309459941,71.90599717432633,195.2460006577894,64.24800085369498,6.533999112434685,337.9339977982454,2,1
907,object,34180.341283089,93.01499812863767,217.71100000478327,68.36400280008093,7.0829992182552814,386.17300015175715,2,1
908,object,34180.3712016,59.95199899189174,171.08300380641595,58.0080013605766,5.217996658757329,294.2610008176416,2,1
909,object,34180.400921202,66.43799861194566,197.22899742191657,60.9580019954592,6.05399691266939,330.6789949419908,2,1
910,object,34180.430135208,64.44499740609899,176.58599972492084,62.683000578545034,6.44400279270485,310.1580005022697,2,1
911,object,34180.457397952,69.7350042173639,190.00899919774383,62.743994931224734,6.56100019114092,329.0489985374734,2,1
912,object,34180.491382199,77.02600123593584,197.39600247703493,2541.1489987163804,13.12600215896964,2828.697004588321,2,1
913,object,34180.521658048,62.00100324349478,138.84499639971182,43.98400051286444,8.5480060079135,253.37800616398454,1,1
914,object,34180.558464102,45.52099562715739,135.94399933936074,45.67200085148215,3.84000304620713,230.97699886420742,1,1
915,object,34180.59195291,323.23499908670783,977.3670026334003,2053.215997875668,9.804003639146686,3363.622003234923,1,1
916,object,34180.625446592,190.50200353376567,221.6119974036701,77.1589984651655,6.367001333273947,495.6400007358752,1,1
917,object,34180.655821795,40.65500252181664,133.79899610299617,55.50299829337746,4.027999239042401,233.98499615723267,1,1
918,object,34180.688008954,43.91500260680914,140.24399570189416,46.29199975170195,3.9720034692436457,234.4230015296489,1,1
919,object,34180.719772203,48.04099444299936,161.02399968076497,59.48000034550205,4.493005690164864,273.03800015943125,1,1
920,object,34180.749579772,42.08800237393007,130.31200069235638,42.43700095685199,3.74599767383188,218.5830016969703,1,1
921,object,34180.780802956,48.83700603386387,133.72299872571602,56.00899748969823,4.141002136748284,242.7100043860264,1,1
922,object,34181.006517487,64.02399594662711,132.01300316723064,2.120999852195382,71.30199810490012,269.45999707095325,2,1
923,object,34181.032184869,63.4259995422326,183.77000378677621,61.05099600972608,6.107002263888717,314.3540016026236,2,1
924,object,34181.062016197,62.47899727895856,169.59600179689005,2.200999006163329,54.70099858939648,288.9769966714084,3,1
925,object,34181.089827147,52.620001952163875,157.91400073794648,39.038997783791274,4.426001396495849,253.99900187039748,3,1
926,object,34181.117153294,138.0949979647994,307.3390034842305,68.89799988130108,9.552000847179443,523.8840021775104,3,1
927,object,34181.146909347,59.7039979766123,168.2779984548688,38.40499994112179,5.189001967664808,271.5759983402677,3,1
928,object,34181.173500957,59.380006860010326,156.8529987707734,38.815996958874166,4.836001608055085,259.885004197713,3,1
929,object,34181.201772979,79.30999709060416,215.1200023945421,56.65299977408722,7.030001142993569,358.11300040222704,3,1
930,object,34181.229455317,73.43399920500815,199.85800463473424,60.51499804016203,7.406000804621726,341.21300268452615,3,1
931,object,34181.258992614,87.94599852990359,468.4310042648576,87.18499884707853,8.26099858386442,651.8230002257042,3,1
932,object,34181.289458819,78.47499364288524,216.73000446753576,161.0850013094023,7.566995918750763,463.85699533857405,3,1
933,object,34181.317525307,59.54600055702031,168.7539988779463,39.4040034734644,5.7729994296096265,273.4770023380406,3,1
934,object,34181.345597495,51.62299930816516,142.58200098993257,35.58000025805086,4.278001142665744,234.06300169881433,3,1
935,object,34181.371704529,52.73399438010529,142.94699940364808,34.73600372672081,4.601999535225332,235.0189970456995,3,1
936,object,34181.39983307,82.91200356325135,1155.378995463252,56.15500413114205,6.918999133631587,1301.365002291277,3,1
937,object,34181.430256852,83.01300113089383,287.6599974115379,70.15599840087816,7.529000868089497,448.3579978113994,3,1
938,object,34181.458306678,78.26499495422468,226.53600171906874,61.47700332803652,8.495997462887317,374.77399746421725,3,1
939,object,34181.486550173,75.08300041081384,202.75000133551657,58.30099689774215,6.763002602383494,342.89700124645606,3,1
940,object,34181.513404828,82.5890019768849,221.18599736131728,61.43999780761078,7.13500048732385,372.3499976331368,3,1
941,object,34181.546354263,85.66099859308451,223.92800019588321,58.0019986955449,7.265000022016466,374.8559975065291,3,1
942,object,34181.574992493,129.6499976888299,1403.124006174039,86.32100070826709,16.180994862224907,1635.275999433361,2,1
943,object,34181.60633645,60.425998526625335,169.64200040092692,39.29399827029556,5.1240058382973075,274.4860030361451,2,1
944,object,34181.634909531,60.945996665395796,204.25500406417996,47.54700057674199,10.520998330321163,323.2689996366389,1,1
945,object,34181.663797167,40.35700112581253,136.8649973301217,50.28600571677089,4.078996425960213,231.58700059866533,1,1
946,object,34181.696569653,59.55699452897534,185.78500021249056,67.81700358260423,5.0439994083717465,318.2029977324419,1,1
947,object,34181.724160716,50.318994908593595,131.92200276535004,43.16699778428301,3.4840049920603633,228.89200045028701,1,1
948,object,34181.75172794,36.916004319209605,119.1810006275773,40.2999939979054,3.249006113037467,199.64600505772978,1,1
949,object,34181.779152266,41.26300336793065,127.10799637716264,39.84900104114786,3.1939998734742403,211.41400065971538,1,1
950,object,34181.809892799,35.108001611661166,138.40600149706006,41.90400068182498,3.6349956644698977,219.0529994550161,1,1
951,object,34181.84287806,57.15499719372019,193.43700114404783,70.77700138324872,5.766996764577925,327.13599648559466,1,1
952,object,34181.871217537,43.94399729790166,162.2280033188872,58.878998970612884,4.440997145138681,269.49199673254043,1,1
953,object,34181.90009478,42.14300133753568,164.6069940761663,58.02200030302629,4.566005372907966,269.33800108963624,1,1
954,object,34181.92761581,51.5870051458478,144.10499716177583,44.27399835549295,4.366003850009292,244.33200451312587,1,1
955,object,34181.957381637,45.73099431581795,146.8760019633919,43.54299744591117,4.550005542114377,240.6999992672354,1,1
956,object,34181.985977745,49.951006076298654,126.89700088230893,39.697995816823095,4.020999767817557,220.56700254324824,1,1
957,object,34182.014606234,40.589999116491526,124.60200377972797,39.63899507652968,3.931003448087722,208.7620014208369,1,1
958,object,34182.04523741,70.33799920463935,197.11500499397516,76.6890007071197,6.89999433234334,351.04199923807755,1,1
959,object,34182.080658162,55.23100116988644,186.13599968375638,675.7209994248115,7.11299799149856,924.2009982699528,1,1
960,object,34182.110083941,39.614998968318105,130.86599938105792,41.16100171813741,3.3760006772354245,215.01800074474886,1,1
961,object,34182.142470551,38.404003134928644,125.57199806906283,41.266001062467694,3.44999716617167,208.69199943263084,1,1
962,object,34182.172391482,38.87999628204852,151.95800369838253,55.41499558603391,3.6240016925148666,249.87699725897983,1,1
963,object,34182.20278226,56.6200033063069,307.76199855608866,73.85399658232927,5.727000825572759,443.9629992702976,1,1
964,object,34182.233357178,55.03300053533167,174.20700169168413,580.0130020361394,4.150999302510172,813.4040035656653,1,1
965,object,34182.264225548,43.99399767862633,126.88500282820314,41.44499689573422,3.8630023482255638,216.18699975078925,1,1
966,object,34182.292821486,46.77099786931649,179.23600535141304,56.782999308779836,5.497000529430807,288.2870030589402,1,1
967,object,34182.322827229,51.87899660086259,188.4400044218637,61.3309966865927,5.357003828976303,307.0070015382953,1,1
968,object,34182.352325811,44.78600021684542,129.51499957125634,41.62300319876522,4.27999475505203,220.203997741919,1,1
969,object,34182.381195034,42.69499913789332,137.4179992126301,41.97000089334324,3.8139987736940384,225.8969980175607,1,1
970,object,34182.411122023,36.11200372688472,117.98200284829363,37.73899516090751,3.560002369340509,195.39300410542637,1,1
971,object,34182.438501612,42.24399890517816,129.66099893674254,39.62700429838151,3.6609999369829893,215.1930020772852,1,1
972,object,34182.469335338,61.24200444901362,190.02099725184962,73.3540000510402,5.99100167164579,330.60800342354923,1,1
973,object,34182.498372654,55.13699579751119,186.11099949339405,71.02500239852816,5.704998329747468,317.97799601918086,1,1
974,object,34182.528754035,42.49300400260836,87.31999696465209,1.3940007193014026,40.20000051241368,171.40700219897553,2,1
975,object,34182.557050002,49.28000271320343,133.2379979430698,40.18400068162009,4.4100015657022595,227.11200290359557,2,1
976,object,34182.585252354,71.45999552449211,181.12000543624163,689.8649953654967,9.619005140848458,952.0640014670789,2,1
977,object,34182.614260681,51.69899668544531,132.03400158090517,40.241000533569604,4.2769970605149865,228.25099586043507,2,1
978,object,34182.64170451,51.88000068301335,135.58799400925636,41.18899960303679,4.320005245972425,232.97699954127893,2,1
979,object,34182.670055719,70.1649987604469,193.39900609338656,52.471994422376156,4.810004611499608,320.84600388770923,2,1
980,object,34182.699423375,51.74699617782608,141.89899957273155,40.56699981447309,4.636000085156411,238.84899565018713,2,1
981,object,34182.731691771,83.82400119444355,336.8030011188239,87.4519973876886,8.47600313136354,516.5550028323196,2,1
982,object,34182.761823205,78.20299651939422,214.15400260593742,72.61800055857748,7.62400304665789,372.599002730567,2,1
983,object,34182.797091463,81.40600402839482,227.11799829266965,134.02799959294498,8.698996680323035,451.2509985943325,2,1
984,object,34182.830353428,49.44900138070807,136.7939985357225,43.72200055513531,4.612003976944834,234.5770044485107,2,1
985,object,34182.86207905,77.04499876126647,192.06399883842096,61.904000176582485,6.883004971314222,337.89600274758413,2,1
986,object,34182.89685489,56.44500197377056,155.02699534408748,44.43400393938646,5.042995326220989,260.9489965834655,2,1
987,object,34182.928522876,54.76500518852845,142.07399362931028,51.180002628825605,6.250003934837878,254.2690053815022,2,1
988,object,34182.959264669,81.06000314000994,200.17999486299232,71.2040055077523,7.386996003333479,359.83099951408803,2,1
989,object,34182.990493056,77.87600043229759,177.00299940770492,42.0319993281737,4.592002369463444,301.50300153763965,2,1
990,object,34183.025013934,156.59400378353894,251.12799630733207,101.84400161961094,9.206996764987707,518.7729984754696,2,1
991,object,34183.055391478,72.58999539772049,186.9570041890256,59.82499715173617,5.891000910196453,325.2629976486787,2,1
992,object,34183.091373069,53.75900218496099,137.64599862042814,42.583000322338194,4.6720015234313905,238.66000265115872,2,1
993,object,34183.123333023,68.40299465693533,167.75400581536815,43.4889952884987,5.025998689234257,284.67199445003644,2,1
994,object,34183.153810196,69.51399700483307,205.19099780358374,91.84500231640413,13.349002983886749,379.8990001087077,1,1
995,object,34183.186996094,49.494999984744936,133.45800107344985,39.84299837611616,3.76399839296937,226.5599978272803,1,1
996,object,34183.220121728,50.88900070404634,120.02400035271421,40.321996493730694,3.3750038710422814,214.61000142153352,1,1
997,object,34183.24991661,45.879998651798815,184.6149971242994,49.62299863109365,3.711000317707658,283.82899472489953,1,1
998,object,34183.281600903,43.22099994169548,132.55199883133173,41.88399907434359,3.8420039345510304,221.49900178192183,1,1
999,object,34183.311543597,64.08399349311367,193.4830070240423,71.31199527066201,6.918999133631587,335.7979949214496,1,1
1000,object,34183.345332305,49.875001423060894,134.80499910656363,41.20499943383038,4.8860019887797534,230.77100195223466,1,1
1001,object,34183.375564319,41.0899956477806,130.30700210947543,38.926002162043005,3.517001459840685,213.84000137913972,1,1
1002,object,34183.407975534,72.88100459845737,206.3879946945235,76.44000288564712,6.057001883164048,361.76600406179205,1,1
1003,object,34183.446079526,54.309995903167874,187.39599909167737,359.86000148113817,6.337999366223812,607.9039958422072,1,1
1004,object,34183.478298648,40.70199793204665,130.78300253255293,44.07999949762598,3.7810023059137166,219.34600226813927,1,1
1005,object,34183.510690529,48.68299583904445,151.48200327530503,42.03899879939854,3.925997589249164,246.1299955029972,1,1
1006,object,34183.545782329,63.14799975370988,236.47200578125194,63.51899355649948,5.876005161553621,369.0150042530149,1,1
1007,object,34183.579906739,38.106998545117676,146.2579966755584,58.26399865327403,6.34100433671847,248.96999821066856,1,1
1008,object,34183.61005718,39.095000829547644,126.95800251094624,44.32499554241076,4.171000909991562,214.5489997928962,1,1
1009,object,34183.639847021,51.18300032336265,179.36800577444956,44.549000449478626,3.7859936128370464,278.8860001601279,1,1
1010,object,34183.673890567,47.32899833470583,141.41300198389217,40.91700247954577,4.0000013541430235,233.6590041522868,1,1
1011,object,34183.716357795,56.65700155077502,189.1290012281388,1173.4649960999377,6.856003892607987,1426.1070027714595,1,1
1012,object,34183.751216566,58.929996157530695,190.39800099562854,63.80100239766762,5.454996426124126,318.583995976951,1,1
1013,object,34183.787488939,58.603000070434064,196.7490024981089,727.2559960256331,6.701004167553037,989.3090027617291,1,1
1014,object,34183.820283636,51.581002480816096,186.1139971879311,65.72200072696432,4.8240035539492965,308.2410039496608,1,1
1015,object,34183.852119622,49.01299689663574,176.03900050744414,63.36499791359529,4.771005478687584,293.18800079636276,1,1
1016,object,34183.883337272,59.177000366616994,184.37499966239557,64.23100421670824,5.060996045358479,312.8440002910793,1,1
1017,object,34183.913016323,49.526999646332115,172.34699771506712,60.430000303313136,5.031004548072815,287.3350022127852,1,1
1018,object,34183.945821835,43.83200575830415,147.6339966757223,46.193999878596514,4.141998942941427,241.8020012555644,1,1
1019,object,34183.979524319,58.20200021844357,177.76699678506702,70.77400368871167,5.7969955378212035,312.53999623004347,1,1
1020,object,34184.016085418,64.53999958466738,140.20699745742604,43.46800415078178,3.7529971450567245,251.96799833793193,1,1
1021,object,34184.04695146,67.29000597260892,153.18199439207092,64.62500459747389,5.342997610569,290.44000257272273,1,1
1022,object,34184.078121208,44.760003220289946,160.68499826360494,59.3350050621666,5.452995537780225,270.2330020838417,1,1
1023,object,34184.109843586,47.952002205420285,193.05600289953873,55.721997341606766,12.631004210561514,309.3610066571273,1,1
1024,object,34184.139240825,47.56799899041653,204.26300034159794,111.4309998229146,5.964997399132699,369.22699655406177,1,1
1025,object,34184.168746006,42.68400516593829,140.71199984755367,43.078995076939464,4.088004061486572,230.563004151918,1,1
1026,object,34184.20128703,44.51599670574069,135.50800213124603,43.817999539896846,4.098998033441603,227.94099641032517,1,1
1027,object,34184.236681821,46.061002649366856,132.7969948761165,41.53500049142167,3.879002179019153,224.2720001959242,1,1
1028,object,34184.269006514,43.19200525060296,130.14599971938878,41.99399700155482,4.11600194638595,219.4480039179325,1,1
1029,object,34184.297561557,41.002997022587806,129.0889995289035,41.23899998376146,3.9279984775930643,215.25899501284584,1,1
1030,object,34184.326348208,43.30399679020047,136.23200356960297,50.54000212112442,4.4959961087442935,234.57199858967215,1,1
1031,object,34184.356440989,58.28199937241152,184.83999883756042,68.39499837951735,5.487003363668919,317.0039999531582,1,1
1032,object,34184.384740403,42.037994717247784,87.43299986235797,1.3630051398649812,43.463995098136365,174.2979948176071,2,1
1033,object,34184.413722343,51.09600169816986,132.63499567983672,41.806000808719546,4.2430037865415215,229.78000197326764,2,1
1034,object,34184.440517875,49.00500061921775,126.51200086111203,39.66499934904277,4.213994543533772,219.39599537290633,2,1
1035,object,34184.472496742,77.44000322418287,186.95399921853095,372.1329994732514,8.486000297125429,645.0130022130907,2,1
1036,object,34184.505789495,49.42299710819498,128.9550054934807,46.23399581760168,4.615998477675021,229.2279968969524,2,1
1037,object,34184.537395697,53.31900320015848,146.35499974247068,46.24599387170747,4.327004717197269,250.2470015315339,2,1
1038,object,34184.56507523,48.47899981541559,127.37700308207422,39.139995351433754,4.261004505679011,219.25700275460258,2,1
1039,object,34184.59144672,52.380004490260035,132.50399933895096,41.27399733988568,4.565001290757209,230.7230024598539,2,1
1040,object,34184.621046505,70.6309947418049,182.60400247527286,63.227002101484686,6.281996320467442,322.7439956390299,2,1
1041,object,34184.647369909,46.36100493371487,125.81899500219151,39.876998926047236,3.9910009945742786,216.0479998565279,2,1
1042,object,34184.674356517,45.163993490859866,127.66100553562865,36.92899917950854,3.8040016079321504,213.5579998139292,2,1
1043,object,34184.701197273,56.210999900940806,134.1479946859181,37.65300061786547,4.312001692596823,232.3239968973212,2,1
1044,object,34184.728608359,70.44000085443258,176.61099991528317,348.2309984974563,7.005000952631235,602.2870002198033,2,1
1045,object,34184.757261373,70.50699787214398,412.11300413124263,68.24699812568724,6.590998964384198,557.457999093458,2,1
1046,object,34184.783779982,45.330001739785075,127.59600213030353,38.27700129477307,4.255998646840453,215.45900381170213,2,1
1047,object,34184.810295389,44.685999455396086,123.75000369502231,36.88199649332091,3.892004315275699,209.210003959015,2,1
1048,object,34184.836244836,46.81599966716021,125.76800509123132,36.064993764739484,4.15600516134873,212.80500368447974,2,1
1049,object,34184.864933076,143.79699860000983,205.1920018857345,63.81899584084749,6.724003469571471,419.5319997961633,2,1
1050,object,34184.894454951,68.09700425947085,205.37299860734493,97.36399806570262,7.282003934960812,378.1160048674792,2,1
1051,object,34184.923745545,53.24100493453443,143.35699961520731,74.10299440380186,6.529000529553741,277.22999948309734,2,1
1052,object,34184.951316987,52.88800457492471,134.39599570119753,41.00100341020152,4.0099985199049115,232.29500220622867,2,1
1053,object,34184.979613767,74.12100239889696,181.5209980122745,56.25300400424749,6.529000529553741,318.4240049449727,2,1
1054,object,34185.010998589,66.48700218647718,146.9529961468652,49.059999582823366,6.100999598857015,268.60099751502275,2,1
1055,object,34185.044442943,74.68400144716725,191.98100198991597,1219.3719958304428,134.59400361170992,1620.631002879236,2,1
1056,object,34185.074797718,72.52600335050374,250.50499971257523,100.38699838332832,8.45400063553825,431.87200208194554,2,1
1057,object,34185.106279492,78.82699719630182,215.7359995180741,83.53600424015895,7.30800093151629,385.40700188605115,2,1
1058,object,34185.139496453,78.33500421838835,207.93699513887987,69.74999996600673,6.993002898525447,363.0150022218004,2,1
1059,object,34185.172028551,73.40999582083896,203.74100131448358,1029.6929976902902,9.596005838830024,1316.4400006644428,2,1
1060,object,34185.203288244,65.93599391635507,149.4430034654215,41.49299638811499,4.6570057747885585,261.5289995446801,2,1
1061,object,34185.233928933,50.75499939266592,145.31000488204882,50.52299820818007,4.7720022848807275,251.36000476777554,2,1
1062,object,34185.265377109,54.83700078912079,163.18500274792314,44.24800135893747,4.625995643436909,266.8960005394183,2,1
1063,object,34185.293288487,78.87600077083334,200.28399740112945,61.594000726472586,6.119000317994505,346.8729992164299,2,1
1064,object,34185.323645743,61.05799548095092,148.54100299999118,909.4109991565347,6.772999768145382,1125.7829974056222,2,1
1065,object,34185.354988055,61.47000385681167,150.7380002294667,68.01699782954529,5.522997525986284,285.74799944180995,2,1
1066,object,34185.385651348,176.59200238995254,540.5499978223816,82.84000068670139,7.8550001489929855,807.8370010480285,2,1
1067,object,34185.416816126,56.54199776472524,186.55700114322826,47.38599818665534,4.781002644449472,295.2659997390583,2,1
1068,object,34185.445620312,84.95300426147878,1029.707993438933,96.48100240156054,8.15599923953414,1219.2979993415065,2,1
1069,object,34185.48050153,78.83399666752666,203.19500617915764,63.234998378902674,6.567999662365764,351.83200088795274,2,1
1070,object,34185.509914655,61.9630009168759,190.47500245505944,67.62900011381134,5.47999661648646,325.54700010223314,2,1
1071,object,34185.541293724,75.93399641336873,218.4429977205582,67.68000457668677,6.83699909131974,368.89399780193344,2,1
1072,object,34185.569402763,66.8319989927113,158.63499720580876,44.372005504556,4.657995305024087,274.49699700810015,2,1
1073,object,34185.60130016,52.06700006965548,138.11799726681784,42.760002543218434,4.645000444725156,237.5900003244169,2,1
1074,object,34185.629825796,58.36800119141117,143.78999912878498,40.04000220447779,4.538000212050974,246.7360027367249,2,1
1075,object,34185.658295874,53.92200546339154,138.76999582862481,40.41400097776204,4.49299841420725,237.59900068398565,2,1
1076,object,34185.687007342,68.86300252517685,181.27899966202676,92.15099998982623,6.333000783342868,348.6260029603727,2,1
1077,object,34185.716413703,51.36200343258679,130.39600162301213,42.8040002589114,4.458997864276171,229.0210031787865,2,1
1078,object,34185.744439654,46.87900218414143,131.21899974066764,41.830993723124266,4.23700112150982,224.16599676944315,2,1
1079,object,34185.770828086,45.312001020647585,123.95199883030728,44.13900023791939,3.9579972508363426,217.3609973397106,2,1
1080,object,34185.799928239,43.17599814385176,135.83200052380562,39.7769981645979,4.045003151986748,222.82999998424202,2,1
1081,object,34185.829966812,52.272000175435096,124.78399730753154,39.94799772044644,4.387002263683826,221.3909974670969,2,1
1082,object,34185.857920504,52.889998187310994,141.82800077833235,41.473998862784356,4.736000846605748,240.92799867503345,2,1
1083,object,34185.885359482,47.541994717903435,128.4259997191839,38.354002754203975,4.093002644367516,218.41499983565882,2,1
1084,object,34185.911459028,48.046997108031064,126.75300240516663,36.37000190792605,4.260000423528254,215.430001844652,2,1
1085,object,34185.941029183,51.74700345378369,133.86499631451443,37.965997762512416,4.64300683233887,228.2210043631494,2,1
1086,object,34185.96928818,47.22399899037555,127.81599798472598,43.90100366435945,5.524001608137041,224.46500224759802,2,1
1087,object,34185.996308615,46.40299448510632,131.47000572644174,40.88699643034488,3.9860024116933346,222.74599905358627,2,1
1088,object,34186.023447482,52.95399751048535,132.83199950819835,43.96800068207085,4.447996616363525,234.20199431711808,2,1
1089,object,34186.050294838,72.31599738588557,159.16200209176168,38.662001315969974,5.158995918463916,275.29899671208113,2,1
1090,object,34186.079089816,54.64500281959772,132.80200073495507,41.27700231038034,4.831999831367284,233.55600569630042,2,1
1091,object,34186.107327854,76.39599789399654,142.25199993234128,41.696999687701464,4.484005330596119,264.8290028446354,2,1
1092,object,34186.133912351,50.2700058859773,141.02400018600747,40.444996557198465,4.312998498789966,236.0520011279732,2,1
1093,object,34186.160524519,47.62699973070994,122.23600060679018,39.70100078731775,7.178001396823674,216.74200252164155,1,1
1094,object,34186.187921727,41.906998376362026,134.10099927568808,39.83799979323521,3.9910009945742786,219.8369984398596,1,1
1095,object,34186.219231404,45.18299829214811,133.48300126381218,39.83799979323521,3.9299993659369648,222.43399871513247,1,1
1096,object,34186.250494921,48.681002226658165,167.8629996604286,57.79800267191604,4.925001121591777,279.2670056805946,1,1
1097,object,34186.277636123,50.68600148661062,162.9129983484745,62.76700150920078,4.902998625766486,281.2689999700524,1,1
1098,object,34186.303822492,55.93599780695513,158.43899745959789,42.24700387567282,4.194997018203139,260.81699616042897,1,1
1099,object,34186.333584386,70.23800571914762,182.3759957915172,67.453998781275,5.854999471921474,325.9229997638613,1,1
1100,object,34186.359896067,51.35899846209213,182.32400179840624,65.22000330733135,5.294998118188232,304.19800168601796,1,1
1101,object,34186.388392634,35.678000131156296,118.13500168500468,36.65300027932972,3.1379968277178705,193.60399892320856,1,1
1102,object,34186.41570994,33.61699782544747,117.40099580492824,38.497004425153136,2.9709990485571325,192.48599710408598,1,1
1103,object,34186.442130298,40.642000385560095,119.37100498471409,38.13099465332925,3.412002115510404,201.55600213911384,1,1
1104,object,34186.469896164,40.57699698023498,137.3550039716065,40.551996789872646,4.285997420083731,222.76999516179785,1,1
1105,object,34186.49699149,58.3950022701174,173.84700186084956,63.84299922501668,5.2440009312704206,301.32900428725407,1,1
1106,object,34186.526404126,38.46299659926444,123.34200437180698,36.57199704321101,3.6999990697950125,202.07699708407745,1,1
1107,object,34186.553939854,37.322999560274184,133.38300050236285,40.81000224687159,3.745000867638737,215.26100317714736,1,1
1108,object,34186.58157002,48.75000013271347,176.56400450505316,55.767995945643634,4.749002982862294,285.83100356627256,1,1
1109,object,34186.610021769,34.76800338830799,122.60200310265645,38.60099968733266,3.1710005714558065,199.1420067497529,1,1
1110,object,34186.639133457,42.58000262780115,126.06299424078315,38.20300480583683,3.850997018162161,210.6969986925833,1,1
1111,object,34186.668506571,38.79800351569429,120.78299914719537,38.64699829136953,3.801003913395107,202.0290048676543,1,1
1112,object,34186.693226214,43.08799543650821,119.57400420214981,35.478995414450765,3.2220050343312323,201.36300008744,1,1
1113,object,34186.720586717,41.52100154897198,125.08399959187955,38.73900277540088,3.6229976103641093,208.9670015266165,1,1
1114,object,34186.747852999,50.44100544182584,173.17499441560358,62.74200131883845,4.894005542155355,291.2520067184232,1,1
1115,object,34186.77424152,41.52200563112274,127.8790005017072,37.23400004673749,3.793997166212648,210.42900334578007,1,1
1116,object,34186.800915107,39.15200068149716,128.9709980483167,36.81499947560951,3.398003173060715,208.33600137848407,1,1
1117,object,34186.826786304,36.76099731819704,115.87500193854794,35.85399826988578,3.5330012906342745,192.02299881726503,1,1
1118,object,34186.853976667,69.51099931029603,185.89400133350864,57.263998314738274,5.319001502357423,317.98800046090037,1,1
1119,object,34186.881770801,43.54499833425507,158.03900168975815,60.41899905540049,4.800000169780105,266.8029992491938,1,1
1120,object,34187.047141326,51.50400102138519,167.45599714340642,55.188000260386616,4.811998223885894,278.9599966490641,1,1
1121,object,34187.074493283,47.42300370708108,155.58499580947682,60.28500501997769,4.470995918381959,267.76400045491755,1,1
1122,object,34187.099933507,55.39999983739108,197.23799778148532,61.325998103711754,5.519003025256097,319.48299874784425,1,1
1123,object,34187.126154277,66.06499664485455,184.53300435794517,820.0379961635917,9.738003427628428,1080.37400059402,1,1
1124,object,34187.152669659,40.336002712138,148.97399523761123,55.173004511743784,4.221998096909374,248.7050005584024,1,1
1125,object,34187.180170777,44.84900273382664,163.30299695255235,55.70799839915708,4.197005182504654,268.0570032680407,1,1
1126,object,34187.206977366,40.56400211993605,137.92300160275772,52.4099959875457,3.6040000850334764,234.50099979527295,1,1
1127,object,34187.231623621,46.08999734045938,142.83700147643685,51.07499600853771,3.863999154418707,243.86599397985265,1,1
1128,object,34187.25952219,54.873999033588916,177.62700008461252,630.8810043265112,8.149996574502438,871.532000019215,1,1
1129,object,34187.28674637,35.40599573170766,119.39300020458177,36.64700489025563,2.9519942472688854,194.39799507381395,1,1
1130,object,34187.314218143,55.081000027712435,152.95499906642362,61.10899994382635,5.3059993661008775,274.4509984040633,1,1
1131,object,34187.342903754,49.758004024624825,174.28499995730817,63.911997131071985,4.749999789055437,292.7050009020604,1,1
1132,object,34187.369495347,49.68100256519392,169.71099830698222,53.06000093696639,4.941000952385366,277.3930027615279,1,1
1133,object,34187.397191311,54.495001677423716,166.3209986872971,56.28499638987705,5.418005457613617,282.5190022122115,1,1
1134,object,34187.425229009,53.12699795467779,169.13199942791834,57.5560043216683,5.035995854996145,284.8509975592606,1,1
1135,object,34187.452526313,35.226999898441136,121.41399929532781,42.00600233161822,3.5729972296394408,202.2199987550266,1,1
1136,object,34187.478868035,38.12599607044831,124.71999798435718,36.29900311352685,3.740999090950936,202.88599625928327,1,1
1137,object,34187.503956044,60.86700159357861,163.70799858123064,54.17300417320803,4.8959991545416415,283.6440035025589,1,1
1138,object,34187.529510507,37.093996070325375,122.09400301799178,37.94099757215008,3.3230026019737124,200.45199926244095,1,1
1139,object,34187.55609029,33.114993129856884,111.33800580864772,37.85599983530119,3.03499837173149,185.3439971455373,1,1
1140,object,34187.582770865,42.567000491544604,134.0019953204319,41.15000047022477,4.125999112147838,221.8449953943491,1,1
1141,object,34187.609279465,37.615995097439736,116.11600348260254,37.8359982278198,3.5949997254647315,195.1629965333268,1,1
1142,object,34187.634461863,50.515998736955225,137.13599764741957,42.31499769957736,5.31600380782038,235.28299789177254,1,1
1143,object,34187.661410597,38.6039973818697,122.78600479476154,38.38599513983354,3.282002580817789,203.05799989728257,1,1
1144,object,34187.688236059,44.07999949762598,130.180997075513,39.997998101171106,3.273002221249044,217.53199689555913,1,1
1145,object,34188.068737659,38.18199911620468,137.26500037591904,47.05900209955871,3.4379991120658815,225.94400070374832,1,1
1146,object,34188.095798232,37.407997297123075,140.58600208954886,58.765996072907,3.906003257725388,240.66599871730432,1,1
1147,object,34188.122090878,39.785998524166644,134.11999680101871,36.519006243906915,3.4949989640153944,213.92000053310767,1,1
1148,object,34188.14802847,34.77100108284503,117.42799688363448,34.181997762061656,2.9570001061074436,189.3379958346486,1,1
1149,object,34188.173023692,38.0890051019378,108.405998616945,34.06799805816263,2.977998519781977,183.5410002968274,1,1
1150,object,34188.201438474,35.931996535509825,114.69199671410024,33.32800406496972,3.0410010367631912,186.99299835134298,1,1
1151,object,34188.232465018,51.67500057723373,131.00599608151242,38.20699930656701,3.836001269519329,224.7239972348325,1,1
1152,object,34188.258597678,39.55099964514375,127.41099635604769,39.24799966625869,3.416003892198205,209.62599955964833,1,1
1153,object,34188.284374628,36.34099994087592,114.40100206527859,36.00699710659683,3.1790041248314083,189.92800323758274,1,1
1154,object,34188.309098257,43.648004066199064,138.09599477099255,34.88099901005626,3.5859993658959866,220.21099721314386,1,1
1155,object,34188.33514307,35.41300247889012,114.54199557192624,36.49600694188848,3.025998012162745,189.47700300486758,1,1
1156,object,34188.362702095,38.73199602821842,120.2810017275624,38.505000702571124,4.029003321193159,201.5470017795451,1,1
1157,object,34188.390541796,38.07000030064955,117.01000039465725,36.72599996207282,3.2149982871487737,195.0209989445284,1,1
1158,object,34188.417544579,37.77499659918249,118.53100295411423,37.600999348796904,3.1339950510300696,197.0409939531237,1,1
1159,object,34188.446421294,54.83000131789595,217.51399617642164,71.75600330810994,11.418997019063681,355.5189978214912,1,1
1160,object,34188.475212082,37.08399890456349,118.1050029117614,35.93300061766058,3.4629993024282157,194.5850017364137,1,1
1161,object,34188.501572269,38.555997889488935,117.53100261557847,38.02699939114973,2.948996552731842,197.06299644894898,1,1
1162,object,34188.527532695,49.64500112691894,119.86900062765926,35.15499702189118,3.421999281272292,208.09099805774167,1,1
1163,object,34188.552240243,35.39099998306483,117.92399891419336,34.90500239422545,3.3620017347857356,191.58200302626938,1,1
1164,object,34188.577739157,69.58399899303913,234.35500042978674,86.39899897389114,5.822003004141152,396.16000140085816,1,1
1165,object,34188.606581502,34.97300349408761,115.89600035222247,37.78799873543903,3.1000017770566046,191.75700435880572,1,1
1166,object,34188.63321877,50.21499964641407,189.70499513670802,97.93999925022945,7.188005838543177,345.0479998718947,1,1
1167,object,34188.66044881,46.70800262829289,159.07199849607423,56.62700277753174,5.112000508233905,267.51900441013277,1,1
1168,object,34188.687514947,46.92399670602754,152.85800327546895,59.58299880148843,4.958004865329713,264.3230036483146,1,1
1169,object,34188.715502172,55.6049999431707,171.33799701696262,81.21300197672099,7.978000212460756,316.13399914931506,1,1
1170,object,34188.743211024,46.880006266292185,157.62399561936036,60.755999584216624,7.8880038927309215,273.1480053626001,1,1
1171,object,34188.771009744,48.61900379182771,158.50099589442834,54.74300269270316,4.985995474271476,266.8489978532307,1,1
1172,object,34188.798288288,38.4579980163835,119.04799612239003,36.270001146476716,3.610999556258321,197.38699484150857,1,1
1173,object,34188.823970292,41.28900036448613,117.58700566133484,38.038000639062375,3.1729941838420928,200.08700084872544,1,1
1174,object,34188.850888023,53.786003263667226,175.67099712323397,54.251002438832074,4.886998794972897,288.59500162070617,1,1
1175,object,34188.88006574,53.945004765409976,168.29099331516773,59.932004660367966,4.829998943023384,286.99800168396905,1,1
1176,object,34188.90608267,35.98100011004135,118.3279964607209,37.466001231223345,3.56400414602831,195.3390019480139,1,1
1177,object,34188.932407855,38.4720042347908,118.092997581698,39.67399970861152,3.2520038075745106,199.49100533267483,1,1
1178,object,34188.959259832,48.91600110568106,163.84199989261106,49.37699850415811,4.301000444684178,266.4359999471344,1,1
1179,object,34188.988295579,58.42699465574697,184.3310019467026,72.92700320249423,5.818001227453351,321.50300103239715,1,1
1180,object,34189.015450185,56.233002396766096,173.97500050719827,660.5800008401275,5.946996679995209,896.735000424087,1,1
1181,object,34189.045266037,38.03000436164439,124.18799451552331,40.507002267986536,3.7429999792948365,206.46800112444907,1,1
1182,object,34189.073706637,38.30800415016711,131.04100071359426,35.40299803717062,2.968998160213232,207.72100106114522,1,1
1183,object,34189.101115957,44.99700298765674,162.25699800997972,52.67700180411339,5.094996595289558,265.0259993970394,1,1
1184,object,34189.130247627,44.99300121096894,156.4999984111637,53.59599890653044,4.298002750147134,259.3870012788102,1,1
1185,object,34189.159950117,44.063002860639244,181.73900025431067,56.774995755404234,4.553003236651421,287.13000210700557,1,1
1186,object,34189.187644983,40.662001993041486,149.38899403205141,51.540999265853316,4.416004230733961,246.00799952168018,1,1
1187,object,34189.214727839,39.7930052713491,142.15099508874118,51.87900387682021,3.9750011637806892,237.79800540069118,1,1
1188,object,34189.241786615,53.31000284058973,197.90399528574198,58.27800487168133,5.666996003128588,315.15899900114164,1,1
1189,object,34189.271233537,41.58799856668338,125.75399887282401,52.87700332701206,8.611998055130243,228.8309988216497,1,1
1190,object,34189.297843838,41.05599509784952,135.1710016024299,41.38100484851748,4.169996827840805,221.7779983766377,1,1
1191,object,34189.326534874,45.71399767883122,145.17900126520544,41.87699960311875,3.0989976949058473,235.86899624206126,1,1
1192,object,34189.35485287,33.23800046928227,112.2290050261654,46.61599814426154,3.58899706043303,195.67200070014223,1,1
1193,object,34189.38427586,44.32399873621762,129.3969980906695,37.921003240626305,3.8139987736940384,215.45599884120747,1,1
1194,object,34189.414140638,66.73300231341273,183.3729984355159,727.3840019479394,7.173999620135874,984.6640023170039,1,1
1195,object,34189.443500745,40.56000034324825,125.20000018412247,36.676996387541294,3.801003913395107,206.23800082830712,1,1
1196,object,34189.472686006,36.946003092452884,119.57000242546201,39.3899972550571,3.7030040402896702,199.60900681326166,1,1
1197,object,34189.500180676,41.062005038838834,121.99499906273559,38.34199742414057,3.4990007407031953,204.8980022664182,1,1
1198,object,34189.530526384,42.71700163371861,131.50899758329615,39.76700099883601,3.735003701876849,217.72800391772762,1,1
1199,object,34189.55849566,49.65800326317549,139.94199980515987,37.86899469560012,3.983004717156291,231.45200248109177,1,1
1200,object,34189.590177255,38.57100091408938,123.2089998666197,37.07900032168254,3.7610006984323263,202.62000180082396,1,1
1201,object,34189.618221194,36.56699846033007,117.9329992737621,37.293000787030905,3.6999990697950125,195.4929975909181,1,1
1202,object,34189.648923291,42.82599547877908,134.51600534608588,38.96599810104817,3.4049953683279455,219.71299429424107,1,1
1203,object,34189.677090133,44.410000555217266,180.9129971661605,52.805997256655246,4.973000613972545,283.10199559200555,1,1
1204,object,34189.708286551,39.30900129489601,127.2429944947362,37.037003494333476,3.574001311790198,207.16300059575588,1,1
1205,object,34189.736207307,36.47099947556853,122.16199684189633,35.89200059650466,2.906999725382775,197.4319966393523,1,1
1206,object,34189.763366796,49.60099613526836,168.24900376377627,62.830993556417525,4.689005436375737,285.3699988918379,1,1
1207,object,34189.790913828,36.9039989891462,129.0259970119223,37.72500349441543,3.2050011213868856,206.86000061687082,1,1
1208,object,34189.820789403,36.08800034271553,121.5290030813776,38.589998439420015,3.3329997677356005,199.54000163124874,1,1
1209,object,34189.849831545,33.71699858689681,119.78400289081037,47.94500273419544,3.3010001061484218,204.74700431805104,1,1
1210,object,34189.878467221,38.68599742418155,116.25899787759408,35.37900192895904,3.549001121427864,193.87299835216254,1,1
1211,object,34189.905533655,64.98499715235084,188.00800171447918,66.13800360355526,5.561996658798307,324.6929991291836,1,1
1212,object,34189.933795222,57.01900226995349,175.96399993635714,57.451994507573545,5.216003046371043,295.6509997602552,1,1
1213,object,34189.96093735,49.28999987896532,157.2820037836209,38.75899710692465,3.9250007830560207,249.2560015525669,1,1
1214,object,34189.989421057,35.98400508053601,116.20299483183771,39.516002289019525,3.2850002753548324,194.98800247674808,1,1
1215,object,34190.018057364,36.23899829108268,115.3109988081269,35.80900374799967,3.0559967854060233,190.41499763261527,1,1
1216,object,34190.047151472,53.347001085057855,174.59900118410587,56.03000317933038,5.259993486106396,289.2359989346005,1,1
1217,object,34190.077106736,37.103003705851734,124.58200217224658,37.929996324237436,3.255001502111554,202.8700037044473,1,1
1218,object,34190.106057426,34.54000398050994,115.09699834277853,35.00800085021183,2.8419963200576603,187.48699949355796,1,1
1219,object,34190.134850583,31.994997698348016,114.28700236137956,49.34499884257093,3.6389974411576986,199.2659963434562,1,1
1220,object,34190.161986306,71.1250031599775,191.74000044586137,61.897997511550784,5.282003257889301,330.04500437527895,1,1
1221,object,34190.191224469,42.39099507685751,128.61700088251382,40.357997932005674,3.992005076725036,215.35799896810204,1,1
1222,object,34190.220413025,53.19799674907699,166.52700287522748,69.57900041015819,8.586997864767909,297.89099789923057,1,1
1223,object,34190.251267949,52.31599789112806,163.04799646604806,58.22300590807572,5.271998816169798,278.85899908142164,1,1
1224,object,34190.280707047,47.1379971713759,163.31700317095965,61.040002037771046,5.407993739936501,276.9029961200431,1,1
1225,object,34190.313606491,53.99699875852093,184.19499974697828,98.9660038612783,6.179994670674205,343.3379970374517,1,1
1226,object,34190.343317522,51.47100455360487,174.29299623472616,63.986000895965844,5.0390008254908025,294.7890025097877,1,1
1227,object,34190.375275255,49.74100011168048,180.05300080403686,53.63400123314932,4.166002327110618,287.5940044759773,1,1
1228,object,34190.405090946,48.65400114795193,171.07500025304034,61.30499969003722,4.360001184977591,285.3940022760071,1,1
1229,object,34190.43707165,59.31700434302911,162.39500109804794,53.29699342837557,4.628003807738423,279.63700267719105,1,1
1230,object,34190.469039729,47.510999138467014,173.20999904768541,76.25299622304738,6.827001925557852,303.80099633475766,1,1
1,sign,34136.448571023,0.5969995982013643,2.392996975686401,1.133004843723029,49.99899829272181,54.1219997103326,1,1
2,sign,34136.475427458,31.275005312636495,122.17900075484067,468.34099339321256,4.492001608014107,626.2870010687038,1,1
3,sign,34136.988717561,13.204000424593687,54.811003792565316,28.296999516896904,1.915999746415764,98.22800348047167,1,1
4,sign,34137.014270502,26.919005904346704,97.17999637359753,41.29100125283003,3.4850017982535064,168.87500532902777,1,1
5,sign,34137.370197899,29.240000003483146,96.57099872129038,42.50500205671415,3.0579976737499237,171.3739984552376,1,1
6,sign,34137.397154109,22.309999621938914,83.52899749297649,46.61400453187525,3.03499837173149,155.48800001852214,1,1
7,sign,34137.423139161,29.119000828359276,90.53399844560772,40.74000025866553,3.1750023481436074,163.56800188077614,1,1
8,sign,34137.449045545,15.122997865546495,62.00100324349478,27.804002456832677,2.206994395237416,107.13499796111137,1,1
9,sign,34137.475489157,13.69600067846477,60.67600043024868,26.120003894902766,1.8849968910217285,102.37700189463794,1,1
10,sign,34137.50456805,27.076006517745554,119.22399426111951,43.78800076665357,3.4859986044466496,193.5740001499653,1,1
11,sign,34137.531333886,18.44699727371335,57.328004913870245,1.510001311544329,46.4409968117252,123.72600031085312,2,1
12,sign,34137.559271966,43.4340036008507,129.107000248041,46.846995246596634,4.211004124954343,223.59900322044268,2,1
13,sign,34137.585237062,34.31900404393673,125.1639987458475,49.715999921318144,4.724999598693103,213.92400230979547,2,1
14,sign,34137.610675512,34.01299909455702,126.66000111494213,51.3480044901371,4.850000550504774,216.87100525014102,2,1
15,sign,34137.637338379,30.53300315514207,86.16899867774919,42.37000393914059,3.6759956856258214,162.74800145765767,2,1
16,sign,34137.664197501,44.37899769982323,82.42600597441196,41.153994970954955,3.5190023481845856,171.47800099337474,2,1
17,sign,34137.690380646,39.63799827033654,109.78199861710891,2.2509993868879974,59.35299850534648,211.02399477967992,3,1
18,sign,34137.717164479,43.1849985034205,109.56999904010445,57.626006309874356,4.43699536845088,214.8179992218502,3,1
19,sign,34137.742382984,41.203005821444094,109.85299741150811,41.90199979348108,4.360997991170734,197.31900101760402,3,1
20,sign,34137.768356734,29.29699985543266,86.2239976413548,28.06800330290571,3.086999640800059,146.67600044049323,3,1
21,sign,34137.796097455,49.73899922333658,125.68700185511261,46.91999492933974,4.786001227330416,227.13199723511934,3,1
22,sign,34137.822936183,58.42500104336068,450.82299766363576,50.93900108477101,5.549998604692519,565.73699839646,3,1
23,sign,34137.849166642,30.327995773404837,90.45200567925349,60.071994084864855,4.391004040371627,185.2429995778948,3,1
24,sign,34137.875887311,27.28700201259926,80.82199929049239,34.374999813735485,3.155000740662217,145.63900185748935,3,1
25,sign,34137.90351379,49.16999751003459,184.00200497126207,43.84099884191528,4.426998202688992,281.43999952590093,3,1
26,sign,34137.929634677,47.09399945568293,120.54000399075449,42.496998503338546,4.592002369463444,214.7230043192394,3,1
27,sign,34137.956031771,57.48499825131148,135.3150000795722,32.01100480509922,3.845998435281217,228.65700157126412,3,1
28,sign,34137.981817604,26.92400448722765,94.92699609836563,27.8410007013008,3.273002221249044,152.96500350814313,3,1
29,sign,34138.006007119,44.65600068215281,98.75999967334792,27.258996851742268,2.9799994081258774,173.65499661536887,3,1
30,sign,34138.0338262,52.491996029857546,174.68600708525628,47.25599865196273,5.590998625848442,280.025000392925,3,1
31,sign,34138.060635377,53.39700146578252,144.11700249183923,43.34999539423734,10.998999641742557,251.86299899360165,2,1
32,sign,34138.086243206,60.72799442335963,174.3580069160089,49.12399890599772,4.932000592816621,289.14200083818287,2,1
33,sign,34138.111848477,43.867999920621514,131.30000297678635,33.20499672554433,3.669003490358591,212.04200311331078,2,1
34,sign,34138.135683279,42.10800398141146,122.47999984538183,28.128997655585408,3.449000359978527,196.16600184235722,2,1
35,sign,34138.161598537,57.594996178522706,168.26300270622596,45.36799679044634,4.913003067485988,276.138998742681,2,1
36,sign,34138.187810163,58.64899867447093,234.5180037082173,70.18599717412144,7.875001756474376,371.22800131328404,2,1
37,sign,34138.213332309,43.815998651552945,127.21499660983682,32.105002901516855,7.465998351108283,210.6019965140149,1,1
38,sign,34138.238734843,12.19999830937013,52.620001952163875,26.941997930407524,1.8140053725801408,93.57600356452167,1,1
39,sign,34138.263125205,14.624005416408181,59.47399768047035,25.200002710334957,1.7899947124533355,101.08800051966682,1,1
40,sign,34138.289162203,40.398001146968454,136.085000121966,46.32399941328913,3.2850002753548324,226.09200095757842,1,1
41,sign,34138.315250108,13.567005225922912,57.47799878008664,28.178001230116934,2.1269952412694693,101.35000047739595,1,1
42,sign,34138.341491848,36.930003261659294,143.22200149763376,56.482997024431825,3.373002982698381,240.00800476642326,1,1
43,sign,34138.367040243,32.23300154786557,107.39600111264735,230.89200112735853,3.3249962143599987,373.84600000223145,1,1
44,sign,34138.391802814,13.16699490416795,52.48199886409566,25.330002245027572,1.8740029190666974,92.85299893235788,1,1
45,sign,34138.415987629,12.304000847507268,60.27999916113913,24.681998183950782,1.8140053725801408,99.08000356517732,1,1
46,sign,34138.442183449,25.90100484667346,98.78299897536635,43.37100108386949,3.4229960874654353,171.47800099337474,1,1
47,sign,34138.468069888,24.24200647510588,94.76899867877364,48.83699875790626,3.096996806561947,170.94500071834773,1,1
48,sign,34138.493797554,13.179997040424496,57.495999499224126,25.715999072417617,2.016000507865101,98.40799611993134,1,1
49,sign,34138.519749693,16.327001503668725,61.00100290495902,31.010000384412706,2.2120002540759742,110.55000504711643,1,1
50,sign,34138.544674583,26.43300103954971,99.49000377673656,32.19599602743983,2.1930027287453413,160.31200357247144,1,1
51,sign,34138.572058889,22.02199539169669,76.80200360482559,29.604998417198658,2.1279993234202266,130.55699673714116,1,1
52,sign,34138.600593884,13.274999218992889,54.49799937196076,27.214002329856157,2.058994141407311,97.04599506221712,1,1
53,sign,34138.629126357,38.99799776263535,113.18099859636277,33.863005228340626,3.1759991543367505,189.2180007416755,1,1
54,sign,34138.654817976,29.196999093983322,108.967004052829,34.074997529387474,2.781998773571104,175.0209994497709,1,1
55,sign,34138.679212506,34.83099862933159,107.11100185289979,29.867995181120932,3.1890012905932963,174.9989969539456,1,1
56,sign,34138.705967772,46.98499833466485,117.36899614334106,33.8200043188408,3.0960000003688037,201.26999879721552,1,1
57,sign,34138.735409071,31.823001336306334,105.57899804553017,31.863004551269114,2.834996848832816,172.10000078193843,1,1
58,sign,34138.89335643,48.342997615691274,145.95100219594315,34.7440000041388,3.7229983718134463,232.76099818758667,1,1
59,sign,34138.919768034,34.31199729675427,104.93399895494804,30.325005354825407,2.99699604511261,172.56799765164033,1,1
60,sign,34138.946156731,40.34100129501894,123.86299931677058,35.80900374799967,3.4519980545155704,203.46500241430476,1,1
61,sign,34138.976835447,55.655000323895365,182.3740021791309,56.40699964715168,5.6569988373667,300.09300098754466,1,1
62,sign,34139.006638723,82.94399594888091,194.3500028573908,66.05499947909266,4.618996172212064,347.9679944575764,1,1
63,sign,34139.034512177,34.72599928500131,111.20700219180435,32.85199636593461,3.059998562093824,181.8449964048341,1,1
64,sign,34139.059319384,36.84499824885279,115.38300168467686,30.915995012037456,2.9750008252449334,186.11899577081203,1,1
65,sign,34139.083044779,35.78500036383048,106.59200052032247,29.59700213978067,3.230998117942363,175.20500114187598,1,1
66,sign,34139.109251866,50.84499571239576,158.0280004418455,50.08100561099127,4.6290006139315665,263.5830023791641,1,1
67,sign,34139.138487741,43.47199865151197,154.13700020872056,48.34999708691612,4.494002496358007,250.45299844350666,1,1
68,sign,34139.165402923,34.61400046944618,106.4020034391433,29.66399915749207,2.5650006136856973,173.24500367976725,1,1
69,sign,34139.190300157,34.632997994776815,105.68199650151655,33.10200554551557,2.6799971237778664,176.0969971655868,1,1
70,sign,34139.214085785,36.056997487321496,106.36499791871756,41.83700366411358,2.6509951567277312,186.90999422688037,1,1
71,sign,34139.239909211,32.773998100310564,130.6850026594475,40.21199856651947,3.255001502111554,206.92600082838908,1,1
72,sign,34139.264378053,36.49000427685678,115.36500096553937,131.29599392414093,4.639005055651069,287.79000422218814,1,1
73,sign,34139.290859502,36.698998883366585,123.15300409682095,39.32399704353884,3.234999894630164,202.41099991835654,1,1
74,sign,34139.316922349,30.547002097591758,111.94399849046022,31.501003832090646,2.5240005925297737,176.5160050126724,1,1
75,sign,34139.341541196,35.26199725456536,105.5590037140064,32.953001209534705,2.725995727814734,176.4999979059212,1,1
76,sign,34139.367560091,47.06300387624651,143.34599836729467,743.7219974235632,5.0390008254908025,939.1700004925951,1,1
77,sign,34139.393865702,36.60700167529285,123.63700079731643,39.24199700122699,3.3000032999552786,202.78600277379155,1,1
78,sign,34139.41868499,47.90700040757656,170.87600281229243,81.14799857139587,5.732996214646846,305.6639980059117,1,1
79,sign,34139.44525408,42.154002585448325,144.89000022877008,74.69899719581008,4.866000381298363,266.60900039132684,1,1
80,sign,34139.471188308,41.423001675866544,144.00999498320743,49.69400470145047,3.9819933590479195,239.10899471957237,1,1
81,sign,34139.497350468,38.89799700118601,121.13700358895585,332.3799974168651,5.645000783260912,498.05999879026785,1,1
82,sign,34139.526851495,35.577002563513815,106.96699609979987,40.4719976359047,3.1280069379135966,186.14400323713198,1,1
83,sign,34139.55622098,31.323004805017263,109.49799616355449,31.66300302837044,2.7319983928464353,175.21600238978863,1,1
84,sign,34139.585640478,32.64399856561795,103.87300426373258,33.1839983118698,2.5370027287863195,172.23800387000665,1,1
85,sign,34139.615557851,49.66300184605643,137.82300084130839,43.55699638836086,4.114001058042049,235.15700013376772,1,1
86,sign,34139.645099549,37.17799700098112,115.79800047911704,33.75799860805273,2.692999260034412,189.4269953481853,1,1
87,sign,34139.67486257,41.97000089334324,161.2150008440949,60.43099710950628,4.302004526834935,267.91800337377936,1,1
88,sign,34139.704890728,32.90500171715394,126.98100181296468,39.339000068139285,2.9579969123005867,202.1830005105585,1,1
89,sign,34139.734661552,28.26200216077268,103.1219944707118,33.22500560898334,2.9009970603510737,167.5099993008189,1,1
90,sign,34139.762328074,48.25100040761754,129.83899796381593,32.96099748695269,3.3940013963729143,214.44499725475907,1,1
91,sign,34139.78976486,35.996003134641796,118.10599971795455,36.124998587183654,3.2370007829740644,193.46400222275406,1,1
92,sign,34139.81496299,33.38300302857533,111.85399489477277,30.456001695711166,2.8049980755895376,178.4979976946488,1,1
93,sign,34139.965829576,40.94599717063829,90.21900041261688,1.781998435035348,47.50900552608073,180.45600154437125,2,1
94,sign,34139.991353443,64.33700036723167,165.51199951209128,53.33199806045741,5.603003955911845,288.7840018956922,2,1
95,sign,34140.015979692,61.87600229168311,125.57800073409453,32.21599763492122,3.216002369299531,222.8860030299984,2,1
96,sign,34140.042121353,68.29100311733782,185.58799638412893,608.7959991418757,6.123998900875449,868.7989975442179,2,1
97,sign,34140.06743368,55.62900332733989,160.59999325079843,48.77600440522656,5.797999619971961,270.80300060333684,2,1
98,sign,34140.094035248,54.800999350845814,124.87899948609993,33.46100129419938,4.47299680672586,217.61399693787098,2,1
99,sign,34140.120737672,40.81600491190329,108.01399912452325,31.110001145862043,3.445995389483869,183.38600057177246,2,1
100,sign,34140.145516685,57.07300442736596,153.72099733212963,49.06299727736041,5.059002432972193,264.9160014698282,2,1
101,sign,34140.17468466,64.40599827328697,169.63799862423912,60.556005337275565,6.287998985499144,300.8880012203008,2,1
102,sign,34140.202869062,39.707003452349454,229.55799795454368,32.31399750802666,3.263005055487156,304.84200397040695,2,1
103,sign,34140.228496022,43.385000026319176,119.53600187553093,36.821998946834356,4.3100008042529225,204.05300165293738,2,1
104,sign,34140.253640977,48.23100607609376,124.77199925342575,37.70699549932033,4.011002602055669,214.7210034308955,2,1
105,sign,34140.277501264,38.056001358199865,106.89000191632658,28.905000363010913,3.383000148460269,177.23400378599763,2,1
106,sign,34140.303049854,62.81199603108689,152.32100122375414,46.25599831342697,5.285000952426344,266.67399652069435,2,1
107,sign,34140.329219341,63.24899732135236,203.39000184321776,73.52900138357654,5.63899811822921,345.8069986663759,2,1
108,sign,34140.355572737,64.06900502042845,151.63599891820922,56.43699842039496,9.101000614464283,281.2430029734969,2,1
109,sign,34140.380697696,51.71300290385261,145.08199819829315,50.68600148661062,4.7959983930923045,252.2770009818487,2,1
110,sign,34140.404550893,51.36000254424289,143.90100113814697,50.872993597295135,4.912006261292845,251.04600354097784,2,1
111,sign,34140.430102639,64.9860012345016,161.17399354698136,49.81399979442358,5.398003850132227,281.3719984260388,2,1
112,sign,34140.454780115,73.133000114467,204.75100609473884,57.57799954153597,5.005000275559723,340.46700602630153,2,1
113,sign,34140.480538245,62.13699816726148,216.757005546242,74.8209931771271,12.113006960134953,365.8280038507655,1,1
114,sign,34140.505685897,39.30900129489601,137.5479987473227,52.22899926593527,3.8860016502439976,232.97200095839798,1,1
115,sign,34140.530041729,40.440005250275135,138.21299944538623,51.23399751028046,4.235997039359063,234.1229992453009,1,1
116,sign,34140.554217935,52.090996177867055,145.75400564353913,48.99299528915435,4.736000846605748,251.57399795716628,1,1
117,sign,34140.579585393,50.791997637134045,157.513000885956,51.06099706608802,4.715002432931215,264.08099802210927,1,1
118,sign,34140.604196991,47.945999540388584,138.80299957236275,45.97799852490425,4.260000423528254,236.98699806118384,1,1
119,sign,34141.223860917,54.8149982932955,187.23100220086053,47.793000703677535,4.098998033441603,293.93799923127517,1,1
120,sign,34141.249820119,30.5439971270971,110.6589988921769,32.39400393795222,2.7909991331398487,176.38799909036607,1,1
121,sign,34141.275811175,33.45600271131843,109.05399540206417,32.83999831182882,3.0529990908689797,178.4029955160804,1,1
122,sign,34141.300872363,33.374002669006586,106.9429999915883,30.629998946096748,3.38700192514807,174.3340035318397,1,1
123,sign,34141.324577351,26.043999241665006,97.61800174601376,31.484996725339442,2.816006599459797,157.963004312478,1,1
124,sign,34141.348311023,36.84799594338983,110.58100062655285,43.154999730177224,2.792003215290606,193.3759995154105,1,1
125,sign,34141.373877854,52.60900070425123,163.081000209786,52.197996410541236,4.399000317789614,272.2869976423681,1,1
126,sign,34141.39975965,52.52299888525158,179.5270000002347,58.99400275666267,3.62699938705191,294.67100102920085,1,1
127,sign,34141.425334653,41.96499503450468,125.25000056484714,36.24099917942658,4.123001417610794,207.5789961963892,1,1
128,sign,34141.450220867,33.65399606991559,101.65200365008786,31.27699892502278,2.7240021154284477,169.30700076045468,1,1
129,sign,34141.47391701,35.848999687004834,114.93499914649874,32.57900243625045,2.8700014809146523,186.23300275066867,1,1
130,sign,34141.499899877,48.51399717153981,159.78800365701318,57.30799603043124,4.653003998100758,270.263000857085,1,1
131,sign,34141.527519196,39.480000850744545,120.19899440929294,30.955001420807093,3.2610041671432555,193.89500084798783,1,1
132,sign,34141.553146086,34.723001590464264,105.88499571895227,31.619005312677473,3.388995537534356,175.61599815962836,1,1
133,sign,34141.578527742,36.8350010830909,105.75600026641041,31.447001674678177,2.815999323502183,176.85400234768167,1,1
134,sign,34141.602479594,34.40299769863486,109.16499741142616,33.6720040650107,3.0049995984882116,180.24499877355993,1,1
135,sign,34141.629497355,52.79600009089336,163.24999887729064,56.756995036266744,4.703004378825426,277.50599838327616,1,1
136,sign,34141.654306284,52.36399738350883,167.06500173313543,64.5260006422177,4.973000613972545,288.9280003728345,1,1
137,sign,34141.680923943,44.86800025915727,144.26199777517468,36.60900256363675,3.6749988794326782,229.41399947740138,1,1
138,sign,34141.706889338,34.70099909463897,121.0570044349879,33.47999881953001,3.1849995139054954,192.42300186306238,1,1
139,sign,34141.731753776,31.231000320985913,102.72799408994615,31.913004931993783,2.9629954951815307,168.83499483810738,1,1
140,sign,34141.75717519,77.34799874015152,245.93700072728097,66.8479988235049,5.231995601207018,395.3649938921444,1,1
141,sign,34141.784402363,37.62899723369628,112.08400246687233,35.222998121753335,3.259003278799355,188.1950011011213,1,1
142,sign,34141.809823959,83.14499427797273,211.75000438233837,62.103994423523545,5.392001185100526,362.3909942689352,1,1
143,sign,34141.835817411,29.90399661939591,102.73299994878471,31.422998290508986,2.5800036382861435,166.63999849697575,1,1
144,sign,34141.861959146,36.94999759318307,112.62800398981199,30.5499997921288,3.1609961297363043,183.28899750486016,1,1
145,sign,34141.886448674,39.464001019950956,115.19899999257177,33.70599733898416,3.211003786418587,191.58000213792548,1,1
146,sign,34141.912969314,57.606004702392966,160.00199684640393,63.353996665682644,5.525005690287799,286.48700390476733,1,1
147,sign,34141.938742457,39.24599877791479,119.29099855478853,36.372999602463096,3.307002771180123,198.21699970634654,1,1
148,sign,34141.965490111,45.59800436254591,145.2959986636415,49.23900269204751,4.374996933620423,244.50800265185535,1,1
149,sign,34141.991157689,34.39399733906612,107.8690038411878,29.527996957767755,3.2280004234053195,175.018998561427,1,1
150,sign,34142.018573425,56.287004554178566,1479.2789952480234,56.93900311598554,4.731999069917947,1597.2370019881055,1,1
151,sign,34142.045751556,31.28400567220524,103.98099402664229,32.329000532627106,2.692002453841269,170.2860026853159,1,1
152,sign,34142.072860154,33.71899947524071,111.22099385829642,32.15300239389762,2.8750000637955964,179.96799579123035,1,1
153,sign,34142.099572022,35.480996302794665,108.13600238179788,31.25699731754139,3.4360054996795952,178.31000150181353,1,1
154,sign,34142.124191637,38.27500040642917,116.93299893522635,34.45600304985419,3.1340023269876838,192.7980047184974,1,1
155,sign,34142.150963395,47.126006393227726,142.32499961508438,46.369998017326,3.811001079156995,239.6320051047951,1,1
156,sign,34142.177727637,41.76000220468268,122.46800179127604,35.8159959432669,3.5010016290470958,203.5450015682727,1,1
157,sign,34142.202699276,34.60599691607058,107.42700396804139,31.89699782524258,3.0189985409379005,176.94899725029245,1,1
158,sign,34142.229296644,47.43599856738001,134.52800340019166,33.43600110383704,3.4439945011399686,218.8439975725487,1,1
159,sign,34142.254157201,36.59699723357335,109.01000496232882,32.83199475845322,2.935004886239767,181.37400184059516,1,1
160,sign,34142.279341053,62.635001086164266,169.08100224100053,33.00699609098956,3.4140030038543046,268.13700242200866,1,1
161,sign,34142.305489768,52.17500438448042,122.10799468448386,38.4660015697591,3.783003194257617,216.532003832981,1,1
162,sign,34142.330279291,56.5089940209873,147.59400073671713,48.94199810223654,4.15600516134873,257.2009980212897,1,1
163,sign,34142.355423667,36.38799535110593,157.49000158393756,39.75899744546041,3.916000423487276,237.55299480399117,1,1
164,sign,34142.38097984,37.461999454535544,126.20799680007622,30.45899939024821,2.640997990965843,196.7699936358258,1,1
165,sign,34142.40480039,30.36499401787296,108.47300291061401,32.32800372643396,2.934997610282153,174.1009982652031,1,1
166,sign,34142.431341509,62.60599911911413,161.4479988347739,58.48300497746095,4.994995833840221,287.5319987651892,1,1
167,sign,34142.456618183,46.07399750966579,153.88400061056018,78.49800022086129,5.704001523554325,284.1599998646416,1,1
168,sign,34142.483612424,43.427993659861386,142.49300147639588,51.267001254018396,4.0619997889734805,241.24999617924914,1,1
169,sign,34142.509087971,65.764004830271,175.6959973135963,46.32500349543989,4.034998710267246,291.82000434957445,1,1
170,sign,34142.533238604,41.068997234106064,153.71500194305554,44.629996409639716,4.011999408248812,243.42599499505013,1,1
171,sign,34142.56072003,53.101997764315456,161.98600496863946,54.25899871625006,4.616995283868164,273.96399673307315,1,1
172,sign,34142.585383727,46.36600351659581,159.2819971847348,50.749004003591835,4.280998837202787,260.6780035421252,1,1
173,sign,34142.612107666,38.65799953928217,113.71900473022833,33.901997085195035,3.701999958138913,189.98100131284446,1,1
174,sign,34142.637278111,48.641006287653,160.1089970790781,35.79199983505532,3.2960015232674778,247.8380047250539,1,1
175,sign,34142.661283737,33.13500201329589,102.47599857393652,30.417999369092286,2.386004780419171,168.41500473674387,1,1
176,sign,34142.687993881,56.047996622510254,160.31700215535238,53.6640000063926,4.18099807575345,274.2099968600087,1,1
177,sign,34142.713679304,35.376004234422,117.18899622792378,30.877003155183047,3.2410025596618652,186.6830061771907,1,1
178,sign,34142.740314728,34.590004361234605,117.80599743360654,45.5069966847077,3.945002390537411,201.84800087008625,1,1
179,sign,34142.765886162,29.066999559290707,108.12099935719743,32.27900015190244,2.549997589085251,172.01699665747583,1,1
180,sign,34142.790043301,33.422002161387354,106.61199485184625,31.853000109549612,3.0380033422261477,174.92500046500936,1,1
181,sign,34142.814395482,35.34099960234016,116.87600635923445,31.195995688904077,2.906999725382775,186.32000137586147,1,1
182,sign,34142.839571265,60.03399903420359,191.38099742121994,73.40800220845267,8.185998012777418,333.0089966766536,1,1
183,sign,34142.864786101,51.87899660086259,154.7049978398718,117.01000039465725,5.45700459042564,329.0509994258173,1,1
184,sign,34142.890322361,34.58299761405215,108.03800250869244,33.05699647171423,2.859000233002007,178.53699682746083,1,1
185,sign,34142.91559248,32.98500087112188,111.30100028822199,33.95899693714455,3.0750015866942704,181.3199996831827,1,1
186,sign,34142.939507377,36.88900324050337,107.54599497886375,32.20500366296619,2.8700014809146523,179.51000336324796,1,1
187,sign,34142.965367727,41.26799467485398,116.19800352491438,32.500000088475645,2.964996383525431,192.93099467176944,1,1
188,sign,34142.99016735,39.88100070273504,149.815998156555,47.97600558958948,4.514993634074926,242.18799808295444,1,1
189,sign,34143.016556778,38.1620047846809,116.52099783532321,33.5000004270114,3.6519995774142444,191.83500262442976,1,1
190,sign,34143.041601679,50.207003368996084,159.24600302241743,70.4789999872446,4.94800042361021,284.8800068022683,1,1
191,sign,34143.06577808,29.27699824795127,102.01500117545947,33.8809986715205,2.5909976102411747,167.76399570517242,1,1
192,sign,34143.093336458,55.85700273513794,185.29199587646872,53.77900379244238,4.69000224256888,299.6180046466179,1,1
193,sign,34143.122785642,36.72399907372892,109.93100295308977,34.940996556542814,3.3039978006854653,184.89999638404697,1,1
194,sign,34143.150647918,38.51099609164521,112.4480040743947,33.79099507583305,3.3750038710422814,188.12499911291525,1,1
195,sign,34143.175940121,36.92600148497149,116.64599878713489,68.04300210205838,3.1149975256994367,224.7299998998642,1,1
196,sign,34143.199981153,39.365004340652376,106.68699542293325,32.82600664533675,2.5279950932599604,181.40600150218233,1,1
197,sign,34143.225449102,42.63099981471896,124.65300096664578,34.69600051175803,3.674002073239535,205.6540033663623,1,1
198,sign,34143.250008899,46.494002162944525,150.9889989392832,161.7599991732277,5.2390023483894765,364.4820026238449,1,1
199,sign,34143.278640356,45.52099562715739,148.09900312684476,54.452997574117035,7.303999154828489,255.37699548294768,1,1
200,sign,34143.304387127,45.334003516472876,147.65699597774073,48.54900180362165,4.4050029828213155,245.94500428065658,1,1
201,sign,34143.329705921,43.06800110498443,144.77199874818325,50.26700091548264,3.968998498748988,242.0759992673993,1,1
202,sign,34143.356141439,1300.6730005145073,178.78499784274027,55.10200571734458,6.185000529512763,1540.745004604105,1,1
203,sign,34143.383289092,38.37399708572775,121.63299834355712,34.602002415340394,3.569002728909254,198.17800057353452,1,1
204,sign,34143.41052778,43.68500231066719,143.31500278785825,49.062000471167266,3.806999302469194,239.8690048721619,1,1
205,sign,34143.437520615,45.47899879980832,149.28000018699095,51.0300014866516,4.066001565661281,249.85500203911215,1,1
206,sign,34143.462769543,48.21099719265476,146.25299809267744,62.15499888639897,4.952002200298011,261.5709963720292,1,1
207,sign,34143.488865089,56.3709982088767,539.9300061981194,72.45299639180303,5.772002623416483,674.5260034222156,1,1
208,sign,34143.515777423,34.75699486443773,108.74299914576113,34.11400393815711,2.6439956855028868,180.25799363385886,1,1
209,sign,34143.541085385,43.82200131658465,178.94600023282692,56.82000482920557,6.867994670756161,286.4560010493733,1,1
210,sign,34143.567856328,49.19799539493397,113.87999984435737,36.249999538995326,3.1330055207945406,202.4610002990812,1,1
211,sign,34143.593923032,35.623997973743826,120.68800424458459,34.497999877203256,2.9389993869699538,193.74900148250163,1,1
212,sign,34143.62331341,42.53900260664523,124.50099893612787,34.115000744350255,3.2270036172121763,204.38200590433553,1,1
213,sign,34143.650179599,73.86600191239268,154.18799739563838,49.758004024624825,4.5289998524822295,282.3410031851381,1,1
214,sign,34143.676022746,81.53999806381762,239.7419957560487,103.16000407328829,7.948998245410621,432.39099613856524,1,1
215,sign,34143.701788915,37.12299803737551,111.59000132465735,35.659999412018806,3.0009978218004107,187.37399659585208,1,1
216,sign,34143.725700288,33.005002478603274,157.8699957462959,40.73099989909679,3.4660042729228735,235.07200239691883,1,1
217,sign,34143.74956405,47.45500336866826,132.63399887364358,35.291996027808636,3.3940013963729143,218.7749996664934,1,1
218,sign,34143.777221581,36.91500023705885,113.92800661269575,33.9519974659197,3.1769959605298936,187.9720002762042,1,1
219,sign,34143.807316685,55.24500011233613,168.13899856060743,50.38800009060651,5.688001692760736,279.4600004563108,1,1
220,sign,34143.832943262,37.60399704333395,106.92600335460156,2.105996827594936,49.93000038666651,196.56599761219695,2,1
221,sign,34143.8596893,47.48199717141688,151.39800234464929,46.70499765779823,4.265006282366812,249.8500034562312,2,1
222,sign,34143.883676541,46.518995077349246,139.3470010953024,38.06900349445641,4.289999196771532,228.2249988638796,2,1
223,sign,34143.910581677,32.12199953850359,87.65199891058728,42.97499981475994,3.7249992601573467,166.47399752400815,2,1
224,sign,34143.936838927,30.66299541387707,87.65900565776974,41.49499727645889,7.939997885841876,167.75699623394758,2,1
225,sign,34143.962813192,31.044997740536928,85.41299757780507,51.4860003022477,3.5659977584145963,171.5099933790043,2,1
226,sign,34143.98952592,32.151998311746866,87.42200589040294,43.761996494140476,3.9000005926936865,167.23600128898397,2,1
227,sign,34144.01825556,41.39800148550421,111.3620019168593,46.37499660020694,4.097004421055317,203.23200442362577,2,1
228,sign,34144.047803524,33.696000173222274,92.05899550579488,46.40100087272003,4.066001565661281,176.22199811739847,2,1
229,sign,34144.077833211,23.728003725409508,67.68100138287991,30.024995794519782,2.906999725382775,124.34100062819198,2,1
230,sign,34144.105298777,23.06600072188303,67.68800085410476,31.627998396288604,2.8559952625073493,125.23799523478374,2,1
231,sign,34144.131121445,24.244000087492168,72.90599751286209,30.734001484233886,2.8229987947270274,130.70699787931517,2,1
232,sign,34144.160482755,38.4559971280396,111.21999705210328,47.80800372827798,4.232999344822019,201.71699725324288,2,1
233,sign,34144.187030053,49.95500057702884,155.9250013087876,53.278999985195696,5.232999683357775,264.3920015543699,2,1
234,sign,34144.218700924,37.91399649344385,106.43800487741828,52.33399861026555,4.396002623252571,201.08200260438025,2,1
235,sign,34144.246682635,43.95800351630896,125.12099783634767,57.6940001337789,4.738001734949648,231.51100322138518,2,1
236,sign,34144.272650579,23.796004825271666,70.18999895080924,31.18599852314219,3.09300230583176,128.26500460505486,2,1
237,sign,34144.300256893,39.00400042766705,82.01899618143216,34.22100417083129,3.249995643272996,158.4939964232035,2,1
238,sign,34144.326802544,60.7879992458038,200.58800146216527,60.0300045334734,6.386995664797723,327.7930009062402,2,1
239,sign,34144.35688911,24.809000024106354,77.97299622325227,43.10600343160331,3.2609968911856413,149.14899657014757,2,1
240,sign,34144.38620699,25.00999835319817,74.8370002838783,33.83400326129049,6.549998943228275,140.23100084159523,1,1
241,sign,34144.41646241,16.742000298108906,74.02499613817781,33.939999411813915,2.4510009097866714,127.1579967578873,1,1
242,sign,34144.4477399,26.570000045467168,124.54499665182084,59.327001508791,3.9489968912675977,214.3909950973466,1,1
243,sign,34144.477358374,16.354999388568103,49.59999932907522,1.3030003174208105,39.48900121031329,106.74700024537742,2,1
244,sign,34144.506725718,145.78700211131945,182.63499805470929,47.19400021713227,3.6999990697950125,379.315999452956,2,1
245,sign,34144.535325366,25.18900146242231,73.77199654001743,34.26700277486816,3.020002623088658,136.24800340039656,2,1
246,sign,34144.566773147,43.33700053393841,124.09599730744958,55.912998504936695,15.461999282706529,238.8079956290312,2,1
247,sign,34144.596867312,58.22000093758106,156.7840008647181,58.804995205719024,4.918001650366932,278.7269986583851,2,1
248,sign,34144.626100767,39.87500531366095,141.4989965269342,71.7939983587712,8.5440042312257,261.71200443059206,2,1
249,sign,34144.656309253,40.15600279672071,115.90000212891027,71.42499816836789,5.957001121714711,233.4380042157136,2,1
250,sign,34144.685978907,60.58200233383104,159.8839953658171,59.44399890722707,5.404006515163928,285.31400312203914,2,1
251,sign,34144.716912935,42.38299879943952,147.2709991503507,69.64799831621349,6.174006557557732,265.47600282356143,2,1
252,sign,34144.747837478,48.48900425713509,150.9689973318018,59.83200389891863,5.843001417815685,265.1330069056712,2,1
253,sign,34144.775550067,28.450995159801096,84.42200487479568,35.13499541440979,3.3800024539232254,151.38799790292978,2,1
254,sign,34144.803799615,44.022999645676464,130.22799976170063,76.93799852859229,5.563997547142208,256.7529954831116,2,1
255,sign,34144.834155999,42.30799822835252,115.97800039453432,55.16000237548724,4.793000698555261,218.23900169692934,2,1
256,sign,34144.861370019,39.735998143441975,111.50899808853865,53.13000292517245,4.715999239124358,209.09099839627743,2,1
257,sign,34144.890577343,39.008999010547996,108.72799612116069,54.356001783162355,4.622001142706722,206.71499805757776,2,1
258,sign,34144.920622553,40.35299934912473,112.9160009440966,54.27400174085051,4.752000677399337,212.29500271147117,2,1
259,sign,34144.95149791,45.42100214166567,147.8830017731525,633.573996310588,5.920999683439732,832.7989999088459,2,1
260,sign,34144.98654984,38.50999928545207,107.81399760162458,52.9750032001175,4.7129942686297,204.01199435582384,2,1
261,sign,34145.022626777,45.29500438366085,129.39600128447637,60.45699410606176,5.2440009312704206,240.3920007054694,2,1
262,sign,34145.051375553,37.830999644938856,89.6540004760027,34.96000135783106,3.302004188299179,165.7470056670718,2,1
263,sign,34145.081599582,39.83399801654741,108.23600314324722,52.52499977359548,4.713998350780457,205.30899928417057,2,1
264,sign,34145.111908764,39.95199949713424,123.73299978207797,54.93599746841937,4.554996849037707,223.1759935966693,2,1
265,sign,34145.143454278,43.6690024798736,130.29899855609983,660.2069988730364,7.847003871574998,842.0220037805848,2,1
266,sign,34145.174157626,45.464999857358634,126.80299550993368,54.29299926618114,5.17700391355902,231.73799854703248,2,1
267,sign,34145.204201796,30.4810018860735,91.37400047620758,38.664002204313874,3.4139957278966904,163.93300029449165,2,1
268,sign,34145.23563786,26.64299972821027,75.99299715366215,35.40299803717062,3.2090028980746865,141.24799781711772,2,1
269,sign,34145.265901757,27.838003006763756,98.16000238060951,37.756995880045,3.4940021578222513,167.24900342524052,2,1
270,sign,34145.295460586,26.223002350889146,98.51099457591772,33.5060030920431,3.2859970815479755,161.52599710039794,2,1
271,sign,34145.323575183,25.53500235080719,81.86700142687187,33.43999560456723,3.125998773612082,143.96799815585837,2,1
272,sign,34145.352502687,44.91800063988194,145.614001667127,71.4289999450557,6.734997441526502,268.69599969359115,2,1
273,sign,34145.380415601,49.10399729851633,144.6169990231283,57.35600279876962,5.150002834852785,256.22700195526704,2,1
274,sign,34145.410667842,51.47900083102286,145.89900092687458,57.45200178353116,5.659996531903744,260.49000007333234,2,1
275,sign,34145.44018672,42.54200030118227,136.43599959323183,71.21200178517029,5.560999852605164,255.75100153218955,2,1
276,sign,34145.469764244,57.13599966838956,154.75499822059646,78.3869982114993,5.6200005928985775,295.8979966933839,2,1
277,sign,34145.500233814,26.41900209710002,80.16399806365371,34.711003536358476,3.0849987524561584,144.37900244956836,2,1
278,sign,34145.528954411,36.19200288085267,141.25499728834257,425.27500045252964,5.412002792581916,608.1340034143068,2,1
279,sign,34145.556582883,25.415996788069606,77.49300129944459,35.09900125209242,3.2840034691616893,141.2920028087683,2,1
280,sign,34145.585284448,26.17199788801372,77.35099643468857,35.35400173859671,3.2280004234053195,142.10499648470432,2,1
281,sign,34145.611902667,26.713998522609472,89.55800149124116,36.39200440375134,3.3769974834285676,156.04100190103054,2,1
282,sign,34145.641401556,27.81699731713161,82.25499914260581,37.077006709296256,3.612993168644607,150.76199633767828,2,1
283,sign,34145.67127712,57.51500430051237,150.34800162538886,57.61999636888504,6.064998160582036,271.5480004553683,2,1
284,sign,34145.70031371,53.2870035385713,152.3000028100796,57.23099457100034,5.676003638654947,268.4940045583062,2,1
285,sign,34145.730600154,53.18400508258492,154.33999942615628,56.76900036633015,5.1629976951517165,269.45600257022306,2,1
286,sign,34145.761425219,26.762994821183383,78.06799840182066,33.8850004482083,3.298002411611378,142.01399608282372,2,1
287,sign,34145.790799464,57.30500561185181,142.97099551185966,74.15599975502118,5.615998816210777,280.0479996949434,2,1
288,sign,34145.82202208,26.43300103954971,78.6989985499531,35.7610042556189,3.2099997042678297,144.10300354938954,2,1
289,sign,34145.852015626,29.43399886135012,81.66000043274835,41.947001591324806,3.239998477511108,156.28099936293438,2,1
290,sign,34145.88152383,53.90799924498424,154.65499745914713,61.63600482977927,6.643000233452767,276.8420017673634,1,1
291,sign,34145.913132263,18.25100480346009,75.1919942558743,36.76699998322874,2.7290006983093917,132.93899974087253,1,1
292,sign,34145.94575372,116.80799798341468,167.2630023676902,65.052998252213,4.41400334239006,353.53800194570795,1,1
293,sign,34145.975158203,17.587997717782855,51.9720051670447,1.252999936696142,39.23399344785139,110.04699626937509,2,1
294,sign,34146.004545982,26.645997422747314,85.66099859308451,34.4420041074045,3.1859963200986385,149.93499644333497,2,1
295,sign,34146.037054988,26.072993932757527,79.37600457808003,35.31599941197783,3.19199898513034,143.95699690794572,2,1
296,sign,34146.072987499,36.43299714894965,79.60700168041512,34.916003642138094,3.430999640841037,154.3870021123439,2,1
297,sign,34146.106229838,26.777001039590687,78.99099728092551,33.855001674965024,3.2380048651248217,142.86100486060604,2,1
298,sign,34146.135620684,25.635003112256527,75.2179985283874,34.596996556501836,3.168999683111906,138.61899788025767,2,1
299,sign,34146.165893646,51.37099651619792,150.24800086393952,54.72799966810271,5.867004801984876,262.21400185022503,2,1
300,sign,34146.194888938,38.3950027753599,125.42699550976977,1107.7630042564124,4.921996151097119,1276.5069986926392,2,1
301,sign,34146.226518427,32.77500218246132,118.53400064865127,53.862997447140515,5.631998647004366,210.80399892525747,2,1
302,sign,34146.255889831,26.823996449820697,79.46300320327282,41.78100061835721,3.3569958759471774,151.4249961473979,2,1
303,sign,34146.286853404,25.828994694165885,82.2100046207197,35.885001125279814,9.480994776822627,153.40499521698803,2,1
304,sign,34146.318518822,51.32099613547325,135.03800437320024,52.03999899094924,4.7770008677616715,243.1760003673844,2,1
305,sign,34146.347649898,27.07599924178794,81.31399954436347,46.62099672714248,4.815003194380552,159.82599870767444,2,1
306,sign,34146.377944005,31.736002711113542,103.16899715689942,37.25600254256278,3.4280019463039935,175.58900435687974,2,1
307,sign,34146.408813367,40.82299710717052,114.47200085967779,184.51899813953787,5.175999831408262,344.98999593779445,2,1
308,sign,34146.437077383,41.58199590165168,110.99599942099303,52.36700235400349,4.674002411775291,209.6190000884235,2,1
309,sign,34146.46515841,29.511000320781022,89.81599967228249,202.6430011028424,5.438996595330536,327.40899769123644,2,1
310,sign,34146.494033594,29.04300345107913,85.01300180796534,34.23299494897947,3.1840027077123523,151.4730029157363,2,1
311,sign,34146.520762338,39.00100273313001,113.63499652361497,52.32900002738461,5.14300336362794,210.10800264775753,2,1
312,sign,34146.550753117,50.58300303062424,142.29799853637815,63.67499736370519,6.143003702163696,262.69900263287127,2,1
313,sign,34146.578903857,42.99900319892913,126.00799527717754,54.354000894818455,4.72600368084386,228.087003051769,2,1
314,sign,34146.608726669,42.69900091458112,108.51299884961918,39.8519987356849,5.12100086780265,196.18499936768785,2,1
315,sign,34146.642277026,28.379996365401894,82.93700375361368,56.40699964715168,5.011999746784568,172.73599951295182,2,1
316,sign,34146.676009026,52.8009986737743,143.78099876921624,54.66000584419817,4.9390000640414655,256.1810033512302,2,1
317,sign,34146.707450935,27.084002795163542,88.61999958753586,51.44500028109178,5.333000444807112,172.4820031085983,2,1
318,sign,34146.73911942,28.201000532135367,79.18899791548029,35.64800135791302,3.2239986467175186,146.2619984522462,2,1
319,sign,34146.767157297,26.838002668228,76.04799611726776,33.21000258438289,3.1270028557628393,139.2230042256415,2,1
320,sign,34146.793637511,26.438996428623796,84.10900045419112,33.84900628589094,3.401997673790902,147.79900084249675,2,1
321,sign,34146.82303729,27.273999876342714,79.4869993114844,34.93799886200577,3.159999323543161,144.85899737337604,2,1
322,sign,34146.85588293,26.201996661257,83.18100299220532,58.6969981668517,5.2960022003389895,173.376000020653,2,1
323,sign,34146.883648321,27.528993086889386,77.06800533924252,32.431998988613486,3.077002475038171,140.10599988978356,2,1
324,sign,34146.911389929,26.11899981275201,74.49300028383732,32.29499998269603,3.0519950087182224,135.95899508800358,2,1
325,sign,34146.940288189,54.79700485011563,155.10199591517448,2953.994000563398,8.050003089010715,3171.943004417699,1,1
326,sign,34146.968671772,16.594996850471944,66.57699850620702,35.13199771987274,2.5330009520985186,120.83699402865022,1,1
327,sign,34146.995270752,29.68500484712422,111.43299343530089,53.1190016772598,3.6280034692026675,197.86500342888758,1,1
328,sign,34147.021444702,40.211001760326326,128.73500236310065,41.61499964538962,3.5560005926527083,214.1170043614693,1,1
329,sign,34147.048283745,40.64299719175324,127.14199692709371,38.160003896337,3.7040008464828134,209.64899886166677,1,1
330,sign,34147.074089934,39.619000745005906,144.42199608311057,53.38800110621378,5.69300027564168,243.12199820997193,1,1
331,sign,34147.101612301,48.986999900080264,166.86299932189286,61.93300214363262,5.679001333191991,283.46200269879773,1,1
332,sign,34147.129867941,34.98699516057968,129.92600386496633,41.355000576004386,3.4559998312033713,209.72399943275377,1,1
333,sign,34147.161238004,38.37799886241555,121.38199963374063,39.82699854532257,3.3679971238598228,202.95499416533858,1,1
334,sign,34147.193358709,39.75099389208481,123.85200534481555,38.65500184474513,3.877998096868396,206.13599917851388,1,1
335,sign,34147.227454166,60.52599928807467,187.52100004348904,57.6230013393797,5.150999641045928,310.82100031198934,1,1
336,sign,34147.256057741,54.01900125434622,194.25000209594145,87.14699652045965,8.96100391400978,344.3770037847571,1,1
337,sign,34147.285162466,37.04499977175146,121.53900024713948,37.929996324237436,3.4179975045844913,199.93199384771287,1,1
338,sign,34147.311757306,37.165998946875334,120.70000229869038,38.56900002574548,3.3299947972409427,199.76499606855214,1,1
339,sign,34147.340544444,45.433000195771456,166.55099898343906,58.38600191054866,5.0960006774403155,275.4660017671995,1,1
340,sign,34147.372141794,47.08299820777029,166.52799968142062,65.44099596794695,4.4100015657022595,283.4619954228401,1,1
341,sign,34147.403248418,37.09099837578833,120.61900633852929,38.67799387080595,3.0480005079880357,199.4359990931116,1,1
342,sign,34147.429915806,33.29700120957568,123.86899470584467,39.54300336772576,3.1059971661306918,199.8149964492768,1,1
343,sign,34147.455666682,39.423997804988176,123.03900439292192,39.61200127378106,3.2509997254237533,205.32600319711491,1,1
344,sign,34147.483496415,47.164998250082135,133.16900003701448,38.53800444630906,3.6659985198639333,222.5380012532696,1,1
345,sign,34147.510410869,54.10100129665807,171.52899818029255,102.74800297338516,5.492998752743006,333.8710012030788,1,1
346,sign,34147.538838704,54.080002882983536,195.86099369917065,63.64300497807562,5.597998097073287,319.1819996573031,1,1
347,sign,34147.566834903,48.69099939242005,137.46199692832306,42.086001485586166,3.4769982448779047,231.71599605120718,1,1
348,sign,34147.593200488,41.98800161248073,128.38699331041425,38.55200338875875,3.3460019039921463,212.27300021564588,1,1
349,sign,34147.621263989,53.8099993718788,174.56000205129385,64.85299672931433,5.482004780787975,298.70500293327495,1,1
350,sign,34147.649864469,40.436003473587334,130.0169969908893,39.68300006818026,3.5389966797083616,213.67499721236527,1,1
351,sign,34147.677653812,42.52600047038868,126.78199709625915,41.216000681743026,3.850000211969018,214.37399846035987,1,1
352,sign,34147.704828014,39.5440001739189,121.96700117783621,50.23699486628175,3.5460034268908203,215.29399964492768,1,1
353,sign,34147.731177715,36.09899431467056,118.1090046884492,37.45199501281604,3.530003596097231,195.18999761203304,1,1
354,sign,34147.760498123,44.033993617631495,131.78200606489554,39.1449939343147,3.9799997466616333,218.94099336350337,1,1
355,sign,34147.787503424,44.68300176085904,134.41500050248578,39.876998926047236,3.7130012060515583,222.68800239544362,1,1
356,sign,34147.816434717,41.26699786866084,127.28999718092382,38.45600440399721,3.777997335419059,210.79099678900093,1,1
357,sign,34147.845013415,40.42799992021173,124.39599959179759,38.785001379437745,3.6140045267529786,207.22300541820005,1,1
358,sign,34147.872031872,53.538002248387784,177.76899767341092,57.08399839932099,5.150999641045928,293.5419979621656,1,1
359,sign,34147.902580159,39.06299389200285,121.3610012200661,40.57199839735404,3.420005668886006,204.415999178309,1,1
360,sign,34147.929282307,42.66299947630614,125.87499804794788,42.83700400264934,4.169000021647662,215.54400154855102,1,1
361,sign,34147.957157522,39.894999645184726,150.5699983681552,52.164999942760915,3.8750004023313522,246.5049983584322,1,1
362,sign,34147.985034049,34.68400245765224,119.82199794147164,40.74799653608352,3.269000444561243,198.52299737976864,1,1
363,sign,34148.013900981,65.36799628520384,189.72700490849093,69.95799776632339,7.299997378140688,332.35299633815885,1,1
364,sign,34148.040362439,55.23100116988644,189.45699412142858,64.02800499927253,5.333997251000255,314.0499975415878,1,1
365,sign,34148.067987437,60.403996030800045,175.74700177647173,93.62999844597653,6.194997695274651,335.97599394852296,1,1
366,sign,34148.095184081,53.33399894880131,168.4099988779053,63.52199852699414,4.872999852523208,290.13899620622396,1,1
367,sign,34148.121363888,46.036999265197664,165.03900405950844,62.415994761977345,5.107001925352961,278.5990000120364,1,1
368,sign,34148.148757868,62.478000472765416,194.42799384705722,70.17300231382251,5.822003004141152,332.9009996377863,1,1
369,sign,34148.175697611,57.19900218537077,170.73100025299937,81.84600301319733,6.3169936765916646,316.09299912815914,1,1
370,sign,34148.204260115,53.69100108509883,168.5169991105795,64.37399861169979,5.8200021157972515,292.40200092317536,1,1
371,sign,34148.232111769,50.600996473804116,166.4299998083152,64.94800618384033,4.755995178129524,286.73499764408916,1,1
372,sign,34148.258307493,49.40499638905749,150.8550049038604,55.23199797607958,4.576002538669854,260.0680018076673,1,1
373,sign,34148.286316168,49.55199983669445,169.29899720707908,59.942001826129854,4.981004167348146,283.77400303725153,1,1
374,sign,34148.312852838,51.39800487086177,173.92000154359266,89.28899478632957,6.485002813860774,321.0920040146448,1,1
375,sign,34148.340109709,40.59599450556561,127.34900519717485,37.52100019482896,3.3529940992593765,208.8189939968288,1,1
376,sign,34148.367349268,42.28699981467798,130.00799663132057,38.10899943346158,3.1800009310245514,213.58399681048468,1,1
377,sign,34148.39268719,35.851000575348735,115.87500193854794,35.53400165401399,2.8750000637955964,190.13500423170626,1,1
378,sign,34148.420113041,47.927998821251094,156.5810016472824,53.27799590304494,4.302004526834935,262.08900089841336,1,1
379,sign,34148.449618802,33.34299981361255,127.09400471067056,36.32799780461937,3.6089986679144204,200.3740009968169,1,1
380,sign,34148.47866843,38.60900324070826,119.79100236203521,36.98599903145805,3.2859970815479755,198.6720017157495,1,1
381,sign,34148.507179331,59.80100104352459,193.46600311109796,63.97599645424634,4.736000846605748,321.97900145547464,1,1
382,sign,34148.532747673,40.57100159116089,124.3070000782609,39.25700002582744,3.296998329460621,207.43200002470985,1,1
383,sign,34148.561612988,54.766998800914735,173.39300393359736,56.73599662259221,5.153000529389828,290.04899988649413,1,1
384,sign,34148.593277432,51.7089938512072,187.6920068752952,59.775993577204645,5.259003955870867,304.4359982595779,1,1
385,sign,34148.621752736,41.46699939155951,124.84499893616885,38.12900104094297,3.478999133221805,207.91999850189313,1,1
386,sign,34148.648384783,38.605998270213604,122.13599984534085,40.11399869341403,3.234003088437021,204.0899998974055,1,1
387,sign,34148.675327984,66.73700409010053,243.68400045204908,310.8469973085448,6.827998731750995,628.0960005824454,1,1
388,sign,34148.703555487,58.01899533253163,191.97000074200332,75.79300290672109,5.895002686884254,331.6770016681403,1,1
389,sign,34148.729657101,57.097000535577536,179.67799794860184,60.66700007067993,5.444999260362238,302.88699781522155,1,1
390,sign,34148.757203994,51.26400355948135,181.15100101567805,44.31499837664887,4.107001586817205,280.8370045386255,1,1
391,sign,34148.78420396,38.16199750872329,124.19600534485653,40.28499824926257,3.2129973988048732,205.85599850164726,1,1
392,sign,34148.812808536,58.728001022245735,201.81400032015517,73.90999962808564,5.787995178252459,340.239996148739,1,1
393,sign,34148.840109383,49.62499951943755,173.8479986670427,1200.4839954897761,8.482005796395242,1432.4389994726516,1,1
394,sign,34148.867610548,54.0490000275895,175.86300236871466,59.51800267212093,5.1579991122707725,294.58800418069586,1,1
395,sign,34148.89544707,40.720005927141756,128.01799312001094,38.48800406558439,3.3679971238598228,210.5940002365969,1,1
396,sign,34148.920966954,56.74600106431171,169.10600243136287,50.85299926577136,4.76899731438607,281.474000075832,1,1
397,sign,34148.949581762,75.04200038965791,202.1950058406219,58.768993767444044,5.4580013966187835,341.46400139434263,1,1
398,sign,34148.977072682,49.975998990703374,177.85900126909837,65.0630026939325,5.522000719793141,298.4200036735274,1,1
399,sign,34149.004706228,33.31000334583223,124.97900024754927,41.2359950132668,3.1090021366253495,202.63400074327365,1,1
400,sign,34149.032164438,43.020001612603664,126.22899521375075,42.501000280026346,4.214001819491386,215.96399892587215,1,1
401,sign,34149.057727217,39.97400199295953,122.80000373721123,39.72499689552933,3.811997885350138,206.31100051105022,1,1
402,sign,34149.085535678,57.19000182580203,176.5669949236326,61.839004047214985,5.550995410885662,301.14699620753527,1,1
403,sign,34149.112448321,48.936999519355595,172.33299877261743,65.6100019114092,4.9640002544038,291.844000457786,1,1
404,sign,34149.489935945,58.19299985887483,225.53699818672612,63.61900159390643,6.398004188667983,353.74700382817537,1,1
405,sign,34149.516350574,49.152004066854715,159.20299483696,51.95700214244425,4.171000909991562,264.4830019562505,1,1
406,sign,34149.54217131,39.910999475978315,115.58600090211257,57.89799615740776,3.8030048017390072,217.19800133723766,1,1
407,sign,34149.568428024,45.75499769998714,121.10300303902477,34.789998608175665,2.9759976314380765,204.62399697862566,1,1
408,sign,34149.594397595,65.5330004519783,199.17500321753323,63.83899744832888,6.545000360347331,335.09200147818774,1,1
409,sign,34149.623081946,40.188999264501035,116.02099402807653,36.11200372688472,3.383996954653412,195.7059939741157,1,1
410,sign,34149.650390837,52.66199877951294,187.35900084720924,67.71900370949879,5.650996172334999,313.390999508556,1,1
411,sign,34149.67934273,39.89000106230378,119.38699753955007,37.99099795287475,3.5460034268908203,200.81399998161942,1,1
412,sign,34149.706651182,37.059995520394295,121.20900646550581,42.39299596520141,3.6330020520836115,204.29500000318512,1,1
413,sign,34149.735193376,57.82499647466466,173.84000238962471,53.48300328478217,4.563997208606452,289.711999357678,1,1
414,sign,34149.768297039,52.010000217705965,161.25699767144397,57.40400229115039,5.112997314427048,275.7839974947274,1,1
415,sign,34149.799321868,53.79100184654817,164.7949975449592,55.59599958360195,5.056004738435149,279.23800371354446,1,1
416,sign,34149.826950049,49.14699820801616,175.61400454724208,58.30099689774215,5.225003405939788,288.2870030589402,1,1
417,sign,34149.853845232,48.14600106328726,172.63199697481468,61.01700273575261,4.973000613972545,286.7680013878271,1,1
418,sign,34149.882959912,17.781996575649828,96.9440006883815,37.82400017371401,2.416003553662449,154.96600099140778,1,1
419,sign,34149.912020425,28.029004170093685,118.22899978142232,51.56499537406489,3.9990045479498804,201.82200387353078,1,1
420,sign,34149.940975813,31.90700226696208,104.32099952595308,49.19400089420378,3.406996256671846,188.8289989437908,1,1
421,sign,34149.969155193,16.30799670238048,71.0520034772344,31.315998057834804,2.2950043785385787,120.97100261598825,1,1
422,sign,34149.997808035,22.006002836860716,92.6709981285967,48.18500019609928,3.102999471593648,165.96500063315034,1,1
423,sign,34150.0278659,15.690995496697724,65.95000013476238,31.251998734660447,2.4280016077682376,115.32099597388878,1,1
424,sign,34150.055208024,15.28899883851409,67.35300121363252,33.710995921865106,2.392000169493258,118.74499614350498,1,1
425,sign,34150.08348441,15.928999346215278,66.01199856959283,33.5730001097545,2.401997335255146,117.91599536081776,1,1
426,sign,34150.111621784,16.022997442632914,67.10299931000918,33.53400097694248,2.448003215249628,119.1080009448342,1,1
427,sign,34150.140703785,25.04399890312925,99.84100324800238,48.378999053966254,3.335997462272644,176.59999866737053,1,1
428,sign,34150.168152483,23.597000108566135,96.49999992689118,50.75200169812888,3.349996404722333,174.19899813830853,1,1
429,sign,34150.197070932,22.50499528599903,94.63600144954398,50.70800398243591,3.2469979487359524,171.09599866671488,1,1
430,sign,34150.22604595,24.755994672887027,97.80700202099979,51.661998440977186,3.344001015648246,177.56899615051225,1,1
431,sign,34150.252726337,22.100997739471495,91.16000001085922,48.56700252275914,3.221997758373618,165.04999803146347,1,1
432,sign,34150.282032033,21.961997845210135,90.68600047612563,50.43900455348194,3.282999387010932,166.37000226182863,1,1
433,sign,34150.313609925,21.32200461346656,92.28399721905589,50.499998906161636,3.0420051189139485,167.14800585759804,1,1
434,sign,34150.340109038,23.692002287134528,102.77600085828453,49.13099837722257,3.0709998100064695,178.6700013326481,1,1
435,sign,34150.367856474,15.267003618646413,65.95000013476238,31.374001991935074,2.3089960450306535,114.90000179037452,1,1
436,sign,34150.39621032,18.837999959941953,73.70499952230603,31.73799632349983,2.378001227043569,126.65899703279138,1,1
437,sign,34150.426210639,26.95099828997627,103.01399743184447,48.18200250156224,3.3519972930662334,181.4989955164492,1,1
438,sign,34150.4544013,22.084001102484763,700.9309993009083,53.47800470190123,3.9299993659369648,780.4230044712313,1,1
439,sign,34150.485490847,16.133999451994896,67.34400085406378,50.05999992135912,3.1529998523183167,136.6910000797361,1,1
440,sign,34150.514696189,16.949998098425567,67.85500590922311,33.787000575102866,2.4239998310804367,121.01600441383198,1,1
441,sign,34150.54658081,17.106001905631274,67.21699901390821,34.224001865368336,2.4429973564110696,120.99000014131889,1,1
442,sign,34150.582528792,39.81199552072212,120.80300075467676,430.48200313933194,4.793000698555261,595.8900001132861,1,1
443,sign,34150.611302645,17.71300594555214,72.05599831650034,35.22999759297818,2.4460023269057274,127.44500418193638,1,1
444,sign,34150.639110486,17.348997062072158,68.34100349806249,32.771997211966664,2.362998202443123,120.82499597454444,1,1
445,sign,34150.668414906,40.923994674813,161.70800518011674,68.49700002931058,4.829998943023384,275.9589988272637,1,1
446,sign,34150.696654953,29.753005946986377,109.50399882858619,280.4429968819022,3.9560036384500563,423.65600529592484,1,1
447,sign,34150.72552597,21.69499930460006,95.00499436398968,51.63400055607781,3.62699938705191,171.96099361171946,1,1
448,sign,34150.75422783,17.68500078469515,77.31799996690825,35.41999467415735,2.4649998522363603,132.8879952779971,1,1
449,sign,34150.781762632,16.287995094899088,66.53200398432091,31.972995202522725,2.3600005079060793,117.1529947896488,1,1
450,sign,34150.812400028,35.480996302794665,122.16000322951004,54.52000186778605,4.718996933661401,216.87999833375216,1,1
451,sign,34150.845374422,17.027996364049613,68.1000019540079,52.20499588176608,2.554006641730666,139.88700084155425,1,1
452,sign,34150.877827784,21.323998225852847,77.77800055919215,33.520998840685934,2.5959961931221187,135.21899381885305,1,1
453,sign,34150.906309474,16.94200182100758,67.17399810440838,31.344003218691796,2.330001734662801,117.79000487877056,1,1
454,sign,34150.936061437,24.95700027793646,100.08800018113106,50.96400127513334,3.845998435281217,179.85500016948208,1,1
455,sign,34150.968180899,17.550999473314732,74.70200216630474,32.91600296506658,2.3279935703612864,127.49699817504734,1,1
456,sign,34151.000954458,16.2110009114258,88.57599459588528,34.397002309560776,2.562999725341797,141.74699754221365,1,1
457,sign,34151.033802176,15.998994058463722,76.60400297027081,31.891999242361635,2.396998752374202,126.89199502347037,1,1
458,sign,34151.063397838,22.863998310640454,93.4429990593344,50.121001549996436,3.3899996196851134,169.8179985396564,1,1
459,sign,34151.093265577,25.729001208674163,99.67100049834698,50.36399670643732,3.2840034691616893,179.04800188262016,1,1
460,sign,34151.119733992,23.043998226057738,92.88000001106411,50.81899871584028,3.396999090909958,170.1399960438721,1,1
461,sign,34151.148658886,21.576997824013233,63.54000652208924,1.8649952835403383,56.78700108546764,143.76900071511045,2,1
462,sign,34151.176729841,37.619000067934394,100.99000064656138,49.387999752070755,4.330999217927456,192.327999684494,2,1
463,sign,34151.205688573,36.56300395959988,100.76399485114962,48.89500269200653,4.326997441239655,190.54899894399568,2,1
464,sign,34151.238669624,37.74699871428311,101.1300046229735,49.47900015395135,4.326997441239655,192.6830009324476,2,1
465,sign,34151.268796928,38.50799839710817,114.39999798312783,58.760000683832914,4.913999873679131,216.58199693774804,2,1
466,sign,34151.296424092,36.3790022674948,98.2470010058023,49.31700095767155,4.196001100353897,188.13900533132255,2,1
467,sign,34151.323598563,23.770997358951718,70.76500332914293,32.92600013082847,3.0909941415302455,130.55299496045336,2,1
468,sign,34151.354045105,44.03800267027691,121.53699935879558,54.17999636847526,5.485999281518161,225.2409976790659,2,1
469,sign,34151.383756155,26.342000637669116,78.00099410815164,34.21600558795035,3.1370000215247273,141.69600035529584,2,1
470,sign,34151.412668284,45.749002310913056,139.8050007992424,444.27399552660063,5.560999852605164,635.3889984893613,2,1
471,sign,34151.440467792,55.872995289973915,137.89100194117054,52.076997235417366,5.319001502357423,251.15999596891925,2,1
472,sign,34151.471383415,25.477995222900063,76.11500041093677,34.2030034516938,3.1669987947680056,138.96299788029864,2,1
473,sign,34151.499604868,29.727001674473286,84.87400191370398,39.12499960279092,4.29100327892229,158.01700646989048,2,1
474,sign,34151.668765438,26.26600326038897,76.90599886700511,35.84099613362923,3.1790041248314083,142.19200238585472,2,1
475,sign,34151.697502131,24.5789997279644,73.66100180661306,31.848001526668668,2.986998879350722,133.07500194059685,2,1
476,sign,34151.727483607,38.2189973606728,103.857004432939,50.709000788629055,4.426001396495849,197.2110039787367,2,1
477,sign,34151.758037923,44.71200372790918,138.3199996780604,64.16999531211331,5.494999641086906,252.6969983591698,2,1
478,sign,34151.785688745,68.48799966974184,176.6419954947196,428.4790047677234,8.035996870603412,681.6449968027882,2,1
479,sign,34151.814612201,58.26500273542479,145.2509968657978,54.77800004882738,5.419999069999903,263.71399872004986,2,1
480,sign,34151.843032147,42.28200123179704,127.61900143232197,55.3539939573966,4.542001988738775,229.79699861025438,2,1
481,sign,34151.87276476,42.76199615560472,118.94699855474755,59.10600157221779,12.103002518415451,232.91799880098552,1,1
482,sign,34151.903543802,34.491997212171555,128.93900566268712,261.7699938127771,4.385001375339925,429.5859980629757,1,1
483,sign,34151.933370021,25.12000355636701,129.71199612366036,69.62500629015267,6.884998583700508,231.34200455388054,1,1
484,sign,34151.962129794,24.61099938955158,112.52499825786799,53.94899926614016,3.4940021578222513,194.578999071382,1,1
485,sign,34151.989450105,30.20300209755078,114.4499983638525,55.32400246011093,3.9189981180243194,203.89600103953853,1,1
486,sign,34152.018392749,25.72499943198636,115.65000022528693,67.3120011924766,4.4819971662946045,213.1689980160445,1,1
487,sign,34152.048085389,44.15800503920764,140.41199756320566,67.72800406906754,3.998997271992266,256.2970039434731,1,1
488,sign,34152.077234539,37.55400393856689,145.65199671778828,56.50999810313806,4.553003236651421,244.26900199614465,1,1
489,sign,34152.105543331,26.905996492132545,101.88500164076686,53.310999646782875,3.649001882877201,185.75099966255948,1,1
490,sign,34152.135582687,22.958003683015704,994.2229953594506,59.60300040896982,4.289002390578389,1081.0730018420145,1,1
491,sign,34152.16523317,17.54499680828303,76.13700290676206,34.36800034251064,2.5179979274980724,130.5679979850538,1,1
492,sign,34152.193120322,19.496997992973775,88.75400089891627,56.210999900940806,3.727000148501247,168.1889989413321,1,1
493,sign,34152.221394309,15.86099824635312,69.98499884502962,33.8789977831766,2.4600012693554163,122.18499614391476,1,1
494,sign,34152.249391619,15.593002899549901,64.20499994419515,31.318995752371848,2.3950051399879158,113.51200373610482,1,1
495,sign,34152.279054779,16.939004126470536,71.64099952206016,33.5689983330667,2.5670015020295978,124.71600348362699,1,1
496,sign,34152.307420041,16.099002095870674,69.39999730093405,32.818003091961145,2.439999661874026,120.75700215063989,1,1
497,sign,34152.337820535,16.81700086919591,68.4629994793795,33.10100146336481,2.4669934646226466,120.84799527656287,1,1
498,sign,34152.36623574,16.563993995077908,65.81400521099567,30.591996619477868,2.3930042516440153,115.36300007719547,1,1
499,sign,34152.395354392,23.234999389387667,259.1099982964806,157.1790053276345,3.2859970815479755,442.8100000950508,1,1
500,sign,34152.423580678,26.8440053332597,101.34799958905205,434.09299541963264,4.473004082683474,566.7580044246279,1,1
501,sign,34152.451071176,19.66900163097307,74.36799933202565,34.33799429330975,2.482003765180707,130.85699902148917,1,1
502,sign,34152.479128023,17.728001694194973,70.38899639155716,34.592005249578506,2.4990004021674395,125.20800373749807,1,1
503,sign,34152.505779977,17.156002286355942,67.83999560866505,33.07500446680933,2.3600005079060793,120.4310028697364,1,1
504,sign,34152.533991703,32.03799860784784,110.38700176868588,52.08599759498611,3.754001227207482,198.2649991987273,1,1
505,sign,34152.564059398,30.201998015400022,114.82700210763142,58.55400377186015,5.880996468476951,209.46400036336854,1,1
506,sign,34152.593607474,44.10099791130051,146.63200272480026,68.83499736431986,4.455003363545984,264.0230013639666,1,1
507,sign,34152.621749016,35.712000681087375,133.9209993602708,63.80000559147447,4.579997039400041,238.0130026722327,1,1
508,sign,34152.649850909,26.959998649545014,145.76000103261322,60.127997130621225,4.129004082642496,236.97700089542195,1,1
509,sign,34152.678810823,25.510998966638,112.35800047870725,79.29599814815447,5.189001967664808,222.35399956116453,1,1
510,sign,34152.708278664,28.575996111612767,112.51700198045,69.69999958528206,4.346002242527902,215.13899991987273,1,1
511,sign,34152.737485696,35.18800076562911,123.24099952820688,54.356001783162355,3.817993274424225,216.60299535142258,1,1
512,sign,34152.765971932,25.615001504775137,127.2329973289743,71.4170018909499,4.549998266156763,228.8149989908561,1,1
513,sign,34152.795815549,42.97100531402975,141.32700016489252,63.54299694066867,4.289999196771532,252.13100161636248,1,1
514,sign,34152.825441571,26.94999420782551,337.7440007170662,57.50700074713677,3.530003596097231,425.73099926812574,1,1
515,sign,34152.853913648,17.269994714297354,69.2489993525669,61.20400212239474,3.7959980545565486,151.51899424381554,1,1
516,sign,34152.882307479,16.429003153461963,68.13200161559507,33.97299587959424,2.3940010578371584,120.92800170648843,1,1
517,sign,34152.909450151,17.402999219484627,69.52500552870333,34.497999877203256,2.3079992388375103,123.73400386422873,1,1
518,sign,34152.9386751,17.295998986810446,68.51400394225493,34.425000194460154,2.454995410516858,122.68999853404239,1,1
519,sign,34152.966203799,23.578999389428645,97.26500138640404,50.53899803897366,3.1840027077123523,174.5670015225187,1,1
520,sign,34154.032469367,27.74600579869002,108.11999527504668,50.25100108468905,3.5249977372586727,189.64199989568442,1,1
521,sign,34154.061767358,16.206002328544855,69.51599789317697,34.96800491120666,2.411994501017034,123.10199963394552,1,1
522,sign,34154.090754096,23.474996851291507,99.89899990614504,36.10800195019692,2.6859997888095677,162.16799849644303,1,1
523,sign,34154.119080705,27.898000553250313,109.68899732688442,54.97399979503825,3.70100315194577,196.26200082711875,1,1
524,sign,34154.147355139,17.168997146654874,72.43100117193535,35.65000224625692,2.4850014597177505,127.73500202456489,1,1
525,sign,34154.174967343,24.493994715157896,113.9230007538572,55.39200355997309,3.7709978641942143,197.5799968931824,1,1
526,sign,34154.204320076,23.011001758277416,94.87799979979172,50.98899418953806,3.3100004657171667,172.18799621332437,1,1
527,sign,34154.232728434,22.74000144097954,91.71800047624856,51.23399751028046,3.2559983083046973,168.94799773581326,1,1
528,sign,34154.259823165,22.513006115332246,94.31599755771458,49.923997721634805,3.2759999157860875,170.02900131046772,1,1
529,sign,34154.28819248,24.110995582304895,102.39599941996858,55.05000444827601,3.401997673790902,184.95899712434039,1,1
530,sign,34154.316675737,37.18000516528264,158.31299970159307,60.44899782864377,4.727000487037003,260.6690031825565,1,1
531,sign,34154.347524042,16.214995412155986,75.20600047428161,33.233001886401325,2.492000930942595,127.14599870378152,1,1
532,sign,34154.376065524,17.007005226332694,68.98900028318167,31.873998523224145,2.4609980755485594,120.33100210828707,1,1
533,sign,34154.408218075,35.96200258471072,126.84000103035942,53.76499757403508,4.656001692637801,221.223002881743,1,1
534,sign,34154.435795953,15.52899630041793,65.39699825225398,132.98700650921091,4.036999598611146,217.95000066049397,1,1
535,sign,34154.614265907,17.938000382855535,72.87199696293101,35.279001167509705,2.7319983928464353,128.82099690614268,1,1
536,sign,34154.647651532,16.366997442673892,66.62600208073854,33.345997508149594,2.3710017558187246,118.70999878738075,1,1
537,sign,34154.679960707,39.133003156166524,150.65199841046706,56.673998187761754,4.614004865288734,251.07300461968407,1,1
538,sign,34154.707192745,36.89900040626526,205.55199444061145,55.713004257995635,3.7659992813132703,301.9299983861856,1,1
539,sign,34154.737270002,16.37200330151245,68.01799463573843,32.34000178053975,2.3710017558187246,119.10100147360936,1,1
540,sign,34154.765256656,16.261001292150468,67.77900125598535,33.67199678905308,2.330998540855944,120.04299787804484,1,1
541,sign,34154.79421819,24.481996661052108,100.26800009654835,50.54900248069316,3.4240001696161926,178.7229994079098,1,1
542,sign,34154.822325788,34.70799856586382,131.17399794282392,60.50299998605624,4.020002961624414,230.4049994563684,1,1
543,sign,34154.85061251,27.007998141925782,130.8919963776134,70.1200042385608,7.026996172498912,235.04699493059888,1,1
544,sign,34154.879600143,27.789996238425374,133.10099893715233,61.3369993516244,4.288005584385246,226.51600011158735,1,1
545,sign,34154.906713299,27.207999664824456,126.36199971893802,58.200996136292815,4.0330050978809595,215.80400061793625,1,1
546,sign,34154.936373809,29.04599386965856,122.48400162206963,53.47600381355733,3.3379983506165445,208.34399765590206,1,1
547,sign,34154.966044895,36.76099731819704,159.6770016476512,75.52200258942321,5.619993316940963,277.5799948722124,1,1
548,sign,34154.994775287,36.666999221779406,128.95200052298605,54.20399975264445,4.225003067404032,224.04800256481394,1,1
549,sign,34155.023026547,25.793997338041663,104.71700079506263,56.53400148730725,5.319998308550566,192.3649979289621,1,1
550,sign,34155.050648728,25.747001927811652,135.73199976235628,59.767000493593514,4.847999662160873,226.09400184592232,1,1
551,sign,34155.079075574,28.169997676741332,123.66900045890361,58.84999700356275,4.207002348266542,214.89599748747423,1,1
552,sign,34155.108621242,25.558001652825624,109.84300024574623,55.087002692744136,3.6869969335384667,194.17500152485445,1,1
553,sign,34155.137570531,35.93200381146744,134.1600000159815,56.4500005566515,4.623994755093008,231.16599913919345,1,1
554,sign,34155.165860203,17.88100053090602,67.1480011078529,32.93599729659036,2.229004167020321,120.1940031023696,1,1
555,sign,34155.193961748,17.467995348852128,84.3779998831451,34.50800431892276,2.91600008495152,139.2699996358715,1,1
556,sign,34155.223565262,33.42999843880534,130.46999811194837,63.66100569721311,4.14099486079067,231.7019971087575,1,1
557,sign,34155.252243611,32.45699917897582,114.62099791970104,52.442999731283635,3.658999048639089,203.17999587859958,1,1
558,sign,34155.280144963,16.80700370343402,67.41199467796832,31.4839999191463,2.4180044420063496,118.12100274255499,1,1
559,sign,34155.308192891,15.849996998440474,67.56200309609994,32.727999496273696,2.4709952413104475,118.61099483212456,1,1
560,sign,34155.337619928,30.33499524462968,105.64600233919919,48.06099605048075,4.189001629129052,188.23099526343867,1,1
561,sign,34155.365978405,33.08199666207656,111.33599764434621,62.981001974549145,4.168003215454519,211.56699949642643,1,1
562,sign,34155.393982376,16.98499545454979,76.98300032643601,33.928001357708126,2.510001650080085,130.405998788774,1,1
563,sign,34155.421609281,15.86099824635312,67.4740003887564,31.748997571412474,2.2610038286074996,117.34500003512949,1,1
564,sign,34155.448142965,16.66200114414096,75.22500527556986,32.53999602748081,2.4190012481994927,126.84600369539112,1,1
565,sign,34155.47803874,35.75199662009254,119.44200377911329,51.792994781862944,4.106004780624062,211.09299996169284,1,1
566,sign,34155.504432569,26.508998416829854,109.97899516951293,581.8830031785183,4.63199830846861,723.0029950733297,1,1
567,sign,34155.533228102,16.995996702462435,68.91700468258932,31.626994314137846,2.3220054572448134,119.86200115643442,1,1
568,sign,34155.561186527,15.708006685599685,66.95499905617908,32.826996175572276,2.296001184731722,117.78600310208276,1,1
569,sign,34155.588226757,23.172004148364067,96.77499474491924,50.08700100006536,3.321001713629812,173.35500160697848,1,1
570,sign,34155.6178603,23.833999875932932,98.65900210570544,60.62099419068545,3.6030032788403332,186.71699945116416,1,1
571,sign,34155.647949698,24.48499435558915,109.43200322799385,215.60599998338148,3.640001523308456,353.16299909027293,1,1
572,sign,34155.676186455,23.337001039180905,97.14499901747331,178.77500067697838,3.6679994082078338,302.9250001418404,1,1
573,sign,34155.704452138,21.979998564347625,99.74899876397103,51.0259997099638,3.172004653606564,175.92700169188902,1,1
574,sign,34155.733880404,24.68700404278934,105.43900134507567,52.74399882182479,3.6759956856258214,186.54599989531562,1,1
575,sign,34155.761573762,31.472998671233654,111.63100134581327,49.63899846188724,3.393004590179771,196.13600306911394,1,1
576,sign,34155.792525921,43.62400068202987,136.5749994874932,54.12899918155745,4.045999958179891,238.3739993092604,1,1
577,sign,34155.820498758,24.463995941914618,104.83500227564946,52.474999392870814,4.216002707835287,185.99000031827018,1,1
578,sign,34155.847986797,35.555000067688525,106.72099597286433,53.77900379244238,3.720997483469546,199.77599731646478,1,1
579,sign,34155.87675095,24.261993530672044,95.81300400895998,49.66500273440033,3.0909941415302455,172.8309944155626,1,1
580,sign,34155.90458084,28.293005016166717,113.84100071154535,441.94599468028173,4.5720007619820535,588.6520011699758,1,1
581,sign,34155.934487319,17.106998711824417,68.0070006637834,35.7570024789311,3.1149975256994367,123.98599938023835,1,1
582,sign,34155.962894859,16.200996469706297,64.15499956347048,41.42800025874749,2.4600012693554163,124.24399756127968,1,1
583,sign,34155.991892968,28.72900222428143,117.3209966509603,53.14400186762214,3.811997885350138,203.005998628214,1,1
584,sign,34156.024021711,31.505005608778447,110.63800047850236,49.21999789075926,3.410998033359647,194.77400201139972,1,1
585,sign,34156.055592334,17.851998563855886,97.0230030361563,35.568999010138214,3.1769959605298936,153.6209965706803,1,1
586,sign,34156.083828133,16.343001334462315,66.7810018057935,33.40900002513081,2.487999154254794,119.02100231964141,1,1
587,sign,34156.110745073,18.95199966384098,72.26299931062385,35.88200343074277,2.553002559579909,129.6500049647875,1,1
588,sign,34156.140372445,36.88500146381557,130.04599895793945,60.81299943616614,4.647998139262199,232.39199799718335,1,1
589,sign,34156.166647776,17.336002201773226,104.30199472466484,52.030001825187355,3.458997525740415,177.12699627736583,1,1
590,sign,34156.195956205,16.66899333940819,82.53300620708615,32.98999945400283,2.4269975256174803,134.61899652611464,1,1
591,sign,34156.2238462,26.1370005318895,107.19099373091012,57.41700442740694,3.3249962143599987,194.06999490456656,1,1
592,sign,34156.251253248,16.57800021348521,67.69399624317884,33.426003938075155,2.3709944798611104,120.06899487460032,1,1
593,sign,34156.279420438,25.464003556407988,106.79200204322115,62.73799954215065,4.356996214482933,199.3510013562627,1,1
594,sign,34156.307491704,23.86800042586401,95.54399730404839,50.159003876615316,3.2659954740665853,172.8369970805943,1,1
595,sign,34156.339048902,22.708998585585505,725.2249997691251,114.6220020018518,4.417997843120247,866.9739981996827,1,1
596,sign,34156.367297594,21.69099752791226,92.21400250680745,49.8529989272356,3.1180024961940944,166.8760014581494,1,1
597,sign,34156.399012591,22.257998352870345,91.39400208368897,48.658999730832875,3.1239978852681816,165.43499805266038,1,1
598,sign,34156.429535038,27.268004487268627,113.26499952701852,51.66600021766499,3.5519988159649074,195.75100304791704,1,1
599,sign,34156.458323163,21.877996914554387,98.19999831961468,49.867005145642906,3.15399665851146,173.09899703832343,1,1
600,sign,34156.486443203,22.04199699917808,91.70300472760573,50.23499397793785,3.1860035960562527,167.1659993007779,1,1
601,sign,34156.513387963,21.875996026210487,89.30700278142467,48.71399869443849,3.1790041248314083,163.07600162690505,1,1
602,sign,34156.541718628,27.294998290017247,102.42599819321185,55.54300150834024,3.7150020943954587,188.9790000859648,1,1
603,sign,34156.571497598,47.36599657917395,150.0670041423291,54.98599784914404,4.112000169698149,256.53099874034524,1,1
604,sign,34156.599256115,37.206002161838114,120.95399870304391,1.5280020306818187,38.90100197168067,198.5890048672445,2,1
605,sign,34156.627640148,64.1229999018833,195.36200125003234,58.518999139778316,6.221001967787743,324.2250022594817,2,1
606,sign,34156.65923931,74.9079990782775,2351.092000026256,82.63400377472863,7.840993930585682,2516.4749968098477,2,1
607,sign,34156.688650005,67.59999814676121,209.37500084983185,83.98800127906725,7.614995411131531,368.57799568679184,2,1
608,sign,34156.848044151,51.08600453240797,231.83300072560087,38.735000998713076,4.108995199203491,325.7630014559254,2,1
609,sign,34156.876009059,52.84699727781117,151.62199997575954,37.353005609475076,4.659996193367988,246.48199905641377,2,1
610,sign,34156.901925813,48.280002374667674,154.08999752253294,36.59100184449926,4.426998202688992,243.38799994438887,2,1
611,sign,34156.93024005,28.171998565085232,119.10899775102735,37.33899939106777,3.231005393899977,187.85100110108033,2,1
612,sign,34156.956811067,41.30399611312896,153.81200500996783,53.564996051136404,5.330002750270069,254.01099992450327,2,1
613,sign,34156.984230336,69.66599903535098,254.88200481049716,88.3819957380183,11.556003300938755,424.4860028848052,2,1
614,sign,34157.012110288,67.59999814676121,212.2650039382279,66.86699634883553,6.150999979581684,352.8829984134063,2,1
615,sign,34157.038525094,64.00200072675943,198.95099831046537,59.95399988023564,6.369999027810991,329.27699794527143,2,1
616,sign,34157.066652395,71.13600440789014,203.44699441920966,57.3150027776137,6.30500289844349,338.203004503157,2,1
617,sign,34157.094854617,70.23700163699687,215.48200311372057,82.9659984447062,6.8640001700259745,375.5490033654496,2,1
618,sign,34157.123067185,64.72200038842857,413.8490039622411,64.18499833671376,6.171998393256217,548.9280010806397,2,1
619,sign,34157.15032825,58.29200381413102,187.99599638441578,54.249001550488174,5.216999852564186,305.75400160159916,2,1
620,sign,34157.177848214,87.71799912210554,209.28500453010201,53.90199657995254,6.214002496562898,357.119002728723,2,1
621,sign,34157.206450865,71.76499639172107,454.0900044958107,72.79300189111382,7.260998245328665,605.9090010239743,2,1
622,sign,34157.234092538,73.02399899344891,863.2500030216761,57.5540034333244,6.911999662406743,1000.7400051108561,2,1
623,sign,34157.262165372,62.27999983821064,191.58600480295718,55.8219981030561,5.93099684920162,315.61899959342554,2,1
624,sign,34157.290028302,53.677002142649144,176.6560017131269,53.167997975833714,5.08499942952767,288.5860012611374,2,1
625,sign,34157.31681971,57.76200123364106,193.16799443913624,56.08000356005505,5.04499621456489,312.05499544739723,2,1
626,sign,34157.345367028,73.0680039850995,237.91499552316964,65.69600373040885,5.712994607165456,382.39199784584343,2,1
627,sign,34157.372517731,60.0200000917539,226.73900093650445,62.284998421091586,7.481001375708729,356.52500082505867,2,1
628,sign,34157.4025188,53.63600212149322,141.18799299467355,34.93700205581263,4.194000212009996,233.9549973839894,2,1
629,sign,34157.430538387,47.0669983769767,142.56300346460193,36.99199442053214,4.018002073280513,230.63999833539128,2,1
630,sign,34157.459203827,72.06800364656374,214.37199757201597,56.54399865306914,5.781999789178371,348.7659996608272,2,1
631,sign,34157.489202406,63.99399717338383,198.12199752777815,56.66700599249452,5.653993866872042,324.43699456052855,2,1
632,sign,34157.518213276,50.12600013287738,146.9349954277277,38.092002796474844,4.679997800849378,239.8329961579293,2,1
633,sign,34157.546605755,49.68899884261191,145.35200170939788,36.66900011012331,4.331996024120599,236.0419966862537,1,1
634,sign,34157.573874872,63.21499677142128,251.53200112981722,1695.8029955276288,9.9340031738393,2020.4839966027066,1,1
635,sign,34157.603277743,39.91399717051536,121.40000035287812,38.313999539241195,3.7819991121068597,203.40999617474154,1,1
636,sign,34157.630860172,45.982997107785195,175.61000277055427,77.07099575782195,5.600006261374801,304.2640018975362,1,1
637,sign,34157.658263626,55.66499748965725,174.6500056469813,59.14899520576,5.312002031132579,294.77600037353113,1,1
638,sign,34157.685523299,50.195005314890295,161.96299839066342,58.972000260837376,4.718996933661401,275.8490009000525,1,1
639,sign,34157.712317244,50.733004172798246,171.086001500953,63.196996052283794,5.1960014388896525,290.2120031649247,1,1
640,sign,34157.739601023,59.36300294706598,187.37599748419598,64.03600127669051,5.77599712414667,316.55099883209914,1,1
641,sign,34157.765562251,42.685998778324574,161.70000162674114,66.86100095976144,4.599001840688288,275.84600320551544,1,1
642,sign,34157.792585383,41.227998735848814,126.20499910553917,40.0220014853403,3.811997885350138,211.26699721207842,1,1
643,sign,34157.820117324,38.79299765685573,121.47900270065293,38.61299774143845,3.806002496276051,202.69100059522316,1,1
644,sign,34157.846308673,42.156003473792225,124.56999684218317,42.02800482744351,3.4859986044466496,212.24000374786556,1,1
645,sign,34157.874971788,48.63800131715834,128.2619996345602,39.70100078731775,3.7439967854879797,220.34499852452427,1,1
646,sign,34157.907531141,51.67900235392153,130.1360025536269,38.07000030064955,3.7539939512498677,223.63899915944785,1,1
647,sign,34157.937957007,47.458997869398445,129.80300380149856,41.5439935750328,3.922003088518977,222.72799833444878,1,1
648,sign,34157.96512689,42.86599869374186,140.2890047756955,45.1969972345978,4.37400012742728,232.72600083146244,1,1
649,sign,34157.99336692,46.673994802404195,129.92700067115948,40.97499913768843,3.4379991120658815,221.01399372331798,1,1
650,sign,34158.023613584,39.67099473811686,167.4820014159195,60.39100117050111,5.294001311995089,272.8379986365326,1,1
651,sign,34158.051405279,48.016998334787786,142.38899893825874,42.56200190866366,4.15899557992816,237.12699476163834,1,1
652,sign,34158.078723271,43.2880042353645,125.09599764598534,42.05400182399899,3.9669976104050875,214.4050013157539,1,1
653,sign,34158.104713966,70.64999954309314,191.3250016514212,57.837998610921204,4.626999725587666,324.4399995310232,1,1
654,sign,34158.132366217,42.97399573260918,131.55800115782768,39.05499761458486,3.7630015867762268,217.34999609179795,1,1
655,sign,34158.158778096,50.811999244615436,169.8359992587939,84.65100108878687,8.267998055089265,313.56699764728546,1,1
656,sign,34158.186854476,35.92400025809184,129.2829983867705,40.05499795312062,3.7570061977021396,209.01900279568508,1,1
657,sign,34158.214908837,35.32999835442752,143.51500431075692,44.558997615240514,3.3750038710422814,226.77900415146723,1,1
658,sign,34158.241178534,41.87599552096799,123.09700105106458,39.862003177404404,3.9130027289502323,208.7480024783872,1,1
659,sign,34158.26904128,42.273000872228295,131.93999620852992,39.53300620196387,3.7659992813132703,217.51200256403536,1,1
660,sign,34158.300653929,46.321001718752086,137.0069949189201,42.170002416241914,4.1950042941607535,229.69300334807485,1,1
661,sign,34168.510966993,42.78199776308611,75.78999793622643,1.1500014807097614,35.09200178086758,154.81399896088988,2,1
662,sign,34168.534588755,35.52500129444525,161.06400289572775,49.869995564222336,4.856003215536475,251.3150029699318,2,1
663,sign,34168.558973707,75.63600229332224,156.34699957445264,44.5039986516349,4.932000592816621,281.4190011122264,2,1
664,sign,34168.583502016,50.83099676994607,140.84199938224629,44.17900345288217,4.784000338986516,240.63599994406104,2,1
665,sign,34168.607075962,183.80900291958824,219.6119967265986,49.17399928672239,5.92600554227829,458.5210044751875,2,1
666,sign,34168.6333146,69.2489993525669,174.26900012651458,51.4759958605282,5.781002982985228,300.7749983225949,2,1
667,sign,34168.660671974,60.92200055718422,160.67099932115525,51.605995395220816,5.24200004292652,278.4409953164868,2,1
668,sign,34168.686287605,65.37199806189165,140.9820033586584,43.273998016957194,4.453999281395227,254.08199871890247,2,1
669,sign,34168.711532333,44.647997128777206,116.02800077525899,34.78600410744548,3.7239951780065894,199.18599718948826,2,1
670,sign,34168.73564902,41.020997741725296,111.13700020359829,33.16399670438841,4.08000050811097,189.40199515782297,2,1
671,sign,34168.762535734,58.174002333544195,157.3229965288192,51.478004024829715,5.130998033564538,272.10600092075765,2,1
672,sign,34168.787672673,67.53199704689905,151.61000192165375,665.5749966739677,6.376998499035835,891.0939941415563,2,1
673,sign,34168.81313163,58.96600487176329,141.21899585006759,31.114002922549844,4.194997018203139,235.49400066258386,2,1
674,sign,34168.838487146,38.491001760121435,105.78199726296589,30.78999725403264,2.949003828689456,178.01200010580942,2,1
675,sign,34168.862547291,40.97900091437623,107.97200229717419,28.063994250260293,3.8090001908130944,180.8239976526238,2,1
676,sign,34168.887334771,68.82500019855797,173.233995155897,48.02599869435653,4.3239997467026114,294.4089937955141,2,1
677,sign,34168.915005843,40.54400051245466,109.46299880743027,40.25700036436319,3.715998900588602,193.97999858483672,2,1
678,sign,34168.942085339,43.58600563136861,147.45399676030502,50.44400313636288,3.658999048639089,245.1430045766756,2,1
679,sign,34168.967248398,42.39799454808235,110.00200174748898,32.342999475076795,3.936998837161809,188.67999460780993,2,1
680,sign,34168.990463069,41.790000977925956,127.6440016226843,42.019993998110294,5.8060031733475626,217.2599997720681,2,1
681,sign,34169.014391657,66.64299871772528,142.44799967855215,32.25100226700306,7.989998266566545,249.33199892984703,1,1
682,sign,34169.040327083,53.625000873580575,161.79100202862173,52.007999329362065,5.150999641045928,272.5750018726103,1,1
683,sign,34169.064865499,52.86899977363646,186.37799803400412,466.3110012188554,5.743997462559491,711.3019964890555,1,1
684,sign,34169.0911694,36.01099888328463,113.17499593133107,33.706004614941776,3.078996087424457,185.97099551698193,1,1
685,sign,34169.115953807,43.82499901112169,130.2820019191131,40.043996705207974,4.164001438766718,218.31499907420948,1,1
686,sign,34169.139527876,32.715994166210294,99.09200161928311,30.53100226679817,2.5080007617361844,164.84699881402776,1,1
687,sign,34169.164688099,39.0799978049472,189.91799879586324,96.87300189398229,10.399999155197293,336.27099764999,1,1
688,sign,34169.190351596,47.984001867007464,134.93099686456844,42.02099808026105,4.527006240095943,229.4630030519329,1,1
689,sign,34169.215498115,39.352999010588974,106.9310019374825,32.29599678888917,3.0480005079880357,181.62799824494869,1,1
690,sign,34169.240327736,30.18300049006939,102.17999806627631,42.035004298668355,2.907996531575918,177.30599938658997,1,1
691,sign,34169.264188121,32.645002647768706,109.06899842666462,29.78299744427204,2.79700179817155,174.29400031687692,1,1
692,sign,34169.288452007,43.425003241281956,120.39899593219161,52.235998737160116,4.765002813655883,220.82500072428957,1,1
693,sign,34169.31563961,37.40199463209137,110.00200174748898,30.208000680431724,2.649001544341445,180.26099860435352,1,1
694,sign,34169.339714852,38.484999095089734,121.10699753975496,36.793004255741835,3.5489938454702497,199.93399473605677,1,1
695,sign,34169.364366456,35.682001907844096,99.42500037141144,29.290997190400958,2.783002855721861,167.18100232537836,1,1
696,sign,34169.389252141,31.95099998265505,101.67299478780478,30.665003578178585,3.025001205969602,167.31399955460802,1,1
697,sign,34169.412948585,34.60799780441448,112.10700176889077,31.06100484728813,2.8679933166131377,180.64399773720652,1,1
698,sign,34169.437926121,38.06700260611251,126.7080006073229,31.056995794642717,3.417000698391348,199.24899970646948,1,1
699,sign,34169.462424529,34.97999568935484,109.99700316460803,35.17200093483552,3.091998223681003,183.2409980124794,1,1
700,sign,34169.488214047,50.35399954067543,106.46800365066156,30.302995583042502,2.8319991542957723,189.95699792867526,1,1
701,sign,34169.512593827,40.06300150649622,104.45199586683884,31.540999771095812,2.42000533035025,178.47600247478113,1,1
702,sign,34169.536401394,33.358002838213,102.84699965268373,29.18000245699659,2.777996996883303,168.16300194477662,1,1
703,sign,34169.561480604,52.445000619627535,157.5539936311543,49.37899939250201,4.8720030463300645,264.2499966896139,1,1
704,sign,34169.586346611,46.72000068239868,160.15899745980278,45.467000745702535,4.043999069835991,256.38999795774,1,1
705,sign,34169.614800789,30.889001209288836,126.59400090342388,33.77999382792041,2.8810027288272977,194.14399866946042,1,1
706,sign,34169.639928627,34.354998206254095,132.55899830255657,33.75900269020349,2.911001502070576,203.58400070108473,1,1
707,sign,34169.664277887,35.93500150600448,113.33599832141772,34.368997148703784,2.840002707671374,186.47999968379736,1,1
708,sign,34169.690845905,74.68599505955353,238.54300525272265,63.17999941529706,4.541994712781161,380.9509944403544,1,1
709,sign,34169.720105949,35.14299896778539,111.22599971713498,35.365999792702496,3.3769974834285676,185.11199596105143,1,1
710,sign,34169.749816575,35.23800114635378,114.12699677748606,44.4430042989552,3.2049938454292715,197.0129960682243,1,1
711,sign,34169.779112494,35.27000080794096,112.38799925195053,35.07400106173009,3.7080026231706142,186.4400037447922,1,1
712,sign,34169.805404614,37.152000004425645,114.13099855417386,35.88599793147296,3.1849995139054954,190.35399600397795,1,1
713,sign,34169.833653629,56.33600085275248,162.13399794651195,53.45499812392518,4.911998985335231,276.83699590852484,1,1
714,sign,34169.865237765,42.667998059187084,121.213000966236,34.999000490643084,3.458997525740415,202.33899704180658,1,1
715,sign,34169.895748528,47.81600000569597,160.09400133043528,73.29700019909069,7.70699989516288,288.9140014303848,1,1
716,sign,34169.923023818,48.15499414689839,158.86500477790833,56.93899584002793,4.687004548031837,268.6459993128665,1,1
717,sign,34169.952056995,54.950003686826676,183.27400175621733,72.65999738592654,5.171001248527318,316.05500407749787,1,1
718,sign,34169.980061164,50.57599628344178,192.48299940954894,87.49400149099529,9.78900061454624,340.34199779853225,1,1
719,sign,34170.006554099,44.53299334272742,153.26200082199648,55.59300188906491,5.06499782204628,258.4529938758351,1,1
720,sign,34170.033509074,50.62499985797331,166.23800183879212,60.844999097753316,4.730005457531661,282.4380062520504,1,1
721,sign,34170.059596469,49.01899956166744,166.66800365783274,60.540995036717504,5.226000212132931,281.4539984683506,1,1
722,sign,34170.085285053,46.391003706958145,161.06199473142624,59.30699990130961,4.8670044634491205,271.6270028031431,1,1
723,sign,34170.111972159,66.39800267294049,192.81999993836507,87.94499444775283,5.993999366182834,353.15699642524123,1,1
724,sign,34170.139179957,746.3700021617115,206.88900258392096,282.08499861648306,5.055000656284392,1240.3990040183999,1,1
725,sign,34170.165704538,41.46499850321561,121.35700671933591,41.81300027994439,3.5199991543777287,208.15500465687364,1,1
726,sign,34170.19224666,50.10899621993303,129.7530034207739,39.12000101990998,3.9910009945742786,222.97300165519118,1,1
727,sign,34170.217412198,35.04699998302385,115.49799819476902,39.33800326194614,2.9279981390573084,192.81099957879633,1,1
728,sign,34170.245358891,46.963003114797175,162.4349970370531,58.329002058599144,4.912995791528374,272.6399980019778,1,1
729,sign,34170.271763625,54.183001338969916,166.59499669913203,1097.3509997711517,5.8299992815591395,1323.9589970908128,1,1
730,sign,34170.299891755,41.070998122449964,132.9750011791475,40.539001929573715,3.5470002330839634,218.13200146425515,1,1
731,sign,34170.326572997,42.82000008970499,121.32700067013502,35.29099922161549,3.5190023481845856,202.9570023296401,1,1
732,sign,34170.355172176,52.15800047153607,172.46499919565395,53.858995670452714,4.835004801861942,283.31700013950467,1,1
733,sign,34170.381888137,36.35799657786265,127.70700413966551,37.36899816431105,3.373999788891524,204.80799867073074,1,1
734,sign,34170.408870635,54.32299803942442,179.67000167118385,64.4329993519932,6.016998668201268,304.44299773080274,1,1
735,sign,34170.436773418,39.52800034312531,120.53100363118574,35.976001527160406,3.463996108621359,199.49900161009282,1,1
736,sign,34170.461962075,46.30199691746384,119.61500422330573,36.4399966201745,3.1009985832497478,205.45799634419382,1,1
737,sign,34170.488871937,43.77200093585998,135.6919965473935,37.08599979290739,3.511006070766598,220.06100334692746,1,1
738,sign,34170.520123705,42.840998503379524,128.3630044781603,39.564998587593436,3.458997525740415,214.22799909487367,1,1
739,sign,34170.549443902,36.71300510177389,119.51199849136174,38.8530024792999,3.1189993023872375,198.19700537482277,1,1
740,sign,34170.576249409,37.927995435893536,128.55000386480242,40.970000554807484,3.1329982448369265,210.58099810034037,1,1
741,sign,34170.601793059,40.62099469592795,123.8330005435273,39.28400110453367,10.99300425266847,214.7310005966574,1,1
742,sign,34170.628855882,54.14999759523198,195.22399816196412,66.29800191149116,5.407004209700972,321.0790018783882,1,1
743,sign,34170.655411333,50.84900476504117,168.76099834917113,78.83399666752666,6.023998139426112,304.4679979211651,1,1
744,sign,34170.684337724,37.0030029444024,119.96799730695784,41.04700201423839,3.4619952202774584,201.47999748587608,1,1
745,sign,34170.711537559,35.08300142129883,117.84299567807466,39.19000300811604,3.102999471593648,195.21899957908317,1,1
746,sign,34170.737132972,40.28600233141333,120.93700206605718,35.88899562601,3.7560021155513823,200.8680021390319,1,1
747,sign,34170.764910858,59.60500129731372,181.36799917556345,969.8849971755408,8.921000699047,1219.778998347465,1,1
748,sign,34170.790160751,46.94800009019673,187.13199824560434,90.40900476975366,8.37599509395659,332.8649981995113,1,1
749,sign,34170.818930824,51.18399712955579,270.63699963036925,41.02599632460624,4.76600689580664,367.6129999803379,1,1
750,sign,34170.846554774,35.23399936966598,119.96200191788375,39.03399920091033,2.9570001061074436,197.1870005945675,1,1
751,sign,34170.872269165,37.907004298176616,117.62299982365221,38.596001104451716,3.1949966796673834,197.32100190594792,1,1
752,sign,34170.898931964,41.22199607081711,134.80200141202658,39.095000829547644,3.5240009310655296,218.64299924345687,1,1
753,sign,34170.925197528,56.470998970326036,185.53200061433017,65.08899969048798,5.697998858522624,312.7899981336668,1,1
754,sign,34170.952392461,44.516003981698304,123.32799815339968,40.45300011057407,4.002002242486924,212.29900448815897,1,1
755,sign,34170.979436166,38.10199996223673,126.6350009245798,40.52599979331717,3.4429976949468255,208.70599837508053,1,1
756,sign,34171.004939631,37.60400431929156,135.9149973723106,39.27099896827713,3.831999492831528,216.62200015271083,1,1
757,sign,34171.034485621,62.439998146146536,186.01400370243937,63.22899571387097,5.652000254485756,317.33499781694263,1,1
758,sign,34171.061825327,54.86400186782703,189.80099412146956,86.68900409247726,6.010996003169566,337.3649960849434,1,1
759,sign,34171.089076498,46.957000449765474,161.42000094987452,57.21300112782046,4.9390000640414655,270.5290025915019,1,1
760,sign,34171.11639996,46.82299913838506,165.1579950703308,56.09300569631159,4.828994860872626,272.9029947659001,1,1
761,sign,34171.142456374,57.254001148976386,189.82899928232655,63.22399713099003,5.289999535307288,315.59699709760025,1,1
762,sign,34171.169508991,41.57899820711464,130.77500625513494,38.73599780490622,3.3940013963729143,214.4840036635287,1,1
763,sign,34171.196199325,44.1879965364933,135.85499982582405,39.22299947589636,4.0049999370239675,223.27099577523768,1,1
764,sign,34171.225956277,58.52100002812222,164.49599934276193,54.33500336948782,5.255998985376209,282.6080017257482,1,1
765,sign,34171.252867728,46.23099812306464,164.74300355184823,55.83399615716189,4.913003067485988,271.72100089956075,1,1
766,sign,34171.282323307,38.883998058736324,122.79800284886733,39.093996747396886,3.264998667873442,204.04099632287398,1,1
767,sign,34171.307999943,59.51200000708923,165.60200310777873,59.34199725743383,5.182999302633107,289.6389996749349,1,1
768,sign,34171.335027615,39.88599928561598,120.34000246785581,36.124998587183654,3.4999975468963385,199.85099788755178,1,1
769,sign,34171.36232753,39.171005482785404,122.23899830132723,36.09700070228428,3.672997991088778,201.1800024774857,1,1
770,sign,34171.388014948,35.81899363780394,115.14900688780472,37.19300002558157,3.4099939512088895,191.57099450239912,1,1
771,sign,34171.414691905,16.494996089022607,69.76599979680032,30.61800089199096,2.3179964045993984,119.19699318241328,1,1
772,sign,34171.442021315,26.24600165290758,102.15999645879492,58.43899998581037,4.45000478066504,191.2950028781779,1,1
773,sign,34171.469157202,30.062998121138662,113.88099665055051,52.811003115493804,3.6860001273453236,200.4409980145283,1,1
774,sign,34171.49793502,25.08200122974813,93.25999417342246,32.85100683569908,2.4429973564110696,153.63599959528074,1,1
775,sign,34171.525037067,16.592006431892514,68.35899694124237,32.88999869255349,2.320004568900913,120.16100663458928,1,1
776,sign,34171.551566047,17.03200541669503,66.00499909836799,32.47399581596255,2.405999111942947,117.91699944296852,1,1
777,sign,34171.582147995,20.068997400812805,83.5940008983016,32.77100040577352,2.4620021576993167,138.89600086258724,1,1
778,sign,34171.612956603,15.097000868991017,105.97200162010267,52.57399607216939,3.6950004869140685,177.33799904817715,1,1
779,sign,34171.724889629,28.29600271070376,78.80700286477804,1.6229969332925975,63.47199814626947,172.19800065504387,2,1
780,sign,34171.7539685,24.275999749079347,86.41699969302863,32.97600051155314,3.1340023269876838,146.8030022806488,2,1
781,sign,34171.782544746,24.99900438124314,71.83299749158323,31.762996513862163,2.9280054150149226,131.52300380170345,2,1
782,sign,34171.809598293,26.491994503885508,81.29700290737674,34.62700260570273,2.9949951567687094,145.41099517373368,2,1
783,sign,34171.838792129,25.228000595234334,73.42200115090236,32.932999602053314,3.1480012694373727,134.73100261762738,2,1
784,sign,34171.873616281,45.100998249836266,120.33100210828707,50.459995691198856,5.023000994697213,220.9149970440194,2,1
785,sign,34171.903955486,23.68000423302874,78.46699736546725,32.72500180173665,3.0039955163374543,137.8759989165701,2,1
786,sign,34171.932257913,36.96999920066446,102.64699812978506,50.709000788629055,4.410998371895403,194.73699649097398,2,1
787,sign,34171.962251588,39.36900611734018,112.71599942119792,189.04700118582696,4.462999640963972,345.595006365329,2,1
788,sign,34171.988924391,38.193000364117324,111.4309998229146,50.62299896962941,4.53100074082613,204.77799989748746,2,1
789,sign,34172.016301769,40.32700235256925,111.26999743282795,53.171999752521515,4.604000423569232,209.37299996148795,2,1
790,sign,34172.044349047,26.615001843310893,76.1359988246113,34.139004128519446,3.140994522254914,140.03099931869656,2,1
791,sign,34172.070530218,27.563997718971223,89.72100476967171,72.77599797816947,6.982998456805944,197.04399892361835,2,1
792,sign,34172.099115231,56.59499583998695,145.5530000384897,71.85700087575242,7.857001037336886,281.86199779156595,2,1
793,sign,34172.125677028,48.705995141062886,248.18600650178269,64.566993387416,5.193003744352609,366.6519987746142,2,1
794,sign,34172.76117101,49.63799437973648,138.21900211041793,32.28599962312728,4.344001354184002,224.4869974674657,2,1
795,sign,34172.786900615,63.521001720800996,212.4919992638752,67.27399886585772,6.519003363791853,349.80600321432576,2,1
796,sign,34172.813594029,55.70599751081318,159.4380009919405,49.080001190304756,5.51599805476144,269.73999774781987,2,1
797,sign,34172.840019264,70.51900320220739,167.28299669921398,69.51000250410289,4.9579975893720984,312.26999999489635,2,1
798,sign,34172.864783405,59.57900430075824,172.87199443671852,57.44800000684336,5.22399932378903,295.12299806810915,2,1
799,sign,34172.891764719,67.03200051560998,185.77699665911496,60.55099947843701,6.426998879760504,319.78699553292245,2,1
800,sign,34172.918473648,47.135996283032,123.5430027008988,36.19099879870191,3.6420024116523564,210.51200019428506,2,1
801,sign,34172.944265905,46.98400152847171,123.8330005435273,36.37200279626995,4.303998139221221,211.4930030074902,2,1
802,sign,34172.970512951,51.160001021344215,118.68300498463213,35.877994378097355,3.664004907477647,209.38500529155135,2,1
803,sign,34172.995382516,47.011999413371086,121.94900045869872,37.55900252144784,4.000998160336167,210.5210005538538,2,1
804,sign,34173.021286799,44.208005419932306,119.97299588983878,38.44500315608457,3.664994437713176,206.29099890356883,2,1
805,sign,34173.047164475,52.6529984199442,136.0320020467043,38.99999865097925,4.37600101577118,232.06100013339892,2,1
806,sign,34174.110028293,37.256999348755926,82.279002526775,1.7380007193423808,54.68999734148383,175.96399993635714,3,1
807,sign,34174.139389294,48.61999332206324,114.97700324980542,49.30599970975891,5.141999281477183,218.04499556310475,3,1
808,sign,34174.169423523,30.36699490621686,74.0790055715479,32.181000278797,3.5049961297772825,140.13199688633904,3,1
809,sign,34174.201770718,44.45399827091023,120.22300506941974,45.986998884472996,5.504996806848794,216.16899903165177,3,1
810,sign,34174.234531478,55.49299385165796,127.16100172838196,54.55299833556637,5.705005605705082,242.91199952131137,3,1
811,sign,34174.26397804,53.484000090975314,131.665998196695,49.45399996358901,5.735004378948361,240.3390026302077,3,1
812,sign,34174.292187883,32.07499685231596,91.86699753627181,47.48500214191154,5.660003807861358,177.08700033836067,3,1
813,sign,34174.320417842,30.90200334554538,74.5290017221123,32.3129934258759,3.4800032153725624,141.22400170890614,3,1
814,sign,34174.347991641,56.95100117009133,106.59200052032247,46.490000386256725,8.974995580501854,219.00799765717238,2,1
815,sign,34174.377379869,39.64200004702434,112.45899804634973,65.70400000782683,5.9200028772465885,223.7250009784475,2,1
816,sign,34174.405012459,48.346999392379075,115.31200289027765,50.586000725161284,4.5819979277439415,218.82700093556195,2,1
817,sign,34174.433377433,23.23999797226861,68.49200144642964,33.14799687359482,2.9620059649460018,127.84200225723907,2,1
818,sign,34174.461871443,23.597000108566135,71.58699736464769,32.914998882915825,7.1829999797046185,135.28199633583426,2,1
819,sign,34174.490636269,36.33799497038126,105.13500455999747,47.045999963302165,4.264999006409198,192.7839985000901,2,1
820,sign,34174.518584766,39.197999285534024,109.19299529632553,50.13800546294078,4.92599792778492,203.45499797258526,2,1
821,sign,34174.549682422,24.86499579390511,74.92300210287794,33.26899604871869,3.01000545732677,136.06699940282851,2,1
822,sign,34174.580582848,48.51099947700277,137.2760016238317,51.949995395261794,4.678004188463092,242.41500068455935,2,1
823,sign,34174.607300298,25.650006136856973,77.04999734414741,31.96599573129788,2.9710063245147467,137.63700553681701,2,1
824,sign,34174.637720874,24.770997697487473,73.81499744951725,33.38200622238219,3.397995897103101,135.36599726649,2,1
825,sign,34174.671443278,24.478998966515064,70.92500163707882,33.04100391687825,3.0629962566308677,131.508000777103,2,1
826,sign,34174.820591833,24.378998205065727,74.24200157402083,33.85799936950207,5.99100167164579,138.47000082023442,1,1
827,sign,34174.848763575,16.582001990173012,67.97300011385232,32.625001040287316,2.4039982235990465,119.5840013679117,1,1
828,sign,34174.877820286,22.84800575580448,94.4399944273755,1043.6330048833042,3.8619982660748065,1164.783003332559,1,1
829,sign,34174.906718238,22.36599539173767,92.56200428353623,50.7180011481978,3.2759999157860875,168.92200073925778,1,1
830,sign,34174.935946211,20.332001440692693,82.00600132113323,44.12899579619989,3.922003088518977,150.38900164654478,1,1
831,sign,34174.964195077,18.808001186698675,76.35299698449671,34.92100222501904,2.4289984139613807,132.5109988101758,1,1
832,sign,34174.990886673,25.77499981271103,119.39100659219548,42.98899875720963,2.877000952139497,191.03200611425564,1,1
833,sign,34175.020747495,16.015001165214926,66.28399569308385,33.13100023660809,2.3790053091943264,117.8090024041012,1,1
834,sign,34175.047688938,16.699996194802225,69.43100015632808,34.59300205577165,3.4910044632852077,124.21500287018716,1,1
835,sign,34175.213219183,19.12700099637732,71.90099859144539,34.20600114623085,2.616994606796652,127.8509953408502,1,1
836,sign,34175.242483234,15.998004528228194,67.27800064254552,32.782001653686166,2.4369946913793683,118.49500151583925,1,1
837,sign,34175.270256591,15.60900273034349,65.27699588332325,32.09499845979735,2.329004928469658,115.31000200193375,1,1
838,sign,34175.300531094,30.820003303233534,124.24499436747283,60.7170004514046,5.314999725669622,221.09699784778059,1,1
839,sign,34175.328639994,17.41900632623583,119.194999570027,53.290998039301485,3.545996150933206,193.45100008649752,1,1
840,sign,34175.358532178,16.621001122985035,69.05099871801212,32.61500387452543,2.430002496112138,120.71700621163473,1,1
841,sign,34175.387190849,16.437006706837565,66.201995650772,30.342998798005283,2.354005118831992,115.33600627444685,1,1
842,sign,34175.418681357,18.455000827088952,70.52800356177613,33.37499947519973,2.715998562052846,125.07400242611766,1,1
843,sign,34175.448311703,28.18599750753492,111.0520024667494,256.0949942562729,3.960005415137857,399.2929996456951,1,1
844,sign,34175.478268576,21.587002265732735,145.47699538525194,53.55100438464433,3.706998541019857,224.32200057664886,1,1
845,sign,34175.508360333,33.684002119116485,123.80599946482107,47.34499816549942,3.1140007195062935,207.94900046894327,1,1
846,sign,34175.53809634,27.498994313646108,116.25000479398295,76.47599704796448,4.674999217968434,224.89999537356198,1,1
847,sign,34175.570434436,25.146000552922487,104.47300155647099,48.91400021733716,3.2669995562173426,181.80000188294798,1,1
848,sign,34175.600833939,27.650996344164014,103.85600035078824,72.53699732245877,4.039000486955047,208.08299450436607,1,1
849,sign,34175.634575499,15.356999938376248,65.19199814647436,34.41899752942845,2.2890017135068774,117.25699732778594,1,1
850,sign,34175.662914056,19.681996491272002,90.88100341614336,36.83499380713329,2.492000930942595,149.88999464549124,1,1
851,sign,34175.692666081,22.99599873367697,79.15300375316292,37.7649994334206,2.6950001483783126,142.6090020686388,1,1
852,sign,34175.72337572,18.41400080593303,77.00399874011055,34.71899981377646,2.893000782933086,133.03000014275312,1,1
853,sign,34175.754315508,17.488004232291132,69.92999988142401,33.87399920029566,2.54599581239745,123.83799912640825,1,1
854,sign,34175.783425504,15.682002413086593,67.36299837939441,31.937997846398503,2.3090033209882677,117.29200195986778,1,1
855,sign,34175.813740807,28.121998184360564,143.49300181493163,58.144993090536445,4.1850071283988655,233.9450002182275,1,1
856,sign,34175.84239011,46.760993427596986,145.02300473395735,59.55700180493295,4.344998160377145,255.68599812686443,1,1
857,sign,34175.872345263,22.924003133084625,115.84199819481,52.24900087341666,4.052999429404736,195.06800163071603,1,1
858,sign,34175.90298701,33.52999920025468,210.66400222480297,90.30599903780967,6.227004632819444,340.72700509568676,1,1
859,sign,34175.93145182,23.740001779515296,101.48900037165731,51.991999498568475,3.555003786459565,180.77600543620065,1,1
860,sign,34175.962358768,27.890993806067854,109.2730017262511,59.432997659314424,4.637004167307168,201.23399735894054,1,1
861,sign,34175.991877733,40.10999691672623,175.54600344737992,58.76299837836996,4.795001586899161,279.21400032937527,1,1
862,sign,34176.022691092,23.057997168507427,95.7750016823411,50.85900193080306,3.4439945011399686,173.13599528279155,1,1
863,sign,34176.05164346,22.243002604227513,94.57199485041201,50.78600224805996,3.1960007618181407,170.79700046451762,1,1
864,sign,34176.081433936,23.53199670324102,106.10100434860215,55.19499973161146,3.2199968700297177,188.04799765348434,1,1
865,sign,34176.109979754,28.5380010609515,96.88799764262512,51.94499681238085,3.7660065572708845,181.13700207322836,1,1
866,sign,34176.141483885,23.903994588181376,104.26800145069137,51.18799890624359,3.255001502111554,182.6149964472279,1,1
867,sign,34176.171779815,21.919004211667925,91.22799383476377,49.71200542058796,3.2620009733363986,166.12100444035605,1,1
868,sign,34176.200201253,21.71700180042535,92.63499669032171,48.78899926552549,3.102999471593648,166.2439972278662,1,1
869,sign,34176.231970646,21.72100357711315,161.56899800989777,56.454002333339304,3.4429976949468255,243.18700161529705,1,1
870,sign,34176.268397435,27.494003006722778,100.83599772769958,42.045998270623386,2.6089983293786645,172.9849973344244,1,1
871,sign,34176.901715566,25.4480037256144,101.79800301557407,442.3449936439283,3.512002876959741,573.1030032620765,1,1
872,sign,34177.43110157,34.50400254223496,134.9769954686053,58.40200174134225,4.936999175697565,232.81999892788008,1,1
873,sign,34177.461206637,34.58999708527699,149.66700109653175,61.316000937949866,3.959998139180243,249.53299725893885,1,1
874,sign,34177.490291044,17.84299820428714,72.60100392159075,35.73599678929895,2.3760003386996686,128.5559992538765,1,1
875,sign,34177.519681287,16.352998500224203,65.4620016575791,32.089003070723265,2.4170003598555923,116.32100358838215,1,1
876,sign,34177.55002044,17.025995475705713,73.38700379477814,33.01000106148422,2.963999577332288,126.38699990930036,1,1
877,sign,34177.581294711,17.88100053090602,73.77599831670523,32.41899685235694,2.459004463162273,126.53500016313046,1,1
878,sign,34177.610917238,24.72799678798765,108.96199819399044,44.38000178197399,4.437999450601637,182.5079962145537,1,1
879,sign,34177.641186971,25.252003979403526,173.01899788435549,141.12499775364995,4.567998985294253,343.9639986027032,1,1
880,sign,34177.671594297,25.352004740852863,100.87600094266236,299.5469985762611,3.0849987524561584,428.8600030122325,1,1
881,sign,34177.706373112,36.13500302890316,132.4359982390888,54.486998124048114,4.433000867720693,227.49100025976077,1,1
882,sign,34177.735619925,15.41399979032576,66.14900485146791,31.472998671233654,2.3889951989986002,115.42499851202592,1,1
883,sign,34177.766733023,17.33299723127857,67.15700146742165,32.63999678893015,2.368004061281681,119.49799954891205,1,1
884,sign,34177.79586281,16.248995962087065,66.15200254600495,30.784998671151698,2.307002432644367,115.49299961188808,1,1
885,sign,34177.827346821,27.662994398269802,129.17300045955926,56.0750049771741,4.098998033441603,217.00999786844477,1,1
886,sign,34177.860275905,22.396001440938562,127.54400086123496,53.33399894880131,4.254005034454167,207.528006285429,1,1
887,sign,34177.890565175,25.19599365768954,108.09600644279271,51.087998144794255,3.5249977372586727,187.90499598253518,1,1
888,sign,34177.921775415,17.94399577192962,76.39200339326635,40.19899643026292,3.44500585924834,137.98000145470724,1,1
889,sign,34177.957391145,21.136002033017576,103.30900113331154,55.81099685514346,4.082001396454871,184.33800141792744,1,1
890,sign,34177.986480708,25.884997739922255,110.85400183219463,48.85499947704375,3.4949989640153944,189.08899801317602,1,1
891,sign,34178.015632928,16.56999666010961,67.78100214432925,33.128002542071044,2.4760011001490057,119.95500244665891,1,1
892,sign,34178.045635012,16.081001376733184,68.57999687781557,31.378003768622875,2.3419997887685895,118.38100181194022,1,1
893,sign,34178.076554233,24.39700620016083,104.81399658601731,52.04699846217409,3.4960030461661518,184.75400429451838,1,1
894,sign,34178.106230869,26.242996682412922,111.55199899803847,57.68300616182387,3.82699363399297,199.30499547626823,1,1
895,sign,34178.13715478,19.2360021173954,52.65599611448124,1.1459997040219605,36.10100247897208,109.13900041487068,2,1
896,sign,34178.169046229,25.440000172238797,74.62099893018603,32.989002647809684,3.3039978006854653,136.35399955091998,2,1
897,sign,34178.201432082,39.524995372630656,108.90500561799854,33.41199771966785,3.2669995562173426,185.1089982665144,2,1
898,sign,34178.235552051,25.38699482101947,73.34800466196612,33.37599628139287,3.1050003599375486,135.215996124316,2,1
899,sign,34178.269944813,43.4929970651865,124.13399963406846,51.05799937155098,4.957000783178955,223.6419968539849,2,1
900,sign,34178.297661807,24.722998205106705,69.58699668757617,30.24100442416966,3.0429946491494775,127.59399396600202,2,1
901,sign,34178.327976688,43.17300044931471,81.97900024242699,34.69800140010193,4.235997039359063,164.0859991312027,2,1
902,sign,34178.357375262,25.788001948967576,76.19299867656082,33.63400173839182,3.130000550299883,138.7450029142201,2,1
903,sign,34178.384271113,45.59900116873905,119.60400297539309,51.18099943501875,4.761997843161225,221.1460014223121,2,1
904,sign,34178.414860093,24.380999093409628,70.33799920463935,39.69899989897385,4.4570042518898845,138.8750024489127,2,1
905,sign,34178.445450352,23.843000235501677,69.56599827390164,31.791998480912298,2.9540024115704,128.15499940188602,2,1
906,sign,34178.476332137,36.795005144085735,100.72399891214445,49.45399996358901,4.153996997047216,191.12700101686642,2,1
907,sign,34178.512037494,38.97900023730472,110.11899914592505,51.80599691811949,4.534005711320788,205.43800201267004,2,1
908,sign,34178.546439655,25.45699680922553,78.79300392232835,32.494994229637086,3.0600058380514383,139.8050007992424,2,1
909,sign,34178.577664885,36.58700006781146,99.69800157705322,48.74899605056271,4.207002348266542,189.24100004369393,2,1
910,sign,34178.607409374,42.04899596516043,1542.8199985763058,80.11000318219885,6.8020017351955175,1671.7809994588606,2,1
911,sign,34178.640471316,32.83799742348492,79.01999924797565,33.97500404389575,3.321001713629812,149.15400242898613,2,1
912,sign,34178.67182557,41.1629953305237,110.95200170530006,56.85199721483514,4.646004526875913,213.6129987775348,2,1
913,sign,34178.90840693,43.62899926491082,119.85500168520957,53.84199903346598,4.535002517513931,221.8610025011003,2,1
914,sign,34179.173782155,47.932000597938895,132.32199853518978,60.05400064168498,5.314002919476479,245.62200269429013,2,1
915,sign,34179.203860291,39.41199975088239,155.74099961668253,74.69699630746618,6.713002221658826,276.5629978966899,2,1
916,sign,34179.232265734,38.75700349453837,113.07699605822563,56.438002502545714,5.369001883082092,213.6410039383918,2,1
917,sign,34179.262720944,37.99899423029274,113.53100126143545,209.3880029860884,5.065994628239423,365.983993106056,2,1
918,sign,34179.290596978,37.35600330401212,103.23400056222454,50.461996579542756,4.32900560554117,195.38100605132058,2,1
919,sign,34179.317802655,36.6890017176047,96.43999510444701,48.52499841945246,4.3430045479908586,185.99699978949502,2,1
920,sign,34179.34583597,35.73700087144971,96.80299990577623,53.814001148566604,4.366993380244821,190.72099530603737,2,1
921,sign,34179.373777194,34.135002351831645,94.09999620402232,48.21699985768646,4.328001523390412,180.77999993693084,2,1
922,sign,34179.403443588,40.59299681102857,120.53699902025983,328.3100013504736,3.4339973353780806,492.8739945171401,2,1
923,sign,34179.430833079,37.865000194869936,105.02400255063549,58.50499292137101,4.425004590302706,205.81900025717914,2,1
924,sign,34179.461150752,37.17799700098112,101.18300269823521,48.42299676965922,4.364999767858535,191.1489962367341,2,1
925,sign,34179.48997827,58.83199628442526,114.11400191718712,64.39899880206212,4.86300268676132,242.20799969043583,2,1
926,sign,34179.518604573,70.36599708953872,152.69200230250135,70.37100294837728,5.819994839839637,299.248997180257,2,1
927,sign,34179.552431314,55.310003517661244,169.8220003163442,56.3689973205328,6.103000487200916,287.60400164173916,2,1
928,sign,34179.58165256,41.70699685346335,122.5220039486885,54.32699981611222,4.784997145179659,223.34099776344374,2,1
929,sign,34179.614289569,71.34699990274385,185.7410024967976,62.57100176298991,5.8399964473210275,325.4990006098524,2,1
930,sign,34179.645718128,46.16500518750399,130.25099906371906,55.95800030278042,4.964997060596943,237.33900161460042,2,1
931,sign,34179.678846697,42.947998736053705,131.18000060785562,55.739998060744256,5.588997737504542,235.45699514215812,2,1
932,sign,34179.711717356,53.661002311855555,150.19000420579687,57.02799535356462,5.387002602219582,266.2660044734366,2,1
933,sign,34179.744366974,29.094000637996942,84.02299863519147,38.056001358199865,3.94100061384961,155.1140012452379,1,1
934,sign,34179.778168108,21.75999543396756,86.10000077169389,35.56600131560117,2.963002771139145,146.38900029240176,1,1
935,sign,34179.817831816,32.1769985021092,199.2370016523637,63.019004301168025,4.542998794931918,298.97600325057283,1,1
936,sign,34179.850929334,18.02799670258537,87.28200191399083,37.12299803737551,3.1279996619559824,145.5609963159077,1,1
937,sign,34179.889819254,20.100997062399983,94.34400271857157,43.88899833429605,3.5039993235841393,161.83799743885174,1,1
938,sign,34179.926414074,26.86600055312738,92.09400013787672,48.121000872924924,3.635999746620655,170.71700131054968,1,1
939,sign,34179.961685835,19.259998225606978,92.40100189344957,38.07100438280031,2.667999069672078,152.40000357152894,1,1
940,sign,34179.994341369,27.075002435594797,113.95000183256343,549.0819967235439,5.036999937146902,695.144000928849,1,1
941,sign,34180.024705587,25.681998522486538,94.56900443183258,36.8370019714348,2.7329951990395784,159.8210001247935,1,1
942,sign,34180.055978028,19.736995454877615,93.23000267613679,37.878999137319624,2.7850037440657616,153.6310010123998,1,1
943,sign,34180.08971184,27.05399674596265,128.30200284952298,75.02199878217652,4.4389962567947805,234.81699463445693,1,1
944,sign,34180.121289599,34.86399509711191,127.12900206679478,57.10100231226534,4.3769978219643235,223.47099729813635,1,1
945,sign,34180.151113498,21.29299537045881,87.89400453679264,42.66699397703633,2.8510039555840194,154.7049978398718,1,1
946,sign,34180.182088589,18.00700556486845,72.08099850686267,35.57399759301916,2.5519984774291515,128.21400014217943,1,1
947,sign,34180.216068689,30.622999474871904,124.99200238380581,76.55900117242709,5.53800055058673,237.71200358169153,1,1
948,sign,34180.248269016,32.83499972894788,134.15300054475665,57.18699685530737,3.854001988656819,228.02899911766872,1,1
949,sign,34180.279783783,39.34699634555727,159.10300135146827,69.11800301168114,5.194997356738895,272.7629980654456,1,1
950,sign,34180.310090926,42.87899355404079,137.1200050925836,57.87499685538933,5.226000212132931,243.09999571414664,1,1
951,sign,34180.341951735,30.252005672082305,130.796994199045,68.26500612078235,4.797999281436205,234.11200527334586,1,1
952,sign,34180.37171556,32.306998036801815,145.35200170939788,66.59099744865671,5.066001904197037,249.31599909905344,1,1
953,sign,34180.494652405,55.892996897455305,193.83899780223146,2.5760018615983427,94.56300176680088,346.870998328086,1,1
954,sign,34180.522093731,19.28299752762541,78.7780008977279,1.5230034478008747,60.407997807487845,159.99199968064204,1,1
955,sign,34180.558884417,20.95500531140715,88.84699491318315,51.369002903811634,2.9479997465386987,164.11900287494063,1,1
956,sign,34180.595676981,36.53499879874289,201.36799867032096,547.7869999594986,7.70699989516288,793.3969973237254,1,1
957,sign,34180.627316742,55.981996410992,182.42900114273652,64.60000440711156,5.551999493036419,308.5630014538765,1,1
958,sign,34180.656201608,18.111997633241117,160.1430049049668,58.263001847080886,4.205998266115785,240.7240026514046,1,1
959,sign,34180.688407027,18.2899966603145,74.37600288540125,37.685997085645795,2.7080022846348584,133.0599989159964,1,1
960,sign,34180.720228422,18.688006093725562,77.09299825364724,36.910001654177904,2.567998308222741,135.25900430977345,1,1
961,sign,34180.749947413,17.136000678874552,82.32699474319816,38.211001083254814,2.7140049496665597,140.38800145499408,1,1
962,sign,34180.781226576,21.637999452650547,82.74800347862765,38.2169964723289,2.6420020731166005,145.2450014767237,1,1
963,sign,34180.810331648,58.50200250279158,144.28300346480682,44.35299342731014,4.560002707876265,251.6980021027848,1,1
964,sign,34180.838997785,47.29400097858161,123.85199806885794,39.856997318565845,3.5000048228539526,214.50300118885934,1,1
965,sign,34180.868605855,52.372997743077576,1071.8220000853762,84.29199806414545,5.636000423692167,1214.1229963162914,1,1
966,sign,34180.898543656,40.02700006822124,134.47999663185328,40.51400173921138,3.9299993659369648,218.95099780522287,1,1
967,sign,34181.957806471,17.633996321819723,51.776005420833826,1.253996742889285,38.09999907389283,108.76399755943567,2,1
968,sign,34181.986361874,25.407003704458475,75.54899639217183,35.18399898894131,3.3239994081668556,139.46399849373847,2,1
969,sign,34182.014972156,25.848996301647276,86.56600402900949,34.75899575278163,3.0800001695752144,150.2539962530136,2,1
970,sign,34182.045845945,47.32800152851269,816.5419931174256,94.95500125922263,8.37100378703326,967.1959996921942,2,1
971,sign,34182.081826227,43.27900387579575,155.97500168951228,56.21499440167099,5.0960006774403155,260.56500064441934,2,1
972,sign,34182.110448447,25.494002329651266,82.53400301327929,61.37399759609252,5.7729994296096265,175.1750023686327,2,1
973,sign,34182.142833172,26.075998903252184,86.35999984107912,34.36199767747894,3.067005309276283,149.86500173108652,2,1
974,sign,34182.172786852,25.888999516610056,82.53399573732167,34.40499858697876,3.1430026865564287,145.97099652746692,2,1
975,sign,34182.203476189,45.338994823396206,160.40100308600813,61.428996559698135,5.762005457654595,272.93099992675707,2,1
976,sign,34182.234333055,27.706999389920384,801.7439977265894,39.00300362147391,3.4379991120658815,871.8919998500496,2,1
977,sign,34182.264583067,27.050999051425606,81.35200187098235,36.842000554315746,3.5579942050389946,148.8029956817627,2,1
978,sign,34182.29334299,45.61900277622044,116.67299986584112,40.43599619762972,3.6450001061894,206.37299894588068,2,1
979,sign,34182.323348544,40.13100260635838,114.02800009818748,55.31499482458457,4.899004125036299,214.37300165416673,2,1
980,sign,34182.352911973,51.1010002810508,133.08799680089578,55.296004575211555,5.475994839798659,244.9609964969568,2,1
981,sign,34182.381560786,26.882000383920968,81.78599819075316,37.49800089281052,3.392997314222157,149.5589967817068,2,1
982,sign,34182.411444295,24.92500061634928,74.91799624403939,32.282005122397095,3.0729934223927557,135.19799540517852,2,1
983,sign,34182.438869075,24.510998628102243,73.91899998765439,49.40200597047806,4.773995897267014,152.6060004835017,2,1
984,sign,34182.469973418,55.39599806070328,145.5530000384897,57.862001995090395,5.161993613000959,263.97299370728433,2,1
985,sign,34182.498970136,846.0549943265505,142.49400555854663,427.1119978511706,5.615002010017633,1421.2759997462854,2,1
986,sign,34182.670566299,25.69000207586214,102.87899931427091,54.19200169853866,5.204994522500783,187.9659976111725,2,1
987,sign,34182.699832432,26.428999262861907,77.29799835942686,32.77500218246132,6.322996341623366,142.82499614637345,1,1
988,sign,34182.732610773,33.70100603206083,131.53699546819553,53.60000068321824,4.221001290716231,223.05900347419083,1,1
989,sign,34182.762453324,26.196998078376055,113.01100312266499,61.80499622132629,3.754998033400625,204.76799545576796,1,1
990,sign,34182.797867884,35.01799801597372,150.05800378276035,59.72799408482388,5.902002158109099,250.70599804166704,1,1
991,sign,34182.830743617,17.11700315354392,76.57699461560696,35.69100226741284,2.597000275272876,131.9820003118366,1,1
992,sign,34182.862694341,21.798005036544055,84.26099520875141,38.9179986086674,2.816006599459797,147.79300545342267,1,1
993,sign,34182.897312607,19.361003069207072,78.9460027590394,36.4399966201745,2.487002348061651,137.23400479648262,1,1
994,sign,34182.929056451,35.25799547787756,128.2010052818805,62.92799662332982,4.474000888876617,230.8609982719645,1,1
995,sign,34182.959885649,27.876005333382636,126.36199971893802,67.7599964546971,4.159002855885774,226.15700436290354,1,1
996,sign,34182.991029897,20.867999410256743,81.45000174408779,38.010002754163,2.4900000425986946,142.81800395110622,1,1
997,sign,34183.025872725,35.436001780908555,187.42200336419046,72.58299592649564,5.412002792581916,300.85300386417657,1,1
998,sign,34183.055922558,22.950000129640102,111.99699656572193,661.1870048800483,5.6569988373667,801.7910004127771,1,1
999,sign,34183.091773365,17.51400122884661,73.91699909931049,36.17699985625222,2.706001396290958,130.31400158070028,1,1
1000,sign,34183.12382,39.24599877791479,120.19499990856275,64.02099825209007,5.295005394145846,228.75700233271345,1,1
1001,sign,34183.154508887,34.38000567257404,140.08300058776513,60.58599683456123,5.021996912546456,240.07100000744686,1,1
1002,sign,34183.187377741,16.796002455521375,69.64899512240663,34.68400245765224,2.396001946181059,123.5250019817613,1,1
1003,sign,34183.220465927,16.677004168741405,71.58399967011064,34.8089961335063,2.5269982870668173,125.59699825942516,1,1
1004,sign,34183.250390138,21.052001102361828,83.03900540340692,37.5929957954213,3.0579976737499237,144.74199997493997,1,1
1005,sign,34183.281987834,31.108997063711286,84.2890003696084,35.30400135787204,2.763001248240471,153.4650000394322,1,1
1006,sign,34183.31230954,43.94599818624556,182.73499881615862,58.3159999223426,4.150999302510172,289.14799622725695,1,1
1007,sign,34183.345753961,20.34199860645458,78.22799670975655,33.75300002517179,2.6500056264922023,134.97300096787512,1,1
1008,sign,34183.376114745,20.370003767311573,77.935001172591,36.81199450511485,2.5550034479238093,137.67200289294124,1,1
1009,sign,34183.40865529,30.572002287954092,113.25199739076197,63.65300214383751,4.833003913518041,212.31000573607162,1,1
1010,sign,34183.446959731,191.8099951581098,277.1480067167431,63.99999983841553,5.501999112311751,538.4600008255802,1,1
1011,sign,34183.478873369,20.435996702872217,122.18900519656017,38.91300002578646,3.4479962778277695,184.98599820304662,1,1
1012,sign,34183.51116894,24.059998395387083,84.32599861407652,39.82500493293628,3.4330005291849375,151.64400247158483,1,1
1013,sign,34183.546385648,26.40700404299423,107.30899521149695,55.340999097097665,3.7100035115145147,192.76700186310336,1,1
1014,sign,34183.580376468,25.269000616390258,117.57899483200163,55.7610037503764,3.7610006984323263,202.36999989720061,1,1
1015,sign,34183.610461662,27.255999157205224,112.73800191702321,55.61600119108334,3.6150013329461217,199.2250035982579,1,1
1016,sign,34183.640535265,21.750995074398816,82.25800411310047,36.47300036391243,2.729997504502535,143.21199705591425,1,1
1017,sign,34183.674489666,21.367995941545814,79.01800563558936,37.2059948858805,2.731001586653292,140.32299804966897,1,1
1018,sign,34183.719275667,59.14000212214887,182.39500059280545,58.71999746887013,4.821005859412253,305.0760060432367,1,1
1019,sign,34183.751840471,40.017999708652496,149.12799815647304,60.37200364517048,4.389999958220869,253.9080014685169,1,1
1020,sign,34183.788746036,31.436997232958674,117.04899952746928,544.9200034490786,5.3960029617883265,698.8020031712949,1,1
1021,sign,34183.820792782,24.98700632713735,106.4649986801669,55.86999759543687,3.697001375257969,191.0190039779991,1,1
1022,sign,34183.852615379,25.04199801478535,104.54199946252629,54.79000537889078,3.573994035832584,187.947996892035,1,1
1023,sign,34183.883864324,25.282999558839947,124.92200039559975,58.76700015505776,4.099994839634746,213.0719949491322,1,1
1024,sign,34183.913488914,23.876003979239613,100.99299834109843,53.94899926614016,3.6470009945333004,182.4650025810115,1,1
1025,sign,34183.946227598,18.11200490919873,73.85199569398537,34.18200503801927,2.5289991754107177,128.6750048166141,1,1
1026,sign,34183.980144594,35.38799501257017,520.5250054132193,75.96499926876277,5.2729956223629415,637.1509953169152,1,1
1027,sign,34184.016540091,21.621999621856958,80.69400064414367,46.65000597015023,2.930995833594352,151.8970020697452,1,1
1028,sign,34184.047514128,34.76900019450113,125.83000352606177,59.313999372534454,4.159999662078917,224.07300275517628,1,1
1029,sign,34184.07878324,23.943997803144157,89.16800288716331,38.98599970852956,2.7329951990395784,154.8309955978766,1,1
1030,sign,34184.110352093,32.65300620114431,132.65999587019905,60.13699749018997,4.2570027289912105,229.70700229052454,1,1
1031,sign,34184.139827005,25.325003662146628,92.4400010262616,39.21499592252076,2.7659989427775145,159.7459995537065,1,1
1032,sign,34184.169150408,17.99399615265429,73.51300155278295,35.21799953887239,3.464003384578973,130.1890006288886,1,1
1033,sign,34184.201674184,17.05100294202566,70.75099711073563,35.95300222514197,2.610999217722565,126.36600149562582,1,1
1034,sign,34184.237075046,19.547995179891586,76.62599819013849,34.77100108284503,2.434004272799939,133.37899872567505,1,1
1035,sign,34184.269396908,17.51800300553441,72.60499842232093,33.702002838253975,2.535998646635562,126.36100291274488,1,1
1036,sign,34184.297930046,18.437000107951462,86.6819973452948,35.73900175979361,2.5720000849105418,143.42999929795042,1,1
1037,sign,34184.327147614,28.551003197208047,104.86499377293512,52.618001063819975,3.4330005291849375,189.46699856314808,1,1
1038,sign,34184.356978152,32.576004741713405,108.0939982784912,59.799996961373836,3.8860016502439976,204.35600163182244,1,1
1039,sign,34184.385081056,18.886996258515865,88.57400098349899,38.122998375911266,2.9560032999143004,148.53999891784042,1,1
1040,sign,34184.414119723,18.76600435934961,83.5129976621829,37.306999729480594,2.6269990485161543,142.21300079952925,1,1
1041,sign,34184.440874916,15.342004189733416,67.38199590472504,31.859002774581313,2.4900000425986946,117.07300291163847,1,1
1042,sign,34184.473444652,30.780996894463897,125.23800251074135,450.2219962887466,4.256005922798067,610.4970016167499,1,1
1043,sign,34184.506181154,16.739999409765005,68.92599776620045,34.34900281718001,2.401000529062003,122.41600052220747,1,1
1044,sign,34186.470273005,16.525998944416642,48.77200262853876,1.1980009730905294,35.96000169636682,102.45600424241275,2,1
1045,sign,34186.497544716,38.65599865093827,109.90999726345763,51.508002798072994,4.565001290757209,204.6390000032261,2,1
1046,sign,34186.526742206,23.376000171992928,71.96899969130754,30.82599869230762,2.944005245808512,129.1150038014166,2,1
1047,sign,34186.554299804,24.199005565606058,79.76799679454416,32.85700222477317,3.226996341254562,140.05100092617795,2,1
1048,sign,34186.582283517,39.58300658268854,111.94299440830946,48.13700070371851,4.248999175615609,203.91200087033212,2,1
1049,sign,34186.610346613,23.631997464690357,72.17399979708716,32.73900074418634,3.0380033422261477,131.58300134819,2,1
1050,sign,34186.990441693,51.2690021423623,89.92699440568686,1.7640049918554723,39.12099782610312,182.08099936600775,3,1
1051,sign,34187.018982323,81.38199336826801,176.38400458963588,57.55299935117364,6.362999556586146,321.6819968656637,3,1
1052,sign,34187.397701856,54.53099583974108,120.30899961246178,58.65099956281483,6.230999133549631,239.72199414856732,3,1
1053,sign,34187.426050197,42.24700387567282,84.47699656244367,34.668999433051795,3.6450001061894,165.03799997735769,3,1
1054,sign,34188.201748017,28.94899807870388,50.97599932923913,1.1840020306408405,34.76699930615723,115.87599874474108,4,1
1055,sign,34188.232833714,41.63900302955881,91.1839961190708,43.44800254330039,5.699002940673381,181.97000463260338,4,1
1056,sign,34188.475552446,68.23400326538831,97.7589952526614,2.1040032152086496,54.55099744722247,222.64799918048084,5,1
1057,sign,34188.743743192,91.45900548901409,163.32599625457078,375.4740027943626,9.320996468886733,639.5800010068342,5,1
1058,sign,34188.771467621,90.1160019566305,176.97999282972887,53.907002438791096,8.094000804703683,329.09699802985415,5,1
1059,sign,34188.798626807,45.45699630398303,84.46400170214474,33.440002880524844,4.270994395483285,167.6319952821359,5,1
1060,sign,34188.824306061,45.28800491243601,83.44299567397684,30.31200321856886,4.17899718740955,163.22200099239126,5,1
1061,sign,34188.851424797,74.1359981475398,127.17500067083165,48.11200051335618,7.164999260567129,256.58799859229475,5,1
1062,sign,34188.880566087,86.37300197733566,138.24400230078027,55.149997933767736,7.615999493282288,287.38300170516595,5,1
1063,sign,34188.906407517,51.18999979458749,141.74699754221365,50.743001338560134,7.711998478043824,251.3919971534051,5,1
1064,sign,34189.045607783,45.583998144138604,225.0990000902675,60.61000021873042,12.021002476103604,343.31400092924014,4,1
1065,sign,34189.074050468,38.327998481690884,81.73099922714755,30.530005460605025,3.712993930093944,154.3019970995374,4,1
1066,sign,34189.101572693,64.01800055755302,124.43400191841647,51.51799996383488,5.980000423733145,245.95000286353752,4,1
1067,sign,34189.13068865,63.25899448711425,123.97600221447647,2.311004209332168,52.29199450695887,241.83799541788176,5,1
1068,sign,34189.160400931,77.98199658282101,147.13899872731417,75.00799983972684,7.68699828768149,307.8159934375435,5,1
1069,sign,34189.188049095,76.10100146848708,115.91400107135996,47.03299782704562,6.898000719957054,245.94600108684972,5,1
1070,sign,34189.215133012,76.11299952259287,119.14199421880767,47.12500231107697,11.440002708695829,253.81999876117334,4,1
1071,sign,34189.242284303,62.505998357664794,111.64000170538202,47.94899723492563,5.865003913640976,227.96000121161342,4,1
1072,sign,34189.271690805,44.361004256643355,92.22899825545028,32.40299702156335,3.9100050344131887,172.90300456807017,4,1
1073,sign,34189.29822761,41.31400055484846,136.7820004816167,53.07099490892142,6.674003088846803,237.8409990342334,4,1
1074,sign,34189.326918503,39.20099698007107,96.72200394561514,32.62799873482436,7.592003385070711,176.14300304558128,3,1
1075,sign,34189.355173744,31.12199919996783,79.46400000946596,30.92000406468287,3.803994331974536,145.3099976060912,3,1
1076,sign,34189.384646755,33.14399509690702,92.31400326825678,33.6359953507781,3.6900019040331244,162.78399561997503,3,1
1077,sign,34189.415428312,59.33999636908993,168.3590016909875,666.2590021733195,11.666998034343123,905.62499826774,2,1
1078,sign,34189.443862947,24.925997422542423,71.85999857028946,33.77599932719022,3.0840019462630153,133.64599726628512,2,1
1079,sign,34189.473028156,25.911002012435347,76.98999979766086,34.361000871285796,2.997003321070224,140.25900600245222,2,1
1080,sign,34189.500533687,24.782995751593262,69.8100047884509,30.31699452549219,2.7990026865154505,127.7089977520518,2,1
1081,sign,34189.53089747,25.453999114688486,72.46799941640347,40.5429964303039,3.1279996619559824,141.59299462335184,2,1
1082,sign,34189.558901219,35.570999898482114,169.19299378059804,52.22400068305433,5.280999175738543,262.26899353787303,2,1
1083,sign,34189.59052249,24.14500340819359,70.8049992681481,32.76699862908572,3.9810038288123906,131.6980051342398,2,1
1084,sign,34189.618550789,24.576002033427358,69.3929978297092,31.078001484274864,2.9319999157451093,127.97900126315653,2,1
1085,sign,34189.649298391,25.440000172238797,90.41700104717165,34.80000304989517,3.25499422615394,153.91199849545956,2,1
1086,sign,34189.677613283,37.89800393860787,104.32799899717793,49.10099960397929,4.451998393051326,195.77900093281642,2,1
1087,sign,34189.708638482,25.376997655257583,73.92700354102999,46.41900159185752,4.3239997467026114,150.0470025348477,2,1
1088,sign,34189.736533957,25.736000679899007,73.29299842240289,30.94099520239979,2.8600043151527643,132.82999861985445,2,1
1089,sign,34189.763866975,40.27500108350068,128.47800098825246,56.657998356968164,4.782996256835759,230.19399668555707,2,1
1090,sign,34189.791249198,24.41799733787775,74.3830023566261,33.93899532966316,3.121000190731138,135.86099521489814,2,1
1091,sign,34189.821114027,34.59800063865259,138.4839997626841,53.973002650309354,5.265996151138097,232.32099920278415,2,1
1092,sign,34189.850165878,24.225999368354678,96.39000199967995,48.08099765796214,3.989000106230378,172.68599913222715,2,1
1093,sign,34189.878800295,23.672000679653138,76.60099799977615,31.41199704259634,2.8950016712769866,134.57999739330262,2,1
1094,sign,34189.906162948,50.48399907536805,134.3360054306686,53.1069963471964,4.232002538628876,242.15900339186192,2,1
1095,sign,34189.934298508,37.30999742401764,104.95400056242943,49.0079983137548,4.4570042518898845,195.72900055209175,2,1
1096,sign,34189.961398579,43.765001464635134,118.8690002891235,54.88500028150156,4.836998414248228,222.35600044950843,2,1
1097,sign,34189.989741351,23.001004592515528,69.1029999870807,30.596995202358812,2.910004695877433,125.61100447783247,2,1
1098,sign,34190.018377571,23.3229948207736,70.1970056979917,32.50499867135659,2.934997610282153,128.95999680040404,2,1
1099,sign,34190.047596853,25.282002752646804,74.05899668810889,34.22699955990538,3.0230003176257014,136.59099931828678,2,1
1100,sign,34190.07745217,25.264002033509314,95.08500079391524,53.00199700286612,4.615998477675021,177.9669983079657,2,1
1101,sign,34190.106364507,23.32800067961216,68.76399856992066,30.087001505307853,2.8750000637955964,125.05400081863627,2,1
1102,sign,34190.135191265,24.576002033427358,74.29599645547569,30.36200359929353,3.2320022000931203,132.4660042882897,2,1
1103,sign,34190.162592466,44.10400288179517,121.40200124122202,52.69300163490698,4.582994733937085,222.78200049186125,2,1
1104,sign,34190.191599243,25.738001568242908,77.40499859210104,32.14000025764108,3.116998414043337,138.39999883202836,2,1
1105,sign,34190.220964042,54.9930045963265,151.10200183698907,59.620993852149695,5.268004315439612,270.9840046009049,2,1
1106,sign,34190.251838297,49.91899913875386,148.76500063110143,53.238996770232916,4.70800296170637,256.6309995017946,2,1
1107,sign,34190.281199926,39.002996345516294,133.04100139066577,55.38199911825359,5.050002073403448,232.4759989278391,1,1
1108,sign,34190.314267233,28.998001653235406,120.76299753971398,49.72700116923079,3.7089994293637574,203.19699979154393,1,1
1109,sign,34190.343848365,27.02599886106327,99.51499669114128,1648.4049992868677,6.286005373112857,1781.232000212185,1,1
1110,sign,34190.375739694,24.106004275381565,133.3149994025007,79.45000106701627,5.1579991122707725,242.0290038571693,1,1
1111,sign,34190.405583356,25.628003641031682,104.36899901833385,59.34599903412163,4.398003511596471,193.74100520508364,1,1
1112,sign,34190.437520723,21.83800097554922,93.56800001114607,51.03500006953254,3.3899996196851134,169.83100067591295,1,1
1113,sign,34190.469951746,486.9399999734014,139.82800010126084,604.5019981684163,6.2069957493804395,1237.476993992459,1,1
1114,sign,34190.49994343,46.43099964596331,170.07400310831144,78.1499984441325,5.583999154623598,300.23900035303086,1,1
1115,sign,34190.528630067,47.82100586453453,156.4089980092831,60.67499634809792,4.339002771303058,269.2440029932186,1,1
1116,sign,34190.555418089,44.62699871510267,151.5709955128841,57.30500561185181,4.756999260280281,258.2599991001189,1,1
1117,sign,34190.586041286,48.83100336883217,169.02299830690026,81.74899994628504,6.292997568380088,305.89599919039756,1,1
1118,sign,34190.614439746,55.14499935088679,171.6129991109483,65.87299867533147,5.499001417774707,298.12999855494127,1,1
1119,sign,34190.646228971,33.60899427207187,115.43500295374542,38.658996345475316,3.2960015232674778,190.9989950945601,1,1
1120,sign,34190.675092355,34.69199873507023,111.38700210722163,37.5360032194294,3.05499997921288,186.67000404093415,1,1
1121,sign,34190.702822706,39.045000448822975,117.30800179066136,39.868995372671634,3.368004399817437,199.5900020119734,1,1
1122,sign,34190.733743943,60.50900265108794,184.26099995849654,82.97299791593105,6.1730024754069746,333.9160030009225,1,1
1123,sign,34190.762396902,57.384000683669,347.30599873000756,113.8580046244897,5.436995706986636,523.9849997451529,1,1
1124,sign,34190.78972268,42.17900277581066,150.1320002716966,54.07899880083278,4.4769985834136605,250.8670004317537,1,1
1125,sign,34190.817418864,48.18900197278708,154.4920014566742,52.19999729888514,4.582005203701556,259.46300593204796,1,1
1126,sign,34190.846832707,52.187002438586205,181.2880000215955,55.20299600902945,4.5670021791011095,293.24500064831227,1,1
1127,sign,34190.87513043,60.62299507902935,169.00800255825743,54.25800191005692,4.7290013753809035,288.6180009227246,1,1
1128,sign,34190.902753238,37.04499977175146,118.56700439238921,38.60899596475065,3.434004611335695,197.655004740227,1,1
1129,sign,34190.930081422,33.37800444569439,112.33700206503272,37.53399505512789,3.0900046112947166,186.3390061771497,1,1
1130,sign,34190.95685193,41.61799733992666,135.99100202554837,36.815996281802654,3.4460026654414833,217.87099831271917,1,1
1131,sign,34190.985468852,40.666003769729286,122.15999595355242,35.90399865061045,3.334003849886358,202.06400222377852,1,1
1132,sign,34191.0141839,53.93799801822752,176.5120032359846,70.55299647618085,5.332003638613969,306.33500136900693,1,1
1133,sign,34191.043304071,49.81000529369339,135.6049979222007,38.37799886241555,3.8630023482255638,227.65600442653522,1,1
1134,sign,34191.070587839,35.579003451857716,116.20099394349381,37.89000038523227,3.001005097758025,192.67100287834182,1,1
1135,sign,34191.100235043,60.49199873814359,174.75400090916082,55.57599797612056,4.68800135422498,295.50999897764996,1,1
1136,sign,34191.127447231,38.27899490715936,128.05400183424354,36.946003092452884,3.6809942685067654,206.95999410236254,1,1
1137,sign,34191.155398069,34.93599797366187,76.28000457771122,1.6549965948797762,38.44500315608457,151.31600230233744,2,1
1138,sign,34191.182490536,47.17900446848944,128.29199840780348,37.09000156959519,4.321998858358711,216.8830033042468,2,1
1139,sign,34191.207817603,53.07000537868589,119.55499940086156,42.687999666668475,4.169996827840805,219.48300127405673,2,1
1140,sign,34191.233106543,44.76100002648309,118.08600538643077,35.73199501261115,3.535002178978175,202.11400260450318,2,1
1141,sign,34191.259343778,52.81699850456789,143.83799862116575,57.64399975305423,6.255999323911965,260.55499620269984,2,1
1142,sign,34191.2870636,69.87799861235544,179.7360018827021,66.3699975120835,6.2250037444755435,322.2090017516166,2,1
1143,sign,34191.315445269,47.36900154966861,123.88500181259587,38.79999712808058,4.052999429404736,214.1069999197498,2,1
1144,sign,34191.342815707,46.61399725591764,127.69200111506507,61.863996961619705,6.266003765631467,242.43599909823388,2,1
1145,sign,34191.372050692,51.95099947741255,129.5690017286688,36.874000215902925,4.151996108703315,222.5459975306876,2,1
1146,sign,34191.405504654,80.63299901550636,169.98100181808695,55.43400038732216,6.0300008044578135,312.0780020253733,2,1
1147,sign,34191.436055833,69.35899727977812,182.06499953521416,56.103999668266624,5.777001206297427,313.30499768955633,2,1
1148,sign,34191.463481877,61.53400317998603,162.8600002732128,54.23899710876867,5.734000296797603,284.3670008587651,2,1
1149,sign,34191.489811533,62.475999584421515,194.8549979715608,55.3070058231242,5.787995178252459,318.425998557359,2,1
1150,sign,34191.517588421,53.23900404619053,130.87000115774572,40.626000554766506,4.6009954530745745,229.33600121177733,2,1
1151,sign,34191.545548623,60.616999689955264,193.2599989231676,93.43300189357251,7.134003681130707,354.44400418782607,2,1
1152,sign,34191.573230503,50.60699913883582,132.3019969277084,38.82199962390587,4.19899879489094,225.929994485341,2,1
1153,sign,34191.601081089,48.1570023111999,123.74899961287156,37.26399881998077,3.916997229680419,213.08699797373265,2,1
1154,sign,34191.628000219,59.9449995206669,128.19499534089118,35.42500053299591,4.182998964097351,227.74799435865134,2,1
1155,sign,34191.658609693,50.36500078858808,129.50500240549445,37.94000076595694,4.317000275477767,222.12700423551723,2,1
1156,sign,34191.690501704,54.325006203725934,140.96499944571406,39.717997424304485,4.479996277950704,239.48799935169518,2,1
1157,sign,34191.914776818,80.26599971344694,122.69500439288095,1.9079961930401623,72.11499905679375,276.9839993561618,3,1
1158,sign,34191.940559236,92.18500053975731,189.63099864777178,52.130999392829835,6.813002983108163,340.7600015634671,3,1
1159,sign,34192.0602536,94.72799865761772,210.53400269011036,91.94499580189586,9.904004400596023,407.11100155021995,3,1
1160,sign,34192.087380683,50.24699930800125,121.50800466770306,36.78699431475252,4.420006007421762,212.9620042978786,3,1
1161,sign,34192.113410826,50.914997700601816,126.16199819603935,35.451004805509,4.4100015657022595,216.93800226785243,3,1
1162,sign,34192.139323472,52.03199543757364,120.67500210832804,32.149997423402965,4.203000571578741,209.0599955408834,3,1
1163,sign,34192.16529118,54.084004659671336,125.12900138972327,35.07899964461103,4.7489957069046795,219.04100140091032,3,1
1164,sign,34192.196822976,57.35000013373792,141.26099995337427,39.73499406129122,5.0860035116784275,243.43199766008183,3,1
1165,sign,34192.227109381,65.90500561287627,133.01499711815268,37.015000998508185,4.622997948899865,240.558001678437,3,1
1166,sign,34192.259607609,73.78500595223159,177.83299699658528,46.18599632522091,4.760004230774939,302.5640035048127,3,1
1167,sign,34192.291492513,68.47799522802234,140.40899986866862,39.24900374840945,4.861998604610562,252.99799744971097,3,1
1168,sign,34192.324244596,94.11999781150371,198.83500499418005,134.88699914887547,6.627000402659178,434.4690023572184,3,1
1169,sign,34192.355812568,58.20200021844357,138.52499978384003,41.1040018661879,4.658999387174845,242.49000125564635,3,1
1170,sign,34192.387749879,52.43600026005879,127.99799878848717,38.468999264296144,4.586996510624886,223.489994823467,3,1
1171,sign,34192.41942076,50.95999949844554,127.18099605990574,36.839999665971845,4.069006536155939,219.05000176047906,3,1
1172,sign,34192.45148208,64.31599467759952,150.01800056779757,39.06799975084141,4.961002559866756,258.36299755610526,3,1
1173,sign,34192.482990459,67.81500269426033,134.70599515130743,39.03600008925423,4.630004696082324,246.18700263090432,3,1
1174,sign,34192.514258672,55.36499520530924,133.59600416151807,37.028999940957874,4.483001248445362,230.47300055623055,3,1
1175,sign,34192.546012181,57.67399852629751,130.95599570078775,37.66900044865906,4.469999112188816,230.76899378793314,3,1
1176,sign,34192.57744829,80.51499753491953,206.27900084946305,325.2870010328479,8.219001756515354,620.3000011737458,3,1
1177,sign,34192.607606368,59.47699537500739,138.22700566379353,38.414997106883675,7.88200122769922,244.00099937338382,2,1
1178,sign,34192.637063515,65.5289986752905,198.08900105999783,86.01800072938204,9.614996088203043,359.2509965528734,2,1
1179,sign,34192.663659,59.048004914075136,163.7839959585108,55.40200072573498,5.8730001910589635,284.10700178937986,1,1
1180,sign,34192.689477899,48.31799742532894,163.76499843318015,58.78900265088305,4.923000233247876,275.79499874264,1,1
1181,sign,34192.717423117,58.573001297190785,172.7459966787137,55.94300455413759,5.024994607083499,292.2869971371256,1,1
1182,sign,34192.744178414,40.93099414603785,121.70200352557003,39.0130007872358,3.8529979065060616,205.49899636534974,1,1
1183,sign,34192.771653911,57.42200301028788,163.75900304410607,55.15399971045554,5.231995601207018,281.5670013660565,1,1
1184,sign,34192.7979934,50.814000132959336,148.91199680278078,51.11099744681269,3.8240032154135406,254.66099759796634,1,1
1185,sign,34192.82322223,41.1689979955554,144.52000323217362,50.119000661652535,3.6950004869140685,239.50300237629563,1,1
1186,sign,34192.850403278,41.477003833279014,157.56100037833676,51.554998208303005,4.576002538669854,255.16900495858863,1,1
1187,sign,34192.878130757,51.40999564900994,158.85400352999568,55.28600013349205,4.654000804293901,270.2040001167916,1,1
1188,sign,34192.907845876,41.76500078756362,132.40599946584553,39.121005102060735,3.4009935916401446,216.69299894711003,1,1
1189,sign,34192.939616167,31.440999009646475,120.46199844917282,36.61499795271084,3.0220035114325583,191.5399989229627,1,1
1190,sign,34192.970283835,46.460001613013446,155.06499767070636,51.91200034460053,3.439003194216639,256.876002822537,1,1
1191,sign,34193.001311474,35.61699850251898,109.64600369334221,36.680998164229095,2.9479997465386987,184.89200010662898,1,1
1192,sign,34193.03248265,38.195001252461225,122.65899567864835,37.881000025663525,3.154003934469074,201.88900089124218,1,1
1193,sign,34193.063630175,37.941004848107696,112.59299935773015,36.27499972935766,2.986998879350722,189.79600281454623,1,1
1194,sign,34193.09493925,37.71100455196574,132.8610014752485,37.30999742401764,3.4810000215657055,211.36300347279757,1,1
1195,sign,34193.125194088,38.486999983433634,121.04399502277374,36.61300434032455,3.1239978852681816,199.2679972318001,1,1
1196,sign,34193.154169211,45.33600440481678,155.26799688814208,54.30100281955674,4.907000402454287,259.8120045149699,1,1
1197,sign,34193.180341064,40.96100019523874,143.9500047126785,50.982998800463974,3.8379948819056153,239.73199859028682,1,1
1198,sign,34193.207078711,48.7790020997636,151.95299783954397,49.75699994247407,3.9709993870928884,254.45999926887453,1,1
1199,sign,34193.233107212,61.48000102257356,188.64400044549257,55.04200089490041,5.039997631683946,310.2059999946505,1,1
1200,sign,34193.262593156,39.280996134039015,119.71400090260431,36.78999928524718,3.298002411611378,199.08299873350188,1,1
1201,sign,34193.291526127,40.406994230579585,120.2080020448193,38.12900104094297,3.396999090909958,202.1409964072518,1,1
1202,sign,34193.317919684,36.29500133683905,122.93899635551497,35.63400241546333,2.8430004022084177,197.71100051002577,1,1
1203,sign,34193.344565277,30.933995731174946,110.2840033126995,36.334997275844216,2.7389978640712798,180.29199418378994,1,1
1204,sign,34193.372662953,54.08900324255228,162.5439981580712,54.14999759523198,4.82500036014244,275.6079993559979,1,1
1205,sign,34193.40309775,41.02799721295014,123.09400335652754,37.156001781113446,3.5039993235841393,204.78200167417526,1,1
1206,sign,34193.432779491,41.11599992029369,123.07200086070225,35.835000744555146,3.316999936942011,203.3400014624931,1,1
1207,sign,34193.459965103,47.5209963042289,170.33100448315963,38.17000106209889,3.873996320180595,259.895998169668,1,1
1208,sign,34193.485794834,58.445999457035214,177.69000260159373,60.99299935158342,5.194997356738895,302.32399876695126,1,1
1209,sign,34193.515557272,42.58099943399429,125.43000048026443,39.929000195115805,3.9480000850744545,211.88800019444898,1,1
1210,sign,34193.546527081,39.945000025909394,118.49099973915145,35.87800165405497,3.4039985621348023,197.7179999812506,1,1
1211,sign,34193.57304413,36.25899989856407,114.71800098661333,35.07100336719304,3.1059971661306918,189.15400141850114,1,1
1212,sign,34193.59990484,31.56400634907186,118.66199929499999,35.08699592202902,2.77700019069016,188.09000175679103,1,1
1213,sign,34193.62537774,53.659001423511654,162.81200078083202,54.73900091601536,5.194997356738895,276.40500047709793,1,1
1214,sign,34193.654572776,41.797997255343944,120.85399794159457,35.43700586305931,3.379995177965611,201.46899623796344,1,1
1215,sign,34193.684341761,39.49699748773128,123.0710040545091,39.28999649360776,3.7140052882023156,205.57200332405046,1,1
1216,sign,34193.711193364,38.08500332525,118.31899610115215,36.3870058208704,3.6720011848956347,196.46300643216819,1,1
1217,sign,34193.737769675,32.89199958089739,112.3649999499321,34.24500027904287,3.1760064302943647,182.67800624016672,1,1
1218,sign,34193.763914998,42.685998778324574,169.76000188151374,39.84000068157911,4.086999979335815,256.37300132075325,1,1
1219,sign,34193.794902113,33.21999975014478,141.1320045008324,45.24800169747323,3.7819991121068597,223.38200506055728,1,1
1220,sign,34193.820858615,41.4890018873848,136.96699897991493,39.02999742422253,3.469001967459917,220.95500025898218,1,1
1221,sign,34193.847068861,39.314996683970094,124.74600225687027,35.95899761421606,3.3999967854470015,203.41999334050342,1,1
1222,sign,34193.873323551,35.796998417936265,113.90000145183876,34.97499710647389,2.888002200052142,187.55999917630106,1,1
1223,sign,34193.899424774,40.762999560683966,120.61400047969073,43.87499939184636,483.3120037801564,688.5640032123774,1,1
1224,sign,34193.928593325,53.06799721438438,166.06200370006263,58.184996305499226,4.944005922880024,282.25900314282626,1,1
1225,sign,34193.955389175,53.562005632556975,142.2179993824102,36.15499736042693,3.598004695959389,235.5330070713535,1,1
1226,sign,34193.982700873,42.09300095681101,132.731998746749,42.204999772366136,3.6199999158270657,220.64999939175323,1,1
1227,sign,34194.009908228,46.193999878596514,148.63700198475271,40.5509999836795,3.007997293025255,238.389999140054,1,1
1228,sign,34194.03838771,45.8149952464737,132.11899931775406,38.36700489046052,3.5279954317957163,219.828994886484,1,1
1229,sign,34194.066276141,45.259999751579016,109.12599827861413,1.9690050976350904,58.05899854749441,214.41400167532265,2,1
1230,sign,34194.09300892,50.020003982353956,133.12800001585856,37.17999788932502,4.43200406152755,224.7600059490651,2,1
1231,sign,34194.119471171,44.71200372790918,123.53200145298615,35.345998185221106,3.9049991755746305,207.49500254169106,2,1
1232,sign,34194.145509875,46.10500036505982,130.61099889455363,39.50599784730002,5.123998562339693,221.34599566925317,2,1
1233,sign,34194.174397532,66.56600453425199,172.084997757338,55.53699884330854,5.5580021580681205,299.74600329296663,2,1
1234,sign,34194.202816552,67.64399586245418,181.3630005926825,64.94999979622662,6.929003575351089,320.8859998267144,2,1
1235,sign,34194.231764815,43.91500260680914,121.2579954881221,38.10400085058063,4.07799961976707,207.35499856527895,2,1
1236,sign,34194.258311853,47.47099592350423,124.96000272221863,37.79699909500778,4.383997293189168,214.6119950339198,2,1
1237,sign,34194.367477765,44.46099774213508,122.31000437168404,36.45599645096809,3.783003194257617,207.01000175904483,2,1
1238,sign,34194.400541454,46.10099858837202,130.14500291319564,38.17199467448518,3.660003130789846,218.07799930684268,2,1
1239,sign,34194.432642706,78.98899639258161,183.47900186199695,984.858997981064,7.400005415547639,1254.7270016511902,2,1
1240,sign,34194.463562316,66.8279972160235,181.1520050978288,64.5929976599291,6.888003554195166,319.4610035279766,2,1
1241,sign,34194.490515202,55.457996495533735,132.8510043094866,35.5829979525879,3.758999810088426,227.65099856769666,2,1
1242,sign,34194.516900317,50.63400021754205,141.2740020896308,52.69999383017421,5.943998985458165,250.55199512280524,2,1
1243,sign,34194.543813436,47.19199932878837,124.11199713824317,41.70800093561411,4.203000571578741,217.2149979742244,2,1
1244,sign,34194.5717167,78.2570059527643,199.95299953734502,71.12299499567598,6.848000339232385,356.1810008250177,2,1
1245,sign,34194.598609644,49.54599717166275,130.61999925412238,36.99999797390774,4.11800283472985,221.2839972344227,2,1
1246,sign,34194.62618785,47.23799793282524,131.0599982389249,1.4850011211819947,40.3380036004819,220.12100089341402,3,1
1247,sign,34194.653670344,50.374997954349965,136.50400069309399,33.01800461485982,4.298999556340277,224.19600281864405,3,1
1248,sign,34194.678882095,51.38699634699151,147.61200145585462,33.24000135762617,4.7149951569736,236.9539943174459,3,1
1249,sign,34194.705474573,57.777004258241504,148.46299745840952,34.664997656363994,4.309003998059779,245.2140033710748,3,1
1250,sign,34194.732244645,81.409998529125,207.47900271089748,53.23900404619053,7.048998668324202,349.1770039545372,3,1
1251,sign,34194.760463922,55.08899630513042,147.49300316907465,35.61899939086288,4.530003934632987,242.73100279970095,3,1
1252,sign,34194.787023903,54.039999668020755,144.43599502556026,34.169002901762724,4.246001481078565,236.8909990764223,3,1
1253,sign,34194.812714531,52.43700434220955,144.50699381995946,40.87699926458299,4.732006345875561,242.55300377262756,3,1
1254,sign,34194.839841599,93.7369986786507,372.1530010807328,70.92799933161587,7.812996045686305,544.6309951366857,3,1
1255,sign,34194.872993011,72.89700442925096,162.56899834843352,37.831996451132,4.9959999159909785,278.29399914480746,3,1
1256,sign,34194.90057769,57.31199780711904,151.67499805102125,36.871999327559024,4.568006261251867,250.42700144695118,3,1
1257,sign,34194.928320432,56.21500167762861,151.78199828369543,37.254998460412025,5.08499942952767,250.33699785126373,3,1
1258,sign,34194.9562555,84.25700070802122,417.28599899215624,187.01700173551217,7.07499566487968,695.6349971005693,3,1
1259,sign,34194.987850649,83.40200292877853,193.40300059411675,41.13299655728042,4.993999027647078,322.9319991078228,3,1
1260,sign,34195.014384522,59.05100260861218,164.2339993850328,40.73099989909679,6.187998224049807,270.2040001167916,3,1
1261,sign,34195.12980079,68.79800639580935,249.3879946996458,2.4140026653185487,61.18600140325725,381.78600516403094,4,1
1262,sign,34195.158650579,70.38800686132163,166.26699652988464,38.91500091413036,9.092000254895538,284.66200456023216,3,1
1263,sign,34195.190801292,88.40499504003674,227.6599989272654,58.6300011491403,7.260998245328665,381.9559933617711,3,1
1264,sign,34195.22046432,104.53799768583849,848.3679994242266,78.16799916327,7.857001037336886,1038.930997310672,3,1
1265,sign,34195.251047049,82.47399819083512,218.25300063937902,64.06399916158989,8.13599763205275,372.9269956238568,3,1
1266,sign,34195.281542043,95.57999874232337,251.63400277961046,63.64100408973172,13.712997315451503,424.56800292711705,2,1
1267,sign,34195.310345523,48.51199628319591,128.14200454158708,1.467997208237648,39.395003113895655,217.5170011469163,3,1
1268,sign,34195.338429627,64.09199704648927,166.75300139468163,40.82999657839537,5.682006303686649,277.3570013232529,3,1
1269,sign,34195.366160991,88.55200576363131,234.7999979974702,63.19300155155361,7.68699828768149,394.2320036003366,3,1
1270,sign,34195.400189715,58.131998230237514,153.0599984107539,39.65000360039994,4.78699803352356,255.62899827491492,3,1
1271,sign,34195.432167149,57.65999958384782,159.34599650790915,38.398997276090086,4.7000066842883825,260.10500005213544,3,1
1272,sign,34195.460516413,55.24800508283079,151.758998981677,37.71099727600813,4.665998858399689,249.3840001989156,3,1
1273,sign,34195.49146248,77.00800051679835,208.52199668297544,57.27499956265092,6.837006367277354,349.64200312970206,3,1
1274,sign,34195.520379489,81.6590036265552,270.74899844592437,84.54199996776879,8.422997780144215,445.3729998203926,3,1
1275,sign,34195.549857155,78.91999848652631,236.87400243943557,93.63699791720137,7.728005584795028,417.1590044279583,3,1
1276,sign,34195.580679537,82.72199920611456,216.5769983548671,70.5010024830699,7.1879985625855625,376.9879986066371,3,1
1277,sign,34195.608355928,63.706000219099224,173.72799629811198,51.84700421523303,5.469999450724572,294.7510001831688,3,1
1278,sign,34195.637584654,67.8489959682338,1016.5019994019531,60.57199789211154,6.715003110002726,1151.6379963723011,3,1
1279,sign,34195.670476333,78.35499854991212,2524.165000068024,94.98000144958496,8.367998816538602,2705.8679988840595,3,1
1280,sign,34195.701694284,68.26000026194379,174.04399841325358,57.23500362364575,16.960999346338212,316.5000016451813,3,1
1281,sign,34195.731178643,54.807002015877515,151.45799989113584,38.19799894699827,4.554000042844564,249.0170008968562,3,1
1282,sign,34195.760328825,56.49199738400057,178.20100038079545,40.75300239492208,8.661998435854912,284.107998595573,2,1
1283,sign,34195.792350029,78.15500430297107,227.1209959872067,63.53799835778773,6.740003300365061,375.55400194833055,2,1
1284,sign,34195.821997875,86.26400085631758,270.88200295111164,67.38399679306895,7.196002115961164,431.72600271645933,2,1
1285,sign,34195.850944203,70.05999941611663,124.26700413925573,2.788001438602805,70.88799611665308,268.00300111062825,3,1
1286,sign,34195.879928668,99.54399865819141,232.82100301003084,68.22199793532491,8.374998287763447,408.9619978913106,3,1
1287,sign,34195.908848807,99.05399929266423,224.59100000560284,63.42900451272726,8.251001418102533,395.32500522909686,3,1
1288,sign,34195.940809896,88.38600479066372,204.07199917826802,65.5269977869466,7.0259993663057685,365.0110011221841,3,1
1289,sign,34195.972282655,82.47000369010493,212.58699416648597,61.31800182629377,7.8599987318739295,364.2349984147586,3,1
1290,sign,34196.000853878,63.92700015567243,200.52499894518405,41.43099795328453,9.358998795505613,315.2419958496466,3,1
1291,sign,34196.030574851,54.983000154607,152.0529986009933,38.72100205626339,4.294997779652476,250.05199859151617,3,1
1292,sign,34196.061076537,93.45199941890314,304.2699972866103,222.20700338948518,12.552998668979853,632.4819987639785,2,1
1293,sign,34196.091734548,49.17700425721705,131.65499694878235,42.3439996666275,4.86300268676132,228.03900355938822,2,1
1294,sign,34196.120028197,47.301997255999595,135.98800433101133,42.794999899342656,4.374996933620423,230.459998419974,2,1
1295,sign,34196.147186941,51.98299913899973,138.9480021316558,41.173996578436345,4.3000036384910345,236.40500148758292,2,1
1296,sign,34196.176905935,75.77400538139045,199.92499437648803,61.03000487200916,6.62199454382062,343.35099917370826,2,1
1297,sign,34196.204802558,55.12800271390006,140.68999735172838,55.57099939323962,4.80900052934885,256.1979999882169,2,1
1298,sign,34196.235768483,114.67299918876961,160.31200357247144,70.67900151014328,7.381000614259392,353.0450048856437,2,1
1299,sign,34196.265099347,64.23200102290139,140.08199650561437,49.37300400342792,4.850000550504774,258.53700208244845,2,1
1300,sign,34196.293153377,79.81499948073179,242.04600049415603,70.75799658196047,6.911002856213599,399.5299994130619,2,1
1301,sign,34196.32379473,69.51199611648917,203.7960002780892,71.88500603660941,6.7689979914575815,351.96200042264536,2,1
1302,sign,34196.352980361,128.30399646190926,261.14000502275303,208.5719970637001,7.333001121878624,605.348999670241,2,1
1303,sign,34196.38347254,70.60499774524942,186.9789994088933,68.41700087534264,66.90999725833535,392.9109952878207,2,1
1304,sign,34196.414154738,69.45899804122746,192.81100685475394,68.4629994793795,6.415997631847858,337.14900200720876,2,1
1305,sign,34196.448750279,72.74500239873305,207.38099556183442,70.11900015641004,7.333001121878624,357.57799923885614,2,1
1306,sign,34196.478625632,54.25299605121836,141.24700101092458,43.22900349507108,4.704997991211712,243.43399854842573,2,1
1307,sign,34196.50924535,56.26600614050403,148.022998473607,48.29799581784755,4.980000085197389,257.567000517156,2,1
1308,sign,34196.537961373,81.0450001154095,190.7820042106323,63.22899571387097,6.483001925516874,341.53900196542963,2,1
1309,sign,34196.569335992,75.00500214518979,197.0430021174252,429.5879989513196,8.918003004509956,710.5540062184446,1,1
1310,sign,34196.600154618,47.76000423589721,177.0469971233979,65.12200343422592,4.866000381298363,294.7950051748194,1,1
1311,sign,34196.630151932,40.82800296600908,136.69399777427316,45.43900286080316,11.436000932008028,234.39700453309342,1,1
1312,sign,34196.658928887,46.26699956133962,181.01299792760983,52.00900341151282,4.197994712740183,283.48699561320245,1,1
1313,sign,34196.68583577,44.6860067313537,148.88899750076234,42.458996176719666,4.39400173490867,240.42800214374438,1,1
1314,sign,34196.715124077,46.09099414665252,137.10500206798315,41.667000914458185,3.745000867638737,228.6079979967326,1,1
1315,sign,34196.744796482,74.03700146824121,452.3249954218045,103.80899766460061,8.217000868171453,638.3879954228178,1,1
1316,sign,34196.89735288,52.24200140219182,147.3380034440197,42.94499376555905,4.006004019174725,246.5310026309453,1,1
1317,sign,34196.926039911,45.31100421445444,137.71699741482735,42.63500159140676,3.7399950088001788,229.40299822948873,1,1
1318,sign,34196.955530396,67.12500180583447,203.40199989732355,65.50199759658426,6.460999429691583,342.48999872943386,1,1
1319,sign,34196.983384005,42.10600309306756,160.31300037866458,60.790000134147704,4.221001290716231,267.4300048965961,1,1
1320,sign,34198.443530754,41.51600296609104,125.25799684226513,1.4420002116821706,37.675003113690764,205.8910031337291,2,1
1321,sign,34198.468421262,52.9750032001175,142.0760017936118,35.29099922161549,4.144996637478471,234.48700085282326,2,1
1322,sign,34198.84682864,50.63799471827224,238.2930033490993,33.661999623291194,4.43000317318365,327.0230008638464,2,1
1323,sign,34198.873083347,47.51799860969186,139.1729965689592,47.130997700151056,5.147005140315741,238.96899801911786,2,1
1324,sign,34198.898780932,53.07899846229702,147.82299695070833,44.21500489115715,4.118999640922993,249.2359999450855,2,1
1325,sign,34198.926199166,41.23499820707366,138.1760012009181,32.54399780416861,3.4800032153725624,215.43500042753294,2,1
1326,sign,34198.95197084,122.31599976075813,247.7730013197288,56.26200436381623,7.171998731791973,433.5230041760951,2,1
1327,sign,34198.97852184,64.77800343418494,190.8959966385737,50.92300125397742,5.48199750483036,312.0789988315664,2,1
1328,sign,34199.00420494,59.05300349695608,186.13799329614267,52.53400013316423,5.370005965232849,303.0950028914958,2,1
1329,sign,34199.030528972,53.41500218492001,178.2079998520203,52.338000386953354,5.187001079320908,289.14800350321457,2,1
1330,sign,34199.056513274,51.96299753151834,168.6649993644096,48.57900057686493,9.51700349105522,278.7240009638481,1,1
1331,sign,34199.081577842,48.44499926548451,149.00600217515603,51.57799751032144,4.330999217927456,253.35999816888943,1,1
1332,sign,34199.11159631,52.35400021774694,165.5509986449033,56.19999865302816,4.9489972298033535,279.05399474548176,1,1
1333,sign,34199.150834199,58.60400415258482,185.54100097389892,61.690996517427266,5.471003532875329,311.30700517678633,1,1
1334,sign,34199.180335292,52.529998356476426,178.89599985210225,62.08499689819291,5.389003490563482,298.89999859733507,1,1
1335,sign,34199.209337666,69.86500375205651,193.19300190545619,68.71099321870133,6.829002813901752,338.5980016901158,1,1
1336,sign,34199.23756251,54.38799416879192,174.82200200902298,59.04900172026828,5.219997547101229,293.4789954451844,1,1
1337,sign,34199.26444081,63.621999288443476,416.43499571364373,111.79700231878087,6.832997314631939,598.6869946355,1,1
1338,sign,34199.291852514,38.5410021408461,135.12700388673693,40.928993257693946,3.650005965027958,218.24700525030494,1,1
1339,sign,34199.31899674,49.769994802773,124.6149986400269,38.35900133708492,4.097004421055317,216.84099920094013,1,1
1340,sign,34199.347174752,49.30800059810281,163.86000061174855,351.19999665766954,4.711997462436557,569.0799953299575,1,1
1341,sign,34199.376252095,50.53100176155567,138.1050024065189,40.58299964526668,3.6130004446022213,232.83200425794348,1,1
1342,sign,34199.402159298,42.047999158967286,127.27799912681803,40.47900438308716,3.3659962355159223,213.1709989043884,1,1
1343,sign,34199.428749581,42.13899956084788,134.17300215223804,40.11300188722089,3.3309988793917,219.7560024796985,1,1
1344,sign,34199.455391623,39.26600038539618,119.1039991681464,39.323000237345695,3.1270028557628393,200.82000264665112,1,1
1345,sign,34199.483328073,50.11999746784568,171.57899856101722,62.933002482168376,5.148998752702028,289.7809972637333,1,1
1346,sign,34199.510202693,56.64599302690476,190.91500143986195,84.09500151174143,6.066999048925936,337.7229950274341,1,1
1347,sign,34199.536715256,50.121001549996436,166.892001288943,56.84999632649124,4.801004251930863,278.6640034173615,1,1
1348,sign,34199.56473756,38.61900040647015,121.05499627068639,39.28200021618977,3.711000317707658,202.66699721105397,1,1
1349,sign,34199.590293518,44.1960000898689,152.35799946822226,56.6829985473305,4.3430045479908586,257.5800026534125,1,1
1350,sign,34199.617160895,54.7399977222085,175.02000264357775,61.791994085069746,5.112000508233905,296.6639949590899,1,1
1351,sign,34199.645634817,61.033999372739345,202.83699996070936,79.05299571575597,5.619003786705434,348.5429988359101,1,1
1352,sign,34199.673114274,63.635998230893165,180.65299809677526,61.81599746923894,6.832000508438796,312.93699430534616,1,1
1353,sign,34199.703833878,54.42500696517527,193.9369976753369,60.22299930918962,5.312998837325722,313.8980027870275,1,1
1354,sign,34199.732015855,53.52500011213124,176.0890008881688,67.36499926773831,5.415997293312103,302.39499756135046,1,1
1355,sign,34199.763630049,67.0770023134537,167.6600004429929,39.44300260627642,4.067995178047568,278.2480005407706,1,1
1356,sign,34199.795776132,37.40000101970509,121.90699635539204,47.314002586063,4.309003998059779,210.9300039592199,1,1
1357,sign,34199.824891248,35.837001632899046,135.1750033791177,40.31799471704289,3.015004040207714,214.34500376926735,1,1
1358,sign,34199.851665677,43.11499651521444,127.21399980364367,37.04000118887052,3.5179982660338283,210.88699577376246,1,1
1359,sign,34199.877487988,41.671002691145986,125.42399781523272,39.99099862994626,3.66500171367079,210.75100084999576,1,1
1360,sign,34199.905150688,61.104001360945404,213.7080009561032,79.4139996287413,8.112998330034316,362.3390002758242,1,1
1361,sign,34199.93205929,46.564004151150584,192.37599917687476,74.88099799957126,5.2340037655085325,319.05500509310514,1,1
1362,sign,34199.960072098,46.02799890562892,173.83300291839987,57.65499372500926,5.095003871247172,282.6109994202852,1,1
1363,sign,34199.986561576,47.77799767907709,162.10100147873163,56.240998674184084,4.659006663132459,270.77900449512526,1,1
1364,sign,34200.012076129,48.333000449929386,158.78299745963886,55.45499880099669,4.674999217968434,267.2459959285334,1,1
1365,sign,34200.041132858,46.5199991595,162.55999798886478,55.03599822986871,4.23500023316592,268.3509956113994,1,1
1366,sign,34200.068759152,48.10999962501228,160.8219972695224,80.06000280147418,5.240995960775763,294.2329956567846,1,1
1367,sign,34200.096328222,41.633000364527106,152.25700190057978,56.347998906858265,3.731001925189048,253.9690030971542,1,1
1368,sign,34200.122767737,42.464002035558224,147.4739983677864,59.237005189061165,4.527995770331472,253.70300136273727,1,1
1369,sign,34200.149106263,66.54099706793204,198.13000108115375,56.420001783408225,5.06699871039018,326.1579986428842,1,1
1370,sign,34200.178162785,40.84099782630801,124.28199988789856,39.272003050427884,3.8380021578632295,208.2330029224977,1,1
1371,sign,34200.204644824,52.14400152908638,954.858995100949,97.05100092105567,5.897003575228155,1109.9510011263192,1,1
1372,sign,34200.232565211,40.726998122408986,119.31900371564552,36.233999708201736,3.07300069835037,199.3530022446066,1,1
1373,sign,34200.258930822,40.9640051657334,137.97499559586868,37.154000892769545,3.496999852359295,219.5900015067309,1,1
1374,sign,34200.28643742,64.57800191128626,184.07299648970366,55.56199903367087,5.227004294283688,309.4400017289445,1,1
1375,sign,34200.314795633,41.86799924355,127.0200009457767,50.314003601670265,5.217996658757329,224.4200004497543,1,1
1376,sign,34200.341269483,39.836006180848926,122.18699703225866,37.361001886893064,3.6679994082078338,203.05200450820848,1,1
1377,sign,34200.367762532,35.631004720926285,114.3769986811094,37.528996472246945,2.8700014809146523,190.40700135519728,1,1
1378,sign,34200.392819994,38.99999865097925,120.76200073352084,53.08099935064092,3.1560048228129745,215.99900355795398,1,1
1379,sign,34200.42018249,52.47000080998987,160.85099923657253,58.15999611513689,4.733003152068704,276.213999313768,1,1
1380,sign,34200.448106658,50.46300066169351,169.908998941537,87.56700117373839,5.9080048231408,313.8470056001097,1,1
1381,sign,34200.474993505,59.96900290483609,168.86500088730827,69.862995587755,8.675000572111458,307.3719999520108,1,1
1382,sign,34200.501694302,46.93099617725238,154.51000217581168,65.44899952132255,4.437002644408494,271.3270005187951,1,1
1383,sign,34200.527181243,47.873996663838625,158.65500608924776,60.63699402147904,5.2290051826275885,272.395001957193,1,1
1384,sign,34200.555124545,60.0200000917539,186.6390011855401,59.825004427693784,5.456000508274883,311.9400062132627,1,1
1385,sign,34200.580981056,62.264996813610196,167.60900325607508,56.24399636872113,5.014000635128468,291.1319970735349,1,1
1386,sign,34200.609342813,45.56299973046407,157.8800001880154,59.423000493552536,4.6670029405504465,267.53300335258245,1,1
1387,sign,34200.635899584,37.94600343098864,151.48899547057226,53.20000491337851,4.3359978008084,246.9710016157478,1,1
1388,sign,34200.661312716,33.4270007442683,132.0529991062358,50.24099664296955,4.164001438766718,219.88499793224037,1,1
1389,sign,34200.6881658,55.42500002775341,165.3970030019991,54.33899787021801,5.292000423651189,280.4530013236217,1,1
1390,sign,34200.715667297,41.67999577475712,152.21200010273606,53.92800085246563,4.421999619808048,252.24199634976685,1,1
1391,sign,34200.742061881,48.006004362832755,155.9369993628934,54.94499782798812,4.741996235679835,263.6299977893941,1,1
1392,sign,34200.769886014,40.22799839731306,156.52900037821382,54.16200292529538,3.673994797281921,254.59299649810418,1,1
1393,sign,34200.795435071,55.0620025023818,169.85100228339434,56.47699435940012,5.050998879596591,286.44099802477285,1,1
1394,sign,34200.82503242,57.66800313722342,177.80400230549276,59.07499871682376,5.992995284032077,300.539999443572,1,1
1395,sign,34200.856639168,61.455000832211226,250.42799825314432,617.9320043884218,5.174995749257505,934.9899992230348,1,1
1396,sign,34200.886291662,52.44000203674659,173.11600095126778,62.82699905568734,4.961999366059899,293.3450014097616,1,1
1397,sign,34200.915672043,55.6800005142577,196.20500097516924,63.76500095939264,5.080000846646726,320.7300032954663,1,1
1398,sign,34200.944067603,54.773001465946436,179.99400006374344,61.69999687699601,4.796005669049919,301.2630040757358,1,1
1399,sign,34200.975346018,60.10600191075355,182.15399904875085,67.5209957989864,5.779002094641328,315.55999885313213,1,1
1400,sign,34201.009686006,37.11899626068771,194.77800378808752,52.45100328465924,3.515997377689928,287.8640007111244,1,1
1401,sign,34201.044958313,62.19100032467395,189.79299784405157,65.33799751196057,5.576999683398753,322.89899536408484,1,1
1402,sign,34201.07306932,36.990997614338994,124.5320017915219,39.931001083459705,3.260000084992498,204.7140005743131,1,1
1403,sign,34201.100583958,48.459995014127344,180.60800357488915,57.17900057788938,4.740999429486692,290.9879985963926,1,1
1404,sign,34201.126329061,51.05799937155098,171.66000179713592,59.65599848423153,4.841000190936029,287.21499984385446,1,1
1405,sign,34201.155127643,52.5940049556084,166.89599578967318,54.61100226966664,4.793997504748404,278.8950005196966,1,1
1406,sign,34201.183525668,48.69099939242005,169.55000319285318,58.03499516332522,4.717003321275115,280.99300106987357,1,1
1407,sign,34201.210530353,46.043001930229366,153.64600403700024,54.68699964694679,4.260000423528254,258.63600603770465,1,1
1408,sign,34201.24121673,46.55500379158184,159.68099614838138,57.11799894925207,4.287001502234489,267.6410003914498,1,1
1409,sign,34201.269481952,57.78200284112245,176.38700228417292,58.830999478232116,5.574998795054853,298.57500339858234,1,1
1410,sign,34201.297706894,37.81799750868231,142.62799959396943,55.00399856828153,4.054003511555493,239.50399918248877,1,1
1411,sign,34201.32607836,39.19200389645994,148.56099733151495,52.4260030942969,3.821995051112026,244.00099937338382,1,1
1412,sign,34201.354920316,34.702999982982874,134.9930025753565,41.94899520371109,3.211003786418587,214.85600154846907,1,1
1413,sign,34201.382383881,55.79500430030748,152.5959960417822,65.02600444946438,5.199995939619839,278.6170007311739,1,1
1414,sign,34201.410016922,54.19400258688256,175.5600023898296,59.275997045915574,5.163004971109331,294.1930069937371,1,1
1415,sign,34201.437662358,41.610997868701816,158.75400276854634,52.60999751044437,4.0480008465237916,257.0229989942163,1,1
1416,sign,34201.463376103,41.044004319701344,151.21499745873734,52.511997637338936,4.074005119036883,248.8450045348145,1,1
1417,sign,34201.492860597,51.14699888508767,176.49700021138415,62.78700311668217,4.886998794972897,295.3180010081269,1,1
1418,sign,34201.520225261,47.93099651578814,194.4859977811575,64.18500561267138,4.7109933802857995,311.3129932899028,1,1
1419,sign,34201.547931615,42.98899875720963,140.31199680175632,45.12700252234936,3.5900011425837874,232.0179992238991,1,1
1420,sign,34201.575086558,46.17100057657808,138.31500109517947,42.502004362177104,4.320994776207954,231.3090008101426,1,1
1421,sign,34201.602326276,68.81300214445218,231.77199909696355,80.7309988886118,6.299000233411789,387.6150003634393,1,1
1422,sign,34201.632393272,42.91200457373634,130.14599971938878,40.99599755136296,3.4519980545155704,217.50599989900365,1,1
1423,sign,34201.661550423,42.00299736112356,124.95700502768159,37.33899939106777,3.7659992813132703,208.0650010611862,1,1
1424,sign,34201.687877299,34.632997994776815,126.37300096685067,39.635000575799495,3.406996256671846,204.04799579409882,1,1
1425,sign,34201.714215179,38.66000042762607,117.52199498005211,38.300000596791506,3.7040008464828134,198.1859968509525,1,1
1426,sign,34201.741032235,53.48200647858903,128.66999895777553,1056.4139956841245,7.255002856254578,1245.8210039767437,1,1
1427,sign,34201.772396771,42.82000008970499,125.75700384331867,38.136997318360955,3.9510050555691123,210.66500630695373,1,1
1428,sign,34201.801590993,41.777995647862554,128.82299779448658,38.08400651905686,3.2769967219792306,211.96199668338522,1,1
1429,sign,34201.827714927,39.62500341003761,124.64499741327018,36.546000046655536,3.3609976526349783,204.1769985225983,1,1
1430,sign,34201.853875306,34.31799996178597,124.51500515453517,38.237994886003435,2.97200313070789,200.04300313303247,1,1
1431,sign,34201.880773119,53.111994930077344,166.22600378468633,62.24199751159176,4.469999112188816,286.04999533854425,1,1
1432,sign,34201.910097227,35.119999665766954,119.61799464188516,37.836005503777415,3.1759991543367505,195.74999896576628,1,1
1433,sign,34201.939040381,41.205996240023524,134.79599874699488,36.71300510177389,3.3619944588281214,216.07699454762042,1,1
1434,sign,34201.965060035,36.527999327518046,120.2850035042502,37.416000850498676,3.0529990908689797,197.2820027731359,1,1
1435,sign,34201.991571739,37.566998798865825,117.52199498005211,38.51000656140968,3.139997716061771,196.7389980563894,1,1
1436,sign,34202.017942222,48.538000555709004,179.7399963834323,57.42799839936197,5.200003215577453,290.9059985540807,1,1
1437,sign,34202.045493374,34.455006243661046,115.48499605851248,35.48100357875228,2.973996743094176,188.39500262401998,1,1
1438,sign,34202.072250806,40.19799962406978,121.77100143162534,36.270001146476716,3.927001671399921,202.16600387357175,1,1
1439,sign,34202.09886876,38.02800347330049,129.7470007557422,40.011997043620795,3.464003384578973,211.25100465724245,1,1
1440,sign,34202.123883882,33.90900383237749,124.13799413479865,36.73200262710452,3.244000254198909,198.02300084847957,1,1
1441,sign,34202.15219904,53.641000704374164,170.1119981589727,54.9789983779192,4.369001544546336,283.1009987858124,1,1
1442,sign,34202.183707262,40.04800575785339,128.77499830210581,38.867998227942735,3.164997906424105,210.85600019432604,1,1
1443,sign,34202.213754159,53.01600322127342,142.93999993242323,43.77400182420388,4.621993866749108,244.35199884464964,1,1
1444,sign,34202.240719348,35.71999695850536,114.69399760244414,36.35499888332561,3.4320037229917943,190.2009971672669,1,1
1445,sign,34202.268168255,63.44899884425104,154.93299724766985,39.25299824913964,4.902001819573343,262.53699616063386,1,1
1446,sign,34202.296169131,56.597004004288465,175.04899733467028,64.62400051532313,5.464004061650485,301.73400591593236,1,1
1447,sign,34202.325557809,63.3489980828017,180.7649969123304,55.50900095840916,5.116002284921706,304.73899823846295,1,1
1448,sign,34202.353574415,37.603000237140805,118.18500206572935,39.8580014007166,3.1719973776489496,198.8180010812357,1,1
1449,sign,34202.380034901,36.858000385109335,119.93099906248972,35.63700011000037,2.978005795739591,195.40400535333902,1,1
1450,sign,34202.405333938,34.42600427661091,122.18299525557086,36.14100569393486,3.2899988582357764,196.0400040843524,1,1
1451,sign,34202.431792747,59.39900438534096,183.16700152354315,62.17899499461055,5.16100408276543,309.9060049862601,1,1
1452,sign,34202.457326687,48.79500193055719,173.49499830743298,67.40300159435719,5.558998964261264,295.2520007966086,1,1
1453,sign,34202.485761964,37.16100036399439,118.43299580505118,39.0960049116984,3.268993168603629,197.9589942493476,1,1
1454,sign,34202.512876566,35.76000017346814,122.72399908397347,39.1630019294098,2.8340000426396728,200.48100122949108,1,1
1455,sign,34202.538278176,45.3020038548857,142.25599443307146,46.057000872679055,3.565000952221453,237.18000011285767,1,1
1456,sign,34202.56506669,48.82700159214437,126.19799963431433,38.86299964506179,4.076006007380784,217.96400687890127,1,1
1457,sign,34202.590577821,37.93199721258134,120.12200022581965,42.79900167603046,3.5100019886158407,204.36300110304728,1,1
1458,sign,34202.620678354,40.91500159120187,117.66300303861499,37.00399975059554,3.216002369299531,198.79800674971193,1,1
1459,sign,34202.647115456,34.69800140010193,114.98000094434246,39.31100218323991,3.0059964046813548,191.99500093236566,1,1
1460,sign,34202.672630867,40.55400495417416,120.17200060654432,38.73199602821842,3.1430026865564287,202.60100427549332,1,1
1461,sign,34202.699870424,41.60800017416477,136.9949968648143,38.899997889529914,3.459004801698029,220.96199973020703,1,1
1462,sign,34202.725524222,43.33100514486432,156.13199502695352,44.7450001956895,4.034998710267246,248.24299907777458,1,1
1463,sign,34202.752479941,55.10099435923621,173.3490062179044,56.368000514339656,4.765999619849026,289.5840007113293,1,1
1464,sign,34202.778960574,57.157994888257235,166.82800196576864,56.15100235445425,5.108995537739247,285.24599474621937,1,1
1465,sign,34202.804204038,40.98999488633126,150.116000440903,53.437004680745304,4.229994374327362,248.77299438230693,1,1
1466,sign,34202.831560255,53.759998991154134,177.36800509737805,57.34499427489936,4.983005055692047,293.4560034191236,1,1
1467,sign,34202.857283824,42.95100370654836,152.03899965854362,53.02499630488455,4.540001100394875,252.5550007703714,1,1
1468,sign,34202.884026801,53.35499736247584,162.56800154224038,56.4459987799637,4.62999742012471,276.99899510480464,1,1
1469,sign,34202.910560282,43.821004510391504,148.83399853715673,54.4989961781539,4.435001756064594,251.58900098176673,1,1
1470,sign,34202.935890121,38.96300040651113,160.17100278986618,52.35199932940304,4.2100000428035855,255.69600256858394,1,1
1471,sign,34202.965429448,53.649004257749766,157.89699682500213,55.9980035177432,4.560999514069408,272.1050041145645,1,1
1472,sign,34202.997357601,45.12500163400546,154.02199642267078,53.82700328482315,4.403998900670558,257.37800024216995,1,1
1473,sign,34203.028362151,50.74799992144108,169.11999409785494,55.46200554817915,4.6499990276061,279.97999859508127,1,1
1474,sign,34203.055391291,51.931994676124305,166.46500444039702,57.48900002799928,4.478999471757561,280.36499861627817,1,1
1475,sign,34203.084912643,60.1980063947849,181.49199604522437,43.906002247240394,4.164998244959861,289.7610029322095,1,1
1476,sign,34203.117009942,87.81900396570563,300.3469973918982,65.52199920406565,6.0150050558149815,459.70300561748445,1,1
1,crossing,34129.030439792,1.6650010365992785,4.0000013541430235,1.9970029825344682,64.50100045185536,72.16300582513213,1,1
2,crossing,34129.157528968,351.21499968227,365.65600021276623,48.58500324189663,5.57400198886171,771.0300051257946,1,1
3,crossing,34129.292374562,82.744998508133,3.740002284757793,5.882000550627708,5.49799733562395,97.86499867914245,1,0
4,crossing,34129.424331486,49.96499774279073,2.487999154254794,4.648005415219814,5.299996701069176,62.40099901333451,1,0
5,crossing,34129.557857692,65.69499964825809,2.65800190391019,3.278997610323131,6.893998943269253,78.52599810576066,1,0
6,crossing,34129.698705668,61.50799890747294,2.6370034902356565,2.7469941414892673,5.704001523554325,72.59599806275219,0,0
7,crossing,34129.83235894,1.367996446788311,4.653003998100758,2.4479959392920136,1.2279997463338077,9.69699613051489,0,0
8,crossing,34129.957766736,2.043001586571336,4.818000888917595,2.2129970602691174,1.4760007616132498,10.550000297371298,0,0
9,crossing,34130.095841373,1.8020000425167382,4.78200672660023,2.101995050907135,1.4500037650577724,10.136005585081875,0,0
10,crossing,34130.217818305,2.3700049496255815,4.680994607042521,2.5330009520985186,1.034000888466835,10.618001397233456,0,0
11,crossing,34130.360433767,0.7850030669942498,3.7470017559826374,2.196997229475528,1.100997906178236,7.829999958630651,0,0
12,crossing,34130.491327462,1.5469995560124516,4.634006472770125,2.4849941837601364,1.277003320865333,9.943003533408046,0,0
13,crossing,34130.623829333,1.1789961718022823,4.401998012326658,1.9330036593601108,1.0360017768107355,8.549999620299786,0,0
14,crossing,34130.757132035,2.0029983716085553,4.866000381298363,2.736000169534236,1.1169977369718254,10.72199665941298,0,0
15,crossing,34130.886300531,1.2759992387145758,4.815003194380552,1.9189974409528077,1.010004780255258,9.020004654303193,0,0
16,crossing,34131.023997423,0.8179995347745717,7.84199801273644,2.0660008885897696,1.1160009307786822,11.841999366879463,0,0
17,crossing,34131.163114395,0.7449998520314693,2.4030014174059033,1.1899974197149277,0.9479990694671869,5.285997758619487,0,0
18,crossing,34131.297360692,1.3230019249022007,4.19699790654704,2.068998583126813,1.1600059224292636,8.749004337005317,0,0
19,crossing,34131.425309121,0.9310024324804544,3.950000973418355,2.1410014596767724,1.0250005288980901,8.047005394473672,0,0
20,crossing,34131.566953203,1.57699832925573,4.872999852523208,2.015003701671958,1.5789992175996304,10.044001101050526,0,0
21,crossing,34131.695287178,0.7659982657060027,4.200999683234841,2.3469983716495335,1.0700023267418146,8.383998647332191,0,0
22,crossing,34131.833437007,1.5120021998882294,4.854999133385718,2.219996531493962,1.0000003385357559,9.586998203303665,0,0
23,crossing,34131.953175343,1.082000380847603,3.9580045267939568,1.6849953681230545,1.14399881567806,7.868999091442674,0,0
24,crossing,34132.086693881,0.7650014595128596,3.9910009945742786,2.0849984139204025,1.1619995348155499,8.00300040282309,0,0
25,crossing,34132.21382696,1.196000084746629,4.039000486955047,1.9640065147541463,1.1259980965405703,8.325005182996392,0,0
26,crossing,34132.346820331,1.3150056474842131,4.185996658634394,2.53900361713022,1.181993866339326,9.221999789588153,0,0
27,crossing,34132.490404948,0.7979979272931814,4.151996108703315,2.139000571332872,1.0280054993927479,8.117000106722116,0,0
28,crossing,34132.611835613,1.0989970178343356,4.137000360060483,2.4719993234612048,1.139000232797116,8.84699693415314,0,0
29,crossing,34132.742348514,1.319996954407543,4.820998583454639,2.5519984774291515,1.210006303153932,9.903000318445265,0,0
30,crossing,34132.883525275,1.5600016922689974,4.351997631601989,2.806002157740295,1.1809970601461828,9.898998541757464,0,0
31,crossing,34133.013820647,1.9970029825344682,4.2869942262768745,1.8570062820799649,1.2639939086511731,9.40499739954248,0,0
32,crossing,34133.144342125,1.4699980965815485,3.950000973418355,2.1270025172270834,1.5889963833615184,9.135997970588505,0,0
33,crossing,34133.274976327,1.6230042092502117,3.574998117983341,1.8430000636726618,0.9580035111866891,7.999005902092904,0,0
34,crossing,34133.418740456,2.501998096704483,6.474001565948129,3.312001354061067,1.3469980331137776,13.634999049827456,0,0
35,crossing,34133.553623877,1.2660020729526877,4.143999831285328,2.5709960027597845,1.0549993021413684,9.035997209139168,0,0
36,crossing,34133.678309461,0.8790011634118855,3.855995601043105,1.915999746415764,1.3890021364204586,8.039998647291213,0,0
37,crossing,34133.809956696,0.6839982233941555,4.558001819532365,2.0509978639893234,1.1459997040219605,8.438997610937804,0,0
38,crossing,34133.948897661,1.8840000848285854,4.6389977796934545,2.24300310947001,1.2499949662014842,10.015995940193534,0,0
39,crossing,34134.077807182,1.934000465553254,5.989997589495033,2.845001290552318,1.510998117737472,12.279997463338077,0,0
40,crossing,34134.200038292,1.04300124803558,4.251996870152652,2.4030014174059033,1.1279989848844707,8.825998520478606,0,0
41,crossing,34134.33611138,0.7199996616691351,4.059002094436437,2.273998688906431,1.1640004231594503,8.217000868171453,0,0
42,crossing,34134.480645877,1.3429962564259768,3.922003088518977,2.243999915663153,1.0799994925037026,8.58899875311181,0,0
43,crossing,34134.601823138,1.0950025171041489,3.978995664510876,1.9569997675716877,1.5420009731315076,8.57299892231822,0,0
44,crossing,34134.745460101,1.0619987733662128,3.345994628034532,1.3130047591403127,1.1289957910776138,6.849993951618671,0,0
45,crossing,34134.885017272,1.7380007193423808,4.442001227289438,2.097003743983805,1.104999682866037,9.382005373481661,0,0
46,crossing,34135.022446373,1.5559999155811965,4.209003236610442,1.9750004867091775,1.0619987733662128,8.80200241226703,0,0
47,crossing,34135.145270197,1.6949998098425567,6.124006176833063,2.749999111983925,1.6509948181919754,12.21999991685152,0,0
48,crossing,34135.270345084,1.405001967214048,4.21900040237233,2.506996679585427,1.1360025382600725,9.267001587431878,0,0
49,crossing,34135.403123484,1.7220008885487914,3.5670018405653536,2.1419982658699155,1.829997927416116,9.260998922400177,0,0
50,crossing,34135.554260938,2.134001988451928,7.15300120646134,2.7529968065209687,1.4410034054890275,13.481003406923264,0,0
51,crossing,34135.674541348,1.2409946066327393,3.9940059650689363,2.253000275231898,0.962994818110019,8.450995665043592,0,0
52,crossing,34135.808586675,1.510001311544329,3.622000804170966,1.877997419796884,1.0950025171041489,8.105002052616328,0,0
53,crossing,34135.93630827,1.3320022844709456,4.409994289744645,1.820000761654228,1.038999471347779,8.600996807217598,0,0
54,crossing,34136.070249577,1.5359983080998063,4.665002052206546,2.7269998099654913,1.405998773407191,10.333998943679035,0,0
55,crossing,34136.220356421,1.0270014172419906,3.7089994293637574,1.606000296305865,1.1090014595538378,7.451002602465451,0,0
56,crossing,34136.335107895,1.305001205764711,4.146997525822371,2.5410045054741204,1.3119934010319412,9.304996638093144,0,0
57,crossing,34136.49003397,1.381995389238,4.491004801820964,2.3469983716495335,1.167994923889637,9.387993486598134,0,0
58,crossing,34136.615015661,0.5659967428073287,3.7670033634640276,2.1659943740814924,1.0780058801174164,7.577000360470265,0,0
59,crossing,34136.748899278,1.571999746374786,4.942005034536123,2.4859982659108937,1.1969968909397721,10.196999937761575,0,0
60,crossing,34136.886387671,0.934000127017498,3.8189973565749824,1.5309997252188623,0.8619972504675388,7.1459944592788815,0,0
61,crossing,34137.008767402,1.5519981388933957,4.421999619808048,2.296997990924865,1.1250012903474271,9.395997039973736,0,0
62,crossing,34137.141907793,2.1170053514651954,5.101996066514403,2.0570005290210247,1.3940007193014026,10.670002666302025,0,0
63,crossing,34137.281490808,1.2999953469261527,4.560999514069408,2.3130050976760685,1.1369993444532156,9.310999303124845,0,0
64,crossing,34137.418839777,2.2950043785385787,5.730995326302946,3.1480012694373727,1.4449979062192142,12.618998880498111,0,0
65,crossing,34137.546696817,0.8779970812611282,3.793000360019505,2.2610038286074996,1.0719959391281009,8.003997209016234,0,0
66,crossing,34137.678787825,1.4309989637695253,4.245994205120951,2.354005118831992,1.4469987945631146,9.477997082285583,0,0
67,crossing,34137.816526803,1.1040028766728938,4.566994903143495,2.564003807492554,1.1459997040219605,9.381001291330904,0,0
68,crossing,34137.938425919,2.9940056265331805,7.796996214892715,3.606000973377377,2.0709994714707136,16.468002286273986,0,0
69,crossing,34138.071216502,0.7400012691505253,3.7529971450567245,2.344997483305633,1.0320000001229346,7.8699958976358175,0,0
70,crossing,34138.20280862,1.49600236909464,4.959998477715999,2.04800016945228,1.1609954526647925,9.664996468927711,0,0
71,crossing,34138.337192951,1.8529972294345498,5.036003130953759,2.607994247227907,1.1880038073286414,10.684998414944857,0,0
72,crossing,34138.482562989,1.0750009096227586,4.0619997889734805,2.058004611171782,1.0709991329349577,8.266004442702979,0,0
73,crossing,34138.612547434,0.9450013749301434,4.055000317748636,1.9549988792277873,1.1020019883289933,8.05700256023556,0,0
74,crossing,34138.756244799,1.2800010154023767,3.9380029193125665,2.5089975679293275,1.1540032573975623,8.881004760041833,0,0
75,crossing,34138.886794658,1.5780024114064872,5.107998731546104,2.062995918095112,1.586005964782089,10.335003025829792,0,0
76,crossing,34139.013777175,1.2269956641830504,4.379005986265838,2.8379945433698595,1.191001501865685,9.634997695684433,0,0
77,crossing,34139.14376314,1.591004547663033,4.329995135776699,2.5130066205747426,1.2739983503706753,9.70800465438515,0,0
78,crossing,34139.28591486,0.900006853044033,4.258996341377497,1.9420040189288557,1.1949960025958717,8.296003215946257,0,0
79,crossing,34139.410915332,1.2939999578520656,4.2620013118721545,2.0619991119019687,1.1209995136596262,8.738999895285815,0,0
80,crossing,34139.548453258,1.4399993233382702,12.504002370405942,2.1749947336502373,1.3070020941086113,17.42599852150306,0,0
81,crossing,34139.662023242,0.9399955160915852,4.074005119036883,1.8479986465536058,1.3169992598704994,8.178998541552573,0,0
82,crossing,34139.808340136,1.6990015865303576,4.699002602137625,2.449996827635914,1.3620010577142239,10.21000207401812,0,0
83,crossing,34139.943819182,1.5830009942874312,4.5289998524822295,2.235996362287551,1.3540047802962363,9.702001989353448,0,0
84,crossing,34140.072707036,2.0849984139204025,6.503003532998264,3.4189943107776344,1.862004864960909,13.86900112265721,0,0
85,crossing,34140.196495292,1.6049962141551077,4.590998287312686,2.5379995349794626,1.229003828484565,9.962997864931822,0,0
86,crossing,34140.336335385,1.2000018614344299,4.631001502275467,2.4719993234612048,1.2899981811642647,9.593000868335366,0,0
87,crossing,34140.458044622,1.7839993233792484,3.7130012060515583,2.191001840401441,1.3239987310953438,9.012001100927591,0,0
88,crossing,34140.600587806,1.1989977792836726,3.9380029193125665,2.3089960450306535,1.353000698145479,8.798997441772372,0,0
89,crossing,34140.726756455,1.2400050763972104,4.3389954953454435,2.22500239033252,1.2649979908019304,9.069000952877104,0,0
90,crossing,34140.86347158,0.8920032996684313,2.912995114456862,1.2829987099394202,1.1060037650167942,6.194000889081508,0,0
91,crossing,34140.987571662,1.2239979696460068,3.9709993870928884,2.2809981601312757,1.2600066838786006,8.736002200748771,0,0
92,crossing,34141.117976403,1.6560006770305336,3.968998498748988,1.9020008039660752,1.4519973774440587,8.978997357189655,0,0
93,crossing,34141.253566691,1.6280027921311557,4.47499769506976,2.544999006204307,1.4780016499571502,10.126001143362373,0,0
94,crossing,34141.398413537,2.1130035747773945,4.820001777261496,2.3659958969801664,1.610998879186809,10.910000128205866,0,0
95,crossing,34141.529634418,1.2269956641830504,4.15400427300483,1.6549965948797762,1.024003722704947,8.060000254772604,0,0
96,crossing,34141.655760492,2.0270017557777464,5.173998943064362,2.3569955374114215,1.2630043784156442,10.821000614669174,0,0
97,crossing,34141.796381301,1.296000846195966,3.9529986679553986,2.4710025172680616,1.1609954526647925,8.880997484084219,0,0
98,crossing,34141.936204502,1.7069978639483452,4.168003215454519,2.0659936126321554,1.6730045899748802,9.6139992820099,0,0
99,crossing,34142.055881488,1.5590048860758543,4.6909990487620234,2.068998583126813,1.405998773407191,9.725001291371882,0,0
100,crossing,34142.191413448,1.2179953046143055,4.073001036886126,2.020999090746045,1.2640011846087873,8.575996616855264,0,0
101,crossing,34142.321209591,1.2620002962648869,4.223002179060131,2.091001078952104,1.2179953046143055,8.793998858891428,0,0
102,crossing,34142.465057149,0.48299989430233836,3.549001121427864,1.4250035746954381,0.8379938662983477,6.294998456723988,0,0
103,crossing,34142.590330096,1.3329990906640887,4.721005097962916,2.2940002963878214,1.0269941412843764,9.374998626299202,0,0
104,crossing,34142.721925553,1.2989985407330096,4.335000994615257,2.025997673626989,1.1709998943842947,8.83099710335955,0,0
105,crossing,34142.86608549,1.1590018402785063,3.5339980968274176,1.824999344535172,0.8520000847056508,7.369999366346747,0,0
106,crossing,34142.994085796,1.41999771585688,4.718996933661401,2.887005393858999,1.0289950296282768,10.054995073005557,0,0
107,crossing,34143.138950559,1.2550008250400424,4.155001079197973,2.0989973563700914,1.4980032574385405,9.007002518046647,0,0
108,crossing,34143.259273044,1.8599967006593943,4.765999619849026,2.0750012481585145,1.619999238755554,10.320996807422489,0,0
109,crossing,34143.410182535,1.0500007192604244,4.814995918422937,2.073000359814614,0.981002813205123,8.918999810703099,0,0
110,crossing,34143.534422223,1.0420044418424368,4.2819956433959305,1.8800055840983987,1.196000084746629,8.400005754083395,0,0
111,crossing,34143.664243604,2.1509986254386604,6.380003469530493,3.0960000003688037,1.6979975043796003,13.324999599717557,0,0
112,crossing,34143.806158386,1.6589983715675771,4.689994966611266,2.368004061281681,1.3419994502328336,10.058996849693358,0,0
113,crossing,34143.93510187,0.6849950295872986,4.250003257766366,1.9520011846907437,1.3889948604628444,8.275994332507253,0,0
114,crossing,34144.072619797,2.478001988492906,7.395996362902224,3.168002876918763,2.2129970602691174,15.25499828858301,0,0
115,crossing,34144.215569007,1.7920028767548501,5.2729956223629415,2.5379995349794626,1.282001903746277,10.884999937843531,0,0
116,crossing,34144.336768708,2.0549996406771243,4.715999239124358,2.348999259993434,1.2219970813021064,10.341995221097022,0,0
117,crossing,34144.468190795,2.5280023692175746,7.340000593103468,3.930996172130108,1.8740029190666974,15.673002053517848,0,0
118,crossing,34144.616267643,1.3899989426136017,5.614994734060019,2.9270013328641653,1.2939999578520656,11.225994967389852,0,0
119,crossing,34144.748663092,0.957996235229075,3.745000867638737,1.6179983504116535,1.1000010999850929,7.420996553264558,0,0
120,crossing,34144.881216668,1.2110031093470752,6.028996722307056,2.606000634841621,1.415995939169079,11.261996405664831,0,0
121,crossing,34145.017623055,1.3079989003017545,4.781999450642616,2.492000930942595,1.4160032151266932,9.998002497013658,0,0
122,crossing,34145.146305164,0.9520008461549878,3.8389989640563726,1.8469945644028485,1.1870070011354983,7.825001375749707,0,0
123,crossing,34145.264472721,1.6420017345808446,5.622998287435621,2.6859997888095677,1.453998265787959,11.404998076613992,0,0
124,crossing,34145.400027906,1.1990050552412868,4.7629946493543684,2.5699991965666413,1.3829994713887572,9.914998372551054,0,0
125,crossing,34145.545328865,2.615000994410366,8.253999112639576,3.493994881864637,1.763000909704715,16.125995898619294,0,0
126,crossing,34145.673135884,1.0530056897550821,3.387998731341213,1.7619968275539577,1.2070013326592743,7.410002581309527,0,0
127,crossing,34145.796919303,0.8560018613934517,5.112000508233905,2.258995664305985,1.5730038285255432,9.800001862458885,0,0
128,crossing,34145.938141577,1.4230026863515377,5.57600287720561,2.3619941202923656,1.591004547663033,10.952004231512547,0,0
129,crossing,34146.082517304,1.243999577127397,5.018999218009412,2.48300057137385,1.3690005289390683,10.114999895449728,0,0
130,crossing,34146.199856323,0.7560010999441147,5.738998879678547,2.1509986254386604,1.6129997675307095,10.258998372592032,0,0
131,crossing,34146.338153468,1.5609984984621406,4.407003871165216,2.310000127181411,1.2689997674897313,9.547002264298499,0,0
132,crossing,34146.457717416,0.9169962140731514,5.339999916031957,2.5520057533867657,1.6359990695491433,10.445000953041017,0,0
133,crossing,34146.604151404,1.7519996617920697,4.981004167348146,2.7240021154284477,1.3139942893758416,10.771000233944505,0,0
134,crossing,34146.726237905,2.095999661833048,6.296002538874745,2.5909976102411747,1.7849961295723915,12.76799594052136,0,0
135,crossing,34146.85373865,1.9099970813840628,5.094996595289558,2.5450062821619213,1.4670004020445049,11.017000360880047,0,0
136,crossing,34146.987053235,1.5449986676685512,4.863999492954463,2.7790010790340602,1.3789976947009563,10.56699693435803,0,0
137,crossing,34147.123186163,1.5210025594569743,5.563997547142208,2.5510016712360084,1.7689962987788022,11.404998076613992,0,0
138,crossing,34147.260527371,1.7139973351731896,4.288005584385246,2.0519946701824665,1.4320030459202826,9.486000635661185,0,0
139,crossing,34147.385419135,1.1270021786913276,4.651003109756857,2.5699991965666413,1.2460004654712975,9.594004950486124,0,0
140,crossing,34147.512987476,0.8659990271553397,3.9189981180243194,1.7620041035115719,1.2849995982833207,7.832000846974552,0,0
141,crossing,34147.646158397,1.3419994502328336,4.836998414248228,2.3620013962499797,1.3559983926825225,9.896997653413564,0,0
142,crossing,34147.791575717,1.3079989003017545,4.623005224857479,2.6439956855028868,1.4760007616132498,10.05100057227537,0,0
143,crossing,34147.914028216,1.5280020306818187,5.132998921908438,2.7439964469522238,1.3840035535395145,10.789000953081995,0,0
144,crossing,34148.0558525,1.4359975466504693,5.030000465922058,2.239998138975352,1.2740056263282895,9.980001777876168,0,0
145,crossing,34148.180437731,1.743996108416468,4.674002411775291,2.230000973213464,1.4389952411875129,10.086994734592736,0,0
146,crossing,34148.324096392,1.877997419796884,5.1679962780326605,2.482003765180707,1.3379976735450327,10.865995136555284,0,0
147,crossing,34148.457381453,1.410000550094992,4.260997229721397,2.286004018969834,0.8319984772242606,8.789000276010484,0,0
148,crossing,34148.595538606,1.6420017345808446,5.387999408412725,2.310000127181411,1.281994627788663,10.621995897963643,0,0
149,crossing,34148.719950406,0.8850038284435868,4.49499930255115,2.430999302305281,1.439002517145127,9.250004950445145,0,0
150,crossing,34148.8421937,0.8119968697428703,4.052002623211592,1.7739948816597462,1.0920048225671053,7.729999197181314,0,0
151,crossing,34148.989823212,0.790998456068337,4.604997229762375,2.239001332782209,1.6120029613375664,9.246999979950488,0,0
152,crossing,34149.125349517,1.1570009519346058,4.800000169780105,2.5579938665032387,1.4360048226080835,9.950999810826033,0,0
153,crossing,34149.244774246,1.043998054228723,5.780006176792085,2.4099936126731336,1.7650017980486155,10.998999641742557,0,0
154,crossing,34149.380150006,2.474000211805105,6.4019986893981695,2.414999471511692,1.9409999367780983,13.231998309493065,0,0
155,crossing,34149.512956332,1.4370016288012266,4.485998942982405,1.9319995772093534,1.0520016076043248,8.90700175659731,0,0
156,crossing,34149.650914232,0.8040005923248827,2.79700179817155,1.501000951975584,1.0119983926415443,6.114001735113561,0,0
157,crossing,34149.78000613,1.9799990695901215,5.100002454128116,2.4909968487918377,1.287000486627221,10.857998859137297,0,0
158,crossing,34149.910067214,2.302003849763423,5.001995305065066,2.287000825162977,1.3680037227459252,10.959003702737391,0,0
159,crossing,34150.043470849,2.592998498585075,7.286005711648613,3.0899973353371024,1.920998329296708,14.889999874867499,0,0
160,crossing,34150.182726995,1.0130024747923017,4.580993845593184,2.5000044843181968,1.3329990906640887,9.426999895367771,0,0
161,crossing,34150.328980319,1.3020035112276673,4.556997737381607,2.3180036805570126,1.1479933164082468,9.324998245574534,0,0
162,crossing,34150.457514057,3.287001163698733,8.70799703989178,4.112996975891292,3.0800001695752144,19.18799534905702,0,0
163,crossing,34150.583637588,0.8599963621236384,4.7909998102113605,1.4930046745575964,1.3719982234761119,8.515999070368707,0,0
164,crossing,34150.713573187,1.2620002962648869,4.413996066432446,2.749002305790782,1.400003384333104,9.825002052821219,0,0
165,crossing,34150.860526547,1.9579965737648308,5.2010000217705965,2.405002305749804,1.5240002539940178,11.087999155279249,0,0
166,crossing,34150.977361324,1.7049969756044447,4.3570034904405475,2.306995156686753,1.138003426603973,9.506999049335718,0,0
167,crossing,34151.106520993,0.7189955795183778,4.294000973459333,2.4190012481994927,1.3079989003017545,8.739996701478958,0,0
168,crossing,34151.259582793,1.4840043149888515,4.417001036927104,2.219996531493962,1.3259996194392443,9.447001502849162,0,0
169,crossing,34151.382782265,2.525004674680531,6.597998435609043,3.296998329460621,2.302003849763423,14.722005289513618,0,0
170,crossing,34151.507039426,1.977001375053078,5.164998583495617,3.035005647689104,1.4959950931370258,11.673000699374825,0,0
171,crossing,34151.642280142,1.6220001270994544,5.504000000655651,2.3520042304880917,1.8040009308606386,11.282005289103836,0,0
172,crossing,34151.775566383,1.3459939509630203,5.010006134398282,2.4279943318106234,1.305001205764711,10.088995622936636,0,0
173,crossing,34151.91518012,1.0119983926415443,5.328001861926168,2.4030014174059033,1.505002728663385,10.248004400637,0,0
174,crossing,34152.044994124,1.620996044948697,10.380004823673517,3.035995177924633,1.3230019249022007,16.359997971449047,0,0
175,crossing,34152.184162058,1.453998265787959,4.679997800849378,2.6650013751350343,1.3289973139762878,10.12799475574866,0,0
176,crossing,34152.307956931,1.0549993021413684,4.024004738312215,1.6659978427924216,1.3419994502328336,8.087001333478838,0,0
177,crossing,34152.439687646,1.553999027237296,5.071997293271124,2.177999704144895,1.5920013538561761,10.395997378509492,0,0
178,crossing,34152.591569265,1.6709964256733656,5.327005055733025,2.1659943740814924,1.3040043995715678,10.46800025505945,0,0
179,crossing,34152.709602905,0.6370028131641448,3.6379933590069413,1.5280020306818187,1.2360032997094095,7.039001502562314,0,0
180,crossing,34152.845418862,1.410000550094992,4.898000042885542,2.392996975686401,1.3859971659258008,10.086994734592736,0,0
181,crossing,34152.979407056,1.519998477306217,5.011999746784568,2.335000317543745,1.205000444315374,10.071998985949904,0,0
182,crossing,34153.121513936,1.8589998944662511,4.836998414248228,2.6380002964287996,1.281005097553134,10.615003702696413,0,0
183,crossing,34153.25929347,1.3219978427514434,5.018002411816269,2.2239983081817627,1.3410026440396905,9.905001206789166,0,0
184,crossing,34153.391871026,1.3650060282088816,3.477995051071048,2.1500018192455173,68.6999992467463,75.69300214527175,1,1
185,crossing,34153.516769841,81.10899943858385,844.463000248652,72.28599861264229,5.387002602219582,1003.2450009020977,1,1
186,crossing,34153.65135764,83.63399683730677,235.1220027776435,70.19699842203408,5.5199998314492404,394.4729978684336,1,1
187,crossing,34153.788555119,64.56200208049268,164.77199824294075,42.27799945510924,3.68300243280828,275.29500221135095,1,1
188,crossing,34153.922869284,59.62400609860197,178.27599367592484,571.0010009352118,9.146002412308007,818.0470031220466,1,1
189,crossing,34154.055767636,106.59400140866637,270.9890031837858,81.05299639282748,5.567002517636865,464.20300350291654,1,1
190,crossing,34154.192503046,69.5630005793646,199.6950013563037,90.20500147016719,5.492998752743006,364.9560021585785,1,1
191,crossing,34154.326959816,83.3790036267601,168.7969997874461,41.96800000499934,3.998997271992266,298.1430006911978,1,1
192,crossing,34154.44882586,58.84399433853105,3.669003490358591,3.344001015648246,5.961999704595655,71.81899854913354,1,0
193,crossing,34154.571979171,53.828996897209436,160.91400175355375,58.87199949938804,5.164998583495617,278.77999673364684,1,1
194,crossing,34154.720112008,52.4869974469766,177.1300012478605,59.23199933022261,4.6000059228390455,293.44900394789875,1,1
195,crossing,34154.839681123,88.86100113159046,202.76199938962236,78.27700028428808,5.799003702122718,375.6990045076236,1,1
196,crossing,34154.980533405,66.78599311271682,3.488006768748164,3.6659985198639333,8.073999197222292,82.01399759855121,1,0
197,crossing,34155.111875618,69.23299952177331,3.1480012694373727,3.2379975891672075,8.369999704882503,83.98899808526039,1,0
198,crossing,34155.248823311,54.23200491350144,3.316999936942011,3.0429946491494775,5.532005161512643,66.12400466110557,1,0
199,crossing,34155.382060526,54.01000089477748,3.350003680679947,3.0800001695752144,3.483997716102749,63.92400246113539,0,0
200,crossing,34155.516666975,1.7849961295723915,4.3359978008084,2.302003849763423,1.5780024114064872,10.001000191550702,0,0
201,crossing,34155.645934022,1.672000507824123,5.170993972569704,2.2400054149329662,1.4689940144307911,10.551993909757584,0,0
202,crossing,34155.768881596,1.4570032362826169,6.1449973145499825,2.740001946222037,1.3479948393069208,11.689997336361557,0,0
203,crossing,34155.912297449,1.6479971236549318,5.9150042943656445,2.306995156686753,1.6240010154433548,11.493997590150684,0,0
204,crossing,34156.047964293,2.0459992811083794,5.321999196894467,2.9430011636577547,1.4969991752877831,11.807998816948384,0,0
205,crossing,34156.178529905,2.001994289457798,5.418005457613617,2.6999987312592566,1.6560006770305336,11.775999155361205,0,0
206,crossing,34156.312559326,1.5270052244886756,4.627996531780809,2.6460038498044014,1.2929958757013083,10.094001481775194,0,0
207,crossing,34156.441674437,1.1320007615722716,4.8059955588541925,2.5890039978548884,1.5650002751499414,10.092000593431294,0,0
208,crossing,34156.581640652,1.3690005289390683,4.623994755093008,2.1930027287453413,1.4460019883699715,9.63200000114739,0,0
209,crossing,34156.703012137,1.1610027286224067,4.8340007197111845,2.3429965949617326,1.4200049918144941,9.758005035109818,0,0
210,crossing,34156.842282587,2.2859967430122197,5.776004400104284,2.7369969757273793,2.1740052034147084,12.973003322258592,0,0
211,crossing,34156.968065353,1.5379991964437068,5.059999239165336,2.6289999368600547,1.7950005712918937,11.021998943760991,0,0
212,crossing,34157.109578803,2.1079977159388363,5.5480049923062325,2.435001078993082,1.4859979273751378,11.577001714613289,0,0
213,crossing,34157.233614317,1.372995029669255,4.612003976944834,2.1669984562322497,1.4289980754256248,9.580995538271964,0,0
214,crossing,34157.379974739,1.248998160008341,4.681001883000135,2.16899934457615,1.2669988791458309,9.365998266730458,0,0
215,crossing,34157.513647876,1.3709941413253546,5.843001417815685,2.1230007405392826,1.6859994502738118,11.022995749954134,0,0
216,crossing,34157.645201874,0.6619957275688648,4.449000698514283,2.353001036681235,1.305998011957854,8.769995474722236,0,0
217,crossing,34157.783309229,2.8939975891262293,6.952999683562666,3.3480027923360467,1.9809958757832646,15.175995940808207,0,0
218,crossing,34157.923915973,1.663000148255378,6.041998858563602,2.50100129051134,1.610002072993666,11.816002370323986,0,0
219,crossing,34158.041268553,2.0419975044205785,5.321002390701324,2.820997906383127,1.4300021575763822,11.613999959081411,0,0
220,crossing,34158.1782842,3.187997208442539,8.429997251369059,4.169000021647662,2.3890024749562144,18.175996956415474,0,0
221,crossing,34158.32724114,1.5879995771683753,5.386995326261967,2.1790037862956524,1.724998583085835,10.87899727281183,0,0
222,crossing,34158.442961642,1.281994627788663,5.043002602178603,2.2800013539381325,1.6789999790489674,10.283998562954366,0,0
223,crossing,34158.573602758,2.38200300373137,6.362999556586146,3.1660019885748625,1.6339981812052429,13.545002730097622,0,0
224,crossing,34158.694786102,0.538995664101094,3.2370007829740644,1.5300029190257192,0.7619964890182018,6.067995855119079,0,0
225,crossing,34158.825603899,1.7409984138794243,4.831999831367284,2.152999513782561,1.3640019460581243,10.089999705087394,0,0
226,crossing,34158.955362108,1.2300006346777081,4.039000486955047,1.4230026863515377,1.0989970178343356,7.791000825818628,0,0
227,crossing,34159.104074085,2.5319968699477613,6.064001354388893,3.754998033400625,2.0890001906082034,14.439996448345482,0,0
228,crossing,34159.220857842,0.8869974408298731,4.050998541060835,2.0279985619708896,1.0220028343610466,7.987997378222644,0,0
229,crossing,34159.361272694,1.0650037438608706,3.0709998100064695,1.4659963198937476,1.082000380847603,6.684000254608691,0,0
230,crossing,34159.488998839,9.56199801294133,6.190006388351321,2.6179986889474094,1.41999771585688,19.79000080609694,0,0
231,crossing,34159.631368112,1.324995537288487,5.142006557434797,2.30599835049361,1.362997863907367,10.135998309124261,0,0
232,crossing,34159.771487094,1.1969968909397721,3.768996975850314,1.8740029190666974,1.0809962986968458,7.920993084553629,0,0
233,crossing,34159.894248839,2.429995220154524,5.750000127591193,2.582004526630044,1.215994416270405,11.977994290646166,0,0
234,crossing,34160.026126236,3.0270020943135023,7.966998964548111,3.6749988794326782,2.06800177693367,16.73700171522796,0,0
235,crossing,34160.156641436,1.3669996405951679,4.963003448210657,2.8629947337321937,1.5930054360069335,10.786003258544952,0,0
236,crossing,34160.288296757,1.4610050129704177,4.7489957069046795,1.8300052033737302,0.8889983291737735,8.929004252422601,0,0
237,crossing,34160.42566056,1.681997673586011,3.7100035115145147,1.3859971659258008,0.7440030458383262,7.522001396864653,0,0
238,crossing,34160.555623263,1.0840012691915035,3.8910002331249416,2.3419997887685895,1.1939991964027286,8.511000487487763,0,0
239,crossing,34160.687648518,1.3880053302273154,4.527995770331472,2.5620029191486537,1.2680029612965882,9.74600698100403,0,0
240,crossing,34160.814962682,1.1410011211410165,3.869994543492794,2.3230022634379566,0.995998561847955,8.329996489919722,0,0
241,crossing,34160.953884378,1.276996044907719,3.8869984564371407,2.1260057110339403,0.9729992598295212,8.262999472208321,0,0
242,crossing,34161.073204418,1.5160039765760303,4.201996489427984,1.8890059436671436,0.9539944585412741,8.561000868212432,0,0
243,crossing,34161.208435554,1.7870042938739061,4.469999112188816,2.4569962988607585,1.6120029613375664,10.326002666261047,0,0
244,crossing,34161.346708456,1.0730000212788582,4.202993295621127,1.7950005712918937,1.3400058378465474,8.410999726038426,0,0
245,crossing,34161.480847396,1.2500022421590984,4.260997229721397,2.109998604282737,1.086002157535404,8.707000233698636,0,0
246,crossing,34161.61997722,0.47300272854045033,3.187997208442539,1.281005097553134,0.676998752169311,5.619003786705434,0,0
247,crossing,34161.746013557,1.5179975889623165,4.992005415260792,2.087996108457446,1.0040021152235568,9.602001227904111,0,0
248,crossing,34161.889757328,0.5600013537332416,4.18099807575345,1.8040009308606386,1.0090006981045008,7.554001058451831,0,0
249,crossing,34162.011504008,0.8380011422559619,3.749002644326538,1.8009959603659809,1.1890006135217845,7.577000360470265,0,0
250,crossing,34162.145279431,0.8569986675865948,3.7669960875064135,1.8600039766170084,1.0360017768107355,7.520000508520752,0,0
251,crossing,34162.269030757,1.248001353815198,3.9809965528547764,1.96700420929119,1.0309959179721773,8.226998033933342,0,0
252,crossing,34162.400545891,0.8360002539120615,4.608999006450176,2.2079984773881733,1.0049989214166999,8.657996659167111,0,0
253,crossing,34162.542010621,1.5839978004805744,4.569999873638153,2.1550004021264613,1.286003680434078,9.595001756679267,0,0
254,crossing,34162.666806066,1.6990015865303576,4.563000402413309,1.848995452746749,1.0069998097606003,9.117997251451015,0,0
255,crossing,34162.811677413,1.5549958334304392,4.309003998059779,2.1129962988197803,1.0349976946599782,9.011993824969977,0,0
256,crossing,34162.939697766,0.3850000211969018,2.9340008040890098,1.4269971870817244,0.7220005500130355,5.4679985623806715,0,0
257,crossing,34163.076465662,1.6350022633560002,4.185996658634394,1.9520011846907437,1.6569974832236767,9.429997589904815,0,0
258,crossing,34163.215063222,1.0849980753846467,3.888999344781041,2.2509993868879974,1.0700023267418146,8.2949991337955,0,0
259,crossing,34163.356134555,1.7540005501359701,4.3570034904405475,2.716995368245989,1.1680021998472512,9.996001608669758,0,0
260,crossing,34163.462238837,1.2790042092092335,3.8299986044876277,1.467997208237648,1.3470053090713918,7.924005331005901,0,0
261,crossing,34163.60028302,1.4999968698248267,3.622000804170966,2.0549996406771243,1.1520023690536618,8.328999683726579,0,0
262,crossing,34163.746126313,1.5889963833615184,4.913003067485988,2.2029998945072293,1.3839962775819004,10.088995622936636,0,0
263,crossing,34163.857367942,1.620996044948697,5.7480065152049065,2.4099936126731336,1.915999746415764,11.694995919242501,0,0
264,crossing,34163.994905685,2.078995748888701,4.623005224857479,2.6719935704022646,1.2920063454657793,10.666000889614224,0,0
265,crossing,34164.121740598,1.243999577127397,3.345005097799003,1.7939964891411364,0.8080023690126836,7.19100353308022,0,0
266,crossing,34164.264346863,1.7170023056678474,5.274996510706842,2.2400054149329662,1.5569967217743397,10.789000953081995,0,0
267,crossing,34164.391936527,1.5879995771683753,4.245004674885422,2.5420013116672635,1.462998625356704,9.838004189077765,0,0
268,crossing,34164.548330781,0.8630013326182961,4.478999471757561,2.054002834483981,1.0049989214166999,8.401002560276538,0,0
269,crossing,34164.665210584,0.9150026016868651,4.285997420083731,2.4239998310804367,1.0700023267418146,8.695002179592848,0,0
270,crossing,34164.78866839,1.3140015653334558,2.6939960662275553,1.65300298249349,0.7790004019625485,6.4400010160170496,0,0
271,crossing,34164.93231726,1.7990023479796946,4.5769993448629975,1.9479994080029428,1.544001861475408,9.868002962321043,0,0
272,crossing,34165.070138706,0.6219997885636985,3.5769990063272417,1.5959958545863628,0.9360010153613985,6.7309956648387015,0,0
273,crossing,34165.200396971,1.5280020306818187,4.597997758537531,2.8089998522773385,1.2919990695081651,10.226998711004853,0,0
274,crossing,34165.335503946,1.4980032574385405,4.264999006409198,2.344997483305633,1.2509990483522415,9.358998795505613,0,0
275,crossing,34165.464962968,1.7909987946040928,4.239002009853721,1.8350037862546742,1.2749951565638185,9.139999747276306,0,0
276,crossing,34165.593216103,1.9520011846907437,4.916997568216175,2.08600249607116,1.57699832925573,10.531999578233808,0,0
277,crossing,34165.736401662,1.653999788686633,3.539003955665976,1.4069955796003342,0.7100024959072471,7.31000181986019,0,0
278,crossing,34165.868592905,1.1180018191225827,4.155997885391116,2.534005034249276,1.1169977369718254,8.9250024757348,0,0
279,crossing,34165.996385645,1.3630051398649812,4.2769970605149865,2.2520034690387547,1.1239972081966698,9.016002877615392,0,0
280,crossing,34166.13185969,0.8919960237108171,2.940003469120711,1.4789984561502934,0.5839974619448185,5.89499541092664,0,0
281,crossing,34166.251685803,1.4690012903884053,4.1769962990656495,2.3140019038692117,0.9850045898929238,8.94500408321619,0,0
282,crossing,34166.403064062,1.287000486627221,3.826004103757441,1.782995241228491,1.1930023902095854,8.089002221822739,0,0
283,crossing,34166.53619713,1.2189993867650628,8.269002137240022,2.253000275231898,1.2469972716644406,12.987999070901424,0,0
284,crossing,34166.652017631,1.9849976524710655,3.84000304620713,2.2329986677505076,1.1899974197149277,9.24799678614363,0,0
285,crossing,34166.785491447,1.5589976101182401,4.471003194339573,2.397995558567345,1.30099942907691,9.728995792102069,0,0
286,crossing,34166.92745501,1.1399970389902592,4.517998604569584,2.0790030248463154,1.0889998520724475,8.825998520478606,0,0
287,crossing,34167.057848478,1.4070028555579484,4.0669983718544245,2.416003553662449,1.3509998098015785,9.2410045908764,0,0
288,crossing,34167.194373167,1.5189943951554596,4.036002792418003,1.7330021364614367,0.8369970601052046,8.124996384140104,0,0
289,crossing,34167.330773386,1.8920036382041872,2.868000592570752,2.0379957277327776,57.4529985897243,64.25099854823202,1,1
290,crossing,34167.470074877,47.7030043839477,3.002998710144311,3.039000148419291,3.9290025597438216,57.674005802255124,1,0
291,crossing,34167.597588922,47.64900222653523,2.7520000003278255,1.977998181246221,3.9590013329871,56.33800174109638,1,0
292,crossing,34167.737149008,51.9740060553886,3.131994162686169,2.868000592570752,4.654000804293901,62.62800161493942,1,0
293,crossing,34167.852448806,68.66399780847132,4.617002559825778,4.804001946467906,3.52600181940943,81.61100413417444,0,0
294,crossing,34168.000240306,1.3610042515210807,3.903995093423873,1.9049984985031188,1.5780024114064872,8.74800025485456,0,0
295,crossing,34168.122240802,1.7240017768926919,4.590001481119543,2.0220031728968024,1.4709949027746916,9.80700133368373,0,0
296,crossing,34168.259668148,1.3989993021823466,4.189001629129052,1.9709987100213766,1.209999027196318,8.768998668529093,0,0
297,crossing,34168.395257873,1.3979952200315893,4.130000888835639,2.316002792213112,1.043998054228723,8.887996955309063,0,0
298,crossing,34168.522563173,1.471998984925449,3.583001671358943,1.7519996617920697,1.034000888466835,7.841001206543297,0,0
299,crossing,34168.66934919,0.9409995982423425,2.3559987312182784,1.6269987099803984,49.100002797786146,54.023999837227166,1,1
300,crossing,34168.790378019,29.427996196318418,2.025000867433846,2.1790037862956524,3.546992957126349,37.178993807174265,1,0
301,crossing,34168.923604995,49.792004574555904,2.0049992599524558,2.1660016500391066,5.469999450724572,59.43300493527204,1,0
302,crossing,34169.07342409,61.767001170665026,2.564003807492554,3.305998689029366,7.116999768186361,74.7540034353733,1,0
303,crossing,34169.202064736,53.407005907502025,2.968998160213232,2.6990019250661135,3.2609968911856413,62.33600288396701,0,0
304,crossing,34169.332380019,1.1200027074664831,4.549998266156763,2.649998350534588,1.2000018614344299,9.520001185592264,0,0
305,crossing,34169.473468134,1.1980009730905294,4.360001184977591,2.558997948653996,1.281005097553134,9.39800520427525,0,0
306,crossing,34169.592157675,2.02999945031479,5.127003532834351,2.544999006204307,1.3280005077831447,11.030002497136593,0,0
307,crossing,34169.732546625,1.791006070561707,4.0619997889734805,2.2620006348006427,1.5509940567426383,9.666000551078469,0,0
308,crossing,34169.871098182,2.248001692350954,4.444002115633339,2.38200300373137,1.152999175246805,10.227005986962467,0,0
309,crossing,34169.998823839,1.6609992599114776,4.358000296633691,2.631000825203955,1.3690005289390683,10.019000910688192,0,0
310,crossing,34170.138686051,1.3239987310953438,4.622997948899865,2.0450024749152362,1.3889948604628444,9.38099401537329,0,0
311,crossing,34170.275337928,2.129003405570984,8.600996807217598,3.4950062399730086,1.8859936972148716,16.111000149976462,0,0
312,crossing,34170.400364822,1.2140008038841188,5.470996256917715,2.3609973140992224,1.538006472401321,10.584000847302377,0,0
313,crossing,34170.5382464,1.8499995348975062,4.792003892362118,2.7009955374523997,1.3700046110898256,10.71300357580185,0,0
314,crossing,34170.66132434,1.2680029612965882,5.128000339027494,2.4420005502179265,1.2689997674897313,10.10700361803174,0,0
315,crossing,34170.815439775,0.9580035111866891,4.31799708167091,2.230000973213464,1.3669996405951679,8.873001206666231,0,0
316,crossing,34170.928805492,1.176995283458382,4.225999873597175,2.1470041247084737,1.3969984138384461,8.946997695602477,0,0
317,crossing,34171.070500592,1.4049946912564337,4.49499930255115,2.1470041247084737,1.41999771585688,9.466995834372938,0,0
318,crossing,34171.202694892,1.562999386806041,5.543995939660817,2.4710025172680616,1.9930012058466673,11.570999049581587,0,0
319,crossing,34171.323593203,2.2750027710571885,4.670997441280633,2.392000169493258,1.6929989214986563,11.030999303329736,0,0
320,crossing,34171.475679402,1.2989985407330096,5.325004167389125,2.3769971448928118,1.3899989426136017,10.390998795628548,0,0
321,crossing,34171.607073288,2.8849972295574844,7.584996637888253,2.697001036722213,2.1000014385208488,15.266996342688799,0,0
322,crossing,34171.729136149,1.5609984984621406,4.844005161430687,2.173001121263951,1.324995537288487,9.903000318445265,0,0
323,crossing,34171.880298618,1.0239964467473328,4.451998393051326,2.620006853248924,1.2549935490824282,9.350995242130011,0,0
324,crossing,34172.004478769,2.7190035325475037,7.966998964548111,3.5199991543777287,2.401997335255146,16.60799898672849,0,0
325,crossing,34172.130429719,1.5800032997503877,4.278997948858887,2.0129955373704433,1.2360032997094095,9.108000085689127,0,0
326,crossing,34172.260380415,1.972999598365277,4.736000846605748,2.234999556094408,1.3320022844709456,10.276002285536379,0,0
327,crossing,34172.400225273,1.4320030459202826,4.61399758933112,2.0619991119019687,1.4200049918144941,9.528004738967866,0,0
328,crossing,34172.524313051,1.6400008462369442,4.440997145138681,2.2750027710571885,1.4250035746954381,9.781004337128252,0,0
329,crossing,34172.656062851,1.5710029401816428,2.8560025384649634,1.9629951566457748,0.8819988579489291,7.27199949324131,0,0
330,crossing,34172.787883106,0.8119968697428703,4.246001481078565,1.4850011211819947,1.200998667627573,7.743998139631003,0,0
331,crossing,34172.91743341,1.4519973774440587,4.588000592775643,2.6749985408969223,1.2220043572597206,9.937000868376344,0,0
332,crossing,34173.05269209,1.2160016922280192,4.647998139262199,2.291002601850778,1.1599986464716494,9.315001079812646,0,0
333,crossing,34173.196964578,2.730004780460149,6.506001227535307,3.1389936339110136,1.7880011000670493,14.16300074197352,0,0
334,crossing,34173.324397601,1.2500022421590984,5.123998562339693,2.4670007405802608,1.5929981600493193,10.433999705128372,0,0
335,crossing,34173.453524826,1.282001903746277,4.4240005081519485,2.5099943741224706,1.0730000212788582,9.288996807299554,0,0
336,crossing,34173.575349059,0.8770002750679851,5.381996743381023,2.5130066205747426,1.2469972716644406,10.019000910688192,0,0
337,crossing,34173.724344558,1.938999048434198,4.401998012326658,2.091001078952104,1.4260003808885813,9.85799852060154,0,0
338,crossing,34173.854665493,1.5419936971738935,4.4050029828213155,2.3800021153874695,1.3859971659258008,9.71299596130848,0,0
339,crossing,34173.994442936,1.4640027075074613,5.79599873162806,2.6070047169923782,1.4029938029125333,11.269999959040433,0,0
340,crossing,34174.115384652,0.8589995559304953,3.917994035873562,2.506007149349898,1.1849988368339837,8.46799957798794,0,0
341,crossing,34174.253236091,1.8600039766170084,6.379996193572879,3.0910014174878597,1.6550038708373904,12.986005458515137,0,0
342,crossing,34174.39487912,1.4179968275129795,4.620000254362822,2.291002601850778,1.1609954526647925,9.489995136391371,0,0
343,crossing,34174.533345541,2.348002453800291,6.924994522705674,3.0480005079880357,1.9750004867091775,14.295997971203178,0,0
344,crossing,34174.68061382,2.1310042939148843,4.966997948940843,2.4949986254796386,1.4160032151266932,11.00900408346206,0,0
345,crossing,34174.798995261,2.888002200052142,16.993995814118534,2.998000127263367,1.7690035747364163,24.64900171617046,0,0
346,crossing,34174.930207198,1.3690005289390683,5.697998858522624,3.086999640800059,1.7999991541728377,11.953998182434589,0,0
347,crossing,34175.060850751,1.282001903746277,5.205001798458397,2.2239983081817627,1.7030033632181585,10.414005373604596,0,0
348,crossing,34175.204419168,2.2369931684806943,7.553004252258688,4.123001417610794,2.26799602387473,16.180994862224907,0,0
349,crossing,34175.333077883,2.020999090746045,5.173002136871219,2.8240028768777847,1.4619945432059467,11.479998647700995,0,0
350,crossing,34175.46052473,1.9810031517408788,4.939996870234609,2.310000127181411,1.2969976523891091,10.527997801546007,0,0
351,crossing,34175.585534065,0.8970018825493753,5.253998097032309,3.007997293025255,1.5400000847876072,10.698997357394546,0,0
352,crossing,34175.721212327,1.04300124803558,4.221998096909374,2.239001332782209,1.3030003174208105,8.807000995147973,0,0
353,crossing,34175.852947493,2.391003363300115,7.007998647168279,3.7249992601573467,2.2750027710571885,15.399004041682929,0,0
354,crossing,34176.000559229,2.062995918095112,5.856003554072231,2.8519934858195484,1.2690070434473455,12.040000001434237,0,0
355,crossing,34176.121238073,2.0950028556399047,5.798996426165104,3.098000888712704,1.444001100026071,12.436001270543784,0,0
356,crossing,34176.278245041,1.9549988792277873,4.61199670098722,2.391003363300115,1.6049962141551077,10.56299515767023,0,0
357,crossing,34176.40398952,1.4300021575763822,4.660003469325602,2.4429973564110696,1.3120006769895554,9.84500366030261,0,0
358,crossing,34176.530301785,1.7359998309984803,5.3409967222251,2.721004420891404,1.453998265787959,11.251999239902943,0,0
359,crossing,34176.661301677,2.159002178814262,5.8349978644400835,2.7089990908280015,1.562999386806041,12.265998520888388,0,0
360,crossing,34176.796331663,1.4420002116821706,4.642999556381255,2.2560052457265556,1.344000338576734,9.685005352366716,0,0
361,crossing,34176.915811495,1.644002622924745,5.036999937146902,2.5320041459053755,1.3669996405951679,10.58000634657219,0,0
362,crossing,34177.048579206,1.4780016499571502,4.63199830846861,2.3890024749562144,1.2250020517967641,9.724004485178739,0,0
363,crossing,34177.179694354,1.0999938240274787,4.473004082683474,2.0419975044205785,1.4410034054890275,9.055998816620559,0,0
364,crossing,34177.315328923,1.1809970601461828,4.918998456560075,2.134001988451928,1.2180025805719197,9.452000085730106,0,0
365,crossing,34177.459295696,1.9660001271404326,5.284004146233201,2.454995410516858,1.8400023691356182,11.54500205302611,0,0
366,crossing,34177.579333958,1.9400031305849552,6.362999556586146,2.6339985197409987,1.3919998309575021,12.329001037869602,0,0
367,crossing,34177.708632352,1.471998984925449,4.658002580981702,1.87299883691594,1.4079996617510915,9.411000064574182,0,0
368,crossing,34177.855448178,1.9549988792277873,5.422996764536947,2.616005076561123,1.3509998098015785,11.345000530127436,0,0
369,crossing,34177.998951633,1.87299883691594,4.863999492954463,2.330001734662801,1.2509990483522415,10.317999112885445,0,0
370,crossing,34178.128786542,2.330001734662801,6.2259932747110724,3.2320022000931203,2.1470041247084737,13.935001334175467,0,0
371,crossing,34178.26177104,1.9639992387965322,4.7770008677616715,2.7889982447959483,1.3379976735450327,10.867996024899185,0,0
372,crossing,34178.370496378,1.5220066416077316,3.8329962990246713,1.5859986888244748,0.7960043149068952,7.737005944363773,0,0
373,crossing,34178.519976723,1.4569959603250027,4.998000804334879,2.48300057137385,1.4660035958513618,10.404000931885093,0,0
374,crossing,34178.652367114,1.5929981600493193,4.626999725587666,2.077998942695558,1.3280005077831447,9.625997336115688,0,0
375,crossing,34178.782348228,0.9939976735040545,5.209003575146198,2.4280016077682376,1.358996087219566,9.989998943638057,0,0
376,crossing,34178.918106877,1.9069993868470192,4.781999450642616,2.759006747510284,1.3419994502328336,10.790005035232753,0,0
377,crossing,34179.045390464,1.863001671154052,4.741996235679835,2.4570035748183727,1.414999132975936,10.477000614628196,0,0
378,crossing,34179.174581394,1.3649987522512674,3.3719989005476236,1.5370023902505636,1.1079973774030805,7.381997420452535,0,0
379,crossing,34179.302884886,2.0270017557777464,4.706998879555613,2.7269998099654913,1.2849995982833207,10.746000043582171,0,0
380,crossing,34179.43799434,1.863001671154052,11.319003533571959,2.4239998310804367,1.79699418367818,17.402999219484627,0,0
381,crossing,34179.588968923,4.112996975891292,9.852003131527454,4.1099992813542485,2.335000317543745,20.40999970631674,0,0
382,crossing,34179.719276853,1.6220001270994544,6.344002031255513,3.0989976949058473,1.8749997252598405,12.939999578520656,0,0
383,crossing,34179.86313713,1.9689978216774762,5.522000719793141,2.788001438602805,1.601001713424921,11.880001693498343,0,0
384,crossing,34179.995846171,0.7370035746134818,4.499001079238951,1.8319988157600164,1.2029995559714735,8.271003025583923,0,0
385,crossing,34180.113156286,1.9180006347596645,4.888999683316797,2.7839996619150043,1.510998117737472,11.101998097728938,0,0
386,crossing,34180.24646721,2.200999006163329,7.96299718786031,3.8049984141252935,1.9400031305849552,15.908997738733888,0,0
387,crossing,34180.391625857,1.5330006135627627,5.08299854118377,16.19099930394441,1.7709971871227026,24.577995645813644,0,0
388,crossing,34180.536373946,1.5839978004805744,5.277004675008357,2.5669942260719836,1.6789999790489674,11.106996680609882,0,0
389,crossing,34180.64804721,1.6920021153055131,4.893998266197741,2.8579961508512497,1.5760015230625868,11.01999805541709,0,0
390,crossing,34180.778092301,1.1899974197149277,4.421999619808048,2.092005161102861,0.9319992386735976,8.636001439299434,0,0
391,crossing,34180.92088482,1.5780024114064872,5.4679985623806715,2.316002792213112,1.7689962987788022,11.131000064779073,0,0
392,crossing,34181.040295031,2.4280016077682376,5.8299992815591395,2.916996891144663,1.49600236909464,12.67100014956668,0,0
393,crossing,34181.164991195,0.7499984349124134,5.196998245082796,9.284005500376225,2.0279985619708896,17.259000742342323,0,0
394,crossing,34181.301723561,1.7889979062601924,6.597998435609043,3.760003892239183,2.2909953258931637,14.437995560001582,0,0
395,crossing,34181.441109573,2.7839996619150043,7.299000571947545,3.8999933167360723,1.7600032151676714,15.742996765766293,0,0
396,crossing,34181.583305407,2.2559979697689414,6.627997208852321,3.088003722950816,1.510001311544329,13.482000213116407,0,0
397,crossing,34181.716898282,1.9500002963468432,6.064998160582036,2.881999535020441,1.9470026018097997,12.84400059375912,0,0
398,crossing,34181.839451294,1.5350015019066632,5.545996828004718,2.3790053091943264,1.6709964256733656,11.131000064779073,0,0
399,crossing,34181.979102714,1.324995537288487,4.870002157986164,2.278997271787375,1.6270059859380126,10.101000953000039,0,0
400,crossing,34182.120656069,2.1570012904703617,5.027999577578157,1.6900012269616127,1.0900039342232049,9.965006029233336,0,0
401,crossing,34182.23595858,0.943997292779386,3.688001015689224,1.767999492585659,1.2989985407330096,7.698996341787279,0,0
402,crossing,34182.373785714,1.3309982023201883,4.879999323748052,2.2370004444383085,1.3980024959892035,9.846000466495752,0,0
403,crossing,34182.503943053,1.3449971447698772,3.854001988656819,1.767999492585659,1.052998413797468,8.019997039809823,0,0
404,crossing,34182.63637716,1.9559956854209304,5.050002073403448,2.8560025384649634,1.3600001693703234,11.222000466659665,0,0
405,crossing,34182.788422376,2.091001078952104,5.305002559907734,2.831002348102629,1.4139950508251786,11.641001037787646,0,0
406,crossing,34182.924893381,1.9739964045584202,5.610003427136689,2.6999987312592566,1.9020008039660752,12.185999366920441,0,0
407,crossing,34183.06180853,1.7540005501359701,5.076995876152068,3.178000042680651,1.405998773407191,11.41499524237588,0,0
408,crossing,34183.175661366,1.2399978004395962,4.882000212091953,2.258995664305985,1.4450051821768284,9.825998859014362,0,0
409,crossing,34183.321938802,2.1609957912005484,6.42400118522346,2.6460038498044014,1.8939972505904734,13.124998076818883,0,0
410,crossing,34183.457304392,2.540997229516506,5.879999662283808,2.9560032999143004,2.135995600838214,13.512995792552829,0,0
411,crossing,34183.571170592,2.363005478400737,5.436995706986636,2.888002200052142,1.5280020306818187,12.216005416121334,0,0
412,crossing,34183.719767724,0.8170027285814285,3.473003744147718,1.45800004247576,1.0909934644587338,6.83899997966364,0,0
413,crossing,34183.835613003,0.8420029189437628,5.4829943110235035,2.600005245767534,1.5639961929991841,10.488998668733984,0,0
414,crossing,34183.981366802,0.7639973773621023,3.0430019251070917,1.2320015230216086,0.7939961506053805,5.832996976096183,0,0
415,crossing,34184.107404719,2.944005245808512,7.925998943392187,2.9340008040890098,1.6039994079619646,15.408004401251674,0,0
416,crossing,34184.248473047,2.0559964468702674,5.5630007409490645,2.8319991542957723,1.6429985407739878,12.093994882889092,0,0
417,crossing,34184.37540064,2.5990011636167765,7.8880038927309215,2.89799936581403,2.167995262425393,15.552999684587121,0,0
418,crossing,34184.517894636,1.5589976101182401,5.683003109879792,2.4659966584295034,1.7369966371916234,11.444994015619159,0,0
419,crossing,34184.643498682,2.6759953470900655,6.790003681089729,3.383000148460269,1.9649960449896753,14.813995221629739,0,0
420,crossing,34184.775772973,2.1890009520575404,6.50499714538455,3.0709998100064695,1.6900012269616127,13.454999134410173,0,0
421,crossing,34184.910460303,2.148000930901617,5.248002707958221,2.759996277745813,1.4519973774440587,11.60799729404971,0,0
422,crossing,34185.047680741,1.6279955161735415,5.521003913599998,1.824999344535172,1.2219970813021064,10.195995855610818,0,0
423,crossing,34185.192326219,2.221000613644719,4.683999577537179,1.9459985196590424,1.4690012903884053,10.320000001229346,0,0
424,crossing,34185.335506676,1.3700046110898256,4.756999260280281,2.2669992176815867,0.9989962563849986,9.392999345436692,0,0
425,crossing,34185.455597535,1.4589968486689031,5.738998879678547,2.496002707630396,1.4710021787323058,11.165000614710152,0,0
426,crossing,34185.583360203,0.9809955372475088,3.806002496276051,2.1609957912005484,0.814005034044385,7.761998858768493,0,0
427,crossing,34185.700881618,1.410000550094992,5.711997800972313,2.435997885186225,1.7339989426545799,11.29199517890811,0,0
428,crossing,34185.845616096,0.990999978967011,4.115005140192807,2.4289984139613807,1.1789961718022823,8.71399970492348,0,0
429,crossing,34185.987646399,1.7330021364614367,4.761997843161225,2.3519969545304775,1.7610000213608146,10.607996955513954,0,0
430,crossing,34186.104306779,1.372995029669255,4.6720015234313905,2.410000888630748,1.4640027075074613,9.919000149238855,0,0
431,crossing,34186.236300357,2.2410022211261094,7.360002200584859,3.5009943530894816,2.2230015019886196,15.32500027678907,0,0
432,crossing,34186.362689361,1.209999027196318,3.7040008464828134,1.7640049918554723,1.1129959602840245,7.791000825818628,0,0
433,crossing,34186.502436598,1.8850041669793427,6.075999408494681,2.587999915704131,1.4409961295314133,11.989999620709568,0,0
434,crossing,34186.644832199,1.6589983715675771,5.355999746825546,2.3649990907870233,1.6210033209063113,11.001000530086458,0,0
435,crossing,34186.769906762,2.107000909745693,6.243004463613033,2.7339992811903358,1.9769940990954638,13.060998753644526,0,0
436,crossing,34186.902196388,1.1559968697838485,4.990004526916891,2.373999450355768,1.4399993233382702,9.960000170394778,0,0
437,crossing,34187.03360301,1.2399978004395962,5.14300336362794,2.330001734662801,1.471998984925449,10.185001883655787,0,0
438,crossing,34187.163676181,0.9119976311922073,3.6150013329461217,1.710002834443003,0.7529961294494569,6.989997928030789,0,0
439,crossing,34187.300767163,1.6690028132870793,5.223002517595887,2.492997737135738,1.9240032997913659,11.30900636781007,0,0
440,crossing,34187.428923188,1.1759984772652388,4.456000169739127,1.738997525535524,1.18200114229694,8.55299731483683,0,0
441,crossing,34187.567629957,1.9470026018097997,5.041001713834703,2.4139953893609345,1.3760000001639128,10.77799970516935,0,0
442,crossing,34187.687080587,0.9430004865862429,3.9849983295425773,2.1830055629834533,0.9829964255914092,8.094000804703683,0,0
443,crossing,34187.828443351,2.238004526589066,5.900998075958341,3.244000254198909,1.7229976947419345,13.10600055148825,0,0
444,crossing,34187.963541888,1.5190016711130738,4.745998012367636,2.2230015019886196,1.7650017980486155,10.253002983517945,0,0
445,crossing,34188.090690608,1.3280005077831447,4.212000931147486,2.095999661833048,1.2210002751089633,8.857001375872642,0,0
446,crossing,34188.232129572,1.1089941835962236,4.591005563270301,1.9069993868470192,1.2620002962648869,8.86899942997843,0,0
447,crossing,34188.360731186,2.2129970602691174,5.820998921990395,2.6229972718283534,2.626002242323011,13.282995496410877,0,0
448,crossing,34188.48773703,1.882996002677828,4.330999217927456,2.063003194052726,1.3379976735450327,9.614996088203043,0,0
449,crossing,34188.629755951,1.4410034054890275,4.7009962145239115,2.3700049496255815,1.2460004654712975,9.758005035109818,0,0
450,crossing,34188.755231918,0.9979994501918554,4.565998096950352,2.5569970603100955,1.252999936696142,9.373994544148445,0,0
451,crossing,34188.900117153,3.9869992178864777,7.057999027892947,3.821995051112026,1.8290011212229729,16.695994418114424,0,0
452,crossing,34189.018077524,1.3870012480765581,4.212000931147486,1.7610000213608146,1.1070005712099373,8.467002771794796,0,0
453,crossing,34189.156635437,1.5420009731315076,5.925998266320676,2.435997885186225,1.6300036804750562,11.534000805113465,0,0
454,crossing,34189.292960265,2.06800177693367,6.000998837407678,2.296001184731722,1.4190009096637368,11.784002708736807,0,0
455,crossing,34189.417085612,0.6089976523071527,3.3420001273043454,1.4239994925446808,1.1930023902095854,6.567999662365764,0,0
456,crossing,34189.566475391,0.9079958545044065,4.239998816046864,2.302003849763423,1.2399978004395962,8.68999632075429,0,0
457,crossing,34189.681951422,1.4550023479387164,4.555004124995321,2.0849984139204025,1.2370001059025526,9.332004992756993,0,0
458,crossing,34189.818628433,1.863001671154052,5.819994839839637,2.7130008675158024,1.3680037227459252,11.764001101255417,0,0
459,crossing,34189.953871088,1.872002030722797,5.333000444807112,2.721993951126933,1.2930031516589224,11.219999578315765,0,0
460,crossing,34190.100643995,1.801003236323595,4.8910005716606975,2.5799963623285294,1.400003384333104,10.672003554645926,0,0
461,crossing,34190.215366192,1.6389967640861869,5.408997822087258,2.4220062186941504,1.71599822351709,11.185999028384686,0,0
462,crossing,34190.349273173,0.843996531330049,3.0430019251070917,1.277003320865333,0.8470015018247068,6.011003279127181,0,0
463,crossing,34190.480103456,0.5019974196329713,3.845001629088074,1.501000951975584,0.7920025382190943,6.640002538915724,0,0
464,crossing,34190.622964804,1.8020000425167382,6.415000825654715,3.116998414043337,1.3409953680820763,12.674994650296867,0,0
465,crossing,34190.755319255,1.1680021998472512,4.3050022213719785,2.1719970391131938,1.4160032151266932,9.061004675459117,0,0
466,crossing,34190.874688747,1.1880038073286414,4.437999450601637,1.8099963199347258,1.2570017133839428,8.693001291248947,0,0
467,crossing,34191.024915352,1.4760007616132498,4.6240020310506225,2.296997990924865,1.4570032362826169,9.854004019871354,0,0
468,crossing,34191.151814079,1.5949990483932197,4.950001311954111,2.4949986254796386,2.111002686433494,11.151001672260463,0,0
469,crossing,34191.288844727,1.4039978850632906,4.13400266552344,1.5519981388933957,1.095999323297292,8.185998012777418,0,0
470,crossing,34191.424771284,0.519001332577318,3.069995727855712,1.4790057321079075,0.7639973773621023,5.83200016990304,0,0
471,crossing,34191.544501097,1.9709987100213766,4.826004442293197,2.3469983716495335,1.1289957910776138,10.27299731504172,0,0
472,crossing,34191.683821978,2.015003701671958,4.3769978219643235,2.120003046002239,1.3259996194392443,9.838004189077765,0,0
473,crossing,34191.819163933,1.2319942470639944,4.070003342349082,2.5030021788552403,1.2139935279265046,9.018993296194822,0,0
474,crossing,34191.946527174,1.8870050553232431,5.0439994083717465,2.4229957489296794,1.9700019038282335,11.324002116452903,0,0
475,crossing,34192.082745563,1.2060045264661312,4.329995135776699,2.34400067711249,1.300002622883767,9.180002962239087,0,0
476,crossing,34192.224586839,1.9189974409528077,5.505004082806408,2.30599835049361,1.505999534856528,11.235999409109354,0,0
477,crossing,34192.352429037,1.925000105984509,5.568006599787623,2.5859990273602307,1.8450009520165622,11.924006685148925,0,0
478,crossing,34192.4789886,1.5810001059435308,4.988003638572991,2.425993443466723,1.7210040823556483,10.716001270338893,0,0
479,crossing,34192.612589296,1.8920036382041872,4.636000085156411,2.1320011001080275,1.1349984561093152,9.79500327957794,0,0
480,crossing,34192.743829536,1.6710037016309798,4.4289990910328925,2.0410006982274354,1.649001205805689,9.790004696696997,0,0
481,crossing,34192.881221007,1.3809985830448568,4.47499769506976,1.9849976524710655,1.2540040188468993,9.094997949432582,0,0
482,crossing,34193.008792919,2.553002559579909,7.962000381667167,3.78400000045076,2.030996256507933,16.32999919820577,0,0
483,crossing,34193.139240959,1.953005266841501,4.836998414248228,2.387001586612314,1.4649995137006044,10.642004781402647,0,0
484,crossing,34193.280291713,1.7089987522922456,4.959001671522856,2.2959939087741077,2.006003342103213,10.969997674692422,0,0
485,crossing,34193.415556002,1.6030026017688215,4.708999767899513,2.335997123736888,1.7920028767548501,10.440002370160073,0,0
486,crossing,34193.543949286,1.6900012269616127,5.416994099505246,2.200999006163329,1.7290003597736359,11.036994692403823,0,0
487,crossing,34193.678400014,2.0419975044205785,4.645997250918299,2.1310042939148843,1.5959958545863628,10.414994903840125,0,0
488,crossing,34193.808732746,1.5949990483932197,4.720997822005302,2.2700041881762445,1.3799945008940995,9.965995559468865,0,0
489,crossing,34193.939264019,2.4000037228688598,7.201997505035251,3.549001121427864,1.920001523103565,15.07100387243554,0,0
490,crossing,34194.077109549,1.77200126927346,4.790003004018217,2.576998667791486,1.5389960026368499,10.677998943720013,0,0
491,crossing,34194.207554271,1.5789992175996304,4.697998519986868,2.168002538383007,1.0739968274720013,9.518997103441507,0,0
492,crossing,34194.339437113,1.5039986465126276,4.48600621894002,2.235996362287551,1.382002665195614,9.608003892935812,0,0
493,crossing,34194.472334421,1.0759977158159018,4.544999683275819,2.6130001060664654,1.3780008885078132,9.611998393666,0,0
494,crossing,34194.609244556,2.0119987311773,4.674002411775291,2.8520007617771626,1.4329998521134257,10.97100175684318,0,0
495,crossing,34194.741122175,1.2029995559714735,4.923997039441019,2.7560017770156264,1.444001100026071,10.32699947245419,0,0
496,crossing,34194.872314341,1.100997906178236,3.60699777957052,2.086999302264303,0.8300048648379743,7.624999852851033,0,0
497,crossing,34195.00549059,1.0359945008531213,3.483000909909606,1.5699988580308855,0.9360010153613985,7.024995284155011,0,0
498,crossing,34195.142931973,1.5650002751499414,4.880996129941195,2.38200300373137,1.3190001482143998,10.146999557036906,0,0
499,crossing,34195.279282174,1.8229984561912715,5.683003109879792,2.4179971660487354,1.977001375053078,11.901000107172877,0,0
500,crossing,34195.42628814,1.9409999367780983,5.599998985417187,2.6609995984472334,1.61500065587461,11.816999176517129,0,0
501,crossing,34195.537153265,1.6749982023611665,6.707996362820268,3.0709998100064695,1.5309997252188623,12.984994100406766,0,0
502,crossing,34195.678057483,2.102002326864749,5.738002073485404,2.634995325934142,1.6210033209063113,12.096003047190607,0,0
503,crossing,34195.815144706,2.1169980755075812,5.321002390701324,2.9379953048191965,1.4220058801583946,11.798001651186496,0,0
504,crossing,34195.940366814,1.0689982445910573,5.130001227371395,2.4710025172680616,1.3919998309575021,10.062001820188016,0,0
505,crossing,34196.071510878,2.1140003809705377,5.367000994738191,3.1149975256994367,2.302003849763423,12.898002751171589,0,0
506,crossing,34196.21745433,1.758002326823771,5.034999048803002,2.759996277745813,1.3520038919523358,10.905001545324922,0,0
507,crossing,34196.355236068,1.3110038707964122,3.6909987102262676,1.7030033632181585,1.2429954949766397,7.948001439217478,0,0
508,crossing,34196.48477344,2.196000423282385,9.256000339519233,2.964996383525431,1.8749997252598405,16.29199687158689,0,0
509,crossing,34196.613201452,1.8710052245296538,5.2440009312704206,2.8039939934387803,2.3620013962499797,12.281001545488834,0,0
510,crossing,34196.755118484,2.1230007405392826,5.679001333191991,2.640997990965843,1.61500065587461,12.058000720571727,0,0
511,crossing,34196.876921718,22.652995539829135,6.5920030465349555,3.136003215331584,1.6509948181919754,34.03199661988765,0,0
512,crossing,34197.003068001,2.035994839388877,5.378002242650837,2.6670022634789348,1.572996552567929,11.653995898086578,0,0
513,crossing,34197.143871829,1.5229961718432605,8.819006325211376,3.426997864153236,2.1180021576583385,15.887002518866211,0,0
514,crossing,34197.27561436,1.0689982445910573,6.14800228504464,2.697997842915356,1.8120044842362404,11.727002856787294,0,0
515,crossing,34197.411470601,1.9290018826723099,7.167996955104172,3.088003722950816,1.486994733568281,13.67199729429558,0,0
516,crossing,34197.570477947,1.6649937606416643,4.530003934632987,2.278000465594232,1.2550008250400424,9.727998985908926,0,0
517,crossing,34197.678477808,1.7650017980486155,4.567998985294253,2.0450024749152362,1.2899981811642647,9.668001439422369,0,0
518,crossing,34197.821949064,1.601001713424921,5.587004125118256,2.2809981601312757,1.3879980542697012,10.857002052944154,0,0
519,crossing,34197.926217222,2.006003342103213,5.907997547183186,2.458000381011516,1.8170030671171844,12.1890043374151,0,0
520,crossing,34198.075802067,110.1140005630441,21.77700662286952,3.6389974411576986,1.5039986465126276,137.03400327358395,0,0
521,crossing,34198.194777803,1.6389967640861869,5.050998879596591,2.378001227043569,1.4510005712509155,10.518997441977262,0,0
522,crossing,34198.333562582,1.486005203332752,4.520996299106628,2.458000381011516,1.3930039131082594,9.858005796559155,0,0
523,crossing,34198.456954287,2.0329971448518336,5.116999091114849,2.5720000849105418,1.3680037227459252,11.09000004362315,0,0
524,crossing,34198.596325695,1.405001967214048,4.221001290716231,2.526001480873674,1.1469965102151036,9.299001249019057,0,0
525,crossing,34198.734309284,1.3780008885078132,4.305999027565122,2.5389963411726058,1.14399881567806,9.3669950729236,0,0
526,crossing,34198.868565061,1.720000000204891,5.571004294324666,2.3329994291998446,1.4609977370128036,11.085001460742205,0,0
527,crossing,34198.999228718,1.6749982023611665,5.635003617499024,2.157998096663505,1.753003743942827,11.221003660466522,0,0
528,crossing,34199.144476747,2.1320011001080275,5.513000360224396,2.858992957044393,1.5350015019066632,12.03899591928348,0,0
529,crossing,34199.263909425,1.243999577127397,4.499001079238951,2.1650048438459635,1.2829987099394202,9.191004210151732,0,0
530,crossing,34199.390273746,0.6650006980635226,3.815999662037939,1.4879988157190382,0.8420029189437628,6.811002094764262,0,0
531,crossing,34199.524348665,1.8130012904293835,4.579997039400041,2.443004632368684,1.3309982023201883,10.167001164518297,0,0
532,crossing,34199.677438835,1.0069998097606003,4.581001121550798,2.152999513782561,1.376996806357056,9.117997251451015,0,0
533,crossing,34199.796714245,1.0180010576732457,3.36900120601058,1.4899997040629387,0.9879950084723532,6.864996976219118,0,0
534,crossing,34199.933517496,1.038002665154636,4.163994162809104,1.7470010789111257,1.2900054571218789,8.239003363996744,0,0
535,crossing,34200.065214652,0.7549970177933574,4.799003363586962,2.214997948613018,1.6560006770305336,9.424999007023871,0,0
536,crossing,34200.208389018,1.2300006346777081,4.78899892186746,2.3180036805570126,1.3409953680820763,9.677998605184257,0,0
537,crossing,34200.329648995,1.8900027498602867,4.734996764454991,2.2769963834434748,1.4610050129704177,10.36300091072917,0,0
538,crossing,34200.467199538,2.300999767612666,5.6249991757795215,3.0040027922950685,1.4460019883699715,12.376003724057227,0,0
539,crossing,34200.587449462,1.9669969333335757,5.0439994083717465,2.38200300373137,1.6120029613375664,11.005002306774259,0,0
540,crossing,34200.731977078,1.2759992387145758,5.369998689275235,2.2899985197000206,1.7620041035115719,10.698000551201403,0,0
541,crossing,34200.856143199,1.6269987099803984,5.401998350862414,2.007000148296356,1.77200126927346,10.807998478412628,0,0
542,crossing,34201.007686484,1.567997969686985,5.754998710472137,2.5520057533867657,1.6799967852421105,11.554999218787998,0,0
543,crossing,34201.136395905,1.9490034901537001,5.391993909142911,2.526001480873674,2.0139996195212007,11.880998499691486,0,0
544,crossing,34201.260101391,2.4339969968423247,5.437999789137393,2.8900030883960426,1.4329998521134257,12.194999726489186,0,0
545,crossing,34201.38767337,1.0719959391281009,4.588000592775643,1.6870035324245691,1.4519973774440587,8.798997441772372,0,0
546,crossing,34201.535602171,1.648993929848075,5.485002475325018,2.1719970391131938,1.2700038496404886,10.575997293926775,0,0
547,crossing,34201.655142505,0.9330033208243549,5.32299600308761,3.068002115469426,1.252999936696142,10.577001376077533,0,0
548,crossing,34201.791385638,1.3870012480765581,4.440000338945538,2.5000044843181968,1.2339951354078948,9.561001206748188,0,0
549,crossing,34201.930930426,1.515996700618416,4.945002729073167,2.7700007194653153,1.3289973139762878,10.559997463133186,0,0
550,crossing,34202.06020561,1.1309966794215143,4.348003130871803,2.292996214237064,1.3500030036084354,9.121999028138816,0,0
551,crossing,34202.199950404,1.8190039554610848,5.142996087670326,2.615000994410366,1.3839962775819004,10.960997315123677,0,0
552,crossing,34202.326082327,0.6699992809444666,2.8799986466765404,1.405998773407191,0.9869982022792101,5.942994903307408,0,0
553,crossing,34202.468824309,1.2649979908019304,4.682005965150893,2.396998752374202,1.2719974620267749,9.6160001703538,0,0
554,crossing,34202.602177293,1.4189936337061226,4.633002390619367,2.1669984562322497,1.4500037650577724,9.668998245615512,0,0
555,crossing,34202.738234402,2.3190004867501557,6.775000656489283,2.4839973775669932,1.6870035324245691,13.265002053231001,0,0
556,crossing,34202.874821238,0.9169962140731514,5.152003723196685,2.2169988369569182,1.2840027920901775,9.570001566316932,0,0
557,crossing,34203.008330827,1.538006472401321,5.7019933592528105,2.3090033209882677,1.6220001270994544,11.171003279741853,0,0
558,crossing,34203.151237075,1.910004357341677,4.514993634074926,1.8560021999292076,1.3690005289390683,9.65000072028488,0,0
559,crossing,34203.282580645,1.958003849722445,6.1539976741187274,2.715998562052846,1.4840043149888515,12.31200440088287,0,0
560,crossing,34203.397782434,1.6389967640861869,4.592002369463444,2.5129993446171284,1.5240002539940178,10.267998732160777,0,0
561,crossing,34203.526339278,1.7319980543106794,4.626999725587666,2.492000930942595,1.0809962986968458,9.931995009537786,0,0
562,crossing,34203.656870471,1.0169969755224884,3.068998921662569,1.3630051398649812,0.7380003808066249,6.1870014178566635,0,0
563,crossing,34203.790970758,1.800006430130452,4.589994205161929,2.1750020096078515,1.3699973351322114,9.934999980032444,0,0
564,crossing,34203.920143337,0.5859983502887189,4.551999154500663,1.8849968910217285,1.139000232797116,8.161994628608227,0,0
565,crossing,34204.040285817,0.9100040188059211,3.9299993659369648,1.8479986465536058,1.015003363136202,7.703005394432694,0,0
566,crossing,34204.186116291,1.7620041035115719,4.352994437795132,2.011001924984157,1.139000232797116,9.265000699087977,0,0
567,crossing,34204.314673073,1.376996806357056,3.787004970945418,1.8629943951964378,0.6180052878335118,7.6450014603324234,0,0
568,crossing,34204.43635746,1.9220024114474654,6.3639963627792895,2.4180044420063496,1.467997208237648,12.172000424470752,0,0
569,crossing,34204.569693355,1.2630043784156442,4.2439933167770505,1.906002580653876,1.0060030035674572,8.419003279414028,0,0
570,crossing,34204.720983819,1.1809970601461828,3.950997779611498,1.8600039766170084,1.1079973774030805,8.09999619377777,0,0
571,crossing,34204.844522308,2.038999809883535,4.407003871165216,1.9270009943284094,1.5479963622055948,9.921001037582755,0,0
572,crossing,34204.981748935,0.9859941201284528,2.8600043151527643,1.2879972928203642,0.6990012479946017,5.832996976096183,0,0
573,crossing,34205.114903629,2.191001840401441,5.89499541092664,2.6800043997354805,1.315995177719742,12.081996828783303,0,0
574,crossing,34205.248289034,1.7809943528845906,4.900000931229442,2.3760003386996686,1.1700030881911516,10.226998711004853,0,0
