frame,tracker,timestamp,predict_us,associate_us,update_us,create_delete_us,deduplicate_us,total_us,num_tracks,num_detections
1,object,22656.905054404,1.252999936696142,7.179998647188768,2.5670015020295978,97.04599870019592,0.9510004019830376,108.99699918809347,1,1
2,object,22656.928088816,54.180000006454065,103.74900011811405,36.141998862149194,2.9950024327263236,0.37000063457526267,197.4360020540189,1,1
3,object,22656.954423319,119.56299931625836,152.7840031485539,44.996999349677935,3.1989984563551843,0.6990012479946017,321.24200151883997,1,1
4,object,22656.981606492,48.3069998153951,131.77199798519723,47.549001465085894,3.754998033400625,0.48299989430233836,231.8659971933812,1,1
5,object,22657.007402491,63.80400009220466,153.08900037780404,50.68600148661062,3.649998689070344,0.41100065573118627,271.64000130142085,1,1
6,object,22657.032566977,125.34400229924358,385.8460004266817,122.94199768803082,10.175001079915091,1.1349984561093152,645.4419999499805,1,1
7,object,22657.057274882,41.919996874639764,109.1150006686803,31.553001463180408,2.225999196525663,0.35600169212557375,185.1699998951517,1,1
8,object,22657.08234065,46.664001274621114,115.79499914660119,32.329000532627106,2.2999993234407157,0.3260029188822955,197.41400319617242,1,1
9,object,22657.109496698,91.73999933409505,280.93999935663305,104.78399781277403,6.666003173450008,0.9019968274515122,485.03199650440365,1,1
10,object,22657.133896066,87.0869989739731,241.76100123440847,88.47999924910255,6.403002771548927,0.7019989425316453,424.4330011715647,1,1
11,object,22657.161131847,82.63900235760957,237.30699831503443,101.72499969485216,6.432001100620255,0.7589987944811583,428.8620002625976,1,1
12,object,22657.187403418,90.63999823410995,127.44600098812953,32.799001928651705,2.500997652532533,0.29600050766021013,253.68199931108393,1,1
13,object,22657.211333952,43.17999992053956,120.18699999316595,39.17900176020339,3.3369979064445943,0.39099904824979603,206.2739986286033,1,1
14,object,22657.237569843,88.92199912224896,256.91400151117705,127.76899893651716,7.374001143034548,0.8399983926210552,481.8189991055988,1,1
15,object,22657.264118936,87.38999895285815,242.07500246120617,100.4189980449155,7.046000973787159,0.8179995347745717,437.74799996754155,1,1
16,object,22657.289697675,120.25399701087736,367.18800038215704,172.02800154336728,9.545998182147741,1.1789998097810894,670.1949969283305,1,1
17,object,22657.313899746,90.12000009533949,283.6069979821332,119.68400212936103,6.4639971242286265,0.8370006980840117,500.71199802914634,1,1
18,object,22657.338414306,59.923000662820414,151.3030001660809,59.635000070557,3.683999239001423,0.4710018401965499,275.0160019786563,1,1
19,object,22657.363348012,66.995999077335,176.09800124773756,73.40400043176487,5.032998160459101,0.562002242077142,322.09300115937367,1,1
20,object,22657.389675814,120.8139983646106,361.13800160819665,175.5720004439354,9.74999784375541,1.4220022421795875,668.6960005026776,1,1
21,object,22657.415536113,117.89400014095008,330.24400181602687,198.2099965971429,9.438001143280417,1.3159988156985492,657.1019985130988,1,1
22,object,22657.4430886,117.54699880839325,329.46799910860136,155.7120012876112,9.45699866861105,1.4700017345603555,613.6539996077772,1,1
23,object,22657.467225667,38.616002711933106,123.74099969747476,47.6889981655404,2.7520000003278255,0.2900014806073159,213.0880020558834,1,1
24,object,22657.494747004,49.67900167685002,181.83999782195315,69.1760033078026,3.7809986679349095,0.443000317318365,304.91900179185905,1,1
25,object,22657.521264534,106.54300058376975,336.52699858066626,178.62200184026733,10.108000424224883,1.224998413817957,633.0249998427462,1,1
26,object,22657.544731563,115.92599912546575,292.9639995272737,106.53199933585711,7.954000466270372,0.9370014595333487,524.3129999144003,1,1
27,object,22657.56990892,90.3530017239973,348.42400054913014,136.78499817615375,8.638002327643335,0.8600000001024455,585.060002777027,1,1
28,object,22657.601172371,60.582999140024185,124.20900020515546,38.33899972960353,2.769000275293365,0.24100154405459762,226.14100089413114,1,1
29,object,22657.63086204,58.08799687656574,168.4180024312809,59.04099816689268,3.9190017560031265,0.471998646389693,289.93799787713215,1,1
30,object,22657.659340842,82.39499948103912,221.73599791130982,92.89200170314871,6.56300107948482,0.7799972081556916,404.36599738313816,1,1
31,object,22657.689321329,71.3299996277783,234.23200036631897,99.1119995887857,6.608002877328545,0.8459974196739495,412.12799987988546,1,1
32,object,22657.715772249,90.89800005313009,275.96399741014466,75.17999983974732,5.414000042947009,0.5030015017837286,447.9589988477528,1,1
33,object,22657.738273675,65.01299867522903,228.6039998580236,39.476999518228695,3.0240007617976516,0.567000824958086,336.68499963823706,1,1
34,object,22657.762439234,47.78600123245269,150.9549983893521,57.01700138160959,3.655997716123238,0.538002495886758,259.9520012154244,1,1
35,object,22657.789035429,107.20600039348938,292.2060011769645,107.04399755923077,6.632002623518929,0.890999217517674,513.9790009707212,1,1
36,object,22657.816879463,82.44299897341989,256.3900015957188,100.99599967361428,6.54099858365953,0.8150018402375281,447.18500066665,1,1
37,object,22657.84768418,84.94099893141538,264.8310000950005,107.58099961094558,6.919002771610394,0.8449969755019993,465.11699838447385,1,1
38,object,22657.871715078,45.204000343801454,112.85399887128733,36.81500311358832,2.710999979171902,0.2529995981603861,197.8370019060094,1,1
39,object,22657.895657041,46.39799954020418,126.84199828072451,44.88900231081061,2.9900002118665725,0.4260000423528254,221.5450003859587,1,1
40,object,22657.921647973,81.85400292859413,229.15799854672514,109.47600094368681,6.637998012593016,0.8210008672904223,427.9470012988895,1,1
41,object,22657.949306283,78.37099838070571,225.3320017189253,109.37399929389358,6.592999852728099,0.872001692187041,420.54200093843974,1,1
42,object,22657.975119404,41.20700032217428,131.7710011790041,54.52099867397919,3.522000042721629,0.39600126910954714,231.41700148698874,1,1
43,object,22657.998218098,45.00399882090278,114.73899940028787,36.51299994089641,2.6980014808941633,0.32800016924738884,199.2819998122286,1,1
44,object,22658.022346498,63.206000049831346,185.8159994299058,76.75400047446601,5.014997441321611,0.7060007192194462,331.4969981147442,1,1
45,object,22658.046717439,77.02500079176389,254.2549991630949,104.08399975858629,6.450001819757745,1.0789990483317524,442.8930005815346,1,1
46,object,22658.072767526,89.89900015876628,265.92600261210464,104.9940001394134,6.693997420370579,0.8740025805309415,468.38700291118585,1,1
47,object,22658.0994264,81.84499893104658,226.26500140177086,93.33599882666022,6.446000043069944,1.1470001481939107,409.0389993507415,1,1
48,object,22658.127273862,60.83200059947558,125.80200200318359,31.41699926345609,2.344997483305633,0.30200317269191146,220.6980025221128,1,1
49,object,22658.154144332,71.89200186985545,179.90700143855065,36.698998883366585,4.002999048680067,0.462001480627805,292.96300272108056,1,1
50,object,22658.180708798,75.77299766126089,259.89899950218387,106.71400013961829,6.824000593042001,0.829000782687217,450.03899867879227,1,1
51,object,22658.207154018,85.95599865657277,240.02200007089414,101.52899994864129,7.052000000840053,0.8620008884463459,435.4209995653946,1,1
52,object,22658.234850615,89.27499948185869,289.0739997383207,100.02899944083765,6.885999027872458,0.8410024747718126,486.1050001636613,1,1
53,object,22658.260029596,53.63400123314932,115.16499944264069,34.493998100515455,2.736000169534236,0.3070017555728555,206.33600070141256,1,1
54,object,22658.285280512,36.82300302898511,101.19199941982515,31.578998459735885,2.929999027401209,0.3310015017632395,172.8550014377106,1,1
55,object,22658.31297561,83.39800115209073,187.81900143949315,72.56399840116501,4.66900019091554,0.6939990271348506,349.1440002107993,1,1
56,object,22658.340147454,83.68099952349439,240.2950012765359,114.89600001368672,6.951999239390716,0.9539980965200812,446.7779981496278,1,1
57,object,22658.36534466,81.4240011095535,223.52899759425782,109.71200026688166,7.070000719977543,0.8040005923248827,422.5390002829954,1,1
58,object,22658.389795286,33.83000148460269,96.88199861557223,32.482999813510105,2.3130014596972615,0.23299799067899585,165.74099936406128,1,1
59,object,22658.413967784,76.92700091865845,143.65799870574847,42.73699960322119,3.340002876939252,0.7019989425316453,267.364001047099,1,1
60,object,22658.44011366,108.86100062634796,251.1669990781229,101.83199992752634,7.050999556668103,0.900003215065226,469.8110024037305,1,1
61,object,22658.463748057,85.31899948138744,283.8319996953942,103.70599920861423,6.915000994922593,0.8679999154992402,480.6399992958177,1,1
62,object,22658.487535149,86.50499876239337,306.66400198242627,184.83099847799167,9.228999260812998,1.038999471347779,588.2679979549721,1,1
63,object,22658.510905427,63.40400068438612,231.59500051406212,79.87099888850935,5.2200011850800365,0.6469999789260328,380.73700125096366,1,1
64,object,22658.535700513,58.22599996463396,169.77600171230733,39.80899782618508,3.4710028558038175,0.4799985617864877,271.7620009207167,1,1
65,object,22658.561378623,58.486002671997994,159.8210001247935,50.58199894847348,3.453998942859471,0.4339999577496201,272.77700064587407,1,1
66,object,22658.585788569,77.5540029280819,253.11299759778194,106.22400077409111,7.1690010372549295,0.857999111758545,444.9180014489684,1,1
67,object,22658.608954483,128.0350006709341,248.18499878165312,101.55500058317557,6.674999895039946,0.8410024747718126,485.29100240557455,1,1
68,object,22658.633899215,90.89099694392644,260.56500064441934,104.1409996105358,6.838003173470497,1.0179974196944386,463.4529977920465,1,1
69,object,22658.659307753,60.71199823054485,145.1700009056367,44.76599860936403,3.4900003811344504,0.5940019036643207,254.73200003034435,1,1
70,object,22658.682054435,75.9799986553844,151.04300109669566,53.59699935070239,3.5439989005681127,0.40600207285024226,284.5700000762008,1,1
71,object,22658.706599203,76.16799848619848,283.2080026564654,159.68899970175698,7.490998541470617,0.9499999578110874,527.5059993437026,1,1
72,object,22658.731074614,126.25900126295164,328.01500128698535,154.58799680345692,8.891001925803721,1.176998921437189,618.9300002006348,1,1
73,object,22658.75383598,72.60400161612779,267.78599931276403,101.6610003716778,6.150999979581684,1.7120000848080963,449.9140013649594,1,1
74,object,22658.777125349,84.7650007926859,239.65099899214692,95.37500227452256,6.529000529553741,0.8429997251369059,427.163002314046,1,1
75,object,22658.800291045,59.84699964756146,139.76499758427963,33.97100226720795,2.4849978217389435,0.22600215743295848,236.29399947822094,1,1
76,object,22658.854911198,154.6849998703692,7.397000445052981,4.550998710328713,16.586000128882006,1.6410012904088944,184.8600004450418,1,0
77,object,22658.89932222,64.04300074791536,4.3339969124644995,2.229000529041514,8.304999937536195,0.9979994501918554,79.90899757714942,1,0
78,object,22658.94423403,15.980000171111897,1.2979980965610594,0.6869995559100062,2.239001332782209,0.2980013960041106,20.50200055236928,1,0
79,object,22658.989448568,90.32999878400005,5.046000296715647,2.730001142481342,11.60699684987776,1.0559997463133186,110.76899681938812,1,0
80,object,22659.034410451,102.35299851046875,5.00200258102268,4.026998794870451,10.515999747440219,0.7259986887220293,122.62399832252413,1,0
81,object,22659.079386708,77.15399988228455,3.8580001273658127,1.9910003175027668,10.03400029730983,0.6129994289949536,93.65000005345792,1,0
82,object,22659.124546433,89.64700100477785,4.822999471798539,2.806002157740295,12.142998457420617,1.1060001270379871,110.52500121877529,1,0
83,object,22659.169225254,47.2129977424629,3.3700016501825303,2.057997335214168,6.740003300365061,0.8409988367930055,60.22199886501767,1,0
84,object,22659.214220375,52.616000175476074,2.6909983716905117,1.3230019249022007,6.4829982875380665,0.5539986887015402,63.66699744830839,1,0
85,object,22659.259478507,116.37699935818091,4.771001840708777,3.315999492770061,12.124000932089984,1.2279997463338077,137.81600137008354,1,0
86,object,22659.283442278,84.96800001012161,246.9569990353193,101.76800060435198,6.9970010372344404,0.829000782687217,441.51900146971457,1,1
87,object,22659.307027047,83.78599886782467,257.8470011940226,180.56099725072272,9.036000847117975,1.0369985830038786,532.2669967426918,1,1
88,object,22659.330490978,43.70099850348197,102.42799908155575,31.943000067258254,2.143002348020673,0.3449968062341213,180.55999680655077,1,1
89,object,22659.355185233,38.09400004683994,117.14799984474666,36.756002373294905,2.8600006771739572,0.35099947126582265,195.2090024133213,1,1
90,object,22659.381066507,65.00599920400418,234.7980007471051,108.05299825733528,9.150000551017001,0.9089999366551638,417.91599869611673,1,1
91,object,22659.405835181,126.70899741351604,386.82300146319903,179.82599820243195,9.65300205280073,1.1449992598500103,704.1559983917978,1,1
92,object,22659.432430231,165.10400018887594,532.748999830801,169.27999968174845,11.199997970834374,1.3749995559919626,879.7079972282518,1,1
93,object,22659.456404438,48.02700277650729,119.33799760299735,33.3419993694406,2.478001988492906,0.31499803299084306,203.49999977042899,1,1
94,object,22659.479943686,45.16099943430163,132.5939992966596,36.543999158311635,2.6170018827542663,0.3799978003371507,217.29599757236429,1,1
95,object,22659.504301314,56.17400165647268,146.66700008092448,55.66099935094826,3.969998942920938,0.4900030035059899,262.96200303477235,1,1
96,object,22659.528376069,86.52299948153086,238.6759988439735,100.5850026558619,6.791997293476015,0.8750030247028917,433.45100129954517,1,1
97,object,22659.551704031,83.72699812753126,260.8320028230082,105.69999722065404,6.764999852748588,0.8640017767902464,457.88799980073236,1,1
98,object,22659.574427896,141.69899804983288,352.4269995978102,184.6530030888971,7.4499985203146935,0.9239993232768029,687.1529985801317,1,1
99,object,22659.597485362,44.272001105127856,111.54999810969457,31.621002563042566,2.3840002540964633,0.22499807528220117,190.05200010724366,1,1
100,object,22659.64941637,90.43799946084619,4.975998308509588,3.0660012271255255,11.689000530168414,1.309999788645655,111.47899931529537,1,0
101,object,22659.69445338,96.09699918655679,6.079997547203675,3.3610012906137854,14.627999917138368,1.2849995982833207,121.45099753979594,1,0
102,object,22659.739209413,46.04099740390666,1.9610015442594886,1.5840014384593815,5.400997906690463,0.4120010999031365,55.39899939321913,1,0
103,object,22659.772236687,83.03199865622446,255.00300034764223,103.79000013926998,6.7159999161958694,0.8749993867240846,449.4159984460566,1,1
104,object,22659.797224138,87.20299956621602,240.53900051512755,102.07000013906509,6.811998900957406,0.8140013960655779,437.43800051743165,1,1
105,object,22659.821754543,87.49199696467258,267.8780001588166,121.24000204494223,7.017999450908974,0.9350005711894482,484.5629991905298,1,1
106,object,22659.845999923,61.32500129751861,153.5459996375721,61.05599823058583,4.265999450581148,0.4070025170221925,280.6000011332799,1,1
107,object,22659.869881401,48.819001676747575,134.78699838742614,46.29800241673365,2.800999936880544,0.4079993232153356,233.11300174100325,1,1
108,object,22659.894696583,73.60499876085669,254.09800218767487,133.8580004812684,7.5360003393143415,0.9309987945016474,470.02800056361593,1,1
109,object,22659.919441794,86.42299872008152,236.61199884372763,95.38100130157545,6.761998520232737,0.7519993232563138,425.92999670887366,1,1
110,object,22659.943649675,91.83899965137243,415.88600288378075,185.76199727249332,11.310999980196357,1.35800291900523,706.1560027068481,1,1
111,object,22659.967348237,77.58599895169027,220.49800099921413,94.32399747311138,6.5829990489874035,0.8070019248407334,399.7979983978439,1,1
112,object,22659.991174504,49.91300011170097,115.67500041564927,33.39399700053036,2.8570029826369137,0.32000025385059416,202.1590007643681,1,1
113,object,22660.016232624,74.50799967045896,189.2239997687284,61.93400258780457,4.318000719649717,0.5509973561856896,330.5350001028273,1,1
114,object,22660.043215965,92.52399831893854,275.5560017249081,106.09899982227944,7.374997949227691,2.1180021576583385,483.67199997301213,1,1
115,object,22660.068151587,93.0520000110846,268.05600282386877,103.75899728387594,6.833000952610746,0.8269998943433166,472.5270009657834,1,1
116,object,22660.094558771,84.36300049652345,229.63999799685553,109.52400043606758,6.851001671748236,0.8600000001024455,431.23800060129724,1,1
117,object,22660.122294416,44.02099875733256,105.71600068942644,32.085001294035465,2.477998350514099,0.32000025385059416,184.61999934515916,1,1
118,object,22660.147573201,33.06500002508983,97.20999878481962,36.74199979286641,2.6000016077887267,0.3169989213347435,169.93399913189933,1,1
119,object,22660.173922293,59.42599818808958,191.57499991706572,43.70600072434172,3.573000867618248,0.5319998308550566,298.81199952797033,1,1
120,object,22660.201105894,54.15299892774783,136.6159995086491,44.619002437684685,3.4469994716346264,0.3979985194746405,239.2329988651909,1,1
121,object,22660.229075828,87.70800195634365,247.46799681452103,102.26900121779181,7.122001989046112,0.8939969120547175,445.4609988897573,1,1
122,object,22660.256495982,36.06199970818125,97.69000098458491,32.46999767725356,2.368000423302874,0.22300082491710782,168.8129996182397,1,1
123,object,22660.284929921,52.63999992166646,153.97199967992492,48.988000344252214,3.845001629088074,0.4159992386121303,259.8610008135438,1,1
124,object,22660.31179943,71.85600043158047,245.1899999869056,96.66400001151487,6.111997208790854,0.8180031727533787,420.6400008115452,1,1
125,object,22660.338176068,96.07000174582936,273.3369983616285,147.9840029787738,10.60299837263301,1.1570009519346058,529.1510024107993,1,1
126,object,22660.364532546,85.47800098313019,244.38200125587173,101.53699986403808,6.907997885718942,0.824002199806273,439.1290021885652,1,1
127,object,22660.392208181,91.3559997570701,243.5040005366318,73.70199818979017,6.5780004661064595,1.200998667627573,416.3409976172261,1,1
128,object,22660.418865895,37.6130010408815,120.70799857610837,39.81899862992577,2.6029993023257703,0.36000346881337464,201.10300101805478,1,1
129,object,22660.459505809,92.74699914385565,4.616998921846971,3.1240015232469887,12.49599881703034,1.1429983715061098,114.12699677748606,1,0
130,object,22660.504767577,117.81300054281019,5.445999704534188,3.3139986044261605,13.045002560829744,1.2519994925241917,140.87000090512447,1,0
131,object,22660.549282169,51.19900015415624,2.5080007617361844,1.4040015230420977,5.679998139385134,0.5870024324394763,61.37800301075913,1,0
132,object,22660.594571104,90.82299948204309,4.749999789055437,3.163000656059012,12.243999663041905,1.047999830916524,112.02799942111596,1,0
133,object,22660.639413948,85.5309990583919,4.517001798376441,3.1809977372176945,11.041000107070431,0.9800023690331727,105.25000107008964,1,0
134,object,22660.684369987,55.5990009161178,2.6050001906696707,1.8329992599319667,6.860998837510124,0.6070004019420594,67.50499960617162,1,0
135,object,22660.729442841,68.7829997332301,4.270001227268949,2.4760011001490057,9.138999303104356,0.9540017344988883,85.6220030982513,1,0
136,object,22660.774295715,54.994998208712786,2.5850022211670876,1.7749989638105035,7.422000635415316,0.5410001904238015,67.3180002195295,1,0
137,object,22660.785573531,46.598997869296,152.69400319084525,62.50099977478385,4.672998329624534,0.3080021997448057,266.77500136429444,1,1
138,object,22660.815979143,97.63399793882854,184.39700215822086,58.170000556856394,4.091998562216759,0.4889989213552326,344.7819981374778,1,1
139,object,22660.846105207,89.79699850897305,251.730001764372,103.8369991874788,7.25199788575992,0.7689995982218534,453.3849969448056,1,1
140,object,22660.875833953,90.88699880521744,276.0240022325888,139.45399768999778,10.32900036079809,1.047999830916524,517.7419989195187,1,1
141,object,22660.906162383,123.02800314500928,391.0369996447116,170.13099932228215,12.657998013310134,1.529002474853769,698.383002600167,1,1
142,object,22660.931520975,123.38000306044705,229.0559968969319,43.62500112620182,3.6860001273453236,0.3950008249375969,400.1420020358637,1,1
143,object,22660.956936768,44.440999772632495,134.636000439059,36.07100006774999,2.5719964469317347,0.3320019459351897,218.0519986723084,1,1
144,object,22660.983105406,68.27799734310247,182.5600011216011,67.93699867557734,4.168003215454519,0.5369984137360007,323.4799987694714,1,1
145,object,22661.013395121,92.45500041288324,263.7759971548803,106.11800098558888,6.567999662365764,1.3650023902300745,470.28200060594827,1,1
146,object,22661.039717933,98.15900193643756,272.0649972616229,100.11999984271824,6.822003342676908,0.7779999577905983,477.94400234124623,1,1
147,object,22661.064118438,68.24999945820309,126.33900041691959,35.38699820637703,3.0960000003688037,0.29300281312316656,233.36500089499168,1,1
148,object,22661.08990596,40.899998566601425,155.09299919358455,50.713002565316856,3.315999492770061,0.41399835026822984,250.43599816854112,1,1
149,object,22661.115740931,75.80199962831102,263.3069998410065,103.8430018525105,6.833997758803889,0.8200004231184721,450.60599950375035,1,1
150,object,22661.14064016,75.81799945910461,210.20100030000322,103.98399899713695,6.245001713978127,0.724001438356936,396.97200190857984,1,1
151,object,22661.168623458,79.66100019984879,232.252998102922,121.86300227767788,7.205999281723052,0.8969982445705682,441.8799981067423,1,1
152,object,22661.193506305,41.08500070287846,125.86999946506694,57.630997616797686,2.915003278758377,0.2579981810413301,227.7589992445428,1,1
153,object,22661.222270452,56.84400093741715,148.29499923507683,52.00400119065307,3.707998985191807,0.486001226818189,261.33700157515705,1,1
154,object,22661.247826929,94.38000051886775,243.8609990349505,110.54499918827787,6.8879999162163585,0.8160022844094783,456.49000094272196,1,1
155,object,22661.272890479,78.58400203986093,243.04899852722883,103.49700096412562,6.852998922113329,1.0309995559509844,433.0140000092797,1,1
156,object,22661.297869384,60.94699710956775,195.71899974835105,74.69300180673599,5.235000571701676,0.6349982868414372,337.2289975231979,1,1
157,object,22661.322158307,72.87499829544686,161.94899944821373,42.43800140102394,3.3100004657171667,0.4889989213552326,281.0609985317569,1,1
158,object,22661.374505263,96.6260013228748,4.751000233227387,3.1419986044056714,12.645999959204346,1.139000232797116,118.30400035250932,1,0
159,object,22661.419492094,100.74400051962584,5.420999514171854,3.1420022423844784,13.348999345907941,1.219999830937013,123.87600145302713,1,0
160,object,22661.464327428,61.30900146672502,2.8530012059491128,2.1409978216979653,6.493999535450712,1.0790026863105595,73.87600271613337,1,0
161,object,22661.504710567,58.21300146635622,155.35300190094858,57.09699689759873,4.23700112150982,0.49200025387108326,275.39200164028443,1,1
162,object,22661.531932822,90.47300045494922,215.25099873542786,90.55300324689597,5.676996806869283,0.8180031727533787,402.7720024168957,1,1
163,object,22661.559064992,91.05699791689403,244.0940006636083,101.23899846803397,7.298000127775595,0.9260002116207033,444.6139973879326,1,1
164,object,22661.586434079,48.972000513458624,106.76199963199906,33.92999860807322,2.9700022423639894,0.2890010364353657,192.92300203233026,1,1
165,object,22661.612272436,51.30700083100237,119.21300028916448,34.93599797366187,2.902001142501831,0.30099909054115415,208.6589993268717,1,1
166,object,22661.638217638,47.27499981527217,125.86199954967014,41.564002458471805,3.2089992600958794,0.40599843487143517,218.31599951838143,1,1
167,object,22661.664416642,80.93599899439141,240.21900026127696,101.29099973710254,6.537000444950536,0.7960006769280881,429.77900011464953,1,1
168,object,22661.691460002,79.42400043248199,271.09700022265315,122.46899859746918,7.5260031735524535,0.8520000847056508,481.3680025108624,1,1
169,object,22661.719950494,87.72599903750233,156.43600272596814,80.73899880400859,4.78899892186746,0.44700209400616586,330.1370015833527,1,1
170,object,22661.745407016,60.482001572381705,142.6759990863502,43.279000237816945,3.5510020097717643,0.4029971023555845,250.3910000086762,1,1
171,object,22661.771528848,129.028001538245,289.30599728482775,123.8510012626648,8.262999472208321,0.910000380827114,551.357999938773,1,1
172,object,22661.796939543,104.58399992785417,255.37799956509843,103.47499846830033,6.614001904381439,0.9139985195361078,470.9649983851705,1,1
173,object,22661.823569949,81.84599937521853,235.76500097988173,101.25400149263442,8.318998879985884,0.8850001904647797,428.06900091818534,1,1
174,object,22661.849687609,51.73799945623614,112.5330018112436,33.955999242607504,2.659999154275283,0.5559995770454407,201.44299924140796,1,1
175,object,22661.874451482,41.111001337412745,101.41600068891421,31.77499820594676,2.3329994291998446,0.32800016924738884,176.96299983072095,1,1
176,object,22661.900999362,104.84300219104625,238.3799983363133,99.61000250768848,6.905000191181898,0.871998054208234,450.61000128043815,1,1
177,object,22661.926460001,82.86299998871982,243.90399994445033,102.95200263499282,6.700996891595423,0.9140021575149149,437.3340016172733,1,1
178,object,22661.951581519,76.10800093971193,224.07199867302552,93.41900295112282,6.041998858563602,0.8210008672904223,400.4620022897143,1,1
179,object,22661.976425732,79.47999984025955,225.96100097871386,96.01700003258884,6.508998922072351,0.8560018613934517,408.82300163502805,1,1
180,object,22662.000961186,75.73200127808377,151.28199811442755,34.36399856582284,2.9080001695547253,0.33800097298808396,264.623999100877,1,1
181,object,22662.026732293,83.2839978102129,207.8140023513697,79.53000022098422,5.115998646942899,0.8960014383774251,376.64000046788715,1,1
182,object,22662.052195485,75.39199941675179,230.4759982507676,100.67000039271079,6.690999725833535,0.8570023055654019,414.0860000916291,1,1
183,object,22662.077520304,89.76699973572977,245.1330001349561,94.06200115336105,6.70000008540228,0.7999988156370819,436.4619999250863,1,1
184,object,22662.1027547,86.35399717604741,266.78100039134733,96.89500075182877,6.613001460209489,0.790998456068337,457.43399823550135,1,1
185,object,22662.1280368,55.655000323895365,166.35099746054038,56.21500167762861,4.261000867700204,0.28800059226341546,282.770000922028,1,1
186,object,22662.15422637,86.72699914313853,176.73800175543875,73.10599903576076,6.517002475447953,1.100997906178236,344.1890003159642,1,1
187,object,22662.180039046,84.45399726042524,247.01800066395663,102.43799988529645,7.049002306303009,0.8409988367930055,441.79999895277433,1,1
188,object,22662.206396531,84.18099969276227,238.428998272866,101.05700130225159,7.09699816070497,1.0800031304825097,431.84400055906735,1,1
189,object,22662.234659165,39.52600309276022,119.96799730695784,46.074001147644594,3.6040000850334764,0.3839995770249516,209.55600120942108,1,1
190,object,22662.260279786,33.58899994054809,93.78999675391242,32.03800224582665,2.0099978428333998,0.21600135369226336,161.64299813681282,1,1
191,object,22662.286970602,103.53800098528154,287.3900011763908,53.154999477555975,7.872000423958525,0.5389993020799011,452.49400136526674,1,1
192,object,22662.314051839,91.5099990379531,247.98300000838935,104.3720003508497,7.532002200605348,0.9020004654303193,452.2990020632278,1,1
193,object,22662.338821379,79.1790007497184,252.27200239896774,101.30999726243317,7.1450012910645455,0.8819988579489291,440.7880005601328,1,1
194,object,22662.365632169,45.729000703431666,145.74300075764768,60.755999584216624,3.9869992178864777,0.46499917516484857,256.6799994383473,1,1
195,object,22662.39092204,44.39200347405858,133.95599671639502,36.409001040738076,2.520999260013923,0.3410023055039346,217.61900279670954,1,1
196,object,22662.417636446,70.05899897194467,191.63800243404694,76.11299952259287,5.4919983085710555,0.6299997039604932,343.93199894111603,1,1
197,object,22662.44442586,101.50599700864404,271.83000202057883,108.60000111279078,6.796999514335766,0.8289971447084099,489.56199680105783,1,1
198,object,22662.468872163,80.22999827517197,277.8250018309336,103.06499825674109,6.415000825654715,0.8269998943433166,468.3619990828447,1,1
199,object,22662.495241192,94.77900312049314,256.4509995863773,103.07800039299764,7.443999493261799,0.9619980119168758,462.71400060504675,1,1
200,object,22662.520608767,55.82099765888415,140.1820009050425,43.10100121074356,4.580997483571991,0.9950017556548119,244.67999901389703,1,1
201,object,22662.546067481,32.08000271115452,92.26299880538136,31.599000067217276,2.140001015504822,0.4249995981808752,158.50700219743885,1,1
202,object,22662.572273266,90.12300142785534,248.59299810486846,101.40200174646452,7.415997970383614,0.824002199806273,448.3580014493782,1,1
203,object,22662.597487352,84.09200017922558,246.78000045241788,101.27299901796505,6.710000889142975,0.8610004442743957,439.7160009830259,1,1
204,object,22662.622928217,106.6229997377377,239.80200057849288,102.02600242337212,6.38699930277653,0.914998963708058,455.7530010060873,1,1
205,object,22662.649695531,33.8970021402929,100.19599721999839,35.34500137902796,2.805998519761488,0.3090026439167559,172.5530019029975,1,1
206,object,22662.674352853,46.07899973052554,116.29500295384787,39.05300036421977,2.7769965527113527,0.3630011633504182,204.56700076465495,1,1
207,object,22662.700551318,106.75299927243032,246.40799892949872,118.70399976032786,6.832000508438796,0.7950002327561378,479.4919987034518,1,1
208,object,22662.726333551,77.48899952275679,233.11300174100325,102.03700003330596,6.302998372120783,0.8989991329144686,419.84099880210124,1,1
209,object,22662.752585342,88.67599899531342,234.89399973186664,113.67299885023385,16.268000763375312,1.047999830916524,454.55899817170575,1,1
210,object,22662.777937999,45.103002776158974,128.55299792136066,34.88500078674406,3.0509982025250793,0.35600169212557375,211.94800137891434,1,1
211,object,22662.803094492,41.69500243733637,170.26199930114672,51.64100002730265,3.9919978007674217,0.543001078767702,268.13300064532086,1,1
212,object,22662.830307404,67.074997787131,199.685000552563,86.8640017870348,5.526999302674085,0.7359994924627244,359.8869989218656,1,1
213,object,22662.856295572,92.6590000744909,245.9069983160589,104.55799929331988,6.4400010160170496,0.8140013960655779,450.3780000959523,1,1
214,object,22662.884193475,111.29699851153418,329.7609982837457,99.70900282496586,6.621998181799427,0.7540002116002142,548.1429980136454,1,1
215,object,22662.910076216,37.46699803741649,105.14099994907156,37.5300005543977,4.2860010580625385,0.2759989001788199,184.6999984991271,1,1
216,object,22662.935406652,42.48299956088886,106.50500189512968,33.67599856574088,3.0049995984882116,0.3679997462313622,186.036999366479,1,1
217,object,22662.961405532,62.91299723670818,157.95999934198335,51.769002311630175,4.09800122724846,0.6359987310133874,277.37599884858355,1,1
218,object,22662.986147888,85.20999836036935,240.9150001767557,96.79100185167044,6.869999197078869,0.7800008461344987,430.5660004320089,1,1
219,object,22663.011865882,78.53100032662041,251.25500178546645,102.31499982182868,6.926999049028382,0.9190007403958589,439.9470017233398,1,1
220,object,22663.038787179,52.40300015429966,114.1379980253987,32.8030000673607,2.7099995349999517,0.5960027920082211,202.65000057406723,1,1
221,object,22663.06445516,69.04999827384017,162.0639995962847,51.577000704128295,3.435001417528838,0.8849965524859726,287.010996544268,1,1
222,object,22663.090210829,110.36599971703254,258.8700008345768,122.14399976073764,7.235001248773187,0.9449977369513363,499.5599992980715,1,1
223,object,22663.115764302,110.2699970942922,342.31900281156413,165.99599985056557,9.000999853014946,1.372998667648062,628.9589982770849,1,1
224,object,22663.141522873,110.73299901909195,239.87299937289208,102.71700011799112,6.85499981045723,0.9420000424142927,461.1199983628467,1,1
225,object,22663.16620791,83.95400072913617,246.07900195405819,95.17199941910803,6.620000931434333,0.8009992598090321,432.62600229354575,1,1
226,object,22663.190842717,50.277001719223335,168.99999900488183,38.299000152619556,3.039000148419291,0.281001121038571,260.8960021461826,1,1
227,object,22663.216875001,70.7200015312992,221.4419982919935,65.69800098077394,4.492001608014107,0.5429974407888949,362.89499985286966,1,1
228,object,22663.242590872,96.37399853090756,262.3800028231926,147.13500058860518,8.88499926077202,1.091000740416348,515.8650019438937,1,1
229,object,22663.268344664,77.95299825374968,241.2510002613999,101.75900024478324,6.599999323952943,0.9390023478772491,428.502000431763,1,1
230,object,22663.29273135,64.98299990198575,185.617998795351,91.93200094159693,5.845999112352729,0.5900001269765198,348.96899887826294,1,1
231,object,22663.317476217,45.070002670399845,114.35099804657511,37.25600254256278,3.140998160233721,0.3169989213347435,200.1350003411062,1,1
232,object,22663.344715159,71.93700002972037,188.2699980342295,88.7120004335884,5.162000888958573,0.6139998731669039,354.69499925966375,1,1
233,object,22663.372259979,87.9239996720571,283.98499853210524,139.34600065113045,10.266998287988827,0.9870018402580172,522.5089989835396,1,1
234,object,22663.397988323,120.94300109311007,254.39100136281922,103.42899986426346,7.255999662447721,0.8839997462928295,486.9030017289333,1,1
235,object,22663.428237505,126.07100143213756,390.639001125237,240.27600011322647,35.917997593060136,2.2570020519196987,795.1610023155808,1,1
236,object,22663.454225137,41.02000093553215,109.40599895548075,35.40299803717062,3.1610034056939185,0.25499684852547944,189.24499818240292,1,1
237,object,22663.480381861,58.73099871678278,176.66399799054489,74.93300290661864,4.23500023316592,0.5509973561856896,315.1139972032979,1,1
238,object,22663.506594264,110.59499956900254,356.85500188264996,183.24399934499525,9.862000297289342,1.2829987099394202,661.8389998038765,1,1
239,object,22663.531430998,140.6760020472575,329.2299988970626,188.8350016088225,9.407998732058331,1.1500014807097614,669.2990027659107,1,1
240,object,22663.55682236,128.55700333602726,396.66799784754403,174.4110013532918,9.990999387810007,1.1400006769690663,710.7670026016422,1,1
241,object,22663.582753549,90.1950006664265,341.3599988562055,117.49300028895959,11.469001037767157,1.1550000635907054,561.6720009129494,1,1
242,object,22663.606897907,52.004997996846214,136.90200285054743,35.92699795262888,2.410000888630748,0.31499803299084306,227.55899772164412,1,1
243,object,22663.634117262,78.99099728092551,225.5569997942075,97.0820001384709,6.745001883246005,0.7409980753436685,409.1159971721936,1,1
244,object,22663.660568475,81.49600034812465,229.40900089452043,95.83299834048375,6.26600012765266,0.7880007615312934,413.7920004723128,1,1
245,object,22663.685915667,78.73299909988418,264.4560008775443,102.45999874314293,7.31100226403214,0.9449977369513363,453.9049987215549,1,1
246,object,22663.711339508,57.3029974475503,123.66000009933487,32.782001653686166,2.2710009943693876,0.32800016924738884,216.3440003641881,1,1
247,object,22663.735606928,51.60000000614673,149.31300029275008,54.2880006833002,3.0080009310040623,0.4879984771832824,258.69700039038435,1,1
248,object,22663.760689071,100.75200043502264,340.5249990464654,168.02199752419256,9.403000149177387,1.2080017768312246,619.9099989316892,1,1
249,object,22663.785882848,138.7190022796858,349.7680008877069,174.07999985152856,9.783998393686488,1.2939999578520656,673.6450013704598,1,1
250,object,22663.81180632,116.84099808917381,365.5299988167826,175.02000264357775,9.4600000011269,1.224998413817957,668.075997964479,1,1
251,object,22663.837136165,57.34400110668503,144.3719993403647,44.6720005129464,3.182001819368452,0.4579997039400041,250.0280024833046,1,1
252,object,22663.861535278,57.97300036647357,114.97399827931076,40.58000195072964,3.0230003176257014,0.38299913285300136,216.93300004699267,1,1
253,object,22663.888857351,88.91600009519607,273.7079994403757,108.43400013982318,7.0069982029963285,0.8960014383774251,478.9609993167687,1,1
254,object,22663.913915017,106.64900037227198,260.62999677378684,104.04800195829011,6.941998435650021,0.9120012691710144,479.18099880917,1,1
255,object,22663.938897771,81.52900045388378,277.99599774880335,102.30100087937899,6.7540022428147495,0.8119968697428703,469.39199819462374,1,1
256,object,22663.963827309,79.10900239949115,233.77799880108796,74.45099981850944,4.835001163883135,0.6509981176350266,392.8240003006067,1,1
257,object,22663.988410259,44.22399797476828,109.9680011975579,33.283002267125994,2.467997546773404,0.32400203053839505,190.26700101676397,1,1
258,object,22664.012929847,50.66700032330118,153.58699965872802,49.3240004288964,4.071000148542225,0.562002242077142,258.21100280154496,1,1
259,object,22664.038505596,122.84599870326929,276.8840022326913,94.83800022280775,38.7699983548373,1.148000592365861,534.4860001059715,1,1
260,object,22664.063147459,71.86699804151431,218.93400116823614,96.5409999480471,6.7069995566271245,0.7599992386531085,394.8089979530778,1,1
261,object,22664.089143045,107.74700058391318,247.96000070637092,103.10499783372506,7.037000614218414,1.095999323297292,466.94499906152487,1,1
262,object,22664.114598119,52.45000284048729,115.89999849093147,36.04299854487181,2.8890026442240924,0.3269997250754386,207.6090022455901,1,1
263,object,22664.139124592,42.394000047352165,114.28000289015472,31.8629972753115,2.4610017135273665,0.30199953471310437,191.30000146105886,1,1
264,object,22664.165447362,76.21600161655806,239.85000007087365,1.6659978427924216,75.54100011475384,0.90500179794617,394.17800144292414,2,1
265,object,22664.190922169,124.33499796316028,304.580000374699,94.15800013812259,8.510000043315813,1.1030024325009435,532.6860009517986,2,1
266,object,22664.215632105,143.9180014131125,533.0470012268052,167.79900033725426,13.283999578561634,1.3659991964232177,859.4140017521568,2,1
267,object,22664.243913928,111.26300159958191,308.0829992541112,107.83800098579377,5.563997547142208,0.5610017979051918,533.3090011845343,2,1
268,object,22664.269013629,127.45899948640727,272.8750005189795,71.26899799914099,7.168000593082979,0.6320005923043936,479.40299918991514,2,1
269,object,22664.293255621,57.702000049175695,158.47599934204482,48.3069998153951,4.302000888856128,0.42900137486867607,269.2160014703404,2,1
270,object,22664.318252428,92.92000322602689,319.15299769025296,89.97700206236914,8.519000402884558,0.8179995347745717,511.3870029163081,2,1
271,object,22664.344814187,91.54100189334713,335.2249987074174,93.38200106867589,8.205999620258808,0.9379982657264918,529.2919995554257,2,1
272,object,22664.368789549,97.10299855214544,318.97600274533033,87.06500011612661,7.228998583741486,0.6949994713068008,511.06799946865067,2,1
273,object,22664.392701018,83.28900003107265,236.27199698239565,55.61000216403045,8.789000276010484,1.1329975677654147,385.09299702127464,2,1
274,object,22664.418583068,93.40899850940332,261.5730008983519,87.78100163908675,6.8070003180764616,0.6949994713068008,450.2650008362252,2,1
275,object,22664.443722315,104.43499922985211,337.25399771356024,110.33400005544536,9.226001566275954,0.9120012691710144,562.1609998343047,2,1
276,object,22664.470694699,100.53100049844943,365.0309990916867,93.27600128017366,8.349998097401112,0.9270006557926536,568.1149996235035,2,1
277,object,22664.496104529,96.72599844634533,283.90599982230924,78.73499998822808,7.305003236979246,0.7049966370686889,467.3769981309306,2,1
278,object,22664.520518288,57.0659976801835,164.7649987717159,35.385000956011936,3.6849996831733733,0.3490022209007293,261.24999931198545,2,1
279,object,22664.546411577,67.64899808331393,204.8800015472807,59.160000091651455,5.146001058164984,0.5989968485664576,337.4339976289775,2,1
280,object,22664.573502652,104.61599958944134,318.0329986207653,132.48200048110448,8.928000170271844,0.9159994078800082,564.974998269463,2,1
281,object,22664.59816387,118.93099872395396,328.33700242917985,94.449998869095,9.17899888008833,0.9180002962239087,551.814999198541,2,1
282,object,22664.623936824,131.22700329404324,323.4469986637123,95.25999848847277,8.836999768391252,0.8730021363589913,559.6440023509786,2,1
283,object,22664.648201419,102.76000102749094,219.11200019530952,55.181997595354915,5.924001015955582,0.7519993232563138,383.7299991573673,2,1
284,object,22664.672960142,56.44200064125471,132.9099977738224,33.73200161149725,2.950000634882599,0.31999661587178707,226.35399727732874,2,1
285,object,22664.698401048,126.82699889410287,304.4219993171282,87.35799929127097,7.937000191304833,0.8589995559304953,527.4029972497374,2,1
286,object,22664.722943734,122.282999654999,334.0290022606496,118.45299741253257,11.24800110119395,1.0930016287602484,587.1060020581353,2,1
287,object,22664.749084924,123.54600039543584,351.480000972515,94.15499880560674,8.560000424040481,0.9110008249990642,578.6520014225971,2,1
288,object,22664.777129151,116.12299931584857,196.8910000869073,34.962999052368104,3.4990007407031953,0.3400018613319844,351.81600105715916,2,1
289,object,22664.801864758,46.647000999655575,152.38999912980944,34.00499917916022,3.2140014809556305,0.3940003807656467,236.6500011703465,2,1
290,object,22664.829465293,95.49799870001152,283.33500085864216,86.20999869890511,8.069000614341348,0.7599992386531085,473.87199811055325,2,1
291,object,22664.857243721,102.9010018100962,385.3050002362579,99.21300079440698,8.652998076286167,0.785999873187393,596.8580007902347,2,1
292,object,22664.883829152,143.69999917107634,370.9349985001609,94.00500130141154,10.200001270277426,0.829000782687217,619.6690010256134,2,1
293,object,22664.911582676,105.8529996953439,218.41200214112177,88.99399836082011,27.625999791780487,2.2029998945072293,443.0879998835735,2,1
294,object,22664.935611999,104.00899918749928,180.6069994927384,40.3260019083973,5.0489979912526906,0.4760004230774939,330.46699900296517,2,1
295,object,22664.960938885,76.51399937458336,201.04299983358942,59.558999055298045,5.329002306098118,0.5219990271143615,342.9669995966833,2,1
296,object,22664.987425003,114.66100113466382,302.3569988727104,91.32099876296706,8.64500179886818,0.9020004654303193,517.8860010346398,2,1
297,object,22665.011030439,99.9469993985258,315.27100145467557,101.9689989334438,8.359998901141807,0.8839997462928295,526.4309984340798,2,1
298,object,22665.035608925,62.348997744265944,195.83100220188498,56.3729990972206,5.172998498892412,0.5130023055244237,320.23899984778836,2,1
299,object,22665.060259124,57.76500256615691,142.58199735195376,36.74500112538226,3.3850010368041694,0.4180001269560307,240.89500220725313,2,1
300,object,22665.086267482,79.81700036907569,206.54000036302023,53.82300150813535,4.567998985294253,0.5450019671116024,345.2930031926371,2,1
301,object,22665.111833534,113.86099868104793,325.9410004829988,93.40500037069432,8.859002264216542,0.8999995770864189,542.966001376044,1,1
302,object,22665.137262033,151.16999929887243,292.42399978102185,102.56099994876422,7.852002454455942,1.181997504318133,555.1889989874326,1,1
303,object,22665.161181873,127.41199680021964,254.66700026299804,95.9940007305704,7.047001417959109,0.8809984137769789,486.0009976255242,1,1
304,object,22665.185312304,77.61100278003141,142.1310007572174,49.03399894828908,4.712997906608507,0.37500285543501377,273.8640032475814,1,1
305,object,22665.211066429,74.64699956472032,194.35699869063683,76.90799975534901,5.302001227391884,0.672000169288367,351.8859994073864,1,1
306,object,22665.236601894,118.73199764522724,362.58299951441586,178.58600040199235,10.765001206891611,1.104999682866037,671.7709984513931,1,1
307,object,22665.260387126,70.882000727579,215.48599761445075,93.31700130132958,6.189999112393707,0.8360002539120615,386.7109990096651,1,1
308,object,22665.284663947,81.48100096150301,227.22199719282798,126.47400217247196,7.4689996836241335,0.9680006769485772,443.61400068737566,1,1
309,object,22665.308701249,59.30800034548156,185.02099919714965,106.46200098562986,4.23600067733787,0.7249982445500791,355.751999450149,1,1
310,object,22665.333748204,66.43300002906471,168.8800002739299,79.13599984021857,4.264999006409198,0.5319998308550566,319.24599898047745,1,1
311,object,22665.35884989,118.59799997182563,293.7280005426146,105.90899910312146,7.127000571927056,0.9220020729117095,526.2840022624005,1,1
312,object,22665.382827848,78.9379992056638,265.9480014699511,120.91299868188798,7.4640011007431895,0.8759998308960348,474.13900028914213,1,1
313,object,22665.40705736,90.49000072991475,249.48399732238613,103.53800098528154,6.518999725813046,0.8009992598090321,450.8319980232045,1,1
314,object,22665.431012203,56.02600140264258,160.26799858082086,62.69399818847887,4.504003300098702,0.4709982022177428,283.96299967425875,1,1
315,object,22665.45485421,33.93900260562077,123.92899952828884,43.47999856690876,2.721000782912597,0.39999940781854093,204.4690008915495,1,1
316,object,22665.480123353,82.36799840233289,204.9350005108863,77.90699964971282,5.302001227391884,0.6399968697223812,371.1519966600463,1,1
317,object,22665.504672634,86.05900075053796,267.5559990166221,107.22499791882001,7.253001967910677,1.0090006981045008,469.10200035199523,1,1
318,object,22665.530700587,81.12999785225838,277.04199965228327,115.57200195966288,8.213999535655603,0.8179995347745717,482.7759985346347,1,1
319,object,22665.554096411,69.76399890845641,184.28000112180598,49.79699951945804,4.9959999159909785,0.447998900199309,309.2849983659107,1,1
320,object,22665.578138705,62.64299736358225,132.07600204623304,34.55899786786176,2.854001650121063,0.3029999788850546,232.43499890668318,1,1
321,object,22665.619389354,96.23599908081815,4.719000571640208,2.691998815862462,11.906002328032628,1.0259973350912333,116.57899813144468,1,0
322,object,22665.664544352,91.59700130112469,4.555000487016514,2.887998562073335,11.995998647762462,1.010001142276451,112.04600014025345,1,0
323,object,22665.709309909,54.613999964203686,2.015000063693151,1.5799996617715806,6.636997568421066,0.4300018190406263,65.27599907713011,1,0
324,object,22665.737688328,49.38999700243585,131.4370019827038,36.06999962357804,3.1179988582152873,0.42000101529993117,220.4349984822329,1,1
325,object,22665.763638617,94.59499779040925,263.26200168114156,130.93699817545712,6.784001016058028,0.9299983503296971,496.50799701339565,1,1
326,object,22665.788133633,84.65700011583976,240.78400019789115,103.70300151407719,6.927999493200332,0.7999988156370819,436.8720001366455,1,1
327,object,22665.812462546,94.2939986998681,255.80600049579516,102.2910000756383,6.692000170005485,0.857999111758545,459.9409985530656,1,1
328,object,22665.837875817,46.993998694233596,145.46100283041596,43.398998968768865,3.0529990908689797,0.40500162867829204,239.3120012129657,1,1
329,object,22665.862485009,58.17800047225319,121.29900278523564,33.8809986715205,2.655000571394339,0.21599771571345627,216.22900021611713,1,1
330,object,22665.904424392,88.69900193531066,4.570996679831296,2.987002517329529,10.567000572336838,0.9999967005569488,107.82399840536527,1,0
331,object,22665.94943391,85.20300252712332,4.556997737381607,3.0320006771944463,11.07500065700151,1.019001501845196,104.88600310054608,1,0
332,object,22665.99423429,53.750001825392246,2.781998773571104,1.5750010788906366,6.075999408494681,0.41399835026822984,64.5969994366169,1,0
333,object,22666.039436707,91.1880015337374,4.463996447157115,2.8620015655178577,11.119998816866428,1.038002665154636,110.67200102843344,1,0
334,object,22666.084465714,109.51199874398299,6.086000212235376,3.1330018828157336,15.915997209958732,1.8570026441011578,136.50400069309399,1,0
335,object,22666.129352363,77.39499778836034,3.622000804170966,2.4180008040275425,12.610998965101317,0.7650014595128596,96.81099982117303,1,0
336,object,22666.174322287,65.62099952134304,3.9799997466616333,2.631000825203955,10.039999324362725,0.8800016075838357,83.15200102515519,1,0
337,object,22666.219267213,116.17400014074519,4.506000550463796,2.654000127222389,9.415998647455126,0.35999983083456755,133.10999929672107,1,0
338,object,22666.26451564,114.04999895603396,4.875000740867108,2.802000381052494,12.438998965080827,1.1410011211410165,135.3070001641754,1,0
339,object,22666.309435442,96.74000102677383,4.821999027626589,2.881999535020441,12.369000614853576,1.110001903725788,117.92300210800022,1,0
340,object,22666.354412064,63.73100040946156,4.599998646881431,2.8530012059491128,8.244998753070831,0.7010021363385022,80.13000115170144,1,0
341,object,22666.399234448,46.76200114772655,2.7530004444997758,1.4309989637695253,5.765999958384782,0.5879992386326194,57.29999975301325,1,0
342,object,22666.444272075,57.527999160811305,3.9959995774552226,2.401000529062003,9.679999493528157,1.0990006558131427,74.70399941666983,1,0
343,object,22666.489421277,98.04099681787193,5.69600160815753,2.8460017347242683,10.923999070655555,1.067000994225964,118.57400022563525,1,0
344,object,22666.49237103,50.11300163459964,175.51299970364198,70.38300100248307,3.873999958159402,0.4339999577496201,300.3170022566337,1,1
345,object,22666.516640505,58.106001233682036,147.53899813513272,53.465999371837825,3.3530013752169907,0.6230002327356488,263.0870003486052,1,1
346,object,22666.564465807,84.03599713346921,4.599001840688288,2.9389993869699538,11.38500010711141,1.0510011634323746,104.00999963167123,1,0
347,object,22666.609526502,92.77400022256188,4.741999873658642,3.0039991543162614,11.64599962066859,1.0650001058820635,113.23099897708744,1,0
348,object,22666.654241351,43.995001760777086,1.8469982023816556,1.124000846175477,5.24099959875457,0.4079993232153356,52.614999731304124,1,0
349,object,22666.699446999,90.31599984155037,5.240002792561427,3.2989992178045213,12.071999663021415,1.047999830916524,111.97500134585425,1,0
350,object,22666.744456597,74.49400072800927,4.539000656222925,2.1550004021264613,9.951996617019176,1.010001142276451,92.14999954565428,1,0
351,object,22666.789241639,40.68999987794086,2.0309998944867402,1.0980002116411924,5.016001523472369,0.6990012479946017,49.53400275553577,1,0
352,object,22666.834410275,84.97699673171155,14.621000445913523,3.6040000850334764,11.711999832186848,1.0220028343610466,115.93599992920645,1,0
353,object,22666.87954894,119.93999942205846,6.774000212317333,4.134999471716583,14.959001418901607,1.239000994246453,147.04700151924044,1,0
354,object,22666.924301338,56.070999562507495,2.597000275272876,1.401000190526247,6.529000529553741,0.43199906940571964,67.02999962726608,1,0
355,object,22666.969192098,31.083000067155808,2.263997885165736,1.1450028978288174,4.107998393010348,0.44999978854320943,39.04999903170392,1,0
356,object,22667.013749852,94.34499952476472,289.77399779250845,111.5910017688293,8.287999662570655,1.0750009096227586,505.0729996582959,1,1
357,object,22667.03787679,44.54300142242573,163.8409994484391,38.120997487567365,3.3950018405448645,0.3489985829219222,250.248998781899,1,1
358,object,22667.090419773,60.629998188233,3.4180011425632983,1.8509999790694565,6.705999112455174,0.7960006769280881,73.40099909924902,1,0
359,object,22667.134268175,47.45000114780851,2.0650004444178194,1.1829979484900832,5.365000106394291,0.791002094047144,56.854001741157845,1,0
360,object,22667.179362981,77.40199725958519,4.409001121530309,3.187000402249396,10.181000106967986,0.7399976311717182,95.9189965215046,1,0
361,object,22667.224425892,79.14800153230317,4.724999598693103,2.9039983928669244,9.999999747378752,1.0170006135012954,97.79399988474324,1,0
362,object,22667.270402914,54.315998568199575,6.1920000007376075,2.525001036701724,9.033999958774075,1.109998265746981,73.17699783015996,1,0
363,object,22667.293402634,62.36199988052249,179.0429996617604,60.7980000495445,4.211000486975536,0.41000021155923605,306.82400029036216,1,1
364,object,22667.317536167,50.93900108477101,145.78899936168455,37.07599898916669,2.7810019673779607,0.31499803299084306,236.89999943599105,1,1
365,object,22667.341651091,52.11100142332725,125.21499957074411,41.678998968563974,3.3280011848546565,0.3569984983187169,222.6899996458087,1,1
366,object,22667.367811092,84.16700075031258,263.7759971548803,96.95100015960634,6.705002306262031,0.7919989002402872,452.39099927130155,1,1
367,object,22667.391882788,77.28999844403006,251.5420019335579,101.67700020247139,6.824997399235144,0.8620008884463459,438.19599886774085,1,1
368,object,22667.415667569,48.03100091521628,143.58399857883342,54.201002058107406,4.0810009522829205,0.44499756768345833,250.34200007212348,1,1
369,object,22667.439632977,41.858002077788115,105.02099758014083,34.90700328256935,2.2889980755280703,0.2890010364353657,184.36400205246173,1,1
370,object,22667.465446847,65.18000009236857,243.56799985980615,117.83399895648472,7.443999493261799,0.9020004654303193,434.92799886735156,1,1
371,object,22667.490815712,94.55200051888824,268.79099823418073,103.89200178906322,6.669997674180195,0.7920025382190943,474.6970007545315,1,1
372,object,22667.515408702,74.08300007227808,216.98900309274904,96.2329977483023,6.5210006141569465,0.8349998097401112,394.6610013372265,1,1
373,object,22667.541033438,145.73600128642283,352.5909996824339,174.67599900555797,8.908999006962404,1.1000010999850929,683.0120000813622,1,1
374,object,22667.564197927,44.83500015339814,114.28499783505686,35.84200021577999,2.4990004021674395,0.3490022209007293,197.81000082730316,1,1
375,object,22667.588535577,37.91199924307875,97.30600140755996,31.354997190646827,2.06800177693367,0.29600050766021013,168.93700012587942,1,1
376,object,22667.613978191,86.5380025061313,192.5269971252419,72.08300303318538,5.067999154562131,0.6730006134603173,356.88900243258104,1,1
377,object,22667.639552062,86.51600001030602,234.9780006625224,94.6869986364618,6.703001417918131,0.8269998943433166,423.71100062155165,1,1
378,object,22667.666501141,87.54000009503216,242.1059980406426,103.42200039303862,6.764999852748588,0.9180002962239087,440.75099867768586,1,1
379,object,22667.692497322,94.54400060349144,165.34699898329563,46.368000766960904,3.90199784305878,0.8690003596711904,311.02999855647795,1,1
380,object,22667.716382818,56.73700070474297,144.50900198426098,43.77799996291287,2.983000740641728,0.3770001058001071,248.38400349835865,1,1
381,object,22667.740514963,93.98100155522116,264.6350003487896,140.05899720359594,8.00300040282309,0.9770010365173221,507.6550005469471,1,1
382,object,22667.766248974,102.34699948341586,323.89600164606236,174.47699792683125,9.712999599287286,1.2620002962648869,611.6949989518616,1,1
383,object,22667.791486792,87.28099783184007,240.43899975367822,102.79200068907812,6.894999387441203,0.8630013326182961,438.2699989946559,1,1
384,object,22667.815741161,57.631998060969636,163.35200052708387,99.48200022336096,4.759000148624182,0.528998498339206,325.75399745837785,1,1
385,object,22667.83983962,33.03300036350265,99.22300159814768,40.27199975098483,3.1769995985087007,0.2759989001788199,175.98100021132268,1,1
386,object,22667.864534513,51.36899926583283,144.3010005459655,52.40300015429966,3.4080003388226032,0.48299989430233836,251.96400019922294,1,1
387,object,22667.891351284,73.78199734375812,206.88500080723315,81.83500176528469,5.317997420206666,0.6280024535953999,368.44799979007803,1,1
388,object,22667.915794129,82.47400182881393,281.72800011816435,113.28199980198406,8.4509993030224,0.9260002116207033,486.86100126360543,1,1
389,object,22667.941460169,77.88899893057533,139.8089989379514,33.60300252097659,2.5049994292203337,0.3130007826257497,254.1190006013494,1,1
390,object,22667.9656507,43.37800055509433,109.21499779215083,32.747000659583136,2.3280008463189006,0.2849992597475648,187.95299911289476,1,1
391,object,22667.989837675,40.73300078744069,112.24300033063628,49.42599844071083,3.0810006137471646,0.38800135371275246,205.8710015262477,1,1
392,object,22668.014689822,73.39199873968028,175.99499915377237,88.14200191409327,6.677000783383846,0.7079979695845395,344.9139985605143,1,1
393,object,22668.039031109,86.78099766257219,242.67200205940753,104.90299973753281,6.8449990067165345,0.9169998520519584,442.117998318281,1,1
394,object,22668.063824433,90.14199895318598,265.1249997143168,102.18700117547996,7.455000741174445,0.8919996616896242,465.8010002458468,1,1
395,object,22668.090426375,50.85399970994331,130.4279976466205,33.562002499820665,2.2979984350968152,0.32000025385059416,217.46199854533188,1,1
396,object,22668.114354472,35.28199886204675,95.36500147078186,30.939001590013504,2.972999936901033,0.33699689083732665,164.89599875058047,1,1
397,object,22668.139033079,134.6770004602149,336.9330006535165,158.69400158408098,10.355997801525518,1.1070005712099373,641.7670010705478,1,1
398,object,22668.164168929,86.4469984662719,257.85600155359134,103.06200056220405,6.8209992605261505,0.8399983926210552,455.0259982352145,1,1
399,object,22668.188842565,79.31000072858296,268.0569996300619,105.1559993356932,6.926999049028382,0.953001290326938,460.4030000336934,1,1
400,object,22668.213094122,50.539001676952466,136.76899834536016,52.54000279819593,3.5679986467584968,0.3710010787472129,243.78700254601426,1,1
401,object,22668.237730289,62.763996538706124,135.34900062950328,38.49600034300238,3.1910021789371967,0.33799733500927687,240.13799702515826,1,1
402,object,22668.265294691,80.85500303423032,227.4209982715547,94.63099922868423,6.723999831592664,0.8630013326182961,410.4940016986802,1,1
403,object,22668.292352352,77.44799950160086,230.39000006974675,103.2879990816582,6.824000593042001,0.8019997039809823,418.7519989500288,1,1
404,object,22668.320361455,79.66100019984879,231.3980003236793,104.61599958944134,6.885999027872458,0.8980023267213255,423.4590014675632,1,1
405,object,22668.349381324,97.4810027400963,253.43999732285738,104.72400026628748,7.190999895101413,0.8830029400996864,463.71900316444226,1,1
406,object,22668.375241885,34.76199708529748,102.5910023599863,36.279998312238604,2.896002115448937,0.26499765226617455,176.7939975252375,1,1
407,object,22668.400020555,49.11900032311678,146.2600012018811,62.07699698279612,3.66500171367079,0.4169996827840805,261.53799990424886,1,1
408,object,22668.426042454,104.17899829917587,309.8939996561967,142.55300266086124,9.31699833017774,1.0799994925037026,567.0229984389152,1,1
409,object,22668.450795565,84.68499800073914,274.9800005403813,105.7820009009447,7.0450005296152085,0.8440001693088561,473.3360001409892,1,1
410,object,22668.476725585,113.78300041542388,365.31200021272525,174.12500164937228,10.596999345580116,1.1590018402785063,664.97600346338,1,1
411,object,22668.503208027,40.93200186616741,144.68099834630266,59.12000051466748,3.8049984141252935,0.3300010575912893,248.86800019885413,1,1
412,object,22668.527708155,103.90699753770605,299.82300111441873,72.1239994163625,6.342001142911613,0.6500013114418834,482.84600052284077,1,1
413,object,22668.554138917,132.24400026956573,417.65300193219446,552.7199973585084,15.163001080509275,1.6779995348770171,1119.458000175655,1,1
414,object,22668.578763021,131.77599976188503,419.04400131898,190.1600007840898,11.514999641804025,1.4529978216160089,753.9479993283749,1,1
415,object,22668.602783822,83.23300062329508,194.88799807731993,60.049002058804035,3.4289987524971366,0.4030007403343916,342.0020002522506,1,1
416,object,22668.628305168,56.06400009128265,133.94299821811728,35.017001209780574,3.1370000215247273,0.44199987314641476,228.60299941385165,1,1
417,object,22668.652582689,40.72299998369999,104.43599967402406,34.31900040595792,2.353001036681235,0.33199830795638263,182.1629994083196,1,1
418,object,22668.678139182,89.60099876276217,245.24500258849002,103.5879977280274,6.628000846831128,0.8690003596711904,445.9310002857819,1,1
419,object,22668.703835815,118.46400229842402,376.4489993045572,170.8449999568984,8.85199915501289,1.0969997674692422,675.7070004823618,1,1
420,object,22668.729987551,109.68599963234738,244.179002038436,103.80699677625671,7.33000342734158,0.9209979907609522,465.92299986514263,1,1
421,object,22668.756088382,39.87099989899434,115.11499906191602,38.52499867207371,3.259003278799355,0.3360000846441835,197.1060009964276,1,1
422,object,22668.780546751,46.47999958251603,119.18800009880215,34.043998311972246,2.6900015654973686,0.33299875212833285,202.73499831091613,1,1
423,object,22668.807787729,94.03999865753576,273.25699920766056,135.0700003968086,8.643000910524279,1.1359989002812654,512.1459980728105,1,1
424,object,22668.833545716,76.43199933227152,224.61700064013712,102.5240017042961,6.608999683521688,0.8239985618274659,411.0059999220539,1,1
425,object,22668.858747568,85.98999920650385,273.0230007728096,108.31799954758026,7.506001566071063,0.8639981388114393,475.7009992317762,1,1
426,object,22668.884431173,64.15700045181438,163.67300122510642,58.50899833603762,4.139001248404384,0.42900137486867607,290.9070026362315,1,1
427,object,22668.909360025,44.854998122900724,110.2720016206149,36.12099681049585,2.6120032998733222,0.3029999788850546,194.16299983276986,1,1
428,object,22668.935436539,97.81500193639658,297.8079974127468,270.49300115322694,17.32099917717278,2.038003003690392,685.4750026832335,1,1
429,object,22668.962240477,85.378997027874,230.58800070430152,105.12200242374092,6.165999366203323,0.7639973773621023,428.01899689948186,1,1
430,object,22668.986860474,119.6429984702263,353.4120005497243,178.43800014816225,10.357001883676276,1.3659991964232177,663.2160002482124,1,1
431,object,22669.013099293,88.91300240065902,245.4269997542724,105.32699889154173,7.094000466167927,0.7739981811027974,447.5349996937439,1,1
432,object,22669.037265325,46.92399670602754,145.01700206892565,55.099000746849924,4.125999112147838,0.5840010999236256,251.74999973387457,1,1
433,object,22669.062074283,48.77800165559165,135.90599701274186,45.627002691617236,2.926997694885358,0.4030007403343916,233.6409997951705,1,1
434,object,22669.087430889,52.59299723547883,198.2890025828965,86.40399755677208,6.023001333232969,0.57199940783903,343.8809981162194,1,1
435,object,22669.112313728,70.79799979692325,169.88199786283076,67.1640009386465,4.501001967582852,0.5119982233736664,312.856998789357,1,1
436,object,22669.137286104,122.25899990880862,367.01000135508366,154.82899834751152,9.584000508766621,1.1759984772652388,654.8579985974357,1,1
437,object,22669.163387533,60.90699753258377,122.3800027219113,35.87999890442006,2.9430011636577547,0.3899986040778458,222.49999892665073,1,1
438,object,22669.187801946,44.52900247997604,102.87099939887412,31.34099824819714,2.4900000425986946,0.3080021997448057,181.5390023693908,1,1
439,object,22669.212081483,82.71899787359871,230.5369998794049,94.98600047663786,6.236001354409382,1.1929987522307783,415.6709983362816,1,1
440,object,22669.236284922,43.58799924375489,147.77699834667146,34.29800199228339,3.2959978852886707,0.7090020517352968,229.6679995197337,1,1
441,object,22669.260796396,64.08300032489933,114.64099952718243,43.37900099926628,4.305999027565122,0.3989989636465907,226.80799884255975,1,1
442,object,22669.28513105,70.10300032561645,190.75700038229115,81.19999984046444,5.843998224008828,0.643001840217039,348.5470006125979,1,1
443,object,22669.308784765,52.94100265018642,127.63300037477165,55.303997214650735,3.5619996197056025,0.3929999365936965,239.8329997959081,1,1
444,object,22669.332245182,39.41300019505434,106.87100075301714,34.34600148466416,2.4699984351173043,0.39600126910954714,183.4960021369625,1,1
445,object,22669.356735467,77.38499698461965,246.87100085429847,122.66900012036785,6.979000318096951,0.9229988791048527,454.8269971564878,1,1
446,object,22669.380724796,105.85800191620365,265.64499785308726,106.75000157789327,6.70000008540228,0.967000232776627,485.9200016653631,1,1
447,object,22669.40547335,100.54699669126421,253.86700144736096,100.93099990626797,6.756999937351793,0.8499991963617504,462.9519971786067,1,1
448,object,22669.430443654,41.89500032225624,124.9189990630839,32.796000596135855,2.201999450335279,0.3450004442129284,202.1569998760242,1,1
449,object,22669.454598452,86.80199971422553,146.18400018662214,40.640999941388145,3.1009985832497478,0.3480017767287791,277.07600020221435,1,1
450,object,22669.478792639,66.88099892926402,232.84999770112336,84.38599979854189,5.4380034271162,0.7839989848434925,390.33899884088896,1,1
451,object,22669.503607477,84.52700058114715,228.2130008097738,122.85099728615023,7.037000614218414,0.948002707445994,443.5760019987356,1,1
452,object,22669.530064146,95.56099757901393,255.90500081307255,123.9160010300111,7.499998901039362,1.0049989214166999,483.88699724455364,1,1
453,object,22669.555410345,73.38700015679933,131.6479974775575,39.43400224670768,3.3340002119075507,0.366999302059412,248.16999939503148,1,1
454,object,22669.579186025,46.14800127455965,113.20499834255315,34.02999936952256,2.421002136543393,0.3399982233531773,196.14399934653193,1,1
455,object,22669.604484083,122.08000043756329,358.2520002964884,215.4059984604828,10.51800063578412,1.2060008884873241,707.4620007188059,1,1
456,object,22669.629900173,38.872000004630536,121.23600026825443,33.87600008863956,2.3840002540964633,0.2939996193163097,196.6620002349373,1,1
457,object,22669.6562298,76.33499990333803,246.64400189067237,98.49299749475904,7.048001862131059,0.7929993444122374,429.31300049531274,1,1
458,object,22669.683187607,102.48000035062432,264.06200049677864,107.37000047811307,7.052000000840053,0.9309987945016474,481.89500012085773,1,1
459,object,22669.708664732,60.116999520687386,136.79900075658225,38.26900137937628,2.7379974198993295,0.32900061341933906,238.25199968996458,1,1
460,object,22669.732260308,53.484000090975314,156.29300105501898,67.26699939463288,4.454999725567177,0.5809997674077749,282.0800000336021,1,1
461,object,22669.758563496,101.66599895455875,240.0820012553595,116.04499741224572,20.733001292683184,0.8999995770864189,479.42599849193357,1,1
462,object,22669.782044871,81.81199882528745,233.87699911836535,103.599999420112,7.319002179428935,0.8770002750679851,427.4849998182617,1,1
463,object,22669.80759472,73.1289983377792,242.3490004730411,129.55399870406836,7.463000656571239,0.8589995559304953,453.3539977273904,1,1
464,object,22669.833964828,99.90799662773497,127.05600238405168,33.89999983482994,2.820001100189984,0.3709974407684058,264.054997387575,1,1
465,object,22669.858893064,43.49099981482141,113.72000153642148,35.59199831215665,2.5219997041858733,0.30600131140090525,195.6310006789863,1,1
466,object,22669.883289193,78.82399950176477,235.30600083176978,102.00199903920293,6.880000000819564,1.091000740416348,424.1030001139734,1,1
467,object,22669.908221445,93.15200077253394,245.367999013979,101.73299961024895,6.696001946693286,0.7950002327561378,447.7440015762113,1,1
468,object,22669.93182265,91.52200073003769,308.662998577347,117.89800191763788,7.304999599000439,0.871998054208234,526.2599988782313,1,1
469,object,22669.956559084,41.385999793419614,127.962000988191,50.94199877930805,4.0619997889734805,0.3910026862286031,224.74300203612074,1,1
470,object,22669.97990392,41.540999518474564,131.65500058676116,33.26599835418165,2.5720000849105418,1.0469993867445737,210.0809979310725,1,1
471,object,22670.003623026,73.65099736489356,208.90100131509826,87.06900189281441,6.371999916154891,0.7459966582246125,376.7389971471857,1,1
472,object,22670.027883159,141.17799946689047,348.4190019662492,179.53399947145954,11.408999853301793,1.1699994502123445,681.7100002081133,1,1
473,object,22670.051904644,88.37000132189132,273.9199990173802,102.5929996103514,7.556001946795732,0.7960006769280881,473.2350025733467,1,1
474,object,22670.076857028,52.74799696053378,241.7169998807367,160.94000238808803,9.570998372510076,1.1080010153818876,466.0839986172505,1,1
475,object,22670.099601234,67.19399971188977,202.9470015258994,116.45799895632081,8.26199902803637,0.8880015229806304,395.749000745127,1,1
476,object,22670.123441862,46.123997890390456,117.97499973908998,34.65900226728991,2.582000888651237,0.39099904824979603,201.73099983367138,1,1
477,object,22670.148491519,87.73700028541498,239.76899683475494,108.26500147231854,6.417998520191759,0.7779999577905983,442.9669970704708,1,1
478,object,22670.172326951,82.12999819079414,245.2590015309397,101.98499876423739,6.841000868007541,0.8400020305998623,437.05500138457865,1,1
479,object,22670.197739045,88.49999721860513,265.30600007390603,104.12600022391416,7.095000910339877,0.8409988367930055,465.8679972635582,1,1
480,object,22670.226652354,42.39300324115902,108.98199980147183,33.333999454043806,2.148000930901617,0.21499727154150605,187.07200069911778,1,1
481,object,22670.255043285,40.82899977220222,117.95599857578054,46.2990028609056,2.773998858174309,0.3540008037816733,208.21200087084435,1,1
482,object,22670.282188239,113.73699817340821,281.78100183140486,120.6619999720715,8.428000001003966,0.8659990271553397,525.4739990050439,1,1
483,object,22670.306480317,89.02900299290195,251.8740002415143,104.46799933561124,6.496000423794612,0.8839997462928295,452.7510027401149,1,1
484,object,22670.330487009,78.32900155335665,237.25699793430977,100.98799975821748,6.344002031255513,0.8269998943433166,423.7450011714827,1,1
485,object,22670.353644372,80.48699965002015,236.54799952055328,124.17200196068734,8.248000085586682,0.8759998308960348,450.3310010477435,1,1
486,object,22670.377091616,64.19400233426131,170.48099834937602,49.52300150762312,3.5519988159649074,0.4210014594718814,288.17100246669725,1,1
487,object,22670.400871017,53.93000174080953,133.49000073503703,37.866000639041886,2.8180002118460834,0.3709974407684058,228.47500076750293,1,1
488,object,22670.425731366,48.30700345337391,104.57600001245737,31.510997359873727,3.0100018193479627,0.3399982233531773,187.74400086840615,1,1
489,object,22670.45117837,33.29000173835084,96.0689976636786,31.489998946199194,2.0120023691561073,0.2890010364353657,163.1500017538201,1,1
490,object,22670.478443381,86.72000330989249,243.9539966871962,102.61500210617669,7.1020003815647215,0.910000380827114,441.3010028656572,1,1
491,object,22670.502207587,47.40599979413673,127.10699957096949,34.636999771464616,2.9330003599170595,0.23000029614195228,212.31299979262985,1,1
492,object,22670.527398742,35.38999953889288,130.5660007346887,44.95399844017811,2.836000930983573,0.34099866752512753,214.0869983122684,1,1
493,object,22670.553969765,151.92400314845145,421.5379995002877,191.76599744241685,10.280000424245372,1.210002665175125,776.7180031805765,1,1
494,object,22670.583954746,148.87900033500046,361.6310023062397,177.22700067679398,9.501000022282824,1.1559968697838485,698.3940002101008,1,1
495,object,22670.61209573,122.86299897823483,257.3429992480669,102.05100261373445,6.615999154746532,0.7849994290154427,489.6579994237982,1,1
496,object,22670.637069326,47.359000745927915,120.40799992973916,47.94200140167959,3.7529971450567245,0.31099989428184927,219.77299911668524,1,1
497,object,22670.689274343,59.92200021864846,3.9229998947121203,2.2509993868879974,9.04400076251477,1.0660005500540137,76.20600081281736,1,0
498,object,22670.734508347,93.17800140706822,4.692999937105924,3.1460003810934722,11.495998478494585,1.0730000212788582,113.58600022504106,1,0
499,object,22670.779205206,55.11299968929961,2.2380008886102587,1.2279997463338077,5.452999175759032,0.5900001269765198,64.62199962697923,1,0
500,object,22670.824481098,85.15599984093569,4.633002390619367,2.5719964469317347,11.292002454865724,0.9779978427104652,104.63099897606298,1,0
501,object,22670.869474607,96.98700159788132,5.532998329726979,3.4090007829945534,11.604999599512666,0.9989998943638057,118.53300020447932,1,0
502,object,22670.914464911,70.46500104479492,9.469000360695645,4.07900006393902,15.172998246271163,1.124000846175477,100.31000056187622,1,0
503,object,22670.959422295,77.34300015727058,3.9059996197465807,2.263001078972593,9.601000783732161,0.8429997251369059,93.95600136485882,1,0
504,object,22671.004501976,100.05600051954389,5.154997779754922,3.2480020308867097,13.157998182578012,1.0730000212788582,122.68999853404239,1,0
505,object,22671.049369429,71.951999416342,3.7539975892286748,2.4850014597177505,9.068000508705154,1.4409997675102204,88.6999987415038,1,0
506,object,22671.094407922,64.1350015939679,4.296998667996377,2.755001332843676,8.70999792823568,1.1570009519346058,81.05400047497824,1,0
507,object,22671.139458413,104.74200098542497,4.956000339007005,3.426997864153236,12.591000995598733,1.0330004442948848,126.74900062847883,1,0
508,object,22671.184224221,49.01599822915159,2.6279994926881045,1.3620010577142239,6.022000889061019,0.41100065573118627,59.439000324346125,1,0
509,object,22671.229253064,59.03000055695884,3.9429978642147034,2.233999111922458,9.578001481713727,0.8540009730495512,75.63899998785928,1,0
510,object,22671.274392305,84.72799891023897,5.288999091135338,2.740001946222037,11.535998055478558,1.0470030247233808,105.34000102779828,1,0
511,object,22671.319474047,72.35800148919225,2.925000444520265,1.8399987311568111,8.655999408802018,1.1369993444532156,86.91599941812456,1,0
512,object,22671.364564057,92.02200089930557,4.389999958220869,2.625998604344204,11.92499985336326,1.2590026017278433,112.22200191696174,1,0
513,object,22671.40951541,88.31300146994181,4.9769987526815385,2.949000190710649,11.718999303411692,1.390999386785552,109.34899910353124,1,0
514,object,22671.454227261,46.747998567298055,2.0560000848490745,1.3360004231799394,5.332000000635162,0.4610010364558548,55.933000112418085,1,0
515,object,22671.499264176,45.50399899017066,2.3470020096283406,1.1929987522307783,6.0540005506481975,0.4249995981808752,55.52299990085885,1,0
516,object,22671.544388709,83.83699969272129,4.118999640922993,3.364999429322779,11.192001693416387,0.9409995982423425,103.4540000546258,1,0
517,object,22671.589222118,45.33700121100992,2.329998096683994,1.1209995136596262,6.272002792684361,0.4259964043740183,55.48599801841192,1,0
518,object,22671.634425369,92.5839995034039,4.346999048721045,3.101002221228555,11.81799962068908,0.9930008673109114,112.84300126135349,1,0
519,object,22671.679272703,47.97400106326677,2.234999556094408,1.6119993233587593,5.908997991355136,0.4770008672494441,58.20699880132452,1,0
520,object,22671.724268355,61.229002312757075,3.111999831162393,2.0789993868675083,7.872000423958525,0.5959991540294141,74.88800110877492,1,0
521,object,22671.76963192,125.71199840749614,6.472000677604228,4.337001882959157,14.138997357804328,1.2660020729526877,151.92600039881654,1,0
522,object,22671.814386973,87.13799979886971,4.736997652798891,2.7599999157246202,11.617001291597262,1.0699986887630075,107.3219973477535,1,0
523,object,22671.859299158,49.474998377263546,2.116001269314438,1.6089979908429086,6.297999789239839,0.4760004230774939,59.973997849738225,1,0
524,object,22671.904331082,87.88199920672923,5.272999260341749,2.519998815841973,11.416999768698588,1.0639996617101133,108.15599671332166,1,0
525,object,22671.949320596,60.68100265110843,3.1899980967864394,2.053999196505174,7.333001121878624,0.6590016710106283,73.9170027372893,1,0
526,object,22671.994243097,56.15299960481934,2.968001354020089,1.6979975043796003,6.965001375647262,0.6119989848230034,68.3959988236893,1,0
527,object,22672.039477408,102.53399887005799,6.169000698719174,3.158998879371211,11.673000699374825,1.1999982234556228,124.73499737097882,1,0
528,object,22672.084245038,47.58999784826301,2.277000021422282,1.177002559415996,6.032998498994857,0.42300234781578183,57.50000127591193,1,0
529,object,22672.129387852,63.6629993095994,4.094999894732609,2.2659987735096365,4.149002052145079,0.9369978215545416,75.10999785154127,0,0
530,object,22672.174379243,2.7890018827747554,6.833000952610746,2.829998265951872,1.853000867413357,0.9219984349329025,15.227000403683633,0,0
531,object,22672.219315169,1.972999598365277,4.483998054638505,1.5510013327002525,1.0779986041598022,0.8880015229806304,9.973999112844467,0,0
532,object,22672.264460682,2.773998858174309,6.501002644654363,2.6529996830504388,1.7610000213608146,0.9930008673109114,14.682002074550837,0,0
533,object,22672.309437148,1.7640013538766652,5.727997631765902,2.3280008463189006,1.8899991118814796,0.9020004654303193,12.611999409273267,0,0
534,object,22672.354302715,1.8339997041039169,4.606998118106276,2.134001988451928,1.3719982234761119,0.5969995982013643,10.543997632339597,0,0
535,object,22672.399357017,1.5710029401816428,4.390996764414012,1.410000550094992,1.0879994079004973,0.5150031938683242,8.975002856459469,0,0
536,object,22672.444421498,2.396001946181059,8.55699909152463,3.059998562093824,2.577002305770293,1.133998011937365,17.72399991750717,0,0
537,object,22672.489459565,2.4229993869084865,5.889000021852553,1.3259996194392443,1.7130005289800465,0.6539994501508772,12.004999007331207,0,0
538,object,22672.534438024,3.0340015655383468,16.3670010806527,2.9129987524356693,2.191998646594584,0.967000232776627,25.473000277997926,0,0
539,object,22672.579391744,2.574000973254442,6.778998795198277,2.739001502050087,1.667998731136322,1.0990006558131427,14.85900065745227,0,0
540,object,22672.624295908,1.934997271746397,4.525001713773236,1.6839985619299114,1.501000951975584,0.5610017979051918,10.20600029733032,0,0
541,object,22672.669410523,2.0309998944867402,7.869999535614625,2.769000275293365,1.8259997887071222,0.8040005923248827,15.300000086426735,0,0
542,object,22672.714278929,1.6689991753082722,5.800000508315861,1.9709987100213766,1.6330013750120997,0.8269998943433166,11.899999663000926,0,0
543,object,22672.759352831,1.9079998310189694,4.917001206194982,1.7480015230830759,1.4049983292352408,0.6510017556138337,10.629002645146102,0,0
544,object,22672.804370326,1.5829973563086241,3.7420031731016934,1.2939999578520656,1.1709998943842947,0.48199945013038814,8.271999831777066,0,0
545,object,22672.849958155,1.372001861454919,5.568999768001959,2.007000148296356,1.7169986676890403,0.8370006980840117,11.502001143526286,0,0
546,object,22672.894320233,1.4979996194597334,3.5199991543777287,1.0369985830038786,1.1350020940881222,0.34299955586902797,7.532999006798491,0,0
547,object,22672.939440586,2.782999217743054,6.906000635353848,2.8430004022084177,2.362998202443123,0.9690011211205274,15.86399957886897,0,0
548,object,22672.984414054,1.781998435035348,6.000002031214535,2.1140003809705377,1.8589998944662511,0.8589995559304953,12.614000297617167,0,0
549,object,22673.029310667,1.0840012691915035,3.122000634903088,0.8809984137769789,0.7929993444122374,0.3360000846441835,6.2159997469279915,0,0
550,object,22673.074472574,3.0410010367631912,7.295999239431694,2.500997652532533,1.9569997675716877,0.9850009519141167,15.779998648213223,0,0
551,object,22673.119537722,3.1620002118870616,7.2309994720853865,2.763001248240471,2.18700006371364,1.0399999155197293,16.38300091144629,0,0
552,object,22673.164254599,1.3989993021823466,3.5240009310655296,1.0369985830038786,0.8060014806687832,0.7429989636875689,7.508999260608107,0,0
553,object,22673.209222024,1.410997356288135,3.6720011848956347,1.1840020306408405,0.8689967216923833,0.643001840217039,7.7789991337340325,0,0
554,object,22673.254367411,2.22400194616057,6.730999302817509,2.22400194616057,2.5049994292203337,0.976997398538515,14.661000022897497,0,0
555,object,22673.299157515,0.5919973773416132,2.2500025806948543,0.5969995982013643,0.5879992386326194,0.23699976736679673,4.263998562237248,0,0
556,object,22673.344391791,2.554999809945002,6.492999091278762,2.515000232961029,2.1679989004042,0.9940013114828616,14.724999346071854,0,0
557,object,22673.389380677,2.4950022634584457,6.6020002122968435,2.501998096704483,1.7550009943079203,1.0509975254535675,14.40499909222126,0,0
558,object,22673.434212093,1.2079981388524175,2.962999133160338,1.5480000001844019,0.8420029189437628,0.4159992386121303,6.97699942975305,0,0
559,object,22673.479285041,2.4709988792892545,7.204998837551102,1.8560021999292076,2.1169980755075812,0.953001290326938,14.601999282604083,0,0
560,object,22673.524561536,3.1089984986465424,7.44900171412155,2.6699999580159783,2.0379993657115847,1.0459989425726235,16.31199847906828,0,0
561,object,22673.569447081,1.5669975255150348,3.5770026443060488,1.1689990060403943,1.287000486627221,0.5109977792017162,8.110997441690415,0,0
562,object,22673.614303769,2.615997800603509,5.1200004236306995,1.3749995559919626,1.3070020941086113,0.47699722927063704,10.89499710360542,0,0
563,object,22673.659456793,3.0230003176257014,7.3929986683651805,2.5090012059081346,2.2219974198378623,0.9690011211205274,16.115998732857406,0,0
564,object,22673.70429289,1.767999492585659,4.043999069835991,1.0949988791253418,0.9270006557926536,0.41000021155923605,8.243998308898881,0,0
565,object,22673.749352018,1.8649989215191454,6.213002052390948,2.2749991330783814,1.9270009943284094,0.9270006557926536,13.207001757109538,0,0
566,object,22673.795284832,1.2310010788496584,5.063000571681187,1.8270002328790724,1.6470003174617887,0.8440001693088561,10.612002370180562,0,0
567,object,22673.839251805,1.3760000001639128,3.4290023904759437,1.5419973351527005,0.9490031516179442,0.4929970600642264,7.788999937474728,0,0
568,object,22673.884487093,2.8809990908484906,6.2680010159965605,2.5369990908075124,2.2569984139408916,0.948002707445994,14.891000319039449,0,0
569,object,22673.929458219,2.605996996862814,6.993002898525447,3.0470000638160855,1.9999970390927047,1.32000059238635,15.9659975906834,0,0
570,object,22673.974290556,1.1459997040219605,3.248998837079853,1.0229996405541897,0.829000782687217,0.42800093069672585,6.674999895039946,0,0
571,object,22674.019323465,2.1759988158009946,7.29100065655075,2.22500239033252,2.1559972083196044,0.9060022421181202,14.75400131312199,0,0
572,object,22674.065311459,1.5559999155811965,5.59300315217115,1.820997567847371,1.7509992176201195,0.7070011633913964,11.428001016611233,0,0
573,object,22674.109270686,1.495998731115833,3.312001354061067,1.158001396106556,1.3719982234761119,0.4350004019215703,7.773000106681138,0,0
574,object,22674.15453761,3.092998667852953,7.703001756453887,2.635999408084899,2.173001121263951,1.2139971659053117,16.818998119561,0,0
575,object,22674.199428517,2.905999281210825,7.441001798724756,2.6709967642091215,2.4220025807153434,1.058000634657219,16.498001059517264,0,0
576,object,22674.244208372,0.8779970812611282,3.0910014174878597,0.8030001481529325,1.0990006558131427,0.34999902709387243,6.2209983298089355,0,0
577,object,22674.289996695,1.038999471347779,22.936001187190413,2.1650012058671564,1.562999386806041,0.6699992809444666,28.373000532155856,0,0
578,object,22674.334494749,2.710999979171902,7.357000868069008,3.0769988370593637,2.6269990485161543,1.02400008472614,16.795998817542568,0,0
579,object,22674.379269763,1.4359975466504693,3.5670018405653536,1.0889998520724475,0.6980008038226515,0.4119974619243294,7.201997505035251,0,0
580,object,22674.424468532,2.781998773571104,6.752001354470849,2.592998498585075,2.0309998944867402,1.0160001693293452,15.173998690443113,0,0
581,object,22674.469489214,2.806002157740295,7.94499646872282,3.069002559641376,2.176999259972945,1.0399999155197293,17.037000361597165,0,0
582,object,22674.51436715,3.0749979487154633,9.572002454660833,2.3029970179777592,1.891003194032237,1.0359981388319284,17.87699875421822,0,0
583,object,22674.559344737,2.086999302264303,6.547998054884374,2.731001586653292,2.273998688906431,0.8610004442743957,14.500998076982796,0,0
584,object,22674.604512436,2.7410023903939873,7.770999218337238,2.635999408084899,2.1999985619913787,1.0210023901890963,16.3690019689966,0,0
585,object,22674.649308836,1.9910003175027668,4.421999619808048,1.4329998521134257,1.1939991964027286,0.443000317318365,9.482999303145334,0,0
586,object,22674.694379951,2.5000008463393897,7.236998499138281,2.796998160192743,2.1040032152086496,1.0049989214166999,15.642999642295763,0,0
587,object,22674.739541652,3.0289993446785957,7.582999387523159,2.974000381072983,1.9840008462779224,1.4319994079414755,17.001999367494136,0,0
588,object,22674.784234428,1.14399881567806,4.23399978899397,1.5790028555784374,1.1259980965405703,0.5770016286987811,8.660001185489818,0,0
589,object,22674.829410245,2.30599835049361,6.900998414494097,2.587003109510988,1.9879989849869162,1.1509982869029045,14.932997146388516,0,0
590,object,22674.874580184,3.3180003811139613,9.665996913099661,3.583001671358943,2.6079978852067143,1.0550029401201755,20.229999790899456,0,0
591,object,22674.919124481,0.6920017767697573,3.0009978218004107,1.0690018825698644,0.8009992598090321,0.3339991963002831,5.896999937249348,0,0
592,object,22674.964959655,1.1160009307786822,4.696998075814918,1.7970014596357942,1.6459998732898384,0.7239978003781289,9.979998139897361,0,0
593,object,22675.00935586,2.0600018615368754,6.391001079464331,1.8639984773471951,1.8409991753287613,0.9739997040014714,13.130000297678635,0,0
594,object,22675.054587356,2.177999704144895,7.219001417979598,2.4559994926676154,1.7610000213608146,1.0699986887630075,14.68399932491593,0,0
595,object,22675.099329332,2.359000063734129,5.915000656386837,2.282999048475176,2.0090010366402566,1.1880001693498343,13.754000974586233,0,0
596,object,22675.144363887,2.6749985408969223,5.113000952405855,1.9430008251219988,1.4830002328380942,0.4969988367520273,11.710999388014898,0,0
597,object,22675.189351415,1.7460006347391754,5.237998266238719,1.9970029825344682,1.6039994079619646,0.7460002962034196,11.331001587677747,0,0
598,object,22675.234460695,3.1620002118870616,7.344999175984412,2.377000782871619,1.9460021576378495,1.0699986887630075,15.90000101714395,0,0
599,object,22675.279295284,1.8450009520165622,3.5129996831528842,1.062999217538163,0.8450006134808064,0.39600126910954714,7.662001735297963,0,0
600,object,22675.324473117,2.6469970180187374,8.145001629600301,3.107998054474592,2.296001184731722,1.1939991964027286,17.38999708322808,0,0
601,object,22675.369621724,4.692999937105924,14.47700196877122,4.182998964097351,3.7329991755541414,2.0190018403809518,29.105001885909587,0,0
602,object,22675.41420517,1.9709987100213766,4.389999958220869,1.6570011212024838,1.5650002751499414,1.0459989425726235,10.628999007167295,0,0
603,object,22675.460421662,1.538999640615657,4.871002602158114,1.9839972082991153,1.7050006135832518,0.7590024324599653,10.858002497116104,0,0
604,object,22675.504528256,3.298002411611378,7.561997335869819,2.6410016289446503,2.1080013539176434,1.067997800419107,16.677000530762598,0,0
605,object,22675.549347836,2.9660004656761885,6.583999493159354,1.944001269293949,1.7399979697074741,0.6010013748891652,13.83500057272613,0,0
606,object,22675.594338907,2.181997842853889,5.9869998949579895,1.93000232684426,1.5779987734276801,0.7329981599468738,12.409996998030692,0,0
607,object,22675.639328018,2.1890009520575404,6.348000169964507,2.2269996406976134,1.915999746415764,1.0060030035674572,13.686003512702882,0,0
608,object,22675.660603554,2.449000021442771,4.884001100435853,2.505999873392284,102.65500168316066,1.0169969755224884,113.51099965395406,1,1
609,object,22675.686323036,37.12800025823526,104.87100007594563,35.02600156934932,2.495999069651589,0.2489978214725852,179.76999879465438,1,1
610,object,22675.710389485,49.36600089422427,116.18799908319488,33.21899930597283,2.330998540855944,0.4310022632125765,201.5350000874605,1,1
611,object,22675.736305917,84.58700176561251,229.1390010213945,92.99899829784408,6.089001544751227,0.790998456068337,413.60500108567066,1,1
612,object,22675.760536493,74.8350030335132,237.10299865342677,101.37199933524244,7.016999006737024,0.9060022421181202,421.23300227103755,1,1
613,object,22675.785105732,119.30699838558212,308.9010024268646,125.18199946498498,7.695998647250235,1.0420008038636297,562.1279997285455,1,1
614,object,22675.809798652,40.55799945490435,131.1839987465646,56.05300248134881,3.163997462252155,0.4710018401965499,231.42999998526648,1,1
615,object,22675.834213279,52.27700239629485,131.10500003676862,38.57000046991743,2.610999217722565,0.7839989848434925,225.34700110554695,1,1
616,object,22675.858880065,68.57900007162243,207.1070011879783,73.23099998757243,5.292000423651189,0.6489972292911261,354.8579989001155,1,1
617,object,22675.88405468,107.1050028258469,249.4529981049709,104.26500011817552,7.083999662427232,0.8749993867240846,468.78200009814464,1,1
618,object,22675.90870565,83.427999925334,256.42000036896206,156.84000027249567,7.544000254711136,1.0170006135012954,505.2490014350042,1,1
619,object,22675.934898612,87.86400212557055,269.1160007088911,103.63599722040817,7.376002031378448,0.8079987310338765,468.8000008172821,1,1
620,object,22675.959406923,35.817000025417656,102.95999891241081,31.753999792272225,2.458000381011516,0.31099989428184927,173.29999900539406,1,1
621,object,22675.985108411,46.106997615424916,143.41700079967268,58.117999287787825,3.8050020521041006,0.4899993655271828,251.9369991205167,1,1
622,object,22676.010446983,116.09200009843335,336.954999511363,204.6330009761732,11.983000149484724,1.32000059238635,670.9830013278406,1,1
623,object,22676.034467105,78.09599992469884,225.5159997730516,93.988001026446,6.655998731730506,1.0490002750884742,405.3049997310154,1,1
624,object,22676.065351003,139.81000302010216,582.9539986734744,203.91300131450407,15.940997400321066,1.9899998733308166,944.6080002817325,1,1
625,object,22676.09062855,53.798001317773014,184.26500173518434,108.38699745363556,5.0100024964194745,0.762996933190152,352.22299993620254,1,1
626,object,22676.114044212,52.94799848343246,120.92299948562868,37.9270022676792,2.9819966584909707,0.33400283427909017,215.1139997295104,1,1
627,object,22676.138626835,78.15800199750811,230.39999723550864,120.185999548994,7.039001502562314,0.7359994924627244,436.5189997770358,1,1
628,object,22676.162615937,81.65200051735155,248.5330005583819,129.46399874635972,7.083999662427232,0.8700008038431406,467.60300028836355,1,1
629,object,22676.187393035,96.73699969425797,267.2299997357186,104.08399975858629,8.251001418102533,1.0129988368134946,477.3149994434789,1,1
630,object,22676.214493223,48.507001338293776,129.6699992963113,37.67800080822781,3.002998710144311,0.30600131140090525,219.1640014643781,1,1
631,object,22676.239835552,32.90199674665928,101.26500274054706,38.834998122183606,2.9229995561763644,0.3120003384537995,176.2369975040201,1,1
632,object,22676.284439775,83.78299753530882,4.646000888897106,3.107001248281449,10.383999324403703,0.9989998943638057,102.91899889125489,1,0
633,object,22676.329441856,101.25200060429052,6.903999747009948,4.276000254321843,14.239998563425615,1.4840006770100445,128.15599984605797,1,0
634,object,22676.374185316,30.874001822667196,1.8339997041039169,0.9219984349329025,4.494002496358007,0.3759996616281569,38.50000211969018,1,0
635,object,22676.39476559,91.02900003199466,369.5089981192723,163.24399985023774,8.654002158436924,1.3069984561298043,633.7429986160714,1,1
636,object,22676.421974501,125.27999933809042,259.67599867726676,103.19099965272471,6.85800114297308,1.32000059238635,496.3249994034413,1,1
637,object,22676.450601511,74.31200356222689,229.6999991813209,121.46899825893342,8.196999260690063,0.9070026862900704,434.58500294946134,1,1
638,object,22676.482569728,62.38400237634778,151.94299703580327,38.74100002576597,2.7800015232060105,0.2490014594513923,256.0970024205744,1,1
639,object,22676.507466535,40.865998016670346,96.56200199970044,31.6420009767171,2.2909989638719708,0.29199873097240925,171.65299868793227,1,1
640,object,22676.534707815,82.48599988291971,183.73299826635048,94.74300168221816,5.322999641066417,0.6509981176350266,366.9359975901898,1,1
641,object,22676.561290559,85.49099948140793,239.43400083226152,100.78000195790082,6.823000148870051,0.8759998308960348,433.40400225133635,1,1
642,object,22676.587808712,123.06999997235835,369.0509984153323,168.96000306587666,10.507999832043424,1.5650002751499414,673.1540015607607,1,1
643,object,22676.61744103,39.11399835487828,107.96400238177739,34.83099862933159,2.3799984774086624,0.5420006345957518,184.83099847799167,1,1
644,object,22676.646058831,41.940998926293105,120.5020016641356,47.22399899037555,3.0760020308662206,0.40899976738728583,213.15200137905777,1,1
645,object,22676.675690522,71.8930023140274,221.155998588074,120.24000170640647,6.653997843386605,0.8380011422559619,420.78100159415044,1,1
646,object,22676.701540643,92.44900138583034,246.12499692011625,94.56800034968182,6.371003109961748,0.7809976523276418,440.2939994179178,1,1
647,object,22676.726552036,55.879998399177566,156.05500084348023,62.40799848455936,4.363002517493442,0.46399873099289834,279.1699989757035,1,1
648,object,22676.751097618,49.568003305466846,102.76699686073698,36.43800300778821,2.3409993445966393,0.3159984771627933,191.43000099575147,1,1
649,object,22676.776590232,100.38000255008228,23.16999962204136,3.4959994081873447,90.08299821289256,1.0800031304825097,218.20900292368606,2,1
650,object,22676.80139323,51.2690021423623,104.97299808776006,32.538002415094525,2.868997398763895,0.3029999788850546,191.95200002286583,2,1
651,object,22676.826084777,104.86700193723664,237.14499911875464,103.75499914516695,8.446000720141456,0.8259994501713663,455.03900037147105,2,1
652,object,22676.85125703,115.151000500191,252.0199996070005,101.3349974527955,8.1409998529125,0.8640017767902464,477.51099918968976,2,1
653,object,22676.87572171,110.75400107074529,278.5699980449863,104.36400043545291,9.052000677911565,0.8759998308960348,503.6160000599921,2,1
654,object,22676.900461788,73.8140006433241,128.36300084018148,32.88700099801645,2.7380010578781366,0.3569984983187169,238.1590020377189,2,1
655,object,22676.926624222,76.88999903621152,175.00300236861221,53.865998779656366,5.4820011428091675,0.5160000000614673,311.75700132735074,2,1
656,object,22676.952441311,105.22199954721145,216.02099877782166,104.39900142955594,8.823000825941563,0.8939969120547175,435.35899749258533,2,1
657,object,22676.978582487,91.42599810729735,260.9209986985661,121.32100164308213,9.18400110094808,0.957999873207882,483.80999942310154,2,1
658,object,22677.003409705,85.603998741135,176.69199951342307,61.70900087454356,5.37899904884398,0.467000063508749,329.85099824145436,2,1
659,object,22677.02796999,75.67400098196231,111.73399980179965,32.243002351606265,2.8989998099859804,0.3040004230570048,222.8540033684112,2,1
660,object,22677.054188506,73.32499808399007,167.83500177552924,65.24199852719903,5.445999704534188,0.5069996404927224,312.35499773174524,2,1
661,object,22677.078888443,139.22400103183463,257.21199926920235,104.46499800309539,8.970000635599717,1.272001100005582,511.1430000397377,2,1
662,object,22677.104121663,123.73899880913086,262.3800028231926,107.97699724207632,9.32400143938139,0.8879978850018233,504.307998198783,2,1
663,object,22677.130483157,137.11299834540114,281.2230013660155,130.22900020587258,13.503999070962891,1.0570001904852688,563.1259991787374,2,1
664,object,22677.154013737,65.61999907717109,109.09300181083381,33.01499964436516,3.0139999580569565,0.4030007403343916,211.1450012307614,2,1
665,object,22677.180218136,137.39499991061166,285.8760017261375,109.37999832094647,10.029001714428887,1.114996848627925,543.7949985207524,2,1
666,object,22677.205864882,109.33100202237256,290.3700005845167,107.93500041472726,8.679999154992402,0.8319984772242606,517.1480006538332,2,1
667,object,22677.230483334,101.21900049853139,231.5660021849908,122.72899766685441,8.539002010365948,0.9110008249990642,464.9640031857416,2,1
668,object,22677.256898992,199.41899881814606,355.0930014171172,169.34100131038576,12.578999303514138,1.0119983926415443,737.4439992418047,2,1
669,object,22677.282350091,53.06199818733148,110.45800056308508,33.85799936950207,2.892000338761136,0.3310015017632395,200.600999960443,2,1
670,object,22677.306214963,38.98200156982057,93.99299960932694,31.1030016746372,2.6429988793097436,0.3069981175940484,167.0279998506885,2,1
671,object,22677.332409692,101.55099880648777,223.05799939204007,80.35500286496244,7.085996912792325,0.7330017979256809,412.7829997742083,2,1
672,object,22677.358104575,130.08099995204248,280.905998806702,101.35400225408375,9.294999472331256,0.8309980330523103,522.4669985182118,2,1
673,object,22677.383247913,127.21900202450342,265.98099793773144,123.42500122031197,9.535000572213903,0.8739989425521344,527.0340006973129,2,1
674,object,22677.409078897,64.9230023554992,239.2349997535348,58.8570001127664,4.892997822025791,0.5590009095612913,368.46700095338747,2,1
675,object,22677.434224102,53.79000140237622,119.44200014113449,38.2289981644135,3.6950004869140685,0.34600088838487864,215.50200108322315,2,1
676,object,22677.45964726,185.22400205256417,395.0179998355452,140.91199773247354,7.158003427321091,0.7429989636875689,729.0550020115916,2,1
677,object,22677.485809948,91.95099846692756,272.2220015130006,98.86399857350625,10.349001968279481,0.8979986887425184,474.2839992104564,2,1
678,object,22677.511012226,76.83500007260591,154.15499728987925,41.47300205659121,3.869998181471601,0.3759996616281569,276.7089972621761,2,1
679,object,22677.535605581,72.20199768198654,137.03000149689615,36.95499981404282,3.140001354040578,0.2630004019010812,249.59000074886717,2,1
680,object,22677.559837579,46.25799920177087,113.64700185367838,60.62899774406105,6.998001481406391,0.3710010787472129,227.9030013596639,2,1
681,object,22677.604457543,114.51899990788661,4.82600080431439,2.7669993869494647,18.992999684996903,1.4170000213198364,142.5219998054672,1,0
682,object,22677.649711238,99.93600178859197,6.22999868937768,3.917000867659226,18.965001800097525,1.2179989425931126,130.2660020883195,1,0
683,object,22677.694265915,45.10600047069602,2.144999598385766,1.4189972716849297,5.456000508274883,0.5360016075428575,54.661999456584454,1,0
684,object,22677.735232949,95.27899965178221,269.9230026337318,103.22099842596799,7.1499998739454895,0.972002453636378,476.5450030390639,1,1
685,object,22677.763541641,85.20600022166036,243.66999787162058,102.76200191583484,6.9689995143562555,0.9489995136391371,439.5559990371112,1,1
686,object,22677.790198338,89.6419987839181,246.9749997544568,103.9060007315129,7.155002094805241,0.8770002750679851,448.55500163976103,1,1
687,object,22677.814964661,57.944998843595386,147.25000073667616,61.85100210132077,4.098998033441603,0.5010006134398282,271.64600032847375,1,1
688,object,22677.839962319,53.60899740480818,129.32500249007717,37.79100006795488,2.7149981178808957,0.36900019040331244,223.80899827112444,1,1
689,object,22677.865833175,132.2939970123116,287.6610014936887,127.86400111508556,8.345999958692119,0.8610004442743957,557.0260000240523,1,1
690,object,22677.890502452,46.24999928637408,207.5970005535055,92.48700007447042,5.7729994296096265,0.6530026439577341,352.76000198791735,1,1
691,object,22677.915364911,81.4989980426617,229.88600176176988,96.98400026536547,6.846999895060435,0.8219976734835654,416.03799763834104,1,1
692,object,22677.94022037,49.318998208036646,116.9380011560861,37.46699803741649,2.469001628924161,0.3310015017632395,206.52400053222664,1,1
693,object,22677.965980478,42.622003093129024,102.42799908155575,33.03300036350265,2.892997144954279,0.3540008037816733,181.33000048692338,1,1
694,object,22677.99231978,91.55099905910902,245.63899933127686,113.97799971746281,6.99299926054664,0.9200011845678091,459.08099855296314,1,1
695,object,22678.016052837,83.95999975618906,242.655001784442,109.67299749609083,7.177000952651724,0.8880015229806304,444.35300151235424,1,1
696,object,22678.040445217,73.61199823208153,231.92000298877247,98.9559994195588,6.927999493200332,0.7710004865657538,412.1870006201789,1,1
697,object,22678.066417999,82.31399988289922,227.79599748901092,97.23900075186975,7.219001417979598,0.8409988367930055,415.4089983785525,1,1
698,object,22678.089838132,47.200999688357115,165.52699889871292,65.93700163648464,6.317997758742422,0.7640010153409094,285.746998997638,1,1
699,object,22678.118854608,56.349999795202166,207.886998396134,68.09700062149204,4.37500057159923,0.9379982657264918,337.64699765015393,1,1
700,object,22678.145424991,75.80800229334272,229.51500068302266,101.2799984891899,6.409001798601821,0.8899987733457237,413.9020020375028,1,1
701,object,22678.170023044,95.75000149197876,246.32299755467102,108.78000102820806,7.29100065655075,0.8349998097401112,458.9790005411487,1,1
702,object,22678.195317904,88.55700070853345,260.0190018711146,102.48899707221426,7.180002285167575,0.8799979696050286,459.1249999066349,1,1
703,object,22678.218966819,39.36099892598577,121.30300092394464,33.70600097696297,2.543998562032357,0.25099870981648564,197.16499809874222,1,1
704,object,22678.243403972,54.15499981609173,122.86499986657873,36.71400190796703,3.0279989005066454,0.37800054997205734,217.1400010411162,1,1
705,object,22678.268680322,71.04900214471854,233.73699877993204,142.64600031310692,7.156999345170334,0.90500179794617,455.494002380874,1,1
706,object,22678.293126403,88.80799941834994,243.73599808313884,102.41200288874097,6.7449982452671975,0.8070019248407334,442.5080005603377,1,1
707,object,22678.318292932,87.13900024304166,246.40199990244582,110.50800094380975,6.932001269888133,0.8379975042771548,451.8189998634625,1,1
708,object,22678.343734141,112.47099973843433,223.3260020148009,47.91899846168235,5.7920005929190665,0.2749984560068697,389.7829992638435,1,1
709,object,22678.367449167,57.98900019726716,174.8790018609725,36.28899867180735,4.231998900650069,0.3120003384537995,273.70099996915087,1,1
710,object,22678.391192872,43.387000914663076,102.15799920842983,32.862997613847256,2.153999957954511,0.3130007826257497,180.87499847752042,1,1
711,object,22678.416265768,81.46500113070942,232.5450004718732,101.69699817197397,7.024002115940675,0.8520000847056508,423.58300197520293,1,1
712,object,22678.440366415,94.97499922872521,270.41000066674314,101.23500032932498,6.960999598959461,0.914998963708058,474.49599878746085,1,1
713,object,22678.463878903,81.50999929057434,260.33399990410544,101.90100147156045,6.965998181840405,0.9640025382395834,451.6750013863202,1,1
714,object,22678.487946608,156.79500211263075,169.55899991444312,51.53500023880042,3.788998583331704,0.7679991540499032,382.4460000032559,1,1
715,object,22678.512770917,52.88099782774225,129.8000024689827,40.879996959120035,3.4660006349440664,0.37500285543501377,227.40200074622408,1,1
716,object,22678.540854052,103.49299918743782,285.82099912455305,110.12100003426895,7.705002644797787,0.8889983291737735,508.0289993202314,1,1
717,object,22678.566223443,53.071002184879035,241.04700059979223,100.69199925055727,6.181999196996912,0.7160015229601413,401.7080027551856,1,1
718,object,22678.593079472,123.46099902060814,390.0219999195542,165.39200078113936,10.937998013105243,1.1880001693498343,691.0009979037568,1,1
719,object,22678.618283881,69.70200047362596,136.9599995086901,46.95400275522843,3.5609991755336523,0.7400012691505253,257.91700318222865,1,1
720,object,22678.644185483,42.36899985698983,137.8859997203108,47.98699956154451,3.1050003599375486,0.43700129026547074,231.78400078904815,1,1
721,object,22678.670505318,77.57499770377763,242.46000248240307,108.36399815161712,8.809001883491874,1.2429991329554468,438.45099935424514,1,1
722,object,22678.699210746,98.44899977906607,262.5350025482476,101.26099732588045,6.968002708163112,0.8559982234146446,470.06900058477186,1,1
723,object,22678.728780114,102.95299944118597,290.8610003942158,125.24900012067519,10.29199847835116,1.2359996617306024,530.5909980961587,1,1
724,object,22678.755884774,44.705000618705526,115.98499986575916,37.693000194849446,2.721000782912597,0.261999957729131,201.36600141995586,1,1
725,object,22678.782079073,52.53700146568008,120.84099944331683,58.583998907124624,4.047000402351841,0.4809990059584379,236.4899992244318,1,1
726,object,22678.807797016,94.5229985518381,266.4200001163408,127.42599938064814,7.425001967931166,0.9539980965200812,496.7479981132783,1,1
727,object,22678.835623075,75.7609996071551,235.909999901196,120.07999976049177,7.1970025601331145,1.062999217538163,440.01100104651414,1,1
728,object,22678.861298782,90.55400005308911,244.77099941577762,102.497997431783,7.201000698842108,0.872001692187041,445.8959992916789,1,1
729,object,22678.888770092,59.68300320091657,138.12599718221463,68.88099960633554,3.569002728909254,0.3589993866626173,270.6180021050386,1,1
730,object,22678.91740865,64.44600148824975,168.46300059114583,65.34599742735736,4.501001967582852,0.5699985194951296,303.3259999938309,1,1
731,object,22678.94745728,78.63499922677875,231.68700136011466,95.79700054018758,9.584000508766621,0.8249990059994161,416.52800064184703,1,1
732,object,22678.978168957,82.46300058090128,260.37899806397036,103.27400013920851,7.016999006737024,0.8630013326182961,453.99599912343547,1,1
733,object,22679.007479621,48.96500104223378,112.903999252012,34.76900019450113,2.687000232981518,0.3310015017632395,199.65600222349167,1,1
734,object,22679.034273394,30.453997169388458,89.91399954538792,31.93900192854926,2.0379993657115847,0.3120003384537995,154.65699834749103,1,1
735,object,22679.061055934,64.23200102290139,191.94199921912514,77.73400284349918,5.089998012408614,0.6400005077011883,339.6380016056355,1,1
736,object,22679.085814815,71.71700053731911,225.9089997096453,53.39099880075082,3.7810023059137166,0.5299989425111562,355.3280002961401,1,1
737,object,22679.110373125,180.47800040221773,317.6159989379812,176.28400019020773,9.586998203303665,1.0500007192604244,685.0149984529708,1,1
738,object,22679.135718514,36.69099896796979,116.65100100799464,37.82199928537011,2.6429988793097436,0.26000270736403763,194.06700084800832,1,1
739,object,22679.160697091,53.447998652700335,120.02500079688616,33.61999915796332,2.453001798130572,0.33199830795638263,209.87799871363677,1,1
740,object,22679.186206424,69.57100049476139,158.98099809419364,61.751001339871436,12.576998415170237,0.6100017344579101,303.4900000784546,1,1
741,object,22679.211326832,38.041001971578225,97.47600051923655,32.170999475056306,2.6809975679498166,0.3040004230570048,170.6729999568779,1,1
742,object,22679.237395097,124.29400157998316,332.6539990666788,185.59199816081673,9.692001185612753,1.196000084746629,653.4280000778381,1,1
743,object,22679.262531291,111.62700320710428,272.5269987422507,121.27299851272255,8.05500167189166,0.8789975254330784,514.3609996594023,1,1
744,object,22679.287120583,64.87099744845182,155.8010008011479,37.4590017599985,2.711996785365045,0.31900344765745103,261.1620002426207,1,1
745,object,22679.313493457,63.15499922493473,163.33099847543053,62.650000472785905,4.470999556360766,0.6070004019420594,294.213998131454,1,1
746,object,22679.339747345,93.18700176663697,272.90599973639473,105.3160012816079,7.1879985625855625,1.2849995982833207,479.8820009455085,1,1
747,object,22679.36527075,73.79900125670247,233.27999952016398,94.86399721936323,6.1680002545472234,0.8370006980840117,408.9479989488609,1,1
748,object,22679.392688838,45.08200072450563,144.26899724639952,61.835002270527184,3.8059988582972437,0.42800093069672585,255.4200000304263,1,1
749,object,22679.41797818,77.52400051685981,135.87399735115469,39.40100214094855,3.062999894609675,0.37299832911230624,256.23499823268503,1,1
750,object,22679.443519218,83.15000013681129,231.19800243875943,95.40599785395898,6.538000889122486,0.8360002539120615,417.12800157256424,1,1
751,object,22679.469310196,89.75200034910813,252.56400112994015,118.15199832199141,8.974999218480662,0.9830000635702163,470.4259990830906,1,1
752,object,22679.494364336,81.88300125766546,219.9080008722376,94.92299795965664,6.328002200461924,0.7880007615312934,403.8300030515529,1,1
753,object,22679.519986738,112.62300176895224,278.3399977488443,111.31900100735947,6.942998879821971,0.9300019883085042,510.1550013932865,1,1
754,object,22679.546315278,45.87299918057397,131.74200284993276,37.862999306526035,3.2099997042678297,0.37800054997205734,219.06600159127265,1,1
755,object,22679.571319866,49.054997361963615,128.04400103050284,45.324999518925324,3.1290001061279327,0.3940003807656467,225.94699839828536,1,1
756,object,22679.597070022,89.90599962999113,255.84400282241404,97.6230003288947,6.802998541388661,0.8790011634118855,451.0550024861004,1,1
757,object,22679.621780367,113.39699995005503,288.18899954785593,106.47800081642345,6.885999027872458,0.9299983503296971,515.8799976925366,1,1
758,object,22679.647888556,78.04699998814613,253.84100081282668,103.09500066796318,7.093000021995977,0.8589995559304953,442.93500104686245,1,1
759,object,22679.675239636,67.18100121361203,168.51400141604245,39.40500027965754,3.1129966373555362,0.41000021155923605,278.6229997582268,1,1
760,object,22679.700358903,53.7510022695642,116.3829983852338,32.00300125172362,2.4990004021674395,0.2999986463692039,204.93600095505826,1,1
761,object,22679.725820298,55.97500057774596,145.36999879055656,59.69500125502236,5.425998097052798,1.4739998732693493,267.93999859364703,1,1
762,object,22679.753514591,94.4620005611796,260.28999855043367,113.50800195941702,7.833998097339645,0.9690011211205274,477.06300028949045,1,1
763,object,22679.781961535,97.47199874254875,252.800000453135,133.99099771049805,7.640999683644623,0.8330025593750179,492.73699914920144,1,1
764,object,22679.807661532,47.236000682460144,127.38700024783611,40.39200211991556,3.636996552813798,0.27400164981372654,218.92600125283934,1,1
765,object,22679.833946372,44.69099803827703,136.4820018352475,41.51699977228418,2.887998562073335,0.37000063457526267,225.9479988424573,1,1
766,object,22679.859158833,59.943002270301804,185.82999837235548,76.37300222995691,5.099998816149309,0.6310001481324434,327.87700183689594,1,1
767,object,22679.885355575,79.97400098247454,238.42099835746922,102.38400136586279,6.5780004661064595,1.1320007615722716,428.48900193348527,1,1
768,object,22679.914440988,91.40300244325772,262.5779998197686,104.88399857422337,6.823000148870051,0.8079987310338765,466.4959997171536,1,1
769,object,22679.940109547,34.62800304987468,98.4090002020821,33.22199700050987,2.6750021788757294,0.25600093067623675,169.19000336201862,1,1
770,object,22679.967037409,48.976002290146425,130.5879995925352,45.42800161289051,3.169996489305049,0.41500243241898715,228.57700241729617,1,1
771,object,22679.994548849,58.985999203287065,207.20300017273985,77.7120003476739,5.145000613993034,0.6969967216718942,349.74299705936573,1,1
772,object,22680.021717723,96.0079996730201,319.2900003341492,131.31200103089213,9.75099828792736,1.5170007827691734,557.878000108758,1,1
773,object,22680.047057149,89.33699791668914,248.52300339262,103.45899863750674,7.1020003815647215,0.8419992809649557,449.26299960934557,1,1
774,object,22680.074295525,51.453000196488574,122.77000132598914,35.52599810063839,2.435001078993082,0.3940003807656467,212.57800108287483,1,1
775,object,22680.101105435,40.970000554807484,104.31600094307214,36.266999813960865,2.5520021154079586,0.3339991963002831,184.43900262354873,1,1
776,object,22680.127232475,78.39200043235905,256.2750014476478,104.70900087966584,6.93799665896222,0.8110000635497272,447.12499948218465,1,1
777,object,22680.156080747,85.26799865649082,234.7900008317083,102.89999772794545,7.230002665892243,0.809999619377777,430.9979995014146,1,1
778,object,22680.181386581,86.85500142746605,247.96700017759576,103.28499774914235,6.911999662406743,1.4950019249226898,446.5140009415336,1,1
779,object,22680.209845334,46.18499951902777,122.45800098753534,41.510000301059335,2.8750000637955964,0.3589993866626173,213.38700025808066,1,1
780,object,22680.23763515,49.24600216327235,333.6320005473681,58.362998970551416,4.630001058103517,0.5029978638049215,446.3740006031003,1,1
781,object,22680.264668554,82.02100070775487,241.11099992296658,129.7430026170332,7.220998668344691,0.914998963708058,461.0110008798074,1,1
782,object,22680.291345847,76.25999933225103,322.7800007152837,104.10699906060472,7.340000593103468,0.8370006980840117,511.3240003993269,1,1
783,object,22680.316116137,86.12699821242131,250.84400112973526,82.37799920607358,5.063000571681187,0.8729984983801842,425.2849976182915,1,1
784,object,22680.340818156,47.57299757329747,122.42200318723917,48.5379969177302,2.7030000637751073,0.3500026650726795,221.58600040711462,1,1
785,object,22680.36575714,46.624998503830284,126.11700003617443,32.77400173828937,2.4280016077682376,0.28299837140366435,208.227000257466,1,1
786,object,22680.393343076,86.34099867776968,210.33600205555558,34.2719977197703,2.8989998099859804,0.36100027500651777,334.20899853808805,1,1
787,object,22680.422064417,83.58900231542066,241.87999952118844,104.6149991452694,6.89400258124806,0.8600000001024455,437.838003563229,1,1
788,object,22680.449045901,93.79399853060022,247.03099916223437,103.53600009693764,7.175000064307824,0.8550014172215015,452.39099927130155,1,1
789,object,22680.478113709,35.90800042729825,101.06999980052933,33.17099981359206,2.667999069672078,0.22400126908905804,173.04100038018078,1,1
790,object,22680.504613415,56.27700011245906,180.5909996619448,59.36100205872208,8.715000149095431,0.4699977580457926,305.4139997402672,1,1
791,object,22680.529094755,73.41899981838651,195.67100025597028,77.65500049572438,5.273999704513699,0.6420013960450888,352.66100167063996,1,1
792,object,22680.553543444,102.39500261377543,242.76999829453416,103.58199870097451,7.030001142993569,16.828002117108554,472.6050028693862,1,1
793,object,22680.579191969,81.15600212477148,219.78699805913493,94.36400068807416,6.435999239329249,0.7330017979256809,402.4760019092355,1,1
794,object,22680.605905095,53.207000746624544,154.95100160478614,44.665997847914696,3.463999746600166,0.3410023055039346,256.6290022514295,1,1
795,object,22680.630455075,54.73900091601536,122.96199929551221,32.640000426908955,2.8149988793302327,0.3300010575912893,213.48600057535805,1,1
796,object,22680.655858913,56.503999076085165,162.5299992156215,57.445002312306315,4.2959982238244265,0.505002390127629,281.28000121796504,1,1
797,object,22680.683212447,79.00900163804181,235.01000032410957,103.26700066798367,8.651997632114217,0.8999995770864189,426.8379998393357,1,1
798,object,22680.716474805,82.22999895224348,233.94399977405556,102.57399844704196,6.645001121796668,0.8390015864279121,426.23199988156557,1,1
799,object,22680.751549027,35.207998735131696,105.39800132391974,35.70499757188372,2.9340008040890098,0.27900023269467056,179.52399866771884,1,1
800,object,22680.778510963,60.518003010656685,133.99099771049805,40.77300036442466,2.716999006224796,0.32500247471034527,238.32400256651454,1,1
801,object,22680.802503865,77.69699732307345,233.52000062004663,101.92800255026668,7.344999175984412,0.8179995347745717,421.30799920414574,1,1
802,object,22680.827796844,93.33599882666022,278.31999977934174,104.17399971629493,6.777998351026326,1.1750016710720956,483.7829983443953,1,1
803,object,22680.850768344,97.07099889055826,268.1639998627361,106.60400221240707,6.965998181840405,1.2759992387145758,480.0809983862564,1,1
804,object,22680.874114892,47.9219997941982,119.68299804721028,37.94000076595694,3.0320006771944463,0.32000025385059416,208.89699953841045,1,1
805,object,22680.899202321,63.789997511776164,162.54100046353415,62.55900007090531,4.589001036947593,0.5119982233736664,293.9909973065369,1,1
806,object,22680.923945163,91.07700316235423,250.43399728019722,100.64000161946751,6.512000254588202,0.9989998943638057,449.66200221097097,1,1
807,object,22680.94823599,94.15599924977869,257.5550024630502,99.75899956771173,7.606999133713543,0.8569986675865948,459.93399908184074,1,1
808,object,22680.972518032,82.27000216720626,235.78299806104042,102.8160004352685,6.641999789280817,0.8130009518936276,428.3240014046896,1,1
809,object,22680.997170258,68.2540012348909,206.04599922080524,74.9099999666214,4.200999683234841,0.40099985199049115,353.81199995754287,1,1
810,object,22681.020643033,60.771999415010214,215.07500059669837,103.79800005466677,4.556000931188464,12.35499803442508,396.5559990319889,1,1
811,object,22681.045298241,59.68100231257267,173.91800065524876,72.67299952218309,4.853998689213768,0.6250011210795492,311.75100230029784,1,1
812,object,22681.069201009,85.217001469573,226.3610003865324,97.59599925018847,6.433001544792205,0.8659990271553397,416.4730016782414,1,1
813,object,22681.09310268,83.93300231546164,226.2819980387576,111.02600183221512,7.143997208913788,0.8140013960655779,429.1990007914137,1,1
814,object,22681.117846328,76.58899994567037,289.8210004786961,106.06099749566056,7.359001756412908,0.8979986887425184,480.72799836518243,1,1
815,object,22681.14560249,42.29499973007478,113.83899982320145,33.143001928692684,2.101998688885942,0.2169981598854065,191.59599833074026,1,1
816,object,22681.169429315,95.85700172465295,185.67000006441958,47.786998038645834,3.384000592632219,0.5629990482702851,333.26099946862087,1,1
817,object,22681.194102722,189.579001016682,223.51500228978693,74.7519989090506,6.002999725751579,0.5740002961829305,494.42300223745406,1,1
818,object,22681.218628603,125.56299770949408,305.94400232075714,116.93099804688245,8.269002137240022,1.1019983503501862,557.8089985647239,1,1
819,object,22681.242877865,118.84100240422413,313.8669999316335,85.32499850844033,4.146000719629228,0.9750001481734216,523.1540017121006,1,1
820,object,22681.266401742,59.41500057815574,160.78800035757013,39.60799949709326,3.1720010156277567,0.3120003384537995,263.2950017869007,1,1
821,object,22681.29054766,44.47200262802653,108.1789996533189,33.25099896756001,2.339998900424689,0.5940019036643207,188.83600205299444,1,1
822,object,22681.315218249,59.46099918219261,162.34699796768837,62.495000747730955,4.396999429445714,0.7390008249785751,289.4389981520362,1,1
823,object,22681.339939047,54.30500095826574,189.41400048788637,73.14399772440083,4.988000000594184,0.7870003173593432,322.63799948850647,1,1
824,object,22681.363790812,82.0440000097733,266.3410014065448,106.5479991666507,7.1069989644456655,0.8999995770864189,462.9399991245009,1,1
825,object,22681.387454341,81.99900184990838,240.80100047285669,102.10799882770516,6.927999493200332,0.8009992598090321,432.6369999034796,1,1
826,object,22681.411010134,56.398999731754884,114.50699821580201,34.46399932727218,2.5950030249077827,0.2349988790228963,208.19999917875975,1,1
827,object,22681.435024483,40.53300290252082,110.13399853254668,36.96600106195547,2.4849978217389435,0.34299955586902797,190.46099987463094,1,1
828,object,22681.459139692,69.77099837968126,152.61900261975825,57.245997595600784,3.850000211969018,0.46900095185264945,283.95499975886196,1,1
829,object,22681.485055243,87.28700049687177,241.02899988065474,100.53200094262138,7.059999916236848,0.8809984137769789,436.7889996501617,1,1
830,object,22681.511171847,88.11600127955899,249.0150000085123,102.48800026602112,6.751997716492042,0.8630013326182961,447.23400060320273,1,1
831,object,22681.536998289,70.96400076989084,150.3629973740317,36.89900040626526,2.782999217743054,0.35199991543777287,261.3609976833686,1,1
832,object,22681.560427738,38.63199890474789,103.61900058342144,32.68799991928972,2.2169988369569182,0.2890010364353657,177.44499928085133,1,1
833,object,22681.585720679,82.88200115202926,272.4170008150395,125.27899889391847,10.245999874314293,1.1180018191225827,491.9420025544241,1,1
834,object,22681.612812502,80.55799844441935,261.36300220969133,120.30099969706498,7.480000931536779,0.876996637089178,470.5789979198016,1,1
835,object,22681.637421496,78.74099901528098,226.29999875789508,97.7019990386907,6.345002475427464,0.8869974408298731,409.9749967281241,1,1
836,object,22681.661597663,59.805002820212394,175.68299881531857,72.65200110850856,5.034999048803002,0.5340007191989571,313.7090025120415,1,1
837,object,22681.687340529,33.93500082893297,101.86100189457648,33.053998777177185,2.378998033236712,0.3260029188822955,171.55500245280564,1,1
838,object,22681.713524529,83.79700011573732,235.86799943586811,94.58400018047541,6.99299926054664,0.7890012057032436,422.03100019833073,1,1
839,object,22681.73763428,97.70499673322774,251.21100043179467,133.2100000581704,7.406000804621726,0.8759998308960348,490.4079978587106,1,1
840,object,22681.761672185,75.2180021663662,228.69399981573224,120.73199832229875,6.897000275785103,0.8040005923248827,432.3450011725072,1,1
841,object,22681.787443608,90.50000153365545,247.08099954295903,103.292000858346,6.918999133631587,0.8520000847056508,448.6440011532977,1,1
842,object,22681.812574413,44.16699812281877,134.20200048130937,32.06000110367313,2.2909989638719708,0.34299955586902797,213.06299822754227,1,1
843,object,22681.840115902,63.44400026137009,131.09300198266283,47.88499791175127,3.1999989005271345,0.4440007614903152,246.06599981780164,1,1
844,object,22681.866134347,62.74499901337549,243.53399930987507,104.26000153529458,6.99600059306249,0.7219969120342284,418.25699736364186,1,1
845,object,22681.893695652,85.20999836036935,264.7120018082205,107.0039979822468,7.375001587206498,0.9209979907609522,465.2219977288041,1,1
846,object,22681.919912068,86.3070017658174,265.53499992587604,103.0489984259475,7.382001058431342,0.9700015652924776,463.24300274136476,1,1
847,object,22681.944590436,34.75600169622339,100.03999705077149,34.62500171735883,2.7380010578781366,0.2349988790228963,172.39400040125474,1,1
848,object,22681.971399202,44.49399784789421,132.61900312500075,51.92599928705022,3.4859986044466496,0.4800021997652948,233.0050010641571,1,1
849,object,22681.999335663,88.59700028551742,258.2619999884628,107.15600001276471,7.5690004450734705,1.0139992809854448,462.5980000128038,1,1
850,object,22682.027788778,119.84299999312498,373.07000093278475,165.93899999861605,9.581999620422721,1.5030018403194845,669.937002385268,1,1
851,object,22682.054505142,140.23899711901322,371.85800101724453,127.76500079780817,7.972001185407862,1.2359996617306024,649.0699997812044,1,1
852,object,22682.080990775,111.10500054201111,178.95499695441686,55.398002587025985,3.9199985621962696,0.4540015652310103,349.83200021088123,1,1
853,object,22682.108507969,103.50000229664147,203.6320001934655,65.48899909830652,4.872999852523208,0.4799985617864877,377.9740000027232,1,1
854,object,22682.136174935,46.05100184562616,121.40699982410297,40.77099947608076,3.3529977372381836,0.3660024958662689,211.94800137891434,1,1
855,object,22682.162293607,88.55899795889854,237.5430012762081,94.28900011698715,7.071997970342636,0.8080023690126836,428.2709996914491,1,1
856,object,22682.188574384,85.80400026403368,556.6410000028554,129.30099910590798,6.714002665830776,1.00599936558865,779.4660014042165,1,1
857,object,22682.212885528,48.11300095752813,127.74900096701458,38.53800080833025,3.0509982025250793,0.4130015440750867,217.86400247947313,1,1
858,object,22682.236721472,64.54100002883933,165.91500025242567,76.82399882469326,5.911002517677844,0.5919973773416132,313.7829990009777,1,1
859,object,22682.261740274,83.34299855050631,260.6450034363661,103.82799882791005,7.337999704759568,0.9219984349329025,456.0759989544749,1,1
860,object,22682.285758113,73.81099931080826,243.13500034622848,103.56900020269677,6.647998816333711,0.8970018825493753,428.0600005586166,1,1
861,object,22682.311117685,91.87400064547546,264.8660010891035,105.89500016067177,7.023998477961868,0.8559982234146446,470.51499859662727,1,1
862,object,22682.336483339,58.17700002808124,137.6590007566847,33.82899740245193,2.492000930942595,0.3300010575912893,232.48700017575175,1,1
863,object,22682.360941632,31.45600203424692,125.06799976108596,33.26799924252555,2.353997842874378,0.3440000000409782,192.48999888077378,1,1
864,object,22682.387048355,95.6899966695346,259.2070013633929,103.25900075258687,7.762999302940443,0.9030009096022695,466.8219989980571,1,1
865,object,22682.412368257,88.35300104692578,249.08900013542734,104.26700100651942,7.170998287620023,0.9420000424142927,449.82200051890686,1,1
866,object,22682.436618724,74.34099825331941,224.90999981528148,122.02700236230157,6.9499983510468155,0.8560018613934517,429.08400064334273,1,1
867,object,22682.462327057,49.7759974678047,146.49600052507594,59.710000641644,4.508001438807696,0.43699765228666365,260.926997725619,1,1
868,object,22682.486346596,46.924000344006345,104.94799789739773,32.85800266894512,2.4379987735301256,0.290998286800459,187.45899797067977,1,1
869,object,22682.511913703,64.54799950006418,213.06899725459516,82.64000280178152,5.713998689316213,0.809999619377777,366.78099786513485,1,1
870,object,22682.537133145,85.35099914297462,257.89099890971556,153.43700215453282,9.641000360716134,1.0259973350912333,507.34599790303037,1,1
871,object,22682.563412188,88.67500218912028,243.91899933107197,102.60499766445719,7.394002750515938,0.8280003385152668,443.42100227368064,1,1
872,object,22682.589329509,57.44699956267141,172.1780026855413,43.23099710745737,3.1529998523183167,0.33700052881613374,276.3459997368045,1,1
873,object,22682.613611282,65.65800140378997,133.54299881029874,38.51600195048377,3.4519980545155704,0.4339999577496201,241.60300017683767,1,1
874,object,22682.659458112,81.50699795805849,4.70800296170637,2.5989975256379694,10.547002602834255,0.957999873207882,100.31900092144497,1,0
875,object,22682.704443512,92.24300083587877,5.046000296715647,3.478999133221805,12.016000255243853,1.0349976946599782,113.81899821572006,1,0
876,object,22682.749474523,81.82600140571594,5.732999852625653,3.573997673811391,17.433001630706713,1.0789990483317524,109.64499961119145,1,0
877,object,22682.794546495,93.9820019993931,4.074998287251219,1.7689999367576092,11.309999536024407,0.5610017979051918,111.69700155733153,1,0
878,object,22682.839341813,63.85799861163832,3.355002263560891,1.7189995560329407,8.03500006441027,0.9169998520519584,77.88400034769438,1,0
879,object,22682.884344011,53.728999773738906,2.487999154254794,1.2660020729526877,6.66299820295535,0.5520014383364469,64.69800064223818,1,0
880,object,22682.929469511,77.9369984229561,4.153000190854073,2.5890003598760813,10.878000466618687,0.9760005923453718,96.5330000326503,1,0
881,object,22682.974413273,84.47700020042248,4.289999196771532,2.911998308263719,11.715001164702699,1.0279982234351337,104.42199709359556,1,0
882,object,22682.982759715,57.89200076833367,177.64400035957806,74.03199924738146,4.527999408310279,0.47900175559334457,314.5750015391968,1,1
883,object,22683.007806526,45.60100205708295,135.43499881052412,61.09899914008565,3.864999598590657,0.43800173443742096,246.4380013407208,1,1
884,object,22683.03542586,72.99100252566859,219.42400053376332,92.87300053983927,6.218997441465035,0.7750022632535547,392.28200330398977,1,1
885,object,22683.061197449,132.5049997831229,359.9740011850372,174.60100207244977,9.748997399583459,1.077001797966659,677.90600223816,1,1
886,object,22683.085036761,95.90799891157076,245.90800239820965,102.87799887009896,6.99299926054664,0.9159994078800082,452.602998848306,1,1
887,object,22683.116590224,112.56099969614297,522.3890002525877,210.09199917898513,14.5840022014454,2.302000211784616,861.9280015409458,1,1
888,object,22683.142919103,39.24300108337775,119.62899952777661,37.62900087167509,3.149998519802466,0.30199953471310437,199.95299953734502,1,1
889,object,22683.170105787,51.32200021762401,155.25699927820824,60.754999140044674,4.148998414166272,0.643001840217039,272.12599889026023,1,1
890,object,22683.195380857,94.39600034966134,261.5269986563362,101.577999885194,6.620000931434333,0.7939997885841876,464.9149996112101,1,1
891,object,22683.220232991,73.50600208155811,225.5849976791069,93.13199916505255,6.501002644654363,0.8919996616896242,399.61600123206154,1,1
892,object,22683.247865301,83.63300003111362,262.2200008772779,118.11399963335134,7.321999873965979,0.8210008672904223,472.1100012829993,1,1
893,object,22683.273080097,69.46700159460306,147.72799841011874,38.12600334640592,2.705997758312151,0.3759996616281569,258.40300077106804,1,1
894,object,22683.300679316,64.86800339189358,197.86499979090877,93.79599941894412,5.759997293353081,0.6950031092856079,362.98400300438516,1,1
895,object,22683.330707723,89.61500134319067,262.5660017656628,105.85199925117195,7.064998499117792,0.829000782687217,465.92700164183043,1,1
896,object,22683.360476717,44.6699996246025,110.8090000343509,35.698001738637686,3.244000254198909,0.3489985829219222,194.77000023471192,1,1
897,object,22683.386389211,63.0530012131203,163.0750011827331,62.44899850571528,4.8290021368302405,0.5490001058205962,293.9550031442195,1,1
898,object,22683.410306083,46.23600034392439,100.54800077341497,35.84300065995194,2.390999725321308,0.34700133255682886,185.36500283516943,1,1
899,object,22683.435347668,86.56999852973968,234.9700007471256,75.01299842260778,5.817000783281401,0.8780007192399353,403.2479992019944,1,1
900,object,22683.46054912,78.17399819032289,218.73199875699356,97.2420020843856,6.636000762227923,0.8189999789465219,401.6029997728765,1,1
901,object,22683.487573951,75.98100273753516,222.1769973402843,74.31099948007613,5.245001375442371,0.5809997674077749,378.29500070074573,1,1
902,object,22683.51653802,61.97199763846584,163.7029999983497,59.876001614611596,4.477999027585611,0.6800000846851617,290.7089983636979,1,1
903,object,22683.542767315,55.95199763774872,156.8770021549426,46.67900066124275,2.8049980755895376,0.3230015863664448,262.63600011589006,1,1
904,object,22683.567333279,46.1390009149909,127.93099813279696,42.61000140104443,3.0529990908689797,0.4080029611941427,220.1410025008954,1,1
905,object,22683.592657084,86.75500066601671,241.81100161513314,133.75399794313125,7.6360011007636786,0.9969990060199052,470.9530003310647,1,1
906,object,22683.619342977,82.55200009443797,238.0539990554098,94.96300117461942,6.526999641209841,0.8200004231184721,422.9160003887955,1,1
907,object,22683.646674145,117.92400255217217,346.83799822232686,107.944000774296,7.161001121858135,0.9689974831417203,580.8360001537949,1,1
908,object,22683.672408241,53.02800127537921,113.49699707352556,38.84000034304336,3.4900003811344504,0.3580025804694742,209.21300165355206,1,1
909,object,22683.699822646,55.5970000277739,133.26300177141093,48.04100171895698,3.34899959852919,0.3839995770249516,240.63400269369595,1,1
910,object,22683.728430673,110.85799997090362,334.1100018587895,190.2149997476954,84.64100028504618,1.3639983080793172,721.188000170514,1,1
911,object,22683.753768817,127.61899779434316,363.64400148158893,180.7709995773621,10.211999324383214,1.1510019248817116,683.3970001025591,1,1
912,object,22683.781938136,175.10100224171765,393.0019993276801,249.80200032587163,19.712999346666038,1.424999936716631,839.043001178652,1,1
913,object,22683.806890057,80.83300053840503,222.04600099939853,60.22699744789861,4.322002496337518,0.5349975253921002,367.9629990074318,1,1
914,object,22683.832297345,47.79699884238653,147.27400048286654,61.623999499715865,4.192999767838046,0.486001226818189,261.37399981962517,1,1
915,object,22683.860953389,142.5379996362608,339.18299959623255,174.98099987278692,11.035001080017537,1.12499765236862,668.8619978376664,1,1
916,object,22683.88719369,124.64600149542093,357.49499875237234,174.4539986248128,10.447001841384917,1.4329998521134257,668.4750005661044,1,1
917,object,22683.915076579,132.48200048110448,360.9489976952318,181.20300228474662,9.626000974094495,1.1919983080588281,685.4519997432362,1,1
918,object,22683.940077658,56.7600000067614,141.32000069366768,51.45499744685367,6.275000487221405,0.6440022843889892,256.45400091889314,1,1
919,object,22683.967458002,50.082999223377556,152.50300202751532,65.47999873873778,4.2290012061130255,0.4879984771832824,272.78299967292696,1,1
920,object,22683.994262282,130.87099796393886,391.9650007446762,173.49499830743298,10.058000043500215,1.1320007615722716,707.5209978211205,1,1
921,object,22684.022915382,148.43700046185404,345.7229977357201,169.2730002105236,10.444000508869067,1.3950011634733528,675.2720000804402,1,1
922,object,22684.047967735,106.19000022416003,244.7079968987964,102.75400200043805,6.948997906874865,0.9030009096022695,461.5039979398716,1,1
923,object,22684.073351576,63.33800047286786,113.97799971746281,35.07699875626713,3.2470015867147595,0.4440007614903152,216.08400129480287,1,1
924,object,22684.098778547,66.74500036751851,205.9620019281283,74.39399996655993,5.309997504809871,0.7510025170631707,353.1620022840798,1,1
925,object,22684.127507036,90.18399941851385,242.69900313811377,103.63999899709597,7.374997949227691,0.8340030035469681,444.73200250649825,1,1
926,object,22684.154942853,121.95199815323576,293.48799944273196,125.33799963421188,7.078000635374337,0.8730021363589913,548.7290000019129,1,1
927,object,22684.183805738,62.37599882297218,150.55100084282458,65.95499871764332,3.649001882877201,0.36900019040331244,282.9000004567206,1,1
928,object,22684.21125973,53.30299973138608,169.5850005489774,40.28699913760647,3.8299986044876277,0.49700247473083436,267.5020004971884,1,1
929,object,22684.236076477,33.218002499779686,98.6989980447106,32.048999855760485,2.4000000848900527,0.6600021151825786,167.0260026003234,1,1
930,object,22684.279545424,91.19300011661835,4.566998541122302,2.802000381052494,11.54200072051026,1.3280005077831447,111.43200026708655,1,0
931,object,22684.324383617,54.525000450666994,2.6609995984472334,2.016000507865101,6.948997906874865,0.5309993866831064,66.6819978505373,1,0
932,object,22684.369233818,47.491997975157574,2.835000486811623,1.5030018403194845,6.860998837510124,0.6709997251164168,59.36199886491522,1,0
933,object,22684.414399961,87.21700214664452,4.541998350759968,2.7410023903939873,11.323998478474095,1.4219986042007804,107.24599997047335,1,0
934,object,22684.459363639,58.332003391114995,4.423000063979998,2.711996785365045,8.240000170189887,0.6059999577701092,74.31300036842003,1,0
935,object,22684.504412023,64.31200017686933,3.4679978853091598,2.2710009943693876,8.01699934527278,0.7109993021003902,78.77899770392105,1,0
936,object,22684.549492537,90.68800136446953,4.816000000573695,3.1099989428184927,12.286000128369778,1.1019983503501862,112.00199878658168,1,0
937,object,22684.594361639,72.85800165846013,4.227000317769125,2.3409993445966393,9.604998922441155,0.8829993021208793,89.91399954538792,1,0
938,object,22684.639237458,47.1460007247515,2.1220002963673323,1.224998413817957,5.945003067608923,0.44199987314641476,56.88000237569213,1,0
939,object,22684.684195668,42.843999835895374,1.830001565394923,1.2019991117995232,5.867001164006069,0.4209978214930743,52.163999498588964,1,0
940,object,22684.729276693,42.78000051272102,2.3419997887685895,1.377000444335863,5.660000169882551,0.43699765228666365,52.595998567994684,1,0
941,object,22684.77425532,44.043998059351,2.026001311605796,1.1759984772652388,5.560003046412021,0.40499799069948494,53.21099888533354,1,0
942,object,22684.819270551,52.58799865259789,2.221000613644719,1.781998435035348,6.280002708081156,0.46399873099289834,63.33499914035201,1,0
943,object,22684.864228256,33.942000300157815,1.9409999367780983,1.7130005289800465,4.630001058103517,0.32899697544053197,42.55499879946001,1,0
944,object,22684.909465677,108.19700037245639,4.990000888938084,2.8100002964492887,12.033997336402535,1.4640027075074613,129.49500160175376,1,0
945,object,22684.954440686,108.85200026677921,6.016998668201268,3.3799988159444183,13.879001926397905,1.3950011634733528,133.52300084079616,1,0
946,object,22684.99924874,51.86199996387586,2.30699879466556,1.8319988157600164,6.067002686904743,0.447998900199309,62.51599916140549,1,0
947,object,22685.044418497,83.34000085596927,4.0859995351638645,2.3120010155253112,11.198997526662424,0.8980023267213255,101.83500126004219,1,0
948,object,22685.089578327,100.61300054076128,5.468999006552622,3.635999746620655,13.16000270890072,1.0730000212788582,123.95100202411413,1,0
949,object,22685.134366497,59.42699863226153,2.806998963933438,1.8690006982069463,7.15200076228939,0.5980000423733145,71.85299909906462,1,0
950,object,22685.179337667,57.10900222766213,2.372999006183818,1.8879982235375792,7.708000339334831,0.5580004653893411,69.6360002621077,1,0
951,object,22685.224553394,92.67399946111254,4.760000592796132,2.844000846380368,12.053998943883926,1.0680014383979142,113.40000128257088,1,0
952,object,22685.269355434,34.998000046471134,1.8739992810878903,1.4280012692324817,4.366000212030485,0.3799978003371507,43.04599860915914,1,0
953,object,22685.314379891,87.79600102570839,4.943001840729266,2.624998160172254,11.485000868560746,1.1129995982628316,107.96200149343349,1,0
954,object,22685.359451426,92.30000068782829,5.20499816047959,3.1849995139054954,12.597000022651628,1.0590010788291693,114.34599946369417,1,0
955,object,22685.404307656,62.300998251885176,3.5609991755336523,2.3500033421441913,8.26199902803637,0.5000001692678779,76.97399996686727,1,0
956,object,22685.449419689,99.27700011758134,4.8769979912322015,3.0940027500037104,12.301999959163368,1.100997906178236,120.65099872415885,1,0
957,object,22685.494361763,80.05099880392663,4.322999302530661,2.5379995349794626,9.996001608669758,0.9190007403958589,97.82699999050237,1,0
958,object,22685.539265317,71.14100299077109,3.817996912403032,2.034001227002591,8.304999937536195,0.8370006980840117,86.13500176579691,1,0
959,object,22685.584878413,78.7960016168654,4.9199989007320255,3.1650015444029123,10.58299676515162,1.3040007615927607,98.76799958874471,1,0
960,object,22685.629337771,87.22500206204131,4.9720001698005944,2.9759976314380765,10.553001629887149,1.0129988368134946,106.73900032998063,1,0
961,object,22685.674334434,54.820000514155254,2.4760011001490057,1.3589997251983732,6.374000804498792,0.4809990059584379,65.51000114995986,1,0
962,object,22685.719401498,87.58199692238122,4.646000888897106,3.7099998735357076,5.53599966224283,1.448999682907015,102.92299702996388,0,0
963,object,22685.764693549,4.993999027647078,13.754000974586233,5.116999091114849,4.044999514007941,2.124001184711233,30.033999792067334,0,0
964,object,22685.809150833,0.6410009518731385,2.4789987946860492,0.7599992386531085,0.6129994289949536,0.2890010364353657,4.781999450642616,0,0
965,object,22685.854388273,2.716999006224796,6.630998541368172,2.463002601871267,2.0549996406771243,1.0879994079004973,14.953999198041856,0,0
966,object,22685.899459536,2.4849978217389435,7.187001756392419,2.6889974833466113,2.1230007405392826,1.2349992175586522,15.718997019575909,0,0
967,object,22685.94415333,0.762996933190152,6.534002750413492,0.7319977157749236,0.6880000000819564,0.2800006768666208,8.996998076327145,0,0
968,object,22685.989910218,2.5760018615983427,9.309998858952895,4.313002136768773,3.5329976526554674,1.2029995559714735,20.93500006594695,0,0
969,object,22686.034275934,1.9310027710162103,4.47599813924171,1.5069999790284783,0.7550006557721645,0.6590016710106283,9.328003216069192,0,0
970,object,22686.07922212,1.2180025805719197,3.473000106168911,1.2279997463338077,1.476997567806393,0.4710018401965499,7.867001841077581,0,0
971,object,22686.124418838,3.011999069713056,6.726000719936565,2.7050009521190077,2.2509993868879974,0.9569994290359318,15.650999557692558,0,0
972,object,22686.1696338,3.8469988794531673,10.402000043541193,3.426001057960093,1.8190003174822778,1.7909987946040928,21.284999093040824,0,0
973,object,22686.214263883,1.0749972716439515,2.4320033844560385,0.9799987310543656,0.628999259788543,0.3080021997448057,5.424000846687704,0,0
974,object,22686.259351974,2.02999945031479,6.483998731710017,2.296001184731722,1.9120016077067703,0.8999995770864189,13.622000551549718,0,0
975,object,22686.304244309,1.4239994925446808,5.346999387256801,1.905998942675069,1.8520004232414067,0.7369999366346747,11.265998182352632,0,0
976,object,22686.349988003,0.6939990271348506,2.950000634882599,1.034000888466835,0.9729992598295212,0.3660024958662689,6.017002306180075,0,0
977,object,22686.394438102,2.5709996407385916,7.285998435690999,2.564000169513747,2.011001924984157,1.1859992810059339,15.617999451933429,0,0
978,object,22686.439718761,3.1950003176461905,8.546998287783936,3.139000909868628,2.130000211764127,1.2839991541113704,18.29499888117425,0,0
979,object,22686.484368207,1.5990008250810206,4.0619997889734805,1.1800002539530396,1.4069992175791413,0.510000973008573,8.758001058595255,0,0
980,object,22686.529319435,2.4219989427365363,6.939000741112977,2.2360000002663583,1.934000465553254,0.9739997040014714,14.504999853670597,0,0
981,object,22686.574470246,2.592001692391932,7.452999852830544,2.9240000003483146,2.1569976524915546,1.0559997463133186,16.181998944375664,0,0
982,object,22686.619138383,0.9649993444327265,2.7850001060869545,1.0969997674692422,1.02400008472614,0.3349996404722333,6.205998943187296,0,0
983,object,22686.665588301,1.4409997675102204,5.337002221494913,2.0560000848490745,1.7899983504321426,0.7500020728912205,11.374002497177571,0,0
984,object,22686.70950507,3.3379983506165445,7.56599911255762,2.7280002541374415,2.329001290490851,1.0299991117790341,16.99099811958149,0,0
985,object,22686.754252255,1.5730001905467361,2.8750000637955964,1.0940020729321986,0.8030001481529325,0.40999657358042896,6.754999049007893,0,0
986,object,22686.799483427,2.978998963953927,9.68900349107571,3.968998498748988,1.9840008462779224,0.9549985406920314,19.57600034074858,0,0
987,object,22686.844417935,3.3869982871692628,4.8530018830206245,1.071999577106908,1.2899981811642647,0.8080023690126836,11.410000297473744,0,0
988,object,22686.889156388,0.7700000423938036,2.8569993446581066,0.9450013749301434,0.9950017556548119,0.40099985199049115,5.9680023696273565,0,0
989,object,22686.934402252,2.778997441055253,7.29100065655075,2.91700052912347,2.591001248219982,0.9750001481734216,16.553000023122877,0,0
990,object,22686.979293155,2.2050007828511298,5.2869982027914375,1.3730023056268692,1.3979988580103964,0.4840003384742886,10.747000487754121,0,0
991,object,22687.024524364,2.6330017135478556,6.1399987316690385,2.20600122702308,2.06800177693367,1.0109979484695941,14.058001397643238,0,0
992,object,22687.069433358,3.602999640861526,9.688999853096902,3.340999683132395,2.6050001906696707,1.2020027497783303,20.440002117538825,0,0
993,object,22687.114361447,1.8090031517203897,5.278998287394643,2.011001924984157,1.5179975889623165,0.705000275047496,11.322001228109002,0,0
994,object,22687.159206172,1.3329990906640887,3.1470008252654225,1.3110002328176051,0.9979994501918554,0.4809990059584379,7.26999860489741,0,0
995,object,22687.20448121,3.573000867618248,10.356998245697469,4.034001904074103,3.5859993658959866,1.2450000212993473,22.795000404585153,0,0
996,object,22687.249311395,1.787000655895099,4.507997800828889,1.6420017345808446,1.3839999155607074,0.957999873207882,10.278999980073422,0,0
997,object,22687.294268707,1.4560027921106666,4.75099659524858,2.0950028556399047,1.4069992175791413,0.6549998943228275,10.36400135490112,0,0
998,object,22687.339480096,2.46399940806441,7.541999366367236,3.011999069713056,1.9950020941905677,1.0519979696255177,16.064997907960787,0,0
999,object,22687.384249571,1.5689984138589352,3.0939991120249033,1.558000803925097,0.9229988791048527,0.3980021574534476,7.541999366367236,0,0
1000,object,22687.429525761,2.5219997041858733,5.547000910155475,2.140001015504822,1.5189980331342667,0.7260023267008364,12.454001989681274,0,0
1001,object,22687.474433274,2.9240000003483146,7.6219985203351825,2.7610003598965704,1.9430008251219988,1.252999936696142,16.50299964239821,0,0
1002,object,22687.519302071,1.7540005501359701,3.815999662037939,1.381999027216807,1.02400008472614,0.5460024112835526,8.522001735400409,0,0
1003,object,22687.564599629,3.492001269478351,9.955998393706977,4.187000740785152,2.8799986466765404,1.2500022421590984,21.76500129280612,0,0
1004,object,22687.609449278,2.993001544382423,7.693997758906335,3.140001354040578,2.362998202443123,1.0180010576732457,17.207999917445704,0,0
1005,object,22687.654236996,1.3850003597326577,3.6380006349645555,1.1449992598500103,0.9039977157954127,0.6299997039604932,7.701997674303129,0,0
1006,object,22687.699357799,1.9700019038282335,5.590998625848442,1.767999492585659,1.7480015230830759,0.6659975042566657,11.742999049602076,0,0
1007,object,22687.74441211,1.9049984985031188,6.181999196996912,2.2000021999701858,2.0429979485925287,0.9750001481734216,13.304997992236167,0,0
1008,object,22687.789373273,1.948999852174893,3.6470009945333004,1.1319971235934645,0.9659997886046767,0.519001332577318,8.212999091483653,0,0
1009,object,22687.834364901,2.1030027710366994,5.427998985396698,1.6839985619299114,1.663000148255378,0.6150003173388541,11.493000783957541,0,0
1010,object,22687.87944049,2.6989982870873064,7.681002898607403,3.106997610302642,2.5700028345454484,1.2089985830243677,17.266000213567168,0,0
1011,object,22687.924279738,2.5129993446171284,4.867000825470313,1.101001544157043,1.1039992386940867,0.7890012057032436,10.374002158641815,0,0
1012,object,22687.969481023,2.5230001483578235,7.128001016099006,2.468997990945354,2.115000825142488,0.9399991540703923,15.174999134615064,0,0
1013,object,22688.014513337,3.040000592591241,7.0829992182552814,2.4520013539586216,2.454999048495665,0.9329996828455478,15.962999896146357,0,0
1014,object,22688.059253052,1.7710008251015097,3.35000004270114,1.3309982023201883,1.0080002539325505,0.4389985406305641,7.898997864685953,0,0
1015,object,22688.104540886,2.9619986889883876,9.608000254957005,3.9340011426247656,2.568998752394691,1.309999788645655,20.382998627610505,0,0
1016,object,22688.149451111,2.901000698329881,6.923000910319388,2.4479995772708207,2.14999818126671,0.9159994078800082,15.337998775066808,0,0
1017,object,22688.194222267,1.59599949256517,3.4080003388226032,1.128999429056421,1.2060008884873241,0.4440007614903152,7.783000910421833,0,0
1018,object,22688.239548815,3.1710005714558065,7.729999197181314,2.887001755880192,2.2049971448723227,1.177002559415996,17.17000122880563,0,0
1019,object,22688.284457277,2.811997546814382,7.775000995025039,2.821001544361934,2.172000677092001,1.0949988791253418,16.674999642418697,0,0
1020,object,22688.329249634,1.5570003597531468,4.268000338925049,1.1369993444532156,1.3220014807302505,0.41000021155923605,8.694001735420898,0,0
1021,object,22688.374369172,2.110999048454687,6.761001714039594,2.439999661874026,1.9749968487303704,0.7960006769280881,14.082997950026765,0,0
1022,object,22688.419242792,1.3999997463542968,5.236001015873626,1.9799990695901215,1.734002580633387,0.8479983080178499,11.198000720469281,0,0
1023,object,22688.464300071,1.296000846195966,3.315999492770061,1.1170013749506325,1.1459997040219605,0.4079993232153356,7.2830007411539555,0,0
1024,object,22688.509420523,2.8340000426396728,6.634996680077165,2.4310029402840883,2.3609973140992224,0.990999978967011,15.25199695606716,0,0
1025,object,22688.554422586,2.793000021483749,7.999002264114097,2.854998456314206,2.553999365773052,1.1449992598500103,17.345999367535114,0,0
1026,object,22688.599321323,1.2450000212993473,3.125998773612082,1.0420008038636297,0.7380003808066249,0.357002136297524,6.508002115879208,0,0
1027,object,22688.644563161,3.134999133180827,7.9790006566327065,2.886998117901385,2.3050015443004668,1.1299998732283711,17.435999325243756,0,0
1028,object,22688.690082134,5.649002559948713,16.506997781107202,4.9959999159909785,3.6130004446022213,1.038999471347779,31.804000172996894,0,0
1029,object,22688.734231198,1.5450023056473583,3.044999175472185,1.062999217538163,0.8520000847056508,0.4300018190406263,6.9350026024039835,0,0
1030,object,22688.779496781,2.921999112004414,8.383998647332191,3.182001819368452,2.1710002329200506,1.1689990060403943,17.827998817665502,0,0
1031,object,22688.824475819,2.3709981178399175,7.661001291126013,2.75899947155267,2.139000571332872,1.172000338556245,16.101999790407717,0,0
1032,object,22688.869172353,0.7510025170631707,2.28799763135612,0.7199996616691351,0.6660011422354728,0.3169989213347435,4.741999873658642,0,0
1033,object,22688.914546285,2.736000169534236,7.351001841016114,2.7659989427775145,2.0990009943488985,1.390999386785552,16.343001334462315,0,0
1034,object,22688.959546319,2.673998096724972,7.894999725976959,2.882999979192391,2.3280008463189006,1.0760013537947088,16.85600000200793,0,0
1035,object,22689.004371651,1.9269973563496023,5.10400059283711,1.7940001271199435,1.1789998097810894,0.5450019671116024,10.548999853199348,0,0
1036,object,22689.049415616,2.692002453841269,6.610000127693638,2.9469993023667485,1.8709979485720396,1.1500014807097614,15.270001313183457,0,0
1037,object,22689.094548241,3.025001205969602,7.962000381667167,2.791999577311799,2.2220010578166693,1.2349992175586522,17.23600144032389,0,0
1038,object,22689.139298092,1.5360019460786134,3.9629994716960937,1.6379999578930438,1.0949988791253418,0.4930006980430335,8.725000952836126,0,0
1039,object,22689.184346871,2.0510015019681305,6.468999345088378,2.950000634882599,2.0359984773676842,1.3870012480765581,14.89300120738335,0,0
1040,object,22689.229428543,2.4889995984267443,7.028000254649669,2.835000486811623,2.0039988157805055,0.9800023690331727,15.336001524701715,0,0
1041,object,22689.274237302,1.2179989425931126,3.0519986466970295,1.0069998097606003,0.6800000846851617,0.3770001058001071,6.333997589536011,0,0
1042,object,22689.319440534,2.5410008674953133,7.710998033871874,2.835000486811623,2.0840016077272594,1.0109979484695941,16.181998944375664,0,0
1043,object,22689.364651618,3.788998583331704,12.798998795915395,4.6099994506221265,2.91600008495152,1.6180019883904606,25.731998903211206,0,0
1044,object,22689.40923771,1.7070015019271523,3.997000021627173,1.8749997252598405,1.1029987945221364,0.5390029400587082,9.22100298339501,0,0
1045,object,22689.454459161,12.489999789977446,8.373001037398353,2.9760012694168836,2.1599989850074053,1.4129982446320355,27.411999326432124,0,0
1046,object,22689.499405705,2.7660025807563215,7.304999599000439,2.6569978217594326,2.0520019461400807,0.9789982868824154,15.75900023453869,0,0
1047,object,22689.54430012,1.929998688865453,4.470999556360766,1.3540011423174292,1.0280018614139408,0.4799985617864877,9.262999810744077,0,0
1048,object,22689.589481169,3.2609968911856413,7.560000085504726,3.0840019462630153,2.1359992388170213,1.514999894425273,17.555998056195676,0,0
1049,object,22689.634531233,3.1769995985087007,7.656999514438212,3.134999133180827,2.2429994714912027,1.296000846195966,17.50799856381491,0,0
1050,object,22689.679334941,1.8600003386382014,4.8959991545416415,1.7940001271199435,1.2540003808680922,0.5690017133019865,10.373001714469865,0,0
1051,object,22689.724419889,2.9859984351787716,6.846999895060435,2.7290006983093917,2.263001078972593,1.209999027196318,16.03499913471751,0,0
1052,object,22689.769650536,3.64600055036135,10.63699892256409,3.6179990274831653,2.739001502050087,1.5859986888244748,22.225998691283166,0,0
1053,object,22689.814385345,2.20700167119503,4.134999471716583,1.4670004020445049,1.019001501845196,0.9180002962239087,9.746003343025222,0,0
1054,object,22689.859316118,1.75300010596402,4.05899845645763,1.0830008250195533,0.7710004865657538,0.7039998308755457,8.369999704882503,0,0
1055,object,22689.904472776,2.5859990273602307,6.1350001487880945,2.3719985620118678,2.333999873371795,0.9020004654303193,14.328998076962307,0,0
1056,object,22689.949389562,2.330001734662801,5.10300014866516,1.7459969967603683,1.5879995771683753,0.7760027074255049,11.54300116468221,0,0
1057,object,22689.994455119,2.787000994430855,7.249000191222876,3.002998710144311,2.1610030671581626,0.9929972293321043,16.19300019228831,0,0
1058,object,22690.039402998,2.682998456293717,13.054999726591632,2.495999069651589,1.963002432603389,1.2279997463338077,21.424999431474134,0,0
1059,object,22690.084286841,2.2310014173854142,4.874000296695158,2.1079977159388363,1.4799989003222436,0.7320013537537307,11.424999684095383,0,0
1060,object,22690.129510028,2.5189983716700226,7.089001883286983,2.7149981178808957,2.0660008885897696,1.3360004231799394,15.72499968460761,0,0
1061,object,22690.174324872,2.109998604282737,5.557998520089313,1.6880003386177123,1.6560006770305336,0.5600013537332416,11.571999493753538,0,0
1062,object,22690.219446049,3.0080009310040623,7.177000952651724,2.4129985831677914,2.1500018192455173,0.9349969332106411,15.682999219279736,0,0
1063,object,22690.26440891,3.1650015444029123,7.455997547367588,2.7330024749971926,1.9639992387965322,1.4729994290973991,16.791000234661624,0,0
1064,object,22690.309241192,1.4090001059230417,3.2339994504582137,1.1740012269001454,1.4159995771478862,0.3629975253716111,7.595997885800898,0,0
1065,object,22690.354478206,2.4559994926676154,6.3970001065172255,2.6039997464977205,1.9049984985031188,0.824002199806273,14.186000043991953,0,0
1066,object,22690.399449356,2.591001248219982,7.41099938750267,2.758002665359527,2.325999957975,0.8949973562266678,15.981000615283847,0,0
1067,object,22690.444323707,1.5369987522717565,4.187000740785152,1.4670004020445049,0.9299983503296971,0.4579997039400041,8.578997949371114,0,0
1068,object,22690.489432487,2.748998667811975,7.472001016139984,2.873999619623646,2.2310014173854142,0.9899995347950608,16.31600025575608,0,0
1069,object,22690.534565135,2.8719987312797457,7.317001291085035,2.7800015232060105,1.877997419796884,1.1490010365378112,15.996000001905486,0,0
1070,object,22690.579373146,1.9750004867091775,3.6899982660543174,1.1709998943842947,0.9710020094644278,0.4120010999031365,8.219001756515354,0,0
1071,object,22690.624418182,2.734999725362286,6.989001121837646,2.496999513823539,2.1359992388170213,0.8890019671525806,15.246001566993073,0,0
1072,object,22690.669422227,3.15499710268341,6.960002792766318,2.597000275272876,2.172997483285144,0.9950017556548119,15.87999940966256,0,0
1073,object,22690.714272307,1.7269994714297354,3.173001459799707,1.4920005924068391,0.7700000423938036,0.3929999365936965,7.555001502623782,0,0
1074,object,22690.759755033,4.852001438848674,11.588999768719077,4.616998921846971,3.7860008887946606,1.676999090705067,26.52100010891445,0,0
1075,object,22690.804432962,2.5000008463393897,7.3070004873443395,2.5939989427570254,1.824999344535172,1.4670004020445049,15.693000023020431,0,0
1076,object,22690.849227286,1.2470009096432477,3.2009993446990848,1.0450021363794804,1.1379997886251658,0.4039975465275347,7.034999725874513,0,0
1077,object,22690.894545838,2.998000127263367,7.978000212460756,2.8180002118460834,2.2229978640098125,1.1209995136596262,17.137997929239646,0,0
1078,object,22690.939410362,7.222999556688592,6.801001291023567,2.754997694864869,2.0309998944867402,0.9540017344988883,19.764000171562657,0,0
1079,object,22690.984485254,2.4699984351173043,6.676000339211896,1.6730009519960731,1.2220007192809135,1.0410003596916795,13.082000805297866,0,0
1080,object,22691.029383385,2.524997398722917,6.531001417897642,2.321001375094056,1.6800004232209176,0.8379975042771548,13.894998119212687,0,0
1081,object,22691.074438804,3.1960007618181407,7.752998499199748,2.5650006136856973,2.076998498523608,1.3210010365583003,16.911999409785494,0,0
1082,object,22691.119711746,4.902001819573343,13.389999367063865,4.949997673975304,3.1810013751965016,1.7620004655327648,28.185000701341778,0,0
1083,object,22691.164292781,1.7730017134454101,4.602999979397282,1.8459977582097054,1.1080010153818876,0.547999661648646,9.878000128082931,0,0
1084,object,22691.20940077,2.7569985832087696,7.4460003816057,3.0430019251070917,2.5429981178604066,1.0660005500540137,16.85499955783598,0,0
1085,object,22691.254297269,2.1619998733513057,4.9959999159909785,1.1980009730905294,1.4990000636316836,0.4270004865247756,10.282001312589273,0,0
1086,object,22691.299450657,3.2650023058522493,6.812999345129356,3.062999894609675,2.744000084931031,0.9729992598295212,16.858000890351832,0,0
1087,object,22691.344452627,2.802000381052494,7.3830015026032925,2.700999175431207,2.2169988369569182,0.9799987310543656,16.082998627098277,0,0
1088,object,22691.38925791,2.0180013962090015,3.426001057960093,1.2159980542492121,1.200998667627573,0.37400241126306355,8.235001587308943,0,0
1089,object,22691.434523759,2.554999809945002,7.413000275846571,2.7710011636372656,2.273998688906431,1.0399999155197293,16.052999853855,0,0
1090,object,22691.479347766,2.3310021788347512,7.38999733584933,2.469001628924161,2.005999704124406,1.2609998520929366,15.457000699825585,0,0
1091,object,22691.524244255,1.1209995136596262,3.312001354061067,1.0469993867445737,0.8919996616896242,0.3989989636465907,6.770998879801482,0,0
1092,object,22691.569507378,3.4330005291849375,8.192997484002262,2.549000782892108,2.02999945031479,1.2880009307991713,17.49299917719327,0,0
1093,object,22691.614469206,2.9619986889883876,6.917001883266494,2.5749977794475853,2.1740015654359013,1.1669981176964939,15.794998034834862,0,0
1094,object,22691.659234381,1.4760007616132498,3.6909987102262676,1.124000846175477,0.8999995770864189,0.4889989213552326,7.679998816456646,0,0
1095,object,22691.704539116,4.285000613890588,13.24500044574961,3.821998689090833,3.0660012271255255,1.5789992175996304,25.997000193456188,0,0
1096,object,22691.749434347,3.0699993658345193,7.548002031398937,2.974000381072983,2.2669992176815867,1.14399881567806,17.002999811666086,0,0
1097,object,22691.794259055,1.5160003385972232,3.6229976103641093,1.2590026017278433,1.1109987099189311,0.4789981176145375,7.987997378222644,0,0
1098,object,22691.839415892,2.8750000637955964,6.634003511862829,2.6669986255001277,2.243999915663153,0.9639989002607763,15.384001017082483,0,0
1099,object,22691.884459323,3.3520009310450405,7.295999239431694,3.068002115469426,2.311000571353361,1.1719967005774379,17.19899955787696,0,0
1100,object,22691.929235672,1.2359996617306024,3.583001671358943,1.1880001693498343,0.9739997040014714,0.5459987733047456,7.526999979745597,0,0
1101,object,22691.974264313,2.0759980543516576,4.401001206133515,1.501000951975584,1.2689997674897313,0.6749978638254106,9.921997843775898,0,0
1102,object,22692.019527916,3.035002009710297,7.637998351128772,2.4319997464772314,2.077998942695558,0.9590003173798323,16.14199936739169,0,0
1103,object,22692.064231768,1.7370002751704305,3.0189985409379005,1.139000232797116,0.8650022209621966,0.3659988578874618,7.1260001277551055,0,0
1104,object,22692.109429259,2.515000232961029,6.892001692904159,3.0009978218004107,2.149001375073567,1.3030003174208105,15.860001440159976,0,0
1105,object,22692.15453686,2.897002559620887,8.41599830891937,2.700999175431207,2.4320033844560385,1.2399978004395962,17.6860012288671,0,0
1106,object,22692.199468556,2.8570029826369137,10.457999451318756,1.7669990484137088,1.724998583085835,0.6580012268386781,17.46500129229389,0,0
1107,object,22692.244442181,3.011999069713056,7.425001967931166,2.682998456293717,2.4940018192864954,0.9729992598295212,16.587000573053956,0,0
1108,object,22692.289371963,3.0529990908689797,7.105998520273715,2.6000016077887267,1.929998688865453,0.9310024324804544,15.620000340277329,0,0
1109,object,22692.334347027,2.425000275252387,4.716999683296308,2.04900061362423,1.362997863907367,0.6330010364763439,11.186999472556636,0,0
1110,object,22692.379435877,2.538999979151413,7.696999091422185,2.9420007194858044,2.8480026230681688,1.0279982234351337,17.054000636562705,0,0
1111,object,22692.424519059,3.0279989005066454,12.56700124940835,4.994999471819028,3.6329984141048044,1.9850012904498726,26.2079993262887,0,0
1112,object,22692.469421687,2.091997885145247,4.0859995351638645,1.1550000635907054,0.6890004442539066,0.5250003596302122,8.546998287783936,0,0
1113,object,22692.514421065,3.0080009310040623,7.243001164169982,2.6759989850688726,1.9979997887276113,0.9949981176760048,15.919998986646533,0,0
1114,object,22692.559441928,2.6620000426191837,7.519000064348802,2.8230024327058345,2.343997039133683,1.0440016922075301,16.392001271015033,0,0
1115,object,22692.604214675,1.8430000636726618,3.649998689070344,1.357999281026423,1.0850017133634537,0.5229994712863117,8.458999218419194,0,0
1116,object,22692.649464625,3.3620017347857356,8.7650005298201,2.9799994081258774,2.4289984139613807,1.0520016076043248,18.588001694297418,0,0
1117,object,22692.694665829,2.7960013539996,8.041999535635114,2.8799986466765404,2.397002390353009,0.9989998943638057,17.11400182102807,0,0
1118,object,22692.739373517,1.3379976735450327,3.158002073178068,1.0109979484695941,0.7250018825288862,0.44199987314641476,6.673999450867996,0,0
1119,object,22692.784488047,2.821998350555077,6.644000677624717,2.849999873433262,2.0840016077272594,0.9190007403958589,15.319001249736175,0,0
1120,object,22692.829311218,1.6999983927235007,5.186000635148957,1.5510013327002525,1.2560012692119926,0.8869974408298731,10.579999070614576,0,0
1121,object,22692.874469381,2.373999450355768,5.595000402536243,2.0980005501769483,1.6599988157395273,1.0760013537947088,12.803000572603196,0,0
1122,object,22692.919428719,3.058998117921874,7.076003385009244,2.9039983928669244,2.553999365773052,1.0260009730700403,16.619000234641135,0,0
1123,object,22692.964435218,3.110999386990443,6.8160006776452065,2.6710004021879286,2.487999154254794,1.0760013537947088,16.16200097487308,0,0
1124,object,22693.00942356,3.140998160233721,6.9689995143562555,1.653999788686633,1.0970034054480493,1.2689997674897313,14.13000063621439,0,0
1125,object,22693.054400689,2.687997039174661,7.317001291085035,2.820001100189984,2.2139975044410676,1.029002305585891,16.067999240476638,0,0
1126,object,22693.099454495,2.9699986043851823,7.672999345231801,3.2000025385059416,2.187996869906783,0.9190007403958589,16.949998098425567,0,0
1127,object,22693.144276174,1.462998625356704,5.245001375442371,1.653999788686633,1.3620010577142239,0.690997694619,10.414998541818932,0,0
1128,object,22693.189481328,2.9179973353166133,7.443999493261799,2.912001946242526,2.4280016077682376,0.9799987310543656,16.681999113643542,0,0
1129,object,22693.234442125,2.163997123716399,6.017002306180075,2.28699718718417,1.7810016288422048,0.7310009095817804,12.979999155504629,0,0
1130,object,22693.279353535,2.602002496132627,5.7729994296096265,2.3089996830094606,1.5379991964437068,0.7839989848434925,13.005999790038913,0,0
1131,object,22693.324440038,3.2720017770770937,8.2949991337955,3.135999577352777,2.396998752374202,0.9970026439987123,18.097001884598285,0,0
1132,object,22693.369439493,2.310000127181411,6.780999683542177,2.529999619582668,1.7380007193423808,0.6680020305793732,14.02700218022801,0,0
1133,object,22693.414515338,2.58199725067243,6.58100179862231,2.4660002964083105,2.1310006559360772,0.9469986252952367,14.706998626934364,0,0
1134,object,22693.459440596,3.0519986466970295,7.580998499179259,3.0290029826574028,2.2239983081817627,1.4090001059230417,17.294998542638496,0,0
1135,object,22693.504332253,1.7480015230830759,3.896999260177836,1.6689991753082722,0.8839997462928295,0.5530018825083971,8.75100158737041,0,0
1136,object,22693.549530469,3.167999238939956,8.163999154930934,2.707001840462908,2.357999619562179,1.209999027196318,17.606998881092295,0,0
1137,object,22693.594417283,3.021999873453751,7.458002073690295,2.5339977582916617,2.478001988492906,1.0000003385357559,16.49200203246437,0,0
1138,object,22693.63929371,1.5080004232004285,4.904999514110386,1.7599995771888644,1.1080010153818876,0.5920010153204203,9.873001545201987,0,0
1139,object,22693.684585866,2.744996891124174,7.580001692986116,2.972999936901033,2.426000719424337,1.033997250488028,16.757996490923688,0,0
1140,object,22693.729477198,2.392000169493258,6.518999725813046,2.540997229516506,2.1120031306054443,1.109998265746981,14.673998521175236,0,0
1141,object,22693.774433815,2.04900061362423,4.333000106271356,1.5689984138589352,1.2660020729526877,0.8509996405337006,10.06800084724091,0,0
1142,object,22693.819442429,3.0859991966281086,7.9979981819633394,2.7900023269467056,2.214997948613018,1.0650001058820635,17.153997760033235,0,0
1143,object,22693.86456154,2.5330009520985186,7.660000846954063,2.998000127263367,2.6080015231855214,1.0179974196944386,16.81700086919591,0,0
1144,object,22693.909406588,2.967997716041282,7.30900137568824,2.567998308222741,2.06800177693367,0.8169990906026214,15.729998267488554,0,0
1145,object,22693.954441262,3.6860001273453236,7.978997018653899,3.012002707691863,2.1039995772298425,1.600998075446114,18.381997506367043,0,0
1146,object,22693.999510741,2.720000338740647,7.70499900681898,3.031000233022496,2.626002242323011,1.128999429056421,17.211001249961555,0,0
1147,object,22694.044332086,1.7900019884109497,4.6099994506221265,1.6509984561707824,1.8380014807917178,0.5869987944606692,10.476000170456246,0,0
1148,object,22694.089580643,2.777996996883303,7.822000043233857,2.859000233002007,2.291999408043921,1.0800031304825097,16.830999811645597,0,0
1149,object,22694.134392965,2.558001142460853,7.414000720018521,2.586999471532181,1.9990002328995615,1.186999725177884,15.745001292089,0,0
1150,object,22694.179348193,1.7329984984826297,3.883000317728147,1.034000888466835,0.9270006557926536,0.39099904824979603,7.967999408720061,0,0
1151,object,22694.224444571,2.50200173468329,6.950998795218766,2.3749998945277184,1.9740000425372273,1.0110015864484012,14.813002053415403,0,0
1152,object,22694.26943338,2.390999725321308,7.181002729339525,2.411998138995841,2.1519990696106106,1.3669996405951679,15.502999303862453,0,0
1153,object,22694.314355229,2.1040032152086496,4.094999894732609,1.0639996617101133,1.0469993867445737,0.7809976523276418,9.090999810723588,0,0
1154,object,22694.359482687,3.0840019462630153,7.337999704759568,2.892000338761136,1.868000254034996,0.9979994501918554,16.18000169401057,0,0
1155,object,22694.404512293,2.9529983294196427,7.05100319464691,2.7039968699682504,2.353001036681235,1.3640019460581243,16.425001376774162,0,0
1156,object,22694.449273397,1.7749989638105035,3.634999302448705,1.4870020095258951,0.9739997040014714,0.42800093069672585,8.2990009104833,0,0
1157,object,22694.494435304,2.5080007617361844,7.11299799149856,2.454999048495665,2.2610001906286925,1.3540011423174292,15.690999134676531,0,0
1158,object,22694.539425734,2.7239984774496406,6.999998731771484,2.435001078993082,2.1990017557982355,1.0029980330727994,15.360998077085242,0,0
1159,object,22694.584235179,1.6979975043796003,2.9420007194858044,1.3329990906640887,0.8120005077216774,0.447998900199309,7.23299672245048,0,0
1160,object,22694.629520181,2.831002348102629,7.257000106619671,2.3749998945277184,2.0569968910422176,1.0470030247233808,15.567002265015617,0,0
1161,object,22694.674515963,2.549000782892108,7.207996532088146,2.6130001060664654,2.0760016923304647,0.9799987310543656,15.42599784443155,0,0
1162,object,22694.719304788,1.8040009308606386,5.445999704534188,1.519998477306217,1.3540011423174292,0.7990020094439387,10.923002264462411,0,0
1163,object,22694.76444615,2.3740030883345753,6.770998879801482,2.454999048495665,2.0219995349179953,1.1140000424347818,14.7360005939845,0,0
1164,object,22694.809410119,3.017001290572807,6.537000444950536,2.4619985197205096,2.311000571353361,1.0039984772447497,15.330999303841963,0,0
1165,object,22694.854317786,1.2069976946804672,3.0560004233848304,1.2359996617306024,0.8970018825493753,0.8679999154992402,7.263999577844515,0,0
1166,object,22694.899532985,2.7220012270845473,6.877999112475663,2.3270004021469504,2.111999492626637,1.3799981388729066,15.418998373206705,0,0
1167,object,22694.944576965,2.4699984351173043,8.102000720100477,2.839999069692567,3.097000444540754,0.9710020094644278,17.48000067891553,0,0
1168,object,22694.989184204,2.0029983716085553,3.378998371772468,0.9640025382395834,0.9319992386735976,0.41499879444018006,7.692997314734384,0,0
1169,object,22695.034691634,2.18800050788559,4.599001840688288,1.314998371526599,1.5650002751499414,0.49200025387108326,10.159001249121502,0,0
1170,object,22695.079461676,2.941000275313854,7.070000719977543,2.574000973254442,2.573997335275635,1.0639996617101133,16.222998965531588,0,0
1171,object,22695.124208653,1.2380005500745028,3.278000804129988,0.8879978850018233,0.9489995136391371,0.41500243241898715,6.768001185264438,0,0
1172,object,22695.169457986,2.2329986677505076,8.810999133856967,3.1480012694373727,2.5859990273602307,1.1359989002812654,17.913996998686343,0,0
1173,object,22695.214486589,3.07300069835037,7.170998287620023,2.474000211805105,2.110999048454687,1.2500022421590984,16.079000488389283,0,0
1174,object,22695.259321665,1.8270002328790724,5.412002792581916,2.143999154213816,1.0559997463133186,0.55299824452959,10.992000170517713,0,0
1175,object,22695.304474144,2.93600169243291,7.792998076183721,2.9280017770361155,2.392000169493258,1.1890006135217845,17.23800232866779,0,0
1176,object,22695.349423524,3.1470008252654225,6.704998668283224,2.4220025807153434,2.395998308202252,0.9680006769485772,15.638001059414819,0,0
1177,object,22695.394274359,1.5179975889623165,3.9799997466616333,1.4610013749916106,0.8919996616896242,0.49099980969913304,8.341998182004318,0,0
1178,object,22695.439535228,2.991997462231666,7.592003385070711,2.7199967007618397,2.1090017980895936,1.0740004654508084,16.48699981160462,0,0
1179,object,22695.484532731,3.372999344719574,10.284002200933173,4.405999789014459,2.721000782912597,17.151996871689335,37.93599898926914,0,0
1180,object,22695.529645709,2.9809998522978276,7.529000868089497,3.5799967008642852,4.630001058103517,1.2939999578520656,20.013998437207192,0,0
1181,object,22695.574466321,3.2080024539027363,7.26999860489741,2.544999006204307,2.2940002963878214,1.029002305585891,16.346002666978166,0,0
1182,object,22695.619581792,3.586999810067937,12.432999938027933,3.9289989217650145,3.6940000427421182,1.5090008673723787,25.15199957997538,0,0
1183,object,22695.664311599,1.2879972928203642,3.163000656059012,1.0410003596916795,0.8360002539120615,0.4339999577496201,6.761998520232737,0,0
1184,object,22695.709381949,2.8329995984677225,6.492999091278762,2.472002961440012,2.139997377526015,0.9700015652924776,14.908000594004989,0,0
1185,object,22695.754804822,2.862998371711001,7.057999027892947,2.5320005079265684,2.2550011635757983,0.9750001481734216,15.682999219279736,0,0
1186,object,22695.799416135,2.511998900445178,5.060002877144143,1.663000148255378,1.4379984349943697,0.6549998943228275,11.328000255161896,0,0
1187,object,22695.844361617,2.249998942716047,6.508998922072351,2.6360030460637063,2.1479972929228097,1.291002263315022,14.834000467089936,0,0
1188,object,22695.889510282,3.007000486832112,6.386002496583387,2.887998562073335,2.329001290490851,1.067997800419107,15.678000636398792,0,0
1189,object,22695.934394185,1.8589998944662511,4.023000656161457,1.6600024537183344,1.224998413817957,0.5299989425111562,9.297000360675156,0,0
1190,object,22695.979501282,3.588000254239887,10.556999768596143,3.969002136727795,2.8769973141606897,1.1310003174003214,22.121999791124836,0,0
1191,object,22696.024371384,2.177999704144895,6.005000614095479,2.092001523124054,1.8469982023816556,0.7500020728912205,12.872002116637304,0,0
1192,object,22696.069446904,2.7660025807563215,7.987997378222644,2.8860013117082417,2.0269981177989393,1.2890013749711215,16.95600076345727,0,0
1193,object,22696.114463484,3.3700016501825303,7.328999345190823,2.730001142481342,2.2889980755280703,1.0170006135012954,16.73500082688406,0,0
1194,object,22696.159245588,1.548996806377545,4.616002115653828,1.9319995772093534,1.5670011634938419,0.7829985406715423,10.44699820340611,0,0
1195,object,22696.204463669,3.1050003599375486,7.168000593082979,2.359996869927272,1.863001671154052,1.038999471347779,15.534998965449631,0,0
1196,object,22696.249429041,2.4219989427365363,7.508002454414964,3.007997293025255,2.0420011423993856,1.186999725177884,16.166999557754025,0,0
1197,object,22696.294437865,3.0720002541784197,7.72400017012842,3.1039999157655984,2.0840016077272594,0.9469986252952367,16.931000573094934,0,0
1198,object,22696.339308864,2.0240004232618958,3.19199898513034,1.471998984925449,0.9940013114828616,0.4989997250959277,8.180999429896474,0,0
1199,object,22696.384493417,2.529999619582668,7.340000593103468,2.5099980121012777,2.2660024114884436,1.448999682907015,16.095000319182873,0,0
1200,object,22696.42923998,1.424999936716631,3.2749994716141373,1.0250005288980901,0.8370006980840117,0.5000001692678779,7.062000804580748,0,0
1201,object,22696.474433181,3.1290001061279327,7.917999027995393,3.130000550299883,2.245000359835103,1.3019998732488602,17.72399991750717,0,0
1202,object,22696.519467703,2.138996933354065,7.412003469653428,3.120996552752331,1.9070030248258263,1.067997800419107,15.646997781004757,0,0
1203,object,22696.564382356,2.34400067711249,5.349000275600702,2.5180015654768795,1.5410005289595574,0.8850001904647797,12.637003237614408,0,0
1204,object,22696.609273306,2.34500112128444,6.583999493159354,2.2230015019886196,2.6099987735506147,0.8450006134808064,14.607001503463835,0,0
1205,object,22696.654555591,2.8799986466765404,6.9019988586660475,2.6950001483783126,2.315002348041162,1.0269977792631835,15.818997781025246,0,0
1206,object,22696.699251114,1.8479986465536058,4.861998604610562,1.4770012057852,1.3380013115238398,0.5869987944606692,10.111998562933877,0,0
1207,object,22696.744336926,1.9990002328995615,8.563998562749475,2.0309998944867402,1.363001501886174,0.6609989213757217,14.617999113397673,0,0
1208,object,22696.789446108,2.9910006560385227,8.645998605061322,3.565000952221453,2.6890011213254184,1.2649979908019304,19.155999325448647,0,0
1209,object,22696.834350931,2.0560000848490745,6.5730018832255155,2.5269982870668173,1.877000613603741,0.5109977792017162,13.543998647946864,0,0
1210,object,22696.879400824,2.8620015655178577,5.869998858543113,2.2380008886102587,1.6589983715675771,1.062999217538163,13.69199890177697,0,0
1211,object,22696.924406981,2.791999577311799,7.612998160766438,2.676999429240823,2.653003321029246,1.0619987733662128,16.796999261714518,0,0
1212,object,22696.969312669,1.6750018403399736,4.251996870152652,2.0660008885897696,1.2000018614344299,0.609998096479103,9.802999556995928,0,0
1213,object,22697.01445711,3.298002411611378,6.592999852728099,2.5279987312387675,2.3620013962499797,0.9519972081761807,15.732999600004405,0,0
1214,object,22697.059389069,2.20600122702308,6.5589993027970195,2.4190012481994927,1.982996764127165,1.0450021363794804,14.212000678526238,0,0
1215,object,22697.104235732,1.1299998732283711,3.282999387010932,1.0129988368134946,1.2920027074869722,0.32299794838763773,7.040998752927408,0,0
1216,object,22697.149484356,3.017001290572807,7.5120005931239575,3.1130002753343433,2.573997335275635,1.0250005288980901,17.241000023204833,0,0
1217,object,22697.194442881,2.540000423323363,7.487000402761623,3.173001459799707,2.3419997887685895,1.052998413797468,16.59500048845075,0,0
1218,object,22697.239282016,1.7970014596357942,4.6480017772410065,1.567997969686985,1.710999640636146,0.5660003807861358,10.290001227986068,0,0
1219,object,22697.28432102,1.681997673586011,5.863999831490219,2.1080013539176434,1.8610007828101516,0.7929993444122374,12.307998986216262,0,0
1220,object,22697.329584971,3.411998477531597,9.840001439442858,4.03999729314819,2.650001988513395,1.233998773386702,21.175997972022742,0,0
1221,object,22697.374275444,1.6560006770305336,2.972999936901033,1.4670004020445049,0.8310016710311174,0.39699807530269027,7.324000762309879,0,0
1222,object,22697.419621553,3.2850002753548324,7.495000318158418,2.906999725382775,2.3460015654563904,1.0759977158159018,17.108999600168318,0,0
1223,object,22697.46428431,1.857999450294301,5.116999091114849,1.9549988792277873,1.7190031940117478,0.7609996828250587,11.410000297473744,0,0
1224,object,22697.509249138,1.6360027075279504,3.421999281272292,1.6880003386177123,0.9920004231389612,0.5309993866831064,8.269002137240022,0,0
1225,object,22697.554251484,1.3469980331137776,3.9049991755746305,1.6160011000465602,0.8979986887425184,0.46500281314365566,8.230999810621142,0,0
1226,object,22697.599311694,1.6739977581892163,5.636000423692167,2.1890009520575404,1.9120016077067703,0.7979979272931814,12.208998668938875,0,0
1227,object,22697.644173642,1.001000782707706,2.7339992811903358,0.9980030881706625,0.7179987733252347,0.8360002539120615,6.2870021793060005,0,0
1228,object,22697.689518408,3.0240007617976516,7.229002221720293,2.9819966584909707,1.9900035113096237,1.4309989637695253,16.656002117088065,0,0
1229,object,22697.734418185,3.5090015444438905,8.986000466393307,2.744000084931031,2.724998921621591,1.1779993656091392,19.14200038299896,0,0
1230,object,22697.779282364,1.43899887916632,3.510998794808984,1.1830015864688903,1.3809985830448568,0.4579997039400041,7.971997547429055,0,0
1231,object,22697.824371782,2.191998646594584,7.2920011007227,2.329998096683994,1.9520011846907437,0.9520008461549878,14.71799987484701,0,0
1232,object,22697.869486548,2.6140005502384156,6.640999345108867,2.353001036681235,1.8719983927439898,0.948002707445994,14.428002032218501,0,0
1233,object,22697.914247752,1.8239989003632218,3.2800016924738884,1.3110002328176051,1.0139992809854448,0.486001226818189,7.915001333458349,0,0
1234,object,22697.95968336,1.6379999578930438,5.032998160459101,1.9370017980691046,1.824999344535172,0.7730013749096543,11.206000635866076,0,0
1235,object,22698.004484757,3.9040023693814874,8.218998118536547,2.8380018193274736,2.434997441014275,0.9830000635702163,18.37899981183,0,0
1236,object,22698.049279183,2.1169980755075812,3.864002792397514,1.5570003597531468,1.4309989637695253,0.5250003596302122,9.49400055105798,0,0
1237,object,22698.09440999,2.5560002541169524,7.214999641291797,2.720000338740647,1.9180006347596645,1.2079981388524175,15.616999007761478,0,0
1238,object,22698.139249827,1.8239989003632218,3.3270007406827062,1.2490017979871482,0.7540002116002142,0.38699727156199515,7.540998922195286,0,0
1239,object,22698.18432673,1.7730017134454101,4.49299841420725,1.4889992598909885,1.2520031305029988,0.5549991328734905,9.562001650920138,0,0
1240,object,22698.229484216,2.8520007617771626,4.826997610507533,2.258999302284792,1.1750016710720956,0.5779984348919243,11.690997780533507,0,0
1241,object,22698.274483428,2.6810012059286237,8.028000593185425,2.7839996619150043,2.3419997887685895,1.0360017768107355,16.871003026608378,0,0
1242,object,22698.319367569,2.3029970179777592,4.582001565722749,1.6890007827896625,0.934000127017498,0.6689988367725164,10.176998330280185,0,0
1243,object,22698.364386787,2.6659981813281775,7.523001841036603,3.039996954612434,2.2600033844355494,1.0699986887630075,16.55899905017577,0,0
1244,object,22698.409424793,3.086999640800059,8.775998139753938,3.384000592632219,4.469002305995673,2.1679989004042,21.88399957958609,0,0
1245,object,22698.454150176,0.7880007615312934,2.6659981813281775,0.6740010576322675,0.8780007192399353,0.6619993655476719,5.6680000852793455,0,0
1246,object,22698.499307181,2.0139996195212007,6.672002200502902,2.7520000003278255,1.9899998733308166,0.9469986252952367,14.375000318977982,0,0
1247,object,22698.544423805,2.7950009098276496,7.68599784350954,2.9910006560385227,1.9889994291588664,1.2999989849049598,16.76099782343954,0,0
1248,object,22698.589192005,1.3279968698043376,2.812001184793189,1.18200114229694,0.9760005923453718,0.38699727156199515,6.684997060801834,0,0
1249,object,22698.634450061,2.3800021153874695,6.6639986471273005,2.273998688906431,2.324002707609907,1.0160001693293452,14.658002328360453,0,0
1250,object,22698.679329985,2.710999979171902,6.442998710554093,2.2660024114884436,2.2239983081817627,0.9169998520519584,14.56099926144816,0,0
1251,object,22698.724193017,1.601001713424921,2.806998963933438,1.0600015230011195,0.7550006557721645,0.39999940781854093,6.623002263950184,0,0
1252,object,22698.769511982,3.1130002753343433,7.0450005296152085,2.444001438561827,2.0269981177989393,0.9280010999646038,15.557001461274922,0,0
1253,object,22698.814316109,1.4170000213198364,3.602999640861526,1.0929979907814413,0.9710020094644278,0.7210001058410853,7.804999768268317,0,0
1254,object,22698.859444995,2.282999048475176,6.0010024753864855,2.158998540835455,1.7029997252393514,0.8460010576527566,12.992000847589225,0,0
1255,object,22698.904514737,3.364999429322779,7.931997970445082,2.61999957729131,2.2570020519196987,0.971998815657571,17.14599784463644,0,0
1256,object,22698.949440725,2.531000063754618,6.297999789239839,2.302000211784616,2.5330009520985186,0.8489987521898001,14.512999769067392,0,0
1257,object,22698.994443278,2.595999831100926,5.732999852625653,1.9510007405187935,1.510001311544329,0.6459995347540826,12.436001270543784,0,0
1258,object,22699.039288611,1.7950005712918937,5.361001967685297,2.057997335214168,2.3510001483373344,0.8100032573565841,12.375003279885277,0,0
1259,object,22699.084313338,2.625998604344204,6.031001248629764,2.1790001483168453,2.0789993868675083,0.7689995982218534,13.683998986380175,0,0
1260,object,22699.129285501,1.844000507844612,4.923000233247876,1.5650002751499414,1.3940007193014026,1.0469993867445737,10.773001122288406,0,0
1261,object,22699.174357615,2.34500112128444,6.188998668221757,2.510998456273228,1.9500002963468432,0.972002453636378,13.967000995762646,0,0
1262,object,22699.219321398,2.830001903930679,4.626999725587666,1.1080010153818876,1.3449971447698772,0.43800173443742096,10.34800152410753,0,0
1263,object,22699.264333273,2.2899985197000206,5.350000719772652,2.425000275252387,1.4850011211819947,0.676998752169311,12.226999388076365,0,0
1264,object,22699.309422179,2.4419969122391194,6.8020017351955175,2.5099980121012777,2.0940024114679545,1.0799994925037026,14.927998563507572,0,0
1265,object,22699.354294291,2.002001565415412,3.7239988159853965,1.6119993233587593,1.2270029401406646,0.5269976099953055,9.092000254895538,0,0
1266,object,22699.399382091,2.616998244775459,5.549001798499376,2.415999915683642,1.5160003385972232,0.8179995347745717,12.915999832330272,0,0
1267,object,22699.444442153,2.6950001483783126,7.544000254711136,2.63900074060075,2.035001671174541,0.9629984560888261,15.876001270953566,0,0
1268,object,22699.489246431,1.3300013961270452,3.568999090930447,1.7499987734481692,0.8080023690126836,0.3949971869587898,7.851998816477135,0,0
1269,object,22699.534488398,2.8909998945891857,8.498998795403168,2.6480011001694947,2.429002051940188,1.028998667607084,17.49600050970912,0,0
1270,object,22699.579364666,2.221000613644719,5.460999091155827,1.7270031094085425,1.3359967852011323,0.643001840217039,11.38800143962726,0,0
1271,object,22699.624320921,1.9029976101592183,5.397003405960277,1.2569980754051358,1.2460004654712975,0.8770002750679851,10.679999832063913,0,0
1272,object,22699.669450001,2.8149988793302327,7.310998626053333,2.7999994927085936,2.1520027075894177,1.024996890919283,16.10299659660086,0,0
1273,object,22699.714515524,2.8659997042268515,6.747999577783048,2.950000634882599,2.3479988158214837,0.9600007615517825,15.871999494265765,0,0
1274,object,22699.759343542,1.8380014807917178,3.315999492770061,1.1949996405746788,0.9870018402580172,0.5469992174766958,7.88300167187117,0,0
1275,object,22699.80530551,1.6699996194802225,6.402002327376977,1.9519975467119366,1.8380014807917178,0.8749993867240846,12.737000361084938,0,0
1276,object,22699.849437024,3.0759983928874135,7.590002496726811,3.1579984351992607,2.1170017134863883,1.3889984984416515,17.329999536741525,0,0
1277,object,22699.894222344,1.0750009096227586,3.6009987525176257,1.0940020729321986,0.9440009307581931,0.6609989213757217,7.375001587206498,0,0
1278,object,22699.939298246,2.5989975256379694,6.155001756269485,2.3979991965461522,1.7000020307023078,0.9419964044354856,13.7939969135914,0,0
1279,object,22699.984659152,3.9299993659369648,9.642000804888085,2.754000888671726,2.3989996407181025,1.1499978427309543,19.874998542945832,0,0
1280,object,22700.029355196,1.7849997675511986,3.7570025597233325,1.1519987310748547,1.0940020729321986,0.39199949242174625,8.18000262370333,0,0
1281,object,22700.07446166,3.1620002118870616,7.312999514397234,2.7050009521190077,2.111999492626637,1.0650001058820635,16.357000276912004,0,0
1282,object,22700.119345833,2.2289968910627067,7.909002306405455,3.477998689049855,2.720000338740647,0.9770010365173221,17.312999261775985,0,0
1283,object,22700.164204298,1.2609998520929366,3.3430005714762956,1.1539996194187552,0.805001036496833,0.4260000423528254,6.989001121837646,0,0
1284,object,22700.209460345,2.79700179817155,7.304999599000439,2.8649992600549012,2.0789993868675083,0.9890027286019176,16.035002772696316,0,0
1285,object,22700.254435581,3.017001290572807,7.890001143096015,2.906999725382775,2.0669976947829127,1.391003024764359,17.27200287859887,0,0
1286,object,22700.299277407,1.2349992175586522,3.248998837079853,1.7830025171861053,0.7729977369308472,0.7310009095817804,7.770999218337238,0,0
1287,object,22700.344441646,2.953998773591593,6.640999345108867,2.472999767633155,2.1560008462984115,0.953001290326938,15.177000022958964,0,0
1288,object,22700.389366072,2.4790024326648563,6.030997610650957,2.444001438561827,2.1599989850074053,0.8820024959277362,13.996002962812781,0,0
1289,object,22700.434313896,2.1849991753697395,4.69000224256888,1.209999027196318,1.4709985407534987,0.48800211516208947,10.044001101050526,0,0
1290,object,22700.479397758,2.939999831141904,6.376998499035835,2.5139997887890786,1.9270009943284094,1.2499986041802913,15.007997717475519,0,0
1291,object,22700.524446901,2.7220012270845473,7.2830007411539555,2.939999831141904,2.373999450355768,1.0069998097606003,16.326001059496775,0,0
1292,object,22700.569259192,0.738997186999768,2.22500239033252,0.7649978215340525,0.7560010999441147,0.3159984771627933,4.8009969759732485,0,0
1293,object,22700.614463546,2.654000127222389,6.841000868007541,2.515997039154172,2.0130028133280575,0.9939976735040545,15.017998521216214,0,0
1294,object,22700.659346167,2.1379964891821146,6.546000804519281,2.377000782871619,1.91100116353482,0.88600063463673,13.857999874744564,0,0
1295,object,22700.704329263,1.2839991541113704,4.460001946426928,1.5969999367371202,1.529999281046912,0.6490008672699332,9.520001185592264,0,0
1296,object,22700.749432062,3.031000233022496,7.239999831654131,2.444001438561827,2.410000888630748,1.1259980965405703,16.251000488409773,0,0
1297,object,22700.794399842,2.654996933415532,6.72000169288367,2.6529996830504388,2.3840002540964633,0.8819988579489291,15.293997421395034,0,0
1298,object,22700.840125567,5.593999958364293,13.999000657349825,3.1899980967864394,3.2330026442650706,1.0330004442948848,27.049001801060513,0,0
1299,object,22700.884477365,2.9419970815069973,6.390000635292381,2.630000381032005,1.8409991753287613,1.0650001058820635,14.867997379042208,0,0
1300,object,22700.929482892,3.36900120601058,8.060000254772604,3.0080009310040623,2.482996933395043,1.1350020940881222,18.05500141927041,0,0
1301,object,22700.974251578,1.4609977370128036,3.36900120601058,0.8679999154992402,1.0469993867445737,0.4309986252337694,7.175996870500967,0,0
1302,object,22701.019635658,3.9479964470956475,10.310002835467458,3.840999852400273,2.676999429240823,1.3639983080793172,22.13999687228352,0,0
1303,object,22701.064595351,3.0510018405038863,9.06000059330836,2.9149996407795697,2.310000127181411,1.0169969755224884,18.352999177295715,0,0
1304,object,22701.10922811,1.3230019249022007,3.3529977372381836,1.4560027921106666,0.8369970601052046,0.4160028765909374,7.385002390947193,0,0
1305,object,22701.154597948,1.568001607665792,5.901998520130292,2.1179985196795315,1.7730017134454101,0.7169983291532844,12.07799869007431,0,0
1306,object,22701.199438279,3.3659998734947294,7.521000952692702,2.5810004444792867,2.3089996830094606,1.0939984349533916,16.87099938862957,0,0
1307,object,22701.244267865,1.5709993022028357,2.458000381011516,1.2380005500745028,0.9739997040014714,0.3249988367315382,6.565998774021864,0,0
1308,object,22701.289558948,3.2050011213868856,9.601000783732161,3.4419972507748753,2.8180002118460834,1.2320015230216086,20.298000890761614,0,0
1309,object,22701.334763947,5.2579998737201095,12.996999430470169,5.860998498974368,4.312001692596823,2.019998646574095,30.447998142335564,0,0
1310,object,22701.379305807,2.0500010577961802,4.1719977161847055,1.1470001481939107,0.9760005923453718,0.7419985195156187,9.086998034035787,0,0
1311,object,22701.424427899,2.4979999579954892,6.569000106537715,2.5749977794475853,1.811000402085483,0.8930001058615744,14.345998351927847,0,0
1312,object,22701.469181118,1.3140015653334558,3.4039985621348023,1.3429998944047838,1.196000084746629,0.4840003384742886,7.74100044509396,0,0
1313,object,22701.514349844,2.524997398722917,5.937003152212128,1.9899998733308166,1.7289967217948288,0.7880007615312934,12.968997907591984,0,0
1314,object,22701.559442101,2.905999281210825,8.260001777671278,2.5949993869289756,2.5090012059081346,1.0309995559509844,17.301001207670197,0,0
1315,object,22701.60440321,2.538999979151413,5.902998964302242,2.6520028768572956,1.3479984772857279,0.6000009307172149,13.042001228313893,0,0
1316,object,22701.649527213,2.7649984986055642,8.858001820044592,3.025998012162745,2.333999873371795,1.1660013115033507,18.148999515688047,0,0
1317,object,22701.694465614,2.4859982659108937,6.540001777466387,2.4369983293581754,2.329001290490851,1.0600015230011195,14.852001186227426,0,0
1318,object,22701.739521634,2.8329995984677225,8.648999937577173,3.6609999369829893,1.9559993233997375,1.3499993656296283,18.44899816205725,0,0
1319,object,22701.784366626,2.0369989215396345,4.202000127406791,1.2899981811642647,1.0830008250195533,0.7919989002402872,9.40399695537053,0,0
1320,object,22701.829461946,2.9330003599170595,7.4499985203146935,2.4190012481994927,2.692999260034412,1.1510019248817116,16.64600131334737,0,0
1321,object,22701.874462051,2.8270005714148283,7.143000402720645,2.815999323502183,2.239998138975352,1.0000003385357559,16.025998775148764,0,0
1322,object,22701.919243822,1.5779987734276801,4.331999662099406,1.9229992176406085,1.291002263315022,0.6129994289949536,9.73699934547767,0,0
1323,object,22701.964465027,2.983000740641728,7.053000445012003,2.626002242323011,2.6089983293786645,1.014999725157395,16.286001482512802,0,0
1324,object,22702.009273091,1.4170000213198364,5.9730009525083005,2.158998540835455,1.8310020095668733,0.757998350309208,12.137999874539673,0,0
1325,object,22702.054224246,1.8710015865508467,5.366997356759384,1.8070022633764893,1.3190001482143998,0.6029986252542585,10.966999980155379,0,0
1326,object,22702.099429382,2.667999069672078,7.595001079607755,2.869001036742702,2.049997419817373,1.0180010576732457,16.199999663513154,0,0
1327,object,22702.144390944,2.5930021365638822,7.738999556750059,2.5939989427570254,1.857999450294301,1.2689997674897313,16.052999853855,0,0
1328,object,22702.189265226,1.8589998944662511,4.559002263704315,1.1649972293525934,1.0229996405541897,0.5400033842306584,9.146002412308007,0,0
1329,object,22702.23441954,2.8389986255206168,7.845999789424241,3.044002369279042,2.4759974621701986,1.02400008472614,17.228998331120238,0,0
1330,object,22702.279293542,1.381999027216807,3.78299955627881,1.3370008673518896,1.1519987310748547,0.9080031304620206,8.562001312384382,0,0
1331,object,22702.30163708,1.7380007193423808,2.2189997253008187,1.549000444356352,53.24499943526462,0.5809997674077749,59.332000091671944,1,1
1332,object,22702.328240371,110.52500121877529,313.63399830297567,161.35799887706526,8.976003300631419,1.086998963728547,595.5800006631762,1,1
1333,object,22702.357650875,111.6700004786253,378.81599928368814,179.5030002540443,9.858998964773491,1.2659984349738806,681.1139974161051,1,1
1334,object,22702.383711929,86.55399869894609,279.77500212728046,106.87900066841394,7.036996976239607,0.8490023901686072,481.0940008610487,1,1
1335,object,22702.407900471,97.88800161913969,279.0079997794237,106.51199772837572,7.499998901039362,0.7980015652719885,491.70599959325045,1,1
1336,object,22702.431821711,36.371999158291146,100.65300011774525,32.587999157840386,2.216002030763775,0.35499760997481644,172.18399807461537,1,1
1337,object,22702.457996438,91.1150018509943,224.44699789048173,83.47400216734968,6.061000021873042,0.6429982022382319,405.740000132937,1,1
1338,object,22702.487223645,114.87899973872118,265.00000240048394,118.51399904116988,7.853999704821035,1.0160001693293452,507.2630010545254,1,1
1339,object,22702.515312991,104.62700083735399,250.09000091813505,103.24299728381447,7.495000318158418,0.8380011422559619,466.2930004997179,1,1
1340,object,22702.541193729,155.7100003992673,541.2089994933922,230.42999964673072,10.530999134061858,1.1859992810059339,939.065997954458,1,1
1341,object,22702.565064535,71.38000000850298,127.37900033243932,40.61599975102581,2.859000233002007,0.34099866752512753,242.57499899249524,1,1
1342,object,22702.590873616,40.20799678983167,110.52400077460334,36.25899989856407,2.348002453800291,0.38199868868105114,189.72099860548042,1,1
1343,object,22702.617435546,74.7660014894791,224.10900055547245,105.24999743211083,7.03200203133747,0.9120012691710144,412.06900277757086,1,1
1344,object,22702.647317457,77.85000343574211,228.2349996676203,94.00699855177663,6.570000550709665,0.7810012903064489,407.44300349615514,1,1
1345,object,22702.674360662,83.40400017914362,236.15900136064738,102.5909987220075,7.40799805498682,0.8970018825493753,430.4590001993347,1,1
1346,object,22702.699801996,39.33100015274249,114.9929994426202,39.88200114690699,2.5269982870668173,0.6330010364763439,197.36600006581284,1,1
1347,object,22702.726284093,69.32199903531,174.3419998092577,68.99399886606261,5.1720016926992685,0.5689980753231794,318.39899747865275,1,1
1348,object,22702.751739724,88.41899762046523,260.53700275951996,104.36499724164605,6.751000910298899,0.9270006557926536,460.9989991877228,1,1
1349,object,22702.776879627,76.299998909235,246.25300284242257,100.90099749504589,6.882000889163464,1.0210023901890963,431.357002526056,1,1
1350,object,22702.803662425,88.30299702822231,245.54999981774017,126.75600009970367,7.2069997258950025,0.8300012268591672,468.6459978984203,1,1
1351,object,22702.831449307,57.94200114905834,153.25999993365258,54.29500015452504,3.21100014843978,0.3220011421944946,269.03000252787024,1,1
1352,object,22702.858445676,89.44100045482628,221.08600023784675,103.45299961045384,6.099999154685065,0.9220020729117095,421.00200153072365,1,1
1353,object,22702.885282825,104.83400183147751,328.3240002929233,173.65099847665988,9.685001714387909,1.2370001059025526,617.7310024213511,1,1
1354,object,22702.914205218,85.16299931216054,241.1820023553446,102.17700037173927,7.197999366326258,0.8799979696050286,436.5999993751757,1,1
1355,object,22702.940150183,47.97799920197576,129.66700160177425,34.74299955996685,2.8610011213459074,0.23399843485094607,215.4829999199137,1,1
1356,object,22702.966047382,56.02600140264258,92.1949977055192,31.97100159013644,2.672997652553022,0.2990018401760608,183.1640001910273,1,1
1357,object,22702.991590766,70.957001298666,201.03899805690162,78.88600157457404,5.218000296736136,0.6679983926005661,356.76799961947836,1,1
1358,object,22703.01676669,81.08199835987762,257.35999952303246,105.82300092210062,6.9739980972371995,0.8640017767902464,452.10299867903814,1,1
1359,object,22703.042728889,90.20500147016719,283.76000045682304,107.15899770730175,7.162001566030085,0.8749993867240846,489.16100058704615,1,1
1360,object,22703.070639956,91.8769983400125,290.8730020863004,107.85599806695245,6.932001269888133,0.7800008461344987,498.318000609288,1,1
1361,object,22703.097570552,44.52700159163214,118.76200005644932,38.625999877694994,2.5659974198788404,1.172000338556245,205.65299928421155,1,1
1362,object,22703.124114791,48.75800004811026,127.85099897882901,44.8220016551204,3.5089979064650834,0.37400241126306355,225.31400099978782,1,1
1363,object,22703.154632478,113.88300117687322,357.3729991330765,174.18700008420274,10.234001820208505,1.2469972716644406,656.9239994860254,1,1
1364,object,22703.184136845,74.87200127798133,218.62199719180353,93.91000276082195,6.328999006655067,0.7739981811027974,394.5069984183647,1,1
1365,object,22703.215704713,68.59100176370703,182.451000000583,60.030000895494595,3.7819991121068597,0.42399915400892496,315.2780009259004,1,1
1366,object,22703.246443437,72.77799886651337,205.1720002782531,68.86899791425094,4.7339999582618475,0.5450019671116024,352.09799898439087,1,1
1367,object,22703.273154277,88.17399793770164,244.76999897160567,103.50700176786631,7.3880000854842365,0.8559982234146446,444.6949969860725,1,1
1368,object,22703.304359195,116.0059982794337,356.6750019672327,136.09799862024374,9.4600000011269,1.2540003808680922,619.4929992489051,1,1
1369,object,22703.333231909,105.3849991876632,327.5029994256329,167.8910011833068,9.57999873207882,1.4790020941291004,611.8380006228108,1,1
1370,object,22703.358407638,76.2390009185765,150.37800039863214,39.68999953940511,3.17399826599285,0.44600164983421564,269.9270007724408,1,1
1371,object,22703.383436492,52.1869988006074,104.79800039320253,35.87299943319522,2.5080007617361844,0.3089990059379488,195.67499839467928,1,1
1372,object,22703.408781919,68.43700248282403,221.46899937069975,86.2969973240979,5.753001460107043,0.7320013537537307,382.68800199148245,1,1
1373,object,22703.43617802,131.72999751986936,266.9480018084869,104.61199781275354,9.056002454599366,0.9219984349329025,513.267998030642,1,1
1374,object,22703.465873166,80.87100286502391,260.15399998868816,100.50299897557124,7.293001544894651,0.8520000847056508,449.6730034588836,1,1
1375,object,22703.490779038,46.24600114766508,110.4360017052386,35.65199949662201,2.7429996407590806,0.34299955586902797,195.4200015461538,1,1
1376,object,22703.516981453,60.0869971094653,130.5290024902206,43.814998207380995,3.187000402249396,0.3899986040778458,238.00799681339413,1,1
1377,object,22703.542724425,80.1900023361668,277.34999821404926,108.22799958987162,6.853002560092136,1.2109994713682681,473.8320021715481,1,1
1378,object,22703.570854714,74.77500184904784,268.470001174137,123.12800026847981,7.057999027892947,0.9329996828455478,474.36400200240314,1,1
1379,object,22703.597753535,89.46600064518861,272.31299827690236,104.7750010911841,7.114002073649317,0.8139977580867708,474.48199984501116,1,1
1380,object,22703.62562379,73.63799886661582,158.2570002938155,46.52699863072485,4.3620020733214915,1.2759992387145758,284.05999910319224,1,1
1381,object,22703.650382672,47.02200021711178,135.13399971998297,50.292001105844975,3.8539983506780118,0.44199987314641476,236.74399926676415,1,1
1382,object,22703.680243767,81.54599709087051,239.53000345500186,108.15299901878461,7.038997864583507,0.8470015018247068,437.1149989310652,1,1
1383,object,22703.711428567,88.38899884722196,277.12200244423,109.27299808827229,7.085000106599182,0.8829993021208793,482.7519987884443,1,1
1384,object,22703.736761764,127.90999971912242,276.9979982986115,104.9250022333581,7.120997906895354,0.9069990483112633,517.8609972062986,1,1
1385,object,22703.763456918,45.95299833454192,125.23199984570965,41.490999137749895,2.897002559620887,0.38799771573394537,215.9609975933563,1,1
1386,object,22703.789432666,72.09700197563507,195.76499835238792,77.4729996919632,6.196001777425408,0.676998752169311,352.2080005495809,1,1
1387,object,22703.8169294,130.24199870415032,317.1680000377819,142.27100109565072,8.656999852973968,1.196000084746629,599.5339997753035,1,1
1388,object,22703.846508886,74.27899981848896,275.4460001597181,163.60200243070722,9.130999387707561,0.9449977369513363,523.4029995335732,1,1
1389,object,22703.872163996,53.44500095816329,162.96900139423087,68.94800026202574,4.724999598693103,0.49499794840812683,290.58200016152114,1,1
1390,object,22703.89985922,19.899998733308166,136.22199912788346,50.02600300940685,2.5909976102411747,0.33700052881613374,209.0759990096558,1,1
1391,object,22703.926905424,128.88900164398365,178.0439997673966,50.19799937144853,3.944998752558604,0.4260000423528254,361.5019995777402,1,1
1392,object,22703.954300534,53.5160033905413,138.73399802832864,49.91600144421682,3.502998879412189,0.4260000423528254,246.09500178485177,1,1
1393,object,22703.980695545,81.50699795805849,275.2470027189702,108.23199772858061,7.478000043192878,1.0500007192604244,473.5139991680626,1,1
1394,object,22704.005714467,44.21300036483444,140.93700156081468,57.286000810563564,3.840999852400273,0.471998646389693,246.74900123500265,1,1
1395,object,22704.035693198,24.328001018147916,99.04100079438649,32.68000000389293,2.2550011635757983,0.3159984771627933,158.62000145716593,1,1
1396,object,22704.06550649,79.28500053822063,240.82399977487512,102.23700155620463,6.636000762227923,0.8159986464306712,429.798001277959,1,1
1397,object,22704.09657916,74.6059995435644,231.3229997525923,104.97600305825472,9.286999556934461,20.310999389039353,440.5030013003852,1,1
1398,object,22704.127145751,66.93199975416064,233.75099772238173,102.96400068909861,6.771002517780289,0.7479975465685129,411.1659982299898,1,1
1399,object,22704.157808338,40.357997932005674,118.91200119862333,45.919001422589645,3.434997779550031,0.443000317318365,209.06699865008704,1,1
1400,object,22704.183592364,56.6870003240183,138.54500139132142,45.26599877863191,3.416000254219398,0.74800118454732,244.66200193273835,1,1
1401,object,22704.210435368,94.29999772692099,259.2430028016679,103.38199717807584,7.358001312240958,0.8259994501713663,465.10899846907705,1,1
1402,object,22704.236558331,95.3859998844564,261.79500127909705,160.676001542015,13.700999261345714,0.8729984983801842,532.4310004652943,1,1
1403,object,22704.263969452,146.71299868496135,339.7410000616219,164.97999968123622,10.007002856582403,1.4599972928408533,662.9009985772427,1,1
1404,object,22704.288139575,40.07199822808616,125.09400039562024,52.546998631441966,3.769000613829121,0.2580018190201372,221.73999968799762,1,1
1405,object,22704.314280207,73.44999903580174,200.85500000277534,86.19599975645542,4.757002898259088,0.6729969754815102,365.9309986687731,1,1
1406,object,22704.340445521,106.94999946281314,329.8420015198644,194.39799871179275,9.585000952938572,1.4859979273751378,642.260998574784,1,1
1407,object,22704.366059586,103.0550010909792,321.1290022591129,174.59499940741807,10.04799923975952,1.2640011846087873,610.0910031818785,1,1
1408,object,22704.395310253,100.59700070996769,319.65300149749964,197.62199735851027,11.718999303411692,1.6570011212024838,631.2479999905918,1,1
1409,object,22704.419922162,62.14300083229318,176.82699763099663,67.3970025673043,4.985999112250283,0.3800014383159578,311.73300158116035,1,1
1410,object,22704.445476073,55.477998103015125,154.07600221806206,57.05299918190576,3.8660000427626073,0.543001078767702,271.01600062451325,1,1
1411,object,22704.471051719,111.44400195917115,334.58999678259715,162.6290031708777,9.185998351313174,1.3019998732488602,619.151000137208,1,1
1412,object,22704.496565627,112.30100062675774,368.2690003188327,176.28400019020773,10.021998605225235,1.3950011634733528,668.2710009044968,1,1
1413,object,22704.522749809,124.60000289138407,372.2829969774466,175.85500245331787,10.060997738037258,1.252999936696142,684.0519999968819,1,1
1414,object,22704.549140127,39.60399772040546,139.07300308346748,54.18599903350696,3.7049976526759565,0.35199991543777287,236.91999740549363,1,1
1415,object,22704.57475347,40.849001379683614,135.9509988105856,43.574000301305205,2.892000338761136,0.40899976738728583,223.67500059772283,1,1
1416,object,22704.602751337,91.39800022239797,280.367999948794,107.1719998435583,7.892002031439915,0.8120005077216774,487.6420025539119,1,1
1417,object,22704.627759609,89.97999975690618,293.06600117706694,108.0089969036635,7.677001121919602,0.8490023901686072,499.58100134972483,1,1
1418,object,22704.653243055,110.08100045728497,280.67699895473197,98.92299931379966,8.132999937515706,0.7940034265629947,498.6080020898953,1,1
1419,object,22704.678833873,55.97400013357401,187.68199879559688,56.837001466192305,6.435999239329249,0.46399873099289834,307.39299836568534,1,1
1420,object,22704.702397134,43.857002310687676,109.20799832092598,33.84099909453653,2.4470027710776776,0.3179993655066937,189.67100186273456,1,1
1421,object,22704.727496006,62.10300125530921,184.33399964123964,75.61000165878795,5.272999260341749,0.648000423097983,327.96800223877653,1,1
1422,object,22704.753150376,87.0809999469202,222.53900169744156,85.69299825467169,5.791000148747116,0.6820009730290622,401.78600102080964,1,1
1423,object,22704.778891302,103.979000414256,276.79899721988477,106.04099952615798,7.3880000854842365,0.8429997251369059,495.0499969709199,1,1
1424,object,22704.805261195,70.21700002951548,165.28600099263713,32.426996767753735,2.6360030460637063,0.352996721630916,270.91899755760096,1,1
1425,object,22704.832989198,53.59600254450925,116.27399726421572,43.42499960330315,3.244000254198909,0.6110021786298603,217.1500018448569,1,1
1426,object,22704.858912379,104.97800030861981,259.0789990790654,118.05300164269283,7.302998710656539,0.8679999154992402,490.2809996565338,1,1
1427,object,22704.885761764,92.59500075131655,360.25100052938797,119.39899923163466,7.938000635476783,0.9210016287397593,581.1040027765557,1,1
1428,object,22704.91151586,113.23299986543134,356.1689991329331,193.82300160941668,10.716001270338893,1.2799973774235696,675.2209992555436,1,1
1429,object,22704.936492677,101.23199899680912,304.5880002900958,195.73100144043565,7.538001227658242,0.7039998308755457,609.7930017858744,1,1
1430,object,22704.960534015,48.293997679138556,116.58500079647638,38.2229991373606,2.8340000426396728,0.3440000000409782,206.2799976556562,1,1
1431,object,22705.009411507,85.1440017868299,4.601999535225332,3.0709998100064695,11.567000910872594,1.0709991329349577,105.45500117586926,1,0
1432,object,22705.054435127,90.76200149138458,5.093999789096415,2.9469993023667485,12.147000234108418,1.0539988579694182,112.00399967492558,1,0
1433,object,22705.099252404,44.856999011244625,2.553999365773052,1.1890006135217845,6.121001206338406,0.3799978003371507,55.10099799721502,1,0
1434,object,22705.145419145,44.64900121092796,3.892000677296892,2.0419975044205785,7.701000868109986,0.8140013960655779,59.098001656821,1,0
1435,object,22705.18942123,98.04799992707558,4.847999662160873,2.9600014386232942,11.063999409088865,1.0369985830038786,117.95699901995249,1,0
1436,object,22705.234364752,54.25999916042201,2.712000423343852,1.3829994713887572,7.236001692945138,0.5309993866831064,66.12200013478287,1,0
1437,object,22705.279319077,62.08800186868757,3.8859980122651905,2.278000465594232,8.400998922297731,0.867003109306097,77.52000237815082,1,0
1438,object,22705.324471435,99.69999882741831,5.761001375503838,2.929999027401209,14.24999936716631,1.2189993867650628,123.85999798425473,1,0
1439,object,22705.369375294,63.170999055728316,2.196000423282385,1.3319986464921385,5.776000762125477,0.44199987314641476,72.91699876077473,1,0
1440,object,22705.414471231,69.35000055818819,3.3049982448574156,2.019998646574095,8.964001608546823,0.9809991752263159,84.61999823339283,1,0
1441,object,22705.459496001,100.86999827763066,5.5770033213775605,3.110999386990443,11.911997717106715,1.1080010153818876,122.57799971848726,1,0
1442,object,22705.504220914,47.911998990457505,2.249998942716047,1.4319994079414755,6.094000127632171,0.4180001269560307,58.10599759570323,1,0
1443,object,22705.549442303,99.4990004983265,4.900000931229442,3.1199997465591878,12.297998182475567,1.0260009730700403,120.84300033166073,1,0
1444,object,22705.594366379,74.20100155286491,4.689998604590073,2.859000233002007,10.176001524087042,1.0350013326387852,92.96100324718282,1,0
1445,object,22705.610584669,79.28699778858572,282.1460002451204,151.77400200627744,7.889000698924065,1.2349992175586522,522.3309999564663,1,1
1446,object,22705.635592569,57.975998061010614,176.4900007401593,63.01300163613632,3.8990001485217363,0.4350004019215703,301.81300098774955,1,1
1447,object,22705.684414236,83.99400030612014,4.542001988738775,2.8809990908484906,10.95400148187764,0.9779978427104652,103.34900071029551,1,0
1448,object,22705.7294488,91.60999979940243,4.866000381298363,2.963999577332288,11.953998182434589,1.1210031516384333,112.5150010921061,1,0
1449,object,22705.774302086,52.92000059853308,2.6710004021879286,1.3969984138384461,6.6590000642463565,0.5469992174766958,64.1939986962825,1,0
1450,object,22705.81932511,67.81699994462542,4.212000931147486,2.91700052912347,8.75000114319846,1.119999069487676,84.81600161758251,1,0
1451,object,22705.86566521,50.86899909656495,4.183002602076158,2.0669976947829127,10.194999049417675,1.04300124803558,68.35699969087727,1,0
1452,object,22705.909239255,48.451998736709356,1.9120016077067703,1.2639975466299802,5.600002623395994,0.41000021155923605,57.63800072600134,1,0
1453,object,22705.954395889,85.52300278097391,4.206998710287735,2.943997969850898,10.0860015663784,1.2279997463338077,103.98800077382475,1,0
1454,object,22705.999248334,70.86000186973251,3.8039979699533433,1.9889994291588664,10.884999937843531,0.7990020094439387,88.3370012161322,1,0
1455,object,22706.044351815,68.59200220787898,3.062999894609675,1.943997631315142,8.668001100886613,0.6859991117380559,82.95299994642846,1,0
1456,object,22706.089419138,86.68900045449845,5.4060001275502145,2.848999429261312,11.545998859219253,1.0740004654508084,107.56399933598004,1,0
1457,object,22706.134307605,67.64999852748588,3.5460034268908203,2.238997694803402,8.17900217953138,0.72900002123788,82.34300184994936,1,0
1458,object,22706.179292365,74.73900041077286,3.989000106230378,2.6269990485161543,9.18300065677613,1.143002009484917,91.68100223178044,1,0
1459,object,22706.224455221,91.45199874183163,4.642002750188112,2.7959977160207927,11.890002497239038,1.0709991329349577,111.85100083821453,1,0
1460,object,22706.269176372,36.179000744596124,2.706001396290958,1.196000084746629,6.20899663772434,0.5110014171805233,46.801000280538574,1,0
1461,object,22706.314401852,52.15700002736412,3.0769988370593637,1.2930031516589224,7.9809979069978,0.4180001269560307,64.92600005003624,1,0
1462,object,22706.359427735,83.9830026961863,4.719000571640208,3.1199997465591878,11.958996765315533,0.9280010999646038,104.70900087966584,1,0
1463,object,22706.4043838,60.97300138208084,3.224999090889469,2.158998540835455,8.795999747235328,0.700001692166552,75.85300045320764,1,0
1464,object,22706.449367278,73.30299922614358,3.8809994293842465,2.4090004444587976,9.3039998319,1.1279989848844707,90.0249979167711,1,0
1465,object,22706.494390274,76.70699778827839,4.3380023271311074,2.2839994926471263,9.765997674548998,0.9370014595333487,94.03199874213897,1,0
1466,object,22706.539341314,67.59199823136441,3.3579999580979347,1.800999598344788,8.991999493446201,0.5560032150242478,82.29900049627759,1,0
1467,object,22706.584223763,38.66900078719482,2.7089990908280015,1.453001459594816,7.033999281702563,0.8390015864279121,50.70400220574811,1,0
1468,object,22706.629383846,83.74299795832485,4.84500196762383,2.6089983293786645,10.994001058861613,0.9889990906231105,103.17999840481207,1,0
1469,object,22706.657557386,105.81300011835992,252.3280018067453,118.73900075443089,8.130999049171805,0.9329996828455478,485.9440014115535,1,1
1470,object,22706.682099471,50.08000152884051,116.36999988695607,40.37200051243417,3.2809984986670315,0.36100027500651777,210.4640007019043,1,1
1471,object,22706.70742986,37.447000067913905,111.5810009650886,39.97000021627173,3.1080016924533993,0.36900019040331244,192.47500313213095,1,1
1472,object,22706.733207451,93.41799886897206,254.53800117247738,116.74699999275617,6.845999450888485,1.233998773386702,472.7829982584808,1,1
1473,object,22706.760715856,125.07800056482665,389.0450025210157,179.40999896381982,10.837000445462763,1.295997208217159,705.6659997033421,1,1
1474,object,22706.785479014,80.79299732344225,240.9190019534435,104.47200111229904,7.217997335828841,0.8960014383774251,434.29799916339107,1,1
1475,object,22706.809929446,41.495000914437696,118.11099830083549,33.85799936950207,2.773998858174309,0.38300277083180845,196.62100021378137,1,1
1476,object,22706.838641463,68.04800068493932,193.82599930395372,73.81300019915216,5.1579991122707725,0.6410009518731385,341.4860002521891,1,1
1477,object,22706.866620091,102.74599844706245,262.3649997985922,131.79600136936642,7.41099938750267,0.9629984560888261,505.28099745861255,1,1
1478,object,22706.896932038,111.40500282635912,258.92199846566655,103.69200026616454,7.489001291105524,0.8610004442743957,482.36900329357013,1,1
1479,object,22706.926622564,90.1120001799427,245.00200015609153,128.89299978269264,9.133000276051462,1.0320000001229346,474.17200039490126,1,1
1480,object,22706.953481365,76.40700277988799,179.49799803318456,39.97900057584047,4.1339990275446326,0.3630011633504182,300.38100157980807,1,1
1481,object,22706.979569309,54.80999971041456,141.7419989593327,50.1670001540333,3.4479999158065766,0.5010006134398282,250.66799935302697,1,1
1482,object,22707.008500914,65.18200098071247,232.47900026035495,100.90200157719664,6.840997230028734,0.8770002750679851,406.2810003233608,1,1
1483,object,22707.037644761,90.72299872059375,234.35100229107775,126.59499770961702,7.210001058410853,0.8179995347745717,459.69699931447394,1,1
1484,object,22707.062484493,86.90799950272776,249.18700000853278,104.2280018737074,7.325001206481829,0.862997694639489,448.51100028608926,1,1
1485,object,22707.086544458,105.29499922995456,321.6049990442116,178.40199870988727,6.094000127632171,0.7970011211000383,612.1929982327856,1,1
1486,object,22707.111656565,54.64000059873797,140.8850002917461,51.833998440997675,3.36900120601058,0.8119968697428703,251.5399974072352,1,1
1487,object,22707.138655551,98.3159989118576,278.5500000754837,110.56400035158731,7.496000762330368,0.8690003596711904,495.79500046093017,1,1
1488,object,22707.163526662,82.24300108850002,229.17800015420653,97.34400009620003,7.044000085443258,0.8659990271553397,416.6750004515052,1,1
1489,object,22707.191411304,54.28700023912825,144.63199840974994,39.031001506373286,2.821998350555077,0.6310001481324434,241.402998653939,1,1
1490,object,22707.219356722,63.017003412824124,153.97999959532171,59.663998399628326,3.7419995351228863,0.5280016921460629,280.9310026350431,1,1
1491,object,22707.246122698,88.03099990473129,231.03599960450083,97.77399827726185,6.5210006141569465,0.8220013114623725,424.1839997121133,1,1
1492,object,22707.272392849,118.88199878740124,372.0899985637516,193.58600184204988,10.388001101091504,1.2079981388524175,696.1539984331466,1,1
1493,object,22707.299240656,112.28899893467315,352.2629995131865,174.38100258004852,9.984996722778305,1.0870026017073542,650.0050003523938,1,1
1494,object,22707.324717866,56.00800068350509,240.65700199571438,61.65299782878719,4.78999936603941,0.41100065573118627,363.51900052977726,1,1
1495,object,22707.349795655,40.80799772054888,115.11000047903508,37.968999095028266,3.0910014174878597,0.3749992174562067,197.3529979295563,1,1
1496,object,22707.378513207,120.39200009894557,345.6939994066488,193.48999921930954,10.236999514745548,1.1730007827281952,670.9859990223777,1,1
1497,object,22707.406034084,119.53499779338017,291.4080032496713,132.59299885248765,8.966999303083867,1.038999471347779,553.5419986699708,1,1
1498,object,22707.43243403,92.2719991649501,250.98400146816857,103.04299939889461,6.950998795218766,0.8679999154992402,454.1179987427313,1,1
1499,object,22707.460982844,109.43899906123988,246.9120008754544,107.44599785539322,9.074999979929999,1.0470030247233808,473.9190007967409,1,1
1500,object,22707.489398831,51.77300045033917,113.56300092302263,37.21900066011585,2.74099875241518,0.35199991543777287,205.6480007013306,1,1
1501,object,22707.51703005,57.34799924539402,177.2880023054313,66.16999962716363,4.560999514069408,0.9940013114828616,306.3610020035412,1,1
1502,object,22707.5493054,82.91400081361644,244.4099991407711,111.64999887114391,7.2210023063234985,0.934000127017498,447.12900125887245,1,1
1503,object,22707.574297124,99.19900185195729,243.574999331031,106.77799946279265,7.25399877410382,0.8900024113245308,457.6960018312093,1,1
1504,object,22707.600370774,66.24300294788554,167.62599989306182,49.678998038871214,3.78400000045076,0.3770001058001071,287.70900098606944,1,1
1505,object,22707.624667663,59.562000387813896,174.83799820183776,51.66300252312794,4.6099994506221265,0.4770008672494441,291.1500014306512,1,1
1506,object,22707.649213493,82.76999869849533,230.92899937182665,87.82000077189878,6.327998562483117,0.6940026651136577,408.5410000698175,1,1
1507,object,22707.676696277,49.12399890599772,133.6229979642667,48.383000830654055,3.2089992600958794,0.386000465368852,234.7249974263832,1,1
1508,object,22707.70246153,113.30900088069029,243.7430011923425,104.53099821461365,7.201000698842108,0.8179995347745717,469.6020005212631,1,1
1509,object,22707.726668936,83.66199836018495,242.7970030112192,125.57699665194377,7.525002729380503,0.9479990694671869,460.5089998221956,1,1
1510,object,22707.752629463,127.38700024783611,230.27099814498797,100.3399993351195,9.025003237184137,0.9119976311922073,467.93499859631993,1,1
1511,object,22707.777485227,64.26999971154146,168.6609975877218,65.70500045199879,4.328001523390412,0.47399953473359346,303.43799880938604,1,1
1512,object,22707.807651586,86.66099893162027,240.71900043054484,123.9140001416672,7.128997822292149,0.8810020517557859,459.30399937788025,1,1
1513,object,22707.83794829,109.34799865935929,257.55800015758723,103.1399988278281,6.949001544853672,0.8499991963617504,477.84499838599004,1,1
1514,object,22707.863567279,62.46799966902472,170.3019988781307,68.7749998178333,4.80699964100495,0.5470028554555029,306.89900086144917,1,1
1515,object,22707.889733157,37.09099837578833,103.09600111213513,38.26000101980753,2.635999408084899,0.33299875212833285,181.41599866794422,1,1
1516,object,22707.918505014,109.35699901892804,247.04500174266286,102.47899990645237,7.284997991519049,0.8150018402375281,466.98100049979985,1,1
1517,object,22707.947317785,105.38999777054414,295.07799990824424,107.0889993570745,7.200000254670158,0.8850001904647797,515.6419974809978,1,1
1518,object,22707.97250068,97.88600073079579,222.4220006610267,96.55499889049679,6.743000994902104,0.771997292758897,424.37799856998026,1,1
1519,object,22707.99904205,35.535998904379085,109.22100045718253,39.3980008084327,2.6480011001694947,0.27399801183491945,187.07699928199872,1,1
1520,object,22708.02389366,42.16700108372606,122.4429979629349,35.74100264813751,2.4179971660487354,0.31400122679769993,203.0830000876449,1,1
1521,object,22708.048980449,132.0470000791829,339.8690023459494,171.08499741880223,9.65500294114463,1.348998921457678,654.0050017065369,1,1
1522,object,22708.075941178,168.06399798952043,361.50899904896505,172.93500059167854,9.922001481754705,1.2620002962648869,713.6919994081836,1,1
1523,object,22708.100408844,94.32000297238119,297.6529976876918,167.4800005275756,9.841001883614808,1.1079973774030805,570.4020004486665,1,1
1524,object,22708.124820273,118.22600208688527,356.8049978639465,117.60600318666548,7.296999683603644,1.0559997463133186,600.9900025674142,1,1
1525,object,22708.15054057,57.27800089516677,144.73599730990827,37.09900192916393,2.8699978429358453,0.3220011421944946,242.3049991193693,1,1
1526,object,22708.175158225,42.10599945508875,132.5960001850035,67.31300163664855,3.5769990063272417,0.5080000846646726,246.10000036773272,1,1
1527,object,22708.205471135,67.36499926773831,208.0710000882391,88.52700193529017,5.965997843304649,1.0300027497578412,370.95900188433006,1,1
1528,object,22708.231059328,88.48799916449934,253.58999846503139,103.24699906050228,8.381000952795148,0.9229988791048527,454.628996521933,1,1
1529,object,22708.256583558,87.99200077191927,243.71000108658336,124.1610007127747,7.503997039748356,0.8280003385152668,464.19499994954094,1,1
1530,object,22708.280139076,36.092998925596476,100.71799988509156,33.90500205568969,2.348999259993434,0.2640008460730314,173.3290009724442,1,1
1531,object,22708.305353221,48.362999223172665,110.21200043614954,35.401000786805525,2.526001480873674,0.3159984771627933,196.8180004041642,1,1
1532,object,22708.333163157,89.3280011950992,247.57199935265817,102.8240003506653,7.897000614320859,0.8520000847056508,448.4730015974492,1,1
1533,object,22708.357409608,70.76600013533607,223.23799930745736,102.99399946234189,6.8020017351955175,0.8289971447084099,404.62899778503925,1,1
1534,object,22708.382229994,81.85900151147507,228.26399799669161,95.59899990563281,6.322999979602173,0.7749986252747476,412.8199980186764,1,1
1535,object,22708.407640147,49.356000090483576,161.69599985005334,53.37800030247308,3.739998646778986,0.40500162867829204,268.5750005184673,1,1
1536,object,22708.431977097,72.31899871840142,111.81000081705861,33.0380025843624,2.6609995984472334,0.32399839255958796,220.15200011082925,1,1
1537,object,22708.460479822,80.62400229391642,241.53399863280356,116.9380011560861,6.726997526129708,0.9440009307581931,446.767000539694,1,1
1538,object,22708.487150499,127.0180000574328,401.6329985461198,177.46299999998882,10.489999112905934,1.3370008673518896,717.9409985837992,1,1
1539,object,22708.513739787,118.0280014523305,373.27899917727336,174.95499923825264,9.82600249699317,1.2140008038841188,677.3020031687338,1,1
1540,object,22708.539989723,56.82099799741991,136.8550001643598,49.50199945596978,3.372999344719574,0.34700133255682886,246.8979982950259,1,1
1541,object,22708.564887107,51.53600068297237,174.52599786338396,67.7780008118134,3.8420002965722233,0.4579997039400041,298.13999935868196,1,1
1542,object,22708.590345321,93.42199700768106,250.09200180647895,103.73099939897656,7.442999049089849,0.9070026862900704,455.5949999485165,1,1
1543,object,22708.615417435,78.9320001786109,230.03000023891218,99.95699656428769,6.605001544812694,0.9010000212583691,416.42499854788184,1,1
1544,object,22708.640556962,73.63899931078777,231.90399952000007,103.66000060457736,6.726000719936565,0.8019997039809823,416.73099985928275,1,1
1545,object,22708.666143306,44.67100006877445,111.7489991884213,34.05200186534785,2.549000782892108,0.3309978637844324,193.35199976922013,1,1
1546,object,22708.691182846,51.84800102142617,116.03399980231188,33.06700091343373,2.6289999368600547,0.3269997250754386,203.90500139910728,1,1
1547,object,22708.716983115,102.53900109091774,243.21299861185253,95.84100189385936,6.195001333253458,0.8079987310338765,448.59600166091695,1,1
1548,object,22708.742312448,87.91099753580056,264.3370025907643,97.6999981503468,6.979000318096951,0.7839989848434925,457.7109975798521,1,1
1549,object,22708.766997282,105.7699992088601,243.5610003885813,135.9289999527391,9.709998266771436,1.0370022209826857,496.00700003793463,1,1
1550,object,22708.790904348,68.95399928907864,212.2980004060082,84.44000195595436,6.070000381441787,0.7950002327561378,372.55700226523913,1,1
1551,object,22708.815364447,43.76599827082828,111.48799967486411,34.77200152701698,2.4330001906491816,0.3259992809034884,192.78499894426204,1,1
1552,object,22708.839207284,76.52000203961506,202.74999769753776,85.91900041210465,5.9710000641644,1.148000592365861,372.30800080578774,1,1
1553,object,22708.865489731,53.07299943524413,226.75500076729804,100.25300070992671,6.278998625930399,0.7189992174971849,387.07899875589646,1,1
1554,object,22708.894146499,85.6100014061667,241.45000134012662,94.38399865757674,6.28400084679015,0.7889975677244365,428.51699981838465,1,1
1555,object,22708.922190484,98.76299736788496,250.8750003471505,104.0720017044805,7.3929986683651805,0.7970011211000383,461.89999920898117,1,1
1556,object,22708.951454422,42.59900015313178,109.36000035144389,35.90000051190145,2.7040005079470575,0.5570000212173909,191.12000154564157,1,1
1557,object,22708.979708695,63.45500150928274,121.2739989568945,41.18200013181195,3.364002623129636,0.3609966370277107,229.63599985814653,1,1
1558,object,22709.004747704,120.06500037387013,277.5249995465856,144.4789995730389,9.874001989373937,0.9459981811232865,552.8889996639919,1,1
1559,object,22709.029292155,86.73599950270727,245.3660017636139,97.91599950403906,6.666999979643151,0.8489987521898001,437.5339995021932,1,1
1560,object,22709.054632055,50.11200119042769,130.0209987675771,46.7630015918985,3.4859986044466496,0.4610010364558548,230.8430011908058,1,1
1561,object,22709.085649029,57.80200081062503,165.93899999861605,55.29600093723275,3.463999746600166,0.4440007614903152,282.9450022545643,1,1
1562,object,22709.113890556,94.34499952476472,294.5099986391142,105.02500299480744,8.244998753070831,0.8790011634118855,503.00400107516907,1,1
1563,object,22709.141905536,59.44900112808682,184.25500093144365,55.5970000277739,3.8299986044876277,0.6800000846851617,303.81100077647716,1,1
1564,object,22709.17177407,96.697000117274,286.3490008166991,113.4349986386951,7.769998774165288,0.957999873207882,505.2089982200414,1,1
1565,object,22709.202068067,54.73000055644661,128.4909994865302,38.05899905273691,3.2720017770770937,0.49200025387108326,225.0440011266619,1,1
1566,object,22709.227834153,48.42500129598193,127.09200018434785,40.340997657040134,2.650001988513395,0.3440000000409782,218.8520011259243,1,1
1567,object,22709.256198742,60.58699727873318,111.04900113423355,36.06999962357804,2.7290006983093917,0.3339991963002831,210.76899793115444,1,1
1568,object,22709.287307179,100.43799920822494,231.1509997525718,96.26300015952438,11.80300023406744,0.8189999789465219,440.4739993333351,1,1
1569,object,22709.317658687,80.28700176510029,234.02899751090445,123.86600064928643,7.0499991124961525,0.853000528877601,446.0849995666649,1,1
1570,object,22709.347383939,35.07700239424594,100.40599954663776,34.84699846012518,2.5420013116672635,0.2400010998826474,173.11200281255879,1,1
1571,object,22709.374954906,68.58699998701923,168.5619972704444,65.80800254596397,4.655998054658994,0.5680012691300362,308.18099912721664,1,1
1572,object,22709.410149709,75.21499719587155,219.62100072414614,95.70399924996309,6.14500095252879,0.824002199806273,397.50900032231584,1,1
1573,object,22709.442568481,85.41999704902992,252.02899996656924,138.23400149703957,7.195998477982357,0.8340030035469681,483.71299999416806,1,1
1574,object,22709.4711402,39.983002352528274,105.54699838394299,33.770000300137326,2.9459988581947982,0.23000029614195228,182.47600019094534,1,1
1575,object,22709.498550016,48.245001380564645,124.94499969761819,43.92699702293612,2.925000444520265,0.7360031304415315,220.77800167608075,1,1
1576,object,22709.523972272,89.1050003701821,202.5659996434115,83.11300189234316,5.7539982663001865,0.7189992174971849,381.2569993897341,1,1
1577,object,22709.550069802,85.45300079276785,264.97799990465865,103.599999420112,7.437000022036955,1.2189993867650628,462.6869995263405,1,1
1578,object,22709.577574233,95.62999912304804,261.3120013847947,124.28599802660756,7.394999556709081,1.0460025805514306,489.6690006717108,1,1
1579,object,22709.604501786,51.713999710045755,129.62599794263951,36.71300146379508,3.3520009310450405,0.4429966793395579,221.84799672686495,1,1
1580,object,22709.632303662,50.22999903303571,123.94100122037344,43.06499977246858,2.949000190710649,0.38299913285300136,220.56799934944138,1,1
1581,object,22709.657150967,72.14500146801583,199.53199807787314,82.11600288632326,5.558998964261264,0.70999885792844,360.06200025440194,1,1
1582,object,22709.681763932,86.40500163892284,291.33199859643355,105.26299956836738,7.0210007834248245,1.1689990060403943,491.189999593189,1,1
1583,object,22709.705456647,73.31600136240013,165.97899957560003,62.71299935178831,4.413999704411253,0.5330002750270069,306.95500026922673,1,1
1584,object,22709.730504621,61.74300142447464,145.51899948855862,40.883998735807836,2.888002200052142,0.44599801185540855,251.47999986074865,1,1
1585,object,22709.756084514,39.15799970855005,103.44900147174485,35.17900040606037,2.8389986255206168,0.33700052881613374,180.96200074069202,1,1
1586,object,22709.782748614,75.60999802080914,255.00899937469512,103.63600085838698,7.090999133652076,0.9430004865862429,442.28899787412956,1,1
1587,object,22709.808532898,88.79499728209339,258.95600265357643,104.81799836270511,6.790000043110922,0.8239985618274659,460.1829969033133,1,1
1588,object,22709.833476492,102.95999891241081,253.91199960722588,104.57300231792033,7.061000360408798,0.9449977369513363,469.45099893491715,1,1
1589,object,22709.858145977,156.92300075897947,372.98299866961315,112.91500049992464,8.908999006962404,1.0560033842921257,652.7860023197718,1,1
1590,object,22709.881847354,63.64900036714971,124.74299728637561,36.112000088905916,2.534001396270469,0.21999949240125716,227.25799863110296,1,1
1591,object,22709.906394498,45.85499846143648,133.57100033317693,37.32999903149903,2.6280031306669116,0.6009977369103581,219.9849986936897,1,1
1592,object,22709.931831893,84.7529991006013,289.3489981943276,106.33800047799014,7.299000571947545,0.934000127017498,488.67299847188406,1,1
1593,object,22709.955798121,87.66700193518773,261.72399884671904,104.73500151420012,7.131999154808,0.853000528877601,462.1110019797925,1,1
1594,object,22709.981520347,116.05500185396522,342.91100018890575,190.17999875359237,10.783001926029101,1.1129995982628316,661.0420023207553,1,1
1595,object,22710.006361105,40.0909993913956,101.77400326938368,32.66499697929248,2.2380008886102587,0.34099866752512753,177.10899919620715,1,1
1596,object,22710.031105011,57.13399878004566,132.94800010044128,39.81400004704483,2.93500124826096,0.35500124795362353,233.18600142374635,1,1
1597,object,22710.056632734,89.66099994722754,243.28400104423054,121.78399992990308,7.351001841016114,0.833999365568161,462.9140021279454,1,1
1598,object,22710.08321676,73.47400241997093,219.10799841862172,115.17900202306919,6.856997060822323,0.9510004019830376,415.5690003244672,1,1
1599,object,22710.1104284,94.63099922868423,231.81000142358243,99.87700104829855,6.67899803374894,0.9450013749301434,433.9420011092443,1,1
1600,object,22710.135516435,43.07100243750028,112.89699978078716,36.78099892567843,2.7140013116877526,0.5959991540294141,196.05900160968304,1,1
1601,object,22710.162767461,38.04900188697502,102.29799954686314,34.82899774098769,2.4190012481994927,0.3070017555728555,177.9020021785982,1,1
1602,object,22710.189076092,124.64999963412993,342.99999970244244,174.97700173407793,9.401999705005437,1.2899981811642647,653.31899895682,1,1
1603,object,22710.216725844,113.2100005634129,361.394999345066,179.60100012714975,10.22300057229586,1.3520002539735287,665.7810008618981,1,1
1604,object,22710.243753265,123.73400022624992,392.9189988411963,173.65500025334768,10.05000012810342,1.0490002750884742,701.4069997239858,1,1
1605,object,22710.270245142,132.39899999462068,216.05899746646173,53.04500155034475,4.125999112147838,0.4530011210590601,406.08199924463406,1,1
1606,object,22710.296841606,58.728001022245735,169.25399904721417,54.23900074674748,3.758999810088426,0.41900057112798095,286.3990011974238,1,1
1607,object,22710.324023438,54.1340014024172,126.56699982471764,46.70699854614213,3.3659998734947294,0.3720015229191631,231.14600116969086,1,1
1608,object,22710.350352935,86.98900273884647,237.89099941495806,101.81199832004495,6.860002031316981,0.838997948449105,434.39100045361556,1,1
1609,object,22710.377235543,88.45899719744921,255.87600248400122,102.89999772794545,6.688002031296492,1.0069998097606003,454.92999925045297,1,1
1610,object,22710.402846616,65.8329990983475,173.80300050717779,37.324000004446134,2.4559994926676154,0.8299975888803601,280.2459966915194,1,1
1611,object,22710.427341482,43.19699655752629,114.90800170577131,37.322999560274184,2.5709996407385916,0.34299955586902797,198.3419970201794,1,1
1612,object,22710.45332069,92.92100003222004,245.1859982102178,106.9979989551939,6.87500141793862,0.8239985618274659,452.80399717739783,1,1
1613,object,22710.483300477,108.07599755935371,248.52200294844806,102.23400022368878,7.629998435731977,0.8679999154992402,467.32999908272177,1,1
1614,object,22710.50966959,97.03999967314303,293.04599956958555,112.9020020016469,7.3499977588653564,0.9460018191020936,511.28400082234293,1,1
1615,object,22710.536173534,90.45600017998368,195.19600027706474,55.16099918168038,6.711998139508069,0.6580012268386781,348.18299900507554,1,1
1616,object,22710.561277836,50.88399848318659,125.34800043795258,39.41099930671044,3.1380004656966776,0.3579989424906671,219.13899763603695,1,1
1617,object,22710.587835771,55.096999858506024,154.8670006741304,47.931000153766945,3.7950012483634055,0.3809982445091009,262.07100017927587,1,1
1618,object,22710.616407422,86.7589988047257,237.28300220682286,93.84299846715294,6.841000868007541,0.7540002116002142,425.48000055830926,1,1
1619,object,22710.641012842,87.36699965083972,204.28000061656348,81.900001532631,5.800997314509004,0.7140006346162409,380.06199974915944,1,1
1620,object,22710.665583794,63.01899702521041,176.31700029596686,54.03300019679591,4.598001396516338,0.40899976738728583,298.3759986818768,1,1
1621,object,22710.690384224,47.827001253608614,122.04100130475126,48.42399721383117,4.2909996409434825,0.4800021997652948,223.06300161289982,1,1
1622,object,22710.717143322,80.4920018708799,241.16699933074415,101.68899825657718,6.7020009737461805,0.8390015864279121,430.8890020183753,1,1
1623,object,22710.744268759,80.60199979809113,263.04099810658954,96.6320003499277,12.0959994092118,0.9800023690331727,453.35100003285334,1,1
1624,object,22710.769330813,94.00699855177663,272.88999990560114,104.57400276209228,6.864996976219118,0.8820024959277362,479.2180006916169,1,1
1625,object,22710.793659932,74.36800297000445,199.82999947387725,115.32499775057659,7.3310002335347235,0.6549998943228275,397.50900032231584,1,1
1626,object,22710.819295803,45.601998863276094,137.90799857815728,50.50900290370919,3.6450001061894,0.3440000000409782,238.00800045137294,1,1
1627,object,22710.84514269,54.86500231199898,193.0129983520601,81.0429992270656,5.73100260226056,0.7079979695845395,335.36000046296977,1,1
1628,object,22710.87247212,94.08199912286364,257.4840000306722,103.1339998007752,6.793001375626773,0.895997800398618,462.3889981303364,1,1
1629,object,22710.899664328,104.34700016048737,273.27099815011024,107.25399988587014,7.066002581268549,0.795997038949281,492.7339978166856,1,1
1630,object,22710.925234739,47.35300171887502,134.35000073513947,37.84899672609754,2.9510010790545493,0.628999259788543,223.13199951895513,1,1
1631,object,22710.949717556,38.12000068137422,108.62600174732506,34.56699778325856,2.4000000848900527,0.3230015863664448,184.03600188321434,1,1
1632,object,22710.975672526,70.14999937382527,184.82999803381972,85.2190023579169,7.012997230049223,0.724001438356936,347.93599843396805,1,1
1633,object,22711.000791089,81.05099914246239,255.9019994805567,119.02199912583455,7.301001460291445,0.9459981811232865,464.22199739026837,1,1
1634,object,22711.026127459,107.11600043578073,329.1369976068381,179.17600052896887,10.196999937761575,1.3310018402989954,626.9570003496483,1,1
1635,object,22711.05163834,90.79200026462786,249.40699950093403,134.04600031208247,7.749000360490754,0.9280010999646038,482.9220015380997,1,1
1636,object,22711.075905507,47.55899863084778,129.63400149601512,34.24500027904287,2.9389993869699538,0.3120003384537995,214.68900013132952,1,1
1637,object,22711.100759316,54.479001846630126,180.86699856212363,93.19400123786181,5.030000465922058,0.5949987098574638,334.1650008223951,1,1
1638,object,22711.127127281,133.24499741429463,369.82600067858584,173.50400230498053,10.752999514807016,1.1429983715061098,688.4709982841741,1,1
1639,object,22711.154881272,148.80600065225735,385.61199835385196,174.13100067642517,10.195999493589625,1.4140023267827928,720.1590015029069,1,1
1640,object,22711.182304014,150.38999845273793,217.2700005758088,103.42099994886667,6.237998604774475,0.8310016710311174,478.149999253219,1,1
1641,object,22711.208767591,90.3330001165159,267.36699874163605,86.50699965073727,5.047000740887597,0.7369999366346747,449.9909991864115,1,1
1642,object,22711.233254392,44.37900133780204,113.18099859636277,37.61200059670955,2.773002051981166,0.3089990059379488,198.25400158879347,1,1
1643,object,22711.261779978,92.08700066665187,275.8410009846557,108.60600013984367,7.405000360449776,0.9239993232768029,484.8630014748778,1,1
1644,object,22711.289407026,86.18799984105863,242.0310011075344,103.05599789717235,6.674999895039946,0.7660019036848098,438.7160006444901,1,1
1645,object,22711.316390146,83.60699939657934,248.86200117180124,132.57300088298507,7.7839977166149765,0.8410024747718126,473.66700164275244,1,1
1646,object,22711.341755964,49.1659993713256,115.76900215004571,33.206997613888234,2.516000677132979,0.2220003807451576,200.88000019313768,1,1
1647,object,22711.366406232,53.16399983712472,138.60300168744288,51.1030011693947,3.335997462272644,0.43800173443742096,246.64400189067237,1,1
1648,object,22711.393396588,88.53100007399917,257.85400066524744,105.2270017680712,7.015998562565073,0.9079994924832135,459.5360005623661,1,1
1649,object,22711.420196969,92.66399865737185,235.46200100099668,95.58899910189211,6.59800207358785,1.1749980330932885,431.4879988669418,1,1
1650,object,22711.446548256,71.31699749152176,246.90500140422955,116.61600001389161,7.3929986683651805,1.1640004231594503,443.39499800116755,1,1
1651,object,22711.470330162,44.48800245882012,125.05499762482941,33.12099943286739,2.6240013539791107,0.3310015017632395,205.61900237225927,1,1
1652,object,22711.498377719,59.52100036665797,132.02400077716447,36.97099964483641,2.788001438602805,0.34599725040607154,231.64999947766773,1,1
1653,object,22711.52377,70.96699846442789,222.96600218396634,107.59100041468628,6.086000212235376,0.7419985195156187,408.3519997948315,1,1
1654,object,22711.54925019,87.5449986779131,233.44200235442258,95.09799929219298,6.9449997681658715,0.7979979272931814,423.8279980199877,1,1
1655,object,22711.576077967,91.20899994741194,249.71099992399104,104.5279968820978,7.320002623600885,0.9119976311922073,453.67999700829387,1,1
1656,object,22711.601453768,54.6040027984418,137.25099779549055,53.05699960445054,3.4760014386847615,0.4210014594718814,248.80900309653953,1,1
1657,object,22711.626818966,52.6449985045474,124.97600255301222,63.91100032487884,3.4149998100474477,0.4119974619243294,245.35899865441024,1,1
1658,object,22711.65267287,79.9429981270805,220.3840012953151,98.85799954645336,5.606998456642032,0.7590024324599653,405.55099985795096,1,1
1659,object,22711.678637124,80.4069968580734,245.35300326533616,127.61399921146221,7.216000085463747,0.8649985829833895,461.4549980033189,1,1
1660,object,22711.703354928,111.55800166307017,313.9969994663261,108.03600162034854,7.579998055007309,1.0210023901890963,542.1920031949412,1,1
1661,object,22711.727526252,62.91199679253623,155.61200052616186,53.13300061970949,4.134999471716583,1.1060001270379871,276.89799753716215,1,1
1662,object,22711.752837761,59.92699880152941,140.9150027029682,36.72199818538502,3.493001713650301,0.38799771573394537,241.44499911926687,1,1
1663,object,22711.778298793,58.51199966855347,167.4310005910229,66.55800098087639,4.396999429445714,0.6249974831007421,297.5229981529992,1,1
1664,object,22711.80399449,126.18499749805778,265.0420028658118,105.03500016056933,7.09399682818912,0.8380011422559619,504.193998494884,1,1
1665,object,22711.830708245,87.04599895281717,273.19400032865815,94.43199814995751,8.738999895285815,0.8130009518936276,464.22399827861227,1,1
1666,object,22711.856249093,156.50799832656048,352.23699887865223,47.272002120735124,4.007997631561011,0.5140027496963739,560.5389997072052,1,1
1667,object,22711.880083842,46.79700214182958,135.31799777410924,44.69000123208389,3.908000508090481,0.9569994290359318,231.67000108514912,1,1
1668,object,22711.907831589,98.42600047704764,266.51599910110235,104.85700113349594,7.869999535614625,0.8030001481529325,478.4720003954135,1,1
1669,object,22711.935395105,80.948000686476,228.86900114826858,104.8319973051548,6.931000825716183,0.7410017133224756,422.32100167893805,1,1
1670,object,22711.963929751,115.16199811012484,257.91500229388475,104.29599933559075,6.747999577783048,0.8610004442743957,484.9819997616578,1,1
1671,object,22711.989565717,44.11100235302001,117.99799904110841,32.9630020132754,2.3479988158214837,0.31499803299084306,197.73500025621615,1,1
1672,object,22712.015115843,38.02599894697778,150.9989997430239,38.97799979313277,2.6279994926881045,0.3120003384537995,230.94299831427634,1,1
1673,object,22712.042729386,95.48500020173378,361.6350004449487,163.60699737560935,9.432002116227522,0.9819996193982661,631.1409997579176,1,1
1674,object,22712.069879468,349.075002304744,269.1869995032903,125.60899995150976,8.082999556791037,0.8950009942054749,752.8490023105405,1,1
1675,object,22712.096406871,80.98699981928803,237.25699793430977,111.5160011977423,6.70000008540228,0.829000782687217,437.2889998194296,1,1
1676,object,22712.121460468,51.333001465536654,147.53199866390787,60.86900248192251,4.285997420083731,0.48299989430233836,264.5029999257531,1,1
1677,object,22712.14646809,69.14900222909637,167.52599913161248,37.66499867197126,2.6289999368600547,0.33700052881613374,277.3060004983563,1,1
1678,object,22712.172748186,89.88799891085364,265.4830022947863,105.58799840509892,7.294001989066601,0.8139977580867708,469.0669993578922,1,1
1679,object,22712.198225539,78.25899956515059,237.9970028414391,102.29799954686314,6.962000043131411,0.8879978850018233,426.40399988158606,1,1
1680,object,22712.226466288,76.36299778823741,239.70400070538744,102.60199996992014,6.868001946713775,0.9350005711894482,426.4720009814482,1,1
1681,object,22712.250703407,96.2369995249901,271.89500178792514,108.60999827855267,8.581999281886965,0.9239993232768029,486.24799819663167,1,1
1682,object,22712.275300988,43.23300163378008,106.87499889172614,32.468000426888466,2.6659981813281775,0.2500019036233425,185.4920010373462,1,1
1683,object,22712.301951478,118.42599997180514,238.81000015535392,115.20500265760347,6.9499983510468155,0.8739989425521344,480.2650000783615,1,1
1684,object,22712.329931678,112.16599887120537,246.05799990240484,105.0040009431541,7.056001777527854,0.8700008038431406,471.1540022981353,1,1
1685,object,22712.356454123,94.69299766351469,231.31400303100236,102.68899859511293,7.100999937392771,0.8989991329144686,436.6959983599372,1,1
1686,object,22712.382609772,86.5279980644118,242.13000142481178,133.03900050232187,7.433998689521104,0.8169990906026214,469.9479977716692,1,1
1687,object,22712.408378484,47.39799987873994,108.3370007108897,35.81000055419281,2.9999973776284605,0.22899985197000206,194.7739983734209,1,1
1688,object,22712.434031444,64.9899993732106,171.87299818033352,65.93299985979684,4.599001840688288,0.5980000423733145,307.99299929640256,1,1
1689,object,22712.461928614,156.7979998071678,371.5109996846877,172.93700148002245,10.034997103502974,1.3660028344020247,712.647000909783,1,1
1690,object,22712.485986121,102.76200191583484,200.55899949511513,83.07000098284334,7.770999218337238,0.9510004019830376,395.1130020141136,1,1
1691,object,22712.511917328,62.35999899217859,198.4570008062292,77.97500074957497,5.608999344985932,0.7980015652719885,345.1990014582407,1,1
1692,object,22712.541600235,32.8860005538445,94.49600111111067,31.41699926345609,2.18700006371364,0.29600050766021013,161.2820014997851,1,1
1693,object,22712.570371196,64.3579987809062,217.51600070274435,115.97599950619042,8.963997970568016,0.9550021786708385,407.7689991390798,1,1
1694,object,22712.606861431,90.87299986276776,279.0319995256141,127.13900287053548,7.476999599020928,0.8889983291737735,505.410000187112,1,1
1695,object,22712.636523554,90.59299918590114,251.35400210274383,105.74399857432581,7.659000402782112,1.0539988579694182,456.4039991237223,1,1
1696,object,22712.663970775,57.19399996451102,143.4600017091725,37.514997529797256,4.2430001485627145,0.4569992597680539,242.86899861181155,1,1
1697,object,22712.696180724,47.944999096216634,131.63699986762367,49.92600224795751,3.148998075630516,0.381001882487908,233.03800116991624,1,1
1698,object,22712.723669141,65.6000011076685,178.21899746195413,74.10800026264042,4.888002877123654,0.6369991751853377,323.45200088457204,1,1
1699,object,22712.749230057,100.57399776997045,250.18499945872463,96.13200018065982,6.5540007199160755,0.7250018825288862,454.17000001179986,1,1
1700,object,22712.773132187,60.73099939385429,179.82999997911975,89.97300028568134,5.496000085258856,0.6209993443917483,336.650999088306,1,1
1701,object,22712.798837149,34.00599962333217,98.04900037124753,41.81099939160049,2.8089998522773385,0.2980013960041106,176.97300063446164,1,1
1702,object,22712.825661925,56.01200246019289,186.20899936649948,70.01999983913265,4.527999408310279,0.6330010364763439,317.40200211061165,1,1
1703,object,22712.85166919,95.35799836157821,230.3750006831251,137.0290010527242,8.447997970506549,0.8960014383774251,472.1059995063115,1,1
1704,object,22712.87610978,87.62299694353715,242.99400320160203,103.64299669163302,6.990001566009596,0.8569986675865948,442.1069970703684,1,1
1705,object,22712.904948077,142.23899779608473,424.71400229260325,168.269998539472,9.907002095133066,1.4519973774440587,746.5819981007371,1,1
1706,object,22712.931114109,66.5420011500828,135.0799975625705,34.40500222495757,4.052999429404736,0.34600088838487864,240.42600125540048,1,1
1707,object,22712.956727126,52.57400334812701,123.57899686321616,43.05800030124374,2.9610018827952445,0.3899986040778458,222.56200099946,1,1
1708,object,22713.004775034,145.05599756375886,8.35100217955187,4.715999239124358,19.487000827211887,1.57699832925573,179.1869981389027,1,0
1709,object,22713.049227787,49.73799877916463,2.267002855660394,1.7949969333130866,6.223002856131643,0.47699722927063704,60.49999865354039,1,0
1710,object,22713.094297497,69.51100294827484,4.120000085094944,2.434997441014275,9.553001291351393,1.4479992387350649,87.06700100447051,1,0
1711,object,22713.13949231,85.4459976835642,4.762001481140032,2.6519992388784885,10.78000059351325,1.0519979696255177,104.69199696672149,1,0
1712,object,22713.184312059,55.86699990089983,4.508001438807696,2.6810012059286237,7.84399890108034,0.6260015652514994,71.52600301196799,1,0
1713,object,22713.229282154,50.85600059828721,2.3180000425782055,1.1429983715061098,6.604001100640744,0.4360008460935205,61.35700095910579,1,0
1714,object,22713.274398399,85.18100003129803,4.51099913334474,2.46299896389246,10.671999916667119,1.0220028343610466,103.84900087956339,1,0
1715,object,22713.311018458,87.9319995874539,245.671999437036,105.88800068944693,7.2900002123788,0.9559989848639816,447.7379989111796,1,1
1716,object,22713.338476183,53.766001656185836,115.74100062716752,37.28500087163411,2.511998900445178,0.6279988156165928,209.93200087104924,1,1
1717,object,22713.368350735,56.715001846896484,170.70499961846508,71.89099778770469,4.814002750208601,0.5889996828045696,304.7140016860794,1,1
1718,object,22713.399473882,99.32199827744626,323.8970020902343,195.13299776008353,10.035000741481781,1.2080017768312246,629.5950006460771,1,1
1719,object,22713.43082388,115.87399785639718,378.7710011238232,175.28199896332808,10.043000656878576,1.215001248056069,681.1849998484831,1,1
1720,object,22713.460923367,56.3689973205328,179.39900135388598,68.66699914098717,4.755002009915188,0.5969995982013643,309.7869994235225,1,1
1721,object,22713.487327751,72.91599831660278,240.2909994998481,84.2890003696084,4.625999281415716,0.5570000212173909,402.6789974886924,1,1
1722,object,22713.51296083,124.49499990907498,247.15199833735824,101.09000140801072,7.216000085463747,0.9559989848639816,480.90899872477166,1,1
1723,object,22713.538550266,89.67900066636503,248.17599842208438,102.62700016028248,6.872000085422769,0.8410024747718126,448.19500180892646,1,1
1724,object,22713.562708775,87.2429991432,271.8070027185604,106.25899813021533,7.352999091381207,0.9409995982423425,473.6029986815993,1,1
1725,object,22713.588494976,53.33199806045741,143.96300321095623,51.398998039076105,3.568999090930447,0.48700167099013925,252.75000007241033,1,1
1726,object,22713.613239028,46.05000140145421,130.45599916949868,32.07999907317571,3.1320014386437833,0.3079985617659986,212.0259996445384,1,1
1727,object,22713.638629393,93.59400064568035,459.60799980093725,163.61300004064105,9.775998478289694,0.9450013749301434,727.5360003404785,1,1
1728,object,22713.66419703,95.63200001139194,260.10099827544764,103.49500007578172,7.15300120646134,0.8600000001024455,467.2409995691851,1,1
1729,object,22713.689579826,88.16399713396095,247.04000315978192,135.5679996777326,7.917999027995393,0.9590003173798323,479.6489993168507,1,1
1730,object,22713.714057481,67.72800043108873,188.49399930331856,78.30699905753136,5.5920027079992,0.6640002538915724,340.7850017538294,1,1
1731,object,22713.738112119,43.3450004493352,103.37399726267904,33.46100129419938,2.4270011635962874,0.30599767342209816,182.912997843232,1,1
1732,object,22713.763899339,49.562000640435144,139.4969985994976,43.109001126140356,2.892000338761136,0.3530003596097231,235.41300106444396,1,1
1733,object,22713.790775073,82.94600047520362,276.3359989330638,106.0069989762269,7.394999556709081,0.8500028343405575,473.534000775544,1,1
1734,object,22713.815677649,82.96099986182526,231.03800049284473,119.89699851255864,6.943002517800778,0.9350005711894482,441.77400195621885,1,1
1735,object,22713.842136244,91.71300189336762,266.6399996087421,106.13300037221052,7.605998689541593,0.9729992598295212,473.0649998236913,1,1
1736,object,22713.866824899,133.33500100998208,429.3550009606406,78.81799683673307,6.565001967828721,0.8989991329144686,648.971999908099,1,1
1737,object,22713.890720236,47.204001020872965,96.74700049799867,31.699000828666613,2.3129978217184544,0.3300010575912893,178.293001226848,1,1
1738,object,22713.917108425,66.8279972160235,187.75400167214684,74.19599933200516,4.999001248506829,0.6689988367725164,334.44599830545485,1,1
1739,object,22713.941367511,85.96000043326057,314.7429997625295,103.08299897587858,7.470000127796084,0.9360010153613985,512.1920003148261,1,1
1740,object,22713.967067158,78.4740004746709,231.941001402447,101.07900016009808,6.939000741112977,0.8069982868619263,419.2400010651909,1,1
1741,object,22713.993351104,131.62799950805493,244.14700237684883,63.52599666570313,5.613001121673733,0.7210001058410853,445.6349997781217,1,1
1742,object,22714.017596984,44.52800203580409,113.81099830032326,36.79400106193498,2.6240013539791107,0.4539979272522032,198.21100067929365,1,1
1743,object,22714.045317188,77.52999954391271,235.51400227006525,102.71099745295942,6.800000846851617,0.8679999154992402,423.42300002928823,1,1
1744,object,22714.071668637,80.22200199775398,246.0649993736297,130.38199904258363,7.15300120646134,0.9189971024170518,464.7409987228457,1,1
1745,object,22714.098933138,117.51299825846218,258.6310001788661,104.56500240252353,7.464997906936333,0.8490023901686072,489.02300113695674,1,1
1746,object,22714.126108514,45.32000093604438,110.75899965362623,35.573000786826015,2.687000232981518,0.33199830795638263,194.67099991743453,1,1
1747,object,22714.153342763,57.14400322176516,158.06199735379778,49.68999928678386,4.719000571640208,0.44600164983421564,270.0610020838212,1,1
1748,object,22714.179081804,96.18400144972838,236.7630004300736,139.05999730923213,9.000003046821803,1.1209995136596262,482.12800174951553,1,1
1749,object,22714.206136799,80.24700218811631,239.47799854795448,107.0059988705907,6.796999514335766,0.9110008249990642,434.43899994599633,1,1
1750,object,22714.229635929,93.58299939776771,255.47800032654777,131.03099990985356,7.170998287620023,0.8390015864279121,488.101999508217,1,1
1751,object,22714.255217937,49.86800195183605,161.96599972317927,60.408998251659796,4.388999514048919,0.41500243241898715,277.047001873143,1,1
1752,object,22714.282309235,72.79099736479111,125.10700253187679,38.05799860856496,2.7370006137061864,0.4899993655271828,239.18299848446622,1,1
1753,object,22714.307951544,122.92400060687214,391.6489986295346,107.57800191640854,7.938997441669926,0.8730021363589913,630.9630007308442,1,1
1754,object,22714.333823731,93.97499889018945,280.48400054103695,104.10399772808887,7.5499992817640305,0.8820024959277362,486.99499893700704,1,1
1755,object,22714.358732609,79.42800220916979,257.37399846548215,107.87800056277774,6.547001248691231,0.814998202258721,452.04200068837963,1,1
1756,object,22714.384988962,66.42999869654886,170.7010014797561,65.99799962714314,4.698002157965675,0.5439978849608451,308.3709998463746,1,1
1757,object,22714.408713108,43.572999857133254,106.28000018186867,33.83099829079583,2.368000423302874,0.4040011845063418,186.45599993760698,1,1
1758,object,22714.435188916,67.4660004733596,175.78600090928376,72.88699998753145,4.866000381298363,0.6560003384947777,321.66100208996795,1,1
1759,object,22714.461538833,78.11400064383633,228.6119997734204,102.81300274073146,6.779999239370227,1.0639996617101133,417.38300205906853,1,1
1760,object,22714.487565523,92.69099973607808,247.21500085433945,123.30599929555319,7.43000055081211,0.9460018191020936,471.58800225588493,1,1
1761,object,22714.513151681,78.26100045349449,227.48199990019202,92.6629982131999,6.596001185243949,0.7119997462723404,405.7139994984027,1,1
1762,object,22714.538468684,94.55100007471628,238.30400095903315,47.48399805976078,17.9150010808371,0.3749992174562067,398.6289993918035,1,1
1763,object,22714.564970146,44.81400173972361,114.1520006058272,34.90800008876249,2.378998033236712,0.32900061341933906,196.58200108096935,1,1
1764,object,22714.592666432,91.15500142797828,266.8819979589898,105.09899948374368,7.318001735256985,0.853000528877601,471.30700113484636,1,1
1765,object,22714.61914783,75.33600000897422,228.1240012962371,94.54099927097559,6.680002115899697,0.7899980118963867,405.471000703983,1,1
1766,object,22714.647787207,62.996001361170784,175.934997969307,51.70800068299286,4.066001565661281,0.5750007403548807,295.2800023194868,1,1
1767,object,22714.673658402,52.863000746583566,151.8930002930574,54.164000175660476,3.239998477511108,0.7919989002402872,262.95199859305285,1,1
1768,object,22714.701087943,103.52799654356204,325.1040034228936,161.8979986233171,9.659997886046767,1.0970034054480493,601.2869998812675,1,1
1769,object,22714.731318804,106.23700291034766,336.19899841141887,179.26299915416166,10.22600190481171,1.500997313996777,633.4259996947367,1,1
1770,object,22714.765747835,90.22399899549782,275.94999846769497,110.36800060537644,6.943002517800778,0.857999111758545,484.34299969812855,1,1
1771,object,22714.791350919,30.97999797319062,176.06000255909748,62.890998378861696,5.082001734990627,0.2630004019010812,275.2760010480415,1,1
1772,object,22714.821040843,55.642001825617626,143.370998557657,52.200000936863944,4.032001015730202,0.4360008460935205,255.6810031819623,1,1
1773,object,22714.848548998,88.17499838187359,250.2509996702429,103.27800191589631,6.971000402700156,0.795997038949281,449.47099740966223,1,1
1774,object,22714.876833445,98.55100142885931,288.40599770774134,102.44400255032815,7.955997716635466,0.8259994501713663,498.1829988537356,1,1
1775,object,22714.904279654,91.09299935516901,251.28199922619388,129.60199819644913,7.428003300447017,0.8529968908987939,480.25799696915783,1,1
1776,object,22714.929796711,36.706001992570236,98.3179998002015,32.53799877711572,2.449000021442771,0.2550004865042865,170.26600107783452,1,1
1777,object,22714.958531902,76.73000072827563,223.67599740391597,104.21000115456991,6.189999112393707,0.7849994290154427,411.59099782817066,1,1
1778,object,22714.989456026,126.98399950750172,348.31300217774697,188.19599790731445,10.513998859096318,1.3160024536773562,675.3230009053368,1,1
1779,object,22715.019894609,133.13800081959926,345.64399902592413,175.98100021132268,9.970000974135473,1.2380005500745028,665.971001581056,1,1
1780,object,22715.045556397,43.47399953985587,146.67100185761228,76.33399945916608,4.427001840667799,0.4079993232153356,271.31400202051736,1,1
1781,object,22715.073445887,59.525998949538916,163.25600154232234,59.15500150877051,4.0289996832143515,0.4489993443712592,286.4150010282174,1,1
1782,object,22715.101114386,131.48099969839677,359.8509974835906,117.29800098692067,7.676000677747652,0.8559982234146446,617.1619970700704,1,1
1783,object,22715.129855356,124.13299918989651,381.4330011664424,174.2589993227739,9.936000424204394,1.2939999578520656,691.0550000611693,1,1
1784,object,22715.157652773,120.87600043741986,463.47800162038766,188.35199807654135,10.50100036081858,1.2700002116616815,784.4770007068291,1,1
1785,object,22715.184612561,84.70000102533959,321.13599809235893,111.85700350324623,6.5879976318683475,0.5700021574739367,524.851002410287,1,1
1786,object,22715.215196274,66.80700244032778,195.83500034059398,66.28499977523461,4.793997504748404,0.9450013749301434,334.6660014358349,1,1
1787,object,22715.242289496,87.25899897399358,237.03400074737146,108.32200132426806,9.524999768473208,1.657997927395627,443.79799874150194,1,1
1788,object,22715.270726922,102.25699952570722,350.49299913225695,171.79200222017244,9.883999155135825,1.5570003597531468,635.9830003930256,1,1
1789,object,22715.297246044,113.63000157871284,325.0029985792935,169.23899966059253,9.858002158580348,1.1159972927998751,618.8459992699791,1,1
1790,object,22715.324744268,41.29199805902317,213.83300190791488,83.43499939655885,3.954999556299299,0.366999302059412,342.8819982218556,1,1
1791,object,22715.352020717,56.93300045095384,172.48299991479144,60.67399954190478,3.7009995139669627,0.5940019036643207,294.38500132528134,1,1
1792,object,22715.378693484,117.78300176956691,374.8849994735792,176.7920002748724,10.789997759275138,1.2620002962648869,681.5119995735586,1,1
1793,object,22715.40555115,77.32299854978919,542.4580012913793,106.60000043571927,7.9359997471328825,0.9319992386735976,735.2489992626943,1,1
1794,object,22715.432172323,93.65300138597377,345.3130011621397,106.20600005495362,7.872000423958525,0.9010000212583691,553.945003048284,1,1
1795,object,22715.458282527,58.15499753225595,113.40300261508673,33.973999961744994,2.7509995561558753,0.2979977580253035,208.58099742326885,1,1
1796,object,22715.484709676,34.41800072323531,108.67500168387778,37.00600063893944,2.573997335275635,0.31899980967864394,182.9920001910068,1,1
1797,object,22715.511628844,74.59900007233955,217.75899949716404,115.67700130399317,7.399998139590025,0.8080023690126836,416.24300138209946,1,1
1798,object,22715.540996298,95.30599709250964,231.98300186777487,102.9009981721174,7.006001396803185,0.9260002116207033,438.1219987408258,1,1
1799,object,22715.564858935,115.79600322875194,278.7869998428505,104.32199997012503,7.369999366346747,0.8659990271553397,507.14100143522955,1,1
1800,object,22715.591346801,55.912998504936695,209.64700161130168,72.18999962788075,4.77199864690192,0.4950015863869339,343.016999977408,1,1
1801,object,22715.618187048,34.88199945422821,96.12199937691912,32.211002690019086,2.1939995349384844,0.29600050766021013,165.7050015637651,1,1
1802,object,22715.644820946,59.19099930906668,207.05499991890974,82.83100032713264,5.370002327254042,0.6419977580662817,355.0889996404294,1,1
1803,object,22715.670640655,85.28000034857541,249.93999977596104,126.73799938056618,7.474001904483885,0.9089999366551638,470.3410013462417,1,1
1804,object,22715.698904477,146.36699779657647,359.5589987526182,177.9790000000503,10.916002793237567,1.3179997040424496,696.138999046525,1,1
1805,object,22715.727162826,48.416000936413184,155.4849986860063,63.91700298991054,4.063000233145431,0.38699727156199515,272.26800011703745,1,1
1806,object,22715.753963249,103.2840009429492,173.6329977575224,64.87200153060257,4.755998816108331,0.5229994712863117,347.0679985184688,1,1
1807,object,22715.779812088,39.774000470060855,119.8089994431939,61.0979986959137,3.2080024539027363,0.43299951357766986,224.32200057664886,1,1
1808,object,22715.806568488,84.58800220978446,238.2099992246367,103.2840009429492,23.194999812403694,1.1550000635907054,450.4320022533648,1,1
1809,object,22715.834606553,85.80800204072148,238.49900026107207,136.82200005860068,7.968999852892011,1.2019991117995232,470.30000132508576,1,1
1810,object,22715.860161606,154.55799803021364,242.28900292655453,36.56999979284592,3.973000275436789,0.3209970600437373,437.7109980850946,1,1
1811,object,22715.888607317,50.44199861004017,164.17000006185845,39.029000618029386,15.420999261550605,0.49600203055888414,269.5580005820375,1,1
1812,object,22715.914924833,35.77000097720884,122.84799959161319,36.561999877449125,2.615000994410366,0.32399839255958796,198.1189998332411,1,1
1813,object,22715.94129394,103.51099990657531,288.491999526741,132.75700257509016,7.683000148972496,0.9289979061577469,533.3720000635367,1,1
1814,object,22715.969171023,83.13500075018965,200.37499780301005,70.74200038914569,4.970002919435501,0.5129986675456166,359.7350005293265,1,1
1815,object,22715.995289808,47.10599750978872,141.3690006302204,51.23899973114021,3.3520009310450405,0.41400198824703693,243.4800007904414,1,1
1816,object,22716.020799055,60.36199920345098,206.30699873436242,84.65599967166781,5.341000360203907,0.6340014806482941,357.2999994503334,1,1
1817,object,22716.048607923,108.21199975907803,316.42999965697527,154.38800255651586,8.6069994722493,1.1470001481939107,588.7840015930124,1,1
1818,object,22716.078567879,89.72999785328284,244.83800007146783,120.5850021506194,7.227998139569536,0.8399983926210552,463.22099660756066,1,1
1819,object,22716.108115703,85.49000267521478,108.55700020329095,32.99099989817478,2.5139997887890786,0.49200025387108326,230.04400281934068,1,1
1820,object,22716.136091717,59.583002439467236,156.18899851688184,42.87599949748255,3.5039993235841393,0.3630011633504182,262.5150009407662,1,1
1821,object,22716.165661973,84.72500121570192,221.98800070327707,119.09000022569671,6.8640001700259745,1.0000003385357559,433.66700265323743,1,1
1822,object,22716.192530092,90.46599734574556,248.24600041029043,102.94900130247697,6.967999070184305,0.9350005711894482,449.5639986998867,1,1
1823,object,22716.220759103,82.76800144813024,263.3740004966967,104.87100007594563,7.456001185346395,0.8679999154992402,459.3370031216182,1,1
1824,object,22716.248338414,47.40200165542774,127.84999853465706,46.490000386256725,3.4330005291849375,0.34299955586902797,225.5180006613955,1,1
1825,object,22716.275882527,33.666001399978995,98.95299808704294,32.227002520812675,2.1859996195416898,0.29199873097240925,167.3240003583487,1,1
1826,object,22716.303196634,86.99899990460835,239.99000040930696,97.98500104807317,6.731999746989459,0.8070019248407334,432.5130030338187,1,1
1827,object,22716.330318505,92.44300235877745,252.90999838034622,106.77599857444875,7.19000308890827,0.8399983926210552,460.15900079510175,1,1
1828,object,22716.356655283,86.53099939692765,246.75500026205555,121.34599819546565,6.878999556647614,0.9180002962239087,462.4289977073204,1,1
1829,object,22716.382696191,41.65099744568579,122.09600026835687,46.86100146500394,3.3510004868730903,0.3759996616281569,214.33499932754785,1,1
1830,object,22716.40997613,57.324003137182444,110.89699910371564,35.273998946649954,2.691998815862462,0.3390014171600342,206.52600142057054,1,1
1831,object,22716.438501231,136.94299923372455,284.57499865908176,139.55900067230687,7.267000910360366,1.2309974408708513,569.5749969163444,1,1
1832,object,22716.467633993,88.64199844538234,257.9540014266968,126.1590005015023,7.37299706088379,0.8750030247028917,481.0030004591681,1,1
1833,object,22716.495333082,92.94700066675432,247.1389998390805,106.49400064721704,7.906000973889604,0.9239993232768029,455.41000145021826,1,1
1834,object,22716.524143251,38.11599890468642,106.67500100680627,37.26399881998077,2.6950001483783126,0.27799978852272034,185.0279986683745,1,1
1835,object,22716.553143645,69.61300096008927,233.18199964705855,112.29399751755409,8.17800173535943,0.9270006557926536,424.194000515854,1,1
1836,object,22716.604347212,60.5630011705216,2.181997842853889,1.3160024536773562,6.463000318035483,0.48699803301133215,71.01099981809966,1,0
1837,object,22716.649243134,45.6749985460192,2.392000169493258,1.224001607624814,5.9639969549607486,0.5280016921460629,55.78299897024408,1,0
1838,object,22716.694445122,71.85099821072072,4.320001607993618,2.414999471511692,10.34199885907583,1.034000888466835,89.96199903776869,1,0
1839,object,22716.739443162,90.13899762067012,4.6910026867408305,4.008998075732961,13.646000297740102,1.1750016710720956,113.66000035195611,1,0
1840,object,22716.775424355,60.6399989919737,12.509000953286886,1.4899997040629387,44.80999996303581,0.5639994924422354,120.01299910480157,2,1
1841,object,22716.802185617,51.06099706608802,95.06000060355291,31.511000997852534,2.8270005714148283,0.4069988790433854,180.86599811795168,2,1
1842,object,22716.844562384,137.82699898001738,5.215999408392236,3.1240015232469887,14.459998055826873,1.1709998943842947,161.79799786186777,2,0
1843,object,22716.889494867,160.16200243029743,6.613998266402632,4.222001734888181,17.002999811666086,1.2540003808680922,189.25500262412243,2,0
1844,object,22716.934325352,69.43100015632808,2.20600122702308,1.8999999156221747,7.698999979766086,0.5139991117175668,81.75000039045699,2,0
1845,object,22716.979436518,76.58500180696137,3.630000719567761,1.7999991541728377,9.273000614484772,0.6629998097196221,91.95100210490637,2,0
1846,object,22717.024187726,58.87299994355999,3.3849973988253623,1.7560014384798706,7.947000995045528,0.7919989002402872,72.75299867615104,2,0
1847,object,22717.069353306,74.80199928977527,2.992001100210473,1.6220001270994544,9.16399949346669,0.6209993443917483,89.20099935494363,2,0
1848,object,22717.114490192,121.13299817428924,5.003999831387773,3.0129995138850063,14.509001630358398,1.1609990906435996,144.81999824056402,2,0
1849,object,22717.15955742,163.79500084440224,6.760998076060787,3.878001734847203,17.376998584950343,1.429001713404432,193.240000953665,2,0
1850,object,22717.204224037,52.153001888655126,1.7319980543106794,1.3930002751294523,5.8250006986781955,0.42399915400892496,61.52700007078238,2,0
1851,object,22717.249323124,87.06799781066366,4.336001438787207,2.9520015232264996,10.521998774493113,1.0570001904852688,105.93499973765574,2,0
1852,object,22717.294485633,122.23700105096214,5.24099959875457,2.9319999157451093,14.335000741994008,1.1519987310748547,145.89700003853068,2,0
1853,object,22717.339398177,59.007001254940405,2.453001798130572,1.4029974408913404,6.834001396782696,0.447998900199309,70.14500079094432,2,0
1854,object,22717.384461258,127.20700033241883,6.343001587083563,3.020999429281801,13.787997886538506,1.186002918984741,151.54500215430744,2,0
1855,object,22717.429553024,116.9299976027105,4.650002665584907,2.821998350555077,13.385000784182921,1.1709998943842947,138.9579992974177,2,0
1856,object,22717.474315638,58.75300121260807,2.253000275231898,1.2450000212993473,6.69799919705838,0.42800093069672585,69.37700163689442,2,0
1857,object,22717.519429483,90.61200034921058,4.302000888856128,2.5999979698099196,11.19700027629733,0.9630020940676332,109.67400157824159,2,0
1858,object,22717.564662052,167.09000192349777,8.167000487446785,4.377998266136274,18.917002307716757,1.3520002539735287,199.9040032387711,2,0
1859,object,22717.609293665,66.52200318058021,2.02999945031479,1.0999974620062858,6.1920000007376075,0.43300315155647695,76.27700324519537,2,0
1860,object,22717.654373668,98.39199992711656,4.68800135422498,2.3270004021469504,10.676998499548063,0.9430004865862429,117.0270006696228,2,0
1861,object,22717.699557109,156.62700025131926,6.726997526129708,3.884000761900097,17.663001926848665,1.26299710245803,186.16399756865576,2,0
1862,object,22717.744308553,68.0779994581826,3.0900009733159095,1.4879988157190382,8.05600211606361,1.0119983926415443,81.7239997559227,2,0
1863,object,22717.789410697,112.96599768684246,4.723002348328009,2.963999577332288,13.55499989585951,1.082000380847603,135.28999988920987,2,0
1864,object,22717.834575446,155.68500020890497,6.382000719895586,3.502002073219046,17.253998521482572,1.5730001905467361,184.3960017140489,2,0
1865,object,22717.879378617,69.46600115043111,2.6140005502384156,1.519998477306217,8.147002517944202,0.5679976311512291,82.31500032707117,2,0
1866,object,22717.924414588,83.14099977724254,3.826000465778634,2.354998287046328,9.53200287767686,0.8520000847056508,99.70600149245001,2,0
1867,object,22717.969319374,89.73900185083039,3.0999981390777975,2.36300184042193,7.973998435772955,0.9089999366551638,104.08500020275824,2,0
1868,object,22718.014183693,50.983999244635925,3.0669980333186686,1.639000402064994,11.149000783916563,0.5570000212173909,67.39599848515354,1,0
1869,object,22718.059596482,90.4160006029997,4.871002602158114,3.039996954612434,11.0950022644829,1.091000740416348,110.5130031646695,1,0
1870,object,22718.104486252,81.95500049623661,6.4970008679665625,5.450998287415132,20.81400089082308,1.414999132975936,116.13199967541732,1,0
1871,object,22718.1492146,36.011002521263435,2.5480003387201577,1.3120006769895554,4.898000042885542,0.49599839258007705,45.26500197243877,1,0
1872,object,22718.194476354,96.09799963072874,5.4249976528808475,3.1720010156277567,12.84500103793107,1.115000486606732,118.65499982377514,1,0
1873,object,22718.239518795,87.52299982006662,4.833000275539234,2.8989998099859804,11.061001714551821,1.0609983291942626,107.37699994933791,1,0
1874,object,22718.284151062,33.18700328236446,2.005999704124406,1.0379990271758288,2.6570014597382396,0.5309993866831064,39.41900286008604,0,0
1875,object,22718.329415163,2.4170003598555923,6.889000360388309,2.269000106025487,1.6980011423584074,0.9089999366551638,14.18200190528296,0,0
1876,object,22718.374234953,1.7450001905672252,3.48799949279055,1.3069984561298043,1.0750009096227586,0.5020010576117784,8.117000106722116,0,0
1877,object,22718.419436736,3.0279989005066454,6.259000656427816,2.263001078972593,2.2179992811288685,0.833999365568161,14.601999282604083,0,0
1878,object,22718.464539732,2.9800030461046845,7.148999429773539,2.6329980755690485,2.007000148296356,1.0440016922075301,15.813002391951159,0,0
1879,object,22718.509254648,1.748998329276219,3.183999069733545,1.7230013327207416,0.9020004654303193,0.3759996616281569,7.933998858788982,0,0
1880,object,22718.554505483,2.892000338761136,7.055001333355904,2.473996573826298,2.038003003690392,0.9739997040014714,15.4330009536352,0,0
1881,object,22718.59954261,3.249999281251803,7.318998541450128,2.91700052912347,2.026001311605796,1.0039984772447497,16.515998140675947,0,0
1882,object,22718.632064914,2.177999704144895,5.591002263827249,2.595999831100926,110.2579990401864,1.157997758127749,121.78099859738722,1,1
1883,object,22718.662742316,34.131000575143844,97.0170003711246,32.91200118837878,2.4410001060459763,0.23699976736679673,166.73800200806,1,1
1884,object,22718.689893299,48.31600017496385,164.3739997234661,54.649000958306715,3.4519980545155704,0.5250003596302122,271.31599927088246,1,1
1885,object,22718.734400711,106.79399929358624,4.761001036968082,2.9039983928669244,11.621999874478206,1.0469993867445737,127.12799798464403,1,0
1886,object,22718.779323985,53.26300015440211,2.292999852215871,1.00599936558865,6.743000994902104,0.5229994712863117,63.827999838395044,1,0
1887,object,22718.824629339,39.897000533528626,3.2049974834080786,1.8780010577756912,7.098999049048871,0.8700008038431406,52.94899892760441,1,0
1888,object,22718.869466432,89.05700087780133,4.556000931188464,2.659999154275283,11.382999218767509,1.0730000212788582,108.72900020331144,1,0
1889,object,22718.914241883,44.73799708648585,1.815002178773284,1.553999027237296,5.415000487118959,0.41499879444018006,53.93699757405557,1,0
1890,object,22718.959383202,79.82500028447248,4.890000127488747,2.2189997253008187,10.310999641660601,0.9540017344988883,98.19900151342154,1,0
1891,object,22719.004441487,95.12800170341507,5.719997716369107,2.9840011848136783,12.0980002975557,1.1170013749506325,117.04700227710418,1,0
1892,object,22719.049441417,56.332999520236626,2.6400011847727,1.368000084767118,8.588001946918666,0.5179972504265606,69.44699998712167,1,0
1893,object,22719.094335093,66.94400144624524,3.711000317707658,2.1050000214017928,8.782997610978782,0.7930029823910445,82.33600237872452,1,0
1894,object,22719.139433781,89.2369971552398,4.882000212091953,3.1620002118870616,11.225001799175516,1.1159972927998751,109.62199667119421,1,0
1895,object,22719.16856056,94.34100138605572,251.59699725918472,230.76700017554685,7.5590032793115824,0.8259994501713663,585.0900015502702,1,1
1896,object,22719.197266546,103.7479996739421,278.82499853149056,56.961001973832026,4.891997377853841,0.5809997674077749,445.0069973245263,1,1
1897,object,22719.224804695,70.7949984644074,164.46200243080966,38.83699901052751,2.544999006204307,0.3040004230570048,276.9429993350059,1,1
1898,object,22719.254460336,74.63899964932352,208.48699932685122,82.13000182877295,5.604000762104988,0.8709976100362837,371.73099917708896,1,1
1899,object,22719.284754502,179.21799735631794,299.11800083937123,102.96500113327056,7.224000000860542,1.3610006135422736,589.8859999433625,1,1
1900,object,22719.312836294,98.97299969452433,250.1640010450501,53.52699736249633,3.8280013541225344,0.4840003384742886,406.9759997946676,1,1
1901,object,22719.341371007,61.135997384553775,171.9960018817801,58.982997870771214,3.94100061384961,0.41400198824703693,296.46999973920174,1,1
1902,object,22719.372245572,116.90299652400427,258.025000221096,104.47000022395514,6.99399970471859,0.8850001904647797,487.27699686423875,1,1
1903,object,22719.402782412,94.75700062466785,295.5980016849935,105.33800013945438,7.090999133652076,1.1080010153818876,503.8920025981497,1,1
1904,object,22719.429634778,87.94899986241944,249.88299992401153,135.75300181400962,7.225997251225635,0.9510004019830376,481.76199925364926,1,1
1905,object,22719.455008764,40.07600000477396,113.13600043649785,41.283001337433234,2.835000486811623,0.2659980964381248,197.5960003619548,1,1
1906,object,22719.481657585,59.262998547637835,152.27499898173846,54.69900133903138,3.8199978007469326,0.5030015017837286,270.55999817093834,1,1
1907,object,22719.510462184,82.60699905804358,182.9940010793507,71.8890005373396,5.355999746825546,0.7749986252747476,343.6209990468342,1,1
1908,object,22719.538984648,137.60900037596002,337.83999970182776,182.35600145999342,8.725000952836126,1.2089985830243677,667.7390010736417,1,1
1909,object,22719.572112254,112.92799899820238,410.6679989490658,225.54300085175782,11.461997928563505,1.2830023479182273,761.8839990755077,1,1
1910,object,22719.601934615,51.08500045025721,163.83000183850527,55.12999996426515,3.9570004446431994,0.3619970811996609,274.3639997788705,1,1
1911,object,22719.630313602,95.3800008574035,153.33699775510468,56.820001191226766,3.908000508090481,0.510000973008573,309.955001284834,1,1
1912,object,22719.660518185,92.41000225301832,253.7399996072054,105.38899732637219,6.709000444971025,0.8550014172215015,459.1030010487884,1,1
1913,object,22719.690424398,94.7780026763212,319.8159974999726,153.35799980675802,28.217000362928957,1.3490025594364852,597.5180029054172,1,1
1914,object,22719.719448485,69.44100096006878,185.14600014896132,73.08599742827937,4.699002602137625,1.0329968063160777,333.40499794576317,1,1
1915,object,22719.769526221,91.98300176649354,4.65199991595,2.8889990062452853,11.848998838104308,1.1939991964027286,112.56699872319587,1,0
1916,object,22719.814355052,96.57899863668717,5.424000846687704,3.188000846421346,13.392000255407766,1.0609983291942626,119.64399891439825,1,0
1917,object,22719.859228895,44.21999983605929,1.7930033209268004,1.4949982869438827,5.83200016990304,0.44999978854320943,53.79000140237622,1,0
1918,object,22719.886475295,101.40800077351741,270.53799931309186,123.06400094530545,7.590999302919954,0.9649993444327265,503.5659996792674,1,1
1919,object,22719.915980681,100.06900265580043,237.66999947838485,61.3390002399683,4.345998604549095,0.4989997250959277,403.9230007037986,1,1
1920,object,22719.944870826,95.50400136504322,286.4089983631857,123.06000280659646,6.761998520232737,0.7790004019625485,512.5140014570206,1,1
1921,object,22719.971393556,62.71500024013221,164.6900018386077,59.455000155139714,4.104997060494497,0.5660003807861358,291.5309996751603,1,1
1922,object,22719.998017316,57.02799899154343,179.17399964062497,80.34700294956565,4.799996531801298,0.6120026228018105,321.96100073633716,1,1
1923,object,22720.039551223,96.6139996307902,5.362002411857247,3.5320008464623243,12.566997611429542,1.091000740416348,119.16600124095567,1,0
1924,object,22720.084403086,69.58800076972693,3.9770020521245897,2.6889974833466113,9.153001883532852,0.943997292779386,86.35099948151037,1,0
1925,object,22720.129225558,41.25299892621115,1.7359998309984803,1.6689991753082722,5.1009992603212595,0.3680033842101693,50.12700057704933,1,0
1926,object,22720.16268579,73.33499888773076,282.2919996106066,94.25300231669098,6.213998858584091,0.8110000635497272,456.90499973716214,1,1
1927,object,22720.193155004,73.13400055863895,213.93399947555736,97.04200056148693,6.096001015976071,0.7569979061372578,390.96299951779656,1,1
1928,object,22720.220593115,76.0650000302121,239.5390001765918,130.35600204602815,7.540998922195286,0.9520008461549878,454.45300202118233,1,1
1929,object,22720.246350486,63.06400246103294,157.23199976491742,36.667999665951356,2.7509995561558753,0.34099866752512753,260.0560001155827,1,1
1930,object,22720.273277219,46.642999222967774,108.70200276258402,34.01600042707287,2.8199974622111768,0.3339991963002831,192.51499907113612,1,1
1931,object,22720.302226436,90.16399781103246,256.99700199766085,103.44499969505705,7.079001079546288,0.9590003173798323,458.6440009006765,1,1
1932,object,22720.332323467,119.36500231968239,343.5439975874033,173.2199998514261,9.643001249060035,1.233998773386702,647.0059997809585,1,1
1933,object,22720.361336811,120.61400047969073,299.34900157968514,106.6980003088247,7.228998583741486,0.8679999154992402,534.7580008674413,1,1
1934,object,22720.38645729,34.79900260572322,116.65000056382269,33.7209967256058,2.725002559600398,0.2169981598854065,188.1120006146375,1,1
1935,object,22720.413088395,55.47800174099393,163.93699843320064,57.80500214314088,4.175999492872506,0.46399873099289834,281.86000054120086,1,1
1936,object,22720.440444746,89.20199979911558,246.97399931028485,103.24300092179328,7.146998541429639,0.9230025170836598,447.489001089707,1,1
1937,object,22720.466408182,87.0829971972853,239.07800277811475,102.71299834130332,7.233000360429287,0.8460010576527566,436.9529997347854,1,1
1938,object,22720.492096697,80.2590002422221,252.98300170106813,106.02000111248344,7.119997462723404,1.0300027497578412,447.4120032682549,1,1
1939,object,22720.5218957,62.24300159374252,140.07999925524928,36.56999979284592,3.1130002753343433,0.3300010575912893,242.33600197476335,1,1
1940,object,22720.552920429,122.5140003953129,196.07500144047663,48.26700023841113,4.399997123982757,0.4520006768871099,371.7079998750705,1,1
1941,object,22720.585845688,122.82099851290695,393.90899837599136,108.59700341825373,9.000999853014946,0.8609968062955886,635.1889969664626,1,1
1942,object,22720.616956549,131.46399942343123,223.43199816532433,81.59400022123009,6.99399970471859,0.6440022843889892,444.12799979909323,1,1
1943,object,22720.648404952,250.89399787248112,518.2160020922311,226.62400078843348,9.046998457051814,0.9350005711894482,1005.7159997813869,1,1
1944,object,22720.679967371,87.40499833947979,156.60400094930083,48.015997890615836,3.5330012906342745,0.44600164983421564,296.00400011986494,1,1
1945,object,22720.708942483,227.5160004501231,349.75099697476253,169.66900147963315,9.718001820147038,1.1749980330932885,757.8289987577591,1,1
1946,object,22720.738732265,80.06600182852708,261.7859972815495,108.78200191655196,6.8830013333354145,0.8669994713272899,458.38400183129124,1,1
1947,object,22720.763877677,68.74300015624613,212.1840007021092,77.7870009187609,5.091998900752515,0.648000423097983,364.4540011009667,1,1
1948,object,22720.790446047,34.803997550625354,104.35700096422806,35.41999831213616,2.7839996619150043,0.36100027500651777,177.7259967639111,1,1
1949,object,22720.818063735,75.8199967094697,194.2020026035607,73.47000064328313,5.016998329665512,0.7410017133224756,349.2499999993015,1,1
1950,object,22720.846367512,89.5570010470692,268.3399980014656,103.49299918743782,6.938000296941027,0.853000528877601,469.1809990617912,1,1
1951,object,22720.873341176,89.56600140663795,286.4869966288097,106.7910015990492,7.276001269929111,1.0049989214166999,491.1249998258427,1,1
1952,object,22720.9001439,44.45000013220124,109.51300282613374,32.860996725503355,2.416003553662449,0.6009977369103581,189.84100097441114,1,1
1953,object,22720.92702297,44.419997720979154,107.0830003300216,32.210002245847136,2.5419976736884564,0.3070017555728555,186.5619997261092,1,1
1954,object,22720.969419229,90.04399908008054,5.010999302612618,3.102999471593648,12.297001376282424,1.0639996617101133,111.51899889227934,1,0
1955,object,22721.015291117,43.09699943405576,3.8100006349850446,1.7509992176201195,7.038001058390364,0.70999885792844,56.40599920297973,1,0
1956,object,22721.059263843,51.0280005983077,2.04800016945228,1.6810008673928678,6.120000762166455,0.49200025387108326,61.369002651190385,1,0
1957,object,22721.104266234,55.76900002779439,3.9469996409025043,1.9529979908838868,10.482002835487947,0.8739989425521344,73.02499943762086,1,0
1958,object,22721.149511367,84.92800043313764,4.646000888897106,2.9379989427980036,10.80000220099464,1.0789990483317524,104.39100151415914,1,0
1959,object,22721.194259965,54.46499926620163,1.925000105984509,2.0180013962090015,5.152000085217878,0.3889981599058956,63.948999013518915,1,0
1960,object,22721.239542953,40.726998122408986,3.8380021578632295,1.9369981600902975,7.2260008892044425,0.8729984983801842,54.60099782794714,1,0
1961,object,22721.284475977,92.2699982766062,5.26200165040791,3.0519986466970295,11.249998351559043,1.0420008038636297,112.87599772913381,1,0
1962,object,22721.292500993,119.49399777222425,340.7030017115176,180.35700122709386,10.673997167032212,1.091000740416348,652.3189986182842,1,1
1963,object,22721.323036478,86.81699910084717,161.95800344576128,54.06199852586724,3.745000867638737,0.4079993232153356,306.99000126332976,1,1
1964,object,22721.354289876,99.52700202120468,323.88199906563386,100.26000018115155,7.615999493282288,1.9170001905877143,533.2020009518601,1,1
1965,object,22721.385686811,114.35399937909096,350.9089983708691,142.72499902290292,8.702001650817692,1.1660013115033507,617.855999735184,1,1
1966,object,22721.411481522,51.97400241740979,138.75199874746613,47.221001295838505,3.6229976103641093,0.4080029611941427,241.97800303227268,1,1
1967,object,22721.438674535,69.90200199652463,169.69799980870448,50.788999942597,3.582998033380136,0.4220019036438316,294.3940016848501,1,1
1968,object,22721.46896797,173.98400086676702,194.76099987514317,93.56100053992122,5.67600000067614,0.6750015018042177,468.65700278431177,1,1
1969,object,22721.509402653,81.81800149031915,4.517998604569584,3.1769995985087007,10.488001862540841,1.0219991963822395,101.02300075232051,1,0
1970,object,22721.55475181,128.24499935959466,7.888000254752114,6.608999683521688,16.61300120758824,1.7739985196385533,161.12899902509525,1,0
1971,object,22721.599332167,69.14600089658052,2.549000782892108,1.686999894445762,6.7879991547670215,0.5510009941644967,80.7210017228499,1,0
1972,object,22721.644520723,126.74900062847883,6.201000360306352,3.9609985833521932,14.015000488143414,1.3589997251983732,152.28499978547916,1,0
1973,object,22721.689544079,87.95599933364429,5.164001777302474,2.8610011213459074,12.4769976537209,1.0660005500540137,109.52400043606758,1,0
1974,object,22721.734348304,71.33700273698196,3.5189987102057785,2.553999365773052,9.842999133979902,0.7060007192194462,87.95900066616014,1,0
1975,object,22721.779284681,49.369999032933265,3.7530007830355316,1.972999598365277,7.623999408679083,0.7839989848434925,63.50399780785665,1,0
1976,object,22721.824412189,83.87100024265237,4.461002390598878,2.710999979171902,13.13900065724738,1.6339981812052429,105.81600145087577,1,0
1977,object,22721.829674657,56.27499922411516,164.32399934274144,83.73500168090686,4.699999408330768,0.5209985829424113,309.55499823903665,1,1
1978,object,22721.856251617,44.53899964573793,120.26800322928466,34.36599945416674,2.4849978217389435,0.5580004653893411,202.21600061631761,1,1
1979,object,22721.886103499,61.90699787111953,168.74900029506534,68.43300070613623,5.391000740928575,0.5740002961829305,305.0539999094326,1,1
1980,object,22721.915081122,73.50500163738616,228.93599816597998,99.99200119636953,6.54099858365953,0.8189999789465219,409.7929995623417,1,1
1981,object,22721.945522174,76.4680007705465,242.21499916166067,155.8719995955471,23.994001821847633,1.2609998520929366,499.81000120169483,1,1
1982,object,22721.972887261,35.681001463672146,124.46499749785289,39.967002521734685,2.5900008040480316,0.261999957729131,202.96500224503689,1,1
1983,object,22722.019705223,91.47300079348497,4.749999789055437,2.9900002118665725,12.129999959142879,0.967000232776627,112.31000098632649,1,0
1984,object,22722.064233432,41.81500116828829,3.5009979910682887,1.9710023480001837,7.202997949207202,0.7880007615312934,55.27800021809526,1,0
1985,object,22722.109251145,54.84099892782979,2.306001988472417,1.1749980330932885,5.98900078330189,0.5020010576117784,64.81300079030916,1,0
1986,object,22722.154740582,164.7690005484037,8.831000741338357,4.737001290777698,17.96200012904592,1.9049984985031188,198.2040012080688,1,0
1987,object,22722.199433837,64.88600047305226,3.178000042680651,1.6110025171656162,7.337999704759568,0.8979986887425184,77.91100142640062,1,0
1988,object,22722.244284226,48.01000250154175,4.536999767879024,1.4699980965815485,6.923000910319388,0.39099904824979603,61.331000324571505,1,0
1989,object,22722.28941566,95.62099876347929,6.2779981817584485,3.4140030038543046,14.321998605737463,1.224998413817957,120.85999696864747,1,0
1990,object,22722.334398849,62.15000030351803,4.093999450560659,2.6099987735506147,8.836999768391252,0.9169998520519584,78.60799814807251,1,0
1991,object,22722.35769035,89.4820004759822,275.25900077307597,112.58499944233336,8.367998816538602,1.1230004020035267,486.81699990993366,1,1
1992,object,22722.381339056,39.531001675641164,99.30099986377172,32.2499981848523,2.1600026229862124,0.31399758881889284,173.5559999360703,1,1
1993,object,22722.408442151,71.8749979569111,161.59100050572306,55.8239989914,3.8910002331249416,0.4890025593340397,293.67000024649315,1,1
1994,object,22722.438475425,97.07900244393386,264.1949977260083,103.03100134478882,7.227001333376393,0.8479983080178499,472.3800011561252,1,1
1995,object,22722.463223069,82.20399831770919,232.8100017621182,95.50899994792417,6.598998879780993,0.8380011422559619,417.9600000497885,1,1
1996,object,22722.488381264,87.28399916435592,265.76200252748094,103.6769972415641,6.905000191181898,0.8870010788086802,464.51500020339154,1,1
1997,object,22722.512075078,34.517001040512696,102.2079995891545,34.90099697955884,4.122000973438844,0.21899904822930694,175.96699763089418,1,1
1998,object,22722.53738485,56.79200330632739,143.2069984730333,48.99899795418605,3.2040006772149354,0.42800093069672585,252.6300013414584,1,1
1999,object,22722.562963536,97.82100096344948,217.00800061807968,93.06599895353429,6.104000931372866,0.7710004865657538,414.77000195300207,1,1
2000,object,22722.587508372,78.03800326655619,244.26899835816585,150.56000120239332,9.824998414842412,1.1599986464716494,483.8519998884294,1,1
2001,object,22722.613301856,88.25500117382035,241.48299780790694,123.310001072241,7.86099917604588,1.0610019671730697,461.97000119718723,1,1
2002,object,22722.638642131,60.685997596010566,107.95300113386475,32.463998650200665,2.258999302284792,0.4390021786093712,203.80099886097014,1,1
2003,object,22722.662536219,58.741999964695424,140.0580003974028,55.42000144487247,3.821998689090833,0.44099942897446454,258.482999925036,1,1
2004,object,22722.688355226,86.92399933352135,252.37099907826632,102.70900020259432,6.951999239390716,0.8440001693088561,449.79999802308157,1,1
2005,object,22722.715280204,85.20000119460747,228.26299755251966,97.68300151336007,7.052000000840053,0.8620008884463459,419.0600011497736,1,1
2006,object,22722.739414939,88.88700176612474,245.84700076957233,194.38799790805206,18.129001546185464,2.0890001906082034,549.3400021805428,1,1
2007,object,22722.764043825,43.01600347389467,121.7279968841467,43.27100032242015,3.2269999792333692,0.31400122679769993,211.5560018864926,1,1
2008,object,22722.787762131,48.37400047108531,95.74199793860316,32.00700302841142,2.0359984773676842,0.30199953471310437,178.46099945018068,1,1
2009,object,22722.812548261,65.54499850608408,174.93899940745905,68.07300087530166,5.046000296715647,0.5449983291327953,314.14799741469324,1,1
2010,object,22722.837301488,86.36099664727226,251.43500170088373,101.64799823542126,7.114002073649317,0.9190007403958589,447.4769993976224,1,1
2011,object,22722.86197419,150.5879990872927,387.8839997923933,151.57700181589462,8.351998985745013,1.1000010999850929,699.5010007813107,1,1
2012,object,22722.887348926,115.21099804667756,328.53000084287487,107.50900037237443,13.936001778347418,1.305998011957854,566.4919990522321,1,1
2013,object,22722.911519417,71.35399937396869,180.0479985831771,48.8620025862474,3.797998942900449,0.4850007826462388,304.5470002689399,1,1
2014,object,22722.935638541,35.402001230977476,97.46999785420485,32.04700260539539,2.7379974198993295,0.3029999788850546,167.9599990893621,1,1
2015,object,22722.961057633,88.0919978953898,246.38600007165223,105.75000123935752,7.066999387461692,0.8950009942054749,448.1899995880667,1,1
2016,object,22722.985301797,90.56099952431396,247.2829983162228,102.37999958917499,7.473001460311934,1.0379990271758288,448.7349979171995,1,1
2017,object,22723.010537668,80.92099960776977,239.18399892863818,105.25300240260549,6.860998837510124,0.8479983080178499,433.0669980845414,1,1
2018,object,22723.036130179,50.689999625319615,124.73500100895762,33.84400042705238,2.943997969850898,0.3390014171600342,212.55200044834055,1,1
2019,object,22723.060113754,40.45600144308992,108.59099711524323,32.173000363400206,2.2220010578166693,0.4440007614903152,183.88600074104033,1,1
2020,object,22723.08562995,85.26999954483472,318.23699828237295,156.83600213378668,9.822997526498511,1.367003278573975,571.5330007660668,1,1
2021,object,22723.11091152,105.33999738981947,748.60200038529,341.65900069638155,7.421000191243365,0.8780007192399353,1203.8999993819743,1,1
2022,object,22723.134274278,100.43699876405299,248.47700115060434,101.1320018733386,7.1689973992761225,0.7870003173593432,458.0019995046314,1,1
2023,object,22723.158391777,48.90999844064936,140.95600272412412,55.76499825110659,5.0439994083717465,0.4520006768871099,251.12699950113893,1,1
2024,object,22723.18212609,44.23100108397193,109.1089980036486,33.180000173160806,2.782002411549911,0.28399881557561457,189.58600048790686,1,1
2025,object,22723.206504258,61.052000091876835,176.76000061328523,75.10299838031642,5.007001163903624,0.6730006134603173,318.5950008628424,1,1
2026,object,22723.232849392,94.44500028621405,281.3259998220019,102.64500087941997,7.15200076228939,0.938998709898442,486.50700045982376,1,1
2027,object,22723.258989042,134.7230027022306,353.78099710214883,172.98400052823126,9.753002814250067,1.1609990906435996,672.4020022375043,1,1
2028,object,22723.289211187,123.92999997246079,344.36600253684446,165.21599900443107,10.134001058759168,1.4590004866477102,645.1050030591432,1,1
2029,object,22723.315930475,56.94399806088768,184.82400264474563,53.66699770092964,3.6240016925148666,0.4219982656650245,299.48099836474285,1,1
2030,object,22723.342874034,53.71600127546117,183.1640001910273,64.1250007902272,3.7289973988663405,0.4220019036438316,305.15600155922584,1,1
2031,object,22723.369114397,85.97399937571026,238.3210012339987,103.78600200056098,6.83599864714779,0.8019997039809823,435.7190009613987,1,1
2032,object,22723.392772848,76.20500036864541,256.8909985711798,105.31099906074814,6.897000275785103,0.848001945996657,446.1520002223551,1,1
2033,object,22723.419593653,85.4459976835642,243.26399943674915,127.07800124189816,7.765000191284344,0.8589995559304953,464.41199810942635,1,1
2034,object,22723.444683347,28.213999030413106,88.94400161807425,32.034000469138846,2.1189989638514817,0.24200198822654784,151.55300206970423,1,1
2035,object,22723.489354021,80.58599996729754,4.328001523390412,2.630000381032005,9.344999853055924,0.9949981176760048,97.88399984245189,1,0
2036,object,22723.534358528,72.76200267369859,2.635999408084899,1.3969984138384461,6.4730011217761785,0.4899993655271828,83.7580009829253,1,0
2037,object,22723.579093518,16.564998077228665,1.2589989637490362,0.5710026016458869,2.5709996407385916,0.31400122679769993,21.28000051015988,1,0
2038,object,22723.602610688,59.699999837903306,157.1889988554176,54.83199856826104,4.159999662078917,0.462001480627805,276.34299840428866,1,1
2039,object,22723.631501083,92.17999831889756,261.9600018078927,106.04099952615798,7.212998752947897,0.8740025805309415,468.26800098642707,1,1
2040,object,22723.660759645,101.16499834111892,264.0189995872788,105.70700032985769,7.212998752947897,0.9490031516179442,479.05300016282126,1,1
2041,object,22723.68813593,92.42400119546801,255.55400134180672,217.8169997932855,7.525999535573646,0.9159994078800082,574.2370012740139,1,1
2042,object,22723.713224291,90.07399785332382,125.13000183389522,34.03300070203841,2.7520000003278255,0.41399835026822984,252.4029987398535,1,1
2043,object,22723.759455995,91.18500020122156,4.45699697593227,8.882001566234976,11.96100129163824,0.9869982022792101,117.47199823730625,1,0
2044,object,22723.80466234,114.13700121920556,6.195998139446601,4.239998816046864,26.669000362744555,1.701002474874258,152.94300101231784,1,0
2045,object,22723.849450997,84.02899766224436,3.188000846421346,3.769000613829121,23.74700125074014,12.84400059375912,127.57700096699409,1,0
2046,object,22723.894260903,27.155001589562744,1.6810008673928678,0.9899995347950608,3.692999598570168,0.3679997462313622,33.8870013365522,1,0
2047,object,22723.939463837,90.31900117406622,4.863999492954463,3.068998921662569,11.71800249721855,0.9709983714856207,110.94100045738742,1,0
2048,object,22723.984345095,63.863000832498074,2.5650006136856973,1.5369987522717565,5.816000339109451,0.48700167099013925,74.26800220855512,1,0
2049,object,22724.029561536,91.08199810725637,5.128000339027494,2.9510010790545493,11.869000445585698,1.0420008038636297,112.07200077478774,1,0
2050,object,22724.074443289,89.00600005290471,4.899000487057492,2.8040012693963945,11.991000064881518,1.0090006981045008,109.70900257234462,1,0
2051,object,22724.119238229,49.266000132774934,2.677999873412773,1.2849995982833207,5.889000021852553,0.4360008460935205,59.5540004724171,1,0
2052,object,22724.16441833,71.35999840102158,4.055000317748636,2.568998752394691,9.663002856541425,1.0189978638663888,88.66599819157273,1,0
2053,object,22724.209437282,88.99200111045502,5.204001354286447,3.102999471593648,11.94099968415685,1.0359981388319284,110.2759997593239,1,0
2054,object,22724.254184207,31.20700057479553,1.5469995560124516,1.1629999789875,4.366000212030485,0.3929999365936965,38.67600025841966,1,0
2055,object,22724.299520033,96.77599882707,5.26000076206401,3.2140014809556305,15.339999663410708,1.7549973563291132,122.34499808982946,1,0
2056,object,22724.344348547,48.12199767911807,4.025001544505358,2.296997990924865,7.619000825798139,0.8979986887425184,62.96099672908895,1,0
2057,object,22724.389340475,51.44699753145687,1.9479994080029428,1.3019998732488602,6.063000910216942,0.44999978854320943,61.20999751146883,1,0
2058,object,22724.434473553,95.87300155544654,5.313999281497672,3.0099981813691556,13.213000784162432,1.2029995559714735,118.61299935844727,1,0
2059,object,22724.479431161,65.32300176331773,3.992001438746229,2.253997081425041,8.848001016303897,0.9010000212583691,81.31800132105127,1,0
2060,object,22724.524318315,61.157999880379066,3.159999323543161,1.7229976947419345,7.521000952692702,0.6150003173388541,74.17699816869572,1,0
2061,object,22724.569258901,45.92600089381449,3.7620011426042765,1.7479978851042688,7.89900150266476,0.7319977157749236,60.06699913996272,1,0
2062,object,22724.614485242,89.75499804364517,5.025001883041114,2.9149996407795697,12.129999959142879,0.971998815657571,110.7969983422663,1,0
2063,object,22724.65938894,134.44400246953592,5.988997145323083,2.4760011001490057,15.145000361371785,1.4469987945631146,159.5009998709429,1,0
2064,object,22724.704572954,100.17100066761486,4.776000423589721,2.9129987524356693,12.196000170661137,1.0849980753846467,121.14099808968604,1,0
2065,object,22724.749537676,112.23899855394848,6.031001248629764,3.864999598590657,15.735997294541448,1.7160018614958972,139.58699855720624,1,0
2066,object,22724.794151245,27.707999834092334,1.738997525535524,0.8870010788086802,3.727000148501247,0.41000021155923605,34.47099879849702,1,0
2067,object,22724.839432138,106.0780014086049,5.608999344985932,3.703000402310863,13.155997294234112,1.2080017768312246,129.75400022696704,1,0
2068,object,22724.884403236,96.53000233811326,4.671997885452583,2.7370006137061864,11.92600029753521,1.0639996617101133,116.92900079651736,1,0
2069,object,22724.9293332,62.455997976940125,2.7179994503967464,1.77200126927346,7.507998816436157,0.6160007615108043,75.06999827455729,1,0
2070,object,22724.974441421,84.72300032735802,4.23500023316592,2.3190004867501557,16.841000615386292,0.9669965947978199,109.08499825745821,1,0
2071,object,22725.019558528,120.1819977723062,7.1690010372549295,3.4049990063067526,15.376001101685688,1.1900010576937348,147.3219999752473,1,0
2072,object,22725.064274601,49.905997002497315,2.2849999368190765,1.77200126927346,6.124999345047399,0.4249995981808752,60.512997151818126,1,0
2073,object,22725.109339224,64.62999954237603,4.221001290716231,2.2849999368190765,8.58899875311181,0.9710020094644278,80.69600153248757,1,0
2074,object,22725.154737424,113.7690014729742,6.143000064184889,3.5759985621552914,14.378998457686976,1.0760013537947088,138.94299991079606,1,0
2075,object,22725.199329085,53.39600102161057,2.3769971448928118,1.6810008673928678,2.3120010155253112,0.57199940783903,60.337999457260594,0,0
2076,object,22725.244288739,1.4790020941291004,3.4799995773937553,1.1499978427309543,0.948002707445994,0.7710004865657538,7.828002708265558,0,0
2077,object,22725.289310909,3.4709992178250104,8.099999831756577,2.9100010578986257,0.7759990694466978,0.4930006980430335,15.749999874969944,0,0
2078,object,22725.334428915,1.667998731136322,5.107001925352961,2.1359992388170213,1.7460006347391754,0.7969974831212312,11.45399801316671,0,0
2079,object,22725.379389022,1.8030004866886884,5.270998371997848,2.010001480812207,1.748998329276219,0.853000528877601,11.685999197652563,0,0
2080,object,22725.424403651,1.8749997252598405,5.352001608116552,1.8190003174822778,1.7259990272577852,0.6090012902859598,11.381001968402416,0,0
2081,object,22725.469606895,2.3850006982684135,7.496000762330368,2.921999112004414,2.3270004021469504,0.7960006769280881,15.926001651678234,0,0
2082,object,22725.514478429,3.274002665420994,7.884998922236264,3.2530006137676537,2.2940002963878214,1.1429983715061098,17.849000869318843,0,0
2083,object,22725.559220923,1.524997060187161,5.060002877144143,1.4889992598909885,1.3209973985794932,0.643001840217039,10.037998436018825,0,0
2084,object,22725.604568556,2.877000952139497,7.577000360470265,2.93600169243291,2.5659974198788404,1.0980002116411924,17.054000636562705,0,0
2085,object,22725.649436561,2.4979999579954892,7.877999451011419,2.7239984774496406,2.04900061362423,1.058000634657219,16.206999134738,0,0
2086,object,22725.691092642,1.420001353835687,3.0129995138850063,1.4030010788701475,60.443999245762825,0.5610017979051918,66.84100299025886,1,1
2087,object,22725.718396615,44.64000085135922,126.94399993051775,34.372998925391585,2.5890003598760813,0.5929978215135634,209.1389978886582,1,1
2088,object,22725.744116311,81.47199696395546,239.37000150908716,99.0330008789897,6.40299913357012,0.8440001693088561,427.1219986549113,1,1
2089,object,22725.770141447,74.83800072805025,257.2820012574084,103.3489970723167,7.0880014391150326,0.9239993232768029,443.4809998201672,1,1
2090,object,22725.795627686,108.49000318557955,259.94299721787684,141.538999741897,8.099003025563434,0.8739989425521344,518.945002113469,1,1
2091,object,22725.821112049,111.36999819427729,273.1630011112429,49.16100078844465,5.018999218009412,1.0160001693293452,439.7289994813036,1,1
2092,object,22725.846790661,41.975999920396134,122.09300257381983,58.9359988225624,3.297001967439428,0.4399989848025143,226.7420022690203,1,1
2093,object,22725.872881876,88.1810010469053,273.8069997576531,120.11799844913185,7.558002835139632,1.0330004442948848,490.69700253312476,1,1
2094,object,22725.898328155,81.71000081347302,231.8010010640137,101.6649985103868,6.3920015236362815,0.7749986252747476,422.34300053678453,1,1
2095,object,22725.925856916,76.25899888807908,263.1800016388297,107.62499732663855,6.487000064225867,0.7840026228222996,454.3350005405955,1,1
2096,object,22725.95088224,68.96200284245424,217.16399714932777,88.15800174488686,6.033998943166807,0.6680020305793732,380.98600271041505,1,1
2097,object,22725.975375499,67.41499964846298,165.5589985603001,43.438001739559695,4.1479979699943215,0.6789996405132115,281.2389975588303,1,1
2098,object,22726.000265067,53.676001698477194,235.65399897051975,53.470001148525625,3.283999831182882,0.4840003384742886,346.56800198717974,1,1
2099,object,22726.026151031,118.26399713754654,217.76100038550794,89.8870021046605,5.6249991757795215,0.443000317318365,431.97999912081286,1,1
2100,object,22726.051571588,41.45600178162567,108.7969976651948,37.500001781154424,2.5339977582916617,0.3260029188822955,190.61300190514885,1,1
2101,object,22726.079429154,87.03499770490453,246.45300072734244,125.76299923239276,7.32800253899768,1.3219978427514434,467.90099804638885,1,1
2102,object,22726.104674568,48.693000280763954,129.31799938087352,43.574000301305205,3.0650007829535753,0.39099904824979603,225.04099979414605,1,1
2103,object,22726.159266623,52.68600216368213,3.8279977161437273,1.8450009520165622,8.654998964630067,0.8950009942054749,67.90900079067796,1,0
2104,object,22726.20446088,106.76600140868686,6.123998900875449,3.3960022847168148,19.40099900821224,1.7079983081202954,137.39499991061166,1,0
2105,object,22726.24928779,58.83899939362891,2.2909989638719708,1.1699994502123445,6.396003300324082,0.5509973561856896,69.246998464223,1,0
2106,object,22726.294325635,79.64199903653935,3.106000804109499,1.6890007827896625,7.732996891718358,0.5780020728707314,92.7479995880276,1,0
2107,object,22726.339548717,123.08100122027099,5.424000846687704,3.1950003176461905,12.851000064983964,1.2569980754051358,145.808000524994,1,0
2108,object,22726.384339948,60.72999894968234,2.302000211784616,1.7760030459612608,7.513997843489051,0.49700247473083436,72.8190025256481,1,0
2109,object,22726.429296496,63.18300074781291,3.982997441198677,2.6080015231855214,8.029001037357375,0.9989998943638057,78.80200064391829,1,0
2110,object,22726.474429729,89.10199903766625,4.785997589351609,3.0670016712974757,11.929001630051062,1.033997250488028,109.91799717885442,1,0
2111,object,22726.5192975,51.884999265894294,2.078002580674365,1.209999027196318,6.361999112414196,0.5139991117175668,62.04899909789674,1,0
2112,object,22726.564325767,73.08999920496717,5.1869974413421005,2.5240005925297737,9.644001693231985,0.9510004019830376,91.39599933405407,1,0
2113,object,22726.609545201,48.72499994235113,4.236997483531013,2.0660008885897696,8.31700162962079,0.8819988579489291,64.22699880204163,1,0
2114,object,22726.654380421,56.660999689484015,1.8229984561912715,1.2500022421590984,5.36199877387844,0.35099947126582265,65.44699863297865,1,0
2115,object,22726.699579956,116.12100206548348,5.344998498912901,3.1720010156277567,13.774999388260767,1.6140002117026597,140.02700117998756,1,0
2116,object,22726.744444983,73.08299973374233,4.784000338986516,2.4170003598555923,10.676998499548063,1.014999725157395,91.97599865728989,1,0
2117,object,22726.789287655,39.097001717891544,2.1550004021264613,1.0779986041598022,5.005000275559723,0.4129979060962796,47.74799890583381,1,0
2118,object,22726.834471951,72.69900015671737,4.140001692576334,2.8649992600549012,12.074000551365316,0.7560010999441147,92.53400276065804,1,0
2119,object,22726.877111925,64.64199759648181,132.2980024269782,38.85999831254594,3.3799988159444183,0.45100023271515965,239.63099738466553,1,1
2120,object,22726.901089976,55.3700010641478,113.5279999289196,35.85800004657358,2.5330009520985186,0.3219975042156875,207.61099949595518,1,1
2121,object,22726.954388865,43.37700011092238,4.189998435322195,1.992000761674717,7.0400019467342645,0.938998709898442,57.537999964552,1,0
2122,object,22726.999441795,94.63899914408103,5.2960022003389895,2.8329995984677225,11.320000339765102,1.2759992387145758,115.36400052136742,1,0
2123,object,22727.044257431,43.849999201484025,2.2189997253008187,1.2300006346777081,5.344001692719758,0.6979971658438444,53.34099842002615,1,0
2124,object,22727.08985925,39.751997974235564,3.917000867659226,1.748998329276219,6.431000656448305,0.7660019036848098,52.614999731304124,1,0
2125,object,22727.134427245,99.76499859476462,5.118999979458749,3.102999471593648,11.817002814495936,1.1209995136596262,120.92500037397258,1,0
2126,object,22727.166950859,64.5100008114241,182.57700139656663,49.647998821455985,4.639001417672262,0.41499879444018006,301.78900124155916,1,1
2127,object,22727.191735344,41.53500049142167,104.6170000336133,36.525998439174145,2.7220012270845473,0.3259992809034884,185.72599947219715,1,1
2128,object,22727.219708795,98.05299850995652,292.3579995695036,107.05900058383122,7.344999175984412,0.8990027708932757,505.714000610169,1,1
2129,object,22727.247752585,94.85099872108549,274.4129997154232,104.96899994905107,6.982001650612801,1.0999974620062858,482.31499749817885,1,1
2130,object,22727.275904809,91.2649993551895,280.518001090968,103.1279971357435,7.344002369791269,0.8200004231184721,483.07500037481077,1,1
2131,object,22727.301497102,27.00900222407654,99.77099762181751,34.499000321375206,2.297001628903672,0.2659980964381248,163.84199989261106,1,1
2132,object,22727.325960236,64.84400000772439,134.0929993602913,47.84799966728315,3.392000508029014,0.44199987314641476,250.61899941647425,1,1
2133,object,22727.352814842,71.13399988156743,272.0259981288109,104.52000060467981,6.587000825675204,0.8130009518936276,455.08000039262697,1,1
2134,object,22727.379326453,72.35000157379545,227.86699992138892,101.48000001208857,6.618000043090433,0.7809976523276418,409.095999202691,1,1
2135,object,22727.407787116,72.68799890880473,237.02900216449052,95.82499842508696,6.804999429732561,0.8940005500335246,413.2409994781483,1,1
2136,object,22727.433838223,36.86899799504317,108.58400128199719,45.70099918055348,2.8709982871077955,0.2680026227608323,194.29299936746247,1,1
2137,object,22727.45866364,49.768997996579856,127.98099851352163,45.09100108407438,3.2860007195267826,0.4079993232153356,226.53499763691798,1,1
2138,object,22727.483136845,68.27200195402838,217.23600002587773,95.19299783278257,6.0300008044578135,0.7829985406715423,387.51399915781803,1,1
2139,object,22727.507960933,118.24600005638786,266.1480029928498,107.65199840534478,6.998001481406391,0.8799979696050286,499.92400090559386,1,1
2140,object,22727.532908229,129.6640002692584,246.51999774505384,101.8980001390446,6.831000064266846,0.9550021786708385,485.8680003962945,1,1
2141,object,22727.556281271,82.13899855036288,239.64700085343793,101.45799751626328,7.138001819839701,0.9180002962239087,431.2999990361277,1,1
2142,object,22727.580085543,55.74000169872306,151.00699965842068,35.189998015994206,3.2660027500241995,0.25199915398843586,245.4550012771506,1,1
2143,object,22727.603989046,60.23899913998321,140.5729999532923,51.90999945625663,3.7249992601573467,0.4770008672494441,256.92399867693894,1,1
2144,object,22727.63070501,76.94200030528009,249.60799783002585,108.24000128195621,7.27199949324131,1.1020019883289933,443.16400089883246,1,1
2145,object,22727.657665188,90.14700117404573,268.0750003491994,106.88100155675784,7.890997949289158,1.034000888466835,474.02800191775896,1,1
2146,object,22727.683734536,92.71200178773142,277.06599939847365,71.0319982317742,3.9590013329871,0.7220005500130355,445.4910013009794,1,1
2147,object,22727.709473508,50.97500252304599,111.95299885002896,34.17200059629977,2.573997335275635,0.31000308808870614,199.98400239273906,1,1
2148,object,22727.73485036,35.5099982698448,111.22599971713498,55.03900320036337,2.5319968699477613,0.33700052881613374,204.64399858610705,1,1
2149,object,22727.76006078,93.77999958815053,252.16900030500256,102.56899986416101,7.091999577824026,0.9739997040014714,456.5839990391396,1,1
2150,object,22727.785232072,97.71899931365624,253.11900026281364,137.80600056634285,9.702998795546591,1.04300124803558,499.3900001863949,1,1
2151,object,22727.810764426,80.19300003070384,269.9649994610809,139.7319974785205,7.894002919783816,1.1219999578315765,498.9059998479206,1,1
2152,object,22727.836821354,45.83299960359,110.39499804610386,47.63200195156969,2.4289984139613807,0.3040004230570048,206.59299843828194,1,1
2153,object,22727.860251187,42.45599848218262,133.8949987257365,53.957002819515765,3.296998329460621,0.39700171328149736,234.00200007017702,1,1
2154,object,22727.885735735,60.39499930921011,247.65800117165782,104.75800081621855,6.746999133611098,0.7460002962034196,420.304000726901,1,1
2155,object,22727.910952745,131.77000073483214,343.2500016060658,153.07099965866655,9.045998012879863,1.0300027497578412,638.1670027622022,1,1
2156,object,22727.934990915,74.37900057993829,180.05899983108975,75.14800017816015,4.761997843161225,0.6000009307172149,334.94799936306663,1,1
2157,object,22727.958392242,46.55900193029083,120.87799768778495,39.00400042766705,3.0320006771944463,0.28300200938247144,209.75600273231976,1,1
2158,object,22727.982549055,61.82400102261454,103.1239989970345,31.527000828646123,2.881999535020441,0.2990018401760608,199.65600222349167,1,1
2159,object,22728.008032318,80.30199751374312,182.34600065625273,78.5609990998637,5.02000330016017,0.5709989636670798,346.7999995336868,1,1
2160,object,22728.033172555,78.46700100344606,233.66000095847994,98.90299770631827,6.745001883246005,0.8700008038431406,418.6450023553334,1,1
2161,object,22728.05897616,146.1970023228787,262.28099886793643,98.38000187301077,6.737998774042353,0.8440001693088561,514.4400020071771,1,1
2162,object,22728.083397646,35.533998016035184,102.33699867967516,34.57300044829026,2.5330009520985186,0.31099989428184927,175.28799799038097,1,1
2163,object,22728.108857166,56.852000852813944,141.61899889586493,36.999001167714596,2.655000571394339,0.3249988367315382,238.45000032451935,1,1
2164,object,22728.134843582,84.08299981965683,250.59700055862777,98.30500130192377,9.171999408863485,0.9059986041393131,443.06299969321117,1,1
2165,object,22728.160593971,73.07800115086138,235.79399930895306,124.33699885150418,7.997001375770196,0.7839989848434925,441.9899996719323,1,1
2166,object,22728.18563119,97.9329997790046,316.3599976687692,149.5140022598207,9.327999578090385,1.0730000212788582,574.2079993069638,1,1
2167,object,22728.210302345,85.70800127927214,246.49399711051956,101.5840025502257,6.926999049028382,0.8269998943433166,441.5399998833891,1,1
2168,object,22728.234601229,49.48100104229525,152.32299847411923,63.30000178422779,5.088997568236664,0.6510017556138337,270.84400062449276,1,1
2169,object,22728.260193699,77.3130013840273,227.71899966755882,72.00099935289472,5.980000423733145,0.6109985406510532,383.62399936886504,1,1
2170,object,22728.290481646,53.70100188883953,225.90200023842044,99.63399861590005,6.062000466044992,0.7609996828250587,386.0600008920301,1,1
2171,object,22728.321069802,82.1209978312254,241.5430026303511,101.91399996983819,6.782000127714127,0.7839989848434925,433.1439995439723,1,1
2172,object,22728.34362496,94.30999853066169,261.38999965041876,123.10099918977357,7.710001227678731,0.8479983080178499,487.3589969065506,1,1
2173,object,22728.368419186,50.545997510198504,112.23700130358338,40.97299824934453,2.9040020308457315,0.5149995558895171,207.17499864986166,1,1
2174,object,22728.395147687,47.25200051325373,145.51400090567768,62.10300125530921,3.454999387031421,0.5000001692678779,258.8240022305399,1,1
2175,object,22728.423563364,80.98500256892294,267.3419985512737,136.45500075654127,8.15699968370609,1.462998625356704,494.4020001858007,1,1
2176,object,22728.455538707,75.47000132035464,231.17599994293414,102.57199755869806,6.768001185264438,0.9140021575149149,416.9000021647662,1,1
2177,object,22728.483563449,52.63599814497866,119.23900092369877,33.15900175948627,2.3129978217184544,0.30600131140090525,207.65299996128306,1,1
2178,object,22728.512759159,56.6100025025662,131.35699919075705,43.30500087235123,3.896999260177836,0.35999983083456755,235.5290016566869,1,1
2179,object,22728.539047668,60.23099922458641,129.94500139029697,42.690000555012375,3.45099761034362,0.36100027500651777,236.6779990552459,1,1
2180,object,22728.563955065,32.047999411588535,109.2589991458226,31.652998586650938,2.349002897972241,0.27299756766296923,175.58199760969728,1,1
2181,object,22728.590404333,75.1429979573004,234.33300157194026,102.2100004774984,6.67899803374894,0.8080023690126836,419.1730004095007,1,1
2182,object,22728.615843826,53.92499951994978,146.3879998482298,53.574000048683956,3.965000360039994,0.5010006134398282,258.35300039034337,1,1
2183,object,22728.643159792,55.536002037115395,138.62099876860157,44.25800216267817,3.1899980967864394,0.39099904824979603,241.99600011343136,1,1
2184,object,22728.67073344,106.95999662857503,368.40800021309406,173.55900126858614,10.755000403150916,1.4219986042007804,661.1039971176069,1,1
2185,object,22728.700201805,65.40799950016662,237.78800095897168,105.37199705140665,7.93600338511169,1.0549993021413684,417.559000197798,1,1
2186,object,22728.726093992,81.05999950203113,237.25899882265367,105.20900104893371,6.971000402700156,1.1899974197149277,431.6889971960336,1,1
2187,object,22728.752262287,62.19100032467395,153.12200048356317,58.96000220673159,4.044999514007941,0.4699977580457926,278.78800028702244,1,1
2188,object,22728.775130984,58.65900311619043,152.19099805108272,41.65399877820164,3.5420016502030194,0.3659988578874618,256.41200045356527,1,1
2189,object,22728.800166975,58.81899778614752,199.9689993681386,83.28000330948271,5.317997420206666,0.724001438356936,348.10999932233244,1,1
2190,object,22728.824416442,85.47100151190534,239.31100076879375,104.49299952597357,6.95699782227166,1.101001544157043,437.33300117310137,1,1
2191,object,22728.848616268,75.4650027374737,233.98299890686758,122.07300096633844,6.988997483858839,0.8750030247028917,439.38500311924145,1,1
2192,object,22728.873809779,108.73999781324528,280.55900111212395,104.69599874340929,6.9449997681658715,0.8560018613934517,501.79599929833785,1,1
2193,object,22728.898500862,57.00199835700914,138.58800230082124,49.41899896948598,3.8340003811754286,0.4020002961624414,249.24500030465424,1,1
2194,object,22728.922458578,46.62200080929324,120.01800132566132,43.885000195587054,3.0179980967659503,0.4180001269560307,213.9610005542636,1,1
2195,object,22728.950370281,74.51200144714676,232.5690002180636,101.14999895449728,7.168000593082979,0.8569986675865948,416.2559998803772,1,1
2196,object,22728.978126066,94.32600199943408,259.0529984445311,104.4529999489896,7.187001756392419,1.172000338556245,466.19100248790346,1,1
2197,object,22729.007781788,86.33299876237288,278.078001429094,119.82099749729969,15.677000192226842,1.1410011211410165,501.0499990021344,1,1
2198,object,22729.033663023,54.590997024206445,124.27600086084567,39.26600038539618,2.9229995561763644,0.3360000846441835,221.39199791126885,1,1
2199,object,22729.057133386,41.090999729931355,116.74800043692812,46.11700205714442,3.0369992600753903,0.32900061341933906,207.32200209749863,1,1
2200,object,22729.086382966,77.7809982537292,230.64600100042298,102.72600047755986,7.165999704739079,0.7999988156370819,419.1189982520882,1,1
2201,object,22729.117536448,86.01000081398524,242.26700043072924,102.1879979816731,7.3260016506537795,0.8409988367930055,438.6319997138344,1,1
2202,object,22729.145799916,53.49699858925305,133.01999933901243,48.06099968845956,4.989000444766134,0.3220011421944946,239.88899920368567,1,1
2203,object,22729.174640971,36.16699905251153,111.22000069008209,41.127001168206334,3.9010010368656367,0.504998752148822,192.9200006998144,1,1
2204,object,22729.201181048,99.31100066751242,261.22000053874217,123.46799849183299,7.128001016099006,0.8219976734835654,491.94899838767014,1,1
2205,object,22729.227245827,129.98599777347408,352.2469996823929,167.5769999565091,9.82600249699317,1.2649979908019304,660.9009979001712,1,1
2206,object,22729.25385745,105.9339992934838,330.21499984897673,156.15000302204862,8.956998499343172,1.1939991964027286,602.449999860255,1,1
2207,object,22729.281943768,38.80299846059643,139.3530001223553,55.16400051419623,3.850000211969018,0.32900061341933906,237.4989999225363,1,1
2208,object,22729.310491708,67.6909985486418,220.0640010414645,89.67999747255817,5.171001248527318,0.676998752169311,383.2829970633611,1,1
2209,object,22729.336174646,126.14400111488067,352.628998371074,173.13799980911426,9.767001756699756,1.2380005500745028,662.9160016018432,1,1
2210,object,22729.361985103,146.0879975638818,338.32800181698985,166.24300042167306,9.257997589884326,1.444001100026071,661.3609984924551,1,1
2211,object,22729.387384769,93.87499812874012,305.92999974032864,176.93700283416547,9.616996976546943,1.0900002962443978,587.4489979760256,1,1
2212,object,22729.413604492,59.18299939366989,173.30999980913475,68.14099833718501,5.181002052268013,0.9510004019830376,306.7659999942407,1,1
2213,object,22729.438594558,43.48999937064946,105.34000102779828,33.54799991939217,2.287000825162977,0.3349996404722333,185.00000078347512,1,1
2214,object,22729.465607254,75.00700303353369,228.34300034446642,128.59299749834463,7.841001206543297,0.8540009730495512,440.6380030559376,1,1
2215,object,22729.494937831,96.92099774838425,238.73800091678277,94.39199857297353,7.070000719977543,0.8320021152030677,437.95300007332116,1,1
2216,object,22729.521700718,121.23000124120153,331.2439985165838,114.71100151538849,7.23499761079438,0.9380019037052989,575.3580007876735,1,1
2217,object,22729.548376838,37.47400114662014,102.15799920842983,34.507000236772,2.7610003598965704,0.2540000423323363,177.15400099405088,1,1
2218,object,22729.573081212,60.8060036029201,125.82099952851422,44.15799776325002,3.6960009310860187,0.41399835026822984,234.8950001760386,1,1
2219,object,22729.598716903,67.33199916197918,234.6439978282433,91.83700240100734,5.842000973643735,0.6859991117380559,400.3409994766116,1,1
2220,object,22729.624215595,87.4010002007708,244.99500068486668,102.48100079479627,7.000999175943434,0.8600000001024455,442.73800085647963,1,1
2221,object,22729.649209029,120.16300024697557,242.69099958473817,92.04999878420494,6.10699862590991,0.8560018613934517,461.86699910322204,1,1
2222,object,22729.675375046,40.25899761472829,108.85000301641412,33.83599687367678,2.2560016077477485,0.23299799067899585,185.43399710324593,1,1
2223,object,22729.702724757,56.813998526195064,163.83000183850527,78.32499977666885,5.154000973561779,0.6369991751853377,304.7600002901163,1,1
2224,object,22729.728720097,97.99100007512607,281.7470012814738,103.63899855292402,6.8070003180764616,0.957999873207882,491.1420001008082,1,1
2225,object,22729.755166563,179.4969975890126,301.0399996128399,178.04700109991245,10.231000487692654,2.7079986466560513,671.5229974361137,1,1
2226,object,22729.782248086,86.16099876235239,299.9479984282516,108.19700037245639,7.374001143034548,0.8690003596711904,502.5489990657661,1,1
2227,object,22729.807968853,54.03300019679591,154.5329978398513,56.9869989703875,3.654000465758145,0.4130015440750867,269.61999901686795,1,1
2228,object,22729.831648721,72.32700227177702,176.34299729252234,49.50900256517343,3.482997271930799,0.5260008038021624,302.18800020520575,1,1
2229,object,22729.855161012,49.561000196263194,144.64899868471548,60.35399928805418,5.2579998737201095,0.6869995559100062,260.508997598663,1,1
2230,object,22729.880775851,76.95900058024563,250.83199943765067,100.95700054080226,6.907997885718942,0.934000127017498,436.589998571435,1,1
2231,object,22729.907615644,84.2910012579523,238.65800176281482,132.82999861985445,7.771999662509188,0.9309987945016474,464.4820000976324,1,1
2232,object,22729.935376592,87.95000030659139,245.6479996908456,132.23400310380384,7.364997145486996,0.9350005711894482,474.1320008179173,1,1
2233,object,22729.959472972,64.60599979618564,144.56099961535074,40.191000152844936,2.616998244775459,0.3440000000409782,252.31899780919775,1,1
2234,object,22729.985688803,40.470000385539606,118.60499944305047,47.2979991172906,3.3430005714762956,0.4020002961624414,210.11799981351942,1,1
2235,object,22730.013045377,94.30100180907175,260.69099840242416,101.79400123888627,6.895999831613153,0.9539980965200812,464.6359993785154,1,1
2236,object,22730.038972024,133.3190011791885,293.61099950619973,104.49399997014552,7.200000254670158,0.9770010365173221,539.6010019467212,1,1
2237,object,22730.068288727,101.52499817195348,262.67000066582114,103.55300037190318,6.8070003180764616,0.8739989425521344,475.4289984703064,1,1
2238,object,22730.093495696,68.5519989929162,142.1570013917517,35.207998735131696,3.9990009099710733,0.4020002961624414,250.3180003259331,1,1
2239,object,22730.123071403,60.85600034566596,142.39500160329044,49.67199856764637,3.755001671379432,0.509997335029766,257.18799952301197,1,1
2240,object,22730.148274284,86.07299969298765,240.32599685597233,117.44000221369788,7.496000762330368,0.8619972504675388,452.1969967754558,1,1
2241,object,22730.181250078,84.81700206175447,309.5779975410551,120.22200098726898,8.569000783609226,1.1029987945221364,524.2890001682099,1,1
2242,object,22730.206608778,51.04999945615418,118.86400170624256,34.457996662240475,2.5840017769951373,0.3089990059379488,207.2649986075703,1,1
2243,object,22730.23417038,59.28499740548432,127.58000229950994,39.201000618049875,3.0149967642500997,0.37900099414400756,229.45999808143824,1,1
2244,object,22730.265289459,98.1740013230592,254.99799812678248,108.61700138775632,7.030001142993569,0.8619972504675388,469.6809992310591,1,1
2245,object,22730.292697457,86.52099859318696,263.9500016812235,104.15499855298549,7.2020011430140585,0.9229988791048527,462.7509988495149,1,1
2246,object,22730.318744494,80.61299740802497,262.09300267510116,105.03099838388152,6.922000466147438,0.7890012057032436,455.44800013885833,1,1
2247,object,22730.343393345,56.854001741157845,161.24199828482233,62.369999795919284,4.579000233206898,0.49600203055888414,285.54100208566524,1,1
2248,object,22730.36775325,55.440999858547,104.24300126032904,31.198997021419927,2.373002644162625,0.31099989428184927,193.56700067874044,1,1
2249,object,22730.391991925,57.27399911847897,137.30200225836597,54.10299854702316,4.106001142645255,0.47399953473359346,253.25900060124695,1,1
2250,object,22730.420747543,103.93199772806838,340.3230002732016,158.5140016686637,9.313000191468745,1.2040000001434237,613.2859998615459,1,1
2251,object,22730.448840533,105.96599895507097,282.5310002663173,103.60499800299294,7.58399983169511,1.2040000001434237,500.8899970562197,1,1
2252,object,22730.47238772,93.2749971980229,269.5809998840559,106.17200314300135,7.172999175963923,0.7999988156370819,477.0009982166812,1,1
2253,object,22730.495444388,37.259000237099826,115.47999747563154,54.17099964688532,3.0000010156072676,0.28800059226341546,210.19799896748737,1,1
2254,object,22730.519541924,59.3959994148463,138.4069983032532,42.76400068192743,3.2419993658550084,0.3990026016253978,244.20800036750734,1,1
2255,object,22730.545285294,79.34400127851404,221.21199799585156,94.21800132258795,6.5780004661064595,0.8179995347745717,402.1700005978346,1,1
2256,object,22730.570293268,101.55400013900362,328.86999906622805,173.20600090897642,10.512001608731225,1.1749980330932885,615.3169997560326,1,1
2257,object,22730.593846248,127.21399980364367,379.80900015099905,166.9550001679454,10.646999726304784,1.2509990483522415,685.8759988972452,1,1
2258,object,22730.618923574,59.41700146649964,167.35100143705495,50.33399793319404,3.7760000850539654,0.9569994290359318,281.8350003508385,1,1
2259,object,22730.642203995,70.18999895080924,185.20899902796373,62.82799949985929,4.123001417610794,0.4629982868209481,322.812997183064,1,1
2260,object,22730.666715332,96.02899808669463,280.9130019159056,121.33400014135987,7.0739988586865366,0.8749993867240846,506.22499838937074,1,1
2261,object,22730.69067135,102.75000022375025,345.3999997873325,164.28299932158552,9.871000656858087,1.1119991540908813,623.4159991436172,1,1
2262,object,22730.715503518,120.15799802611582,337.63100145733915,188.2860015030019,10.30599742080085,1.2680029612965882,657.6490013685543,1,1
2263,object,22730.740710437,80.50399992498569,157.32199972262606,62.88300210144371,4.094999894732609,0.4159992386121303,305.2200008824002,1,1
2264,object,22730.764825089,45.531996875070035,116.7170012195129,43.432999518699944,2.710999979171902,0.2400010998826474,208.63299869233742,1,1
2265,object,22730.788944482,125.04500045906752,253.00299967057072,101.65799903916195,7.417002052534372,1.148000592365861,488.2710018137004,1,1
2266,object,22730.813588383,93.18299998994917,251.8820001569111,126.16399908438325,7.008002285147086,0.8559982234146446,479.09299973980524,1,1
2267,object,22730.837601766,95.94499715603888,262.5289998832159,141.04600268183276,8.077997335931286,0.9040013537742198,508.501998410793,1,1
2268,object,22730.862096104,93.06500214734115,346.61499739740975,160.16500012483448,9.63600177783519,1.2969976523891091,610.7779990998097,1,1
2269,object,22730.886251165,39.98900137958117,149.1309994889889,34.27299816394225,2.9910006560385227,0.2540000423323363,226.63799973088317,1,1
2270,object,22730.910052249,43.14499892643653,113.26200183248147,39.63499693782069,2.7220012270845473,0.35999983083456755,199.1239987546578,1,1
2271,object,22730.935256368,74.22999988193624,233.0450006411411,102.64899901812896,7.146001735236496,0.8639981388114393,417.9339994152542,1,1
2272,object,22730.960609962,76.56600064365193,216.4779980375897,93.94700100529008,20.854000467807055,0.8089991752058268,408.6539993295446,1,1
2273,object,22730.985373217,127.04199980362318,332.65499951085076,110.22399849025533,7.698999979766086,0.8570023055654019,578.4770000900608,1,1
2274,object,22731.010207992,59.59999907645397,153.1590023660101,83.75499965040945,3.45099761034362,0.47300272854045033,300.4380014317576,1,1
2275,object,22731.037492776,44.15600051288493,108.81600246648304,38.07899702223949,2.6760026230476797,0.36499841371551156,194.09200103837065,1,1
2276,object,22731.07969144,136.34299830300733,6.8160006776452065,4.399000317789614,16.666999727021903,1.7479978851042688,165.97299691056833,1,0
2277,object,22731.124500625,91.5140008146409,5.079000402474776,3.183999069733545,11.861000530188903,1.0160001693293452,112.65400098636746,1,0
2278,object,22731.169416368,59.177000366616994,2.1599989850074053,1.915999746415764,6.742000550730154,0.47299909056164324,70.46799873933196,1,0
2279,object,22731.203628111,70.53399895085022,280.0350011966657,107.21299986471422,6.103997293394059,1.034000888466835,464.919998194091,1,1
2280,object,22731.23409125,73.02700032596476,218.25699877808802,94.68600183026865,6.340997060760856,1.001000782707706,393.31199877779,1,1
2281,object,22731.265920687,97.48499724082649,364.9160025815945,225.4350001749117,12.2540004667826,1.429998519597575,701.5199989837129,1,1
2282,object,22731.295201865,46.81300197262317,122.45499965501949,36.26100078690797,3.1269992177840322,0.3679997462313622,209.02400137856603,1,1
2283,object,22731.325768762,66.78499994450249,199.26599998143502,75.29300273745321,4.978999641025439,0.6159971235319972,346.93899942794815,1,1
2284,object,22731.357199098,91.11999679589644,251.58300195471384,103.74900011811405,7.128001016099006,0.8479983080178499,454.4279981928412,1,1
2285,object,22731.38903981,122.93499821680598,343.3310012042057,166.14899868727662,10.22300057229586,1.4370016288012266,644.0750003093854,1,1
2286,object,22731.419465026,41.652001527836546,109.7229978768155,35.383000067668036,2.34500112128444,0.23299799067899585,189.33599858428352,1,1
2287,object,22731.447123539,54.79199899127707,154.8629988974426,57.8479994146619,4.2000028770416975,0.48699803301133215,272.1899982134346,1,1
2288,object,22731.499411636,95.8460004767403,5.158999556442723,2.978998963953927,20.15600330196321,0.9869982022792101,125.12700050137937,1,0
2289,object,22731.54447149,135.55699842981994,6.898000719957054,3.8239995774347335,15.956000424921513,1.610002072993666,163.8450012251269,1,0
2290,object,22731.589311011,57.87799818790518,2.6529996830504388,1.5380028344225138,7.0879978011362255,0.6369991751853377,69.7939976816997,1,0
2291,object,22731.595138685,106.11900142976083,284.04999829945154,132.84600208862685,7.934999302960932,1.0170006135012954,531.9670017343014,1,1
2292,object,22731.626255504,123.63799760350958,353.39200258022174,163.7919995118864,9.602998034097254,1.0500007192604244,651.4749984489754,1,1
2293,object,22731.656623511,90.61300079338253,262.25699912174605,143.56899919221178,7.626000297022983,0.8610004442743957,504.92599984863773,1,1
2294,object,22731.686544666,37.46799848158844,112.34200064791366,37.303998396964744,2.6950001483783126,0.26500129024498165,190.07399896509014,1,1
2295,object,22731.712879922,47.59299918077886,126.52700024773367,43.39199949754402,2.9760012694168836,0.29199873097240925,220.77999892644584,1,1
2296,object,22731.742071594,77.25300019956194,233.16400256589986,196.08999718911946,7.059999916236848,0.9930008673109114,514.560000738129,1,1
2297,object,22731.768437859,89.02300032787025,245.86500148870982,111.14999870187603,6.733000191161409,0.809999619377777,453.5810003289953,1,1
2298,object,22731.797093976,121.98999684187584,355.88399987318553,137.953000376001,7.778002327540889,0.8889983291737735,624.493997747777,1,1
2299,object,22731.822123883,70.66399848554283,149.90600175224245,36.666999221779406,3.0000010156072676,0.32299794838763773,260.5599984235596,1,1
2300,object,22731.846623813,40.92500239494257,119.99900016235188,43.05499896872789,3.839999408228323,0.3450004442129284,208.16400137846358,1,1
2301,object,22731.873514631,94.26399992662482,274.94900132296607,102.46300007565878,7.033999281702563,0.8499991963617504,479.559999803314,1,1
2302,object,22731.900260391,110.85299775004387,344.2350025579799,167.38299746066332,10.063002264359966,1.190997863886878,633.7249978969339,1,1
2303,object,22731.92893335,151.61800183705054,358.6029997677542,168.40099851833656,10.155003110412508,1.295997208217159,690.073000441771,1,1
2304,object,22731.957681271,37.78099926421419,108.32100088009611,33.1029987137299,2.445001882733777,0.21400046534836292,181.86400120612234,1,1
2305,object,22731.983696237,47.73000182467513,108.06899808812886,34.13900049054064,2.5750014174263924,0.27900023269467056,192.7920020534657,1,1
2306,object,22732.008775977,80.32100231503136,242.29699920397252,103.8169975799974,7.5070020102430135,1.2119999155402184,435.1540010247845,1,1
2307,object,22732.035586406,89.65300003183074,283.79699870129116,121.92999929538928,7.193000783445314,0.8550014172215015,503.428000229178,1,1
2308,object,22732.06169836,97.158997959923,334.07900264137425,153.39999663410708,9.351002518087626,1.3699973351322114,595.3589970886242,1,1
2309,object,22732.086207787,36.9039989891462,99.78900197893381,32.148996979231015,2.6420020731166005,0.2939996193163097,171.77799963974394,1,1
2310,object,22732.114944086,45.81900066114031,141.3140016666148,45.605000195791945,3.0909977795090526,0.3029999788850546,236.13200028194115,1,1
2311,object,22732.145402698,78.21400140528567,238.67699928814545,103.94100172561593,6.692000170005485,0.9669965947978199,428.49099918385036,1,1
2312,object,22732.17389742,93.99099872098304,294.13000083877705,108.21300020324998,7.58399983169511,0.890999217517674,504.80899881222285,1,1
2313,object,22732.199202283,89.51399649959058,249.59200163721107,102.23500066786073,7.402999472105876,1.001000782707706,449.74499905947596,1,1
2314,object,22732.222618227,48.79100015386939,134.37800225801766,33.364998671459034,2.5279987312387675,0.32800016924738884,219.38999998383224,1,1
2315,object,22732.248353608,65.56600055773742,168.74699940672144,57.3799989069812,4.039000486955047,0.48199945013038814,296.2139988085255,1,1
2316,object,22732.27492325,103.75100100645795,249.0900005795993,102.76299872202799,7.070000719977543,1.0030016710516065,463.6770026991144,1,1
2317,object,22732.304287777,95.26400026516058,260.3030006866902,101.17900092154741,7.425998774124309,0.8019997039809823,464.9740003515035,1,1
2318,object,22732.332924449,116.44699770840816,326.34700255584903,167.44299864512868,8.685998182045296,0.967000232776627,619.8899973242078,1,1
2319,object,22732.358696333,34.78500002529472,99.93699859478511,37.59399987757206,2.544999006204307,0.261999957729131,175.12299746158533,1,1
2320,object,22732.383296483,54.98899918165989,130.93700181343593,40.21799759357236,2.8370013751555234,0.4520006768871099,229.43300064071082,1,1
2321,object,22732.409477782,92.12700024363585,253.62900123582222,103.56699931435287,7.4460003816057,0.8610004442743957,457.63000161969103,1,1
2322,object,22732.435318793,86.77799996803515,234.90000239689834,100.05699732573703,7.0450005296152085,0.8329989213962108,429.61299914168194,1,1
2323,object,22732.460051952,53.23300138115883,170.07399947033264,73.58600123552606,4.980000085197389,0.5580004653893411,302.43100263760425,1,1
2324,object,22732.483663155,42.71199941285886,121.02500113542192,33.59599941177294,3.2190000638365746,0.2990018401760608,200.85100186406635,1,1
2325,object,22732.510752721,72.69600246218033,215.3959976567421,82.47500227298588,5.919999239267781,0.6609989213757217,377.1480005525518,1,1
2326,object,22732.537207428,98.76900003291667,314.59599995287135,151.43400014494546,8.901002729544416,1.157997758127749,574.8580006184056,1,1
2327,object,22732.565764424,72.76700125657953,243.116999627091,102.73000225424767,6.545000360347331,0.7089984137564898,425.868001912022,1,1
2328,object,22732.59055526,81.98799696401693,226.31500178249553,89.31000047596171,6.438000127673149,0.7189992174971849,404.7699985676445,1,1
2329,object,22732.614128496,44.68400220503099,104.14999997010455,32.94599810033105,2.1800005924887955,0.21500090952031314,184.1750017774757,1,1
2330,object,22732.641210037,59.93400191073306,261.21799965039827,134.88399781635962,8.121001883409917,0.8669994713272899,465.02400073222816,1,1
2331,object,22732.66746563,93.5240022954531,251.03399821091443,102.35100126010366,6.710000889142975,0.8030001481529325,454.4220028037671,1,1
2332,object,22732.691610663,85.92899757786654,239.73600036697462,122.49000064912252,7.318998541450128,0.8110000635497272,456.28499719896354,1,1
2333,object,22732.718395277,86.3860004756134,243.41199969057925,102.67900142935105,7.167000148911029,0.9319992386735976,440.5760009831283,1,1
2334,object,22732.74491046,51.86900307307951,179.6019969333429,56.60300303134136,3.4759978007059544,0.32000025385059416,291.8700010923203,1,1
2335,object,22732.768976161,81.64999962900765,171.85399701702408,60.68200309528038,4.044999514007941,0.4889989213552326,318.7199981766753,1,1
2336,object,22732.79378682,79.72499952302314,259.37200189218856,136.30900139105506,7.750997610855848,0.9450013749301434,484.10200179205276,1,1
2337,object,22732.818504614,129.85899957129732,390.7630016328767,171.18400137405843,11.482999980216846,1.2040000001434237,704.4930025585927,1,1
2338,object,22732.842699156,128.09899999410845,374.01000008685514,166.79599866620265,10.603002010611817,1.229996996698901,680.737997754477,1,1
2339,object,22732.872584004,120.89600204490125,368.56599763268605,172.1540029393509,10.411997209303081,1.3710014172829688,673.3990012435243,1,1
2340,object,22732.897671807,77.50599979772232,164.16400103480555,51.682000048458576,3.601999196689576,0.3629975253716111,297.31699760304764,1,1
2341,object,22732.922447344,55.0539989490062,138.2590016874019,54.10299854702316,3.3340002119075507,0.3889981599058956,251.1389975552447,1,1
2342,object,22732.969597408,101.22000094270334,5.363999662222341,3.002001903951168,13.06899866904132,1.2140008038841188,123.86900198180228,1,0
2343,object,22733.014291666,42.05499863019213,2.9950024327263236,1.7279999156016856,5.335998139344156,0.41000021155923605,52.52399932942353,1,0
2344,object,22733.0594309,89.35100049711764,5.103996954858303,3.1710005714558065,11.889002053067088,1.0699986887630075,110.58499876526184,1,0
2345,object,22733.10443826,121.18299855501391,8.961000276030973,4.752000677399337,26.556997909210622,3.5570010368246585,165.0099984544795,1,0
2346,object,22733.149346507,71.27599747036584,6.132999260444194,4.769000952364877,16.514000890310854,0.9930008673109114,99.68499944079667,1,0
2347,object,22733.194483665,117.16600056388415,6.096001015976071,3.6339988582767546,13.082000805297866,1.3659991964232177,141.34400043985806,1,0
2348,object,22733.239429309,99.12200039252639,5.077999958302826,3.0949995561968535,11.83700078399852,1.1310003174003214,120.26300100842491,1,0
2349,object,22733.284297474,41.32100002607331,3.1529998523183167,1.6689991753082722,5.578000127570704,0.7979979272931814,52.51899710856378,1,0
2350,object,22733.329580208,96.50200081523508,5.778998456662521,3.1090021366253495,12.65099854208529,1.453001459594816,119.49400141020305,1,0
2351,object,22733.374519402,90.91599713428877,5.02000330016017,2.6519992388784885,11.882999388035387,1.1779993656091392,111.64899842697196,1,0
2352,object,22733.419259375,45.15799810178578,2.191001840401441,1.167998561868444,5.820998921990395,0.3180030034855008,54.65600042953156,1,0
2353,object,22733.464476862,96.5470026130788,4.92699837195687,3.0949995561968535,12.610002158908173,1.0889998520724475,118.26800255221315,1,0
2354,object,22733.509446911,93.63699791720137,4.765999619849026,2.7790010790340602,11.825999536085874,1.0360017768107355,114.04399992898107,1,0
2355,object,22733.554320799,67.074997787131,2.3800021153874695,1.6939993656706065,8.73300086823292,0.5660003807861358,80.44800051720813,1,0
2356,object,22733.599537762,91.98100087814964,4.797002475243062,3.19299942930229,11.509997420944273,1.1510019248817116,112.63200212852098,1,0
2357,object,22733.644444097,88.76499850885011,5.038000381318852,2.7520000003278255,11.689000530168414,0.9879986464511603,109.23199806711636,1,0
2358,object,22733.689225583,45.40600275504403,2.1179985196795315,1.7339989426545799,5.923000571783632,0.4450012056622654,55.62600199482404,1,0
2359,object,22733.734588398,107.14699965319596,5.248999514151365,3.0759983928874135,13.225002476247028,1.1829979484900832,129.87999798497185,1,0
2360,object,22733.779559583,97.5459988694638,5.623001925414428,2.7850001060869545,12.765998690156266,1.1420015653129667,119.86200115643442,1,0
2361,object,22733.824248066,46.748999011470005,2.201999450335279,1.2609998520929366,6.26700057182461,0.45599881559610367,56.934997701318935,1,0
2362,object,22733.869488933,97.57799853105098,4.608002200257033,2.9229995561763644,11.878000805154443,1.0849980753846467,118.07199916802347,1,0
2363,object,22733.914555203,118.59200094477274,6.948001100681722,4.065001121489331,14.937999367248267,1.3449971447698772,145.88799967896193,1,0
2364,object,22733.959293951,64.18599878088571,2.531000063754618,1.6609992599114776,7.7310032793320715,0.46899731387384236,76.57799869775772,1,0
2365,object,22734.004425965,90.46600098372437,4.823999915970489,3.0430019251070917,12.33699731528759,1.3800017768517137,112.05000191694126,1,0
2366,object,22734.049399007,99.45800047717057,6.387999746948481,3.1620002118870616,14.074001228436828,1.1449992598500103,124.22700092429295,1,0
2367,object,22734.09437584,58.75300121260807,3.32999843521975,1.5370023902505636,7.746999472146854,1.019998308038339,72.38699981826358,1,0
2368,object,22734.13953992,98.82399899652228,5.601999873761088,3.2140014809556305,13.116998161422089,1.119002263294533,121.87600077595562,1,0
2369,object,22734.184671198,118.01499931607395,6.8400004238355905,3.863999154418707,15.46400017105043,1.2810014595743269,145.464000524953,1,0
2370,object,22734.229235227,44.33599679032341,2.0450024749152362,1.1060001270379871,5.858000804437324,0.4199973773211241,53.76499757403508,1,0
2371,object,22734.274541375,93.9699966693297,4.741999873658642,3.155000740662217,13.160999515093863,1.1060001270379871,116.13399692578241,1,0
2372,object,22734.319534744,96.79199865786359,5.292000423651189,3.1769995985087007,13.689001207239926,1.2379969120956957,120.1879967993591,1,0
2373,object,22734.364284949,54.16600106400438,2.302000211784616,1.1459997040219605,6.87600186211057,0.4579997039400041,64.94800254586153,1,0
2374,object,22734.409422091,90.12499867822044,4.7770008677616715,2.701999619603157,4.7579997044522315,1.1900010576937348,103.55199992773123,0,0
2375,object,22734.454898725,3.153003490297124,6.834998202975839,2.5900008040480316,2.325999957975,1.02400008472614,15.928002540022135,0,0
2376,object,22734.499222494,1.706001057755202,4.466997779672965,1.3500030036084354,1.3239987310953438,0.5490001058205962,9.396000677952543,0,0
2377,object,22734.544516225,2.559998392825946,6.644000677624717,2.3190004867501557,2.1039995772298425,0.9750001481734216,14.601999282604083,0,0
2378,object,22734.589408625,2.592998498585075,8.05500167189166,2.944998414022848,2.1470004867296666,1.0500007192604244,16.789999790489674,0,0
2379,object,22734.634274397,1.462998625356704,4.182998964097351,1.2780001270584762,0.8300012268591672,0.5139991117175668,8.267998055089265,0,0
2380,object,22734.679567232,3.3270007406827062,8.104998414637521,3.07300069835037,2.3659995349589735,1.2880009307991713,18.159000319428742,0,0
2381,object,22734.724417712,2.8760005079675466,7.026999810477719,2.6139969122596085,2.349002897972241,1.0939984349533916,15.959998563630506,0,0
2382,object,22734.769276135,2.2659987735096365,4.656001692637801,1.3979988580103964,1.4280012692324817,0.5139991117175668,10.261999705107883,0,0
2383,object,22734.814415442,3.0199989851098508,7.159000233514234,2.515000232961029,2.335000317543745,0.9610012057237327,15.990000974852592,0,0
2384,object,22734.859430143,2.9670009098481387,7.472001016139984,3.124998329440132,2.0219995349179953,1.5460027498193085,17.13200254016556,0,0
2385,object,22734.90433114,2.4569999368395656,5.15900319442153,1.372998667648062,1.9289982446935028,0.7340022420976311,11.652002285700291,0,0
2386,object,22734.949444876,2.8389986255206168,6.636000762227923,2.3600005079060793,2.5939989427570254,1.0180010576732457,15.44699989608489,0,0
2387,object,22734.994514991,2.8149988793302327,7.776998245390132,3.0129995138850063,2.496002707630396,1.1800002539530396,17.280999600188807,0,0
2388,object,22735.039143528,0.9460018191020936,3.4769982448779047,1.148000592365861,0.938998709898442,0.9130017133429646,7.423001079587266,0,0
2389,object,22735.084564891,3.821998689090833,9.96600283542648,3.941997420042753,2.5360022846143693,1.0699986887630075,21.335999917937443,0,0
2390,object,22735.129450085,3.1989984563551843,7.837999874027446,2.845001290552318,2.4080000002868474,0.9819996193982661,17.27199924062006,0,0
2391,object,22735.174246944,2.015000063693151,4.100998921785504,1.3420030882116407,1.2719974620267749,0.5090005288366228,9.239000064553693,0,0
2392,object,22735.219497315,2.8280010155867785,7.425998774124309,2.9379989427980036,2.510001650080085,0.9280010999646038,16.63000148255378,0,0
2393,object,22735.264317696,1.8319988157600164,3.4750009945128113,1.14399881567806,0.9169998520519584,0.4399989848025143,7.8079974628053606,0,0
2394,object,22735.309598173,3.873999958159402,10.682000720407814,3.4529984986875206,2.9469993023667485,1.1760021152440459,22.13200059486553,0,0
2395,object,22735.354599063,3.360000846441835,8.385999535676092,3.2479983929079026,2.4030014174059033,1.2319978850428015,18.628998077474535,0,0
2396,object,22735.399405549,3.1189993023872375,7.340000593103468,2.7380010578781366,2.410997694823891,1.0680014383979142,16.676000086590648,0,0
2397,object,22735.444363718,2.7479982236400247,4.241999704390764,5.784000677522272,1.0260009730700403,0.5000001692678779,14.299999747890979,0,0
2398,object,22735.489381282,2.4709988792892545,6.877999112475663,3.0320006771944463,2.1759988158009946,1.2000018614344299,15.756999346194789,0,0
2399,object,22735.534332815,2.6419984351377934,6.1290011217352,1.9910003175027668,1.6550002328585833,0.4609973984770477,12.877997505711392,0,0
2400,object,22735.579539198,2.901000698329881,7.193000783445314,2.8670001483988017,2.1470004867296666,1.0029980330727994,16.111000149976462,0,0
2401,object,22735.624425226,3.8239995774347335,9.434999810764566,3.363998985150829,4.066001565661281,1.9529979908838868,22.641997929895297,0,0
2402,object,22735.669416785,2.450000465614721,4.778998118126765,1.9649996829684824,1.4140023267827928,0.5939982656855136,11.201998859178275,0,0
2403,object,22735.714387538,2.307002432644367,6.24799940851517,2.0810002752114087,1.7329984984826297,0.8030001481529325,13.172000763006508,0,0
2404,object,22735.759446793,3.2280004234053195,8.062001143116504,2.8129979909863323,2.401000529062003,1.2230011634528637,17.727001250023022,0,0
2405,object,22735.804471169,2.2519998310599476,5.2629984566010535,1.649001205805689,1.377000444335863,0.5089968908578157,11.049996828660369,0,0
2406,object,22735.849542235,2.8480026230681688,7.671998901059851,3.130000550299883,2.5469998945482075,1.0410003596916795,17.23800232866779,0,0
2407,object,22735.894562165,3.359000402269885,8.058999810600653,2.9710026865359396,2.486998710082844,1.1490010365378112,18.025002646027133,0,0
2408,object,22735.939276723,1.6190024325624108,4.870998964179307,1.6369995137210935,0.9169998520519584,0.5340007191989571,9.578001481713727,0,0
2409,object,22735.984532535,3.526998625602573,7.890001143096015,2.8430004022084177,2.1849991753697395,1.058000634657219,17.502999980933964,0,0
2410,object,22736.029448649,3.483000909909606,7.319998985622078,2.7700007194653153,1.981999957934022,1.0710027709137648,16.626003343844786,0,0
2411,object,22736.074259965,1.3069984561298043,4.107001586817205,1.091000740416348,0.9600007615517825,0.36399796954356134,7.828999514458701,0,0
2412,object,22736.11955437,2.87899820250459,7.792001269990578,2.8469985409174114,2.354001480853185,1.5939986042212695,17.465998098487034,0,0
2413,object,22736.16446884,3.4099975891876966,8.093000360531732,3.040000592591241,2.4569999368395656,1.0040021152235568,18.004000594373792,0,0
2414,object,22736.209248708,2.001997927436605,4.364002961665392,1.548996806377545,1.5590012480970472,0.5299989425111562,10.003997886087745,0,0
2415,object,22736.254442164,3.344997821841389,7.401002221740782,2.7189998945686966,2.748998667811975,0.971998815657571,17.185997421620414,0,0
2416,object,22736.299485267,3.391996870050207,7.946000550873578,3.4799995773937553,2.4220025807153434,1.0570001904852688,18.296999769518152,0,0
2417,object,22736.344272208,2.0219995349179953,3.483000909909606,1.1800002539530396,0.7710004865657538,0.38299913285300136,7.839000318199396,0,0
2418,object,22736.389430315,3.3270007406827062,7.719998393440619,3.0759983928874135,2.0890001906082034,1.234002411365509,17.44600012898445,0,0
2419,object,22736.43454535,3.0859991966281086,8.33400190458633,2.74099875241518,2.1460000425577164,1.062999217538163,17.3699991137255,0,0
2420,object,22736.479245192,1.1019983503501862,3.5129996831528842,1.0760013537947088,0.8499991963617504,0.39999940781854093,6.940997991478071,0,0
2421,object,22736.524414523,2.1760024537798017,5.623998731607571,1.9799990695901215,1.553002221044153,0.8499991963617504,12.183001672383398,0,0
2422,object,22736.569326389,2.4180008040275425,7.318001735256985,2.934997610282153,2.4190012481994927,0.9440009307581931,16.034002328524366,0,0
2423,object,22736.614303072,2.2860003809910268,4.320998414186761,1.1980009730905294,0.9129980753641576,0.724001438356936,9.44199928198941,0,0
2424,object,22736.65938391,2.6660018193069845,6.233000021893531,2.454999048495665,1.7540005501359701,1.1369993444532156,14.245000784285367,0,0
2425,object,22736.704584811,3.6609999369829893,10.922001820290461,3.5379998735152185,2.7559981390368193,1.2519994925241917,22.12899926234968,0,0
2426,object,22736.749318886,1.6039994079619646,3.8140024116728455,1.2279997463338077,1.2669988791458309,0.4659996193367988,8.379000064451247,0,0
2427,object,22736.794564451,3.111999831162393,7.504000677727163,3.031000233022496,2.595999831100926,1.058000634657219,17.301001207670197,0,0
2428,object,22736.839572639,3.3100004657171667,11.200998415006325,4.148001607973129,3.121000190731138,1.1229967640247196,22.902997443452477,0,0
2429,object,22736.884289433,1.7089987522922456,3.9770020521245897,1.1709998943842947,1.176998921437189,0.547999661648646,8.581999281886965,0,0
2430,object,22736.929566675,2.805998519761488,7.476999599020928,2.6560010155662894,2.0229999790899456,1.2810014595743269,16.243000573012978,0,0
2431,object,22736.974429211,3.2009993446990848,7.361999450949952,2.6999987312592566,2.110002242261544,1.0109979484695941,16.38399771763943,0,0
2432,object,22737.019201106,1.291002263315022,4.252000508131459,1.6929989214986563,1.2169984984211624,0.523999915458262,8.977000106824562,0,0
2433,object,22737.064630785,4.110999725526199,11.443000403232872,3.1960007618181407,3.945999196730554,1.3450007827486843,24.04100087005645,0,0
2434,object,22737.109490979,2.7319983928464353,7.026999810477719,2.7710011636372656,2.1909982024226338,1.258002157555893,15.978999726939946,0,0
2435,object,22737.154232855,1.6500016499776393,2.7179994503967464,1.4610013749916106,0.7880007615312934,0.35099947126582265,6.968002708163112,0,0
2436,object,22737.199578311,3.625002136686817,8.81499727256596,3.0270020943135023,2.7179994503967464,1.0650001058820635,19.25000105984509,0,0
2437,object,22737.244432808,2.5000008463393897,7.369999366346747,3.036002453882247,2.1220002963673323,1.1269985407125205,16.155001503648236,0,0
2438,object,22737.289388194,2.20700167119503,6.546997610712424,1.730000803945586,1.8149985407944769,0.5500005499925464,12.848999176640064,0,0
2439,object,22737.334494031,3.350996848894283,7.496000762330368,2.616001438582316,2.472999767633155,1.0420008038636297,16.977999621303752,0,0
2440,object,22737.379547915,3.3579999580979347,7.525999535573646,2.5760018615983427,2.540000423323363,1.1159972927998751,17.115999071393162,0,0
2441,object,22737.42424416,1.4789984561502934,3.2180032576434314,1.1559968697838485,1.1880001693498343,0.40500162867829204,7.4460003816057,0,0
2442,object,22737.469573912,3.735000063898042,8.924998837755993,3.007000486832112,2.495999069651589,1.1870033631566912,19.350001821294427,0,0
2443,object,22737.514476834,3.4420008887536824,8.072998753050342,2.9430011636577547,2.2559979697689414,1.129003067035228,17.84300184226595,0,0
2444,object,22737.559246749,1.4569995983038098,3.6180026654619724,1.1810006981249899,1.309999788645655,0.452997483080253,8.01900023361668,0,0
2445,object,22737.604398635,6.492999091278762,13.471999409375712,4.549998266156763,2.464003046043217,1.3039971236139536,28.282996936468408,0,0
2446,object,22737.649408264,2.8100002964492887,6.799000402679667,2.7610003598965704,2.0180013962090015,1.0449984984006733,15.4330009536352,0,0
2447,object,22737.69433829,1.2279997463338077,3.459001163719222,1.0690018825698644,0.7019989425316453,0.6740010576322675,7.132002792786807,0,0
2448,object,22737.739506692,3.1939998734742403,7.17000148142688,2.60199885815382,2.3120010155253112,1.186999725177884,16.465000953758135,0,0
2449,object,22737.784623042,3.2579991966485977,8.048999006859958,2.755001332843676,2.0600018615368754,1.0849980753846467,17.206999473273754,0,0
2450,object,22737.829371042,2.1890009520575404,4.51199957751669,1.4969991752877831,1.6279991541523486,0.6080008461140096,10.433999705128372,0,0
2451,object,22737.874412713,2.7569985832087696,7.172999175963923,2.507000317564234,2.0980005501769483,0.9899995347950608,15.524998161708936,0,0
2452,object,22737.919433322,3.197998012183234,8.000002708286047,2.5099980121012777,2.0170009520370513,1.0609983291942626,16.785998013801873,0,0
2453,object,22737.964328269,2.0429979485925287,6.252001185202971,1.5670011634938419,1.8069986253976822,0.8060014806687832,12.475000403355807,0,0
2454,object,22738.009476008,2.983000740641728,7.490001735277474,2.539996785344556,2.106000465573743,0.9610012057237327,16.080000932561234,0,0
2455,object,22738.054359496,2.9760012694168836,4.967998393112794,1.958000211743638,1.2829987099394202,0.7520029612351209,11.937001545447856,0,0
2456,object,22738.099342091,2.314998710062355,5.421999958343804,1.8999999156221747,1.2790005712304264,0.6490008672699332,11.565000022528693,0,0
2457,object,22738.14447539,3.1080016924533993,6.930000381544232,2.6369998522568494,2.343997039133683,0.9630020940676332,15.982001059455797,0,0
2458,object,22738.189423626,2.725999365793541,6.342997949104756,2.4520013539586216,1.8069986253976822,0.9010000212583691,14.22899731551297,0,0
2459,object,22738.234504723,0.934000127017498,3.4339973353780806,1.115000486606732,0.9400027920491993,0.3929999365936965,6.8160006776452065,0,0
2460,object,22738.279506757,3.201999788871035,10.151001333724707,3.216999175492674,2.7149981178808957,1.3140015653334558,20.598999981302768,0,0
2461,object,22738.324304531,2.319997292943299,6.2680010159965605,2.745000529102981,2.125001628883183,1.190997863886878,14.648998330812901,0,0
2462,object,22738.369518193,1.73499938682653,4.392997652757913,1.5130026440601796,1.0219991963822395,0.6230002327356488,9.28599911276251,0,0
2463,object,22738.414496523,3.139000909868628,7.905997335910797,3.2190000638365746,2.116001269314438,1.133998011937365,17.513997590867803,0,0
2464,object,22738.459476447,2.807002601912245,5.901998520130292,2.0930019672960043,1.653999788686633,0.7870003173593432,13.243003195384517,0,0
2465,object,22738.504378628,3.8299986044876277,16.256002709269524,12.716998753603548,3.4619988582562655,0.8349998097401112,37.099998735357076,0,0
2466,object,22738.549513726,2.8180002118460834,7.25199788575992,2.9510010790545493,2.568998752394691,0.9830000635702163,16.57299799262546,0,0
2467,object,22738.594339205,2.243999915663153,3.9990009099710733,1.314998371526599,0.9930008673109114,0.40600207285024226,8.957002137321979,0,0
2468,object,22738.639324259,1.491000148234889,4.220000846544281,1.444001100026071,1.3899989426136017,0.5350011633709073,9.08000220078975,0,0
2469,object,22738.684413527,2.987999323522672,6.734000635333359,2.830998710123822,2.607001079013571,0.967000232776627,16.12699998077005,0,0
2470,object,22738.72928757,1.4930010365787894,3.944998752558604,1.2800010154023767,1.2919990695081651,0.49599839258007705,8.505998266628012,0,0
2471,object,22738.774341439,2.283002686453983,5.195997800910845,2.034001227002591,1.45800004247576,0.6669979484286159,11.637999705271795,0,0
2472,object,22738.819475157,2.926000888692215,8.096998499240726,2.734999725362286,2.282999048475176,1.0320000001229346,17.072998161893338,0,0
2473,object,22738.864400961,2.5709996407385916,6.99500014889054,2.615000994410366,1.8669998098630458,0.8809984137769789,14.928999007679522,0,0
2474,object,22738.909364892,1.8600003386382014,3.640001523308456,1.296000846195966,1.0089970601256937,0.5180008884053677,8.323000656673685,0,0
2475,object,22738.954315587,2.064000000245869,6.064998160582036,2.245000359835103,2.0799998310394585,0.9200011845678091,13.373999536270276,0,0
2476,object,22738.99945516,2.3649990907870233,8.386003173654899,2.449000021442771,2.4509972718078643,0.9440009307581931,16.59500048845075,0,0
2477,object,22739.044324657,1.9270009943284094,5.174999387236312,1.5520017768722028,1.2499986041802913,0.5789988790638745,10.48299964168109,0,0
2478,object,22739.08958734,3.5659977584145963,7.099002687027678,2.672000846359879,2.568998752394691,1.0229996405541897,16.928999684751034,0,0
2479,object,22739.134457424,2.357999619562179,6.220001523615792,2.3430002329405397,1.8639984773471951,0.9479990694671869,13.732998922932893,0,0
2480,object,22739.180149459,1.224001607624814,5.436999344965443,1.7710008251015097,1.8609971448313445,0.7920025382190943,11.085001460742205,0,0
2481,object,22739.224293904,2.46299896389246,5.902998964302242,2.3710017558187246,1.6570011212024838,0.8569986675865948,13.250999472802505,0,0
2482,object,22739.269557678,2.6470006559975445,7.552000170107931,2.9049988370388746,2.1040032152086496,1.0689982445910573,16.277001122944057,0,0
2483,object,22739.314310771,1.849002728704363,5.630998202832416,2.210999809904024,1.734002580633387,0.8319984772242606,12.25700179929845,0,0
2484,object,22739.360039994,1.2659984349738806,5.39800021215342,1.9830004021059722,1.7880011000670493,0.7659982657060027,11.200998415006325,0,0
2485,object,22739.40455346,3.1149975256994367,8.008002623682842,2.7520000003278255,2.229000529041514,0.9659997886046767,17.070000467356294,0,0
2486,object,22739.449414104,1.8169994291383773,5.786998372059315,2.430002496112138,1.9759972929023206,0.8400020305998623,12.849999620812014,0,0
2487,object,22739.494444723,2.3899992811493576,8.136001270031556,2.224998752353713,2.254000719403848,0.9430004865862429,15.948000509524718,0,0
2488,object,22739.539502903,3.059998562093824,7.826001819921657,2.7559981390368193,2.2700005501974374,1.4889992598909885,17.400998331140727,0,0
2489,object,22739.584384236,2.4189976102206856,6.969003152335063,2.535998646635562,1.8050013750325888,0.9219984349329025,14.650999219156802,0,0
2490,object,22739.629546031,2.888002200052142,8.092996722552925,2.6480011001694947,2.3749998945277184,1.0000003385357559,17.004000255838037,0,0
2491,object,22739.674468591,2.42499663727358,6.347003363771364,2.6049965526908636,1.9130020518787205,1.0029980330727994,14.292996638687328,0,0
2492,object,22739.71924192,1.4030010788701475,4.777997673954815,1.8380014807917178,1.6970006981864572,0.7419985195156187,10.457999451318756,0,0
2493,object,22739.764532636,3.469001967459917,8.068996976362541,3.0960000003688037,2.2080021153669804,1.0500007192604244,17.892001778818667,0,0
2494,object,22739.809355517,2.057997335214168,6.569000106537715,2.307002432644367,2.001997927436605,0.9470022632740438,13.883000065106899,0,0
2495,object,22739.854391121,2.9469993023667485,8.614999387646094,3.3320029615424573,2.559998392825946,1.0399999155197293,18.493999959900975,0,0
2496,object,22739.899432226,3.0890005291439593,6.690999725833535,2.7239984774496406,1.8430000636726618,1.0650001058820635,15.41199890198186,0,0
2497,object,22739.944516962,2.8909998945891857,7.54899883759208,2.716999006224796,2.7330024749971926,1.172000338556245,17.0620005519595,0,0
2498,object,22739.989624536,3.655000909930095,8.772000001044944,2.692999260034412,2.449000021442771,1.191001501865685,18.760001694317907,0,0
2499,object,22740.034594541,2.677999873412773,7.442999049089849,2.8460017347242683,1.9759972929023206,0.9680006769485772,15.910998627077788,0,0
2500,object,22740.079455264,2.526001480873674,7.353999535553157,2.587999915704131,1.9199978851247579,1.4020006346981972,15.789999451953918,0,0
2501,object,22740.124328549,1.9269973563496023,5.8539990277495235,2.3800021153874695,1.8130012904293835,0.8449969755019993,12.818996765417978,0,0
2502,object,22740.169366538,1.5609984984621406,5.67499955650419,2.0120023691561073,1.8089995137415826,0.8110000635497272,11.868000001413748,0,0
2503,object,22740.214519607,2.8859976737294346,8.148999768309295,2.782002411549911,2.292999852215871,1.0549993021413684,17.16499900794588,0,0
2504,object,22740.259521305,3.164997906424105,7.4310009949840605,2.7710011636372656,2.0989973563700914,1.324002369074151,16.789999790489674,0,0
2505,object,22740.304440108,3.3340002119075507,7.4739982665050775,2.9190014174673706,2.0549996406771243,1.672000507824123,17.454000044381246,0,0
2506,object,22740.349564905,3.2900024962145835,7.155998900998384,2.8270005714148283,2.0660008885897696,1.0759977158159018,16.415000573033467,0,0
2507,object,22740.394431084,3.2199968700297177,7.730002835160121,3.039000148419291,2.1469968487508595,1.0600015230011195,17.19599822536111,0,0
2508,object,22740.439544042,3.31099727191031,10.144001862499863,3.5909979487769306,3.1990020943339914,1.2989985407330096,21.543997718254104,0,0
2509,object,22740.484401752,1.9369981600902975,5.387002602219582,2.2859967430122197,2.0330007828306407,0.8630013326182961,12.505999620771036,0,0
2510,object,22740.529389703,3.3290016290266067,7.929000275908038,2.877000952139497,2.311997377546504,1.4110009942669421,17.858001228887588,0,0
2511,object,22740.574461009,2.9760012694168836,7.245998858707026,2.5480003387201577,1.958000211743638,1.1609990906435996,15.888999769231305,0,0
2512,object,22740.619291789,1.4309989637695253,5.646001227432862,1.7239981389138848,1.9040016923099756,0.757998350309208,11.462998372735456,0,0
2513,object,22740.664407228,3.149001713609323,7.5360003393143415,2.872999175451696,2.1749983716290444,0.986001396086067,16.71900099609047,0,0
2514,object,22740.709442536,3.2089992600958794,7.089998689480126,2.831002348102629,2.543998562032357,0.9940013114828616,16.668000171193853,0,0
2515,object,22740.754469478,2.625998604344204,6.326001312118024,2.5179979274980724,2.0990009943488985,0.9630020940676332,14.532000932376832,0,0
2516,object,22740.799327934,1.9119979697279632,5.898000381421298,2.335000317543745,1.9620019884314388,0.8809984137769789,12.987999070901424,0,0
2517,object,22740.8444966,3.140001354040578,8.101000275928527,2.9670009098481387,2.1550004021264613,1.1079973774030805,17.471000319346786,0,0
2518,object,22740.889544786,3.811997885350138,8.16000101622194,2.7850001060869545,2.2849999368190765,1.0590010788291693,18.10100002330728,0,0
2519,object,22740.934585226,3.269997250754386,8.31600118544884,3.07400114252232,2.8520007617771626,1.1109987099189311,18.62299905042164,0,0
2520,object,22740.979501035,2.930002665380016,7.6500000432133675,2.9939983505755663,2.5459994503762573,1.1519987310748547,17.27199924062006,0,0
2521,object,22741.024502905,3.2990028557833284,7.422997441608459,2.9220027499832213,2.3899992811493576,0.9969990060199052,17.03100133454427,0,0
2522,object,22741.069342216,1.4219986042007804,6.046000635251403,1.901000359794125,1.7290003597736359,0.7349990482907742,11.832999007310718,0,0
2523,object,22741.114362766,2.692002453841269,6.931000825716183,3.0179980967659503,2.191001840401441,0.9369978215545416,15.769001038279384,0,0
2524,object,22741.159446111,2.6620000426191837,8.50600190460682,3.1659983505960554,2.426000719424337,1.1169977369718254,17.87699875421822,0,0
2525,object,22741.204638694,1.7880011000670493,5.670000973623246,2.5219997041858733,1.9149993022438139,0.8009992598090321,12.696000339929014,0,0
2526,object,22741.249496832,2.468001184752211,6.415000825654715,2.625998604344204,2.3809989215806127,1.0090006981045008,14.899000234436244,0,0
2527,object,22741.294529727,3.3999967854470015,7.913000445114449,2.893000782933086,2.183001925004646,1.14399881567806,17.532998754177243,0,0
2528,object,22741.339391538,2.472999767633155,7.433998689521104,2.4430009943898767,2.0090010366402566,1.2019991117995232,15.560999599983916,0,0
2529,object,22741.384589483,3.5289995139464736,8.393999451072887,2.859000233002007,2.3889988369774073,1.1420015653129667,18.31299960031174,0,0
2530,object,22741.429433349,3.0289993446785957,7.414000720018521,2.877000952139497,2.109998604282737,1.0120020306203514,16.4420016517397,0,0
2531,object,22741.474395195,2.2089989215601236,7.919999916339293,2.755001332843676,2.1409978216979653,0.7940034265629947,15.819001419004053,0,0
2532,object,22741.519323171,2.1129999367985874,5.106001481181011,1.8239989003632218,1.543998223496601,0.5690017133019865,11.156000255141407,0,0
2533,object,22741.5645908,3.369998012203723,7.922000804683194,3.1090021366253495,2.378998033236712,1.3070020941086113,18.08700108085759,0,0
2534,object,22741.609423689,3.177003236487508,7.593996997456998,3.039000148419291,2.3360007617156953,1.3179997040424496,17.46400084812194,0,0
2535,object,22741.654783359,3.601999196689576,8.538998372387141,3.2660027500241995,2.7079986466560513,1.1400006769690663,19.254999642726034,0,0
2536,object,22741.699507156,2.701999619603157,6.965998181840405,2.610002411529422,2.320997737115249,0.9790019248612225,15.577999874949455,0,0
2537,object,22741.744552861,3.188997652614489,7.841001206543297,2.677999873412773,2.0850020518992096,1.1699994502123445,16.963000234682113,0,0
2538,object,22741.78957055,3.482997271930799,7.193000783445314,2.849999873433262,2.083001163555309,1.3079989003017545,16.916997992666438,0,0
2539,object,22741.834435572,3.2850002753548324,8.151000656653196,2.7239984774496406,2.0930019672960043,1.014999725157395,17.268001101911068,0,0
2540,object,22741.879509438,2.4789987946860492,7.485999958589673,2.791002771118656,2.071999915642664,1.047999830916524,15.876001270953566,0,0
2541,object,22741.924485758,3.5939992812927812,9.625000529922545,3.7569989217445254,2.868000592570752,1.2450000212993473,21.08899934682995,0,0
2542,object,22741.969596114,2.93600169243291,8.31199940876104,3.0090013751760125,2.696000592550263,1.0349976946599782,17.988000763580203,0,0
2543,object,22742.014529331,3.2239986467175186,7.460999768227339,2.5049994292203337,2.1129999367985874,1.1449992598500103,16.44799704081379,0,0
2544,object,22742.059457449,2.9719994927290827,8.048002200666815,2.7850001060869545,2.196000423282385,1.0129988368134946,17.01400105957873,0,0
2545,object,22742.104603723,4.273999365977943,11.004998668795452,3.3140022424049675,2.534998202463612,1.7070015019271523,22.834999981569126,0,0
2546,object,22742.149473966,2.8699978429358453,7.70599945099093,3.082001057919115,2.306001988472417,0.9359973773825914,16.8999977177009,0,0
2547,object,22742.194453456,3.5140001273248345,7.865000952733681,2.9609982448164374,2.277000021422282,1.119002263294533,17.736001609591767,0,0
2548,object,22742.239481141,2.7030000637751073,7.571998139610514,2.821001544361934,2.221000613644719,1.2279997463338077,16.545000107726082,0,0
2549,object,22742.284572123,3.059998562093824,7.017002644715831,2.6339985197409987,2.616001438582316,1.02400008472614,16.35100124985911,0,0
2550,object,22742.329470475,2.839999069692567,6.774000212317333,2.5480003387201577,2.119999408023432,0.9350005711894482,15.216999599942937,0,0
2551,object,22742.374543616,3.3320029615424573,7.768998329993337,2.7149981178808957,2.448003215249628,1.0499970812816173,17.313999705947936,0,0
2552,object,22742.419611255,2.6659981813281775,7.70599945099093,2.9860020731575787,2.3809989215806127,0.9370014595333487,16.676000086590648,0,0
2553,object,22742.46450355,2.893000782933086,7.896000170148909,3.0009978218004107,2.20600122702308,1.3360004231799394,17.332000425085425,0,0
2554,object,22742.509437095,3.1000017770566046,7.6169999374542385,2.529999619582668,2.1509986254386604,1.0040021152235568,16.40200207475573,0,0
2555,object,22742.554748552,3.1859999580774456,8.661001629661769,3.030996595043689,2.5380031729582697,0.9889990906231105,18.405000446364284,0,0
2556,object,22742.599767649,4.035999154439196,13.051001587882638,3.574998117983341,2.7850001060869545,1.2839991541113704,24.7309981205035,0,0
2557,object,22742.644568968,3.020999429281801,8.113998774206266,2.6570014597382396,2.3190004867501557,1.0250005288980901,17.136000678874552,0,0
2558,object,22742.689461425,3.121000190731138,7.692997314734384,2.682001650100574,2.0669976947829127,1.1950032785534859,16.758000128902495,0,0
2559,object,22742.734583144,3.502998879412189,8.704002539161593,2.9650000215042382,2.6419984351377934,1.0740004654508084,18.888000340666622,0,0
2560,object,22742.779466368,2.950000634882599,6.68099892209284,2.5939989427570254,2.377000782871619,0.9729992598295212,15.574998542433605,0,0
2561,object,22742.824440219,4.312001692596823,9.262999810744077,2.6220004656352103,2.901997504523024,1.2400014384184033,20.339000911917537,0,0
2562,object,22742.869597097,3.3659998734947294,7.923001248855144,2.9189977794885635,2.696000592550263,1.186999725177884,18.090999219566584,0,0
2563,object,22742.914486153,3.03499837173149,6.849000783404335,2.788001438602805,2.086999302264303,0.9930008673109114,15.752000763313845,0,0
2564,object,22742.959579216,3.2710013329051435,7.7980002970434725,3.368997568031773,2.474000211805105,1.0309995559509844,17.94299896573648,0,0
2565,object,22743.004366309,2.6410016289446503,6.07099718763493,2.3050015443004668,2.4369983293581754,0.929001544136554,14.383000234374776,0,0
2566,object,22743.049552357,3.268000000389293,7.598002412123606,2.7419991965871304,2.2899985197000206,1.2090022210031748,17.107002349803224,0,0
2567,object,22743.094427965,2.61999957729131,7.033999281702563,2.387001586612314,2.5609988369978964,0.9280010999646038,15.530000382568687,0,0
2568,object,22743.139484089,2.7660025807563215,8.17399995867163,2.815999323502183,2.1550004021264613,1.047999830916524,16.95900209597312,0,0
2569,object,22743.184585659,3.249999281251803,7.637998351128772,2.6800007617566735,2.1800005924887955,0.9870018402580172,16.73500082688406,0,0
2570,object,22743.22947971,3.0939991120249033,6.494999979622662,2.6650013751350343,2.3280008463189006,1.0259973350912333,15.607998648192734,0,0
2571,object,22743.274513184,2.8570029826369137,7.746999472146854,2.9330003599170595,2.320997737115249,0.948002707445994,16.80600325926207,0,0
2572,object,22743.319707885,3.588000254239887,8.687002264196053,3.2909993024077266,2.4129985831677914,1.267999323317781,19.24699972732924,0,0
2573,object,22743.364606156,3.474000550340861,8.267001248896122,3.0049995984882116,2.3809989215806127,1.3370008673518896,18.464001186657697,0,0
2574,object,22743.409474926,3.3559990697540343,7.799000741215423,3.020999429281801,2.1410014596767724,1.5469995560124516,17.864000255940482,0,0
2575,object,22743.454605413,3.4580007195472717,7.716000254731625,2.7419991965871304,2.377000782871619,1.086998963728547,17.379999917466193,0,0
2576,object,22743.499418412,2.9859984351787716,6.804999429732561,2.5790031941141933,2.314998710062355,0.9789982868824154,15.663998055970296,0,0
2577,object,22743.544495983,3.512002876959741,8.186998456949368,2.8659997042268515,2.7790010790340602,1.052998413797468,18.39700053096749,0,0
2578,object,22743.589486107,3.5199991543777287,7.293998351087794,2.6750021788757294,2.6790003175847232,1.0090006981045008,17.177000700030476,0,0
2579,object,22743.634430324,2.6669986255001277,7.581002137158066,2.892000338761136,2.4999972083605826,0.9460018191020936,16.586000128882006,0,0
2580,object,22743.679508019,3.512002876959741,7.724996976321563,2.81500251730904,2.630000381032005,1.0299991117790341,17.712001863401383,0,0
2581,object,22743.724445719,2.868000592570752,7.988001016201451,2.8229987947270274,2.1220002963673323,0.9690011211205274,16.77000182098709,0,0
2582,object,22743.769561937,3.417000698391348,8.040999091463163,3.021003067260608,2.1719970391131938,1.2060008884873241,17.857000784715638,0,0
2583,object,22743.81450545,3.120003384537995,8.24299786472693,3.068998921662569,2.340002538403496,1.0709991329349577,17.84300184226595,0,0
2584,object,22743.859549668,3.3720025385264307,7.643997378181666,3.040000592591241,2.3419997887685895,1.4430006558541209,17.841000953922048,0,0
2585,object,22743.90437696,3.083001502091065,6.790000043110922,2.7999994927085936,2.544999006204307,0.957999873207882,16.17599991732277,0,0
2586,object,22743.949576701,3.2289972295984626,7.608003215864301,2.754997694864869,2.22500239033252,1.0669973562471569,16.88399788690731,0,0
2587,object,22743.994626462,3.244997060392052,7.958002242958173,2.9570001061074436,2.697001036722213,1.0650001058820635,17.922000552061945,0,0
2588,object,22744.039475866,2.2089989215601236,6.848000339232385,2.9699986043851823,1.8800019461195916,0.9520008461549878,14.85900065745227,0,0
2589,object,22744.084528445,2.8649992600549012,7.596001523779705,2.8769973141606897,2.7520000003278255,0.9830000635702163,17.072998161893338,0,0
2590,object,22744.129441105,3.144999936921522,7.553000614279881,2.8699978429358453,2.1039995772298425,0.9680006769485772,16.639998648315668,0,0
2591,object,22744.17428406,1.7599995771888644,4.153000190854073,1.8129976524505764,0.9850009519141167,0.5229994712863117,9.233997843693942,0,0
2592,object,22744.219533305,2.848999429261312,7.6309988799039274,3.021999873453751,2.201002644142136,1.000997144728899,16.703997971490026,0,0
2593,object,22744.264543077,3.2410025596618652,7.836999429855496,2.749999111983925,2.314998710062355,1.2350028555374593,17.3780026671011,0,0
2594,object,22744.309424084,3.059001755900681,7.584996637888253,2.987002517329529,2.434997441014275,1.0120020306203514,17.07800038275309,0,0
2595,object,22744.354482727,2.4080000002868474,7.576996722491458,3.0100018193479627,2.3169995984062552,1.0309995559509844,16.342997696483508,0,0
2596,object,22744.399462562,3.3050018828362226,7.827999070286751,3.0650007829535753,2.5569970603100955,1.0280018614139408,17.783000657800585,0,0
2597,object,22744.444548515,2.887001755880192,7.595997885800898,2.9460024961736053,2.3029970179777592,0.9830000635702163,16.71499921940267,0,0
2598,object,22744.489521085,3.2229982025455683,8.449002052657306,3.148998075630516,2.140001015504822,1.3360004231799394,18.296999769518152,0,0
2599,object,22744.534509834,2.9750008252449334,7.175000064307824,2.6460002118255943,2.3769971448928118,1.0550029401201755,16.22800118639134,0,0
2600,object,22744.579451283,2.1560008462984115,6.782000127714127,2.505999873392284,2.1129999367985874,0.9590003173798323,14.516001101583242,0,0
2601,object,22744.624253071,1.9100007193628699,3.754998033400625,1.5069999790284783,1.0069998097606003,0.5030015017837286,8.682000043336302,0,0
2602,object,22744.669380329,2.0180013962090015,3.7440004234667867,1.2349992175586522,0.9709983714856207,0.8600000001024455,8.827999408822507,0,0
2603,object,22744.714251183,1.9710023480001837,3.621997166192159,1.105003320844844,0.8809984137769789,0.4889989213552326,8.068000170169398,0,0
2604,object,22744.759251727,1.372001861454919,3.4799995773937553,1.0020012268796563,0.8690003596711904,0.7159978849813342,7.439000910380855,0,0
2605,object,22744.80446012,2.0279985619708896,5.365000106394291,1.9399994926061481,1.462998625356704,1.0969997674692422,11.892996553797275,0,0
2606,object,22744.849446143,2.8270005714148283,7.424001523759216,2.583001332823187,2.0949992176610976,1.1640004231594503,16.09300306881778,0,0
2607,object,22744.894453951,2.450000465614721,7.075999747030437,2.5519984774291515,2.30699879466556,1.0660005500540137,15.450998034793884,0,0
2608,object,22744.939440721,3.1280032999347895,7.558999641332775,2.6999987312592566,2.4559994926676154,1.0270014172419906,16.870002582436427,0,0
2609,object,22744.984622093,3.116998414043337,7.893999281805009,3.036002453882247,2.5379995349794626,1.0589974408503622,17.643997125560418,0,0
2610,object,22745.029365633,2.8989998099859804,6.980000762268901,2.806998963933438,2.2890017135068774,1.0129988368134946,15.988000086508691,0,0
2611,object,22745.074469172,3.0760020308662206,7.359998562606052,3.0379997042473406,2.6750021788757294,1.0359981388319284,17.18500061542727,0,0
2612,object,22745.119479125,3.273999027442187,7.7599979704245925,2.944001607829705,2.315999154234305,1.4479992387350649,17.741996998665854,0,0
2613,object,22745.16443655,3.068002115469426,8.031998731894419,2.983000740641728,2.534998202463612,1.0700023267418146,17.688002117211,0,0
2614,object,22745.209460926,2.7570022211875767,7.3880000854842365,2.531000063754618,2.315999154234305,1.2300006346777081,16.222002159338444,0,0
2615,object,22745.254444019,3.692999598570168,10.464002116350457,4.1620005504228175,3.158998879371211,1.3659991964232177,22.84400034113787,0,0
2616,object,22745.299552901,2.9270013328641653,6.952999683562666,2.745997335296124,2.1000014385208488,1.1500014807097614,15.876001270953566,0,0
2617,object,22745.344384873,3.0050032364670187,7.063998054945841,2.958000550279394,2.209999365732074,1.1789998097810894,16.416001017205417,0,0
2618,object,22745.38940377,2.9990005714353174,6.853999366285279,2.5179979274980724,2.3600005079060793,0.9979994501918554,15.728997823316604,0,0
2619,object,22745.434337214,2.2419990273192525,7.1690010372549295,2.7710011636372656,2.272998244734481,0.9680006769485772,15.423000149894506,0,0
2620,object,22745.479434431,2.101001882692799,7.045997335808352,2.81600296148099,2.0859988580923527,0.995998561847955,15.044999599922448,0,0
2621,object,22745.524451314,3.1520030461251736,6.736998329870403,2.435001078993082,2.4889995984267443,0.9059986041393131,15.719000657554716,0,0
2622,object,22745.569348048,2.5240005925297737,6.40299913357012,2.6220004656352103,2.100998244713992,0.9840005077421665,14.633998944191262,0,0
2623,object,22745.614394673,2.458000381011516,7.9599994933232665,2.8329995984677225,2.2989988792687654,0.9329996828455478,16.482998034916818,0,0
2624,object,22745.659413641,2.6230009098071605,6.938000296941027,3.002001903951168,2.187996869906783,1.1400006769690663,15.891000657575205,0,0
2625,object,22745.704592104,3.6530000215861946,10.843999916687608,3.773999196710065,3.0100018193479627,1.467997208237648,22.748998162569478,0,0
2626,object,22745.749564093,3.1000017770566046,7.046997779980302,2.6230009098071605,2.3550019250251353,1.1699994502123445,16.295001842081547,0,0
2627,object,22745.794437111,2.745000529102981,6.645001121796668,2.61999957729131,2.076998498523608,1.0160001693293452,15.102999896043912,0,0
2628,object,22745.839412894,3.0470000638160855,6.080997991375625,2.3860011424403638,2.338998456252739,0.9399991540703923,14.792996807955205,0,0
2629,object,22745.884419456,2.615000994410366,7.526999979745597,2.6079978852067143,2.196000423282385,0.9780014806892723,15.924000763334334,0,0
2630,object,22745.929425783,2.6560010155662894,7.795999408699572,2.8129979909863323,2.3370012058876455,1.010001142276451,16.61200076341629,0,0
2631,object,22745.97441468,3.254001057939604,8.128998160827905,2.5619992811698467,2.2500025806948543,1.1949996405746788,17.39000072120689,0,0
2632,object,22746.019455221,2.5949993869289756,6.550999387400225,2.797998604364693,2.4809996830299497,0.9540017344988883,15.378998796222731,0,0
2633,object,22746.064441541,3.420002030907199,7.285998435690999,2.5430017558392137,2.143999154213816,1.0229996405541897,16.416001017205417,0,0
2634,object,22746.109473611,2.89799936581403,7.493999873986468,2.901000698329881,2.8480026230681688,1.02400008472614,17.165002645924687,0,0
2635,object,22746.154448612,2.906999725382775,7.235001248773187,2.934997610282153,2.2790009097661823,1.2130003597121686,16.568999853916466,0,0
2636,object,22746.199340775,2.415999915683642,5.427998985396698,1.7470010789111257,1.2179989425931126,0.5830006557516754,11.391999578336254,0,0
2637,object,22746.244440704,2.8989998099859804,6.153000867925584,2.9950024327263236,2.233999111922458,0.9590003173798323,15.240002539940178,0,0
2638,object,22746.289447835,3.492001269478351,8.039998647291213,3.050001396331936,2.116001269314438,1.2759992387145758,17.974001821130514,0,0
2639,object,22746.334498023,8.843999239616096,6.817001121817157,2.568001946201548,2.262997440993786,1.2759992387145758,21.767998987343162,0,0
2640,object,22746.379528373,2.2140011424198747,7.72500061430037,2.654996933415532,1.9570034055504948,1.0459989425726235,15.597001038258895,0,0
2641,object,22746.424500454,2.6800007617566735,6.338999810395762,2.692999260034412,1.9750004867091775,1.0350013326387852,14.72200165153481,0,0
2642,object,22746.469636341,6.8879999162163585,16.997000784613192,5.442998372018337,3.8670004869345576,1.953998435055837,35.14899799483828,0,0
2643,object,22746.51455831,3.2950010790955275,7.377999281743541,2.449000021442771,2.0740008039865643,0.9550021786708385,16.151003364939243,0,0
2644,object,22746.559446777,3.0510018405038863,7.365000783465803,2.9859984351787716,2.5789995561353862,1.020001946017146,17.001002561300993,0,0
2645,object,22746.604446785,3.3319993235636503,7.505001121899113,2.9959992389194667,2.6759989850688726,1.0600015230011195,17.569000192452222,0,0
2646,object,22746.649485148,3.0910014174878597,7.141999958548695,2.3520005925092846,2.053999196505174,0.986001396086067,15.62500256113708,0,0
2647,object,22746.694386023,2.5190020096488297,7.086000550771132,2.648997906362638,2.2519998310599476,1.2860000424552709,15.792000340297818,0,0
2648,object,22746.739494991,3.082997864112258,7.819999154889956,2.7610003598965704,2.035001671174541,1.2749987945426255,16.97399784461595,0,0
2649,object,22746.784489388,2.6900015654973686,6.2969993450678885,2.082000719383359,1.7339989426545799,0.8409988367930055,13.643999409396201,0,0
2650,object,22746.829536637,3.3180003811139613,8.76600097399205,3.0719966161996126,2.1040032152086496,0.9729992598295212,18.233000446343794,0,0
2651,object,22746.874500175,3.026001650141552,7.159000233514234,2.4559994926676154,2.4410001060459763,1.1019983503501862,16.183999832719564,0,0
2652,object,22746.919388358,1.938999048434198,4.692999937105924,1.4079996617510915,1.6640005924273282,0.6869995559100062,10.390998795628548,0,0
2653,object,22746.964808736,5.904999852646142,12.67400148208253,7.197999366326258,2.631000825203955,1.5529985830653459,29.96100010932423,0,0
2654,object,22747.009327466,2.04800016945228,5.179001163924113,1.730000803945586,1.2689997674897313,1.1319971235934645,11.357999028405175,0,0
2655,object,22747.054250651,1.3760000001639128,3.7329991755541414,1.45800004247576,0.9600007615517825,0.5139991117175668,8.040999091463163,0,0
2656,object,22747.099397768,2.4029977794270962,7.079001079546288,2.3550019250251353,1.800999598344788,0.8399983926210552,14.477998774964362,0,0
2657,object,22747.144682951,3.5660013963934034,9.086001227842644,2.9379989427980036,2.62100002146326,1.0080002539325505,19.21900184242986,0,0
2658,object,22747.189446966,3.2099997042678297,7.810001989128068,2.939999831141904,2.2709973563905805,1.4060024113859981,17.63700129231438,0,0
2659,object,22747.234451648,2.983000740641728,7.417998858727515,2.6999987312592566,2.3860011424403638,0.9229988791048527,16.409998352173716,0,0
2660,object,22747.279511173,2.6339985197409987,7.376002031378448,2.74099875241518,2.2319982235785574,0.9630020940676332,15.945999621180817,0,0
2661,object,22747.324532406,2.663000486791134,7.2929979069158435,2.406999556114897,2.152999513782561,1.1840020306408405,15.699999494245276,0,0
2662,object,22747.369485732,3.0749979487154633,6.526002835016698,2.5859990273602307,1.901000359794125,0.8919996616896242,14.97999983257614,0,0
2663,object,22747.414748767,4.23500023316592,10.813997505465522,3.4860022424254566,2.9479997465386987,1.167998561868444,22.65099828946404,0,0
2664,object,22747.459252899,1.3880016922485083,3.4939985198434442,1.0469993867445737,0.8759998308960348,0.7250018825288862,7.530001312261447,0,0
2665,object,22747.504234531,1.4470024325419217,3.5569973988458514,1.0990006558131427,0.8520000847056508,0.7310009095817804,7.686001481488347,0,0
2666,object,22747.549373716,2.1269988792482764,6.882000889163464,2.906999725382775,1.534001057734713,0.6170012056827545,14.067001757211983,0,0
2667,object,22747.594580522,2.60199885815382,6.399000994861126,2.06700133276172,1.3309982023201883,0.7790004019625485,13.177999790059403,0,0
2668,object,22747.639273032,2.0080005924683064,3.577999450499192,1.1419979273341596,4.522000381257385,0.48200308810919523,11.732001439668238,0,0
2669,object,22747.684232527,1.5170007827691734,3.5329976526554674,1.158001396106556,1.2969976523891091,0.4260000423528254,7.930997526273131,0,0
2670,object,22747.729577757,7.590999302919954,14.003999240230769,2.7470014174468815,3.3149990485981107,2.3180000425782055,29.97499905177392,0,0
2671,object,22747.774294258,1.9139988580718637,5.810001312056556,2.0279985619708896,1.787000655895099,0.6640002538915724,12.202999641885981,0,0
2672,object,22747.819457923,2.8100002964492887,9.786999726202339,3.4379991120658815,2.134001988451928,1.2130003597121686,19.382001482881606,0,0
2673,object,22747.864294236,1.6990015865303576,4.582998371915892,1.6120029613375664,1.1829979484900832,0.5969995982013643,9.674000466475263,0,0
2674,object,22747.909290674,1.8239989003632218,4.583002009894699,1.333999534836039,1.1140000424347818,0.47699722927063704,9.331997716799378,0,0
2675,object,22747.95449911,3.2009993446990848,6.258000212255865,2.4139990273397416,2.106000465573743,0.8620008884463459,14.84099993831478,0,0
2676,object,22747.999343026,1.9270009943284094,5.183999746805057,1.815998984966427,1.4170000213198364,1.1510019248817116,11.495001672301441,0,0
2677,object,22748.044393789,2.44499824475497,5.709000106435269,2.0320003386586905,1.43899887916632,0.7449998520314693,12.369997421046719,0,0
2678,object,22748.08930191,1.8419996195007116,5.056001100456342,1.700998836895451,1.1140000424347818,0.5229994712863117,10.235999070573598,0,0
2679,object,22748.134382164,2.4719993234612048,6.7210021370556206,2.811997546814382,1.881999196484685,0.990999978967011,14.877998182782903,0,0
2680,object,22748.179580487,3.2049974834080786,8.302002242999151,2.8859976737294346,2.2599997464567423,1.0130024747923017,17.66599962138571,0,0
2681,object,22748.22446165,2.7320020308252424,7.38899689167738,2.7890018827747554,2.119999408023432,1.191001501865685,16.221001715166494,0,0
2682,object,22748.269554832,3.2200005080085248,7.241000275826082,2.6369998522568494,2.1790001483168453,0.9849973139353096,16.26199809834361,0,0
2683,object,22748.314446794,3.3899996196851134,7.58500027586706,3.116001607850194,2.2280000848695636,1.033997250488028,17.35299883875996,0,0
2684,object,22748.359393804,2.577999111963436,6.932001269888133,2.8280010155867785,2.0570005290210247,0.9429968486074358,15.337998775066808,0,0
2685,object,22748.404559615,3.727000148501247,9.306000720243901,2.8840004233643413,2.2999993234407157,1.082000380847603,19.299000996397808,0,0
2686,object,22748.449464799,2.859000233002007,6.499998562503606,2.5940025807358325,2.3079992388375103,0.9940013114828616,15.255001926561818,0,0
2687,object,22748.494483754,3.198001650162041,7.056998583720997,3.1750023481436074,2.115997631335631,1.3620010577142239,16.9080012710765,0,0
2688,object,22748.539536234,3.2410025596618652,10.04799923975952,3.746001311810687,2.6959969545714557,1.2090022210031748,20.940002286806703,0,0
2689,object,22748.584420367,2.7080022846348584,7.308997737709433,2.6270026864949614,1.9759972929023206,1.4130018826108426,16.033001884352416,0,0
2690,object,22748.629622552,2.631000825203955,7.661001291126013,2.862998371711001,2.0500010577961802,1.1689990060403943,16.374000551877543,0,0
2691,object,22748.674298848,1.6650010365992785,4.0479972085449845,1.5969999367371202,1.091000740416348,0.5420006345957518,8.942999556893483,0,0
2692,object,22748.719328136,2.438999217702076,5.97200050833635,2.0890001906082034,1.448999682907015,1.0309995559509844,12.979999155504629,0,0
2693,object,22748.764430789,2.8709982871077955,7.800001185387373,2.7989990485366434,2.197000867454335,1.038999471347779,16.705998859833926,0,0
2694,object,22748.809518484,2.9230031941551715,7.085996912792325,2.587003109510988,2.5379995349794626,1.0379990271758288,16.172001778613776,0,0
2695,object,22748.854665033,3.3280011848546565,8.617000275989994,3.3629985409788787,2.643999323481694,1.0310031939297915,18.983002519235015,0,0
2696,object,22748.899585467,3.2040006772149354,7.680999260628596,2.7429996407590806,2.649001544341445,1.0879994079004973,17.365000530844554,0,0
2697,object,22748.944578442,2.9470029403455555,8.330996934091672,3.0180017347447574,2.3760003386996686,1.119999069487676,17.79200101736933,0,0
2698,object,22748.989428903,2.710999979171902,8.113998774206266,3.0669980333186686,2.3500033421441913,1.6079975466709584,17.849997675511986,0,0
2699,object,22749.034542238,3.1769995985087007,7.385999197140336,2.7649984986055642,2.749002305790782,1.0219991963822395,17.098998796427622,0,0
2700,object,22749.079512472,2.5860026653390378,7.406997610814869,2.5360022846143693,2.163997123716399,1.0700023267418146,15.76300201122649,0,0
2701,object,22749.124590566,2.901000698329881,7.145998097257689,2.692002453841269,2.525997842894867,1.0700023267418146,16.33500141906552,0,0
2702,object,22749.169431759,7.3310002335347235,6.947000656509772,3.120996552752331,2.649001544341445,1.104999682866037,21.15299867000431,0,0
2703,object,22749.214406431,3.0470000638160855,7.786999049130827,2.730997948674485,2.210003003710881,1.0999974620062858,16.874997527338564,0,0
2704,object,22749.259719513,3.1269992177840322,7.276001269929111,3.131000994471833,2.111999492626637,1.3859971659258008,17.031998140737414,0,0
2705,object,22749.30477608,3.324999852338806,7.744998583802953,3.2670031941961497,2.1790001483168453,1.3119970390107483,17.827998817665502,0,0
2706,object,22749.349387395,2.439999661874026,6.97699942975305,3.007000486832112,2.2180029191076756,1.3609969755634665,16.00299947313033,0,0
2707,object,22749.394447665,2.586999471532181,7.2260008892044425,2.6609995984472334,2.0900006347801536,1.3360004231799394,15.90000101714395,0,0
2708,object,22749.439472924,3.2959978852886707,7.972001185407862,2.8049980755895376,2.1750020096078515,1.2060008884873241,17.454000044381246,0,0
2709,object,22749.484423834,2.7749993023462594,7.474998710677028,3.058001311728731,2.329001290490851,1.2259988579899073,16.862999473232776,0,0
2710,object,22749.529555926,2.9559996619354934,7.465998351108283,2.550001227064058,2.1849991753697395,1.1650008673314005,16.321999282808974,0,0
2711,object,22749.574457618,2.8860013117082417,7.144997653085738,2.7620008040685207,2.477998350514099,0.9989998943638057,16.269998013740405,0,0
2712,object,22749.619783511,3.598001057980582,12.08300091093406,4.521996743278578,3.4220029192510992,1.362997863907367,24.987999495351687,0,0
2713,object,22749.664265506,1.9750004867091775,3.3130017982330173,1.3360004231799394,0.8819988579489291,0.4940011422149837,8.000002708286047,0,0
2714,object,22749.709224978,1.3780008885078132,3.282999387010932,1.1379997886251658,0.8150018402375281,0.7669987098779529,7.381000614259392,0,0
2715,object,22749.754351808,1.9980034267064184,5.732999852625653,1.9429971871431917,1.4659999578725547,0.6580012268386781,11.798001651186496,0,0
2716,object,22749.799299128,2.140001015504822,4.16099646827206,1.3320022844709456,1.543998223496601,0.5220026650931686,9.699000656837597,0,0
2717,object,22749.844248413,1.7800011846702546,3.1509989639744163,1.4750003174412996,0.8400020305998623,0.4569992597680539,7.703001756453887,0,0
2718,object,22749.889369269,1.7899983504321426,4.368001100374386,1.830001565394923,1.0709991329349577,0.6869995559100062,9.745999705046415,0,0
2719,object,22749.934476463,3.426001057960093,7.70699989516288,2.892000338761136,12.90899672312662,1.5730001905467361,28.506998205557466,0,0
2720,object,22749.979442652,2.8710019250866026,7.514998287661001,2.8610011213459074,2.2899985197000206,1.0260009730700403,16.563000826863572,0,0
2721,object,22750.024829172,4.877998435404152,12.197000614833087,4.654000804293901,3.596996975829825,1.2700002116616815,26.595997042022645,0,0
2722,object,22750.069462726,3.1469971872866154,7.74200088926591,2.859000233002007,2.2790009097661823,1.2519994925241917,17.278998711844906,0,0
2723,object,22750.114408625,2.611999661894515,6.987000233493745,2.7030000637751073,2.077002136502415,0.9260002116207033,15.305002307286486,0,0
2724,object,22750.159533271,3.441000444581732,7.303002348635346,3.1559975468553603,1.9370017980691046,0.9760005923453718,16.813002730486915,0,0
2725,object,22750.204441051,2.849999873433262,7.671002094866708,3.1130002753343433,2.4699984351173043,1.04300124803558,17.147001926787198,0,0
2726,object,22750.249637879,4.39200084656477,13.750999642070383,3.755001671379432,3.239998477511108,1.3140015653334558,26.45200220285915,0,0
2727,object,22750.29452416,3.07300069835037,7.826998626114801,2.845001290552318,2.564000169513747,0.9850009519141167,17.294001736445352,0,0
2728,object,22750.339685035,3.107001248281449,8.167000487446785,2.6859997888095677,2.77700019069016,0.9899995347950608,17.727001250023022,0,0
2729,object,22750.384500239,3.2949974411167204,8.381000952795148,3.139000909868628,2.3719985620118678,1.0730000212788582,18.259997887071222,0,0
2730,object,22750.429497799,2.855002094293013,7.357997674262151,2.996999683091417,2.4479995772708207,0.990999978967011,16.648999007884413,0,0
2731,object,22750.474448354,2.801996743073687,8.001003152457997,2.781998773571104,2.4369983293581754,1.0800031304825097,17.102000128943473,0,0
2732,object,22750.519475501,3.3619980968069285,7.729999197181314,3.3190008252859116,2.2470012481790036,1.1619995348155499,17.819998902268708,0,0
2733,object,22750.56437245,2.2719978005625308,6.905000191181898,2.535001840442419,2.0599982235580683,0.9610012057237327,14.732999261468649,0,0
2734,object,22750.609502338,2.939999831141904,6.7879991547670215,2.6320012693759054,2.1279993234202266,1.2460004654712975,15.734000044176355,0,0
2735,object,22750.6544394,3.507997462293133,5.915000656386837,2.5800000003073364,2.401000529062003,1.0510011634323746,15.454999811481684,0,0
2736,object,22750.699273995,2.1029991330578923,4.695000825449824,1.6890007827896625,1.209999027196318,0.5389993020799011,10.235999070573598,0,0
2737,object,22750.74442142,3.0330011213663965,7.84199801273644,3.336001100251451,2.4900000425986946,1.1650008673314005,17.866001144284382,0,0
2738,object,22750.789505565,3.4379991120658815,10.071998985949904,3.679000656120479,2.9180009732954204,1.3309982023201883,21.437997929751873,0,0
2739,object,22750.834559536,3.288998414063826,9.814000804908574,3.659999492811039,2.529999619582668,0.9970026439987123,20.29000097536482,0,0
2740,object,22750.879599038,3.1720010156277567,7.852999260649085,2.731001586653292,2.3899992811493576,1.0549993021413684,17.20100044622086,0,0
2741,object,22750.924403807,2.820001100189984,7.116999768186361,2.7370006137061864,2.02899900614284,1.1949996405746788,15.89800012880005,0,0
2742,object,22750.969670661,3.8100006349850446,10.992996976710856,4.371002432890236,2.8049980755895376,1.3320022844709456,23.31100040464662,0,0
2743,object,22751.014416151,2.6380002964287996,7.385999197140336,3.059001755900681,2.2269996406976134,1.0039984772447497,16.31399936741218,0,0
2744,object,22751.059525926,2.9180009732954204,9.457999112783,3.335000656079501,3.301996912341565,1.5670011634938419,20.579998817993328,0,0
2745,object,22751.104482067,3.155000740662217,7.70699989516288,2.7050009521190077,2.2189997253008187,1.0309995559509844,16.81700086919591,0,0
2746,object,22751.149362543,1.615997462067753,4.4670014176517725,1.7429993022233248,1.0379990271758288,0.5880028766114265,9.452000085730106,0,0
2747,object,22751.194385033,7.163002010202035,9.87299790722318,2.635999408084899,2.8330032364465296,0.5169968062546104,23.021999368211254,0,0
2748,object,22751.239625558,3.288001607870683,9.78900061454624,13.250999472802505,1.972999598365277,1.2329983292147517,29.533999622799456,0,0
2749,object,22751.284397117,2.091997885145247,6.776001100661233,2.177999704144895,1.7240017768926919,0.6219997885636985,13.392000255407766,0,0
2750,object,22751.329541969,3.1989984563551843,7.480000931536779,2.7099995349999517,2.272001438541338,1.1039992386940867,16.76499960012734,0,0
2751,object,22751.374406681,2.848999429261312,6.427999323932454,2.7760033844970167,2.052998752333224,0.8649985829833895,14.970999473007396,0,0
2752,object,22751.419671674,2.853998012142256,7.751001248834655,3.534998540999368,2.692002453841269,1.1499978427309543,17.9819980985485,0,0
2753,object,22751.464485997,2.740001946222037,9.217998012900352,4.25500184064731,2.7099995349999517,1.257998519577086,20.180999854346737,0,0
2754,object,22751.509534945,2.993001544382423,6.965001375647262,2.559998392825946,2.4699984351173043,1.0780022421386093,16.066001990111545,0,0
2755,object,22751.554470058,2.515000232961029,7.2260008892044425,2.8840004233643413,2.1310006559360772,1.1259980965405703,15.88200029800646,0,0
2756,object,22751.599454031,2.8180002118460834,7.572001777589321,2.840999513864517,2.387998392805457,1.0370022209826857,16.656002117088065,0,0
2757,object,22751.644256409,2.0520019461400807,4.429999535204843,1.3919998309575021,0.8419992809649557,0.7689995982218534,9.485000191489235,0,0
2758,object,22751.689464732,2.9959992389194667,9.463001333642751,3.4519980545155704,3.050001396331936,1.353000698145479,20.314000721555203,0,0
2759,object,22751.734385539,2.1000014385208488,4.1860002966132015,1.248998160008341,0.8850001904647797,0.443000317318365,8.863000402925536,0,0
2760,object,22751.779353715,2.029002644121647,7.595997885800898,2.396001946181059,2.234999556094408,0.6929985829629004,14.949000615160912,0,0
2761,object,22751.824582498,2.8659997042268515,8.505001460434869,3.134999133180827,2.820997906383127,1.3110002328176051,18.63799843704328,0,0
2762,object,22751.869596913,3.4080003388226032,7.865000952733681,2.826000127242878,2.4760011001490057,1.1419979273341596,17.717000446282327,0,0
2763,object,22751.914460498,3.4620024962350726,8.011997124413028,2.9570001061074436,2.430002496112138,1.076998159987852,17.938000382855535,0,0
2764,object,22751.959422456,2.4889995984267443,7.839000318199396,3.0370028980541974,2.3669999791309237,1.0879994079004973,16.82000220171176,0,0
2765,object,22752.004658721,3.5729972296394408,7.637001544935629,4.018998879473656,2.6289999368600547,1.0040021152235568,18.861999706132337,0,0
2766,object,22752.049283303,1.715001417323947,3.3339965739287436,1.4770012057852,0.857999111758545,0.5080000846646726,7.891998393461108,0,0
2767,object,22752.094453715,3.3819997042883188,9.761002729646862,3.3090000215452164,2.720000338740647,1.14399881567806,20.316001609899104,0,0
2768,object,22752.139478113,3.0199989851098508,7.217000529635698,2.8030008252244443,2.238997694803402,1.1680021998472512,16.447000234620646,0,0
2769,object,22752.184435909,2.950000634882599,7.596001523779705,2.663000486791134,2.0519983081612736,1.1740012269001454,16.435002180514857,0,0
2770,object,22752.229456726,2.8419999580364674,7.525999535573646,2.61999957729131,2.3740030883345753,0.9279974619857967,16.289999621221796,0,0
2771,object,22752.274680149,3.6910023482050747,11.554999218787998,3.6950004869140685,3.8189973565749824,1.1510019248817116,23.911001335363835,0,0
2772,object,22752.319262131,1.2419986887834966,3.5820012271869928,1.1599986464716494,0.872001692187041,0.4339999577496201,7.2900002123788,0,0
2773,object,22752.364512546,2.2260028345044702,7.116999768186361,2.6759989850688726,2.2089989215601236,0.9270006557926536,15.15500116511248,0,0
2774,object,22752.409675347,5.089998012408614,15.981000615283847,3.791999915847555,2.734999725362286,2.320000930922106,29.917999199824408,0,0
2775,object,22752.454407529,2.3899992811493576,7.7120021160226315,2.8239992388989776,2.5670015020295978,1.0229996405541897,16.516001778654754,0,0
2776,object,22752.499602108,3.3629985409788787,18.52100103860721,2.882999979192391,2.4949986254796386,1.0350013326387852,28.296999516896904,0,0
2777,object,22752.544444928,2.873999619623646,7.6739997894037515,2.7790010790340602,2.643999323481694,1.0609983291942626,17.031998140737414,0,0
2778,object,22752.589565921,3.6819983506575227,10.685002052923664,4.084999090991914,3.484001354081556,1.1089978215750307,23.04499867022969,0,0
2779,object,22752.634482329,3.5040029615629464,8.049999451031908,2.744000084931031,2.291999408043921,1.0359981388319284,17.626000044401735,0,0
2780,object,22752.67943588,3.1710005714558065,7.781000022077933,2.821998350555077,2.1090017980895936,1.1779993656091392,17.06100010778755,0,0
2781,object,22752.724757348,3.997000021627173,12.210999557282776,3.887998900609091,3.353998181410134,1.2080017768312246,24.657998437760398,0,0
2782,object,22752.769471955,3.030996595043689,8.169001375790685,2.730001142481342,2.705997758312151,1.067000994225964,17.70299786585383,0,0
2783,object,22752.814502142,3.965000360039994,8.679002348799258,3.1339986890088767,2.339998900424689,1.1140000424347818,19.2320003407076,0,0
2784,object,22752.859642745,3.7710015021730214,12.722000974463299,3.1669987947680056,2.797998604364693,1.029002305585891,23.48700218135491,0,0
2785,object,22752.904443162,2.6650013751350343,7.337999704759568,2.3649990907870233,1.9620019884314388,0.8739989425521344,15.204001101665199,0,0
2786,object,22752.949369411,3.0230003176257014,6.981001206440851,2.5090012059081346,2.2709973563905805,0.8999995770864189,15.683999663451687,0,0
2787,object,22752.994460918,2.7480018616188318,6.902999302837998,2.5240005925297737,2.0549996406771243,1.2400014384184033,15.47000283608213,0,0
2788,object,22753.039394609,2.950000634882599,6.180998752824962,2.477001544320956,1.8179998733103275,0.9019968274515122,14.327997632790357,0,0
2789,object,22753.084562981,3.3559990697540343,7.544000254711136,2.631000825203955,2.4319997464772314,1.0219991963822395,16.984999092528597,0,0
2790,object,22753.129522734,2.8229987947270274,7.265000022016466,2.968998160213232,2.36300184042193,1.02400008472614,16.443998902104795,0,0
2791,object,22753.174455972,3.7200006772764027,6.804999429732561,2.736000169534236,2.721000782912597,1.034000888466835,17.016001947922632,0,0
2792,object,22753.219470987,2.5940025807358325,6.611000571865588,2.6089983293786645,2.239001332782209,0.9309987945016474,14.984001609263942,0,0
2793,object,22753.26443611,2.474000211805105,7.318001735256985,2.9990005714353174,2.314998710062355,0.9040013537742198,16.010002582333982,0,0
2794,object,22753.309534841,2.8760005079675466,6.9640009314753115,3.3229989639949054,2.134001988451928,1.086998963728547,16.38400135561824,0,0
2795,object,22753.354431447,3.2100033422466367,7.699996785959229,2.505003067199141,2.2079984773881733,1.1080010153818876,16.731002688175067,0,0
2796,object,22753.399389814,2.62100002146326,7.178001396823674,2.587999915704131,2.0309998944867402,0.9479990694671869,15.366000297944993,0,0
2797,object,22753.44447863,2.635999408084899,7.353999535553157,2.4750006559770554,2.101998688885942,1.2400014384184033,15.806999726919457,0,0
2798,object,22753.489471594,3.0949995561968535,7.01200042385608,2.6510024326853454,2.474000211805105,0.9629984560888261,16.19500108063221,0,0
2799,object,22753.534511658,2.9319999157451093,7.703001756453887,2.901000698329881,2.2659987735096365,0.9729992598295212,16.775000403868034,0,0
2800,object,22753.579511152,2.716002200031653,7.531998562626541,2.791999577311799,2.167002094211057,0.9030009096022695,16.11000334378332,0,0
2801,object,22753.624309962,1.6689991753082722,4.4670014176517725,1.6649973986204714,0.8900024113245308,0.5139991117175668,9.204999514622614,0,0
2802,object,22753.669591913,2.7419991965871304,13.233002391643822,3.4849981602746993,2.592001692391932,1.0879994079004973,23.14000084879808,0,0
2803,object,22753.714307782,4.064000677317381,7.947000995045528,2.4609980755485594,1.9549988792277873,0.7609996828250587,17.187998309964314,0,0
2804,object,22753.759420892,2.911998308263719,6.001999281579629,2.2130006982479244,2.0269981177989393,0.8420029189437628,13.995999324833974,0,0
2805,object,22753.804461097,2.434000634821132,7.235001248773187,2.7469977794680744,1.6049998521339148,0.8740025805309415,14.89500209572725,0,0
2806,object,22753.849481711,3.6230012483429164,8.761999197304249,2.8889990062452853,2.1429987100418657,1.6640005924273282,19.080998754361644,0,0
2807,object,22753.894462964,2.8790018404833972,5.734000296797603,2.1749983716290444,2.0420011423993856,0.7839989848434925,13.614000636152923,0,0
2808,object,22753.939460815,3.1080016924533993,8.283997885882854,2.712000423343852,2.592001692391932,1.0799994925037026,17.77600118657574,0,0
2809,object,22753.984468308,2.8649992600549012,7.234000804601237,2.410997694823891,2.0229999790899456,1.2460004654712975,15.778998204041272,0,0
2810,object,22754.029548751,2.7569985832087696,7.128001016099006,2.573000529082492,2.387998392805457,0.9930008673109114,15.838999388506636,0,0
2811,object,22754.074547757,2.8429967642296106,7.534003088949248,3.1429990485776216,2.3699976736679673,0.9890027286019176,16.878999304026365,0,0
2812,object,22754.119730734,3.7249992601573467,10.907999239861965,3.312001354061067,2.881999535020441,1.514999894425273,22.341999283526093,0,0
2813,object,22754.164477856,3.517001459840685,7.968999852892011,2.6659981813281775,2.4330001906491816,1.0809999366756529,17.66599962138571,0,0
2814,object,22754.20954501,2.7280002541374415,7.17300281394273,3.026998456334695,2.6369998522568494,1.0840012691915035,16.64900264586322,0,0
2815,object,22754.254507216,3.4330005291849375,8.58899875311181,3.077002475038171,2.225999196525663,1.3950011634733528,18.720002117333934,0,0
2816,object,22754.299456168,2.8760005079675466,7.274000381585211,2.5890003598760813,2.2610001906286925,1.0519979696255177,16.05199940968305,0,0
2817,object,22754.344325522,1.7799975466914475,4.336001438787207,1.8860009731724858,1.1989977792836726,0.5740002961829305,9.774998034117743,0,0
2818,object,22754.389541565,2.7610003598965704,7.081998774083331,2.793000021483749,1.9690014596562833,0.9869982022792101,15.591998817399144,0,0
2819,object,22754.434389558,2.6609995984472334,7.689002814004198,3.1809977372176945,2.1320011001080275,1.0969997674692422,16.760001017246395,0,0
2820,object,22754.479509538,3.139000909868628,7.0309979491867125,2.4600012693554163,2.2849999368190765,0.9550021786708385,15.870002243900672,0,0
2821,object,22754.524542066,2.6810012059286237,6.902999302837998,2.720000338740647,2.130000211764127,1.1999982234556228,15.633999282727018,0,0
2822,object,22754.569567086,3.040000592591241,8.446997526334599,3.1180024961940944,2.4849978217389435,1.0020012268796563,18.091999663738534,0,0
1,sign,22655.63065236,1.2490017979871482,3.635999746620655,2.1419982658699155,69.66100045247003,0.643001840217039,77.33100210316479,1,1
2,sign,22655.655301057,212.3890008078888,379.4690019276459,164.38099919469096,12.124000932089984,1.667998731136322,770.031001593452,1,1
3,sign,22655.679851163,93.5950010898523,287.8129998862278,110.96599700977094,7.113001629477367,0.8310016710311174,500.3180012863595,1,1
4,sign,22655.703549916,95.57199882692657,264.37799897394143,136.76100206794217,7.507998816436157,0.9329996828455478,505.1519983680919,1,1
5,sign,22655.726298097,43.6650007031858,136.63499703397974,47.42500095744617,3.473000106168911,0.38800135371275246,231.58600015449338,1,1
6,sign,22655.74892599,64.98500079032965,140.14599946676753,44.55000089365058,3.316999936942011,0.3589993866626173,253.3570004743524,1,1
7,sign,22655.772518419,59.53100117039867,188.9220002340153,77.0799997553695,5.173998943064362,0.643001840217039,331.35000194306485,1,1
8,sign,22655.797573638,72.73899973370135,224.80199913843535,92.9910020204261,6.185000529512763,0.8850001904647797,397.60200161254033,1,1
9,sign,22655.822500499,96.79599679657258,259.38200269592926,101.50599700864404,7.522001396864653,0.914998963708058,466.1209968617186,1,1
10,sign,22655.847856855,62.488998082699254,190.03299894393422,44.71200008993037,5.470999894896522,2.0810002752114087,304.7859972866718,1,1
11,sign,22655.871579512,36.86800118885003,99.4139991234988,31.993000447982922,2.573997335275635,0.33300239010713995,171.18200048571452,1,1
12,sign,22655.898705195,89.94000017992221,263.5080018080771,105.49400030868128,7.553997420473024,1.067000994225964,467.5630007113796,1,1
13,sign,22655.923140255,94.24400195712224,278.0129980237689,145.8590013498906,7.870999979786575,0.9270006557926536,526.914001966361,1,1
14,sign,22655.947692973,79.69899888848886,260.4360015538987,125.6989999092184,8.17299951449968,1.0160001693293452,475.02300003543496,1,1
15,sign,22655.975044266,94.58299973630346,269.35899950331077,103.40999870095402,7.009002729319036,0.9260002116207033,475.287000881508,1,1
16,sign,22656.001340988,79.49399878270924,193.83600010769442,43.70700116851367,4.436999006429687,0.25199915398843586,321.72599821933545,1,1
17,sign,22656.027091148,54.87599992193282,134.82299982570112,41.76199945504777,3.460001607891172,0.3979985194746405,235.31899933004752,1,1
18,sign,22656.054704092,82.41700197686441,295.65200020442717,122.91799794184044,7.393999112537131,0.9870018402580172,509.36800107592717,1,1
19,sign,22656.080810041,79.57100024214014,263.6600002006162,112.26499918848276,7.2020011430140585,0.8889983291737735,463.58699910342693,1,1
20,sign,22656.106788587,46.68700057663955,116.99300011969171,41.3979978475254,2.882003172999248,0.347998138749972,208.30799985560589,1,1
21,sign,22656.132665205,52.88099782774225,118.69300215039402,33.91000063857064,2.5800000003073364,0.2939996193163097,208.35800023633055,1,1
22,sign,22656.156347516,43.25500049162656,134.7030010947492,47.66099664266221,3.3579999580979347,0.481002643937245,229.45800083107315,1,1
23,sign,22656.183129251,95.39100210531615,259.0099975350313,104.55400115461089,7.501999789383262,0.8390015864279121,467.2960021707695,1,1
24,sign,22656.209206693,88.37899804348126,246.888001129264,103.87200018158183,6.625999958487228,0.9549985406920314,446.71999785350636,1,1
25,sign,22656.234813922,51.91899981582537,144.26899724639952,54.16200292529538,3.345998266013339,0.4180001269560307,254.11399838048965,1,1
26,sign,22656.260273553,29.67899854411371,96.6139996307902,32.85899947513826,2.149001375073567,0.24600012693554163,161.54699915205128,1,1
27,sign,22656.283881467,44.56999886315316,133.0049999523908,39.790000300854445,2.736000169534236,0.4220019036438316,220.52300118957646,1,1
28,sign,22656.309310664,69.93499846430495,210.49700080766343,88.67599899531342,5.85000088904053,0.7519993232563138,375.70999847957864,1,1
29,sign,22656.333609406,87.91599975666031,253.64999964949675,123.32500045886263,7.005000952631235,1.0570001904852688,472.9530010081362,1,1
30,sign,22656.357720808,82.16300193453208,269.0189976419788,123.58599997241981,8.742001227801666,1.0510011634323746,484.5610019401647,1,1
31,sign,22656.382590847,49.840000428957865,143.059001857182,51.50899960426614,3.6479978007264435,0.4520006768871099,248.50800036801957,1,1
32,sign,22656.406153955,43.62199979368597,105.57000132394023,40.73799937032163,3.288001607870683,0.42399915400892496,193.64200124982744,1,1
33,sign,22656.431747525,79.59499998833053,242.70900030387565,93.2120019569993,5.746998795075342,0.7060007192194462,421.9690017635003,1,1
34,sign,22656.457862908,83.81500083487481,333.85999995516613,111.54700041515753,7.267000910360366,0.8679999154992402,537.3570020310581,1,1
35,sign,22656.481456666,82.19300070777535,241.3059992250055,95.42800034978427,6.203001248650253,0.8059978426899761,425.93599937390536,1,1
36,sign,22656.507525031,105.27199992793612,259.30500123649836,104.86999963177368,27.24699879763648,0.9899995347950608,497.6839991286397,1,1
37,sign,22656.531324248,37.62599953915924,107.4130013876129,34.249998861923814,2.74099875241518,0.3800014383159578,182.40999997942708,1,1
38,sign,22656.556313382,77.9270012571942,209.42099945386872,78.05299901519902,5.289999535307288,0.6539994501508772,371.3449987117201,1,1
39,sign,22656.580639862,81.98199793696404,258.20100199780427,112.04999827896245,6.401001883205026,0.7569979061372578,459.39099800307304,1,1
40,sign,22656.605699541,77.76799975545146,250.89500195463188,107.79500007629395,6.848997145425528,1.2700002116616815,444.5769991434645,1,1
41,sign,22656.630048044,119.77499889326282,269.70700128003955,102.49099796055816,7.173999620135874,1.0780022421386093,500.224999996135,1,1
42,sign,22656.653398581,98.28100155573338,299.19100052211434,82.86299998871982,5.343001248547807,0.5859983502887189,486.26400166540407,1,1
43,sign,22656.676411473,45.86000068229623,119.43600111408159,40.036000427789986,2.735996531555429,0.32900061341933906,208.39699936914258,1,1
44,sign,22656.700662109,59.22600030316971,162.0559996808879,56.23499964713119,4.09700078307651,0.5309993866831064,282.1449998009484,1,1
45,sign,22656.72516138,53.84099858929403,174.4050023262389,72.13599747046828,4.471003194339573,0.5879992386326194,305.4410008189734,1,1
46,sign,22656.751975913,118.09399802586995,262.04800087725744,102.95000174664892,14.470999303739518,0.8979986887425184,498.46099864225835,1,1
47,sign,22656.778087087,51.552997319959104,135.89100126409903,46.53500218410045,3.4439981391187757,0.4249995981808752,237.84799850545824,1,1
48,sign,22656.801418625,46.019998990232125,118.72400136780925,40.345999877899885,2.6470006559975445,0.3530003596097231,208.09000125154853,1,1
49,sign,22656.830338628,69.5570015523117,229.9209991178941,101.19199941982515,6.369002221617848,0.9899995347950608,408.02900184644386,1,1
50,sign,22656.856660525,126.10799967660569,381.835998268798,168.69699902599677,9.82600249699317,1.148000592365861,687.6150000607595,1,1
51,sign,22656.88071308,88.34999971440993,283.9439985109493,105.43600001255982,7.654001819901168,1.00599936558865,486.3899994234089,1,1
52,sign,22656.905410962,65.04100019810721,184.28699695505202,75.17400081269443,4.208002792438492,0.5149995558895171,329.22500031418167,1,1
53,sign,22656.92840552,14.184999599820003,62.60499867494218,39.41800241591409,2.3049979063216597,0.2800006768666208,118.79299927386455,1,1
54,sign,22656.954879294,13.892000424675643,54.38500011223368,29.594997613457963,1.9500002963468432,0.21000232663936913,100.0320007733535,1,1
55,sign,22656.981976113,16.85500319581479,91.3339972612448,43.31899981480092,3.2470015867147595,0.3800014383159578,155.13500329689123,1,1
56,sign,22657.007837882,19.31899896590039,81.98100113077089,42.358999053249136,2.8480026230681688,0.34999902709387243,146.85700080008246,1,1
57,sign,22657.03365313,42.911997297778726,186.75300088943914,107.25600077421404,7.822000043233857,0.862997694639489,345.60599669930525,1,1
58,sign,22657.05757245,12.335000064922497,48.71499913861044,27.65200042631477,1.7259990272577852,0.23800021153874695,90.66599886864424,1,1
59,sign,22657.082656127,12.157997844042256,48.86100214207545,27.10999979171902,1.6929989214986563,0.21199957700446248,90.03399827633984,1,1
60,sign,22657.110290817,37.866000639041886,155.96799858030863,89.14600039133802,5.469999450724572,0.776999513618648,289.22699857503176,1,1
61,sign,22657.134580217,31.83299850206822,132.23400310380384,76.36499867658131,4.751000233227387,0.5490001058205962,245.73200062150136,1,1
62,sign,22657.161825669,35.310997191118076,166.6470016061794,90.6509994820226,5.474001227412373,0.6279988156165928,298.71099832234904,1,1
63,sign,22657.187789717,13.385997590376064,51.36500112712383,30.087998311500996,1.815002178773284,0.2399974619038403,96.89399666967802,1,1
64,sign,22657.211657779,14.467001165030524,57.252000260632485,32.931999157881364,2.0229999790899456,0.2540000423323363,106.92800060496666,1,1
65,sign,22657.238352897,38.64100290229544,164.71999697387218,93.92100037075579,5.777001206297427,0.6429982022382319,303.7019996554591,1,1
66,sign,22657.264843434,36.57100023701787,166.75000006216578,91.40700058196671,5.754998710472137,0.7300004654098302,301.21300005703233,1,1
67,sign,22657.290799345,57.85500252386555,244.06999727943912,122.51000225660391,6.193997251102701,0.7510025170631707,431.38000182807446,1,1
68,sign,22657.314730865,38.73899913742207,156.5669990668539,118.39100261568092,6.212998414412141,0.6689988367725164,320.57899807114154,1,1
69,sign,22657.338860288,20.077000954188406,76.45900041097775,56.69099846272729,2.7610003598965704,0.2800006768666208,156.26800086465664,1,1
70,sign,22657.363877797,27.737998607335612,11.144999007228762,1.2590026017278433,52.510997193166986,0.3720015229191631,93.02499893237837,2,1
71,sign,22657.390772164,97.75400030775927,254.81299962848425,120.93700206605718,8.185998012777418,0.7660019036848098,482.4560019187629,2,1
72,sign,22657.416583699,94.17199908057228,237.4320029048249,158.63699809415266,10.717001714510843,0.8569986675865948,501.8150004616473,2,1
73,sign,22657.444187876,94.24900054000318,226.2519992655143,138.23699919157661,10.275001841364428,0.8639981388114393,469.87699897727,2,1
74,sign,22657.46758108,25.3610014624428,63.64699947880581,44.22699930728413,3.383000148460269,0.3759996616281569,136.99400005862117,2,1
75,sign,22657.495197037,31.372001103591174,63.29000098048709,27.68199919955805,2.3130014596972615,0.23000029614195228,124.88700303947553,2,1
76,sign,22657.522375594,99.73900159820914,246.2900010868907,150.1869992353022,11.116000678157434,0.8939969120547175,508.2259995106142,2,1
77,sign,22657.545573895,59.9490012973547,159.05799955362454,90.55699774762616,7.2260008892044425,0.6410009518731385,317.431000439683,2,1
78,sign,22657.570807122,58.73199916095473,181.19699961971492,94.8510023590643,7.294998795259744,0.6730006134603173,342.748000548454,2,1
79,sign,22657.601548828,25.0449993473012,56.65200296789408,31.995998142519966,2.5190020096488297,0.22099993657320738,116.43300240393728,2,1
80,sign,22657.631331552,32.936000934569165,100.25500159827061,58.882000303128734,4.845998773816973,0.46000059228390455,197.3790022020694,2,1
81,sign,22657.684482984,185.883000085596,5.171998054720461,3.216999175492674,13.913002476328984,1.2259988579899073,209.41099865012802,2,0
82,sign,22657.729236406,52.08199945627712,2.387998392805457,1.296000846195966,6.426998879760504,0.44099942897446454,62.63399700401351,2,0
83,sign,22657.762847615,30.335002520587295,82.48499943874776,61.55200026114471,4.148998414166272,0.39999940781854093,178.92100004246458,2,1
84,sign,22657.789875559,60.881000536028296,184.19000116409734,89.49299808591604,8.033999620238319,0.7570015441160649,343.35500095039606,2,1
85,sign,22657.817603309,57.92100273538381,152.3529972473625,83.46200047526509,7.872000423958525,1.1500014807097614,302.7580023626797,2,1
86,sign,22657.848461059,64.36300100176595,153.60600082203746,87.74700108915567,7.403999916277826,0.6919981387909502,313.81200096802786,2,1
87,sign,22657.872064476,21.199000912019983,54.957999964244664,30.955998227000237,2.545002644183114,0.24199835024774075,109.90000009769574,2,1
88,sign,22657.924232914,65.3040006000083,3.4039985621348023,1.7970014596357942,8.824001270113513,0.8239985618274659,80.15300045371987,2,0
89,sign,22657.969541756,108.23399861692451,4.495002940529957,3.092998667852953,13.230001059127972,1.1349984561093152,130.1869997405447,2,0
90,sign,22658.014272876,59.66699973214418,2.139000571332872,1.7140009731519967,6.908998329890892,0.8899987733457237,71.31899837986566,2,0
91,sign,22658.059629568,146.9630005885847,6.5069980337284505,4.728000931208953,17.468999431002885,1.2089985830243677,176.87599756754935,2,0
92,sign,22658.104485357,118.37900092359632,6.156002200441435,3.7999998312443495,18.37799936765805,2.1140003809705377,148.8270027039107,2,0
93,sign,22658.149253165,68.33999941591173,2.1050000214017928,1.5270015865098685,6.832997314631939,0.8340030035469681,79.6390013420023,2,0
94,sign,22658.194379655,94.38200140721165,4.7579997044522315,2.4129985831677914,12.055999832227826,0.9549985406920314,114.56399806775153,2,0
95,sign,22658.239304782,70.4099984432105,4.017001629108563,2.302000211784616,9.73699934547767,0.9180002962239087,87.38399992580526,2,0
96,sign,22658.260394506,19.83900074264966,50.50999970990233,29.34900112450123,2.249998942716047,0.21400046534836292,102.16200098511763,2,1
97,sign,22658.28555483,18.508999346522614,48.60700209974311,27.726000553229824,2.5269982870668173,0.21099913283251226,97.57999941939488,2,1
98,sign,22658.313558877,44.892000005347654,107.75700138765387,59.7120015299879,4.863999492954463,0.5069996404927224,217.7320020564366,2,1
99,sign,22658.340889116,58.571000408846885,177.47300080372952,93.1979993765708,8.682000043336302,0.5900001269765198,338.51400075946003,2,1
100,sign,22658.366088227,59.293997765053064,158.94100215518847,90.54299880517647,7.2260008892044425,0.7439994078595191,316.74799902248196,2,1
101,sign,22658.390084581,20.87900065816939,54.406002163887024,28.50099917850457,2.2370004444383085,0.20899824448861182,106.2320006894879,2,1
102,sign,22658.434532466,104.2300027620513,4.939996870234609,2.6080015231855214,12.726999557344243,1.0270014172419906,125.53200213005766,2,0
103,sign,22658.479522809,125.64999997266568,5.850997695233673,3.0270020943135023,16.16000008652918,1.0740004654508084,151.76200031419285,2,0
104,sign,22658.524261821,115.46400128281675,5.3820003813598305,2.515000232961029,11.991996871074662,0.772000930737704,136.12499969894998,2,0
105,sign,22658.569452513,88.05800098343752,4.108002030989155,2.3129978217184544,19.745999452425167,0.9780014806892723,115.20300176925957,1,0
106,sign,22658.614351742,63.3550007478334,4.180001269560307,2.419998054392636,8.205002814065665,0.957999873207882,79.11800275905989,1,0
107,sign,22658.659952579,25.87799826869741,1.59599949256517,1.019001501845196,3.944998752558604,0.6400005077011883,33.07799852336757,1,0
108,sign,22658.704532011,84.89399988320656,4.778998118126765,2.4319997464772314,10.908002877840772,0.9809991752263159,103.99399980087765,1,0
109,sign,22658.749355634,87.0709991431795,4.311998054618016,2.8650028980337083,10.062998626381159,0.9729992598295212,105.28399798204191,1,0
110,sign,22658.794258021,56.37199865304865,3.2990028557833284,1.6049998521339148,9.223000233760104,0.4699977580457926,70.96899935277179,1,0
111,sign,22658.839498304,97.40299719851464,4.589001036947593,2.930999471573159,12.021999282296747,1.0490002750884742,117.99399726442061,1,0
112,sign,22658.884495589,89.51499694376253,5.011002940591425,3.03599881590344,10.821000614669174,1.0349976946599782,109.41799700958654,1,0
113,sign,22658.895168948,87.66499740886502,23.557000531582162,3.020999429281801,87.84500096226111,1.453998265787959,203.54199659777805,2,1
114,sign,22658.9202135,87.27399836061522,137.34399908571504,39.88900061813183,4.279001586837694,0.3389977791812271,269.124997430481,2,1
115,sign,22658.943714926,62.76500062085688,129.62199980393052,37.287998566171154,3.7760000850539654,0.5379988579079509,233.98899793392047,2,1
116,sign,22658.989659872,51.27199983689934,3.19199898513034,1.4260003808885813,6.279999070102349,0.6120026228018105,62.78200089582242,2,0
117,sign,22659.034592764,30.25600017281249,1.5529985830653459,0.9069990483112633,3.479002771200612,0.2849992597475648,36.47999983513728,2,0
118,sign,22659.079538315,27.57900074357167,1.2349992175586522,0.7939997885841876,2.739001502050087,0.20199877326376736,32.54900002502836,2,0
119,sign,22659.124739297,51.97900100029074,3.0249975679907948,1.4980032574385405,6.373997166519985,0.543001078767702,63.41900007100776,2,0
120,sign,22659.166305819,118.7130001198966,24.427001335425302,2.5480003387201577,81.21199789457023,1.0180010576732457,227.91800074628554,3,1
121,sign,22659.18943019,62.28799975360744,154.37800175277516,36.92999962368049,5.047000740887597,0.447998900199309,259.09100077115,3,1
122,sign,22659.244488314,134.80099732987583,5.150002834852785,2.9859984351787716,14.583998563466594,1.1299998732283711,158.65099703660235,3,0
123,sign,22659.289311647,95.66799781168811,4.631001502275467,2.119999408023432,11.799002095358446,0.9859977581072599,115.20399857545272,3,0
124,sign,22659.33424891,47.17699994216673,3.2800016924738884,0.9609975677449256,4.6530003601219505,0.3170025593135506,56.388002121821046,3,0
125,sign,22659.37961093,146.1669999116566,5.729001713916659,3.031000233022496,15.747998986626044,1.1570009519346058,171.8320017971564,3,0
126,sign,22659.424491475,121.95999806863256,5.980000423733145,2.7329988370183855,13.361001037992537,1.0399999155197293,145.07399828289635,3,0
127,sign,22659.433760105,81.38699922710657,194.31500186328776,97.51499965204857,11.476000508992001,0.8690003596711904,385.5620016111061,3,1
128,sign,22659.456728338,25.245000870199874,58.730001910589635,44.00099714985117,5.936002708040178,0.26899942895397544,134.18100206763484,3,1
129,sign,22659.480282171,26.613000954966992,59.95299943606369,31.577001209370792,3.062999894609675,0.23899701773189008,121.44499851274304,3,1
130,sign,22659.529449302,80.21800022106618,4.006997187389061,1.820000761654228,13.55600034003146,0.785999873187393,100.38699838332832,2,0
131,sign,22659.575796051,60.84999768063426,3.978999302489683,1.9030012481380254,8.497998351231217,0.6350019248202443,75.86499850731343,2,0
132,sign,22659.619200578,67.95100125600584,2.724998921621591,1.5639998309779912,7.70699989516288,0.5500005499925464,80.49700045376085,2,0
133,sign,22659.664586225,111.95800107088871,5.23999915458262,2.8899994504172355,13.598000805359334,1.2319978850428015,134.9179983662907,2,0
134,sign,22659.696496872,95.25600034976378,288.40999948442914,103.9080016198568,14.014000043971464,0.8780007192399353,502.4660022172611,1,1
135,sign,22659.723325029,65.6709999020677,14.8029976116959,2.3140019038692117,51.938997785327956,0.6230002327356488,135.34999743569642,1,1
136,sign,22659.747079468,32.41100057493895,9.880997822619975,0.9469986252952367,38.68900239467621,0.44999978854320943,82.37799920607358,1,1
137,sign,22659.772978049,54.24899791250937,19.50899968505837,1.8930004443973303,72.54400043166243,0.6959999154787511,148.89099838910624,2,1
138,sign,22659.797972611,70.06899977568537,152.49100033543073,87.57999967201613,7.390000973828137,0.7800008461344987,318.31000160309486,2,1
139,sign,22659.822556497,60.495000070659444,160.0599971425254,91.96100290864706,7.792998076183721,0.7890012057032436,321.09799940371886,2,1
140,sign,22659.846457113,35.864999517798424,109.30999997071922,39.02700336766429,3.1949966796673834,0.3080021997448057,187.70500173559412,2,1
141,sign,22659.870255585,22.78900137753226,60.09400021866895,34.85699926386587,2.958000550279394,0.30599767342209816,121.00399908376858,2,1
142,sign,22659.895476471,59.83300070511177,163.60099834855646,89.2630014277529,7.686001481488347,0.6659975042566657,321.04899946716614,2,1
143,sign,22659.920185624,107.57899872260168,233.69100017589517,135.72900206781924,10.351999662816525,0.8610004442743957,488.212001073407,2,1
144,sign,22659.944773878,74.37900057993829,204.70099843805656,97.12500104797073,10.910000128205866,1.00599936558865,388.1209995597601,2,1
145,sign,22659.968014699,79.23900193418376,166.61399786244147,89.83899897430092,8.012000762391835,0.7130001904442906,344.4169997237623,2,1
146,sign,22659.991519764,20.537998352665454,50.36200309405103,28.092999855289236,2.257998858112842,0.19299841369502246,101.44399857381359,2,1
147,sign,22660.016769125,36.36000110418536,97.11999882711098,56.02300007012673,4.37299968325533,0.4020002961624414,194.27799998084083,2,1
148,sign,22660.044039001,60.40199878043495,158.57800099183805,89.73999865702353,7.678001566091552,0.6929985829629004,317.090998578351,2,1
149,sign,22660.068906549,55.650998547207564,196.86599989654496,91.07500227401033,7.661998097319156,0.7390008249785751,351.9929996400606,2,1
150,sign,22660.095310854,58.88599844183773,20.97999822581187,2.059001417364925,72.23699867608957,0.6920017767697573,154.85399853787385,3,1
151,sign,22660.122608233,33.333999454043806,50.63100252300501,28.488997486419976,4.814002750208601,0.21499727154150605,117.4829994852189,2,1
152,sign,22660.147850845,20.02999826800078,54.7480012755841,31.955998565535992,2.576998667791486,0.2310007403139025,109.54199751722626,2,1
153,sign,22660.174370047,23.929998860694468,67.07800275762565,36.401997931534424,3.0240007617976516,0.2759989001788199,130.70999921183102,2,1
154,sign,22660.201492572,24.700999347260222,73.76199937425554,35.30700269038789,2.954999217763543,0.25099870981648564,136.97599933948368,2,1
155,sign,22660.229821387,57.368997659068555,167.4029990681447,90.15900286613032,7.752998499199748,0.7689995982218534,323.4529976907652,2,1
156,sign,22660.256778751,18.6079996638,47.2959982289467,27.176000003237277,2.224998752353713,0.19600338418968022,95.50100003252737,2,1
157,sign,22660.285357873,28.442002076189965,76.15899812662974,43.56600038590841,3.4850017982535064,0.3159984771627933,151.96800086414441,2,1
158,sign,22660.3124855,52.93600042932667,18.560000171419233,1.6289995983242989,82.76000153273344,0.6660011422354728,156.5510028740391,3,1
159,sign,22660.339163561,90.90200182981789,181.75899822381325,92.59299986297265,8.762002835283056,0.7799972081556916,374.79599996004254,3,1
160,sign,22660.365301305,78.28100206097588,161.41800006153062,90.31399895320646,8.858001820044592,0.819996785139665,339.6909996808972,3,1
161,sign,22660.392987465,47.80100061907433,82.38100053858943,41.47200161241926,3.2719981390982866,0.6299997039604932,175.5560006131418,3,1
162,sign,22660.419184479,28.71999822673388,59.80700007057749,32.645002647768706,3.564997314242646,0.2530032361391932,124.99000149546191,3,1
163,sign,22660.449200002,123.27199874562211,243.80100148846395,100.44599912362173,9.847000910667703,0.9120012691710144,478.2780015375465,3,1
164,sign,22660.475977234,143.01099872682244,243.27999926754273,101.55400013900362,10.20600029733032,0.8640017767902464,498.91500020748936,3,1
165,sign,22660.506537175,111.01400014013052,249.2260027793236,120.30399739160202,20.439001673366874,0.7140006346162409,501.69700261903927,3,1
166,sign,22660.529137235,55.04300133907236,112.01499728485942,40.54300006828271,4.143999831285328,0.3349996404722333,212.07999816397205,3,1
167,sign,22660.555121422,89.02700210455805,169.7409970802255,60.37999992258847,5.568002961808816,0.5269976099953055,325.24299967917614,3,1
168,sign,22660.582512484,121.13199773011729,254.16400239919312,100.53799996967427,10.198000381933525,0.8829993021208793,486.9149997830391,3,1
169,sign,22660.616476217,143.14500003820285,293.5819975391496,123.9260018337518,10.384999768575653,0.8600000001024455,571.8979991797823,3,1
170,sign,22660.641425977,77.95700003043748,198.4530026675202,104.63299986440688,7.404996722470969,0.6460031727328897,389.0940024575684,3,1
171,sign,22660.668113227,51.91500167711638,97.81699918676168,31.151001167017967,3.0189985409379005,0.2900014806073159,184.19200205244124,3,1
172,sign,22660.694834184,108.89999975915998,228.52400070405565,82.894999650307,7.8740013123024255,0.8239985618274659,429.0169999876525,3,1
173,sign,22660.724424782,125.6869982171338,249.217999225948,102.7409998641815,10.463001672178507,1.448999682907015,489.55799866234884,3,1
174,sign,22660.755676717,131.66899952921085,284.4789996743202,119.41500270040706,18.74299778137356,1.2359996617306024,555.5419993470423,3,1
175,sign,22660.786133926,55.45299791265279,112.39100058446638,59.61900023976341,4.828998498851433,0.36400160752236843,232.65599884325638,3,1
176,sign,22660.816507914,42.47600008966401,86.98399688000791,50.14400085201487,4.901001375401393,0.3659988578874618,184.87099805497564,3,1
177,sign,22660.846864436,75.30400034738705,194.49699902907014,92.15099998982623,8.974999218480662,0.7580019882880151,371.6850005730521,3,1
178,sign,22660.876712129,81.73300011549145,167.77099881437607,131.83100236346945,9.354997018817812,0.7390008249785751,391.42899913713336,3,1
179,sign,22660.907428758,134.19099923339672,241.66599905584008,154.90499936277047,14.318000467028469,0.9320028766524047,546.0120009956881,3,1
180,sign,22660.932240978,37.31800097739324,110.83099889219739,40.35500023746863,3.6130004446022213,0.29600050766021013,192.4130010593217,3,1
181,sign,22660.957276638,26.731999241746962,54.15900159277953,31.539999326923862,2.968998160213232,0.23300162865780294,115.63299995032139,3,1
182,sign,22660.983618679,52.72699854685925,109.1859994630795,63.30999894998968,6.035999831510708,0.5160000000614673,231.7749967915006,3,1
183,sign,22661.014191697,80.69300019997172,159.2049993632827,91.16000001085922,8.838000212563202,0.7220005500130355,340.6180003366899,3,1
184,sign,22661.040502895,72.55699892994016,150.47399938339368,85.41699935449287,7.823000487405807,0.6810005288571119,316.95199868408963,3,1
185,sign,22661.064502788,27.16300150495954,73.1229993107263,49.31900184601545,4.05899845645763,0.30099909054115415,153.96500020870008,3,1
186,sign,22661.090296668,38.56900002574548,77.58200081298128,46.86399915954098,4.2149986256845295,0.3269997250754386,167.5569983490277,3,1
187,sign,22661.116477144,74.6629993955139,155.96499724779278,89.77700053947046,10.417999874334782,0.6100017344579101,331.43299879156984,3,1
188,sign,22661.141295185,64.74100155173801,134.41599730867893,77.32599988230504,7.72500061430037,0.6400005077011883,284.84799986472353,3,1
189,sign,22661.16936238,75.51700036856346,156.15099982824177,90.38200005306862,8.525999874109402,0.6080008461140096,331.18400097009726,3,1
190,sign,22661.193883093,27.47399776126258,56.832999689504504,29.326001822482795,2.9670009098481387,0.20999868866056204,116.80999887175858,3,1
191,sign,22661.222710201,40.98399949725717,84.16299897362478,46.94900053436868,4.232999344822019,0.39700171328149736,176.72600006335415,3,1
192,sign,22661.248564179,71.76399958552793,152.02500071609393,83.23200017912313,8.208997314795852,0.6940026651136577,315.9240004606545,3,1
193,sign,22661.273615766,79.2460014054086,162.41699995589443,88.71499812812544,8.031998731894419,0.8370006980840117,339.2469989194069,3,1
194,sign,22661.298437002,53.192001360002905,111.99599975952879,63.74499935191125,6.252001185202971,0.4749999789055437,235.66000163555145,3,1
195,sign,22661.322611321,28.062000637874007,62.74800034589134,31.701998523203656,2.91600008495152,0.26099951355718076,125.6889991054777,3,1
196,sign,22661.347827517,121.30500181228854,271.56899886904284,102.88200064678676,9.530998795526102,0.8490023901686072,506.13600251381285,3,1
197,sign,22661.37575096,113.96099944249727,272.58200134383515,104.58999895490706,8.995000825962052,0.7329981599468738,500.8609987271484,3,1
198,sign,22661.402799944,130.1240008615423,295.429999823682,111.74599785590544,10.427000233903527,1.034000888466835,548.7609996635001,3,1
199,sign,22661.428401244,119.4139986182563,236.56399935134687,95.45100328978151,9.085997589863837,0.791002094047144,461.30600094329566,3,1
200,sign,22661.453810992,70.45100210234523,196.88799875439145,87.97600094112568,6.850998033769429,0.5729998520109802,362.73899968364276,3,1
201,sign,22661.479213035,110.33600094378926,164.9109981372021,54.80999971041456,5.092002538731322,0.8069982868619263,335.9559996169992,3,1
202,sign,22661.505188942,55.85200051427819,113.10199988656677,65.42499977513216,6.059999577701092,0.4979992809239775,240.9369990346022,3,1
203,sign,22661.532628777,77.66699854983017,161.0790022823494,90.04599996842444,8.813000022200868,0.7649978215340525,338.3699986443389,3,1
204,sign,22661.559801275,75.53999967058189,174.88799858256243,94.56399857299402,8.668001100886613,0.7929993444122374,354.4529972714372,3,1
205,sign,22661.586739791,23.61799852224067,50.12800102122128,28.170998120913282,2.7180030883755535,0.21099913283251226,104.8459998855833,3,1
206,sign,22661.612619469,65.47500015585683,171.89500067615882,89.03999696485698,9.282000974053517,0.5450019671116024,336.23700073803775,3,1
207,sign,22661.638646852,43.089999962830916,85.05799996783026,45.849999878555536,4.167999577475712,0.36900019040331244,178.53499957709573,3,1
208,sign,22661.665178646,81.51400106726214,183.30700186197646,96.34599700802937,8.578001143177971,0.7109993021003902,370.45600038254634,3,1
209,sign,22661.69227113,115.27800234034657,175.95999815966934,91.84800001094118,8.831000741338357,0.6299997039604932,392.54700095625594,3,1
210,sign,22661.720786865,56.42799806082621,107.19300189521164,39.908998587634414,3.7940008041914552,0.29199873097240925,207.61599807883613,3,1
211,sign,22661.745813417,31.15700019407086,64.26199979614466,36.78299981402233,3.968998498748988,0.2759989001788199,136.44699720316567,3,1
212,sign,22661.772427225,79.67700003064238,200.64599812030792,95.04500121693127,9.75600050878711,0.785999873187393,385.90999974985607,2,1
213,sign,22661.79769633,56.91200203727931,153.46600048360415,89.9439983186312,22.758998966310173,1.0260009730700403,324.10700077889487,2,1
214,sign,22661.824316858,58.116998843615875,155.2460016682744,90.3410000319127,7.793998520355672,0.7189992174971849,312.21699828165583,2,1
215,sign,22661.850032499,21.139003365533426,65.9099969197996,29.05400106101297,2.5289991754107177,0.20100196707062423,118.83300248882733,2,1
216,sign,22661.874733243,18.67500031949021,52.010000217705965,41.65700011071749,2.516000677132979,0.21099913283251226,115.06900045787916,2,1
217,sign,22661.90174235,56.941000366350636,155.77199883409776,119.84400043729693,8.107999747153372,0.724001438356936,341.3890008232556,2,1
218,sign,22661.927224283,60.99199890741147,162.3919997655321,91.93000005325302,7.714999810559675,0.6740010576322675,323.70299959438853,2,1
219,sign,22661.952260567,61.541002651210874,158.6399994266685,89.50499977800064,7.86400050856173,0.5799993232358247,318.1300016876776,2,1
220,sign,22661.977133284,55.06100205820985,146.13299936172552,81.91099914256483,7.005000952631235,0.7659982657060027,290.87599978083745,2,1
221,sign,22662.001385976,21.953001123620197,52.49399691820145,28.98700040532276,2.377000782871619,0.21999949240125716,106.03099872241728,2,1
222,sign,22662.027343588,41.25999839743599,113.71200162102468,63.601997680962086,5.4060001275502145,0.46400236897170544,224.44400019594468,2,1
223,sign,22662.052895912,60.654001572402194,177.88699915399775,91.48800018010661,7.708000339334831,0.857999111758545,338.59500035759993,2,1
224,sign,22662.078300134,60.708000091835856,162.31200061156414,197.87900237133726,9.637999028200284,0.785999873187393,431.32300197612494,2,1
225,sign,22662.103513891,53.71499719331041,152.31500219670124,106.62400018190965,9.253999451175332,1.0000003385357559,322.9079993616324,2,1
226,sign,22662.12867773,82.91300036944449,105.17699774936773,30.092000088188797,2.4660002964083105,0.2769993443507701,220.9249978477601,2,1
227,sign,22662.154810007,41.62400000495836,108.75700172618963,84.3659981910605,5.928999598836526,0.47000139602459967,241.1460009170696,2,1
228,sign,22662.180766704,58.03199746878818,154.76400221814401,126.3310005015228,8.254999556811526,0.7300004654098302,348.11200021067634,2,1
229,sign,22662.207126467,55.391999921994284,144.21000014408492,99.19399963109754,7.243997970363125,0.72900002123788,306.76899768877774,2,1
230,sign,22662.234999347,43.56099816504866,74.54799924744293,40.89600042789243,3.4570002753753215,0.3489985829219222,162.81099669868127,2,1
231,sign,22662.260532763,18.04599742172286,53.070001740707085,28.433998522814363,3.078999725403264,0.21100277081131935,102.84000018145889,1,1
232,sign,22662.287709817,18.68999970611185,74.12500053760596,32.971001928672194,2.367996785324067,0.22300082491710782,128.37699978263117,1,1
233,sign,22662.314820872,37.95699740294367,168.24900012579747,99.33200271916576,6.890997610753402,0.8030001481529325,313.2319980068132,1,1
234,sign,22662.33956032,39.68899909523316,170.01000014715828,92.63999891118146,6.013000529492274,0.7870003173593432,309.1389990004245,1,1
235,sign,22662.366074298,23.73100141994655,91.84399823425338,53.55400207918137,3.578999894671142,0.39099904824979603,173.09900067630224,1,1
236,sign,22662.391263436,13.601002137875184,63.18200030364096,40.759998228168115,2.2849999368190765,0.2710003172978759,120.09900092380121,1,1
237,sign,22662.41823688,36.546000046655536,120.60200242558494,69.82999911997467,4.37500057159923,0.5699985194951296,231.9230006833095,1,1
238,sign,22662.44528815,45.256998419063166,168.0290006333962,92.5250024010893,5.843998224008828,0.6959999154787511,312.35099959303625,1,1
239,sign,22662.469627768,36.60299989860505,151.40200048335828,91.39499888988212,6.410999048966914,0.7509988790843636,286.5619971998967,1,1
240,sign,22662.496055597,40.42400178150274,175.32799756736495,94.92500248597935,6.097998266341165,0.7500020728912205,317.5250021740794,1,1
241,sign,22662.521067403,17.943002603715286,69.64299973333254,43.35400080890395,2.4229993869084865,0.27900023269467056,133.64200276555493,1,1
242,sign,22662.546315275,11.64199784398079,49.42799932905473,27.039000997319818,1.787000655895099,0.1949993020389229,90.09099812828936,1,1
243,sign,22662.573038766,40.029997762758285,153.88600149890408,88.77000072970986,5.796999175800011,0.7330017979256809,289.2160009650979,1,1
244,sign,22662.598285213,38.125999708427116,149.49899923522025,82.94600047520362,5.758000042987987,0.6410009518731385,276.9700004137121,1,1
245,sign,22662.623668705,37.136000173632056,149.13199993316084,88.97500083548948,6.038997526047751,0.74800118454732,282.02999965287745,1,1
246,sign,22662.649973057,12.773001799359918,82.84499926958233,30.8579983538948,1.9780018192250282,0.24199835024774075,128.69599959230982,1,1
247,sign,22662.674702536,14.47900285711512,57.200999435735866,33.65700104041025,2.277000021422282,0.2349988790228963,107.84900223370641,1,1
248,sign,22662.701339752,38.49600034300238,154.6870007587131,92.72399984183721,5.857000360265374,0.6349982868414372,292.3989995906595,1,1
249,sign,22662.727052224,40.52599979331717,156.3260011607781,87.62300058151595,5.95199890085496,0.6900008884258568,291.11700132489204,1,1
250,sign,22662.753330809,38.03500294452533,153.5179981146939,90.78099901671521,5.690002581104636,0.7039998308755457,288.72800248791464,1,1
251,sign,22662.778289835,12.675998732447624,49.736001528799534,29.65999738080427,1.853000867413357,0.23000029614195228,94.15499880560674,1,1
252,sign,22662.803523461,13.760000001639128,55.063999752746895,27.529000362847,1.7519996617920697,0.181000359589234,98.28600013861433,1,1
253,sign,22662.8309026,31.695999496150762,152.06400348688476,78.6339987826068,4.911998985335231,0.5830006557516754,267.8890014067292,1,1
254,sign,22662.857073831,39.43900082958862,162.3049975023605,91.15300053963438,5.841000529471785,0.724001438356936,299.4620008394122,1,1
255,sign,22662.88506996,37.73600110434927,146.65499838883989,84.19499863521196,5.521000275621191,0.6590016710106283,274.76600007503293,1,1
256,sign,22662.910414535,15.751000319141895,54.616000852547586,32.69199805799872,2.0500010577961802,0.24700057110749185,105.35600085859187,1,1
257,sign,22662.935722376,13.417997251963243,56.978002248797566,31.334999221144244,2.725999365793541,0.2039996616076678,104.66099774930626,1,1
258,sign,22662.961854553,19.758001144509763,85.58300032746047,66.00000051548705,3.2899988582357764,0.366999302059412,174.99800014775246,1,1
259,sign,22662.986880023,38.81199882016517,189.82500114361756,107.89299994939938,8.367998816538602,0.8120005077216774,345.7099992374424,1,1
260,sign,22663.012583467,37.12499892571941,153.46600048360415,110.69700121879578,6.083999323891476,0.7269991328939795,308.0989990849048,1,1
261,sign,22663.039202716,14.010998711455613,54.25700146588497,28.016998840030283,1.901000359794125,0.21599771571345627,98.40199709287845,1,1
262,sign,22663.064944233,20.458999642869458,90.57300121639855,33.20700125186704,2.082997525576502,0.2590022631920874,146.58100189990364,1,1
263,sign,22663.091070835,45.84000271279365,166.30599930067547,71.67999865487218,4.396002623252571,0.5599977157544345,288.7820010073483,1,1
264,sign,22663.116783054,81.82099918485619,261.92700170213357,160.56399908848107,8.9230015873909,1.1299998732283711,514.3650014360901,1,1
265,sign,22663.142301129,37.10500095621683,153.79699834738858,89.94400195661001,5.923000571783632,0.7210001058410853,287.49000193784013,1,1
266,sign,22663.166919365,34.60199877736159,175.4889999574516,90.29599823406897,5.816000339109451,0.6090012902859598,306.81199859827757,1,1
267,sign,22663.191286102,12.88100247620605,51.72499731997959,28.064001526217908,1.6999983927235007,0.3090026439167559,94.6790023590438,1,1
268,sign,22663.217450762,26.88699896680191,126.23500151676126,67.76000009267591,4.404999344842508,0.5090005288366228,225.7960004499182,1,1
269,sign,22663.24344475,38.864996895426884,322.98600126523525,95.33399861538783,6.387999746948481,0.8180031727533787,464.3909996957518,1,1
270,sign,22663.269076126,38.230002246564254,152.88099893950857,90.4280022950843,5.93299773754552,0.7990020094439387,288.2710032281466,1,1
271,sign,22663.293310553,28.406000637914985,113.9960004366003,69.00500011397526,4.341000021668151,0.5350011633709073,216.2830023735296,1,1
272,sign,22663.317801488,12.27400207426399,48.28499731956981,29.237002308946103,1.8379978428129107,0.26899942895397544,91.90299897454679,1,1
273,sign,22663.345313278,26.46599750733003,106.13700214889832,60.308000684017316,3.816996468231082,0.48300353228114545,197.2110003407579,1,1
274,sign,22663.373168188,44.53199653653428,184.3350000854116,141.6910017724149,8.900999091565609,1.158001396106556,380.61699888203293,1,1
275,sign,22663.39886361,45.39099973044358,191.87699945177883,94.89900185144506,6.131998816272244,0.7189992174971849,339.0179990674369,1,1
276,sign,22663.429601679,56.63200136041269,189.6699977805838,92.91500100516714,6.253001629374921,0.8259994501713663,346.2960012257099,1,1
277,sign,22663.454559472,12.728000001516193,51.7919979756698,29.64600207633339,1.7620004655327648,0.23299799067899585,96.16099850973114,1,1
278,sign,22663.480874845,24.73600034136325,98.52699804469012,51.91200034460053,2.7140013116877526,0.30099909054115415,178.1899991328828,1,1
279,sign,22663.507664778,60.82400068407878,253.1609970901627,132.7780009887647,6.209000275703147,0.7800008461344987,453.7519998848438,1,1
280,sign,22663.532554387,60.61000021873042,227.95000040787272,112.18000145163387,6.259000656427816,0.7029993867035955,407.7020021213684,1,1
281,sign,22663.557982748,98.74500028672628,314.839999191463,159.8880007804837,9.095001587411389,1.252999936696142,583.8210017827805,1,1
282,sign,22663.583753241,39.16999776265584,136.78700270247646,53.02600038703531,5.231999239185825,0.5469992174766958,234.76199930883013,1,1
283,sign,22663.607266122,14.457000361289829,53.19699994288385,30.29100116691552,1.9690014596562833,0.23899701773189008,100.15299994847737,1,1
284,sign,22663.63481675,34.5779990311712,138.32300101057626,117.75399980251677,5.8539990277495235,0.6800000846851617,297.1889989566989,1,1
285,sign,22663.661296596,38.05699816439301,174.90900063421577,96.27799954614602,6.180001946631819,0.7779999577905983,316.2020002491772,1,1
286,sign,22663.686678653,40.57899786857888,164.67300156364217,94.70700024394318,6.361999112414196,0.8060014806687832,307.1270002692472,1,1
287,sign,22663.711682072,12.914999388158321,59.52400169917382,30.0779975077603,2.0600018615368754,0.43699765228666365,105.01399810891598,1,1
288,sign,22663.73600927,19.192000763723627,59.64199954178184,28.77899896702729,1.8810023902915418,0.20499646780081093,109.69899813062511,1,1
289,sign,22663.761688453,59.66000026091933,240.19199918257073,179.65799997909926,8.57399936649017,0.9659997886046767,489.04999857768416,1,1
290,sign,22663.787389132,63.741998019395396,192.6990007632412,93.25800056103617,6.365000444930047,0.7220005500130355,356.78600033861585,1,1
291,sign,22663.812923293,59.109999710926786,245.6010006426368,151.40499817789532,7.956001354614273,1.0590010788291693,465.13100096490234,1,1
292,sign,22663.837538478,16.754998796386644,68.10099876020104,40.658000216353685,2.5700028345454484,0.3119967004749924,128.3959973079618,1,1
293,sign,22663.861881022,14.511999324895442,58.7840004300233,35.436001780908555,2.3129978217184544,0.27900023269467056,111.32399959024042,1,1
294,sign,22663.889650627,37.75100049097091,153.0879999336321,89.0929986780975,5.948000762145966,0.7470007403753698,286.62700060522184,1,1
295,sign,22663.914693242,37.66499867197126,156.30599955329672,101.15600161952898,7.40899849915877,0.8110000635497272,303.34699840750545,1,1
296,sign,22663.939673689,37.17700019478798,153.62799967988394,89.85299791675061,5.97200050833635,0.7070011633913964,287.3369994631503,1,1
297,sign,22663.964452038,27.35900125117041,107.93899855343625,65.36600267281756,4.178000381216407,0.4709982022177428,205.31300106085837,1,1
298,sign,22663.988725013,12.479998986236751,49.51499795424752,28.48500298568979,1.8270002328790724,0.23399843485094607,92.54099859390408,1,1
299,sign,22664.013357227,17.79400190571323,69.08199793542735,37.82900239457376,2.458997187204659,0.2940032572951168,127.45800268021412,1,1
300,sign,22664.039355261,39.25000055460259,162.5459990464151,96.50599895394407,6.002999725751579,0.6789996405132115,304.98399792122655,1,1
301,sign,22664.063797748,33.70299964444712,152.52199955284595,127.4780006497167,6.326001312118024,0.7569979061372578,320.78599906526506,1,1
302,sign,22664.089934041,39.42900002584793,195.93300021369942,93.15799979958683,6.153000867925584,0.8899987733457237,335.5629996804055,1,1
303,sign,22664.114959859,25.139001081697643,66.3760001771152,33.663000067463145,2.210999809904024,0.24600012693554163,127.63500126311556,1,1
304,sign,22664.13943454,11.559000995475799,44.370997784426436,25.859000743366778,1.63400181918405,0.20699735614471138,83.62999869859777,1,1
305,sign,22664.166123809,40.12600038549863,161.21000226121396,94.57700070925057,6.186997779877856,0.6660011422354728,302.7660022780765,1,1
306,sign,22664.191795888,42.356998164905235,157.28300058981404,108.97100219153799,5.98800033912994,0.7409980753436685,315.33999936073087,1,1
307,sign,22664.216935825,60.31199882272631,245.54800256737508,112.9060001403559,6.394999218173325,0.8060014806687832,425.9670022292994,1,1
308,sign,22664.244707497,37.39900057553314,101.94399874308147,45.40000009001233,2.5090012059081346,0.3159984771627933,187.56799909169786,1,1
309,sign,22664.269844729,58.49000081070699,159.47300198604353,61.78199691930786,3.1750023481436074,0.347998138749972,283.26800020295195,1,1
310,sign,22664.293688423,18.770999304251745,78.65400039008819,47.10600114776753,2.9529983294196427,0.43299951357766986,147.91699868510477,1,1
311,sign,22664.319076954,41.25799750909209,158.2100012456067,91.22000119532458,5.95199890085496,0.7689995982218534,297.4089984491002,1,1
312,sign,22664.345666442,39.29100057575852,153.36499927798286,89.90399874164723,5.484998837346211,0.7010021363385022,288.7459995690733,1,1
313,sign,22664.36958981,24.978999135782942,97.70500037120655,55.668999266345054,3.5470002330839634,0.39699807530269027,182.2969970817212,1,1
314,sign,22664.39336526,31.239000236382708,119.78200200246647,57.386998378206044,4.042001819470897,1.0179974196944386,213.46799985622056,1,1
315,sign,22664.419273886,30.947998311603442,137.66000120085664,72.79100100276992,4.7339999582618475,0.5969995982013643,246.7300000716932,1,1
316,sign,22664.44460234,38.51399742416106,154.2410027468577,89.05499998945743,5.8539990277495235,0.809999619377777,288.4739988076035,1,1
317,sign,22664.471568198,38.30700006801635,150.93699767021462,90.15600153361447,5.556998075917363,0.6770023901481181,285.6339997379109,1,1
318,sign,22664.49682343,31.047002266859636,126.49299969780259,108.24699711520225,5.254001735011116,0.7029993867035955,271.7440002015792,1,1
319,sign,22664.520960874,19.269999029347673,140.11000166647136,66.61400038865395,3.612996806623414,0.276002538157627,229.88300042925403,1,1
320,sign,22664.54693399,23.354998120339587,113.32800204399973,57.560999266570434,3.496999852359295,0.41900057112798095,198.15999985439703,1,1
321,sign,22664.574396456,37.745001463918015,154.11200001835823,88.59399895300157,5.717000021832064,0.628999259788543,286.7969997168984,1,1
322,sign,22664.599055623,38.6950014217291,152.4740000604652,90.16499825520441,5.718000466004014,0.7090020517352968,287.761002255138,1,1
323,sign,22664.624823398,36.87899879878387,163.1010018172674,92.05199967254885,6.210000719875097,0.9010000212583691,299.14300102973357,1,1
324,sign,22664.648876518,26.548001187620685,119.81599891441874,48.922000132733956,2.5660010578576475,0.29599686968140304,198.14799816231243,1,1
325,sign,22664.673305029,13.289001799421385,53.453000873560086,31.006999051896855,2.04800016945228,0.23299799067899585,100.0299998850096,1,1
326,sign,22664.699269686,38.48300184472464,153.91599663416855,89.91100185085088,6.020000000717118,0.7749986252747476,289.10499895573594,1,1
327,sign,22664.723874521,40.42399814352393,191.09300046693534,95.93700087862089,6.1539976741187274,0.7470007403753698,334.35499790357426,1,1
328,sign,22664.750051121,40.103001083480194,157.14899927843362,92.22600056091323,5.797999619971961,0.7640010153409094,296.0400015581399,1,1
329,sign,22664.777644855,14.328001270769164,58.78899901290424,32.515999919269234,2.0740008039865643,0.2400010998826474,107.94700210681185,1,1
330,sign,22664.802215897,15.70699896547012,53.51700019673444,31.024999771034345,2.0410006982274354,0.23399843485094607,102.52399806631729,1,1
331,sign,22664.830330141,42.74299863027409,174.3040011206176,89.7939971764572,5.970003257971257,0.7239978003781289,313.5349979856983,1,1
332,sign,22664.858191748,44.25500083016232,162.07899898290634,91.06599827646278,5.828002031194046,0.6730006134603173,303.9010007341858,1,1
333,sign,22664.884814706,39.50799873564392,187.54399934550747,107.24599997047335,6.942998879821971,0.9329996828455478,342.17399661429226,1,1
334,sign,22664.912543306,34.250999306095764,121.25700231990777,43.688996811397374,3.9190017560031265,0.24999826564453542,203.36599845904857,1,1
335,sign,22664.936125694,17.91400063666515,92.21700020134449,46.84699888457544,6.020000000717118,0.285999703919515,163.28399942722172,1,1
336,sign,22664.961481799,24.387998564634472,96.27600229578093,55.599997722310945,3.6330020520836115,0.4389985406305641,180.33599917544052,1,1
337,sign,22664.988281207,40.0950011680834,155.762998474529,91.75800005323254,7.5640018621925265,0.8179995347745717,295.99800109281205,1,1
338,sign,22665.011874859,38.92899985658005,161.59699953277595,85.21000199834816,5.277997843222693,0.7010021363385022,291.71500136726536,1,1
339,sign,22665.036130823,28.08600038406439,101.41800157725811,54.455998906632885,3.8479993236251175,0.43200270738452673,188.24000289896503,1,1
340,sign,22665.060633119,13.372002285905182,54.82799679157324,31.432002288056538,1.791999238776043,0.1990010787267238,101.62300168303773,1,1
341,sign,22665.086887928,39.47000004700385,157.0349995745346,72.88400229299441,4.253997758496553,0.5340007191989571,274.17700039222836,1,1
342,sign,22665.112667206,36.15599780459888,148.77799912937917,90.4160006029997,5.811001756228507,0.7460002962034196,281.9069995894097,1,1
343,sign,22665.138172845,39.426999137504026,154.73399980692193,90.69500083569437,6.067999493097886,0.7510025170631707,291.6750017902814,1,1
344,sign,22665.161992085,57.36599996453151,148.49400031380355,84.7609990159981,5.4250012908596545,0.7800008461344987,296.8260014313273,1,1
345,sign,22665.185762663,18.29299799283035,71.84100104495883,48.06099968845956,2.535001840442419,0.3120003384537995,141.04200090514496,1,1
346,sign,22665.211643291,33.55700027896091,118.23100066976622,65.34099884447642,4.1620005504228175,0.5849979061167687,221.87599824974313,1,1
347,sign,22665.238091636,60.97000004956499,226.70299949822947,159.34799739625305,10.902000212809071,1.0510011634323746,458.97399832028896,1,1
348,sign,22665.261043179,36.44699972937815,152.52399680321105,89.84500163933262,5.931000487180427,0.6789996405132115,285.42599829961546,1,1
349,sign,22665.285431244,38.891001167939976,187.3279979918152,134.23800191958435,8.833998435875401,0.9470022632740438,370.238001778489,1,1
350,sign,22665.309381695,40.79500286024995,157.75399879203178,81.71000081347302,3.9339975046459585,0.6250011210795492,284.81800109148026,1,1
351,sign,22665.334272921,24.721997760934755,92.06200047628954,51.83100074646063,3.449000359978527,0.39699807530269027,172.46099741896614,1,1
352,sign,22665.359693193,38.29300112556666,152.05999807221815,89.37000166042708,5.744997906731442,0.7109993021003902,286.1789980670437,1,1
353,sign,22665.383603337,38.71300214086659,161.66199930012226,93.13600094174035,6.062997272238135,0.6810005288571119,300.25500018382445,1,1
354,sign,22665.407804211,37.32599725481123,149.1310031269677,110.11499736923724,5.9490012063179165,0.6759983079973608,303.19699726533145,1,1
355,sign,22665.431493041,22.822001483291388,90.51499728229828,52.07100184634328,3.31199771608226,0.3770001058001071,169.09699843381532,1,1
356,sign,22665.455168047,13.442000636132434,54.23499897005968,32.00600258423947,2.0329971448518336,0.27900023269467056,101.99499956797808,1,1
357,sign,22665.480748502,30.066999897826463,119.75600136793219,67.92699787183665,4.878002073382959,0.49200025387108326,223.12000146484934,1,1
358,sign,22665.505433962,37.35000063898042,188.7379985419102,96.60000068834051,6.053000106476247,0.7599992386531085,329.5009992143605,1,1
359,sign,22665.531541454,42.61900176061317,194.61899864836596,96.66900223237462,6.752998160663992,1.7590027709957212,342.41900357301347,1,1
360,sign,22665.554623205,18.41400080593303,68.71299774502404,39.688002289040014,3.440000000409782,0.30999945010989904,130.56500029051676,1,1
361,sign,22665.578536631,13.352997484616935,52.36099968897179,30.76100256294012,2.450000465614721,0.2349988790228963,99.15999908116646,1,1
362,sign,22665.619596317,28.406000637914985,2.5990011636167765,1.3600001693703234,3.8629987102467567,0.3800014383159578,36.6080021194648,1,0
363,sign,22665.664737277,29.10900002461858,2.526001480873674,1.4799989003222436,4.134999471716583,0.42900137486867607,37.67900125239976,1,0
364,sign,22665.709412984,10.690000635804608,0.8610004442743957,0.41899693314917386,1.767002686392516,0.16599733498878777,13.902998034609482,1,0
365,sign,22665.738146242,18.16999792936258,65.54200081154704,32.2640007652808,2.644999767653644,0.2259985194541514,118.84699779329821,1,1
366,sign,22665.764417423,38.94999827025458,153.0580011603888,89.04800051823258,5.642999894917011,0.70999885792844,287.40899870172143,1,1
367,sign,22665.7888576,37.552999856416136,175.3389988152776,93.79000039189123,5.959002010058612,0.7329981599468738,313.37399923359044,1,1
368,sign,22665.813254507,39.17199865099974,167.22100190236233,90.05600077216513,6.157999450806528,0.6800000846851617,303.2870008610189,1,1
369,sign,22665.838271612,15.539000742137432,63.75500015565194,37.19999949680641,2.3719985620118678,0.31099989428184927,119.1769988508895,1,1
370,sign,22665.862807931,12.276999768801033,55.64399907598272,32.154999644262716,2.9809998522978276,0.39600126910954714,103.45299961045384,1,1
371,sign,22665.904620533,29.550999897764996,2.8659997042268515,1.4929973985999823,4.2050014599226415,0.504998752148822,38.61999721266329,1,0
372,sign,22665.949617166,29.57700053229928,2.5990011636167765,1.172997144749388,4.077002813573927,0.42799729271791875,37.85399894695729,1,0
373,sign,22665.994336278,9.850002243183553,0.9599971235729754,0.41400198824703693,1.2790005712304264,0.13799945008940995,12.641001376323402,1,0
374,sign,22666.039628614,30.332001188071445,2.6570014597382396,1.3889984984416515,4.501001967582852,0.5809997674077749,39.46000288124196,1,0
375,sign,22666.084692934,27.40399941103533,2.6179986889474094,1.2560012692119926,4.147001163801178,0.3929999365936965,35.818000469589606,1,0
376,sign,22666.090854804,61.10899994382635,17.299000319326296,1.939002686413005,54.95899677043781,0.4520006768871099,135.75800039689057,2,1
377,sign,22666.117662742,43.51000097813085,99.21799937728792,32.12700175936334,2.9009970603510737,0.31600211514160037,178.07200129027478,2,1
378,sign,22666.143693172,118.66899876622483,287.1079996111803,114.20800001360476,9.330000466434285,0.934000127017498,530.2489989844617,2,1
379,sign,22666.169507242,165.6419990467839,370.02300086896867,162.27399828494526,13.02100281463936,1.2429991329554468,712.2030001482926,2,1
380,sign,22666.192721849,91.41300324699841,203.86799951666035,79.75100015755743,6.9689995143562555,0.6279988156165928,382.62900125118904,2,1
381,sign,22666.216277158,84.85500075039454,207.78199905180372,39.66399890487082,4.366000212030485,0.5690017133019865,337.23600063240156,2,1
382,sign,22666.240781995,47.411002014996484,103.9929993567057,32.796000596135855,3.0199989851098508,0.3210006980225444,187.54100165097043,2,1
383,sign,22666.265661592,82.24100020015612,232.16699992190115,126.51100041694008,8.286002412205562,0.7409980753436685,449.9460010265466,2,1
384,sign,22666.289194338,106.36000297381543,216.74799791071564,82.80300244223326,7.320999429794028,0.7009984983596951,413.93300125491805,2,1
385,sign,22666.313225243,154.3340003991034,347.1099989837967,170.11200179695152,12.706997949862853,1.1230004020035267,685.385999531718,2,1
386,sign,22666.338057254,161.66400018846616,343.9149986661505,170.96400188165717,12.554999557323754,1.0889998520724475,690.18700014567,2,1
387,sign,22666.363898668,71.18099892977625,167.84100080258213,45.115997636457905,4.216002707835287,0.6449990905821323,288.9989991672337,2,1
388,sign,22666.387893538,70.59199924697168,155.15599807258695,70.32800203887746,4.359997546998784,0.4800021997652948,300.91599910520017,2,1
389,sign,22666.41544254,122.96099885134026,286.51400134549476,144.4589979655575,24.272001610370353,1.1169977369718254,579.3229975097347,2,1
390,sign,22666.441705634,203.15700021455996,386.32900032098405,174.03500169166364,14.00700057274662,1.2069976946804672,778.7350004946347,2,1
391,sign,22666.468822201,114.18899885029532,331.5430003567599,72.10100011434406,5.629000952467322,0.5589972715824842,524.0209975454491,2,1
392,sign,22666.492845804,39.01399759342894,95.59200043440796,74.02300252579153,4.817997250938788,0.362000719178468,213.8089985237457,2,1
393,sign,22666.517060298,21.781001123599708,54.86299778567627,28.14000254147686,2.348999259993434,0.20700099412351847,107.34000170486979,2,1
394,sign,22666.540304133,109.22799992840737,239.75500153028406,101.5070010907948,8.283997885882854,0.7300004654098302,459.5040009007789,2,1
395,sign,22666.567262264,732.5939986912999,352.8769993863534,168.11699970276095,13.155000488040969,1.124000846175477,1267.8669991146307,2,1
396,sign,22666.590747016,117.04800272127613,281.7530003085267,103.61099703004584,9.009003406390548,0.9169998520519584,512.3380033182912,2,1
397,sign,22666.615249531,86.87699664733373,251.88100335071795,103.85499990661629,11.669999366858974,0.957999873207882,455.2409991447348,2,1
398,sign,22666.641318833,61.14400093792938,152.65999900293536,54.44300040835515,6.230999133549631,0.4629982868209481,274.94099776959047,2,1
399,sign,22666.667707631,64.98299990198575,140.04699914949015,45.57799911708571,4.2000028770416975,0.6709997251164168,255.47900077071972,2,1
400,sign,22666.693298345,124.96500130509958,244.30399935226887,100.47799878520891,8.917002560338005,0.8459974196739495,479.5099994225893,2,1
401,sign,22666.718310007,92.40900180884637,216.8159990105778,93.05099956691265,7.5120005931239575,0.8179995347745717,410.60600051423535,2,1
402,sign,22666.741835638,107.02399958972819,278.31400075228885,102.1349999064114,9.257000783691183,0.8879978850018233,497.61799891712144,2,1
403,sign,22666.766079289,55.94800313701853,140.4920003551524,40.477996662957594,4.173001798335463,0.2950000634882599,241.38600201695226,2,1
404,sign,22666.789717365,35.45599975041114,87.90799984126352,33.713997254380956,2.5270019250456244,0.34700133255682886,159.95200010365807,2,1
405,sign,22666.813618313,80.18999869818799,178.18299966165796,68.54200182715431,6.243997631827369,0.5770016286987811,333.7359994475264,2,1
406,sign,22666.839713163,99.7989991446957,274.9640007095877,122.06899918965064,18.530001398175955,1.0089970601256937,516.3709975022357,1,1
407,sign,22666.863737108,88.36900087771937,280.3129973472096,107.85300037241541,7.208000170066953,0.9319992386735976,484.67499800608493,1,1
408,sign,22666.88971387,64.40899960580282,182.6369989430532,79.56300032674335,5.556998075917363,0.9760005923453718,333.1419975438621,1,1
409,sign,22666.913493549,46.40399856725708,132.53200086182915,52.17400030232966,3.373999788891524,0.3749992174562067,234.8589987377636,1,1
410,sign,22666.938914097,117.7220001409296,311.9919965683948,154.61500152014196,9.511000826023519,1.243999577127397,595.0839986326173,1,1
411,sign,22666.964571766,45.677003072341904,113.78799899830483,35.74599759303965,2.8650028980337083,0.34099866752512753,198.41700122924522,1,1
412,sign,22666.989654172,78.33199924789369,222.9609999631066,147.85500025027432,7.807000656612217,0.9039977157954127,457.8589978336822,1,1
413,sign,22667.014609638,39.51699909521267,156.5669990668539,92.09299969370477,6.1870014178566635,0.6939990271348506,295.05799830076285,1,1
414,sign,22667.03829931,14.835000911261886,55.494998377980664,37.329002225305885,2.101998688885942,0.35199991543777287,110.11300011887215,1,1
415,sign,22667.061550236,53.309999202610925,152.73000099114142,73.60999734373763,4.094999894732609,0.5510009941644967,284.2959984263871,1,1
416,sign,22667.089385212,90.02200022223406,234.07100161421113,91.92499783239327,6.500002200482413,1.052998413797468,423.57100028311834,1,1
417,sign,22667.114264796,92.04399975715205,255.32200015732087,104.00500104879029,6.95699782227166,0.805001036496833,459.1329998220317,1,1
418,sign,22667.139164654,67.41000106558204,212.99799846019596,97.58700252859853,7.775997801218182,0.7779999577905983,386.5489998133853,1,1
419,sign,22667.163735971,53.73200110625476,149.6719996794127,60.36299964762293,14.776000170968473,0.6439986464101821,279.18699925066903,1,1
420,sign,22667.189962976,79.63799725985155,181.37400184059516,63.50599869620055,3.8480029616039246,0.4749999789055437,328.8410007371567,1,1
421,sign,22667.215444349,79.86000127857551,216.30499759339727,82.8340016596485,6.418998964363709,0.7540002116002142,386.1719997075852,1,1
422,sign,22667.240684031,78.73499998822808,236.32499869563617,121.23200212954544,7.336999260587618,0.8880015229806304,444.51700159697793,1,1
423,sign,22667.269260457,95.96300151315518,290.2129999711178,108.37099762284197,7.319002179428935,0.9969990060199052,502.8630002925638,1,1
424,sign,22667.293924504,36.125999031355605,145.45500016538426,52.327002777019516,3.7059980968479067,0.4069988790433854,238.02099894965068,1,1
425,sign,22667.317915518,13.314998795976862,51.35500032338314,46.92999937105924,1.9780018192250282,0.2720007614698261,113.8500010711141,1,1
426,sign,22667.342021806,15.891000657575205,65.01499956357293,38.12400245806202,2.393000613665208,0.29299917514435947,121.71600246801972,1,1
427,sign,22667.368557026,37.94700023718178,154.43800293724053,92.07199764205143,6.294001650530845,0.6019981810823083,291.3530006480869,1,1
428,sign,22667.392597548,37.59399987757206,150.6789994891733,88.91700053936802,5.800997314509004,0.7580019882880151,283.7489992089104,1,1
429,sign,22667.416093707,21.40300057362765,83.18799882545136,47.28600106318481,3.039000148419291,0.3699969965964556,155.28599760727957,1,1
430,sign,22667.439928616,12.177999451523647,47.65799894812517,35.27400258462876,1.9090002751909196,0.2359993231948465,97.25500058266334,1,1
431,sign,22667.466244343,43.35199992056005,167.68800196587108,84.47099753539078,6.370002665789798,1.1810006981249899,303.0620027857367,1,1
432,sign,22667.491581856,38.72800152748823,153.09499940485694,89.96500037028454,6.0399979702197015,0.6619993655476719,288.4899986383971,1,1
433,sign,22667.51608669,38.55199975077994,152.81599917216226,90.02200022223406,6.065001798560843,0.7219969120342284,288.17699785577133,1,1
434,sign,22667.54218469,62.15000030351803,251.51400041067973,120.06700126221403,6.676000339211896,0.7369999366346747,441.14400225225836,1,1
435,sign,22667.564521741,13.38299989583902,52.912000683136284,30.088001949479803,1.9750004867091775,0.21599771571345627,98.57400073087774,1,1
436,sign,22667.588804337,11.807998816948384,47.55900226882659,27.5229976978153,1.7180027498397976,0.22499807528220117,88.83299960871227,1,1
437,sign,22667.61455282,27.572001272346824,106.32699923007749,62.76199928834103,4.184999852441251,0.5010006134398282,201.34700025664642,1,1
438,sign,22667.640315298,40.58100239490159,157.3919980728533,91.15400098380633,6.189999112393707,0.7140006346162409,296.0310011985712,1,1
439,sign,22667.667262244,38.04500011028722,154.30300118168816,89.80799975688569,5.95199890085496,0.7210001058410853,288.8290000555571,1,1
440,sign,22667.693015987,19.973002054030076,66.6109990561381,35.41999831213616,2.2470012481790036,0.2710003172978759,124.52200098778121,1,1
441,sign,22667.716754973,15.560999599983916,66.48799899267033,30.60600283788517,2.020999090746045,0.20199877326376736,114.87799929454923,1,1
442,sign,22667.741345962,46.782999561401084,171.77200061269104,87.89899948169477,5.132998921908438,0.643001840217039,312.2300004179124,1,1
443,sign,22667.767265416,64.17899930966087,237.33099806122482,155.29400116065517,8.997001714305952,0.9859977581072599,466.78699800395407,1,1
444,sign,22667.792260983,40.47900074510835,155.9209995320998,91.00000170292333,5.9869998949579895,0.7189992174971849,294.10600109258667,1,1
445,sign,22667.816280976,24.935001420089975,97.04499825602397,40.21399945486337,2.663000486791134,0.2990018401760608,165.1560014579445,1,1
446,sign,22667.840114406,12.623997463379055,50.81700146547519,27.499001589603722,1.8459977582097054,0.21900268620811403,93.00500096287578,1,1
447,sign,22667.864933553,18.577000446384773,98.17899990594015,46.478002332150936,2.9479997465386987,0.3889981599058956,166.57100059092045,1,1
448,sign,22667.891964208,30.31799860764295,138.50100003764965,74.31199992424808,4.662000719690695,0.5590009095612913,248.35200019879267,1,1
449,sign,22667.916630089,40.974002331495285,164.76800010423176,90.5559973034542,6.12599978921935,0.6700029189232737,303.0940024473239,1,1
450,sign,22667.94186359,13.703000149689615,53.07500032358803,30.882998544257134,1.9660001271404326,0.23400207282975316,99.86100121750496,1,1
451,sign,22667.965955263,11.973999789915979,65.32699990202673,31.542000215267763,1.9940016500186175,0.2269989636261016,111.06400052085519,1,1
452,sign,22667.990178311,18.64500154624693,76.070999057265,47.08399865194224,2.7620008040685207,0.3259992809034884,144.88799934042618,1,1
453,sign,22668.01528265,29.24199725384824,115.28100003488362,58.289999287808314,3.9670012483838946,0.4399989848025143,207.21999680972658,1,1
454,sign,22668.039803808,41.38200165471062,211.9919990946073,107.58700227597728,6.848997145425528,0.772000930737704,368.58200110145845,1,1
455,sign,22668.064602815,39.463000575779006,173.21699851891026,95.86200030753389,6.327998562483117,0.7090020517352968,315.57900001644157,1,1
456,sign,22668.090772522,12.669002899201587,49.34099706588313,28.218000807100907,1.8079990695696324,0.21100277081131935,92.24700261256658,1,1
457,sign,22668.114634663,13.163000403437763,53.361000027507544,28.16899723256938,1.9130020518787205,0.22799940779805183,96.83399912319146,1,1
458,sign,22668.14011604,58.86000144528225,218.75599850318395,131.23600001563318,6.914000550750643,0.7900016498751938,416.5560021647252,1,1
459,sign,22668.164903236,37.08700023707934,168.23999976622872,90.05899846670218,6.051002856111154,0.652999005978927,302.0900003321003,1,1
460,sign,22668.189596329,39.163998735602945,160.18600217648782,82.54099884652533,5.650999810313806,0.6109985406510532,288.15299810958095,1,1
461,sign,22668.21350037,19.015002180822194,76.67699901503511,44.91599975153804,3.0240007617976516,0.3589993866626173,143.9910010958556,1,1
462,sign,22668.238122533,15.795001672813669,59.245998272672296,32.44099934818223,2.0940024114679545,0.2439992385916412,109.82000094372779,1,1
463,sign,22668.265996737,59.13500353926793,173.9409999572672,123.5269992321264,7.3359988164156675,0.829000782687217,364.7680023277644,1,1
464,sign,22668.293061679,40.60400169692002,155.55499703623354,90.18600030685775,5.778001650469378,0.6959999154787511,292.81900060595945,1,1
465,sign,22668.321079454,53.192001360002905,227.79600112698972,103.40699736843817,6.270001904340461,0.6989976100157946,391.36399936978705,1,1
466,sign,22668.350177071,40.38699989905581,156.5790007589385,91.01199975702912,6.213002052390948,0.628999259788543,294.8200017272029,1,1
467,sign,22668.375541471,13.461001799441874,53.07799801812507,31.24100112472661,2.1129999367985874,0.18900027498602867,100.08200115407817,1,1
468,sign,22668.400433384,21.603002096526325,76.6179982747417,33.86300159036182,2.176999259972945,0.22899985197000206,134.49000107357278,1,1
469,sign,22668.427207112,63.01000030362047,231.7059988854453,143.35400192067027,9.088998922379687,0.9600007615517825,448.1190007936675,1,1
470,sign,22668.451589137,57.7710015932098,157.6609975018073,91.39200119534507,6.297999789239839,0.72900002123788,313.8510001008399,1,1
471,sign,22668.477819982,60.96799916122109,243.0970016575884,140.10599988978356,7.770999218337238,0.8329989213962108,452.7749988483265,1,1
472,sign,22668.503663933,24.381999537581578,306.8890000577085,85.65400275983848,3.2239986467175186,0.3210006980225444,420.4700016998686,1,1
473,sign,22668.528486478,28.71999822673388,79.71900049597025,35.2850001945626,2.474000211805105,0.2800006768666208,146.47799980593845,1,1
474,sign,22668.55578216,47.62599928653799,212.71600053296424,98.38899859460071,6.491001840913668,0.6919981387909502,365.91399839380756,1,1
475,sign,22668.57999097,90.25899998960085,231.63600053521805,98.41700011747889,6.165999366203323,0.6359987310133874,427.1139987395145,1,1
476,sign,22668.603341888,22.745000023860484,64.11000140360557,33.12199987703934,2.3569991753902286,0.2550004865042865,122.58900096639991,1,1
477,sign,22668.62873319,14.143002772470936,58.06899935123511,28.605998522834852,1.8940008885692805,0.24800101527944207,102.96000255038962,1,1
478,sign,22668.652875905,12.147000234108418,49.298996600555256,29.35400334536098,1.7669990484137088,0.17799902707338333,92.74499825551175,1,1
479,sign,22668.678950217,46.72900104196742,190.97399854217656,107.93700130307116,7.712998922215775,0.9940013114828616,354.3470011209138,1,1
480,sign,22668.705279761,67.18199801980518,190.152000868693,92.69300062442198,6.319998647086322,0.7220005500130355,357.0689987100195,1,1
481,sign,22668.730772673,39.73400089307688,157.81199908815324,109.47700138785876,6.048998329788446,0.7500020728912205,313.82200177176856,1,1
482,sign,22668.756554461,19.78599902940914,71.38000000850298,29.87200059578754,2.1169980755075812,0.22899985197000206,123.38399756117724,1,1
483,sign,22668.780876811,14.342000213218853,55.55600000661798,29.41799903055653,2.0119987311773,0.20300285541452467,101.53100083698519,1,1
484,sign,22668.808684861,44.894000893691555,168.15900016808882,91.47899982053787,6.237998604774475,0.809999619377777,311.5799991064705,1,1
485,sign,22668.834256605,38.643000152660534,154.82799790333956,89.61300045484677,5.876998329767957,0.6150003173388541,289.5759971579537,1,1
486,sign,22668.859531973,38.75399852404371,166.93300131009892,90.74999979929999,5.992998922010884,0.7199996616691351,303.14999821712263,1,1
487,sign,22668.884899112,22.127002011984587,100.20799891208299,54.0510009159334,3.6149976949673146,0.4120010999031365,180.41300063487142,1,1
488,sign,22668.90967597,12.447999324649572,53.44500095816329,29.373000870691612,1.8049977370537817,0.22300082491710782,97.29399971547537,1,1
489,sign,22668.936592389,65.88199903490022,250.13900085468777,146.48599972133525,7.99999907030724,1.0410003596916795,471.54799904092215,1,1
490,sign,22668.962952672,38.03200161200948,180.51499864668585,88.9430011739023,5.936999514233321,0.6830014172010124,314.11000236403197,1,1
491,sign,22668.98795928,97.75900252861902,264.40299916430376,151.5889998700004,7.6930009527131915,0.7819980964995921,522.226000612136,1,1
492,sign,22669.013848507,39.12600004696287,185.6360031524673,99.46399950422347,6.613998266402632,0.6880000000819564,331.52800097013824,1,1
493,sign,22669.037848569,39.9370001105126,168.28299703774974,39.76500011049211,3.36800076183863,0.2630004019010812,251.61599842249416,1,1
494,sign,22669.084435894,81.06899986159988,3.9529986679553986,2.930999471573159,10.822001058841124,0.9040013537742198,99.67900041374378,1,0
495,sign,22669.12956637,108.42399933608249,5.501999112311751,2.8180002118460834,13.683002180187032,1.148997398559004,131.57599823898636,1,0
496,sign,22669.138436414,58.953999541699886,27.11300112423487,2.968998160213232,114.37000284786336,1.0219991963822395,204.4280008703936,2,1
497,sign,22669.163763453,21.7099986912217,55.030999646987766,30.499999411404133,2.611999661894515,0.21100277081131935,110.06400018231943,2,1
498,sign,22669.188110123,18.778002413455397,48.64799848292023,27.312999009154737,2.478001988492906,0.2169981598854065,97.43400005390868,2,1
499,sign,22669.234314624,55.15800148714334,2.059001417364925,1.762997271725908,6.618000043090433,0.3990026016253978,65.99700282095,2,0
500,sign,22669.279421758,111.49299825774506,3.984001523349434,2.3840002540964633,20.79199839499779,0.7929993444122374,139.44599777460098,2,0
501,sign,22669.324245379,51.92699973122217,2.278000465594232,1.1899974197149277,6.760001269867644,0.39099904824979603,62.54599793464877,2,0
502,sign,22669.369394639,93.30499960924499,4.418998287292197,2.655000571394339,11.561998690012842,0.9630020940676332,112.903999252012,2,0
503,sign,22669.414369456,102.28199971606955,5.466001312015578,2.824999683070928,13.4149995574262,0.8549977792426944,124.84299804782495,2,0
504,sign,22669.459141548,28.301001293584704,1.6359990695491433,0.7070011633913964,4.222998541081324,0.3230015863664448,35.19000165397301,2,0
505,sign,22669.504680382,84.71899855067022,4.337001882959157,2.1479972929228097,9.06600325834006,1.5369987522717565,101.806999737164,2,0
506,sign,22669.549411737,65.85699884453788,3.403001755941659,1.8370010366197675,7.954997272463515,0.6129994289949536,79.66499833855778,2,0
507,sign,22669.594358846,98.5549995675683,3.974000719608739,2.830998710123822,11.574000382097438,0.8810020517557859,117.81500143115409,2,0
508,sign,22669.639205224,90.81199823413044,2.04800016945228,1.0110015864484012,6.114998541306704,0.4079993232153356,100.39399785455316,2,0
509,sign,22669.683988627,94.4500025070738,206.4059990516398,96.06800085748546,8.245999197242782,0.7729977369308472,405.9429993503727,2,1
510,sign,22669.709268984,31.109000701690093,74.5170000300277,42.98999920138158,3.291999746579677,0.22500171326100826,152.13300139294006,2,1
511,sign,22669.759665075,61.751001339871436,4.1570019675418735,1.8189966795034707,8.513001375831664,0.7500020728912205,76.99000343563966,2,0
512,sign,22669.804594045,160.54700245149434,5.017998773837462,3.525998181430623,14.353001461131498,1.104999682866037,184.54900055075996,2,0
513,sign,22669.849271875,52.48500019661151,1.9409999367780983,0.9770010365173221,6.120000762166455,0.3889981599058956,61.91200009197928,2,0
514,sign,22669.894671641,221.39200154924765,7.755999831715599,4.659999831346795,18.490998627385125,1.3089993444737047,253.60799918416888,2,0
515,sign,22669.939462637,110.69599713664502,4.900000931229442,2.7339992811903358,13.5750015033409,1.0650001058820635,132.96999895828776,2,0
516,sign,22669.984164502,29.075999918859452,1.3620010577142239,0.791002094047144,3.335997462272644,0.36100027500651777,34.92600080789998,2,0
517,sign,22670.029595278,105.75199848972261,5.884001438971609,3.727000148501247,12.597000022651628,0.9200011845678091,128.8800012844149,2,0
518,sign,22670.074643547,241.09399964800104,13.41800088994205,6.952999683562666,37.551999412244186,1.8240025383420289,300.841002172092,2,0
519,sign,22670.119296656,55.41899736272171,2.4280016077682376,1.3470016710925847,6.690999725833535,0.42399915400892496,66.308999521425,2,0
520,sign,22670.164438473,110.17900033039041,4.866000381298363,3.258999640820548,13.328000932233408,0.9889990906231105,132.62100037536584,2,0
521,sign,22670.209461617,111.37999899801798,5.009002052247524,2.5989975256379694,14.01000190526247,1.001000782707706,133.99900126387365,2,0
522,sign,22670.254299049,73.00799916265532,3.139000909868628,2.067998138954863,8.552000508643687,0.5729998520109802,87.33999857213348,2,0
523,sign,22670.299540216,117.65899762394838,4.957000783178955,3.2280004234053195,14.042998373042792,1.124000846175477,141.01099804975092,2,0
524,sign,22670.344493417,123.95700105116703,5.112997314427048,3.207002009730786,14.4219993671868,1.1209995136596262,147.8199992561713,2,0
525,sign,22670.389265323,56.8450013815891,2.4049986677709967,1.272001100005582,6.688998837489635,0.36500205169431865,67.57600203854963,2,0
526,sign,22670.434334151,51.97200152906589,2.410997694823891,1.234002411365509,6.4539999584667385,0.45599881559610367,62.527000409318134,2,0
527,sign,22670.479574728,66.78899808321148,4.147001163801178,2.1519990696106106,9.024002793012187,0.7849994290154427,82.8970005386509,2,0
528,sign,22670.524222145,50.89399928692728,2.0650004444178194,1.309999788645655,6.058002327335998,0.752999767428264,61.08000161475502,2,0
529,sign,22670.569398541,113.82899901946075,5.300000339047983,3.029999788850546,19.743001757888123,1.3169992598704994,143.2190001651179,1,0
530,sign,22670.612907561,38.211001083254814,187.48099682852626,93.79699986311607,6.061000021873042,0.7030030246824026,326.2530008214526,1,1
531,sign,22670.637438315,16.30000042496249,65.18200098071247,37.26800059666857,2.4419969122391194,0.2680026227608323,121.46000153734349,1,1
532,sign,22670.661153026,37.846999475732446,120.13699961244129,45.33699757303111,3.1000017770566046,0.38199868868105114,206.8029971269425,1,1
533,sign,22670.686723046,101.45099804503843,368.1029993458651,174.42700118408538,10.829000530065969,1.2800010154023767,656.0900001204573,1,1
534,sign,22670.710625288,76.35200017830357,224.816998525057,125.31900210888125,7.063998054945841,0.8380011422559619,434.3900000094436,1,1
535,sign,22670.73560435,54.648000514134765,246.09200045233592,160.18200039980002,10.972999007208273,1.0990006558131427,472.9940010292921,1,1
536,sign,22670.759938176,46.23700078809634,148.32199667580426,45.797001803293824,3.1179988582152873,0.628999259788543,244.10299738519825,1,1
537,sign,22670.783884819,25.839999580057338,115.76000179047696,45.02699812292121,2.4850014597177505,0.2359993231948465,189.3480002763681,1,1
538,sign,22670.808755269,64.02999861165881,170.8919990051072,78.38100282242522,4.637997335521504,0.567000824958086,318.5079985996708,1,1
539,sign,22670.834433191,126.28100012079813,358.09299879474565,196.97099924087524,9.998002497013658,1.1589982022996992,692.5019988557324,1,1
540,sign,22670.859894163,143.69799828273244,350.40399961872026,170.78000018955208,10.0880024547223,1.2279997463338077,676.1980002920609,1,1
541,sign,22670.885308688,40.80799772054888,113.40100172674283,36.6019994544331,3.082001057919115,0.3489985829219222,194.24199854256585,1,1
542,sign,22670.910410116,52.3309972777497,130.71700232103467,29.900998924858868,2.1260020730551332,0.2899978426285088,215.36499843932688,1,1
543,sign,22670.936078747,50.79200127511285,118.7210000352934,35.34400093485601,2.6809975679498166,0.31500167096965015,207.85300148418173,1,1
544,sign,22670.960555531,44.77699985727668,184.65799803379923,78.47000233596191,4.812998668057844,0.5729998520109802,313.29099874710664,1,1
545,sign,22670.985606574,82.57100125774741,244.2459990561474,125.59099923237227,7.88000033935532,0.9620016498956829,461.2500015355181,1,1
546,sign,22671.010946192,106.77400132408366,253.36899852845818,106.1490002030041,6.923000910319388,0.8749993867240846,474.0900003525894,1,1
547,sign,22671.036109537,35.678000131156296,107.97299910336733,34.4360014423728,2.288001269334927,0.24799737730063498,180.62299932353199,1,1
548,sign,22671.06159184,65.41699985973537,173.41100101475604,55.373999202856794,3.888999344781041,0.567000824958086,298.65800024708733,1,1
549,sign,22671.086800389,135.72700117947534,367.4119980132673,105.02600343897939,7.085996912792325,1.2920027074869722,616.5430022520013,1,1
550,sign,22671.112782813,112.6629977079574,345.94400131027214,128.61299910582602,7.541002560174093,1.1349984561093152,595.895999140339,1,1
551,sign,22671.144763631,117.84999878727831,465.7850004150532,193.3109997480642,11.513999197632074,1.272001100005582,789.7319992480334,1,1
552,sign,22671.169973292,55.82400262937881,170.6000002741348,60.53299875929952,4.203000571578741,0.6390000635292381,291.7990022979211,1,1
553,sign,22671.195574778,60.76099816709757,141.993001307128,42.216997826471925,3.4370023058727384,0.371997884940356,248.77999749151058,1,1
554,sign,22671.220370007,80.43799971346743,242.79200079035945,102.81200229655951,7.380000170087442,1.0049989214166999,434.42700189189054,1,1
555,sign,22671.244163281,87.17899982002564,245.19100043107755,102.86999895470217,7.124999683583155,0.8220013114623725,443.1870002008509,1,1
556,sign,22671.269802327,83.30499986186624,269.30600142804906,105.27799895498902,7.424001523759216,0.8189999789465219,466.13200174761005,1,1
557,sign,22671.296044403,55.963999329833314,125.56200090330094,38.9259985240642,3.1430026865564287,0.39699807530269027,223.99199951905757,1,1
558,sign,22671.34946494,95.47899753670208,5.339999916031957,2.8750000637955964,12.56700124940835,1.119999069487676,117.38099783542566,1,0
559,sign,22671.394496716,86.20800144854002,4.4959997467231005,2.5189983716700226,11.100000847363845,1.0250005288980901,105.34800094319507,1,0
560,sign,22671.439235717,43.98099918034859,1.8040009308606386,1.1170013749506325,5.333997251000255,0.41400198824703693,52.65000072540715,1,0
561,sign,22671.459935089,39.813003240851685,155.40299864369445,54.96299854712561,3.430999640841037,0.40600207285024226,254.01600214536302,1,1
562,sign,22671.48471547,39.82799898949452,98.22600259212777,33.1859992002137,2.63900074060075,0.7239978003781289,174.60299932281487,1,1
563,sign,22671.508544957,48.73099896940403,113.46700193826109,34.13499871385284,2.921002305811271,0.3089990059379488,199.56300093326718,1,1
564,sign,22671.533916476,51.62799789104611,146.18400018662214,45.54500264930539,3.396999090909958,0.4120010999031365,247.16600091778673,1,1
565,sign,22671.560332448,40.348000766243786,110.55099821533076,37.465000787051395,2.5840017769951373,0.3539971658028662,191.30199871142395,1,1
566,sign,22671.584702439,43.85000283946283,109.77299825754017,32.32100061723031,2.382999809924513,0.2939996193163097,188.62100114347413,1,1
567,sign,22671.610654724,74.05399810522795,223.79900110536255,128.20999836549163,7.316000846913084,0.8610004442743957,434.2399988672696,1,1
568,sign,22671.636409616,55.82200174103491,241.82899869629182,102.61900024488568,7.334998372243717,0.7580019882880151,408.36300104274414,1,1
569,sign,22671.661953098,112.65099965385161,241.15700216498226,103.00899884896353,7.369999366346747,0.8150018402375281,465.0020018743817,1,1
570,sign,22671.688293191,76.91100108786486,183.6909978010226,52.08999937167391,4.065001121489331,0.362000719178468,317.1190001012292,1,1
571,sign,22671.711553358,33.2589988829568,99.4200017885305,32.929998269537464,2.1790001483168453,0.28800059226341546,168.07599968160503,1,1
572,sign,22671.754796501,127.81599798472598,5.3629992180503905,3.3950018405448645,12.111999240005389,1.3259996194392443,150.01199790276587,1,0
573,sign,22671.799509013,94.49400022276677,5.109999619890004,3.0600022000726312,12.568998499773443,1.396001607645303,116.62900215014815,1,0
574,sign,22671.844209982,45.030999899609014,2.4190012481994927,1.1519987310748547,5.769001290900633,0.43800173443742096,54.809002904221416,1,0
575,sign,22671.877699922,60.17700070515275,166.19999951217324,55.900000006658956,4.484001692617312,0.5019974196329713,287.2629993362352,1,1
576,sign,22671.901934551,101.33000250789337,231.38899996411055,98.30499766394496,6.091002433095127,0.7519993232563138,437.8670018923003,1,1
577,sign,22671.925767754,82.24799967138097,289.2820011766162,108.61499686143361,7.15300120646134,0.8159986464306712,488.11399756232277,1,1
578,sign,22671.951243377,39.88800017395988,140.51499965717085,50.70300176157616,3.2719981390982866,0.34999902709387243,234.72799875889905,1,1
579,sign,22671.975533913,71.98400271590799,136.38599921250716,36.82799797388725,3.122000634903088,0.32500247471034527,248.64500301191583,1,1
580,sign,22672.000648896,67.87700112909079,184.42600048729219,72.71600043168291,5.088997568236664,0.6360023689921945,330.74400198529474,1,1
581,sign,22672.025671256,77.37399937468581,243.06599880219437,138.0260000587441,7.275000825757161,0.8409988367930055,466.58199789817445,1,1
582,sign,22672.050658353,92.34100070898421,272.6359998632688,107.02399958972819,7.544000254711136,0.8440001693088561,480.3890005860012,1,1
583,sign,22672.076906813,53.7430023541674,156.47100008209236,51.05599848320708,3.691999154398218,0.4520006768871099,265.41400075075217,1,1
584,sign,22672.101464695,36.80100053315982,102.87799887009896,32.28200148441829,2.3520005925092846,0.5129986675456166,174.82600014773197,1,1
585,sign,22672.125919311,127.3909983865451,240.63999808277003,94.90400043432601,6.333000783342868,0.7919989002402872,470.0599965872243,1,1
586,sign,22672.150687932,79.43099990370683,229.95000108494423,121.54299838584848,6.800000846851617,0.7880007615312934,438.51200098288245,1,1
587,sign,22672.175426536,72.41500134114176,219.90099776303396,93.63100252812728,6.324000423774123,0.6880000000819564,392.9590020561591,1,1
588,sign,22672.200970636,158.46300084376708,376.5419969568029,181.97100143879652,11.552001524250954,1.287000486627221,729.8150012502447,1,1
589,sign,22672.227879982,52.82699930830859,139.3589991494082,39.76299922214821,2.906999725382775,0.3800014383159578,235.23599884356372,1,1
590,sign,22672.25303557,38.16900061792694,103.86099893366918,37.295001675374806,2.5709996407385916,0.4850007826462388,182.38100165035576,1,1
591,sign,22672.277779782,94.52199810766615,275.83799965213984,102.71599967381917,7.733000529697165,0.9620016498956829,481.770999613218,1,1
592,sign,22672.306713076,93.14199996879324,264.0330021677073,108.75299994950183,7.488997653126717,0.981002813205123,474.3980025523342,1,1
593,sign,22672.334215498,92.73100295104086,270.6649975152686,149.35100261936896,9.033999958774075,1.0599978850223124,522.8410009294748,1,1
594,sign,22672.363181307,48.470999900018796,144.52600225922652,50.5579992022831,3.974000719608739,0.4219982656650245,247.95100034680218,1,1
595,sign,22672.390091299,47.97400106326677,119.82800060650334,40.25399903184734,3.4010008675977588,0.3440000000409782,211.8010015692562,1,1
596,sign,22672.415628075,75.3009990148712,246.5900033712387,117.26999946404248,7.0499991124961525,0.8770002750679851,447.0880012377165,1,1
597,sign,22672.439372396,89.81300197774544,267.2279988473747,104.73400107002817,6.859998393338174,0.8380011422559619,469.47300143074244,1,1
598,sign,22672.464990975,112.67000081716105,247.4189968779683,103.36600098526105,7.008002285147086,0.8360002539120615,471.29900121944956,1,1
599,sign,22672.490855816,49.1720020363573,133.56999988900498,35.658998967846856,2.2759995772503316,0.28700014809146523,220.96400061855093,1,1
600,sign,22672.51514433,42.43900184519589,110.11300011887215,33.46399898873642,2.610002411529422,0.3440000000409782,188.97000336437486,1,1
601,sign,22672.539981652,105.86599819362164,241.68399977497756,104.65700324857607,6.685997504973784,0.9260002116207033,459.81899893376976,1,1
602,sign,22672.564259996,98.59299825620838,231.6310019523371,95.41499821352772,6.693000614177436,0.8179995347745717,433.1499985710252,1,1
603,sign,22672.588479719,119.38099851249717,240.83500102278776,95.98600081517361,6.803998985560611,0.7569979061372578,463.7629972421564,1,1
604,sign,22672.612443855,77.44899994577281,234.25200197380036,102.38699906039983,6.97499854140915,0.8810020517557859,421.94400157313794,1,1
605,sign,22672.636442902,61.638998886337504,126.35600069188513,33.11800173833035,2.793000021483749,0.35199991543777287,224.2580012534745,1,1
606,sign,22672.661948235,128.30800187657587,306.4859993173741,69.80999751249328,5.218000296736136,0.9130017133429646,510.73500071652234,1,1
607,sign,22672.68747626,102.29400140815414,245.1010004733689,104.8459998855833,7.321999873965979,0.776999513618648,460.340001154691,1,1
608,sign,22672.712189223,105.78799992799759,331.6990005259868,109.80500155710615,7.353999535553157,0.8229981176555157,555.4689996642992,1,1
609,sign,22672.735825913,89.91499998955987,633.2199991447851,118.51499948534183,7.255999662447721,0.7980015652719885,849.7039998474065,1,1
610,sign,22672.761461507,107.20699719968252,228.53400150779635,52.270999731263146,5.371999577619135,0.4399989848025143,393.82399700116366,1,1
611,sign,22672.78593472,55.134001740952954,173.40100021101534,43.09900032239966,3.1290001061279327,0.43199906940571964,275.1950014499016,1,1
612,sign,22672.821774763,68.69400021969341,224.52999837696552,92.72000170312822,5.948997568339109,0.752999767428264,392.6459976355545,1,1
613,sign,22672.84878441,89.52400094131008,281.3850005622953,106.55799997039139,7.246999302878976,0.8749993867240846,485.58900016359985,1,1
614,sign,22672.873368465,124.98200158006512,274.5299971138593,103.5290006257128,7.148002623580396,1.0879994079004973,511.2770013511181,1,1
615,sign,22672.897360657,36.30900027928874,101.15099939866923,31.92300209775567,2.177999704144895,0.23800021153874695,171.79900169139728,1,1
616,sign,22672.922169685,51.298000471433625,142.69299936131574,53.82699964684434,3.9379992813337594,0.4530011210590601,252.20899988198653,1,1
617,sign,22672.946704059,85.8570019772742,309.3659979640506,109.84900291077793,7.692997314734384,0.8179995347745717,513.5829997016117,1,1
618,sign,22672.971059387,82.3480004328303,244.52099751215428,103.33800310036168,6.870999641250819,0.8749993867240846,437.95300007332116,1,1
619,sign,22672.996875331,87.46400271775201,267.3439994396176,102.58600013912655,6.991998816374689,0.8380011422559619,465.22400225512683,1,1
620,sign,22673.024458172,43.312000343576074,107.50499859568663,33.18600283819251,2.3939974198583513,0.29200236895121634,186.68900156626478,1,1
621,sign,22673.049064708,36.38500129454769,107.49399734777398,38.77999915857799,2.477001544320956,0.25999906938523054,185.39599841460586,1,1
622,sign,22673.07536165,72.29800030472688,232.7799993508961,101.43300096387975,6.696998752886429,0.7130001904442906,413.92099956283346,1,1
623,sign,22673.099116884,128.48999904235825,363.7250010797288,176.0969971655868,11.26600182033144,1.3300013961270452,680.9080005041324,1,1
624,sign,22673.123988762,108.31300096469931,245.7549999235198,102.13800123892725,6.9019988586660475,0.957999873207882,464.0660008590203,1,1
625,sign,22673.150147808,71.13700121408328,123.97499813232571,34.78100188658573,2.5459994503762573,0.30099909054115415,232.73999977391213,1,1
626,sign,22673.174539048,67.56299990229309,134.22800111584365,42.36799941281788,3.4530021366663277,0.3799978003371507,247.9920003679581,1,1
627,sign,22673.199777643,62.12700100149959,158.11399862286635,70.38699914119206,4.252000508131459,0.4569992597680539,295.3369985334575,1,1
628,sign,22673.224244685,73.65900091826916,221.06399774202146,111.20700219180435,6.900998414494097,0.7500020728912205,413.5810013394803,1,1
629,sign,22673.248336742,83.00700210384093,269.6880001167301,107.4760002666153,7.443999493261799,0.8979986887425184,468.51300066919066,1,1
630,sign,22673.274216033,51.175997214159,134.3870026175864,47.54199835588224,3.4580007195472717,0.31899980967864394,236.88199871685356,1,1
631,sign,22673.297773136,58.17399869556539,96.45300087868236,31.772000511409715,2.245000359835103,0.30599767342209816,188.94999811891466,1,1
632,sign,22673.323916165,137.37199697061442,338.10100285336375,165.06199972354807,10.526000551180914,1.3239987310953438,652.3849988298025,1,1
633,sign,22673.34820802,73.73200060101226,228.24299958301708,94.71299927099608,6.311998731689528,0.7550006557721645,403.7549988424871,1,1
634,sign,22673.372544901,83.84099783143029,252.51799888792448,96.57400005380623,6.660000508418307,0.8019997039809823,440.3949969855603,1,1
635,sign,22673.399541993,111.91700104973279,249.6050001354888,95.27300062472932,39.40199894714169,0.9830000635702163,497.1800008206628,1,1
636,sign,22673.423820655,52.10900053498335,121.19399980292656,50.77999958302826,3.040000592591241,0.347998138749972,227.47099865227938,1,1
637,sign,22673.448915222,77.96600039000623,216.77299810107797,63.26099901343696,4.101002559764311,0.8779970812611282,362.9789971455466,1,1
638,sign,22673.47378858,81.01400089799426,258.29000151134096,96.1559999268502,6.931000825716183,0.8069982868619263,443.19800144876353,1,1
639,sign,22673.497544629,73.72300024144351,242.5759994366672,102.14699796051718,6.780999683542177,0.8820024959277362,426.1089998180978,1,1
640,sign,22673.525887345,75.12999945902266,254.31500034756027,104.69599874340929,6.734000635333359,0.7849994290154427,441.659998614341,1,1
641,sign,22673.55499787,42.98799831303768,106.81100320653059,35.83399666240439,2.4890032364055514,0.714997440809384,188.8369988591876,1,1
642,sign,22673.579866264,72.73300070664845,236.46499903406948,70.32999928924255,4.835001163883135,0.7849994290154427,385.14799962285906,1,1
643,sign,22673.629287367,48.35599975194782,2.3080028768163174,1.1649972293525934,6.229001883184537,0.4889989213552326,58.5470006626565,1,0
644,sign,22673.674535076,101.349000033224,6.005000614095479,3.001998265972361,12.5680016935803,1.2060008884873241,124.13000149535947,1,0
645,sign,22673.719562176,81.11300121527165,4.280998837202787,2.2999993234407157,9.91500201052986,0.8229981176555157,98.43199950410053,1,0
646,sign,22673.720101825,42.28999750921503,243.08399952133186,113.17400276311673,5.747999239247292,0.6560003384947777,404.9519993714057,1,1
647,sign,22673.744184915,90.12500231619924,247.44999973336235,103.50299999117851,7.506001566071063,0.8499991963617504,449.4340028031729,1,1
648,sign,22673.767857018,95.0030007516034,353.99799890001304,167.76499978732318,10.571999155217782,1.7990023479796946,629.1370009421371,1,1
649,sign,22673.794195397,89.35799996834248,247.66099886619486,103.04700117558241,7.029000698821619,0.7729977369308472,447.8679984458722,1,1
650,sign,22673.819799804,66.32700024056248,180.38899725070223,68.62000009277835,5.246001819614321,0.5449983291327953,321.1269977327902,1,1
651,sign,22673.843286573,52.632000006269664,150.1890001236461,55.01499981619418,3.78299955627881,0.34600088838487864,261.96500039077364,1,1
652,sign,22673.868501569,85.43500007363036,252.34699933207594,106.92200157791376,7.213999197119847,0.76700234785676,452.68500252859667,1,1
653,sign,22673.892113416,85.83999806432985,237.43700148770586,95.93999857315794,6.586000381503254,1.0399999155197293,426.8429984222166,1,1
654,sign,22673.916610282,72.01499829534441,241.20699890772812,123.43200069153681,7.4070012487936765,0.9260002116207033,444.9869993550237,1,1
655,sign,22673.940140631,100.21300113294274,269.8300013435073,107.27100016083568,7.363996701315045,1.0800031304825097,485.7580024690833,1,1
656,sign,22673.963945503,44.148000597488135,158.88199777691625,38.57000046991743,2.905999281210825,0.4260000423528254,244.93199816788547,1,1
657,sign,22673.988799253,69.17500286363065,209.32599727530032,69.28800212335773,4.713998350780457,0.9140021575149149,353.4170027705841,1,1
658,sign,22674.013942175,120.2060011564754,256.7060000728816,103.73400073149242,6.963997293496504,0.867003109306097,488.477002363652,1,1
659,sign,22674.038047929,76.98600165895186,252.91999918408692,106.85500092222355,7.163998816395178,0.9379982657264918,444.862998847384,1,1
660,sign,22674.064133448,103.20100045646541,261.2999996927101,105.57000132394023,7.520000508520752,0.8540009730495512,478.44500295468606,1,1
661,sign,22674.089839118,75.5239998397883,206.63199757109396,58.886002079816535,3.3239994081668556,0.41900057112798095,344.78499946999364,1,1
662,sign,22674.113474,34.81899693724699,100.10100231738761,32.91100074420683,2.243999915663153,0.23899701773189008,170.31399693223648,1,1
663,sign,22674.140301959,71.3359986548312,219.04500317759812,95.13199984212406,6.753998604835942,0.785999873187393,393.0530001525767,1,1
664,sign,22674.164161592,85.43199874111451,255.25499950163066,105.13099914533086,6.866001058369875,0.8780007192399353,453.56199916568585,1,1
665,sign,22674.187729108,77.26999683654867,258.69500314001925,117.29699690476991,7.213002390926704,0.8799979696050286,461.35499724186957,1,1
666,sign,22674.211917485,62.754999817116186,214.65899772010744,76.98400077060796,4.4150001485832036,0.462001480627805,359.2749999370426,1,1
667,sign,22674.235451061,46.62100036512129,107.45500185294077,37.011999665992334,2.5029985408764333,0.3390014171600342,193.93000184209086,1,1
668,sign,22674.260927003,49.48299829266034,166.44800052745268,60.326001403154805,4.383000486996025,0.5259971658233553,281.1659978760872,1,1
669,sign,22674.288983648,113.9190026151482,248.48699831636623,91.46999946096912,6.671001756330952,0.738997186999768,461.28599933581427,1,1
670,sign,22674.314871523,92.26499969372526,285.34899684018455,105.38600326981395,7.361999450949952,0.8459974196739495,491.20799667434767,1,1
671,sign,22674.338635485,86.78499943925999,264.8720001161564,141.57400073600002,7.68799873185344,0.9590003173798323,501.8779993406497,1,1
672,sign,22674.362903084,93.87300087837502,193.4590000018943,37.27000148501247,3.1849995139054954,0.4120010999031365,328.19900297909044,1,1
673,sign,22674.394224974,73.94800195470452,197.3369980987627,69.59900201763958,4.760997398989275,0.7220005500130355,346.3670000201091,1,1
674,sign,22674.425737408,83.80099825444631,284.92300043581054,113.28199980198406,7.1499998739454895,0.6900008884258568,489.84599925461225,1,1
675,sign,22674.456083957,80.97899990389124,241.82199922506697,103.53800098528154,7.340000593103468,0.8329989213962108,434.51199962873943,1,1
676,sign,22674.490597885,91.33200001087971,204.43799803615548,65.33800114993937,5.267000233288854,0.5360016075428575,366.9110010378063,1,1
677,sign,22674.514826923,37.62199776247144,127.51300164381973,61.1100003879983,3.0810006137471646,0.290998286800459,229.6169986948371,1,1
678,sign,22674.538515279,58.081997849512845,120.24100215057842,39.652000850765035,3.1959971238393337,0.3320019459351897,221.50299992063083,1,1
679,sign,22674.563142751,75.33299867645837,230.0160012964625,103.58099825680256,7.27199949324131,0.7410017133224756,416.9429994362872,1,1
680,sign,22674.587700766,90.5800006876234,282.26100039319135,113.33500151522458,7.422997441608459,0.8770002750679851,494.47600031271577,1,1
681,sign,22674.612055835,63.81999992299825,168.14799892017618,66.55199831584468,4.51400046586059,0.46800050768069923,303.5019981325604,1,1
682,sign,22674.636385489,38.88100036419928,113.2159995904658,35.1249982486479,3.36800076183863,0.3360000846441835,190.9259990497958,1,1
683,sign,22674.662272477,84.89000174449757,230.62299806042574,90.32100206241012,6.361999112414196,0.7449998520314693,412.9410008317791,1,1
684,sign,22674.695919622,124.73499737097882,268.545001745224,105.94899868010543,7.147002179408446,1.1599986464716494,507.53599862218834,1,1
685,sign,22674.721558464,82.34100096160546,234.89399973186664,98.44799933489412,7.479000487364829,0.9030009096022695,424.0650014253333,1,1
686,sign,22674.746840863,58.73099871678278,171.29800107795745,61.55799928819761,4.246001481078565,0.5160000000614673,296.34900056407787,1,1
687,sign,22674.770695866,35.56500087142922,106.19599925121292,34.10600038478151,2.3610009520780295,0.43199906940571964,178.6600005289074,1,1
688,sign,22674.796984514,117.98600098700263,255.9220010880381,103.90899842604995,7.351998647209257,0.8179995347745717,485.9869986830745,1,1
689,sign,22674.825222863,90.22700032801367,247.69099763943814,104.2969997797627,7.648002792848274,0.8009992598090321,450.6639997998718,1,1
690,sign,22674.855679286,91.52900020126253,319.0850002283696,152.18399857985787,15.91600084793754,1.5379991964437068,580.2519990538713,1,1
691,sign,22674.889930036,35.64200233086012,119.7339988721069,35.80400152713992,2.7529968065209687,0.4850007826462388,194.41800031927414,1,1
692,sign,22674.914720191,48.20900358026847,128.51599967689253,41.86699879937805,3.0910014174878597,0.38799771573394537,222.07100118976086,1,1
693,sign,22674.938667215,76.20000178576447,226.35399727732874,130.5660007346887,7.336002454394475,0.8779970812611282,441.33399933343753,1,1
694,sign,22674.963651363,125.90900223585777,371.5389975695871,127.55100033245981,7.544000254711136,0.9499999578110874,633.4930003504269,1,1
695,sign,22674.987805709,112.79799946350977,293.83000219240785,106.20800094329752,7.27199949324131,0.7999988156370819,520.9080009080935,1,1
696,sign,22675.011545729,36.539997381623834,117.53800208680332,46.06899892678484,3.778000973397866,0.37000063457526267,204.29500000318512,1,1
697,sign,22675.035435218,57.50299897044897,145.5370002076961,50.398000894347206,3.78299955627881,0.3800014383159578,257.60100106708705,1,1
698,sign,22675.061556239,68.59499990241602,186.54599989531562,73.02700032596476,4.960998921887949,0.6369991751853377,333.7659982207697,1,1
699,sign,22675.089045762,86.62499749334529,243.50500098080374,105.05799946258776,7.231003110064194,0.8649985829833895,443.2839996297844,1,1
700,sign,22675.114262244,105.77500142971985,272.51899882685393,105.52900130278431,7.25299832993187,0.8790011634118855,491.95500105270185,1,1
701,sign,22675.139256802,55.49500201595947,154.96799824177288,36.10900239436887,2.8190006560180336,0.3259992809034884,249.71700258902274,1,1
702,sign,22675.162934672,37.9960001737345,120.13699961244129,33.8909994752612,2.388002030784264,0.31899980967864394,194.7310011018999,1,1
703,sign,22675.186697303,82.86999945994467,236.53999960515648,88.21200026432052,6.326998118311167,1.0809999366756529,415.0299973844085,1,1
704,sign,22675.211106424,142.7689967385959,367.15600072056986,171.21299970312975,11.243002518313006,1.2309974408708513,693.6119971214794,1,1
705,sign,22675.236090686,75.40299702668563,241.3280017208308,114.04199904063717,7.514001481467858,0.6629998097196221,438.94999907934107,1,1
706,sign,22675.259670948,75.92600013595074,210.41500076535158,109.07500109169632,5.664998752763495,0.9220020729117095,402.00300281867385,1,1
707,sign,22675.283526614,42.14100044919178,108.00400195876136,33.32199776195921,2.444001438561827,0.23399843485094607,186.14500004332513,1,1
708,sign,22675.307552919,62.405000790022314,134.7680008620955,45.94900019583292,3.2869975257199258,0.40500162867829204,246.81400100234896,1,1
709,sign,22675.334523274,79.78000212460756,228.57799922348931,107.60299846879207,7.516002369811758,0.9269970178138465,424.40399920451455,1,1
710,sign,22675.358493594,83.1949982966762,250.62900022021495,104.07700028736144,7.140999514376745,0.8520000847056508,445.893998403335,1,1
711,sign,22675.3846389,153.7810021545738,415.2529982093256,169.50300050666556,10.829000530065969,1.2889977369923145,750.6549991376232,1,1
712,sign,22675.409269639,82.2649999463465,127.5489994441159,33.943000744329765,2.454999048495665,0.30100272851996124,246.5130019118078,1,1
713,sign,22675.434543851,47.778001317055896,128.6570004594978,34.55799742368981,2.6430025172885507,0.3300010575912893,213.96600277512334,1,1
714,sign,22675.458874317,154.38600166817196,372.90799809852615,170.1520013739355,9.953000699169934,1.1609990906435996,708.5600009304471,1,1
715,sign,22675.483917841,136.07000073534437,351.48599999956787,173.3129975036718,10.427000233903527,1.2110031093470752,672.5070015818346,1,1
716,sign,22675.507198388,107.50399815151468,328.1919998698868,171.55699970317073,9.65600338531658,1.1139964044559747,618.0229975143448,1,1
717,sign,22675.533699738,121.12699914723635,361.0980020312127,160.76999963843264,9.499999578110874,1.139000232797116,653.6340006277896,1,1
718,sign,22675.557031372,60.17299892846495,154.05700105475262,54.94499782798812,3.6820019886363298,0.43299951357766986,273.2899993134197,1,1
719,sign,22675.583979101,78.87600077083334,202.87699953769334,85.45899981982075,4.857000021729618,0.5590009095612913,372.62800105963834,1,1
720,sign,22675.608862599,103.20799992769025,276.9089987850748,103.60500164097175,7.138998626032844,0.8770002750679851,491.73799925483763,1,1
721,sign,22675.634603135,82.55300053860992,236.72099996474572,125.3160007763654,7.625996659044176,0.9760005923453718,453.1919985311106,1,1
722,sign,22675.660945594,89.58099715528078,237.55100119160488,100.99000064656138,6.473997927969322,0.6710033630952239,435.2670002845116,1,1
723,sign,22675.686604553,12.401000276440755,50.80199844087474,29.742001061094925,1.8700011423788965,0.21999949240125716,95.03500041319057,1,1
724,sign,22675.710698132,14.141001884127036,52.29700036579743,31.02699702139944,2.0000006770715117,0.2090018824674189,99.67400183086284,1,1
725,sign,22675.736950678,32.89199958089739,170.24999760906212,89.19700121623464,5.9539997891988605,0.7039998308755457,298.99699802626856,1,1
726,sign,22675.761264938,39.327002014033496,158.63899898249656,88.29400030663237,5.9730009525083005,0.6949994713068008,292.9280017269775,1,1
727,sign,22675.786031717,42.45099989930168,166.44599963910878,90.65399717655964,5.879002856090665,0.6829977792222053,306.11299735028297,1,1
728,sign,22675.810179012,17.884998669615015,69.39000013517216,38.16499884123914,2.4979999579954892,0.2900014806073159,128.22799908462912,1,1
729,sign,22675.834573347,14.593999367207289,59.252000937704,31.30599725409411,1.9940016500186175,0.21799860405735672,107.36399781308137,1,1
730,sign,22675.859472156,29.898001230321825,128.5899998038076,73.2890002836939,4.739998985314742,0.5609981599263847,237.07799846306443,1,1
731,sign,22675.884843995,54.2050001968164,225.49699860974215,130.5719997617416,6.826998287579045,0.8180031727533787,417.9190000286326,1,1
732,sign,22675.909535865,38.75800030073151,160.21099872887135,110.84599827881902,6.205002136994153,0.5980000423733145,316.61799948778935,1,1
733,sign,22675.935664067,37.42300032172352,154.88399731111713,90.91800166061148,5.945999873802066,0.6299997039604932,289.8009988712147,1,1
734,sign,22675.959693612,12.278000212972984,50.92100036563352,33.59000038472004,2.2460008040070534,0.21199957700446248,99.24700134433806,1,1
735,sign,22675.985520616,20.900999516015872,86.44100307719782,61.28599852672778,3.6669989640358835,0.42399915400892496,172.71899923798628,1,1
736,sign,22676.011610051,70.32000212348066,273.46999922883697,173.49200061289594,9.089999366551638,0.9059986041393131,527.2779999359045,1,1
737,sign,22676.035202279,40.17700121039525,156.410998897627,89.70500130089931,6.098998710513115,0.7990020094439387,293.1910021288786,1,1
738,sign,22676.066802769,83.59899948118255,363.40099904919043,205.73599977069534,12.775002687703818,1.3159988156985492,666.8269998044707,1,1
739,sign,22676.091314343,27.40600029937923,112.37199942115694,101.8939983623568,10.26000245474279,0.7059970812406391,252.6379976188764,1,1
740,sign,22676.114393747,17.226000636583194,55.72499867412262,32.410000130767,2.164000761695206,0.2529995981603861,107.7779998013284,1,1
741,sign,22676.139372134,42.77900006854907,158.5770005476661,104.67099855304696,5.98900078330189,0.7550006557721645,312.7710006083362,1,1
742,sign,22676.163379771,37.019002775195986,166.10699822194874,91.34100037044846,5.702000635210425,0.6439986464101821,300.8130006492138,1,1
743,sign,22676.188221949,37.8420008928515,438.9019995869603,101.7340000544209,6.8830013333354145,0.795997038949281,586.1569989065174,1,1
744,sign,22676.214870418,13.894001313019544,53.38199844118208,29.85800165333785,2.001997927436605,0.2220003807451576,99.35799971572123,1,1
745,sign,22676.240131823,11.932999768760055,49.89900116925128,28.456997824832797,1.8419996195007116,0.2090018824674189,92.34000026481226,1,1
746,sign,22676.266323146,92.99900193582289,319.645998388296,171.02600031648763,11.017000360880047,1.5730001905467361,596.2610011920333,1,1
747,sign,22676.292146956,86.40700252726674,270.88799834018573,104.89299893379211,6.810001650592312,1.0650001058820635,470.06300155771896,1,1
748,sign,22676.317363056,72.29800030472688,220.62599964556284,96.07199899619445,6.276000931393355,0.7409980753436685,396.0129979532212,1,1
749,sign,22676.342049945,58.950998209184036,178.92899995786138,73.54900299105793,5.111000064061955,0.5929978215135634,317.13299904367886,1,1
750,sign,22676.367232849,42.21400013193488,103.77600119682029,31.559000490233302,2.2909989638719708,0.31400122679769993,180.15400200965814,1,1
751,sign,22676.39576713,40.40999920107424,167.8650005487725,128.5519974771887,6.507001671707258,0.7300004654098302,344.06399936415255,1,1
752,sign,22676.42277373,39.376001950586215,160.15000073821284,130.6609992752783,6.845999450888485,0.8069982868619263,337.83999970182776,1,1
753,sign,22676.4513163,37.705998693127185,156.9300002302043,92.13099838234484,5.983001756248996,0.6890004442539066,293.43899950617924,1,1
754,sign,22676.482974493,14.273002307163551,86.55299825477414,32.797001040307805,2.5859990273602307,0.21700179786421359,136.42600242746994,1,1
755,sign,22676.507751657,13.172997569199651,52.71600093692541,31.108000257518142,2.0410006982274354,0.23899701773189008,99.27699647960253,1,1
756,sign,22676.535310191,26.857000193558633,110.01600068993866,64.5889995212201,4.276000254321843,0.4609973984770477,206.1989980575163,1,1
757,sign,22676.562046619,39.479000406572595,155.25999697274528,89.66899986262433,5.963000148767605,0.72900002123788,291.0999974119477,1,1
758,sign,22676.588942745,90.79300070879981,196.96700110216625,94.41899965167977,6.278001819737256,0.7659982657060027,389.2230015480891,1,1
759,sign,22676.617742129,13.287997717270628,50.52100095781498,29.17600068030879,2.320000930922106,0.1899970811791718,95.49499736749567,1,1
760,sign,22676.64641857,17.594000382814556,73.25300248339772,42.1739969169721,2.6859997888095677,0.31900344765745103,136.0260030196514,1,1
761,sign,22676.676380911,37.552999856416136,147.31099872733466,81.8900007288903,5.547997716348618,0.6789996405132115,272.98099666950293,1,1
762,sign,22676.70228723,37.09600059664808,151.49699902394786,90.16300100483932,6.155998562462628,0.7490016287192702,285.66100081661716,1,1
763,sign,22676.727031141,22.635998902842402,92.04400339513086,54.39099913928658,3.4479999158065766,0.4339999577496201,172.95300131081603,1,1
764,sign,22676.751397824,13.983000826556236,59.69500125502236,31.486997613683343,2.0710031094495207,0.23699976736679673,107.47300257207826,1,1
765,sign,22676.777077775,33.27800004626624,158.79000056884252,56.16699854726903,3.6749988794326782,0.24200198822654784,252.15200003003702,1,1
766,sign,22676.801699537,11.246997019043192,46.63800064008683,27.206002414459363,1.762997271725908,0.2090018824674189,87.06299922778271,1,1
767,sign,22676.826824488,37.7670003217645,181.89200272900052,96.17199975764379,6.160997145343572,0.7440030458383262,322.7360029995907,1,1
768,sign,22676.85206705,40.326998714590445,161.18699932121672,92.28300041286275,6.015001417836174,0.6810005288571119,300.4930003953632,1,1
769,sign,22676.876578055,37.587000406347215,155.30800010310486,92.44700049748644,5.806999979540706,0.6059999577701092,291.75500094424933,1,1
770,sign,22676.900841673,31.267001759260893,53.05800004862249,28.865997592220083,1.8520004232414067,0.20700099412351847,115.25000081746839,1,1
771,sign,22676.927154619,22.01300230808556,84.73900015815161,54.28499935078435,3.159999323543161,0.37399877328425646,164.57099991384894,1,1
772,sign,22676.95320139,52.27700239629485,146.80199819849804,87.96200199867599,5.6539975048508495,0.6590016710106283,293.35400176933035,1,1
773,sign,22676.979362749,37.01999958138913,153.51500042015687,91.59700130112469,5.730998964281753,0.667001586407423,288.53000185335986,1,1
774,sign,22677.00394514,23.279997549252585,129.64900088263676,57.68000119132921,3.90299828723073,0.46900095185264945,214.98099886230193,1,1
775,sign,22677.028325804,12.140000762883574,48.31999831367284,27.474001399241388,1.6989979485515505,0.19200160750187933,89.82500003185123,1,1
776,sign,22677.054690922,23.962002160260454,97.36900028656237,67.81599950045347,4.965997504768893,0.624000676907599,194.7370001289528,1,1
777,sign,22677.079732351,37.19399683177471,169.5200007816311,114.1499997174833,6.088001100579277,0.676998752169311,327.6289971836377,1,1
778,sign,22677.104954677,38.42699879896827,195.0939986272715,92.84200132242404,5.95299934502691,0.7970011211000383,333.11299921479076,1,1
779,sign,22677.131419064,41.195999074261636,168.16100105643272,95.55299766361713,5.904003046452999,0.7729977369308472,311.58699857769534,1,1
780,sign,22677.154342084,12.475000403355807,52.67300002742559,32.538002415094525,2.506996679585427,0.3180030034855008,100.51100252894685,1,1
781,sign,22677.199570414,91.96000246447511,4.864999937126413,2.8199974622111768,11.637999705271795,1.0690018825698644,112.35200145165436,1,0
782,sign,22677.244332717,60.35899787093513,4.490000719670206,2.2599997464567423,9.208000847138464,0.890999217517674,77.20799840171821,1,0
783,sign,22677.289422796,52.134000725345686,2.7810019673779607,1.757998688844964,6.441001460189,0.4029971023555845,63.516999944113195,1,0
784,sign,22677.334227223,36.5230007446371,3.001998265972361,1.4760007616132498,6.469999789260328,0.6449990905821323,48.11599865206517,1,0
785,sign,22677.379494385,86.02199886809103,4.778001311933622,2.967997716041282,10.36300091072917,1.0889998520724475,105.21999865886755,1,0
786,sign,22677.40967916,16.727000911487266,9.325001883553341,0.7269991328939795,35.03300104057416,0.21199957700446248,62.02400254551321,2,1
787,sign,22677.434558656,21.582000044872984,68.70899960631505,26.652000087779015,2.2050007828511298,0.18799983081407845,119.33600035263225,2,1
788,sign,22677.460636501,40.75700053363107,116.72400069073774,61.881997680757195,5.174999387236312,0.44600164983421564,224.98399994219653,2,1
789,sign,22677.486650453,53.315001423470676,152.37399929901585,78.80599878262728,6.689999281661585,0.72900002123788,291.9139988080133,2,1
790,sign,22677.511463952,25.9830012510065,72.22899876069278,37.272999179549515,3.4510012483224273,0.2749984560068697,139.2109988955781,2,1
791,sign,22677.536050195,31.98699778295122,62.00600182637572,49.00699786958285,3.7940008041914552,0.27400164981372654,147.06799993291497,2,1
792,sign,22677.560175641,20.06599970627576,54.69100142363459,31.51700002490543,2.592998498585075,0.23300162865780294,109.10000128205866,2,1
793,sign,22677.604684551,48.59600085183047,3.1800009310245514,1.4889992598909885,5.865000275662169,0.4350004019215703,59.56500172032975,2,0
794,sign,22677.649932804,64.68599895015359,21.933999960310757,1.59599949256517,6.89300213707611,0.5639994924422354,95.67300003254786,2,0
795,sign,22677.694357732,17.692997062113136,1.2640011846087873,0.5410001904238015,2.1220002963673323,0.14299803297035396,21.76299676648341,2,0
796,sign,22677.736044822,62.48100180528127,161.13099991343915,92.12999793817289,7.889000698924065,0.7660019036848098,324.3970022595022,2,1
797,sign,22677.764288627,60.17899795551784,159.54999980749562,91.57700333162211,7.613998604938388,0.7409980753436685,319.66099777491763,2,1
798,sign,22677.790936876,58.85800055693835,173.95199756720103,83.19200060213916,6.984999345149845,0.6570007826667279,323.6439988540951,2,1
799,sign,22677.815407925,35.4369985871017,93.41599798062816,54.69000097946264,4.637000529328361,0.4399989848025143,188.61999706132337,2,1
800,sign,22677.840323407,22.46200165245682,58.654997701523826,33.110001822933555,2.5519984774291515,0.27400164981372654,117.05300130415708,2,1
801,sign,22677.889463254,105.46300109126605,4.173998604528606,2.582000888651237,12.191998393973336,0.8930001058615744,125.3039990842808,2,0
802,sign,22677.934435782,77.05799725954421,3.411001671338454,1.8589998944662511,9.155999578069896,0.6949994713068008,92.17899787472561,2,0
803,sign,22677.979310843,82.56100045400672,3.5750017559621483,1.8829996406566352,9.63200000114739,0.7679991540499032,98.41900100582279,2,0
804,sign,22678.02450309,152.75300029315986,7.332000677706674,3.7709978641942143,17.475002096034586,1.7999991541728377,183.13100008526817,2,0
805,sign,22678.069417559,85.67300028516911,4.161000106250867,2.0000006770715117,10.666000889614224,1.1109987099189311,103.61100066802464,2,0
806,sign,22678.114315944,72.13700155261904,3.5479970392771065,2.388002030784264,10.830997780431062,0.6110021786298603,89.51500058174133,2,0
807,sign,22678.15950322,117.9490027425345,4.724999598693103,3.224999090889469,15.03000021330081,1.1000010999850929,142.02900274540298,2,0
808,sign,22678.204443514,81.06099994620308,4.309000360080972,2.6609995984472334,9.61499972618185,0.6949994713068008,98.34099910221994,2,0
809,sign,22678.249513856,76.3809985073749,3.0510018405038863,1.6889971448108554,8.866001735441387,0.6189984560478479,90.60599768417887,2,0
810,sign,22678.294213894,66.13599907723255,4.0859995351638645,1.8760001694317907,8.979000995168462,0.7809976523276418,81.85799742932431,2,0
811,sign,22678.339339945,97.02800161903724,7.144997653085738,3.326000296510756,13.55800122837536,0.7259986887220293,121.78299948573112,2,0
812,sign,22678.384263194,55.500000598840415,2.082000719383359,1.61500065587461,6.211997970240191,0.42300234781578183,65.83200229215436,2,0
813,sign,22678.429389097,102.06300066784024,4.592999175656587,2.507000317564234,12.08300091093406,1.0939984349533916,122.33999950694852,2,0
814,sign,22678.474248195,51.88999784877524,2.101001882692799,1.6619997040834278,6.252997991396114,0.40500162867829204,62.31099905562587,2,0
815,sign,22678.519306445,79.72499952302314,8.414001058554277,2.0660008885897696,9.773997589945793,0.7900016498751938,100.76900070998818,2,0
816,sign,22678.564584447,134.7250035905745,5.582998710451648,2.983000740641728,20.40599792962894,1.104999682866037,164.80200065416284,1,0
817,sign,22678.594290714,66.28499977523461,254.36999931116588,117.55100058508106,7.004000508459285,0.8089991752058268,446.01899935514666,1,1
818,sign,22678.618732734,20.32299744314514,64.6700027573388,51.48499985807575,3.0429982871282846,0.28300200938247144,139.80400035507046,1,1
819,sign,22678.644555611,17.992999346461147,71.85299909906462,41.48000152781606,2.4949986254796386,0.30099909054115415,134.12199768936262,1,1
820,sign,22678.671300207,42.152001697104424,161.59900042111985,92.62199819204397,6.000998837407678,0.7270027708727866,303.1010019185487,1,1
821,sign,22678.699984806,55.83099846262485,175.7080026436597,93.53999848826788,6.195001333253458,0.7659982657060027,332.0399991935119,1,1
822,sign,22678.729769082,54.56899816635996,207.30400137836114,110.0349982152693,7.28899976820685,0.7609996828250587,379.9579972110223,1,1
823,sign,22678.756214718,14.015000488143414,53.048999689053744,30.489001801470295,2.053999196505174,0.20299921743571758,99.81000039260834,1,1
824,sign,22678.782478439,25.298999389633536,81.76800110959448,47.78299989993684,3.2759999157860875,0.3480017767287791,158.47400209167972,1,1
825,sign,22678.808600684,39.4020025851205,158.76999896136113,90.59999865712598,5.838999641127884,0.7790004019625485,295.39000024669804,1,1
826,sign,22678.836348071,37.33899939106777,153.7990028737113,108.11699758050963,6.14500095252879,0.6660011422354728,306.06600194005296,1,1
827,sign,22678.862060962,39.82099951826967,153.24899868573993,89.76100070867687,6.204998499015346,0.7320013537537307,289.76799876545556,1,1
828,sign,22678.889196992,16.179998056031764,62.342001911019906,39.11699968739413,2.3079992388375103,0.26600173441693187,120.21300062770024,1,1
829,sign,22678.917930034,30.090999644016847,137.9550012643449,72.63199950102717,4.77199864690192,0.5510009941644967,246.00100005045533,1,1
830,sign,22678.948176507,39.66599979321472,153.70899927802384,90.34799950313754,5.800000508315861,0.6650006980635226,290.1879997807555,1,1
831,sign,22678.978914277,37.91000199271366,191.83900076313876,86.2199995026458,5.861998943146318,0.6740010576322675,322.5050022592768,1,1
832,sign,22679.007818553,18.495000404072925,55.39599806070328,29.622002330143005,2.0650004444178194,0.2399974619038403,105.81799870124087,1,1
833,sign,22679.034509512,11.043000995414332,45.460998080670834,27.259000489721075,1.7040001694113016,0.22500171326100826,85.69200144847855,1,1
834,sign,22679.061624839,28.296999516896904,114.15799963288009,67.87500024074689,4.413999704411253,0.5510009941644967,215.29500008909963,1,1
835,sign,22679.086378051,19.634997443063185,75.62500104540959,43.75800199341029,2.9319999157451093,0.44499756768345833,142.39499796531163,1,1
836,sign,22679.111501019,69.45399945834652,265.8140001585707,181.993000296643,11.95900040329434,1.296000846195966,530.5160011630505,1,1
837,sign,22679.13603992,14.06200317433104,56.12399763776921,31.843999749980867,2.026001311605796,0.23900065571069717,104.2950025293976,1,1
838,sign,22679.161061294,18.824001017492265,55.257001804420725,31.57299943268299,2.1710002329200506,0.2169981598854065,108.04200064740144,1,1
839,sign,22679.186754027,33.08300074422732,136.1680006084498,99.54599954653531,5.0489979912526906,0.5200017767492682,274.3660006672144,1,1
840,sign,22679.211597065,22.28599987574853,49.86799831385724,28.070000553270802,1.811000402085483,0.2220003807451576,102.25699952570722,1,1
841,sign,22679.238475751,64.33000089600682,243.92699924646877,142.04100079950877,8.697999874129891,1.119999069487676,460.1159998856019,1,1
842,sign,22679.263387092,39.720998756820336,154.725003085332,108.69099787669256,6.287998985499144,0.7110029400791973,310.13600164442323,1,1
843,sign,22679.287653788,31.01699985563755,102.0560011966154,47.68999860971235,2.3329994291998446,0.30600131140090525,183.40200040256605,1,1
844,sign,22679.313982546,45.726999815087765,95.67100278218277,55.50599962589331,3.50700065609999,0.45900014811195433,200.8700030273758,1,1
845,sign,22679.340579372,55.29599729925394,258.86900039040484,189.72100224345922,10.190997272729874,1.1950032785534859,515.2720004844014,1,1
846,sign,22679.365945121,42.00799958198331,175.1550007611513,91.02900003199466,5.976999091217294,0.6469999789260328,314.8159994452726,1,1
847,sign,22679.39312578,24.151999241439626,92.9060006455984,52.1869988006074,3.4720032999757677,0.4339999577496201,173.1510019453708,1,1
848,sign,22679.418384548,15.020999853732064,57.9189982090611,33.02800178062171,2.064000000245869,0.24199835024774075,108.27399819390848,1,1
849,sign,22679.444255307,36.838999221799895,157.1159991726745,91.42400085693225,6.181999196996912,0.76700234785676,292.3280007962603,1,1
850,sign,22679.470278596,79.50600047479384,283.7729989551008,125.65100041683763,6.606001988984644,0.876996637089178,496.41299847280607,1,1
851,sign,22679.495066674,38.072001188993454,164.5969969104044,84.51699977740645,5.9250014601275325,0.6109985406510532,293.7219978775829,1,1
852,sign,22679.520820154,39.60499816457741,171.2140001473017,95.44700151309371,6.176000169944018,0.7880007615312934,313.23000075644813,1,1
853,sign,22679.546678031,12.9469990497455,52.37599907559343,31.665000278735533,1.9879989849869162,0.25199915398843586,99.22799654304981,1,1
854,sign,22679.571681906,16.976999177131802,68.22499926784076,40.28100011055358,2.5139997887890786,0.31100353226065636,128.30800187657587,1,1
855,sign,22679.597808889,36.59899812191725,147.1050018153619,109.09599950537086,5.707999662263319,0.8120005077216774,299.319999612635,1,1
856,sign,22679.622594437,38.452999433502555,155.20799934165552,90.87899888982065,6.181999196996912,0.7250018825288862,291.4469987445045,1,1
857,sign,22679.648619121,37.898000300629064,151.64700016612187,90.38700227392837,6.040998414391652,0.7230009941849858,286.69600214925595,1,1
858,sign,22679.675651374,12.003998563159257,48.90700074611232,29.03499989770353,2.258999302284792,0.20700099412351847,92.41199950338341,1,1
859,sign,22679.700706061,14.946999726817012,60.25999755365774,31.562001822749153,1.9199978851247579,0.2180022420361638,108.90699923038483,1,1
860,sign,22679.726283516,16.829999367473647,84.79700045427307,51.137998525518924,2.3850006982684135,0.28700014809146523,155.43699919362552,1,1
861,sign,22679.754338145,42.71299985703081,172.01099763042293,100.15600128099322,7.023998477961868,0.7220005500130355,322.62599779642187,1,1
862,sign,22679.782757959,39.01299714925699,158.27800234546885,113.62800069036894,6.26399923930876,0.7649978215340525,317.9479972459376,1,1
863,sign,22679.808070886,20.43000131379813,66.62699888693169,37.24400085047819,2.7050009521190077,0.2449996827635914,127.2510016860906,1,1
864,sign,22679.834296917,15.72399924043566,63.88100155163556,36.65099939098582,2.507000317564234,0.2550004865042865,119.01800098712556,1,1
865,sign,22679.85969489,27.919999411096796,114.43199764471501,67.28500011377037,4.587000148603693,0.4440007614903152,214.66799807967618,1,1
866,sign,22679.886094104,40.6299986934755,159.85800200724043,90.98599912249483,5.826001142850146,0.6649970600847155,297.9649980261456,1,1
867,sign,22679.915270992,44.31699926499277,196.42599727376364,92.4340019992087,6.170997949084267,0.6110021786298603,339.95899866567925,1,1
868,sign,22679.940399958,12.942000466864556,50.745002226904035,29.960996471345425,1.7880011000670493,0.22099993657320738,95.65700020175427,1,1
869,sign,22679.967408496,21.43700112355873,84.96100053889677,49.424001190345734,3.220997314201668,0.3720015229191631,159.41500168992206,1,1
870,sign,22679.995127429,29.068000003462657,113.27299944241531,64.48100248235278,4.106997948838398,0.4749999789055437,211.4039998559747,1,1
871,sign,22680.022629205,46.76200114772655,166.92200006218627,90.86499994737096,5.997000698698685,0.676998752169311,311.2230006081518,1,1
872,sign,22680.047816394,38.006000977475196,175.9510014380794,94.5979991229251,6.375001248670742,0.7139969966374338,315.6439997837879,1,1
873,sign,22680.07470764,17.624999600229785,65.60100155184045,153.43399718403816,3.3800024539232254,0.2569977368693799,240.296998526901,1,1
874,sign,22680.101404943,14.85800021328032,55.41299833566882,30.922001315047964,2.076998498523608,0.21600135369226336,103.48599971621297,1,1
875,sign,22680.127960179,38.21700011030771,180.0579993869178,91.01300020120107,6.026999471941963,0.6420013960450888,315.9570005664136,1,1
876,sign,22680.156790423,37.467001675395295,150.6059998064302,113.49600026733242,6.152000423753634,0.7049966370686889,308.42599880998023,1,1
877,sign,22680.182180996,42.25000157020986,159.6709989826195,90.023000666406,6.099999154685065,0.7930029823910445,298.83700335631147,1,1
878,sign,22680.210200423,14.384000678546727,53.101997764315456,29.75500319735147,2.1759988158009946,0.1900007191579789,99.60700117517263,1,1
879,sign,22680.238303846,36.612000258173794,70.17800089670345,34.48400093475357,2.196997229475528,0.2400010998826474,143.711000418989,1,1
880,sign,22680.265437172,40.1800025429111,159.71699758665636,91.6600001801271,6.213002052390948,0.6820009730290622,298.45200333511457,1,1
881,sign,22680.292168992,39.07100108335726,158.00199980731122,91.85899762087502,5.855999916093424,0.6590016710106283,295.44700009864755,1,1
882,sign,22680.316801301,35.122000554110855,111.64999887114391,73.23799945879728,4.837002052227035,0.5029978638049215,225.349998800084,1,1
883,sign,22680.341205474,13.872999261366203,54.24399932962842,28.960002964595333,2.5079971237573773,0.22500171326100826,99.81000039260834,1,1
884,sign,22680.366098409,13.71300095343031,50.33900015405379,27.983998734271154,1.8080027075484395,0.20699735614471138,94.0509999054484,1,1
885,sign,22680.393963325,35.328997910255566,107.55800030892715,36.11799911595881,2.269000106025487,0.24300243239849806,181.5169998735655,1,1
886,sign,22680.422805359,40.10499833384529,182.35600145999342,102.11200060439296,6.269998266361654,0.7039998308755457,331.54699849546887,1,1
887,sign,22680.449801916,42.59300112607889,150.92800094862469,108.5760013666004,6.207999831531197,0.7540002116002142,309.0590034844354,1,1
888,sign,22680.478418219,12.692999007413164,50.02900070394389,28.365000616759062,1.7799975466914475,0.26600173441693187,93.1329996092245,1,1
889,sign,22680.505149453,28.737998945871368,89.95899770525284,41.5680005971808,2.720000338740647,0.33300239010713995,163.3179999771528,1,1
890,sign,22680.559472854,75.2159976400435,4.600999091053382,2.5980007194448262,10.51900107995607,0.971998815657571,93.90599734615535,1,0
891,sign,22680.604402473,216.77699987776577,11.92399940919131,9.575000149197876,17.655998817645013,0.5830006557516754,256.51499890955165,1,0
892,sign,22680.649464342,131.37999849277548,4.345001798355952,2.6269990485161543,11.243999324506149,0.9460018191020936,150.54200048325583,1,0
893,sign,22680.694388331,84.24399857176468,4.745001206174493,3.0009978218004107,11.317002645228058,1.0709991329349577,104.3779993779026,1,0
894,sign,22680.739368788,49.03000080958009,2.520999260013923,1.7890015442389995,6.341000698739663,0.6039990694262087,60.28500138199888,1,0
895,sign,22680.784328178,32.34899850212969,2.5840017769951373,1.0689982445910573,4.008001269539818,0.4360008460935205,40.44600063934922,1,0
896,sign,22680.829238388,47.40100121125579,4.100998921785504,2.0229999790899456,7.74200088926591,0.8499991963617504,62.1170001977589,1,0
897,sign,22680.87459592,15.254001482389867,1.8089995137415826,0.6410009518731385,2.487999154254794,0.2580018190201372,20.45000292127952,1,0
898,sign,22680.919494147,178.38699932326563,5.526999302674085,2.978998963953927,12.54699964192696,1.0660005500540137,200.5059977818746,1,0
899,sign,22680.964426625,85.83399903727695,5.041001713834703,2.525997842894867,11.063002602895722,1.0469993867445737,105.51100058364682,1,0
900,sign,22681.009282813,54.317999456543475,2.597000275272876,1.257998519577086,6.216003384906799,0.31899980967864394,64.70800144597888,1,0
901,sign,22681.054453794,91.60500121652149,6.570997356902808,3.5510020097717643,11.714000720530748,1.305998011957854,114.74699931568466,1,0
902,sign,22681.099353518,67.24600098095834,4.1620005504228175,2.5320005079265684,9.903000318445265,0.8809984137769789,84.72400077152997,1,0
903,sign,22681.144244646,48.33000275539234,2.163000317523256,1.2049968063365668,5.88800321565941,0.40999657358042896,57.995999668492004,1,0
904,sign,22681.18956501,94.2109982133843,4.37400012742728,4.159999662078917,11.78700040327385,0.8780007192399353,115.40999912540428,1,0
905,sign,22681.234361627,52.162999054417014,2.574000973254442,1.3280005077831447,6.461999873863533,0.47299909056164324,62.99999949987978,1,0
906,sign,22681.279235449,42.30999911669642,1.992000761674717,1.0759977158159018,5.791000148747116,0.43700129026547074,51.60599903319962,1,0
907,sign,22681.32430706,49.74599869456142,3.741002728929743,2.2469976102001965,6.969999958528206,0.5090005288366228,63.21299952105619,1,0
908,sign,22681.369280227,50.378999731037766,4.015997546957806,2.2140011424198747,7.788999937474728,0.8300012268591672,65.22799958474934,1,0
909,sign,22681.414306747,53.794999985257164,2.474000211805105,1.4190009096637368,7.01300086802803,0.4159992386121303,65.11700121336617,1,0
910,sign,22681.459794206,22.439002350438386,2.258999302284792,1.0260009730700403,3.8250000216066837,0.4339999577496201,29.983002605149522,1,0
911,sign,22681.504693633,132.23399946582504,7.58600072003901,4.602999979397282,16.291000065393746,1.4129982446320355,162.1269984752871,1,0
912,sign,22681.549264693,42.30999911669642,1.7500024114269763,1.5089972293935716,5.337002221494913,0.2659980964381248,51.17199907545,1,0
913,sign,22681.594354262,75.49899964942597,4.5289998524822295,2.772998414002359,10.717001714510843,1.0590010788291693,94.57700070925057,1,0
914,sign,22681.639284304,67.75499787181616,5.756999598816037,3.6519995774142444,10.295003448845819,1.1209995136596262,88.58000001055188,1,0
915,sign,22681.662142548,29.512000764952973,13.091997971059754,1.3310018402989954,54.9750002392102,0.5919973773416132,99.50199819286354,2,1
916,sign,22681.687609078,17.86200300557539,49.61699960404076,27.295998734189197,2.333999873371795,0.22300082491710782,97.33200204209425,2,1
917,sign,22681.729550846,106.99099948396906,5.0720009312499315,2.5839981390163302,12.797001545550302,0.9969990060199052,128.44099910580553,2,0
918,sign,22681.77442531,103.08399942005053,4.999001248506829,3.1890012905932963,13.155000488040969,0.9919967851601541,125.41899923235178,2,0
919,sign,22681.819243344,54.145999456522986,2.262997440993786,1.2800010154023767,6.174999725772068,0.4899993655271828,64.3539970042184,2,0
920,sign,22681.864567824,114.45299969636835,5.599002179224044,2.573997335275635,13.785000192001462,1.0610019671730697,137.47200137004256,2,0
921,sign,22681.909472839,116.73200060613453,5.34199716639705,3.002001903951168,14.617999113397673,1.1060001270379871,140.7999989169184,2,0
922,sign,22681.954250375,53.897998441243544,2.019998646574095,1.6789999790489674,6.386002496583387,0.4899993655271828,64.47299892897718,2,0
923,sign,22682.000469404,64.43800157285295,4.270998033462092,2.0320003386586905,9.636998584028333,0.7460002962034196,81.12399882520549,2,0
924,sign,22682.044599114,115.90400026761927,5.24300048709847,2.9149996407795697,13.862998457625508,1.0850017133634537,139.01000056648627,2,0
925,sign,22682.056238115,115.70899732760154,312.1230001852382,98.52900257101282,26.863999664783478,0.790998456068337,554.0159982047044,1,1
926,sign,22682.081636789,33.30400068080053,96.05599916540086,54.66999937198125,4.383000486996025,0.2910019247792661,188.70400162995793,1,1
927,sign,22682.109217038,18.310001905774698,68.9249973220285,35.109002055833116,2.401997335255146,0.2640008460730314,125.0099994649645,1,1
928,sign,22682.136504903,15.115001588128507,59.98900087433867,35.984998248750344,2.2429994714912027,0.2670021785888821,113.59900236129761,1,1
929,sign,22682.163028683,34.76200072327629,148.65999764879234,90.12500231619924,5.681999027729034,0.7150010787881911,279.9440007947851,1,1
930,sign,22682.189742051,35.81400233088061,143.0689990229439,78.70199988246895,19.293998775538057,0.5940019036643207,277.47300191549584,1,1
931,sign,22682.213234463,13.097000191919506,51.81199958315119,29.676000849576667,1.89200000022538,0.24799737730063498,96.72499800217338,1,1
932,sign,22682.25448116,91.25600263359956,5.466998118208721,3.0619994504377246,11.692001862684265,1.0369985830038786,112.51400064793415,1,0
933,sign,22682.299465572,88.99499880499206,4.933001036988571,2.840999513864517,11.889002053067088,1.0669973562471569,109.7249987651594,1,0
934,sign,22682.344283654,48.03999763680622,2.168002538383007,1.2209966371301562,6.341000698739663,0.4440007614903152,58.21399827254936,1,0
935,sign,22682.387840369,37.36700091394596,165.57399794692174,92.56700286641717,6.035999831510708,0.6390000635292381,302.1830016223248,1,1
936,sign,22682.413155771,41.93700078758411,175.86700050742365,92.1220016607549,6.07099718763493,0.7300004654098302,316.72700060880743,1,1
937,sign,22682.437354502,40.21800123155117,159.48800137266517,91.14899876294658,5.8299992815591395,0.6939990271348506,297.3789996758569,1,1
938,sign,22682.462772535,21.45400139852427,115.94799798331223,53.23000004864298,3.4240001696161926,0.37300196709111333,194.4290015671868,1,1
939,sign,22682.4866467,12.111002433812246,47.39099676953629,27.037000108975917,1.7519996617920697,0.20700099412351847,88.49799996824004,1,1
940,sign,22682.512511403,30.798997613601387,129.45400158059783,74.11600017803721,4.768000508192927,0.6219997885636985,239.75899966899306,1,1
941,sign,22682.538088152,53.278999985195696,183.88199896435253,93.83500218973495,6.133999704616144,0.6890004442539066,337.81900128815323,1,1
942,sign,22682.564182566,37.86100205616094,154.4660008221399,88.92999903764576,5.650999810313806,0.6689988367725164,287.5770005630329,1,1
943,sign,22682.589755921,31.08700184384361,61.766000726493075,31.25899820588529,2.3360007617156953,0.2359993231948465,126.68400086113252,1,1
944,sign,22682.614018626,27.460999262984842,63.48699753289111,32.12700175936334,2.119999408023432,0.23400207282975316,125.42900003609248,1,1
945,sign,22682.637883381,108.72699931496754,310.49500103108585,107.18099656514823,7.9690034908708185,0.9179966582451016,535.2899970603175,1,1
946,sign,22682.662498805,64.83300239779055,217.0349980588071,97.25500058266334,6.959999154787511,1.2800010154023767,387.3630012094509,1,1
947,sign,22682.687139746,76.528998761205,229.49399863136932,94.12700092070736,6.605001544812694,0.8319984772242606,407.58699833531864,1,1
948,sign,22682.711435901,70.807000156492,223.4759995189961,94.61700028623454,6.082998879719526,0.7839989848434925,395.76699782628566,1,1
949,sign,22682.735294259,50.04099875804968,166.21699978713877,53.10300184646621,4.1860002966132015,0.45900014811195433,274.0060008363798,1,1
950,sign,22682.760633881,274.4070006883703,696.7129993427079,228.87500017532147,16.293000953737646,3.4229997254442424,1219.7110008855816,1,1
951,sign,22682.787187954,68.13800064264797,170.01200103550218,58.48999717272818,4.37500057159923,0.567000824958086,301.58200024743564,1,1
952,sign,22682.815398576,50.272999942535535,112.99000107101165,65.48400051542558,5.120997229823843,0.7830021786503494,234.65100093744695,1,1
953,sign,22682.84407582,58.828998589888215,176.883000676753,65.01800089608878,4.499997885432094,0.5309993866831064,305.7609974348452,1,1
954,sign,22682.86871386,46.56600140151568,148.39199866401032,51.84800102142617,4.427998646860942,0.2589986252132803,251.4929983590264,1,1
955,sign,22682.896876383,92.79000005335547,242.2619982098695,94.04400043422356,6.56200063531287,0.7979979272931814,436.4559972600546,1,1
956,sign,22682.923959888,149.5910000812728,360.6930004025344,178.71299860416912,11.274998541921377,1.091000740416348,701.362998370314,1,1
957,sign,22682.955825366,101.07900016009808,266.717001068173,109.81299783452414,6.849000783404335,0.8300012268591672,485.2880010730587,1,1
958,sign,22682.983307057,29.92200097651221,104.10100003355183,60.47200076864101,3.3289979910477996,0.3580025804694742,198.18200235022232,1,1
959,sign,22683.008216235,19.81599780265242,60.81399988033809,28.600003133760765,1.705997419776395,0.2090018824674189,111.14500011899509,1,1
960,sign,22683.03608955,35.49399843905121,139.84399993205443,81.91500091925263,5.173998943064362,0.6449990905821323,263.07199732400477,1,1
961,sign,22683.062366277,63.2679984846618,239.38799859024584,118.14300160040148,6.181999196996912,0.776999513618648,427.7579973859247,1,1
962,sign,22683.085782249,37.5380004697945,152.32499936246313,124.50299982447177,6.990001566009596,0.8159986464306712,322.17199986916967,1,1
963,sign,22683.117972492,123.81099804770201,230.2250031789299,98.27899702941068,7.224000000860542,0.900003215065226,460.43900147196837,1,1
964,sign,22683.143250183,14.966000890126452,57.05500007024966,33.01000106148422,2.2610001906286925,0.2449996827635914,107.53700189525262,1,1
965,sign,22683.170548383,22.357999114319682,89.01700130081736,53.66599725675769,3.449000359978527,0.32400203053839505,168.81400006241165,1,1
966,sign,22683.196153428,37.947997043374926,151.18800001800992,89.13500278140418,5.662997864419594,0.6570007826667279,284.59099848987535,1,1
967,sign,22683.220895713,36.36300243670121,196.09799710451625,91.1940005607903,6.346999725792557,0.7540002116002142,330.75600003940053,1,1
968,sign,22683.248653782,38.469999708468094,172.21999951289035,92.97799988416955,6.0060010582674295,0.7779999577905983,310.452000121586,1,1
969,sign,22683.273484496,14.118999388301745,56.13699977402575,32.04099994036369,2.0980005501769483,0.29299917514435947,104.6879988280125,1,1
970,sign,22683.301289296,35.21699909470044,97.95000005397014,47.73200271301903,3.078999725403264,0.34099866752512753,184.319000254618,1,1
971,sign,22683.331481558,36.25399767770432,150.54500181577168,91.1940005607903,5.743997462559491,0.6570007826667279,284.3939982994925,1,1
972,sign,22683.360797484,13.484997907653451,53.781001042807475,31.18699896731414,1.958000211743638,0.1990010787267238,100.60999920824543,1,1
973,sign,22683.386887319,22.333999368129298,104.17299927212298,59.79200068395585,3.8040016079321504,0.43199906940571964,190.535000001546,1,1
974,sign,22683.410600798,13.234999642008916,57.5359990762081,33.1049996020738,2.078002580674365,0.24699693312868476,106.20099783409387,1,1
975,sign,22683.436145194,74.94400051655248,273.67000075173564,127.11000090348534,7.867998647270724,0.7830021786503494,484.37500299769454,1,1
976,sign,22683.461255413,39.09299994120374,157.42300092824735,92.7379987842869,6.202000804478303,0.6970003596507013,296.153000817867,1,1
977,sign,22683.48820663,35.38899909472093,113.73999950592406,61.192000430310145,3.959998139180243,0.4749999789055437,214.75599714904092,1,1
978,sign,22683.51708166,59.63199873804115,161.2310006748885,35.91700078686699,3.2339994504582137,0.24100154405459762,260.25500119430944,1,1
979,sign,22683.543199358,13.553002645494416,49.909998779185116,27.575999411055818,1.7370002751704305,0.2269989636261016,93.00300007453188,1,1
980,sign,22683.567696247,16.289002815028653,65.36799992318265,37.496996810659766,2.348002453800291,0.26899942895397544,121.77100143162534,1,1
981,sign,22683.593826564,45.65899871522561,186.108001798857,95.83499922882766,6.2680010159965605,1.0160001693293452,334.8860009282362,1,1
982,sign,22683.620040306,35.09800080792047,141.34199955151416,82.72600098280236,5.319998308550566,0.6949994713068008,265.18099912209436,1,1
983,sign,22683.647642754,41.855000745272264,163.71200035791844,92.16599937644787,6.255999323911965,0.7109993021003902,304.69999910565093,1,1
984,sign,22683.672772726,20.18599843722768,64.76500129792839,34.1220002155751,2.2519998310599476,0.2679989847820252,121.59299876657315,1,1
985,sign,22683.700191986,16.912999853957444,68.81499939481728,40.22799839731306,2.574000973254442,0.2720007614698261,128.80199938081205,1,1
986,sign,22683.729669811,66.92999886581674,263.25400176574476,138.944000354968,7.218997780000791,0.833999365568161,477.18099813209847,1,1
987,sign,22683.754893617,59.82700167805888,517.5199985387735,97.24900155561045,6.913000106578693,0.8380011422559619,682.3470030212775,1,1
988,sign,22683.783364824,71.82300032582134,258.19499933277257,149.11799735273235,8.840001100907102,0.9989998943638057,488.97499800659716,1,1
989,sign,22683.807460972,19.66700074262917,75.83000115118921,41.12199894734658,2.9570001061074436,0.261999957729131,139.83800090500154,1,1
990,sign,22683.832709856,21.564999769907445,66.04599911952391,32.30000220355578,2.13099701795727,0.23900065571069717,122.2809987666551,1,1
991,sign,22683.862055785,58.4619992878288,235.97800100105815,156.83299716329202,8.89000148163177,1.0570001904852688,461.219999124296,1,1
992,sign,22683.888644109,74.5049983379431,198.46200302708894,143.12499843072146,7.776001439196989,0.7809976523276418,424.64899888727814,1,1
993,sign,22683.916243669,75.13200034736656,330.65300158341415,191.63699835189618,10.48600097419694,1.534001057734713,609.4420023146085,1,1
994,sign,22683.940600047,28.63899862859398,105.23899982217699,51.65699985809624,3.5379998735152185,0.2990018401760608,189.3720000225585,1,1
995,sign,22683.967882684,22.063999495003372,84.54900307697244,47.25499820779078,2.3669999791309237,0.29199873097240925,156.52699948986992,1,1
996,sign,22683.995421439,59.552996390266344,233.13800193136558,134.26200166577473,6.596997991437092,0.7519993232563138,434.30199730210006,1,1
997,sign,22684.024054729,58.5429988859687,174.60700109950267,91.8099976843223,6.231002771528438,0.7379967428278178,331.9289971841499,1,1
998,sign,22684.048710836,32.239000574918464,160.60200141509995,83.36199971381575,5.289999535307288,0.6170012056827545,282.1100024448242,1,1
999,sign,22684.07371065,13.241002307040617,53.16399983712472,31.262999982573092,2.1759988158009946,0.22400126908905804,100.06800221162848,1,1
1000,sign,22684.099343739,31.269002647604793,128.60799688496627,71.92800330813043,4.577999789034948,0.5539986887015402,236.93700131843798,1,1
1001,sign,22684.128293734,36.62900053313933,155.77600061078556,89.56599776865914,5.8920013543684036,0.6410009518731385,288.5040012188256,1,1
1002,sign,22684.155885189,52.26099892752245,175.37600069772452,101.79899982176721,6.656999175902456,0.5830006557516754,336.6759992786683,1,1
1003,sign,22684.184263936,17.226000636583194,68.22299837949686,39.149999793153256,2.5289991754107177,0.2640008460730314,127.39199883071706,1,1
1004,sign,22684.211721676,16.985999536700547,61.88999759615399,32.88900188636035,2.5560002541169524,0.2640008460730314,114.58500011940487,1,1
1005,sign,22684.236338563,11.693999113049358,47.90499951923266,27.258000045549124,1.7290003597736359,0.20500010577961802,88.7909991433844,1,1
1006,sign,22684.263122588,108.91399870160967,233.86700195260346,94.81400047661737,6.116999429650605,0.7470007403753698,444.45900130085647,1,1
1007,sign,22684.291208426,107.00400162022561,272.63499941909686,145.80300194211304,8.442999387625605,0.990999978967011,534.8760023480281,1,1
1008,sign,22684.315514696,74.8289967305027,221.88900038599968,95.63999992678873,6.365000444930047,0.9140021575149149,399.63699964573607,1,1
1009,sign,22684.339159653,50.21400284022093,115.02099732751958,34.722001146292314,2.5930021365638822,0.3360000846441835,202.8860035352409,1,1
1010,sign,22684.365653917,62.62500028242357,165.8469991525635,62.57199856918305,4.441000783117488,0.6900008884258568,296.1749996757135,1,1
1011,sign,22684.392232378,123.88899995130487,349.9350023048464,170.26899877237156,10.215000656899065,1.3190001482143998,655.6270018336363,1,1
1012,sign,22684.416171193,80.66699956543744,322.7340021112468,175.60400010552257,9.860999853117391,1.1379997886251658,590.0040014239494,1,1
1013,sign,22684.444635525,131.282999063842,384.2469996016007,170.32200048561208,10.522999218665063,1.3460012269206345,697.7209995966405,1,1
1014,sign,22684.472629196,41.90500112599693,136.16099749924615,57.37300307373516,3.459997969912365,0.3230015863664448,239.22200125525706,1,1
1015,sign,22684.497272796,52.81899939291179,144.65999993262812,45.02599767874926,3.3760006772354245,0.4030007403343916,246.283998421859,1,1
1016,sign,22684.524653577,90.22400263347663,276.54299992718734,107.27200060500763,9.370000043418258,1.1119991540908813,484.52100236318074,1,1
1017,sign,22684.551968378,100.09299876401201,377.09000025643036,167.62800078140572,9.094001143239439,1.148997398559004,655.0539983436465,1,1
1018,sign,22684.57655398,111.69499703100882,356.85700277099386,173.2950004225131,10.494997695786878,1.32000059238635,653.661998512689,1,1
1019,sign,22684.600341154,37.933001294732094,113.823996798601,39.59700188715942,3.236000338802114,0.2999986463692039,194.88999896566384,1,1
1020,sign,22684.624804107,45.75500133796595,145.73799853678793,69.63900159462355,2.7079986466560513,0.33800097298808396,264.17800108902156,1,1
1021,sign,22684.65107147,48.21499896934256,111.32600047858432,31.489998946199194,2.34400067711249,0.2800006768666208,193.65499974810518,1,1
1022,sign,22684.677712617,40.166996768675745,104.90700151422061,33.51299892528914,2.534001396270469,0.5139991117175668,181.63499771617353,1,1
1023,sign,22684.704579055,57.960998674388975,218.5789999202825,62.063001678325236,5.39900065632537,0.6320005923043936,344.6340015216265,1,1
1024,sign,22684.730406211,21.633997675962746,97.79800166143104,34.59499930613674,2.182998287025839,0.22400126908905804,156.43399819964543,1,1
1025,sign,22684.756469865,47.066001570783556,114.43100083852187,37.70200055441819,2.9279981390573084,0.3249988367315382,202.45199993951246,1,1
1026,sign,22684.804336442,48.32400009036064,2.087999746436253,1.2620002962648869,5.998997949063778,0.4310022632125765,58.104000345338136,1,0
1027,sign,22684.849411995,71.29100049496628,4.176999937044457,2.387998392805457,9.725001291371882,0.8159986464306712,88.39699876261875,1,0
1028,sign,22684.894360108,65.35099964821711,3.1609997677151114,1.9760009308811277,8.428000001003966,0.6800000846851617,79.59600043250248,1,0
1029,sign,22684.939530389,112.95099830022082,7.023001671768725,3.5189987102057785,13.550998119171709,1.6940030036494136,138.73799980501644,1,0
1030,sign,22684.984575886,104.46899977978319,5.129000783199444,3.140001354040578,13.333999959286302,1.4729994290973991,127.54500130540691,1,0
1031,sign,22685.029347649,60.319998738123104,3.182001819368452,2.2700005501974374,6.808997568441555,0.8280003385152668,73.40899901464581,1,0
1032,sign,22685.074575092,107.06499961088412,6.349000614136457,2.9750008252449334,14.943998394301161,1.1379997886251658,132.47099923319183,1,0
1033,sign,22685.106957763,174.81000031693839,413.10999949928373,168.2600013737101,10.243998985970393,1.6599988157395273,768.0839989916421,1,1
1034,sign,22685.132351995,95.22300024400465,180.26100224233232,67.70699837943539,4.538000212050974,0.5649999366141856,348.2940010144375,1,1
1035,sign,22685.157342562,99.81800030800514,199.08199828932993,70.45999882393517,4.318000719649717,0.5059991963207722,374.1839973372407,1,1
1036,sign,22685.182789872,54.058000387158245,199.89100110251456,90.8049987629056,4.9439986469224095,0.6150003173388541,350.31299921683967,1,1
1037,sign,22685.208803838,89.53300130087882,274.13199859438464,124.26400280673988,7.56599911255762,1.1349984561093152,496.6300002706703,1,1
1038,sign,22685.233356243,90.69800216821022,289.33999783475883,107.60800068965182,7.031998393358663,0.9320028766524047,495.61000196263194,1,1
1039,sign,22685.257362791,62.01500218594447,155.03499889746308,48.40900146518834,3.564997314242646,0.4130015440750867,269.4370014069136,1,1
1040,sign,22685.281971763,177.73899890016764,132.97199984663166,32.04500171705149,2.692999260034412,0.2890010364353657,345.7380007603206,1,1
1041,sign,22685.329528546,84.97299859300256,5.12100086780265,2.5709996407385916,11.07400021282956,0.938998709898442,104.6779980242718,1,0
1042,sign,22685.374454327,94.24299787497148,4.994002665625885,3.1710005714558065,12.364998838165775,1.058000634657219,115.83100058487616,1,0
1043,sign,22685.419286793,55.40900019695982,3.083001502091065,1.9099970813840628,6.395002856152132,0.443000317318365,67.24000195390545,1,0
1044,sign,22685.428854844,62.79699664446525,173.44099978799932,53.66500045056455,4.331999662099406,0.5090005288366228,294.74399707396515,1,1
1045,sign,22685.453288355,84.05900007346645,246.0000032442622,102.80499918735586,7.160000677686185,0.8889983291737735,440.91300151194446,1,1
1046,sign,22685.480628555,83.25800081365742,237.92899810359813,142.88700185716152,7.181999535532668,1.095999323297292,472.35199963324703,1,1
1047,sign,22685.508536809,98.99499855237082,395.50099972984754,151.39300012378953,7.892002031439915,0.9049981599673629,654.6859985974152,1,1
1048,sign,22685.532118186,44.91799700190313,118.60900121973827,37.12300167535432,3.006996848853305,0.31400122679769993,203.97099797264673,1,1
1049,sign,22685.557340863,45.2130007033702,128.62099902122281,49.83100006938912,3.0560004233848304,0.4760004230774939,227.19700064044446,1,1
1050,sign,22685.582597627,134.39200120046735,375.48099862760864,171.04200014728121,10.755000403150916,1.2119999155402184,692.8820002940483,1,1
1051,sign,22685.606368423,84.28799992543645,264.852998952847,125.27900253189728,7.8029988799244165,1.372001861454919,483.59500215156004,1,1
1052,sign,22685.630068303,54.45100032375194,293.1320013885852,109.08100011874922,7.7549993875436485,0.8700008038431406,465.28900202247314,1,1
1053,sign,22685.653533431,60.133999795652926,169.63800226221792,62.24699973245151,4.564997652778402,10.556999768596143,307.1409992116969,1,1
1054,sign,22685.676813624,25.89699943200685,96.59600254963152,31.838000722927973,2.1949999791104347,0.23299799067899585,156.75900067435578,1,1
1055,sign,22685.703745249,93.7570002861321,309.1469989158213,109.42199878627434,7.262002327479422,1.3399985618889332,520.9279988775961,1,1
1056,sign,22685.729093384,77.3899992054794,255.65000032656826,102.61399802402593,7.107002602424473,0.8549977792426944,443.61599793774076,1,1
1057,sign,22685.756574667,80.55199941736646,226.72300110571086,94.46399781154469,6.381000275723636,0.8730021363589913,408.99300074670464,1,1
1058,sign,22685.781480476,81.97200077120215,246.26000231364742,102.89999772794545,7.661001291126013,0.8319984772242606,439.6250005811453,1,1
1059,sign,22685.805162837,65.28299854835495,125.53900160128251,34.76199708529748,2.7990026865154505,0.43699765228666365,228.81999757373706,1,1
1060,sign,22685.832657112,91.29599857260473,250.6199998606462,132.5250013906043,6.984999345149845,0.8349998097401112,482.2609989787452,1,1
1061,sign,22685.861757956,88.73199840309098,266.2459992279764,103.49200238124467,7.0119967858772725,0.9320028766524047,466.41399967484176,1,1
1062,sign,22685.88828053,91.20199683820829,251.9670015317388,104.01499821455218,7.4310009949840605,0.8610004442743957,455.4759980237577,1,1
1063,sign,22685.914026063,55.08299727807753,148.7160006945487,49.580001359572634,3.3949982025660574,0.6990012479946017,257.47299878275953,1,1
1064,sign,22685.93817222,51.815997721860185,122.53300155862235,33.57799869263545,2.5650006136856973,0.3440000000409782,210.83599858684465,1,1
1065,sign,22685.962138802,87.79299969319254,259.0770018287003,106.34600039338693,7.328999345190823,0.9739997040014714,461.51900096447207,1,1
1066,sign,22685.987609069,147.34099750057794,454.2599999695085,114.69400124042295,7.685001037316397,0.9760005923453718,724.9560003401712,1,1
1067,sign,22686.010443488,84.26999920629896,181.3970011426136,61.584996728925034,3.674002073239535,0.40599843487143517,331.33199758594856,1,1
1068,sign,22686.035173,59.284000599291176,219.1280000261031,102.6760000968352,7.68599784350954,0.7220005500130355,389.49599911575206,1,1
1069,sign,22686.060228816,47.38599818665534,117.38700050045736,33.24000135762617,2.5000008463393897,0.35499760997481644,200.86799850105308,1,1
1070,sign,22686.083477685,45.65000199363567,137.57700071437284,54.82599954120815,3.5659977584145963,0.3950008249375969,242.01400083256885,1,1
1071,sign,22686.11042679,80.82099884632044,253.57300182804465,103.38199717807584,6.9210000219754875,0.910000380827114,445.6069982552435,1,1
1072,sign,22686.133640383,82.93800055980682,243.48100123461336,128.577998111723,7.342001481447369,0.8889983291737735,463.2279997167643,1,1
1073,sign,22686.15772726,77.64499969198368,253.51599833811633,127.4130008823704,9.414001397090033,0.9129980753641576,468.9009983849246,1,1
1074,sign,22686.18135417,72.37300087581389,223.94299958250485,95.02499960944988,6.531001417897642,0.6570007826667279,398.529002268333,1,1
1075,sign,22686.204940159,43.77399818622507,139.86699923407286,34.986001992365345,2.6849993446376175,0.31099989428184927,221.62299865158275,1,1
1076,sign,22686.229155593,78.1660019129049,243.77199952141382,81.02300125756301,5.848000000696629,0.7509988790843636,409.5600015716627,1,1
1077,sign,22686.254901763,93.62700075143948,276.67099857353605,104.67299944139086,7.759001164231449,0.9119976311922073,483.64199756179005,1,1
1078,sign,22686.278540248,76.24999852851033,234.879000345245,104.26500011817552,6.817001121817157,0.8770002750679851,423.088000388816,1,1
1079,sign,22686.302670317,92.42899977834895,271.54900089954026,107.57699783425778,8.478000381728634,1.086002157535404,481.11900105141103,1,1
1080,sign,22686.325690168,54.076001106295735,132.93599840835668,40.416001866105944,3.578999894671142,0.37800054997205734,231.38500182540156,1,1
1081,sign,22686.349299218,68.82800153107382,173.9939980325289,60.36600098013878,4.360001184977591,0.5469992174766958,308.0950009461958,1,1
1082,sign,22686.374073847,122.8219989570789,351.0530004859902,171.92399900523014,10.294999810867012,1.2970012903679162,657.3909995495342,1,1
1083,sign,22686.397034534,86.9410032464657,252.5649979361333,102.6559984893538,7.038001058390364,0.7260023267008364,449.926003057044,1,1
1084,sign,22686.421320157,78.44400170142762,241.5390008536633,98.02500062505715,6.8070003180764616,0.7659982657060027,425.58100176393054,1,1
1085,sign,22686.444825042,86.3880013639573,269.6109986572992,126.04900257429108,7.986996934050694,0.9560026228427887,490.99100215244107,1,1
1086,sign,22686.468699783,54.14400220615789,129.23499889438972,42.16600063955411,2.987999323522672,0.35500124795362353,228.88800231157802,1,1
1087,sign,22686.49219183,57.651999668451026,148.12100198469125,66.0719997540582,4.523000825429335,0.5309993866831064,276.8990016193129,1,1
1088,sign,22686.517386518,80.37500083446503,240.39900017669424,103.57799692428671,7.15300120646134,0.8370006980840117,432.34199983999133,1,1
1089,sign,22686.54069624,84.65599967166781,304.1439995286055,124.0780002262909,7.971000741235912,0.8489987521898001,521.6979989199899,1,1
1090,sign,22686.565493855,82.7450021461118,238.32099759601988,102.30699990643188,7.5310017564333975,0.919997546589002,431.82399895158596,1,1
1091,sign,22686.590989269,78.96299939602613,132.93099982547574,37.7710020984523,2.8699978429358453,0.3839995770249516,252.91899873991497,1,1
1092,sign,22686.614867086,41.20599987800233,120.37500346195884,47.46699778479524,2.687000232981518,0.4220019036438316,212.15700326138176,1,1
1093,sign,22686.639787958,116.33399844868109,321.8710007786285,122.28000196046196,7.544000254711136,1.0089970601256937,569.0379985026084,1,1
1094,sign,22686.664472286,86.17200001026504,237.2130002186168,106.94699813029729,7.803002517903224,0.8200004231184721,438.9550013002008,1,1
1095,sign,22686.688618216,90.70299711311236,237.93299988028593,120.1230006699916,6.918002327438444,1.2789969332516193,456.95599692407995,1,1
1096,sign,22686.71529874,110.17200085916556,264.2269973875955,97.79399988474324,6.9160014390945435,0.7419985195156187,479.85099809011444,1,1
1097,sign,22686.739833282,34.50399890425615,103.24699906050228,45.75500133796595,2.4719993234612048,0.34299955586902797,186.3209981820546,1,1
1098,sign,22686.764925921,60.08600030327216,145.59199917130172,39.942999137565494,2.6330017135478556,0.35099947126582265,248.60499979695305,1,1
1099,sign,22686.789640373,80.26000068639405,245.46899658162147,122.82200259505771,7.304999599000439,0.838997948449105,456.6949974105228,1,1
1100,sign,22686.815398521,77.34199971309863,243.45400015590712,101.86299914494157,7.0499991124961525,0.8930001058615744,430.60199823230505,1,1
1101,sign,22686.839829183,68.0049997754395,231.15799922379665,74.277999374317,4.811998223885894,0.4940011422149837,378.74699773965403,1,1
1102,sign,22686.86354534,94.35399988433346,197.47300029848702,43.698000808944926,3.535998985171318,0.3850000211969018,339.44599999813363,1,1
1103,sign,22686.888033102,57.51999924541451,145.43499855790287,51.23099981574342,3.8280013541225344,0.5410001904238015,258.55499916360714,1,1
1104,sign,22686.912711569,77.90500239934772,280.4769974318333,107.96300193760544,7.172999175963923,0.8899987733457237,474.4079997180961,1,1
1105,sign,22686.936402078,107.98899893416092,345.27800016803667,195.8659995580092,11.02099849958904,1.3940007193014026,661.5479978790972,1,1
1106,sign,22686.961546136,115.19300096551888,331.7619994049892,177.6350000000093,9.87099701887928,1.2570017133839428,635.7179991027806,1,1
1107,sign,22686.98524581,66.80899969069287,164.798999321647,57.83500091638416,4.311001248424873,0.41000021155923605,294.16400138870813,1,1
1108,sign,22687.008886411,79.34899986139499,231.15400108508766,82.68199962913059,6.095997377997264,0.6930022209417075,399.9740001745522,1,1
1109,sign,22687.033583737,80.75699952314608,242.7139988867566,128.3430028706789,7.568996807094663,0.953001290326938,460.3359993780032,1,1
1110,sign,22687.056903692,74.70400305464864,244.14899962721393,95.01099702902138,6.911002856213599,0.8200004231184721,421.595002990216,1,1
1111,sign,22687.080517029,90.76199785340577,252.43600248359144,104.8419981088955,6.87500141793862,0.7970011211000383,455.71200098493136,1,1
1112,sign,22687.105256199,99.68499944079667,273.71900068828836,112.0589986385312,7.295002433238551,0.890999217517674,493.64900041837245,1,1
1113,sign,22687.128754642,38.35900133708492,108.69299876503646,44.446001993492246,2.734999725362286,0.266998540610075,194.500000361586,1,1
1114,sign,22687.154540033,56.037999456748366,147.25200162502006,62.127997807692736,4.271001671440899,0.57199940783903,270.2609999687411,1,1
1115,sign,22687.18144041,125.29599916888401,365.99699888029136,202.97100127208978,11.578998964978382,1.3040007615927607,707.1469990478363,1,1
1116,sign,22687.205508404,75.57999924756587,233.40700136031955,101.96400035056286,6.417998520191759,0.7320013537537307,418.10100083239377,1,1
1117,sign,22687.228266154,90.76599963009357,255.4179991420824,102.1329990180675,7.253001967910677,0.8269998943433166,456.39699965249747,1,1
1118,sign,22687.252127371,53.027997637400404,123.68399984552525,44.53300061868504,2.992001100210473,0.31500167096965015,224.5520008727908,1,1
1119,sign,22687.276791748,65.85799928870983,130.48599794274196,46.08900053426623,3.2050011213868856,0.34099866752512753,245.97899755463004,1,1
1120,sign,22687.302416363,85.62500079278834,235.24499920313247,97.57999941939488,6.771999323973432,0.8520000847056508,426.07399882399477,1,1
1121,sign,22687.327123541,74.07200246234424,221.839000005275,95.63399726175703,6.225000106496736,0.776999513618648,398.54699934949167,1,1
1122,sign,22687.351883562,86.79399979882874,272.02299679629505,102.57000030833296,6.903999747009948,0.8960014383774251,469.1869980888441,1,1
1123,sign,22687.376894174,75.17499761888757,223.08999905362725,46.98400152847171,3.222001396352425,0.3859968273900449,348.856996424729,1,1
1124,sign,22687.40497561,68.96900231367908,134.13099804893136,45.797001803293824,4.073997843079269,0.6100017344579101,253.58100174344145,1,1
1125,sign,22687.429954008,73.04300015675835,181.02499961969443,82.62200208264403,5.566998879658058,0.6100017344579101,342.8670024732128,1,1
1126,sign,22687.454689375,91.53399878414348,286.44299891311675,106.1570001184009,7.31000181986019,0.862997694639489,492.3069973301608,1,1
1127,sign,22687.478740581,92.86400018027052,254.40600074944086,105.40800212766044,6.655998731730506,0.9129980753641576,460.2469998644665,1,1
1128,sign,22687.504157575,56.247001339215785,156.0889977554325,44.37499956111424,3.164001100230962,0.30199953471310437,260.1769992907066,1,1
1129,sign,22687.527784257,64.4390020170249,166.46400035824627,89.82599683804438,4.5529995986726135,0.5390029400587082,325.82100175204687,1,1
1130,sign,22687.579461789,96.87100100563839,5.294001311995089,3.0480005079880357,12.672997399931774,1.153002813225612,119.0390030387789,1,0
1131,sign,22687.624523584,133.85499914875254,10.874002327909693,4.484998498810455,20.990999473724514,1.3620010577142239,171.56700050691143,1,0
1132,sign,22687.669388677,85.73599916417152,4.019999323645607,2.6859997888095677,14.253000699682161,0.5360016075428575,107.23100058385171,1,0
1133,sign,22687.691318472,60.0220009800978,221.44000104162842,50.26399958296679,3.8299986044876277,0.44099942897446454,335.9969996381551,1,1
1134,sign,22687.716916021,82.26800127886236,262.7989997563418,103.93699994892813,7.079997885739431,1.0180010576732457,457.10199992754497,1,1
1135,sign,22687.741351316,89.81800056062639,334.55100128776394,103.11299774912186,7.660000846954063,0.9440009307581931,536.0860013752244,1,1
1136,sign,22687.767181367,105.34500324865803,457.3459991661366,160.39099864428863,9.649000276112929,1.2839991541113704,734.0150004893076,1,1
1137,sign,22687.79109713,95.87900058249943,233.7039986741729,37.35000063898042,8.719998731976375,0.9200011845678091,376.57299981219694,1,1
1138,sign,22687.81815515,77.19000132055953,169.93299868772738,46.01000182447024,3.5769990063272417,0.3360000846441835,297.04600092372857,1,1
1139,sign,22687.843377042,79.97200009413064,221.74699915922247,88.33899846649729,6.113001290941611,0.7439994078595191,396.9149984186515,1,1
1140,sign,22687.868543343,97.8520001808647,317.5470010319259,186.419998499332,10.460000339662656,1.2359996617306024,613.5149997135159,1,1
1141,sign,22687.896088111,79.30100036901422,237.02199905528687,103.23000242351554,7.222999556688592,0.7799972081556916,427.5559986126609,1,1
1142,sign,22687.92215305,44.65500023798086,114.09299986553378,33.49899998283945,3.058001311728731,0.3179993655066937,195.62300076358952,1,1
1143,sign,22687.953471837,78.11999967088923,193.243999092374,90.50399967236444,6.843001756351441,0.7939997885841876,369.5049999805633,1,1
1144,sign,22687.978515938,92.01899956678972,250.11899924720638,99.87100202124566,7.257996912812814,0.8120005077216774,450.07899825577624,1,1
1145,sign,22688.002471019,111.99099753866903,327.1189998486079,193.7870001711417,9.552000847179443,1.2500022421590984,643.6990006477572,1,1
1146,sign,22688.026077021,91.14999920711853,253.70100047439337,102.85900134476833,7.267997716553509,1.0520016076043248,456.03000035043806,1,1
1147,sign,22688.050596371,47.04300226876512,146.05199976358563,56.971999583765864,4.017001629108563,0.4989997250959277,254.5830029703211,1,1
1148,sign,22688.074756153,32.880998332984746,133.00000136950985,40.31899879919365,2.5230001483578235,0.36100027500651777,209.08399892505258,1,1
1149,sign,22688.101338392,94.44099850952625,262.8600013849791,135.78799917013384,9.602001227904111,1.2119999155402184,503.90300020808354,1,1
1150,sign,22688.125470276,81.00599734461866,231.63700097939,92.42300075129606,6.589998520212248,0.833999365568161,412.4899969610851,1,1
1151,sign,22688.15041996,76.67200043215416,233.2520016352646,102.09099855273962,6.71700036036782,0.6939990271348506,419.42600000766106,1,1
1152,sign,22688.175153431,46.52899951906875,114.59200322860852,34.34399695834145,2.5900008040480316,0.3029999788850546,198.3580004889518,1,1
1153,sign,22688.198253235,34.39699867158197,97.35200001159683,32.99400123069063,2.1229971025604755,0.24700057110749185,167.1129975875374,1,1
1154,sign,22688.222523019,90.259996795794,255.99400032660924,102.03000056208111,7.254002412082627,0.8289971447084099,456.3669972412754,1,1
1155,sign,22688.246496159,77.90499876136892,238.35500178392977,104.057999124052,6.884998583700508,0.7070011633913964,427.9099994164426,1,1
1156,sign,22688.270469357,73.86499783024192,300.8250023412984,171.45200035884045,10.061998182209209,0.9850009519141167,557.1889996645041,1,1
1157,sign,22688.294247928,95.12000178801827,268.40599821298383,103.5290006257128,6.99500014889054,0.8700008038431406,474.9200015794486,1,1
1158,sign,22688.319659833,57.00499968952499,122.77000132598914,35.44799983501434,2.6519992388784885,0.3310015017632395,218.2060015911702,1,1
1159,sign,22688.344827192,35.226999898441136,111.79099965374917,50.814000132959336,2.4790024326648563,0.3950008249375969,200.7060029427521,1,1
1160,sign,22688.368719743,90.85599958780222,356.286000169348,109.86900088028051,7.837999874027446,0.919997546589002,565.7689980580471,1,1
1161,sign,22688.393453249,112.33100303797983,313.59499917016365,164.25499779870734,9.18300065677613,1.1410011211410165,600.505001784768,1,1
1162,sign,22688.417526369,94.07799734617583,263.28800231567584,102.42300049867481,7.4739982665050775,0.8019997039809823,468.06499813101254,1,1
1163,sign,22688.44111872,86.84500062372535,267.8240016393829,94.91499804425985,5.829002475365996,0.6849986675661057,456.0980014503002,1,1
1164,sign,22688.464538906,30.98399974987842,93.64400102640502,31.62600114592351,2.4170003598555923,0.21899904822930694,158.89000133029185,1,1
1165,sign,22688.509472746,95.24100096314214,2.882999979192391,1.7240017768926919,10.390998795628548,0.5879992386326194,110.82700075348839,1,0
1166,sign,22688.554476015,88.73800106812268,3.735996870091185,1.405001967214048,10.89799843612127,0.5180008884053677,105.29499922995456,1,0
1167,sign,22688.599340759,41.65800055488944,0.971998815657571,0.41900057112798095,5.052999767940491,0.15300247468985617,48.25500218430534,1,0
1168,sign,22688.624675153,66.27099719480611,258.2930028438568,92.70699956687167,7.299000571947545,0.7079979695845395,425.2779981470667,1,1
1169,sign,22688.649490869,101.15600161952898,261.5429984871298,104.7570003720466,6.982998456805944,0.9370014595333487,475.3760003950447,1,1
1170,sign,22688.673433789,94.28200064576231,190.09099924005568,55.22599894902669,5.365000106394291,0.5000001692678779,345.46399911050685,1,1
1171,sign,22688.698781094,96.47899787523784,290.5710025515873,113.07800014037639,8.244998753070831,0.9420000424142927,509.31499936268665,1,1
1172,sign,22688.722119528,42.48500044923276,109.13100049947388,32.75500057497993,2.1619998733513057,0.2979977580253035,186.83099915506318,1,1
1173,sign,22688.745800048,54.52999903354794,188.30599947250448,59.97700282023288,5.185000190977007,0.5549991328734905,308.5530006501358,1,1
1174,sign,22688.770899468,83.54099918506108,256.48200244177133,103.30399891245179,7.30900137568824,0.9049981599673629,451.5410000749398,1,1
1175,sign,22688.794891252,69.2489993525669,246.90099962754175,110.881999717094,7.252001523738727,0.9049981599673629,435.18899838090874,1,1
1176,sign,22688.817504426,94.17000183020718,237.72200074745342,104.25599975860678,6.268997822189704,1.1299998732283711,443.54700003168546,1,1
1177,sign,22688.841205424,82.91899939649738,261.31900085601956,87.88500053924508,5.559999408433214,0.5859983502887189,438.26899855048396,1,1
1178,sign,22688.864434759,44.21899939188734,106.20099783409387,32.81799945398234,2.430002496112138,0.3770001058001071,186.0449992818758,1,1
1179,sign,22688.914600919,121.86299863969907,3.6910023482050747,1.6849990061018616,11.623000318650156,0.4609973984770477,139.3229977111332,1,0
1180,sign,22688.959599578,86.62999971420504,3.139000909868628,1.653999788686633,11.480999091872945,0.4770008672494441,103.38100037188269,1,0
1181,sign,22689.00440278,60.929000028409064,1.5600016922689974,0.7819980964995921,7.238999387482181,0.2550004865042865,70.76499969116412,1,0
1182,sign,22689.049466631,87.4010002007708,2.8659997042268515,1.4020006346981972,10.501997167011723,0.4480025381781161,102.61900024488568,1,0
1183,sign,22689.094604458,95.91100024408661,3.043998731300235,1.558000803925097,11.976997484453022,0.5530018825083971,113.04299914627336,1,0
1184,sign,22689.139323296,48.86899841949344,1.3640019460581243,0.7019989425316453,5.57400198886171,0.181000359589234,56.69000165653415,1,0
1185,sign,22689.184396831,83.65200119442306,2.9389993869699538,1.2689997674897313,9.625000529922545,0.386000465368852,97.87100134417415,1,0
1186,sign,22689.229477792,83.31899880431592,3.1380004656966776,1.4569995983038098,10.094001481775194,0.41399835026822984,98.42199870035984,1,0
1187,sign,22689.274257585,43.32300159148872,0.938998709898442,0.4220019036438316,5.172998498892412,0.1490006980020553,50.00600140192546,1,0
1188,sign,22689.319491785,89.99199781101197,2.9319999157451093,1.5990008250810206,10.265001037623733,0.5160000000614673,105.3039995895233,1,0
1189,sign,22689.364733145,126.58999912673607,4.0859995351638645,1.887001417344436,12.538999726530164,0.6429982022382319,145.74499800801277,1,0
1190,sign,22689.409263752,54.38299922388978,1.1539996194187552,0.5590009095612913,5.9300000430084765,0.17999991541728377,62.20599971129559,1,0
1191,sign,22689.454524481,94.40000212634914,3.167999238939956,1.5039986465126276,11.551001080079004,0.44599801185540855,111.06899910373613,1,0
1192,sign,22689.499459042,86.05300172348507,3.0279989005066454,1.5840014384593815,11.310999980196357,0.3979985194746405,102.37400056212209,1,0
1193,sign,22689.544326026,51.17099863127805,1.2220007192809135,0.6379996193572879,6.043999746907502,0.21700179786421359,59.29200051468797,1,0
1194,sign,22689.589537374,96.75700130173936,3.164001100230962,1.3179997040424496,11.475000064820051,0.4209978214930743,113.1349999923259,1,0
1195,sign,22689.634585482,88.13000022200868,3.182001819368452,1.543998223496601,12.437001714715734,0.5379988579079509,105.83100083749741,1,0
1196,sign,22689.679366373,62.287002947414294,1.405998773407191,0.7609996828250587,7.476999599020928,0.2550004865042865,72.18600148917176,1,0
1197,sign,22689.724481548,92.29599891114049,3.131000994471833,1.4889992598909885,10.896001185756177,0.4879984771832824,108.29999882844277,1,0
1198,sign,22689.769733019,123.05900236242451,4.397999873617664,2.459997631376609,15.565001376671717,0.8520000847056508,146.33400132879615,1,0
1199,sign,22689.814411699,49.612997827352956,1.148000592365861,0.5040019459556788,6.368998583639041,0.17500133253633976,57.809000281849876,1,0
1200,sign,22689.859337607,55.35800301004201,1.9269973563496023,1.0320000001229346,11.116000678157434,0.20199877326376736,69.63499981793575,1,0
1201,sign,22689.90452124,83.80899816984311,2.8340000426396728,1.3839999155607074,10.853000276256353,0.41499879444018006,99.29499719874002,1,0
1202,sign,22689.949424924,66.57199992332608,1.9359977159183472,1.0840012691915035,7.989998266566545,0.3040004230570048,77.88599759805948,1,0
1203,sign,22689.994509065,89.54299846664071,3.188000846421346,1.4940014807507396,11.559997801668942,0.5649999366141856,106.34999853209592,1,0
1204,sign,22690.039458616,85.21600102540106,2.887998562073335,1.4110009942669421,10.249998013023287,0.42300234781578183,100.1880009425804,1,0
1205,sign,22690.084322274,65.19599992316216,2.016000507865101,0.967000232776627,8.101000275928527,0.29299917514435947,76.57300011487678,1,0
1206,sign,22690.129560068,86.58300066599622,2.8950016712769866,1.476997567806393,10.633000783855096,0.4610010364558548,102.04900172539055,1,0
1207,sign,22690.174359812,60.461999964900315,1.9769977370742708,0.9890027286019176,7.650996849406511,0.2630004019010812,71.3419976818841,1,0
1208,sign,22690.219495869,84.80199903715402,2.787000994430855,1.3169992598704994,10.020998161053285,0.42400279198773205,99.35100024449639,1,0
1209,sign,22690.264462004,87.42700083530508,2.862998371711001,1.3569988368544728,10.52200241247192,0.5059991963207722,102.67499965266325,1,0
1210,sign,22690.309263059,49.006001063389704,1.1619995348155499,0.47299909056164324,6.5160020312760025,0.185998942470178,57.34300066251308,1,0
1211,sign,22690.354524486,108.22300100699067,2.5129993446171284,1.2310010788496584,10.288000339642167,0.3899986040778458,122.64500037417747,1,0
1212,sign,22690.399499525,84.04300024267286,3.1130002753343433,1.243999577127397,10.159001249121502,0.43199906940571964,98.99100041366182,1,0
1213,sign,22690.444349513,48.51199992117472,1.3850003597326577,0.5459987733047456,6.354999641189352,0.16400008462369442,56.96199878002517,1,0
1214,sign,22690.489487862,97.1570007095579,3.1659983505960554,1.5000005078036338,4.630001058103517,0.5369984137360007,106.98999903979711,0,0
1215,sign,22690.534617469,1.0790026863105595,2.5560002541169524,1.0779986041598022,1.1310003174003214,0.32299794838763773,6.166999810375273,0,0
1216,sign,22690.579398485,0.5990004865452647,0.8999995770864189,0.3759996616281569,0.3759996616281569,0.15100158634595573,2.402000973233953,0,0
1217,sign,22690.624468919,1.0660005500540137,2.4090004444587976,1.0500007192604244,1.0359981388319284,0.32800016924738884,5.889000021852553,0,0
1218,sign,22690.669475171,0.9620016498956829,2.576998667791486,0.9700015652924776,1.0929979907814413,0.2550004865042865,5.857000360265374,0,0
1219,sign,22690.714300939,0.7700000423938036,0.7980015652719885,0.3159984771627933,0.32900061341933906,0.11900192475877702,2.3320026230067015,0,0
1220,sign,22690.7598409,2.359000063734129,4.0000013541430235,1.434000296285376,1.7230013327207416,0.4789981176145375,9.995001164497808,0,0
1221,sign,22690.804483399,1.2860000424552709,2.4040018615778536,1.1189986253157258,1.0559997463133186,0.24700057110749185,6.112000846769661,0,0
1222,sign,22690.849247741,0.48199945013038814,0.7220005500130355,0.29299917514435947,0.32900061341933906,0.1309999788645655,1.9569997675716877,0,0
1223,sign,22690.894601425,1.0850017133634537,2.625998604344204,1.1029987945221364,1.2160016922280192,0.3089990059379488,6.338999810395762,0,0
1224,sign,22690.939464772,0.9690011211205274,2.320997737115249,1.0280018614139408,0.776999513618648,0.34199911169707775,5.436999344965443,0,0
1225,sign,22690.98452431,1.5570003597531468,1.5900004655122757,0.7499984349124134,0.5610017979051918,0.1590015017427504,4.617002559825778,0,0
1226,sign,22691.029428342,1.001000782707706,2.0409970602486283,0.8640017767902464,0.9069990483112633,0.300002284348011,5.113000952405855,0,0
1227,sign,22691.074514349,1.277003320865333,2.662996848812327,0.9970026439987123,1.0980002116411924,0.271997123491019,6.307000148808584,0,0
1228,sign,22691.119787456,2.5040026230271906,1.9239996618125588,0.8870010788086802,0.8189999789465219,0.27899659471586347,6.412999937310815,0,0
1229,sign,22691.164322323,0.6250011210795492,1.067000994225964,0.5080000846646726,0.467000063508749,0.17499769455753267,2.8419999580364674,0,0
1230,sign,22691.20945498,1.1990014172624797,2.426000719424337,1.181997504318133,1.0610019671730697,0.31499803299084306,6.182999641168863,0,0
1231,sign,22691.254323758,0.7250018825288862,0.8039969543460757,0.36400160752236843,0.36100027500651777,0.09799987310543656,2.3520005925092846,0,0
1232,sign,22691.299503422,1.3460012269206345,2.377997589064762,1.2040000001434237,1.0980002116411924,0.3230015863664448,6.349000614136457,0,0
1233,sign,22691.344505948,1.014999725157395,2.6130001060664654,1.139000232797116,1.14399881567806,0.31899980967864394,6.22999868937768,0,0
1234,sign,22691.389283305,0.652999005978927,0.9750001481734216,0.471998646389693,0.46800050768069923,0.11500014807097614,2.682998456293717,0,0
1235,sign,22691.434594067,1.3110002328176051,2.634998963912949,1.1070005712099373,1.001000782707706,0.2990018401760608,6.353002390824258,0,0
1236,sign,22691.479397789,0.8360002539120615,2.18700006371364,1.0809999366756529,1.0260009730700403,0.34999902709387243,5.480000254465267,0,0
1237,sign,22691.524264974,0.8880015229806304,0.8499991963617504,0.3800014383159578,0.37799691199325025,0.10400253813713789,2.6000016077887267,0,0
1238,sign,22691.569561646,1.1140000424347818,2.4520013539586216,1.1209995136596262,1.0929979907814413,0.33400283427909017,6.114001735113561,0,0
1239,sign,22691.614520571,1.019998308038339,2.544999006204307,1.0420008038636297,1.2370001059025526,0.38800135371275246,6.231999577721581,0,0
1240,sign,22691.659259656,0.8759998308960348,0.7140006346162409,0.40499799069948494,0.36400160752236843,0.08500137482769787,2.444001438561827,0,0
1241,sign,22691.704625485,2.315999154234305,3.9370024751406163,1.6829981177579612,1.653999788686633,0.586001988267526,10.176001524087042,0,0
1242,sign,22691.749487338,1.4030010788701475,2.1949999791104347,1.0420008038636297,1.1839983926620334,0.32400203053839505,6.14800228504464,0,0
1243,sign,22691.794296865,0.8340030035469681,0.776999513618648,0.3399982233531773,0.2910019247792661,0.1129992597270757,2.3550019250251353,0,0
1244,sign,22691.839465966,0.8979986887425184,2.4660002964083105,1.014999725157395,1.1490010365378112,0.261999957729131,5.789999704575166,0,0
1245,sign,22691.88453495,1.1410011211410165,2.7269998099654913,1.2419986887834966,1.3499993656296283,0.30999945010989904,6.769998435629532,0,0
1246,sign,22691.92925919,0.523999915458262,0.9329996828455478,0.3989989636465907,0.40099985199049115,0.11399970389902592,2.3709981178399175,0,0
1247,sign,22691.974300355,1.0570001904852688,1.4870020095258951,0.6279988156165928,0.628999259788543,0.19700019038282335,3.998000465799123,0,0
1248,sign,22692.019579815,1.314998371526599,2.454999048495665,1.177002559415996,1.0939984349533916,0.3269997250754386,6.36799813946709,0,0
1249,sign,22692.064252567,0.5229994712863117,0.8899987733457237,0.3749992174562067,0.3350032784510404,0.1219996192958206,2.245000359835103,0,0
1250,sign,22692.109480103,1.1619995348155499,2.4699984351173043,1.1810006981249899,1.0889998520724475,0.2820015652105212,6.184000085340813,0,0
1251,sign,22692.154619632,1.2860000424552709,2.7229980332776904,1.1990014172624797,1.148997398559004,0.376003299606964,6.733000191161409,0,0
1252,sign,22692.199506847,0.719002855475992,1.2189993867650628,0.5779984348919243,0.5559995770454407,0.18300124793313444,3.255001502111554,0,0
1253,sign,22692.244495613,1.0260009730700403,2.434000634821132,1.1900010576937348,1.1209995136596262,0.32900061341933906,6.100002792663872,0,0
1254,sign,22692.289424006,1.152999175246805,2.453998604323715,1.3030003174208105,0.8589995559304953,0.32400203053839505,6.092999683460221,0,0
1255,sign,22692.334395172,0.7089984137564898,1.6339981812052429,0.6990012479946017,0.7470007403753698,0.2220003807451576,4.010998964076862,0,0
1256,sign,22692.379490886,1.3280005077831447,2.3989996407181025,1.0799994925037026,1.0619987733662128,0.3210006980225444,6.189999112393707,0,0
1257,sign,22692.424599825,1.1369993444532156,2.739001502050087,1.3609969755634665,1.439002517145127,0.35999983083456755,7.036000170046464,0,0
1258,sign,22692.469444932,0.5129986675456166,0.7599992386531085,0.40500162867829204,0.37800054997205734,0.12899909052066505,2.1849991753697395,0,0
1259,sign,22692.514492584,1.3460012269206345,2.353001036681235,1.1609990906435996,1.0929979907814413,0.37500285543501377,6.328002200461924,0,0
1260,sign,22692.559495888,1.2660020729526877,2.663997292984277,1.1310003174003214,1.3349999790079892,0.26600173441693187,6.662001396762207,0,0
1261,sign,22692.604242818,1.0539988579694182,1.1970005289185792,0.462001480627805,0.4699977580457926,0.18699938664212823,3.369998012203723,0,0
1262,sign,22692.649521875,1.1160009307786822,2.314998710062355,1.1700030881911516,1.0650001058820635,0.3929999365936965,6.059002771507949,0,0
1263,sign,22692.694718517,1.2230011634528637,2.5480003387201577,0.8679999154992402,0.7310009095817804,0.2899978426285088,5.660000169882551,0,0
1264,sign,22692.739393959,0.5570000212173909,0.8159986464306712,0.3070017555728555,0.4079993232153356,0.09100040188059211,2.1790001483168453,0,0
1265,sign,22692.784537738,1.0250005288980901,2.393000613665208,0.9789982868824154,0.9380019037052989,0.2950000634882599,5.630001396639273,0,0
1266,sign,22692.829341659,0.8410024747718126,1.0859985195565969,0.38800135371275246,0.39199949242174625,0.1849984982982278,2.892000338761136,0,0
1267,sign,22692.874533022,0.8179995347745717,1.8479986465536058,0.7609996828250587,0.8210008672904223,0.2849992597475648,4.532997991191223,0,0
1268,sign,22692.919484394,1.448999682907015,2.50100129051134,1.1640004231594503,1.1839983926620334,0.33700052881613374,6.6350003180559725,0,0
1269,sign,22692.964489508,0.9180002962239087,2.545002644183114,1.2950004020240158,1.1609990906435996,0.4940011422149837,6.413003575289622,0,0
1270,sign,22693.009458067,1.1779993656091392,0.9779978427104652,0.3630011633504182,0.45500200940296054,0.14800025383010507,3.122000634903088,0,0
1271,sign,22693.054453878,0.9729992598295212,2.8319991542957723,1.3159988156985492,0.9540017344988883,0.29600050766021013,6.370999471982941,0,0
1272,sign,22693.099509289,1.0469993867445737,2.7140013116877526,1.076998159987852,1.2060008884873241,0.25199915398843586,6.295998900895938,0,0
1273,sign,22693.144308283,0.6299997039604932,1.386000803904608,0.5570000212173909,0.590996933169663,0.16100239008665085,3.324999852338806,0,0
1274,sign,22693.189535522,1.1689990060403943,2.4940018192864954,1.0089970601256937,1.0420008038636297,0.3220011421944946,6.035999831510708,0,0
1275,sign,22693.234500056,0.9239993232768029,2.0330007828306407,0.9379982657264918,0.8499991963617504,0.23900065571069717,4.983998223906383,0,0
1276,sign,22693.279395257,0.8019997039809823,1.7290003597736359,0.8380011422559619,0.829000782687217,0.24099790607579052,4.438999894773588,0,0
1277,sign,22693.324495315,1.1760021152440459,2.7709975256584585,1.0640032996889204,1.0309995559509844,0.3120003384537995,6.3540028349962085,0,0
1278,sign,22693.369483398,0.8130009518936276,2.0839979697484523,1.0069998097606003,0.805001036496833,0.27399801183491945,4.982997779734433,0,0
1279,sign,22693.414564428,0.9780014806892723,2.1619998733513057,1.0929979907814413,1.014999725157395,0.29600050766021013,5.5439995776396245,0,0
1280,sign,22693.459494432,1.0320000001229346,2.5289991754107177,1.1629999789875,0.967000232776627,0.3850000211969018,6.075999408494681,0,0
1281,sign,22693.504357552,0.6590016710106283,0.9020004654303193,0.3179993655066937,0.3530003596097231,0.10099756764248013,2.3329994291998446,0,0
1282,sign,22693.549587202,1.3460012269206345,2.405999111942947,1.0269977792631835,1.0170006135012954,0.300002284348011,6.096001015976071,0,0
1283,sign,22693.594487065,1.086002157535404,2.2989988792687654,1.062999217538163,1.04300124803558,0.3120003384537995,5.803001840831712,0,0
1284,sign,22693.639339648,0.6219997885636985,0.7950002327561378,0.33799733500927687,0.32800016924738884,0.11500014807097614,2.1979976736474782,0,0
1285,sign,22693.684640828,1.1140000424347818,2.200999006163329,1.0030016710516065,1.001000782707706,0.2849992597475648,5.604000762104988,0,0
1286,sign,22693.729525859,1.172000338556245,2.2620006348006427,0.957999873207882,0.9479990694671869,0.28700014809146523,5.627000064123422,0,0
1287,sign,22693.774463406,0.6970003596507013,1.1499978427309543,0.5220026650931686,0.43199906940571964,0.1309999788645655,2.9319999157451093,0,0
1288,sign,22693.819497012,1.4080032997298986,2.2849999368190765,0.9929972293321043,0.8980023267213255,0.33299875212833285,5.917001544730738,0,0
1289,sign,22693.864615034,1.6400008462369442,2.3809989215806127,0.9640025382395834,1.1029987945221364,0.30500086722895503,6.393001967808232,0,0
1290,sign,22693.909460269,1.0000003385357559,2.3080028768163174,1.00599936558865,1.1359989002812654,0.3440000000409782,5.794001481262967,0,0
1291,sign,22693.954523183,1.2450000212993473,2.2469976102001965,1.0500007192604244,1.1349984561093152,0.37000063457526267,6.046997441444546,0,0
1292,sign,22693.999566263,1.1219999578315765,2.6510024326853454,1.0469993867445737,1.0830008250195533,0.34199911169707775,6.245001713978127,0,0
1293,sign,22694.044363117,0.8970018825493753,1.1299998732283711,0.5180008884053677,0.34600088838487864,0.166997779160738,3.058001311728731,0,0
1294,sign,22694.089654787,1.2810014595743269,2.672997652553022,1.139000232797116,0.9249997674487531,0.30999945010989904,6.327998562483117,0,0
1295,sign,22694.134443774,1.2229975254740566,2.2519998310599476,1.0410003596916795,1.0040021152235568,0.290998286800459,5.8109981182496995,0,0
1296,sign,22694.179370628,0.7259986887220293,0.8400020305998623,0.3309978637844324,0.3839995770249516,0.08500137482769787,2.3659995349589735,0,0
1297,sign,22694.224494124,1.353000698145479,2.230000973213464,1.1349984561093152,0.9680006769485772,0.3269997250754386,6.013000529492274,0,0
1298,sign,22694.269482788,1.0619987733662128,2.4190012481994927,1.0269977792631835,0.9580035111866891,0.3489985829219222,5.8149998949375,0,0
1299,sign,22694.314389764,0.6929985829629004,0.8269998943433166,0.35100310924462974,0.3659988578874618,0.08899951353669167,2.325999957975,0,0
1300,sign,22694.35953312,1.3639983080793172,2.3809989215806127,1.1410011211410165,0.957999873207882,0.2710003172978759,6.114998541306704,0,0
1301,sign,22694.404566132,1.3949975254945457,2.5510016712360084,0.9510004019830376,1.1079973774030805,0.39700171328149736,6.4019986893981695,0,0
1302,sign,22694.449295579,0.5649999366141856,0.7499984349124134,0.30600131140090525,0.3069981175940484,0.11200245353393257,2.040000254055485,0,0
1303,sign,22694.49448685,1.0940020729321986,2.511998900445178,1.0250005288980901,1.0160001693293452,0.3899986040778458,6.037000275682658,0,0
1304,sign,22694.539475057,1.1089978215750307,2.4120017769746482,1.0519979696255177,1.0370022209826857,0.3299974196124822,5.9399972087703645,0,0
1305,sign,22694.584256508,0.6770023901481181,0.7669987098779529,0.3120003384537995,0.28800059226341546,0.07899870979599655,2.1230007405392826,0,0
1306,sign,22694.629570327,1.525000698165968,2.6189991331193596,1.0410003596916795,0.9129980753641576,0.32400203053839505,6.42200029687956,0,0
1307,sign,22694.674586603,1.014999725157395,2.3850006982684135,1.0449984984006733,1.0180010576732457,0.34299955586902797,5.8059995353687555,0,0
1308,sign,22694.719335152,0.7740018190816045,1.033997250488028,0.47900175559334457,0.4840003384742886,0.16599733498878777,2.9369984986260533,0,0
1309,sign,22694.764495266,1.4469987945631146,2.4900000425986946,1.0570001904852688,1.001000782707706,0.2769993443507701,6.271999154705554,0,0
1310,sign,22694.809463561,1.0570001904852688,2.700999175431207,1.1330012057442218,1.0090006981045008,0.3169989213347435,6.217000191099942,0,0
1311,sign,22694.854338836,0.4899993655271828,0.8399983926210552,0.3400018613319844,0.3450004442129284,0.1039989001583308,2.1189989638514817,0,0
1312,sign,22694.899583614,1.20100230560638,2.3659995349589735,1.0459989425726235,0.9950017556548119,0.3130007826257497,5.921003321418539,0,0
1313,sign,22694.944638069,1.3610006135422736,2.569002390373498,1.0899966582655907,1.0940020729321986,0.30099909054115415,6.415000825654715,0,0
1314,sign,22694.989205795,0.5150031938683242,0.790998456068337,0.3579989424906671,0.3230015863664448,0.1259977580048144,2.1129999367985874,0,0
1315,sign,22695.034720341,0.7750022632535547,1.0519979696255177,0.4310022632125765,0.39599763113074005,0.13400131138041615,2.788001438602805,0,0
1316,sign,22695.079514482,1.0020012268796563,2.314998710062355,0.9889990906231105,0.8710012480150908,0.38700090954080224,5.564001185121015,0,0
1317,sign,22695.124227967,0.4789981176145375,0.7030030246824026,0.31099989428184927,0.3209970600437373,0.1090011210180819,1.9229992176406085,0,0
1318,sign,22695.169526951,1.2760028766933829,3.354998625582084,1.5420009731315076,1.4799989003222436,0.462001480627805,8.115002856357023,0,0
1319,sign,22695.214537891,1.1090014595538378,2.2169988369569182,0.9040013537742198,0.9569994290359318,0.34099866752512753,5.527999746846035,0,0
1320,sign,22695.259348101,1.0519979696255177,0.9270006557926536,0.3210006980225444,0.36400160752236843,0.10199801181443036,2.7659989427775145,0,0
1321,sign,22695.304528805,1.0359981388319284,2.6519992388784885,1.1880001693498343,1.0830008250195533,0.30500086722895503,6.26399923930876,0,0
1322,sign,22695.3494751,1.0049989214166999,2.625001798151061,0.9979994501918554,1.019998308038339,0.3270033630542457,5.975001840852201,0,0
1323,sign,22695.394308014,0.6549998943228275,0.6669979484286159,0.38299913285300136,0.3210006980225444,0.10100120562128723,2.1269988792482764,0,0
1324,sign,22695.439587906,1.0799994925037026,2.515000232961029,0.9560026228427887,0.9229988791048527,0.30099909054115415,5.775000317953527,0,0
1325,sign,22695.484624825,1.6220001270994544,3.631001163739711,1.600998075446114,1.5700024960096925,0.6089976523071527,9.032999514602125,0,0
1326,sign,22695.529726491,1.3700009731110185,3.658999048639089,1.272001100005582,1.1989977792836726,0.3720015229191631,7.872000423958525,0,0
1327,sign,22695.574519633,1.1690026440192014,2.3469983716495335,1.02400008472614,1.071999577106908,0.40500162867829204,6.017002306180075,0,0
1328,sign,22695.619672494,1.4950019249226898,3.2960015232674778,1.6719968698453158,1.686003088252619,0.5969995982013643,8.746003004489467,0,0
1329,sign,22695.664333019,0.4379980964586139,0.9219984349329025,0.376003299606964,0.3579989424906671,0.09699942893348634,2.1909982024226338,0,0
1330,sign,22695.709431225,0.9489995136391371,2.378998033236712,1.1030024325009435,0.9539980965200812,0.3130007826257497,5.697998858522624,0,0
1331,sign,22695.754858061,1.172000338556245,2.529002813389525,1.1299998732283711,0.9969990060199052,0.35500124795362353,6.18300327914767,0,0
1332,sign,22695.79945069,0.7130001904442906,1.5260011423379183,0.676998752169311,0.5920010153204203,0.23800021153874695,3.746001311810687,0,0
1333,sign,22695.844427836,1.0399999155197293,2.4239998310804367,1.0709991329349577,1.0110015864484012,0.3179993655066937,5.863999831490219,0,0
1334,sign,22695.889563547,1.1109987099189311,2.6190027710981667,1.238997356267646,0.9739997040014714,0.3490022209007293,6.2920007621869445,0,0
1335,sign,22695.934422284,0.6490008672699332,1.091997546609491,0.5090005288366228,0.45499837142415345,0.11900192475877702,2.8239992388989776,0,0
1336,sign,22695.979578304,1.868000254034996,3.203000233042985,1.372001861454919,1.3319986464921385,0.5020010576117784,8.277002052636817,0,0
1337,sign,22696.024413379,1.0330004442948848,2.0999978005420417,1.0410003596916795,0.791002094047144,0.28399881557561457,5.248999514151365,0,0
1338,sign,22696.069505142,1.672000507824123,2.595999831100926,1.0570001904852688,1.0660005500540137,0.44699845602735877,6.83799953549169,0,0
1339,sign,22696.114516048,1.172000338556245,2.5189983716700226,0.9750001481734216,0.9210016287397593,0.40099985199049115,5.98800033912994,0,0
1340,sign,22696.154851809,3.4240001696161926,6.4160012698266655,3.411001671338454,154.34399756486528,1.1980009730905294,168.79300164873712,1,1
1341,sign,22696.178226296,49.13700104225427,130.76299728709273,33.60900154802948,2.849999873433262,0.3159984771627933,216.67499822797254,1,1
1342,sign,22696.219545023,117.05400174832903,6.351998308673501,3.8910002331249416,15.387999155791476,1.252999936696142,143.9379993826151,1,0
1343,sign,22696.26467033,159.4059976923745,10.002000635722652,7.406000804621726,28.300997655605897,1.934000465553254,207.04899725387804,1,0
1344,sign,22696.309435296,96.27599865780212,5.2200011850800365,2.8180002118460834,12.98400093219243,1.30099942907691,118.59900041599758,1,0
1345,sign,22696.354336179,62.72999962675385,2.9379989427980036,1.8730024748947471,8.43800080474466,0.6269983714446425,76.6060002206359,1,0
1346,sign,22696.399426899,83.9120002638083,4.589001036947593,2.6140005502384156,11.182997695868835,0.9360010153613985,103.23400056222454,1,0
1347,sign,22696.444307906,51.906001317547634,2.1359992388170213,1.309999788645655,6.756999937351793,0.4749999789055437,62.58400026126765,1,0
1348,sign,22696.489462878,92.09700147039257,5.373000021791086,3.406999894650653,12.556000001495704,1.2160016922280192,114.64900308055803,1,0
1349,sign,22696.534468955,88.67599899531342,5.247999069979414,2.8050017135683447,11.457999789854512,1.058000634657219,109.24500020337291,1,0
1350,sign,22696.575039925,79.191002441803,183.52999904891476,48.171998059842736,3.7940008041914552,0.9300019883085042,315.61700234306045,1,1
1351,sign,22696.60358542,63.41899643302895,187.95300275087357,66.10199852730148,4.3290019675623626,0.57199940783903,322.3749990866054,1,1
1352,sign,22696.633976315,104.22900231787935,259.4879988464527,110.22200123989023,7.089998689480126,0.833999365568161,481.86300045927055,1,1
1353,sign,22696.660333175,74.57999890903011,220.9919985034503,94.82800305704586,6.322999979602173,0.8019997039809823,397.52500015310943,1,1
1354,sign,22696.690794965,88.04699973552488,272.5199992710259,104.85299935680814,7.129001460270956,0.9079994924832135,473.45699931611307,1,1
1355,sign,22696.718266038,52.57100201561116,129.70500029041432,36.06899917940609,2.7599999157246202,0.6250011210795492,221.73000252223574,1,1
1356,sign,22696.759474591,88.4770015545655,5.136000254424289,2.5890003598760813,11.857999197673053,1.3019998732488602,109.36200123978779,1,0
1357,sign,22696.804435497,95.12799806543626,4.973000613972545,2.9149996407795697,12.837001122534275,1.0609983291942626,116.91399777191691,1,0
1358,sign,22696.849275647,45.47899879980832,2.2170024749357253,1.3799981388729066,6.141999620012939,0.4720022843685001,55.690001317998394,1,0
1359,sign,22696.882819305,68.98500214447267,224.71099873655476,90.52799941855483,6.105001375544816,0.7870003173593432,391.1160019924864,1,1
1360,sign,22696.908116048,107.42200174718164,286.6510003514122,104.25499931443483,7.767001079628244,0.9360010153613985,507.03100350801833,1,1
1361,sign,22696.932458084,127.84199861926027,356.63600283442065,190.79099729424343,9.940002200892195,1.1669981176964939,686.375999066513,1,1
1362,sign,22696.955916217,59.63399962638505,220.10400061844848,98.82299855235033,5.869998858543113,0.6280024535953999,385.05900010932237,1,1
1363,sign,22696.97961394,42.33200161252171,116.8630005849991,32.54699913668446,2.643999323481694,0.29700095183216035,194.68300160951912,1,1
1364,sign,22697.015464304,87.4619981914293,231.8010010640137,101.56799908145331,6.8350018409546465,0.7189992174971849,428.38499939534813,1,1
1365,sign,22697.046607424,76.63699943805113,240.20899945753627,126.46400136873126,7.2830007411539555,0.9260002116207033,451.5190012170933,1,1
1366,sign,22697.074365324,83.11500278068706,231.71700013335794,95.81399717717431,6.72000169288367,0.7429989636875689,418.10900074779056,1,1
1367,sign,22697.100467,48.1530005345121,117.90999997174367,36.89599907374941,2.74099875241518,0.547999661648646,206.247997994069,1,1
1368,sign,22697.124989004,51.15399835631251,149.31300029275008,35.537999792722985,2.9080001695547253,0.6170012056827545,239.52999981702305,1,1
1369,sign,22697.150683919,108.784999611089,342.93499993509613,169.15000014705583,9.16600038181059,1.0049989214166999,631.0409989964683,1,1
1370,sign,22697.178432491,127.85299986717291,356.8899992387742,195.66199989640154,11.277999874437228,1.5379991964437068,693.2209980732296,1,1
1371,sign,22697.205311231,122.86000128369778,345.1730008237064,168.6569994490128,9.520001185592264,1.0789990483317524,647.289001790341,1,1
1372,sign,22697.230749733,57.805998949334025,177.91199934436008,94.05200034962036,4.908000846626237,0.4540015652310103,335.1320010551717,1,1
1373,sign,22697.254810371,77.73100151098333,203.81799913593568,66.07899922528304,4.433000867720693,0.46000059228390455,352.52100133220665,1,1
1374,sign,22697.279630128,128.05599908460863,376.0920008062385,175.79999985173345,10.121999366674572,1.1200027074664831,691.1900018167216,1,1
1375,sign,22697.304331769,128.9550018555019,344.3429995968472,158.49899864406325,9.584000508766621,1.1230004020035267,642.5040010071825,1,1
1376,sign,22697.331048868,125.88000026880763,342.29299853905104,172.02700109919533,10.093001037603244,1.0129988368134946,651.3059997814707,1,1
1377,sign,22697.356453298,83.56499893125147,192.3300005728379,56.49800004903227,3.363998985150829,0.3679997462313622,336.1249982845038,1,1
1378,sign,22697.380320203,46.209999709390104,111.0420016630087,35.426997783361,2.348002453800291,0.31499803299084306,195.34199964255095,1,1
1379,sign,22697.405901689,69.45600034669042,254.91600172244944,94.20999776921235,6.664002285106108,0.7979979272931814,426.0440000507515,1,1
1380,sign,22697.433994608,114.70499885035679,254.22900216653943,104.69699918758124,7.84299845690839,0.9210016287397593,482.3950002901256,1,1
1381,sign,22697.463187507,90.39699943969026,258.2419983809814,107.15800090110861,7.1499998739454895,0.8550014172215015,463.80200001294725,1,1
1382,sign,22697.489283586,63.12599725788459,143.31900092656724,44.48500112630427,2.691998815862462,0.26500129024498165,253.88699941686355,1,1
1383,sign,22697.515166693,44.856999011244625,118.45500193885528,42.03500066068955,2.911998308263719,0.38800135371275246,208.64700127276592,1,1
1384,sign,22697.540359035,86.82499901624396,226.48900267085992,93.86399688082747,6.385002052411437,0.829000782687217,414.39200140303,1,1
1385,sign,22697.564806917,68.88600182719529,220.42400087229908,81.8089974927716,5.890000466024503,0.6920017767697573,377.7010024350602,1,1
1386,sign,22697.591444639,85.14099681633525,315.40600321022794,124.5359999302309,7.376998837571591,1.1269985407125205,533.5869973350782,1,1
1387,sign,22697.615354005,74.35199950123206,235.25500000687316,102.73000225424767,6.948997906874865,0.8189999789465219,420.10499964817427,1,1
1388,sign,22697.63951097,74.43000140483491,190.63199943047948,49.821999709820375,10.599000233924016,1.101001544157043,326.5840023232158,1,1
1389,sign,22697.664057334,71.92299744929187,155.6980023451615,62.62399983825162,4.318000719649717,0.5139991117175668,295.0769994640723,1,1
1390,sign,22697.69088391,87.23599967197515,251.0800004529301,102.54600056214258,7.155998900998384,0.7609996828250587,448.7789992708713,1,1
1391,sign,22697.718235791,96.44400051911362,265.9400015545543,103.24300092179328,7.175996870500967,0.7620001269970089,473.5649999929592,1,1
1392,sign,22697.743814425,139.3959973938763,410.21700235432945,111.49299825774506,8.089002221822739,0.8659990271553397,670.0609992549289,1,1
1393,sign,22697.770088292,53.95799962570891,133.4730004600715,36.14999877754599,2.6609995984472334,0.38400321500375867,226.62600167677738,1,1
1394,sign,22697.798897374,46.213001041905954,167.44700042181648,55.43999941437505,3.9229998947121203,0.46900095185264945,273.49200172466226,1,1
1395,sign,22697.827541052,78.27499939594418,237.42499979562126,103.76100181019865,7.072998414514586,0.7779999577905983,427.3119993740693,1,1
1396,sign,22697.852965366,111.78699787706137,259.6660015115049,105.61299859546125,7.148002623580396,1.1599986464716494,485.37399925407954,1,1
1397,sign,22697.88110996,148.56300185783766,280.70500047761016,102.70699931425042,7.589998858748004,0.8630013326182961,540.4280018410645,1,1
1398,sign,22697.907950226,43.21300002629869,216.77100085071288,39.65799987781793,2.7839996619150043,0.7470007403753698,303.17300115711987,1,1
1399,sign,22697.932411489,54.33000114862807,151.68899699347094,57.274002756457776,4.064997483510524,0.5740002961829305,267.93199867825024,1,1
1400,sign,22697.958592882,87.13099668966606,239.95200172066689,114.2190012615174,6.718997610732913,0.8349998097401112,448.8559970923234,1,1
1401,sign,22697.984889625,84.88800085615367,268.52399969357066,102.54399967379868,7.218000973807648,1.000997144728899,464.17499834205955,1,1
1402,sign,22698.012771667,88.93099948181771,278.74800071003847,104.98200208530761,7.134996849345043,0.9270006557926536,480.7229997823015,1,1
1403,sign,22698.03622026,31.8689999403432,97.29299927130342,31.096999009605497,2.335000317543745,0.2720007614698261,162.86599930026568,1,1
1404,sign,22698.061758117,64.24999810406007,169.67700139502995,66.4469989715144,3.740002284757793,0.6519985618069768,304.7659993171692,1,1
1405,sign,22698.08691634,134.37200323096476,288.7319969886448,106.9270001607947,7.4480012699496,1.0049989214166999,538.4840005717706,1,1
1406,sign,22698.113571239,94.97599967289716,266.3610030140262,130.4379984503612,7.31000181986019,0.762996933190152,499.8479998903349,1,1
1407,sign,22698.140337301,34.99400190776214,100.24099901784211,33.51899795234203,2.140001015504822,0.22500171326100826,171.11900160671212,1,1
1408,sign,22698.16674724,50.239999836776406,128.16399976145476,43.8210008724127,3.1099989428184927,0.4130015440750867,225.74800095753744,1,1
1409,sign,22698.190671835,55.83899837802164,160.4490025783889,50.237998948432505,3.4510012483224273,0.39099904824979603,270.36800020141527,1,1
1410,sign,22698.215751521,99.50400271918625,228.7639981659595,87.51200221013278,6.804999429732561,0.6999980541877449,423.2850005791988,1,1
1411,sign,22698.24130354,71.23999967006966,205.3360003628768,79.86499986145645,5.765999958384782,0.6850023055449128,362.8920021583326,1,1
1412,sign,22698.266448211,82.44199852924794,246.56100140418857,114.39899753895588,9.325001883553341,0.895997800398618,453.62299715634435,1,1
1413,sign,22698.29273478,47.52600216306746,145.88399790227413,52.55100040812977,3.845001629088074,0.35099947126582265,250.15700157382526,1,1
1414,sign,22698.319826732,47.68199869431555,148.85700147715397,39.38200097763911,2.7850001060869545,0.28199792723171413,238.9879991824273,1,1
1415,sign,22698.346330595,112.44900088058785,276.6170000541024,113.16200107103214,9.229999704984948,1.2919990695081651,512.7500007802155,1,1
1416,sign,22698.374144397,87.43199941818602,265.5589996720664,103.12300219084136,7.325998012674972,0.8650022209621966,464.305001514731,1,1
1417,sign,22698.402568811,80.32199912122451,253.86299967067316,127.06800043815747,7.306000043172389,0.8429997251369059,469.40199899836443,1,1
1418,sign,22698.427447235,63.97999823093414,196.23000116553158,81.92499808501452,5.85000088904053,0.6020018190611154,348.5870001895819,1,1
1419,sign,22698.45176524,42.67000258550979,114.50999954831786,45.95700011122972,2.9909970180597156,0.34600088838487864,206.47400015150197,1,1
1420,sign,22698.47750386,64.48800195357762,173.297001310857,60.37499770172872,5.564001185121015,0.6580012268386781,304.38200337812304,1,1
1421,sign,22698.503351888,73.69800005108118,236.34299941477366,101.25599874299951,7.319002179428935,1.1829979484900832,419.79899833677337,1,1
1422,sign,22698.52931018,87.65299935475923,254.53999842284247,100.70799908135086,6.570000550709665,0.7830021786503494,450.2539995883126,1,1
1423,sign,22698.553842194,47.806999646127224,153.47600128734484,54.303000069921836,4.138997610425577,0.36500205169431865,260.0900006655138,1,1
1424,sign,22698.577931572,41.71500040683895,136.4700001431629,31.334999221144244,2.610002411529422,0.285999703919515,212.41600188659504,1,1
1425,sign,22698.603556463,80.13100159587339,188.93999731517397,71.82700210250914,4.923997039441019,0.6470036169048399,346.46900166990235,1,1
1426,sign,22698.629095384,91.41600094153546,261.73600053880364,103.03299859515391,7.580001692986116,0.8649985829833895,464.6300003514625,1,1
1427,sign,22698.654300128,77.1630002418533,229.19399998500012,111.07399768661708,6.87500141793862,0.7829985406715423,425.08899787208065,1,1
1428,sign,22698.681182363,71.32199971238151,224.22899928642437,121.76000018371269,6.983998900977895,0.6869995559100062,424.9819976394065,1,1
1429,sign,22698.707753599,42.396000935696065,105.27500126045197,33.71200000401586,2.9129987524356693,0.20999868866056204,184.50599964126013,1,1
1430,sign,22698.732989404,76.12199988216162,121.60400001448579,40.80299913766794,3.1279996619559824,0.34700133255682886,242.00400002882816,1,1
1431,sign,22698.75832753,78.70199988246895,235.59100009151734,104.34100113343447,7.5169991760049015,0.7779999577905983,426.9290002412163,1,1
1432,sign,22698.787310185,76.43000208190642,547.1609983942471,146.40900189988315,7.8839984780643135,0.9360010153613985,778.8200018694624,1,1
1433,sign,22698.814757261,34.61600135779008,106.21399997035041,37.47399750864133,2.426000719424337,0.24700057110749185,180.97700012731366,1,1
1434,sign,22698.839196583,42.19099719193764,102.55700181005523,32.28199784643948,2.3090033209882677,0.5109977792017162,179.84999794862233,1,1
1435,sign,22698.865695743,81.36399992508814,250.20700195454992,100.31800047727302,6.812999345129356,0.7950002327561378,439.4970019347966,1,1
1436,sign,22698.892432812,85.10699990438297,245.00599829480052,118.81500176968984,8.841998351272196,0.8780007192399353,458.64799903938547,1,1
1437,sign,22698.918270514,78.66899977670982,257.20799749251455,99.13700341712683,7.283997547347099,0.8220013114623725,443.1199995451607,1,1
1438,sign,22698.946359804,92.18300328939222,244.63799854856916,114.55400090198964,7.184000423876569,0.8549977792426944,459.4140009430703,1,1
1439,sign,22698.97456011,43.293999624438584,113.94700050004758,38.27099862974137,2.949000190710649,0.366999302059412,198.8279982469976,1,1
1440,sign,22699.002685502,82.39199814852327,231.9250015716534,130.1890006288886,6.97699942975305,0.7779999577905983,452.26099973660894,1,1
1441,sign,22699.031586464,95.36500147078186,254.24199702683836,127.85400031134486,7.421000191243365,1.2500022421590984,486.13200124236755,1,1
1442,sign,22699.057573142,92.92600225307979,251.66999694192782,126.98400314548053,7.369999366346747,0.8549977792426944,479.8049994860776,1,1
1443,sign,22699.086016114,53.2810008735396,158.4979981998913,33.89699850231409,2.4080000002868474,0.4250032361596823,248.50900081219152,1,1
1444,sign,22699.114421534,131.2019994657021,279.6750013658311,71.36400017770939,5.450001481221989,0.6849986675661057,488.3760011580307,1,1
1445,sign,22699.140786848,89.44800356402993,259.71999639295973,122.23900193930604,8.374998287763447,1.0560033842921257,480.83800356835127,1,1
1446,sign,22699.16830109,131.17499838699587,362.7090009103995,170.6750008452218,10.093997843796387,1.363001501886174,676.0159994882997,1,1
1447,sign,22699.195933307,144.09799769055098,357.1270026441198,172.41099703824148,10.08500112220645,1.3079989003017545,685.0289973954204,1,1
1448,sign,22699.221233169,40.59800266986713,106.27099982229993,33.77699977136217,2.310000127181411,0.30199953471310437,183.25800192542374,1,1
1449,sign,22699.249687107,32.170999475056306,101.6690002870746,34.60399966570549,2.531000063754618,0.32000025385059416,171.2949997454416,1,1
1450,sign,22699.280204475,64.6130029053893,199.78799900854938,82.44399941759184,5.55600126972422,0.6599984772037715,353.0610010784585,1,1
1451,sign,22699.310384262,74.55200102413073,229.39999689697288,94.81900269747712,6.379999831551686,0.7119997462723404,405.86300019640476,1,1
1452,sign,22699.342527013,126.75900143221952,369.45499959983863,116.50300075416453,8.249997335951775,0.8340030035469681,621.8010021257214,1,1
1453,sign,22699.372620073,48.220997996395454,127.09799921140075,48.56600207858719,3.291999746579677,0.7929993444122374,227.9699983773753,1,1
1454,sign,22699.403933464,107.57500058389269,224.77399761555716,79.48600250529125,5.521000275621191,0.6989976100157946,418.0549985903781,1,1
1455,sign,22699.434769528,110.76999726356007,326.32900183671154,116.17999916779809,8.097998943412676,1.0410003596916795,562.417997571174,1,1
1456,sign,22699.464559651,94.94099867879413,405.86099930806085,160.7710000826046,11.872001778101549,1.2159980542492121,674.6609979018103,1,1
1457,sign,22699.490076087,27.999998565064743,92.99399971496314,32.44700201321393,2.253000275231898,0.2269989636261016,155.9209995320998,1,1
1458,sign,22699.514532591,47.99599992111325,123.36799773038365,40.987000829773024,2.849999873433262,0.38299913285300136,215.5839974875562,1,1
1459,sign,22699.540886031,82.00899901567027,259.54800003091805,102.9049999488052,6.894999387441203,0.8269998943433166,452.18399827717803,1,1
1460,sign,22699.56585948,93.02599937655032,257.5690014054999,90.91199899557978,6.187998224049807,0.7350026862695813,448.43000068794936,1,1
1461,sign,22699.593918003,53.052001021569595,163.80799934267998,49.57700002705678,3.2999996619764715,0.44199987314641476,270.17899992642924,1,1
1462,sign,22699.620459135,65.58699897141196,129.23300164402463,33.9660000463482,3.107001248281449,0.3799978003371507,232.27299971040338,1,1
1463,sign,22699.644327189,49.94100163457915,152.14900122373365,64.977997681126,3.92199945054017,0.47400317271240056,271.46400316269137,1,1
1464,sign,22699.670506891,75.02500011469238,253.82199964951724,162.05499923671596,24.14099799352698,1.1320007615722716,516.1749977560248,1,1
1465,sign,22699.698629616,85.90400102548301,248.1419978721533,109.52299999189563,6.320002285065129,0.8460010576527566,450.7350022322498,1,1
1466,sign,22699.72621835,86.17800267529674,244.29099721601233,103.00700159859844,6.959999154787511,0.8130009518936276,441.24900159658864,1,1
1467,sign,22699.752334828,60.66199784982018,158.41800268390216,58.391997299622744,4.247001925250515,0.49200025387108326,282.2110000124667,1,1
1468,sign,22699.776701455,33.42999843880534,96.29700070945546,31.847001082496718,2.311000571353361,0.290998286800459,164.17599908891134,1,1
1469,sign,22699.803948514,143.80599895957857,304.9750011996366,106.9309982995037,8.16000101622194,0.9640025382395834,564.8360020131804,1,1
1470,sign,22699.832322526,96.05300147086382,259.76300094043836,104.977996670641,7.205002475529909,0.814998202258721,468.8139997597318,1,1
1471,sign,22699.860330274,92.13099838234484,254.26800129935145,104.75399903953075,6.958001904422417,0.8239985618274659,458.93499918747693,1,1
1472,sign,22699.887503011,56.23600009130314,172.5330002955161,187.6679998531472,4.003999492852017,1.7990023479796946,422.24000208079815,1,1
1473,sign,22699.914510996,78.72000060160644,162.2059971850831,61.959002778166905,4.410998371895403,0.43299951357766986,307.7289984503295,1,1
1474,sign,22699.944726372,123.50100223557092,391.4879998774268,159.69299784046598,10.685998859116808,1.2320015230216086,686.6000003356021,1,1
1475,sign,22699.974720874,75.12799857067876,267.19499874161556,79.53900058055297,5.147001502336934,0.6449990905821323,427.65399848576635,1,1
1476,sign,22700.005216213,69.72999835852534,187.01400040299632,73.81899922620505,5.198999133426696,0.6360023689921945,336.3979994901456,1,1
1477,sign,22700.03670362,78.67699969210662,181.1459987948183,47.2270003228914,3.826000465778634,0.3950008249375969,311.27100010053255,1,1
1478,sign,22700.062749523,73.75399945885874,232.90700119105168,89.2589996510651,5.935999070061371,0.7830021786503494,402.63900154968724,1,1
1479,sign,22700.088701188,129.20799781568348,379.7470017161686,168.85299919522367,10.506999387871474,1.3380013115238398,689.6529994264711,1,1
1480,sign,22700.115811047,126.38100088224746,379.30200051050633,171.1490003799554,10.232997738057747,1.2939999578520656,688.358999468619,1,1
1481,sign,22700.145497746,87.45699960854836,249.10499996622093,104.39999823574908,7.537000783486292,0.7890012057032436,449.2879997997079,1,1
1482,sign,22700.170194137,59.11799962632358,155.6389979668893,38.70000000461005,2.77800063486211,0.3950008249375969,256.6299990576226,1,1
1483,sign,22700.196191699,50.359998567728326,160.03200289560482,62.95200000749901,4.540997906588018,0.5850015440955758,278.47000092151575,1,1
1484,sign,22700.222976138,113.63099838490598,260.8300019346643,104.88199768587947,7.098002242855728,0.8919996616896242,487.3329999099951,1,1
1485,sign,22700.257029766,83.16599996760488,253.76499979756773,104.36900265631266,7.552000170107931,0.8749993867240846,449.7270019783173,1,1
1486,sign,22700.28278757,85.97900159657001,283.80900039337575,73.70099774561822,5.476002115756273,0.6000009307172149,449.5650027820375,1,1
1487,sign,22700.306748334,43.6710033682175,104.91399734746665,32.8050009557046,2.873999619623646,0.31500167096965015,184.57900296198204,1,1
1488,sign,22700.332660852,79.23899829620495,221.24800307210535,113.58399933669716,6.4349987951572984,0.9159994078800082,421.42199890804477,1,1
1489,sign,22700.358361735,85.28899707016535,253.92200041096658,110.93000284745358,7.831997208995745,0.8380011422559619,458.8109986798372,1,1
1490,sign,22700.38272047,78.30100003047846,260.5900008347817,106.49899923009798,7.081001967890188,0.8489987521898001,453.3200008154381,1,1
1491,sign,22700.411089903,88.13800013740547,246.6080004523974,103.18100248696283,7.137998181860894,0.8520000847056508,445.91700134333223,1,1
1492,sign,22700.43567994,41.25099803786725,115.74599921004847,33.2730014633853,2.5900008040480316,0.2259985194541514,193.0859980348032,1,1
1493,sign,22700.461927391,61.41899939393625,182.53900270792656,63.445997511735186,4.445002559805289,0.5410001904238015,312.3900023638271,1,1
1494,sign,22700.488348256,86.6880000103265,268.31899958779104,104.73400107002817,7.337999704759568,0.8749993867240846,467.95399975962937,1,1
1495,sign,22700.515809213,85.14699948136695,269.87100136466324,103.62099783378653,9.502000466454774,1.0930016287602484,469.23400077503175,1,1
1496,sign,22700.543051246,46.13199780578725,137.97200153931044,53.23000004864298,3.6279998312238604,0.37399877328425646,241.33599799824879,1,1
1497,sign,22700.568657971,62.263996369438246,146.68600124423392,43.48199945525266,3.144999936921522,0.41000021155923605,255.9869972174056,1,1
1498,sign,22700.594582692,88.9389993972145,263.2870018715039,132.22899724496529,7.819002348696813,0.9110008249990642,493.18500168737955,1,1
1499,sign,22700.623885691,89.68200199888088,270.7799976633396,103.98800077382475,7.201000698842108,0.8450006134808064,472.49600174836814,1,1
1500,sign,22700.652348344,98.74999886960723,250.98100013565272,101.77500007557683,7.028000254649669,1.239000994246453,459.7730003297329,1,1
1501,sign,22700.678092515,41.608996980357915,110.32600014004856,34.26300099818036,3.007000486832112,0.24100154405459762,189.44600014947355,1,1
1502,sign,22700.703057612,74.50799967045896,196.0299996426329,121.45899745519273,8.528000762453303,0.9110008249990642,401.43599835573696,1,1
1503,sign,22700.728398947,202.95899958000518,599.0859972371254,267.4349998414982,9.77300078375265,1.2800010154023767,1080.5329984577838,1,1
1504,sign,22700.754582573,85.42399882571772,240.3270009381231,121.99800039525144,8.617997082183138,0.88600063463673,457.2529978759121,1,1
1505,sign,22700.780073468,71.52400212362409,235.95599850523286,103.47300121793523,6.905000191181898,0.8549977792426944,418.71299981721677,1,1
1506,sign,22700.806062667,113.55099923093803,333.9239992783405,149.0600006945897,10.126997949555516,1.0270014172419906,607.6889985706657,1,1
1507,sign,22700.831476187,100.79000276164152,200.42199685121886,62.8180023340974,4.301000444684178,0.576997990719974,368.90800038236193,1,1
1508,sign,22700.855718374,36.37999907368794,115.67500041564927,35.762997868005186,2.5720000849105418,0.33700052881613374,190.72699797106907,1,1
1509,sign,22700.887601741,109.60099825751968,242.53000083263032,125.1540015800856,7.504997483920306,0.8940005500335246,485.68399870418943,1,1
1510,sign,22700.917738052,91.32499690167606,278.8270030578133,104.0559982357081,6.894999387441203,0.9450013749301434,482.0479989575688,1,1
1511,sign,22700.94343646,78.79500117269345,211.8740012519993,80.11599857127294,5.551999493036419,0.7580019882880151,377.0950024772901,1,1
1512,sign,22700.967989822,84.77500159642659,136.621998535702,39.00600131601095,2.926000888692215,0.30999945010989904,263.63900178694166,1,1
1513,sign,22700.992577128,73.42800017795525,20.649000362027436,2.34400067711249,72.67699766089208,0.9880022844299674,170.08600116241723,1,1
1514,sign,22701.021123506,82.13699766201898,23.420001525664702,2.5560002541169524,96.35099922888912,0.8620008884463459,205.3259995591361,1,1
1515,sign,22701.047425416,84.80099859298207,21.742001990787685,2.9199982236605138,77.06900214543566,1.0650001058820635,187.597001058748,1,1
1516,sign,22701.073186791,47.221001295838505,12.349999451544136,2.0900006347801536,40.322996937902644,0.5060028342995793,102.49000115436502,1,1
1517,sign,22701.097771571,69.03800021973439,10.664000001270324,1.1550000635907054,42.969000787707046,0.5029978638049215,124.32899893610738,1,1
1518,sign,22701.123727978,102.8199985739775,319.4510027242359,161.65600027306937,9.965999197447672,1.1980009730905294,595.091001741821,1,1
1519,sign,22701.153416231,125.10499800555408,314.4289985357318,104.73600195837207,7.361999450949952,0.8390015864279121,552.4709995370358,1,1
1520,sign,22701.183568669,116.71100219246,346.2709973973688,160.57800166890956,10.16999885905534,1.0170006135012954,634.747000731295,1,1
1521,sign,22701.208627199,81.94799738703296,239.3710019532591,117.77799954870716,7.728998753009364,0.9040013537742198,447.7299989957828,1,1
1522,sign,22701.235577219,48.0779999634251,121.30700270063244,39.62699702242389,3.359000402269885,0.4760004230774939,212.8470005118288,1,1
1523,sign,22701.261792152,72.01400148915127,167.26199828553945,57.91000148747116,4.0429986256640404,0.5000001692678779,301.7290000570938,1,1
1524,sign,22701.290979062,126.248000015039,360.92300069867633,163.8649991946295,11.317999451421201,1.148000592365861,663.5019999521319,1,1
1525,sign,22701.315440763,81.48200140567496,232.24799952004105,95.50400136504322,6.630998541368172,0.8239985618274659,416.6889993939549,1,1
1526,sign,22701.340401125,87.21500125830062,244.28300093859434,104.00899918749928,6.7879991547670215,0.8700008038431406,443.1650013430044,1,1
1527,sign,22701.364498589,35.021002986468375,107.95499838422984,35.39300087140873,2.492997737135738,0.2670021785888821,181.12900215783156,1,1
1528,sign,22701.389345375,54.93800199474208,14.100998669164255,1.6369995137210935,45.89700256474316,0.6129994289949536,117.18600217136554,1,1
1529,sign,22701.415352904,115.47699978109449,31.825999030843377,3.8610014598816633,124.01399726513773,1.6230005712714046,276.80099810822867,1,1
1530,sign,22701.44179566,87.48799882596359,22.213000193005428,3.0949995561968535,80.82400017883629,1.0730000212788582,194.692998775281,1,1
1531,sign,22701.467566204,75.10200157412328,18.20299803512171,2.0270017557777464,62.267001339932904,0.8289971447084099,158.42799984966405,1,1
1532,sign,22701.491710419,44.32900095707737,10.114999895449728,1.2349992175586522,34.398002753732726,0.46799686970189214,90.54499969352037,1,1
1533,sign,22701.517474888,109.40599895548075,31.125000532483682,2.8750000637955964,115.98899800446816,0.9940013114828616,260.38899886771105,1,1
1534,sign,22701.542984785,153.3310023660306,34.89699884084985,4.132998583372682,129.38500003656372,1.3370008673518896,323.08300069416873,1,1
1535,sign,22701.56850625,55.38400000659749,13.772998499916866,1.4229990483727306,57.8500003030058,0.5649999366141856,128.99499779450707,1,1
1536,sign,22701.59581259,83.78300117328763,20.281000615796074,2.734999725362286,77.77599967084825,0.7710004865657538,185.34600167186,1,1
1537,sign,22701.621336539,120.28399942209944,23.74900213908404,1.6609992599114776,54.370000725612044,0.814998202258721,200.87899974896573,1,1
1538,sign,22701.650204348,78.92700159572996,258.0330001364928,136.0949972877279,7.5690004450734705,0.7760027074255049,481.4000021724496,1,1
1539,sign,22701.676332945,94.63500100537203,258.40699890977703,110.45599967474118,7.197999366326258,0.8540009730495512,471.54999992926605,1,1
1540,sign,22701.702996039,123.36200234130956,275.26299891178496,118.0260005639866,8.046998118516058,0.8160022844094783,525.5140022200067,1,1
1541,sign,22701.729576026,93.82100324728526,275.7259971986059,133.18499986780807,7.853002898627892,1.1089978215750307,511.69400103390217,1,1
1542,sign,22701.765792467,49.74700277671218,122.80800001462922,33.1089977407828,13.08799983235076,0.5980000423733145,219.35000040684827,1,1
1543,sign,22701.792171089,66.50299837929197,179.18900266522542,70.39599950076081,5.087000317871571,0.6880000000819564,321.8630008632317,1,1
1544,sign,22701.821037437,92.9039997572545,23.60800135647878,3.0960000003688037,110.2579990401864,1.2780001270584762,231.14400028134696,2,1
1545,sign,22701.851473735,99.6329981717281,230.82000188878737,99.84200005419552,8.81499727256596,1.2170021363999695,440.32699952367693,2,1
1546,sign,22701.877033469,96.1539990385063,239.58599922480062,96.15100134396926,8.13999940874055,0.7349990482907742,440.7659980643075,2,1
1547,sign,22701.900455542,50.848000682890415,114.73699851194397,50.17800140194595,3.835000825347379,0.32299794838763773,219.92099937051535,2,1
1548,sign,22701.924916973,118.65499982377514,207.18100131489336,76.99599882471375,7.541002560174093,0.7279995770659298,411.1010021006223,2,1
1549,sign,22701.950573562,98.05000081541948,248.25400032568723,115.33499855431728,8.933999197324738,0.8380011422559619,471.4110000350047,2,1
1550,sign,22701.977708588,108.62799899769016,282.96999880694784,102.96000255038962,9.067996870726347,0.8220013114623725,504.44799853721634,2,1
1551,sign,22702.006028252,112.23800174775533,253.58099810546264,103.26600022381172,9.249000868294388,0.8829993021208793,479.21700024744496,2,1
1552,sign,22702.030737207,45.63400216284208,107.15800090110861,36.677996831713244,3.650002327049151,0.2849992597475648,193.40500148246065,2,1
1553,sign,22702.05574185,84.13800242124125,155.5599992570933,83.76199912163429,5.982998118270189,0.4890025593340397,329.93200147757307,2,1
1554,sign,22702.080888607,134.64999938150868,255.61700022080913,100.99800056195818,8.98899816093035,0.9409995982423425,501.1949979234487,2,1
1555,sign,22702.105074493,112.213001557393,263.2649993756786,105.772000097204,8.769999112701043,1.1750016710720956,491.19500181404874,2,1
1556,sign,22702.13286306,103.00299982191063,255.53999876137823,102.85800090059638,9.387000318383798,0.8950009942054749,471.6830007964745,2,1
1557,sign,22702.160717275,34.32000085012987,88.64199844538234,31.381998269353062,2.755001332843676,0.2500019036233425,157.3490008013323,2,1
1558,sign,22702.186418917,73.26199920498766,154.2509999126196,52.79499964672141,4.8959991545416415,0.4840003384742886,285.6879982573446,2,1
1559,sign,22702.21788746,130.8270002482459,254.81099874014035,101.2090033327695,9.31899921852164,0.9939976735040545,497.15999921318144,2,1
1560,sign,22702.249501395,166.66400188114494,368.90000046696514,171.13799913204275,13.573000614997,1.4379984349943697,721.7130005301442,2,1
1561,sign,22702.274501024,121.48099995101802,207.8850011457689,73.74199776677415,8.950002666097134,0.8429997251369059,412.9010012547951,2,1
1562,sign,22702.301785297,40.606999391457066,117.94999954872765,36.460001865634695,3.307999577373266,0.2679989847820252,198.5929993679747,2,1
1563,sign,22702.329187822,89.1839990799781,225.16299941344187,129.1720000153873,7.8980010584928095,0.6869995559100062,452.1039991232101,2,1
1564,sign,22702.358701112,97.61800174601376,255.0270000938326,124.81199883040972,8.307000825880095,0.7079979695845395,486.4719994657207,2,1
1565,sign,22702.384471371,56.60200258716941,157.82399714225903,91.27200246439315,7.39099778002128,0.6660011422354728,313.75500111607835,2,1
1566,sign,22702.40868893,47.85199780599214,132.63900109450333,69.97599848546088,5.9539997891988605,0.5069996404927224,256.92799681564793,2,1
1567,sign,22702.432104538,19.16200199048035,51.523998990887776,28.86400034185499,2.5240005925297737,0.2269989636261016,102.30100087937899,2,1
1568,sign,22702.458663878,48.887002776609734,129.78199811186641,72.45999950100668,6.313999620033428,0.4840003384742886,257.92700034799054,2,1
1569,sign,22702.48807839,63.92199793481268,165.41600052732974,91.05100252781995,7.960999937495217,0.7969974831212312,329.1469984105788,2,1
1570,sign,22702.516108419,61.326998547883704,165.17699987161905,89.490000391379,7.966002158354968,0.690997694619,324.6509986638557,2,1
1571,sign,22702.542642037,133.2460014964454,404.9579983984586,208.18200209760107,17.46099951560609,1.3069984561298043,765.1539999642409,2,1
1572,sign,22702.565453823,19.99300002353266,75.10199793614447,49.50400034431368,2.6480011001694947,0.24700057110749185,147.4939999752678,2,1
1573,sign,22702.591199259,21.047999325674027,54.71600161399692,28.22099850163795,2.315999154234305,0.20199877326376736,106.50299736880697,2,1
1574,sign,22702.618138115,56.765999033814296,154.98299762839451,88.12099986243993,7.6930009527131915,0.6560003384947777,308.2189978158567,2,1
1575,sign,22702.64798105,75.534000643529,156.1150020279456,88.09700011624955,7.656999514438212,0.604999513598159,328.0080018157605,2,1
1576,sign,22702.675157055,70.27999890851788,171.4509999146685,90.78999937628396,7.857001037336886,0.6699992809444666,341.0479985177517,2,1
1577,sign,22702.700196757,44.55100133782253,103.95599747425877,50.42700286139734,3.5429984563961625,0.34600088838487864,202.82300101825967,2,1
1578,sign,22702.726814791,41.48399966652505,107.49099965323694,72.83500235644169,5.527999746846035,0.4789981176145375,227.81699954066426,2,1
1579,sign,22702.752497977,58.142002671957016,157.52800027257763,89.45099762058817,8.085000445134938,0.7500020728912205,313.95600308314897,2,1
1580,sign,22702.777602608,61.90900239744224,160.7630001672078,90.48599895322695,7.280999852810055,0.6250011210795492,321.0640024917666,2,1
1581,sign,22702.804456656,57.55800157203339,161.88299923669547,111.97899948456325,7.530001312261447,0.7939997885841876,339.74400139413774,2,1
1582,sign,22702.831854524,20.91699934680946,54.07000207924284,28.944999939994887,2.4820001272019,0.20099832909181714,106.6149998223409,2,1
1583,sign,22702.859197486,64.03099905583076,144.80400204774924,63.27899973257445,5.172998498892412,0.44199987314641476,277.7289992081933,2,1
1584,sign,22702.886302568,97.04100011731498,236.99799930909649,138.28400187776424,8.513998182024807,0.9649993444327265,481.80199883063324,2,1
1585,sign,22702.914928496,71.264999860432,210.2959988405928,98.1760022114031,8.038998203119263,0.9470022632740438,388.7230013788212,2,1
1586,sign,22702.940482668,22.643998818239197,57.87100235465914,31.196999771054834,3.1950003176461905,0.22899985197000206,115.13600111356936,2,1
1587,sign,22702.966333499,17.439000657759607,48.07499863090925,27.316000341670588,2.3430002329405397,0.18699938664212823,95.35999924992211,2,1
1588,sign,22702.992200439,44.2060008936096,118.03500092355534,65.73499922524206,5.974001396680251,0.47799767344258726,234.42800011252984,2,1
1589,sign,22703.017505725,56.901997595559806,156.14800213370472,89.23600034904666,7.838996680220589,0.7010021363385022,310.8259988948703,2,1
1590,sign,22703.043519757,57.45399903389625,157.55500135128386,88.50999802234583,7.478000043192878,0.6209993443917483,311.61799779511057,2,1
1591,sign,22703.071452904,58.82400000700727,156.19099940522574,89.61899948189966,7.811999239493161,1.7689999367576092,314.21499807038344,2,1
1592,sign,22703.097946201,53.159001254243776,115.4609999503009,33.96099782548845,4.140001692576334,0.266998540610075,206.98799926321954,1,1
1593,sign,22703.124475575,17.0579987752717,8.558999979868531,0.8220013114623725,36.04399898904376,0.3120003384537995,62.79499939410016,1,1
1594,sign,22703.155707633,58.75799979548901,26.404999516671523,2.764001692412421,113.77999908290803,0.9479990694671869,202.65499915694818,1,1
1595,sign,22703.184794212,36.978999560233206,18.38000025600195,1.7320016922894865,71.45899871829897,0.8300012268591672,129.38000145368278,1,1
1596,sign,22703.216265287,23.738000891171396,8.46799957798794,0.8239985618274659,38.26800093520433,0.3210006980225444,71.61900066421367,1,1
1597,sign,22703.247034763,25.550998543621972,8.033999620238319,0.7990020094439387,36.88799915835261,0.34700133255682886,71.61900066421367,1,1
1598,sign,22703.299471018,90.30599903780967,4.869001713814214,2.8139984351582825,11.199001164641231,0.9989998943638057,110.1870002457872,1,0
1599,sign,22703.34456899,104.89999840501696,6.032001692801714,3.6040000850334764,13.436998415272683,1.1180018191225827,129.09100041724741,1,0
1600,sign,22703.383732321,12.933000107295811,6.034002581145614,0.5799993232358247,25.94299803604372,0.2540000423323363,45.744000090053305,2,1
1601,sign,22703.409434154,54.36399806058034,144.37700156122446,84.07999848714098,7.280999852810055,0.5390029400587082,290.64100090181455,2,1
1602,sign,22703.437018312,60.79699960537255,166.1889982642606,90.78100265469402,8.306997187901288,0.6970003596507013,326.77099807187915,2,1
1603,sign,22703.466604264,58.59700104338117,176.0929990268778,112.46000212850049,8.119000995066017,0.8699971658643335,356.1390003596898,2,1
1604,sign,22703.49112381,22.469001123681664,50.99400004837662,28.595000912901014,2.4749970179982483,0.1910011633299291,104.72400026628748,2,1
1605,sign,22703.517345112,24.1939997067675,65.68000026163645,37.22499968716875,3.135999577352777,0.3040004230570048,130.53899965598248,2,1
1606,sign,22703.543480564,57.55800157203339,158.06800001882948,89.69899863586761,7.645998266525567,0.7030030246824026,313.67400151793845,2,1
1607,sign,22703.57161357,58.08000059914775,156.0380005685147,108.54699939955026,7.415001164190471,0.6949994713068008,330.77500120271,2,1
1608,sign,22703.598542577,59.61699935141951,156.26999811502174,89.61600178736262,7.318998541450128,0.6100017344579101,313.4319995297119,2,1
1609,sign,22703.626143537,28.18800203385763,73.43799734371714,47.72600004798733,3.5470002330839634,0.3220011421944946,153.22100080084056,2,1
1610,sign,22703.650770773,29.202998121036217,78.05100176483393,43.56199860922061,3.564000508049503,0.3169989213347435,154.696997924475,2,1
1611,sign,22703.680996341,79.1689999459777,187.2749999165535,91.42599810729735,7.8029988799244165,0.7760027074255049,366.44899955717847,2,1
1612,sign,22703.712239487,62.38400237634778,161.59900042111985,89.3299984454643,7.68799873185344,0.6930022209417075,321.6940021957271,2,1
1613,sign,22703.737561528,50.76900197309442,136.64999642060138,76.85400123591535,6.666999979643151,0.6369991751853377,271.57699878443964,2,1
1614,sign,22703.763816934,23.983000573934987,66.80099977529608,35.11199975037016,3.020002623088658,0.2309971023350954,129.14699982502498,2,1
1615,sign,22703.80943479,115.75299868127331,4.907000402454287,3.240998921683058,13.136999768903479,1.1020019883289933,138.13999976264313,2,0
1616,sign,22703.854482369,115.25599984452128,5.3010007832199335,3.2560019462835044,13.853998098056763,1.2810014595743269,138.9480021316558,2,0
1617,sign,22703.899266601,53.90899968915619,2.3369975679088384,1.128999429056421,6.493002729257569,0.44199987314641476,64.30999928852543,2,0
1618,sign,22703.944574782,127.66399959218688,5.447000148706138,2.4900000425986946,17.848000425146893,0.6560003384947777,154.1050005471334,1,0
1619,sign,22703.98954632,89.4779986992944,5.310001142788678,2.929999027401209,11.566000466700643,1.0350013326387852,110.31900066882372,1,0
1620,sign,22704.03439119,64.15099778678268,2.616001438582316,1.8270002328790724,6.128997483756393,0.4989997250959277,75.22199666709639,1,0
1621,sign,22704.079474911,90.70300075109117,4.716999683296308,3.3270007406827062,12.305998097872362,0.9710020094644278,112.02400128240697,1,0
1622,sign,22704.12444241,90.81499956664629,5.051999323768541,3.0709998100064695,11.596999684115872,1.0229996405541897,111.55799802509136,1,0
1623,sign,22704.158154214,20.91599890263751,56.75200009136461,27.859998226631433,1.7750026017893106,0.2169981598854065,107.51999798230827,1,1
1624,sign,22704.183982328,17.398000636603683,81.55700197676197,38.87299681082368,2.577002305770293,0.3069981175940484,140.71199984755367,1,1
1625,sign,22704.211227646,40.29100091429427,159.45599807309918,92.0470010896679,6.037000275682658,0.5729998520109802,298.404000204755,1,1
1626,sign,22704.237423887,42.35099913785234,171.62199947051704,95.11800089967437,6.16500256001018,0.7079979695845395,315.96400003763847,1,1
1627,sign,22704.265176097,69.51500108698383,248.1259980413597,147.56800010218285,8.947001333581284,0.995998561847955,475.1519991259556,1,1
1628,sign,22704.288527507,17.386999388691038,65.86000017705373,41.03299943380989,2.3169995984062552,0.25200279196724296,126.84900138992816,1,1
1629,sign,22704.314849896,29.27999958046712,98.4920006885659,53.63599848351441,3.007000486832112,0.3480017767287791,184.76300101610832,1,1
1630,sign,22704.341497874,71.19799920474179,232.8709997527767,136.17700096801855,6.40500002191402,0.7589987944811583,447.4099987419322,1,1
1631,sign,22704.367080123,58.31299858982675,219.64000188745558,143.6870006727986,8.022998372325674,0.9030009096022695,430.5660004320089,1,1
1632,sign,22704.396487708,76.94500163779594,263.2249997986946,141.98200005921535,7.153998012654483,0.8730021363589913,490.1790016447194,1,1
1633,sign,22704.420499077,30.013998184585944,125.99700130522251,55.36499884328805,3.4090007829945534,0.36900019040331244,215.15399930649437,1,1
1634,sign,22704.445891926,17.882000975077972,55.00599945662543,29.328999517019838,1.9170001905877143,0.24600012693554163,104.3800002662465,1,1
1635,sign,22704.472090335,61.89900159370154,243.29299776582047,156.5910024510231,8.684000931680202,0.9949981176760048,471.4620008599013,1,1
1636,sign,22704.497687233,60.01799920341,234.31099907611497,133.04200183483772,6.621998181799427,0.8919996616896242,434.88499795785174,1,1
1637,sign,22704.523887999,60.791000578319654,247.01599977561273,139.58099953015335,6.7159999161958694,0.8250026439782232,454.9290024442598,1,1
1638,sign,22704.549574011,21.07400359818712,81.71399895218201,50.6329997733701,2.7940004656556994,0.3219975042156875,156.53700029361062,1,1
1639,sign,22704.575109472,16.94100137683563,66.24299930990674,37.7690012101084,2.4529981601517648,0.2630004019010812,123.66900045890361,1,1
1640,sign,22704.603557569,37.50199903151952,151.88299948931672,88.71099998941645,5.641002644551918,0.6539994501508772,284.3910006049555,1,1
1641,sign,22704.628621311,49.18999911751598,173.2929995341692,92.2130020626355,6.012000085320324,0.6509981176350266,321.35899891727604,1,1
1642,sign,22704.654099383,28.246002329979092,114.83200069051236,63.7439989077393,4.0289996832143515,0.46900095185264945,211.32000256329775,1,1
1643,sign,22704.679353047,17.52900061546825,65.95400191145018,35.37299926392734,2.4170003598555923,0.261999957729131,121.53500210843049,1,1
1644,sign,22704.702701913,12.664000678341836,49.32099909638055,29.19300095527433,1.9500002963468432,0.22099993657320738,93.34900096291676,1,1
1645,sign,22704.728052146,29.24599903053604,116.08600107138045,83.89099821215495,8.596001862315461,0.4879984771832824,238.3069986535702,1,1
1646,sign,22704.753814212,33.39300019433722,125.86899902089499,87.6280028023757,5.017998773837462,0.6779991963412613,252.58599998778664,1,1
1647,sign,22704.779706299,40.332000935450196,157.23500109743327,91.77399988402613,24.663997464813292,0.6600021151825786,314.66500149690546,1,1
1648,sign,22704.805657449,12.472999515011907,47.85700002685189,27.343001420376822,1.7499987734481692,0.21099913283251226,89.6339988685213,1,1
1649,sign,22704.83333983,21.323001419659704,74.06499935314059,43.07600102038123,2.9199982236605138,0.3360000846441835,141.72000010148622,1,1
1650,sign,22704.859711766,39.5560018660035,157.02599921496585,90.21499863592908,24.68400271027349,0.7459966582246125,312.2269990853965,1,1
1651,sign,22704.88668737,40.795999666443095,160.99700224003755,92.02799992635846,6.10799907008186,0.6510017556138337,300.5800026585348,1,1
1652,sign,22704.91261092,60.964997828705236,229.26200108486228,116.56900096568279,8.258000889327377,1.1169977369718254,416.1709985055495,1,1
1653,sign,22704.937406498,37.08100121002644,150.11299910838716,82.23300028475933,5.69300027564168,0.6800000846851617,275.80000096349977,1,1
1654,sign,22704.960865154,14.695000572828576,55.510998208774254,33.558000723132864,2.1179985196795315,0.22900348994880915,106.11100151436403,1,1
1655,sign,22704.985676424,121.56299999332987,255.73500170139596,77.50399890937842,7.143000402720645,0.672000169288367,462.61700117611326,1,1
1656,sign,22705.012150982,64.03500083251856,219.50800146441907,96.13200018065982,6.138998287497088,0.6840018613729626,386.4980026264675,1,1
1657,sign,22705.039216891,94.9179993767757,275.5650020844769,105.07999832043424,7.3830015026032925,0.8939969120547175,483.8399981963448,1,1
1658,sign,22705.065920533,109.4879989977926,279.4739993987605,114.32600149419159,7.454000297002494,1.0469993867445737,511.78899957449175,1,1
1659,sign,22705.09147539,69.24400076968595,128.69000056525692,34.41599983489141,2.6609995984472334,0.43299951357766986,235.4440002818592,1,1
1660,sign,22705.116122387,53.204999858280644,168.00099911051802,61.033999372739345,4.723002348328009,0.528998498339206,287.4919991882052,1,1
1661,sign,22705.144296833,94.08599726157263,268.4220016817562,103.93800039310008,7.071001164149493,1.2619966582860798,474.7789971588645,1,1
1662,sign,22705.171995303,110.10700109181926,258.2359993539285,104.09899914520793,7.163998816395178,0.9230025170836598,480.5290009244345,1,1
1663,sign,22705.197748893,88.95700011635199,274.1190000961069,104.91800276213326,7.063998054945841,0.9059986041393131,475.9639996336773,1,1
1664,sign,22705.22127186,40.50100324093364,105.78399815130979,29.823000659234822,2.4840010155458003,0.3440000000409782,178.93600306706503,1,1
1665,sign,22705.24677531,62.49000216485001,211.6699979524128,70.94200191204436,4.698998964158818,0.6209993443917483,350.42200033785775,1,1
1666,sign,22705.273964501,132.41099804872647,258.4100002422929,105.09700223337859,7.946997357066721,0.9640025382395834,504.82900041970424,1,1
1667,sign,22705.301602133,78.27999797882512,256.80100225145,130.46899766777642,7.854003342799842,0.876996637089178,474.28099787794054,1,1
1668,sign,22705.329176632,86.90400136401877,250.3260002413299,115.89999849093147,7.225000445032492,0.8669994713272899,461.2220000126399,1,1
1669,sign,22705.352949907,47.04300226876512,133.71299792197533,33.63900032127276,2.6749985408969223,0.23300162865780294,217.30300068156794,1,1
1670,sign,22705.399521853,94.90600132266991,5.245998181635514,2.816999767674133,11.9399992399849,1.0040021152235568,115.91300062718801,1,0
1671,sign,22705.444495115,99.01399971568026,5.599998985417187,3.0800001695752144,12.767999578500167,1.172000338556245,121.63399878772907,1,0
1672,sign,22705.489252884,44.151001930003986,2.2370004444383085,1.1359989002812654,5.750000127591193,0.4209978214930743,53.69499922380783,1,0
1673,sign,22705.531025258,81.91500091925263,235.54899962618947,114.79900058475323,6.633999873884022,1.0539988579694182,439.9509998620488,1,1
1674,sign,22705.558485411,84.85700163873844,252.7110009395983,100.36199819296598,6.515001587104052,0.9110008249990642,445.35600318340585,1,1
1675,sign,22705.585496584,85.08699829690158,249.34600151027553,103.50500087952241,6.796999514335766,0.862997694639489,445.5979978956748,1,1
1676,sign,22705.611426314,40.830000216374174,212.13699801592156,94.98600047663786,6.193000444909558,0.7189992174971849,354.86499837134033,1,1
1677,sign,22705.636082915,15.951998648233712,57.13800055673346,29.724000341957435,1.934000465553254,0.20999868866056204,104.95799870113842,1,1
1678,sign,22705.660076869,35.22200131556019,101.53799667023122,33.837000955827534,2.4610017135273665,0.34599725040607154,173.4039979055524,1,1
1679,sign,22705.685666165,67.8529977449216,300.2920020662714,137.30099817621522,7.459999324055389,0.8259994501713663,513.731996761635,1,1
1680,sign,22705.710633746,89.96299948194064,250.15500068548135,127.50300084007904,7.503000233555213,1.038999471347779,476.163000712404,1,1
1681,sign,22705.734414164,54.25600102171302,168.8109987298958,65.45900032506324,4.4100015657022595,0.4969988367520273,293.43300047912635,1,1
1682,sign,22705.758012626,56.16899943561293,142.09200162440538,38.53399903164245,2.510001650080085,0.36499841371551156,239.67000015545636,1,1
1683,sign,22705.783256374,68.71499863336794,210.08800104027614,78.08800000930205,5.4249976528808475,0.705000275047496,363.0209976108745,1,1
1684,sign,22705.80980788,88.38600115268491,265.0089991220739,105.17600094317459,7.766000635456294,0.7399976311717182,467.0769994845614,1,1
1685,sign,22705.836856249,82.4349990580231,283.68900166242383,105.79299851087853,7.42900010664016,0.8259994501713663,480.171998788137,1,1
1686,sign,22705.864349456,92.57400233764201,320.66399944596924,109.41000073216856,7.602000550832599,0.9139985195361078,531.1640015861485,1,1
1687,sign,22705.891323216,46.08900053426623,186.48399782250635,69.00800144649111,4.207999154459685,0.5110014171805233,306.3000003749039,1,1
1688,sign,22705.916454254,54.24600021797232,141.56700126477517,51.1840007675346,3.735000063898042,0.43699765228666365,251.1689999664668,1,1
1689,sign,22705.943250214,94.5979991229251,254.44600032642484,109.42199878627434,6.989001121837646,0.9299983503296971,466.3849977077916,1,1
1690,sign,22705.972620557,93.38699965155683,258.0699983809609,129.6500013268087,7.719001587247476,0.9189971024170518,489.74499804899096,1,1
1691,sign,22706.000241064,32.166997698368505,117.35100270016119,35.61899939086288,2.4430009943898767,0.2309971023350954,187.81099788611755,1,1
1692,sign,22706.028567259,48.935999075183645,119.14400238310918,37.93199721258134,2.578002749942243,0.5599977157544345,209.14999913657084,1,1
1693,sign,22706.05612417,99.98699897550978,269.37499933410436,108.3999995898921,7.168000593082979,0.7779999577905983,485.7079984503798,1,1
1694,sign,22706.083533229,82.36199937527999,236.5079999435693,95.77400123816915,6.551999831572175,0.8069982868619263,422.00299867545255,1,1
1695,sign,22706.112417156,120.55299885105342,351.7059994919691,199.77299962192774,9.94600122794509,1.1320007615722716,683.1099999544676,1,1
1696,sign,22706.137617529,46.52300049201585,144.58499936154112,52.7299998793751,3.7940008041914552,0.36900019040331244,248.00100072752684,1,1
1697,sign,22706.163464277,42.065999878104776,112.78600140940398,36.00899799494073,2.5570006982889026,0.3389977791812271,193.7569977599196,1,1
1698,sign,22706.188722126,96.65499965194613,272.01099874218926,106.92200157791376,7.594000635435805,0.829000782687217,484.01100139017217,1,1
1699,sign,22706.213845144,78.92099893069826,258.5830006864853,101.54800111195073,7.42699921829626,0.8349998097401112,447.3139997571707,1,1
1700,sign,22706.241734897,84.97700036969036,274.2059987212997,122.38099952810444,7.334001566050574,1.2239979696460068,490.1219981547911,1,1
1701,sign,22706.265595361,72.49400005093776,227.15999875799753,82.48499943874776,5.9539997891988605,0.6420013960450888,388.734999432927,1,1
1702,sign,22706.289768137,53.06999810272828,218.83299996261485,115.51100033102557,8.843999239616096,1.386000803904608,397.6439984398894,1,1
1703,sign,22706.316080575,82.87899981951341,238.3459977863822,48.14299973077141,3.9200022001750767,0.5649999366141856,373.8529994734563,1,1
1704,sign,22706.346645425,105.96699939924292,333.01100120297633,168.6549985606689,16.34599902899936,1.7140009731519967,625.6929991650395,1,1
1705,sign,22706.377735687,116.33299800450914,380.8980000030715,125.80499969772063,7.7980002970434725,0.9930008673109114,631.8269988696557,1,1
1706,sign,22706.404930182,37.16199717018753,192.82200082670897,72.55899981828406,4.551999154500663,0.5180008884053677,307.6129978580866,1,1
1707,sign,22706.428536258,47.514000470982864,118.97799777216278,39.31600076612085,2.5800000003073364,0.7560010999441147,209.14400010951795,1,1
1708,sign,22706.454683709,69.44500273675658,213.41299725463614,99.46300269803032,5.612000677501783,0.776999513618648,388.71000288054347,1,1
1709,sign,22706.481966045,134.4640004390385,237.54899666528217,171.35900270659477,7.067999831633642,1.2029995559714735,551.6429991985206,1,1
1710,sign,22706.508088527,136.03299885289744,280.70299958926626,129.32400204590522,7.09699816070497,0.9450013749301434,554.102000023704,1,1
1711,sign,22706.533327786,101.77099829888903,249.81699971249327,105.17500049900264,7.389000529656187,0.8159986464306712,464.9679976864718,1,1
1712,sign,22706.556373931,44.54300142242573,106.49300020304509,32.82399848103523,2.48300057137385,0.3120003384537995,186.6550010163337,1,1
1713,sign,22706.581262316,89.04999776859768,224.19599918066524,78.1680028012488,5.562997102970257,0.8919996616896242,397.8689965151716,1,1
1714,sign,22706.606924275,118.19799692602828,314.15000194101594,118.4819993795827,7.553000614279881,0.9729992598295212,559.3559981207363,1,1
1715,sign,22706.631187513,71.76799772423692,239.760000113165,105.41600204305723,6.936999852769077,0.7109993021003902,424.5919990353286,1,1
1716,sign,22706.658400643,41.718001739354804,179.71000124816783,95.92899732524529,6.131002010079101,0.8819988579489291,324.37000118079595,1,1
1717,sign,22706.682477241,16.73099905019626,56.970999139593914,30.21600059582852,1.8800019461195916,0.22499807528220117,106.02299880702049,1,1
1718,sign,22706.707748567,22.066997189540416,72.17000165837817,38.466998375952244,2.429002051940188,0.3130007826257497,135.44600005843677,1,1
1719,sign,22706.733992048,91.24699863605201,260.31400193460286,136.98299881070852,6.628000846831128,0.7229973562061787,495.8949975844007,1,1
1720,sign,22706.761901437,50.89200203656219,220.05099890520796,97.44400085764937,6.330999894998968,0.7550006557721645,375.47300235019065,1,1
1721,sign,22706.786245542,36.95199848152697,154.689001647057,89.50600022217259,5.600999429589137,0.6109985406510532,287.35899832099676,1,1
1722,sign,22706.810241524,13.009001122554764,62.058999901637435,32.747000659583136,2.172000677092001,0.25099870981648564,110.23800107068382,1,1
1723,sign,22706.839222133,28.644000849453732,110.74299982283264,64.77399801951833,4.327001079218462,0.44600164983421564,208.93400142085738,1,1
1724,sign,22706.86742613,39.24100019503385,171.79000133182853,107.71599772851914,6.443999154726043,0.7990020094439387,325.9900004195515,1,1
1725,sign,22706.897737021,39.08899816451594,173.3739991323091,118.4980028483551,6.964997737668455,0.8970018825493753,338.822999765398,1,1
1726,sign,22706.927452861,43.28499926486984,165.51600128877908,91.67999814962968,6.140002369647846,0.6689988367725164,307.28999990969896,1,1
1727,sign,22706.953958198,15.305002307286486,83.9749991428107,33.20399991935119,2.215998392784968,0.2270026016049087,134.92700236383826,1,1
1728,sign,22707.004510007,96.3930033321958,4.798999725608155,2.786997356452048,11.023003025911748,1.2609998520929366,116.26300329226069,1,0
1729,sign,22707.049528605,94.60500223212875,4.950998118147254,3.19199898513034,12.106000212952495,1.0610019671730697,115.91500151553191,1,0
1730,sign,22707.094477154,59.68499681330286,2.767999831121415,1.7560014384798706,6.5210006141569465,0.4850007826462388,71.21499947970733,1,0
1731,sign,22707.112078482,22.782998712500557,71.7289985914249,34.52700184425339,2.7050009521190077,0.22299718693830073,131.96699728723615,1,1
1732,sign,22707.139464669,59.99000131851062,169.42799993557855,93.12999827670865,5.83200016990304,0.7800008461344987,329.16000054683536,1,1
1733,sign,22707.16430126,43.30199953983538,161.79700105567463,91.66599920718,5.975001840852201,0.7409980753436685,303.48099971888587,1,1
1734,sign,22707.191798211,14.741999621037394,58.814999647438526,34.57500133663416,2.3079992388375103,0.24800101527944207,110.68800085922703,1,1
1735,sign,22707.219825527,18.429000192554668,75.88299922645092,48.37099913856946,2.887001755880192,0.32799653126858175,145.89799684472382,1,1
1736,sign,22707.246839665,35.865999961970374,166.9410012254957,83.48600022145547,4.942998202750459,0.6510017556138337,291.88700136728585,1,1
1737,sign,22707.273548281,68.29500125604682,220.76200184528716,104.96499817236327,5.645000783260912,0.6730006134603173,400.34000267041847,1,1
1738,sign,22707.300324133,60.31099837855436,239.5410010649357,125.7820003957022,6.472000677604228,0.7119997462723404,432.8180002630688,1,1
1739,sign,22707.325272119,22.280000848695636,88.5560002643615,48.032998165581375,3.0039991543162614,0.3630011633504182,162.2359995963052,1,1
1740,sign,22707.350132017,14.201999874785542,55.88899875874631,33.244999940507114,1.9990002328995615,0.22899985197000206,105.56399865890853,1,1
1741,sign,22707.379617895,61.316000937949866,233.40299958363175,146.70699965790845,6.526999641209841,0.7090020517352968,448.6620018724352,1,1
1742,sign,22707.406998789,66.11999924643897,191.94600099581294,81.87600178644061,5.156998668098822,0.6679983926005661,345.7669990893919,1,1
1743,sign,22707.433208501,38.67900159093551,155.7809991936665,91.31299884757027,5.915000656386837,0.7330017979256809,292.4210020864848,1,1
1744,sign,22707.461803791,40.7090010412503,177.4259981175419,95.62999912304804,6.4110026869457215,0.7119997462723404,320.8880007150583,1,1
1745,sign,22707.48973445,13.962002412881702,55.38199911825359,35.624998417915776,2.0549996406771243,0.2400010998826474,107.26400068961084,1,1
1746,sign,22707.517525628,24.663997464813292,97.26099960971624,57.27499956265092,3.946002834709361,0.41399835026822984,183.55999782215804,1,1
1747,sign,22707.550058947,40.58900231029838,161.79599697352387,91.26000077230856,5.99100167164579,0.7279995770659298,300.36400130484253,1,1
1748,sign,22707.57513456,43.34400000516325,163.55000116163865,92.25199755746871,6.024001777404919,0.7169983291532844,305.8869988308288,1,1
1749,sign,22707.600851005,31.927000236464664,139.5679973938968,86.64100096211769,5.6200005928985775,0.9270006557926536,264.6829998411704,1,1
1750,sign,22707.625259971,31.60900087095797,118.6379995488096,38.95100235240534,3.19299942930229,0.32900061341933906,192.72000281489454,1,1
1751,sign,22707.649882644,33.45799996168353,158.1860014994163,82.16499918489717,4.969999281456694,0.6080008461140096,279.3870007735677,1,1
1752,sign,22707.677106236,18.48700048867613,72.35600060084835,42.17899913783185,2.469001628924161,0.3220011421944946,135.81300299847499,1,1
1753,sign,22707.703274215,58.23199899168685,188.40499978978187,154.6870007587131,9.573999705025926,1.1640004231594503,412.0619996683672,1,1
1754,sign,22707.727442116,40.784001612337306,154.90299847442657,76.51100168004632,5.0059970817528665,0.6390000635292381,277.8429989120923,1,1
1755,sign,22707.753523523,31.856001442065462,99.14399925037287,46.63499930757098,3.421002475079149,0.26999987312592566,181.3260023482144,1,1
1756,sign,22707.7779795,29.89100175909698,88.15799810690805,33.67500175954774,2.1329979063011706,0.25600093067623675,154.11300046253018,1,1
1757,sign,22707.808440783,40.84700049133971,158.1270007591229,89.65300003183074,5.935999070061371,0.676998752169311,295.23999910452403,1,1
1758,sign,22707.838715824,37.727000744780526,148.03399972151965,88.9389993972145,5.754998710472137,0.6920017767697573,281.14700035075657,1,1
1759,sign,22707.864106284,27.709000278264284,105.00500138732605,60.301998018985614,3.9250007830560207,0.47000139602459967,197.41100186365657,1,1
1760,sign,22707.890043321,15.784000424901024,64.36900002881885,33.041000278899446,2.110999048454687,0.2749984560068697,115.57999823708087,1,1
1761,sign,22707.919301007,38.82199962390587,152.85599874914624,91.78799882647581,5.894002242712304,0.7159978849813342,290.07599732722156,1,1
1762,sign,22707.94817924,42.75700121070258,158.99699792498723,91.70500197797082,5.825997504871339,0.791002094047144,300.0760007125791,1,1
1763,sign,22707.973243018,38.416997995227575,155.13900143560022,91.41999908024445,5.992002115817741,0.6409973138943315,291.6089979407843,1,1
1764,sign,22707.999349443,13.617001968668774,55.341999541269615,33.383999834768474,2.064000000245869,0.2269989636261016,104.63400030857883,1,1
1765,sign,22708.024215687,11.754000297514722,47.913999878801405,27.63399970717728,1.767999492585659,0.20299921743571758,89.27299859351479,1,1
1766,sign,22708.050059928,61.54400034574792,233.56100064120255,142.88500096881762,6.705999112455174,0.7839989848434925,445.48000005306676,1,1
1767,sign,22708.077124882,62.54100298974663,236.9539979554247,113.16599920974113,6.264002877287567,0.7929993444122374,419.7180023766123,1,1
1768,sign,22708.101371776,62.51599916140549,240.08699983824044,160.5460020073224,8.422000973951072,0.9759969543665648,472.54699893528596,1,1
1769,sign,22708.125820245,53.94300023908727,206.18199778255075,105.59400107013062,6.4019986893981695,0.6020018190611154,372.7229996002279,1,1
1770,sign,22708.150927732,12.98099959967658,52.751998737221584,41.88599996268749,1.8400023691356182,0.22799940779805183,109.68700007651933,1,1
1771,sign,22708.175560821,42.224000935675576,95.84500003256835,60.57099744793959,2.925000444520265,0.4220019036438316,201.9870007643476,1,1
1772,sign,22708.206112735,31.673000194132328,134.89699995261617,65.38000161526725,4.145000275457278,0.48299989430233836,236.57800193177536,1,1
1773,sign,22708.231807475,38.85600017383695,170.55200078175403,103.20399815100245,5.937999958405271,0.691001332597807,319.2410003975965,1,1
1774,sign,22708.257421598,43.54600241640583,165.1559978199657,90.24400060297921,6.243000825634226,0.6679983926005661,305.85700005758554,1,1
1775,sign,22708.280415216,12.107000657124445,49.701000534696504,28.72800178010948,1.8649989215191454,0.18200080376118422,92.58300269721076,1,1
1776,sign,22708.305673093,13.099001080263406,52.29399903328158,30.941999284550548,1.9860017346218228,0.21599771571345627,98.53699884843081,1,1
1777,sign,22708.333905428,37.64400025829673,171.94199972436763,92.92400136473589,6.08899790677242,0.7019989425316453,309.3009981967043,1,1
1778,sign,22708.358107136,44.91599975153804,188.67600010707974,91.03100092033856,6.2870021793060005,0.7700000423938036,331.68000300065614,1,1
1779,sign,22708.382920983,37.0579982700292,179.64400103664957,92.15799946105108,5.7060024118982255,0.6679983926005661,315.23399957222864,1,1
1780,sign,22708.408127898,31.827999919187278,110.01399980159476,49.66999767930247,3.1090021366253495,0.362000719178468,194.98300025588833,1,1
1781,sign,22708.432328718,17.091999325202778,58.866000472335145,29.021997761446983,1.877000613603741,0.2130000211764127,107.06999819376506,1,1
1782,sign,22708.46123494,38.106998545117676,143.82000154000707,93.74199726153165,5.1340030040591955,0.5999972927384079,281.402997643454,1,1
1783,sign,22708.488320291,62.41800292627886,239.32399926707149,152.7009990240913,7.456001185346395,0.7399976311717182,462.63900003395975,1,1
1784,sign,22708.51485794,62.01199721544981,257.5730031821877,114.76099825813435,6.28400084679015,0.7669987098779529,441.39699821243994,1,1
1785,sign,22708.540391378,16.694000805728137,64.97499998658895,45.434000639943406,2.4709988792892545,0.28800059226341546,129.86200090381317,1,1
1786,sign,22708.565383791,25.053999706869945,109.63400200125761,65.80099943676032,3.549001121427864,0.3899986040778458,204.4280008703936,1,1
1787,sign,22708.591144348,41.89600076642819,167.89399887784384,94.5310021052137,6.872000085422769,0.8819988579489291,312.07500069285743,1,1
1788,sign,22708.616143274,41.961000533774495,163.11599756591022,92.69500151276588,6.050999218132347,0.6750015018042177,304.49800033238716,1,1
1789,sign,22708.641259061,39.50499740312807,154.48900012415834,127.27200009976514,6.58000135445036,0.7640010153409094,328.6099999968428,1,1
1790,sign,22708.666473624,13.618999219033867,49.70199734088965,28.69300078600645,1.730000803945586,0.19299841369502246,93.93699656357057,1,1
1791,sign,22708.691548932,14.632998500019312,56.658998801140115,29.7840015264228,1.9559993233997375,0.22500171326100826,103.25699986424297,1,1
1792,sign,22708.717701576,35.17100049066357,142.0560001861304,84.14200055995025,5.562000296777114,0.624000676907599,267.55500221042894,1,1
1793,sign,22708.743098536,49.89700028090738,154.50399951077998,95.9290009632241,6.529997335746884,1.3870012480765581,308.2469993387349,1,1
1794,sign,22708.767799467,40.02299829153344,157.10699881310575,111.74400060554035,6.337002560030669,0.6880000000819564,315.89900027029216,1,1
1795,sign,22708.791535628,39.58800152759068,138.7960001011379,81.98599971365184,4.786001227330416,0.790998456068337,265.9470010257792,1,1
1796,sign,22708.815681562,13.59400266665034,54.87899761646986,31.08600139967166,1.8989994714502245,0.25099870981648564,101.70899986405857,1,1
1797,sign,22708.864475467,85.66000178689137,4.497000190895051,2.972999936901033,11.48799856309779,1.1209995136596262,105.73899999144487,1,0
1798,sign,22708.909527164,89.07599840313196,5.152000085217878,3.1560011848341674,11.530999472597614,1.0940020729321986,110.00900121871382,1,0
1799,sign,22708.954173893,28.209000447532162,1.6280027921311557,0.9919967851601541,4.269000783096999,0.3530003596097231,35.451001167530194,1,0
1800,sign,22708.999583081,91.08399899560027,4.746001650346443,3.2009993446990848,12.503998732427135,1.0840012691915035,112.61899999226443,1,0
1801,sign,22709.044420171,83.33199730259366,4.423000063979998,2.634002157719806,11.639000149443746,0.9849973139353096,103.01299698767252,1,0
1802,sign,22709.089201641,39.59400055464357,2.2950007405597717,1.5089972293935716,4.314002580940723,0.7109993021003902,48.42300040763803,1,0
1803,sign,22709.134499122,108.3290007954929,4.293000529287383,2.3079992388375103,11.156000255141407,1.3130011211615056,127.39900193992071,1,0
1804,sign,22709.179745754,120.80099986633286,7.837999874027446,6.157999450806528,19.857998267980292,1.8780010577756912,156.53299851692282,1,0
1805,sign,22709.202432045,12.96700065722689,51.63899913895875,30.226001399569213,2.144999598385766,0.20999868866056204,97.18699948280118,1,1
1806,sign,22709.228181721,13.950000720797107,71.98900129878893,33.53400097694248,2.1559972083196044,0.25600093067623675,121.88500113552436,1,1
1807,sign,22709.256545115,14.232999092200771,57.3069992242381,32.087002182379365,2.128999767592177,0.22899985197000206,105.98500011838041,1,1
1808,sign,22709.288063636,39.377002394758165,157.3249974171631,90.71200111065991,6.5349995566066355,0.7090020517352968,294.6580025309231,1,1
1809,sign,22709.318387336,37.07300129462965,153.95000082207844,104.49699766468257,7.6739997894037515,0.8950009942054749,304.0890005649999,1,1
1810,sign,22709.347668002,12.995998986298218,51.2610022269655,30.694998713443056,1.987002178793773,0.2269989636261016,97.16600106912665,1,1
1811,sign,22709.375452531,24.5789997279644,97.69700045580976,58.31900125485845,3.50600021192804,0.44099942897446454,184.5420010795351,1,1
1812,sign,22709.410810311,43.08099960326217,171.20799748227,92.83000326831825,6.22899824520573,0.6789996405132115,314.02699823956937,1,1
1813,sign,22709.443343543,39.95799852418713,157.8740011609625,90.3389991435688,5.898000381421298,0.6760019459761679,294.7450011561159,1,1
1814,sign,22709.47144535,13.14300243393518,57.7770006202627,28.448997909436002,1.8020000425167382,0.2080014382954687,101.37900244444609,1,1
1815,sign,22709.498906919,16.79799970588647,63.28299787128344,46.80799975176342,2.496999513823539,0.28700014809146523,129.67299699084833,1,1
1816,sign,22709.524641116,36.286000977270305,142.98499809228815,131.02400043862872,6.064998160582036,0.7060007192194462,317.06599838798866,1,1
1817,sign,22709.550850306,39.562997699249536,178.86299974634312,94.62800153414719,5.998001142870635,0.6310001481324434,319.6830002707429,1,1
1818,sign,22709.578370236,38.73900277540088,156.2629986437969,90.47600178746507,5.63599678571336,0.7710004865657538,291.88500047894195,1,1
1819,sign,22709.604867269,13.745997421210632,54.440999520011246,30.72500112466514,1.844000507844612,0.22099993657320738,100.97699851030484,1,1
1820,sign,22709.632668035,17.27000199025497,64.30400026147254,37.875997804803774,2.3940010578371584,0.24800101527944207,122.09200212964788,1,1
1821,sign,22709.674454495,86.76399738760665,4.582001565722749,2.845001290552318,11.482999980216846,0.9329996828455478,106.60699990694411,1,0
1822,sign,22709.719442391,68.51099897176027,2.8700014809146523,2.086999302264303,8.201001037377864,0.5879992386326194,82.25700003094971,1,0
1823,sign,22709.764228754,45.97799852490425,3.107001248281449,2.5240005925297737,6.250000296859071,0.7819980964995921,58.64099875907414,1,0
1824,sign,22709.783472691,37.3010007024277,155.44699999736622,92.90099842473865,5.8149998949375,0.6330010364763439,292.0970000559464,1,1
1825,sign,22709.809323494,39.12200190825388,158.06900046300143,91.68399992631748,6.131998816272244,0.7349990482907742,295.7420001621358,1,1
1826,sign,22709.834284971,43.48199945525266,163.05500321323052,104.12799747427925,8.295002771774307,0.8139977580867708,319.7740006726235,1,1
1827,sign,22709.859350736,75.36400153185241,294.9029985757079,150.1200022175908,9.499999578110874,1.0350013326387852,530.9220032359008,1,1
1828,sign,22709.882269816,29.103000997565687,87.02799823367968,29.245002224342898,1.986998540814966,0.2349988790228963,147.59799887542613,1,1
1829,sign,22709.906745064,14.191002264851704,54.10599987953901,31.7069971060846,1.944001269293949,0.23200118448585272,102.18000170425512,1,1
1830,sign,22709.932650422,42.117000703001395,159.75099813658744,91.00800161832012,5.911999323870987,0.733998604118824,299.52199838589877,1,1
1831,sign,22709.956560948,38.35099778370932,150.37400225992315,89.3969991011545,5.6919998314697295,0.633997842669487,284.4479968189262,1,1
1832,sign,22709.982531225,42.61600042809732,165.12699949089438,91.75000013783574,5.911999323870987,0.6770023901481181,306.08200177084655,1,1
1833,sign,22710.006650716,13.060998753644526,48.91000207862817,27.726997359422967,1.7410020518582314,0.18799983081407845,91.62700007436797,1,1
1834,sign,22710.031483487,15.451998478965834,62.34300235519186,37.81699706451036,2.0090010366402566,0.23699976736679673,117.8579987026751,1,1
1835,sign,22710.057422597,40.880997403291985,158.09800243005157,91.1919996724464,5.912999768042937,0.7470007403753698,296.83100001420826,1,1
1836,sign,22710.083922318,38.332000258378685,183.36999710300006,90.89900049730204,5.846002750331536,0.7259986887220293,319.17299929773435,1,1
1837,sign,22710.111162459,40.10799966636114,159.0569991094526,88.8620015757624,6.1680002545472234,0.7409980753436685,294.935998681467,1,1
1838,sign,22710.135848626,13.527998817153275,53.245003073243424,29.79799683089368,1.758002326823771,0.23800021153874695,98.5670012596529,1,1
1839,sign,22710.163061804,13.431999832391739,53.23599907569587,30.962000892031938,1.8999999156221747,0.2090018824674189,99.73900159820914,1,1
1840,sign,22710.190191891,62.461000197799876,237.3789975536056,139.07300308346748,6.526999641209841,0.8179995347745717,446.25800001085736,1,1
1841,sign,22710.217807268,58.78899901290424,255.30499988235533,160.63500152085908,9.379000402987003,0.9559989848639816,485.06399980396964,1,1
1842,sign,22710.244864724,59.82199945719913,247.922998823924,154.36600006069057,8.504001016262919,0.9219984349329025,471.5369977930095,1,1
1843,sign,22710.270870762,22.986998374108225,73.41600212384947,55.377000535372645,2.830998710123822,0.28399881557561457,154.89499855902977,1,1
1844,sign,22710.297308708,18.251001165481284,57.63100125477649,30.418999813264236,1.9179969967808574,0.2310007403139025,108.44999997061677,1,1
1845,sign,22710.324389833,16.830999811645597,68.30799975432456,39.164999179774895,2.488002792233601,0.29199873097240925,127.08400026895106,1,1
1846,sign,22710.351149824,44.39799886313267,176.72200192464516,94.82799941906705,6.005000614095479,0.690997694619,322.64399851555936,1,1
1847,sign,22710.378023339,44.25600127433427,159.2170010553673,92.32999946107157,6.52299786452204,0.7060007192194462,303.0320003745146,1,1
1848,sign,22710.403295173,16.291000065393746,55.83999882219359,30.89199890382588,2.2790009097661823,0.21899904822930694,105.5209977494087,1,1
1849,sign,22710.427643594,13.67199729429558,54.230000387178734,31.231000320985913,1.9889994291588664,0.20300285541452467,101.32500028703362,1,1
1850,sign,22710.454094867,40.26800161227584,197.6729981834069,152.58200073731132,8.651000825921074,1.0399999155197293,400.21400127443485,1,1
1851,sign,22710.484136191,56.25599806080572,210.68400019430555,145.50700143445283,8.511000487487763,1.0410003596916795,421.99900053674355,1,1
1852,sign,22710.510518043,40.194001485360786,168.4889975877013,94.3039995036088,5.8630030252970755,0.757998350309208,309.60799995227717,1,1
1853,sign,22710.536880984,40.96100019523874,162.20700126723386,40.73699892614968,3.3750002330634743,0.2579981810413301,247.5379988027271,1,1
1854,sign,22710.561627192,12.7889979921747,51.92900061956607,30.04099926329218,1.863001671154052,0.21099913283251226,96.83299867901951,1,1
1855,sign,22710.588254021,17.84199776011519,67.41300239809789,39.05099947587587,2.944001607829705,0.2809974830597639,127.53099872497842,1,1
1856,sign,22710.61713834,39.788999856682494,154.3319995107595,89.34799916460179,5.85300222155638,0.70999885792844,290.0319996115286,1,1
1857,sign,22710.641681744,33.83299917913973,129.31400124216452,73.18400093936361,5.073998181615025,0.5760011845268309,241.98100072680973,1,1
1858,sign,22710.66611248,40.64799941261299,100.90199793921784,53.41300129657611,3.6620003811549395,0.3349996404722333,198.9599986700341,1,1
1859,sign,22710.690786687,21.52500019292347,86.37700011604466,51.65900074644014,3.2800016924738884,0.3979985194746405,163.2390012673568,1,1
1860,sign,22710.717866849,37.79699909500778,166.25100033706985,90.06699838209897,5.918001988902688,0.6810005288571119,300.7140003319364,1,1
1861,sign,22710.745030972,41.9530006183777,158.83800006122328,91.06799916480668,6.049998773960397,0.6779991963412613,298.5869978147093,1,1
1862,sign,22710.770119012,40.21600034320727,155.3090005472768,91.17599984165281,5.881000106455758,0.6830014172010124,293.26500225579366,1,1
1863,sign,22710.79433246,33.13500201329589,111.95600018254481,56.75300053553656,3.6040000850334764,0.37299832911230624,205.82100114552304,1,1
1864,sign,22710.819689199,13.107997801853344,54.55500286188908,28.55099955922924,1.8339997041039169,0.2079978003166616,98.25599772739224,1,1
1865,sign,22710.845695331,29.237999115139246,118.99499804712832,72.7480000932701,4.626002919394523,0.576997990719974,226.18399816565216,1,1
1866,sign,22710.873265771,40.0120006815996,164.50000111944973,89.37899838201702,5.9539997891988605,0.648000423097983,300.4930003953632,1,1
1867,sign,22710.900448321,38.66299812216312,154.9520020489581,89.61200001067482,5.964000592939556,0.6880000000819564,289.87900077481754,1,1
1868,sign,22710.925600456,14.082997950026765,53.608000598615035,31.550000130664557,1.9850012904498726,0.2309971023350954,101.45699707209133,1,1
1869,sign,22710.950009784,14.214001566870138,64.44199971156195,29.429000278469175,1.9699982658494264,0.24100154405459762,110.29600136680529,1,1
1870,sign,22710.976260387,35.506000131135806,116.0079991677776,64.92900138255209,4.104000254301354,0.42799729271791875,220.97499822848476,1,1
1871,sign,22711.001562036,42.31999992043711,171.05100050684996,64.92399916169234,4.258999979356304,0.5410001904238015,283.0949997587595,1,1
1872,sign,22711.027160303,57.25399751099758,224.37400184571743,146.75999773317017,8.120001439237967,0.9520008461549878,437.45999937527813,1,1
1873,sign,22711.05244257,39.30200182367116,154.6989988128189,90.49800064531155,5.683999916072935,0.7130001904442906,290.89600138831884,1,1
1874,sign,22711.076254924,14.919001841917634,52.163999498588964,29.353999707382172,1.896998583106324,0.19599974621087313,98.52999937720597,1,1
1875,sign,22711.101315984,30.292998417280614,100.84200039273128,45.72400212055072,2.8329995984677225,0.3159984771627933,180.00799900619313,1,1
1876,sign,22711.128310299,63.536001107422635,235.92800062033348,106.40999971656129,6.276000931393355,0.7849994290154427,412.9350018047262,1,1
1877,sign,22711.156088581,65.62700218637474,239.2129972577095,104.77000250830315,6.316997314570472,0.8150018402375281,416.7420011071954,1,1
1878,sign,22711.183123766,36.29099956015125,136.05500134872273,74.07199882436544,4.698998964158818,0.567000824958086,251.68399952235632,1,1
1879,sign,22711.209482401,23.61000224482268,109.4069993996527,49.49000140186399,4.965997504768893,0.33800097298808396,187.81100152409635,1,1
1880,sign,22711.233582074,14.134999219095334,54.15499981609173,30.35800182260573,2.0129991753492504,0.23000029614195228,100.891000329284,1,1
1881,sign,22711.262563321,38.988997403066605,155.65400099148974,90.59399963007309,5.799000064143911,0.7039998308755457,291.7399979196489,1,1
1882,sign,22711.290161184,40.76900222571567,161.92299881367944,91.77399988402613,5.727000825572759,0.7169983291532844,300.9100000781473,1,1
1883,sign,22711.317198428,40.985996747622266,163.67600255762227,91.96699829772115,6.039001164026558,0.6949994713068008,303.36299823829904,1,1
1884,sign,22711.342106185,13.149001460988075,52.89899854687974,29.969000024721026,2.8180002118460834,0.23900065571069717,99.07400090014562,1,1
1885,sign,22711.366804686,20.037998183397576,76.11100227222778,42.775998736033216,2.845001290552318,0.347998138749972,142.11799862096086,1,1
1886,sign,22711.394169642,37.66599911614321,148.477000038838,85.24200165993534,5.590998625848442,0.6980008038226515,277.67400024458766,1,1
1887,sign,22711.420931663,41.248000343330204,173.60600031679496,91.66999734588899,6.328002200461924,0.7550006557721645,313.60700086224824,1,1
1888,sign,22711.447302677,39.635000575799495,158.2690019859001,89.7089994396083,6.135996954981238,0.7510025170631707,294.5000014733523,1,1
1889,sign,22711.470681977,14.609999198000878,54.73300188896246,32.066000130726025,2.052998752333224,0.2310007403139025,103.69300071033649,1,1
1890,sign,22711.49875275,14.686997019452974,66.52500087511726,30.75700078625232,1.9469989638309926,0.2630004019010812,114.17899804655463,1,1
1891,sign,22711.524438262,36.48100027930923,145.29699910781346,83.47200127900578,5.423000402515754,0.6119989848230034,271.28500005346723,1,1
1892,sign,22711.549958534,38.25800013146363,177.44700016919523,91.40499969362281,5.778998456662521,0.7660019036848098,313.655000354629,1,1
1893,sign,22711.576826061,38.0080018658191,166.36600048514083,94.42900045542046,6.065998604753986,0.790998456068337,305.6599998672027,1,1
1894,sign,22711.601922031,20.384999515954405,95.02600005362183,49.53600000590086,3.5419980122242123,0.381001882487908,168.8699994701892,1,1
1895,sign,22711.62722439,15.736000932520255,64.10499918274581,36.55700129456818,2.4520013539586216,0.3179993655066937,119.16800212929957,1,1
1896,sign,22711.653310554,31.925999792292714,137.02200158149935,90.84399789571762,4.8340007197111845,0.6070004019420594,265.23300039116293,1,1
1897,sign,22711.679385969,37.35900099854916,156.36999887647107,82.60799950221553,5.10400059283711,0.6959999154787511,282.13699988555163,1,1
1898,sign,22711.704374003,60.47100032446906,195.19399938872084,96.09600238036364,6.276997737586498,0.7610033208038658,358.7990031519439,1,1
1899,sign,22711.728016719,22.23499905085191,81.4320010249503,46.08300150721334,2.983997546834871,0.37000063457526267,153.10399976442568,1,1
1900,sign,22711.753286015,14.889003068674356,54.87899761646986,29.844999517081305,2.078002580674365,0.19999788491986692,101.89100066781975,1,1
1901,sign,22711.778780798,24.466000468237326,96.47499973652884,57.238001318182796,3.62699938705191,0.4040011845063418,182.21000209450722,1,1
1902,sign,22711.80480836,39.78399763582274,168.72000196599402,93.41099939774722,5.994999810354784,0.6930022209417075,308.60300103086047,1,1
1903,sign,22711.831495472,31.3279997499194,123.79100007819943,65.15600034617819,4.361998435342684,0.4339999577496201,225.07099856738932,1,1
1904,sign,22711.857078693,18.892002117354423,66.27199763897806,33.79299960215576,1.9620019884314388,0.2310007403139025,121.15000208723359,1,1
1905,sign,22711.88048661,17.286001821048558,67.53799971193075,36.962999729439616,2.3849970602896065,0.23800021153874695,124.40999853424728,1,1
1906,sign,22711.908612617,38.56900002574548,153.53699927800335,90.51600136444904,5.69300027564168,0.7029993867035955,289.01800033054315,1,1
1907,sign,22711.936122807,38.85799742420204,156.23800209141336,91.27399971475825,6.094000127632171,0.5369984137360007,293.0009977717418,1,1
1908,sign,22711.964726616,38.22100188699551,152.4500003142748,105.9869973687455,6.221001967787743,0.6980008038226515,303.5770023416262,1,1
1909,sign,22711.989881883,12.2519995784387,52.47999797575176,27.56200046860613,1.7980019038077444,0.20700099412351847,94.29900092072785,1,1
1910,sign,22712.015457489,14.205001207301393,57.0699994568713,33.87999822734855,2.140001015504822,0.2720007614698261,107.5670006684959,1,1
1911,sign,22712.043837019,64.48299973271787,246.45300072734244,99.63200136553496,6.074998964322731,0.7509988790843636,417.39399966900237,1,1
1912,sign,22712.070958054,58.68700100108981,177.9060003173072,94.38399865757674,7.876002200646326,0.7969974831212312,339.6499996597413,1,1
1913,sign,22712.097172464,42.046998714795336,160.00300092855468,92.54399992641993,8.048999006859958,0.9010000212583691,303.5439985978883,1,1
1914,sign,22712.121898234,21.93999898736365,105.17500049900264,56.716002291068435,3.5179982660338283,0.42900137486867607,187.77800141833723,1,1
1915,sign,22712.146888673,12.729000445688143,49.85000123269856,28.264999855309725,1.7780002963263541,0.21599771571345627,92.83799954573624,1,1
1916,sign,22712.173532006,38.01300044870004,152.34400052577257,93.77599781146273,6.669000867987052,0.6730006134603173,291.4750002673827,1,1
1917,sign,22712.198933623,37.50299947569147,177.41500050760806,90.2700012375135,5.966998287476599,0.7550006557721645,311.9100001640618,1,1
1918,sign,22712.227195602,39.69699901062995,157.35899796709418,92.03600347973406,5.992998922010884,0.7109993021003902,295.7959986815695,1,1
1919,sign,22712.251504776,39.13299951818772,153.7670032121241,91.54599683824927,5.885001883143559,0.6759983079973608,291.006999759702,1,1
1920,sign,22712.275596988,12.09499896503985,47.03800004790537,31.315998057834804,2.468001184752211,0.2749984560068697,93.1919967115391,1,1
1921,sign,22712.302756251,45.53400140139274,169.37299733399414,111.91800149390474,6.182999641168863,0.7449998520314693,333.75299972249195,1,1
1922,sign,22712.330727056,39.11399835487828,155.65200010314584,108.98200343945064,6.908998329890892,0.724001438356936,311.3810016657226,1,1
1923,sign,22712.357196804,38.605998270213604,181.42599947168492,94.51000005356036,6.055000994820148,0.8130009518936276,321.40999974217266,1,1
1924,sign,22712.383395899,38.455000321846455,156.0119999339804,91.21900075115263,5.670997779816389,0.6250011210795492,291.98199990787543,1,1
1925,sign,22712.408697808,18.397997337160632,53.086001571500674,31.7960002576001,1.9049984985031188,0.3179993655066937,105.50299703027122,1,1
1926,sign,22712.434547951,24.229997507063672,96.93900210550055,56.87700104317628,3.8059988582972437,0.41399835026822984,182.26599786430597,1,1
1927,sign,22712.463218474,68.51199941593222,234.13500093738548,112.59899838478304,6.386002496583387,0.795997038949281,422.4279982736334,1,1
1928,sign,22712.486705567,42.14399814372882,153.5560004413128,80.05500058061443,5.472000339068472,0.5709989636670798,281.7979984683916,1,1
1929,sign,22712.512483585,29.6949983749073,121.2170027429238,70.66199759719893,4.560002707876265,0.5179972504265606,226.65199867333286,1,1
1930,sign,22712.541850197,11.520998668856919,46.58100078813732,27.623998903436586,1.6849990061018616,0.20500010577961802,87.6159974723123,1,1
1931,sign,22712.571140262,41.039998905034736,153.88000247185118,71.97800005087629,4.903999069938436,0.5330002750270069,272.33500077272765,1,1
1932,sign,22712.607677663,39.33500192943029,159.62999896146357,93.24699931312352,6.223999662324786,0.643001840217039,299.0790017065592,1,1
1933,sign,22712.637333803,43.91800030134618,249.6029992471449,117.6430014311336,7.0210007834248245,1.4879988157190382,419.67300057876855,1,1
1934,sign,22712.664391214,15.45100167277269,59.9369996052701,32.12999945390038,2.2849999368190765,0.6869995559100062,110.49000022467226,1,1
1935,sign,22712.696539667,17.037000361597165,64.57200288423337,37.69399700104259,2.458000381011516,0.2710003172978759,122.03200094518252,1,1
1936,sign,22712.724225666,32.054002076620236,113.39899720042013,64.94500121334568,4.009001713711768,0.4929970600642264,214.89999926416203,1,1
1937,sign,22712.74996993,57.19000182580203,157.58999870740809,91.66300151264295,5.351997970137745,0.7119997462723404,312.50699976226315,1,1
1938,sign,22712.773699521,27.797999791800976,111.94900071131997,63.92800059984438,4.055000317748636,0.46399873099289834,208.19400015170686,1,1
1939,sign,22712.799121176,12.678996426984668,50.41100303060375,28.873997507616878,1.9030012481380254,0.20899824448861182,94.07599645783193,1,1
1940,sign,22712.826195286,26.992998755304143,104.79000047780573,60.36400009179488,4.121000529266894,0.4350004019215703,196.70300025609322,1,1
1941,sign,22712.852428727,37.62399865081534,145.97400149796158,84.2099980218336,5.440000677481294,0.6519985618069768,273.8999974098988,1,1
1942,sign,22712.876850356,37.56400110432878,175.1019990479108,94.15900058229454,5.827001587022096,0.7419985195156187,313.39400084107183,1,1
1943,sign,22712.906222344,56.4479996683076,207.54999786731787,99.33800174621865,6.432997906813398,0.8180031727533787,370.5870003614109,1,1
1944,sign,22712.931474728,12.503998732427135,50.500999350333586,28.84700006688945,1.75300010596402,0.21199957700446248,93.81699783261865,1,1
1945,sign,22712.957118914,17.59999940986745,84.01000013691373,39.039998227963224,2.4090004444587976,0.3040004230570048,143.3629986422602,1,1
1946,sign,22712.980664364,81.638998381095,229.8319996043574,130.93600136926398,7.15100031811744,1.2609998520929366,450.81899952492677,1,1
1947,sign,22713.006750468,91.36600056081079,374.9549978238065,226.64100106339902,9.544000931782648,1.0639996617101133,703.570000041509,1,1
1948,sign,22713.029859429,117.65499948523939,357.68399902735837,215.59800006798469,12.915003026137128,1.2709970178548247,705.1229986245744,1,1
1949,sign,22713.054010245,63.640000007580966,118.33299868158065,36.67600321932696,3.2059979275800288,0.3249988367315382,222.17999867280014,1,1
1950,sign,22713.077719515,56.18700015475042,146.1649990233127,41.93700078758411,2.950000634882599,0.4360008460935205,247.67500144662336,1,1
1951,sign,22713.105133336,123.97200043778867,347.5719968264457,165.78500071773306,9.995001164497808,1.0740004654508084,648.397999611916,1,1
1952,sign,22713.129527866,119.66899910476059,345.72300137369893,199.92899979115464,10.79600042430684,1.372998667648062,677.4899993615691,1,1
1953,sign,22713.156871448,100.51499702967703,336.1810013302602,169.55799947027117,9.643001249060035,1.2790005712304264,617.1759996504989,1,1
1954,sign,22713.180945903,110.36399882868864,314.6390008623712,171.31400090875104,8.546998287783936,1.353000698145479,606.2169995857403,1,1
1955,sign,22713.205331182,87.21600170247257,237.25400023977272,69.7089999448508,4.703000740846619,0.8259994501713663,399.7080020781141,1,1
1956,sign,22713.229738336,18.858001567423344,114.0790009230841,33.624997740844265,2.1600026229862124,0.22099993657320738,168.94300279091112,1,1
1957,sign,22713.256342471,118.55200136778876,329.7990006103646,144.93799972115085,9.19800004339777,1.1119991540908813,603.5990008967929,1,1
1958,sign,22713.281150252,74.56599996658042,249.30200015660375,104.22999912407249,6.8449990067165345,1.1849988368339837,436.1279970908072,1,1
1959,sign,22713.31177748,39.910999475978315,157.22299940534867,111.64199895574711,6.0349993873387575,0.8580027497373521,315.6689999741502,1,1
1960,sign,22713.338836694,13.144999684300274,51.5629981236998,31.595998734701425,2.0180013962090015,0.21400046534836292,98.53599840425886,1,1
1961,sign,22713.368854816,28.27800199156627,110.47500083805062,77.39199645584449,4.41200245404616,0.5269976099953055,221.08399934950285,1,1
1962,sign,22713.400509103,60.41599772288464,233.0290008103475,137.08899859921075,6.28600173513405,0.7259986887220293,437.54599755629897,1,1
1963,sign,22713.431905146,56.88300007022917,231.333000556333,113.17899770801887,5.878002411918715,0.6219997885636985,407.89500053506345,1,1
1964,sign,22713.461473767,26.274999981978908,86.81199687998742,47.115001507336274,2.7429996407590806,0.25700137484818697,163.20199938490987,1,1
1965,sign,22713.487957613,20.10000025620684,85.82399823353626,42.23600262776017,3.305998689029366,0.2989982021972537,151.7649980087299,1,1
1966,sign,22713.513745983,38.3769984182436,155.90499970130622,112.63600026722997,6.911002856213599,0.6139998731669039,314.4430011161603,1,1
1967,sign,22713.539328588,39.699996705166996,159.1930013091769,90.86499994737096,5.876001523574814,0.7029993867035955,296.3369988719933,1,1
1968,sign,22713.563602462,54.31400131783448,177.8799996827729,91.6499993763864,6.300000677583739,0.938998709898442,331.08299976447597,1,1
1969,sign,22713.588921608,19.19599890243262,91.42600174527615,47.466000978602096,2.9660004656761885,0.3659988578874618,161.42000094987452,1,1
1970,sign,22713.613572836,12.762000551447272,48.71800047112629,27.55899913609028,1.8800019461195916,0.21400046534836292,91.1330025701318,1,1
1971,sign,22713.639878939,70.00099867582321,246.9930004735943,120.41300215059891,7.3929986683651805,0.7710004865657538,445.57100045494735,1,1
1972,sign,22713.664945493,37.603000237140805,172.25799820153043,92.14500096277334,6.154998118290678,0.7130001904442906,308.87399771017954,1,1
1973,sign,22713.690364689,40.76700133737177,162.1609990252182,93.09800225310028,5.7299985201098025,0.752999767428264,302.5090009032283,1,1
1974,sign,22713.714634516,28.310998459346592,112.06600174773484,67.95499939471483,4.23800156568177,0.5519978003576398,213.12199896783568,1,1
1975,sign,22713.7384062,12.624001101357862,49.653001042315736,28.60099993995391,1.8589998944662511,0.19599974621087313,92.93300172430463,1,1
1976,sign,22713.764290369,16.42200004425831,65.63400165759958,37.582998629659414,2.4219989427365363,0.261999957729131,122.32299923198298,1,1
1977,sign,22713.791624627,44.95599932852201,164.04100097133778,89.9560000107158,6.0870006564073265,0.72900002123788,305.7690009882208,1,1
1978,sign,22713.816397904,37.19300002558157,150.25399989099242,91.29899990512058,5.936999514233321,0.667001586407423,285.3500009223353,1,1
1979,sign,22713.842956718,39.667000237386674,190.71200222242624,92.38099664798938,6.18300327914767,0.7439994078595191,329.6870017948095,1,1
1980,sign,22713.867923233,38.420999771915376,114.63199916761369,43.15100159146823,3.6489982448983938,0.28400245355442166,200.1370012294501,1,1
1981,sign,22713.890993837,26.31199822644703,62.22600131877698,28.946000384166837,1.877997419796884,0.2180022420361638,119.5799995912239,1,1
1982,sign,22713.91765987,25.91199881862849,107.68900028779171,63.38599996524863,4.221001290716231,0.44999978854320943,201.65800015092827,1,1
1983,sign,22713.942205642,41.51900066062808,156.66499893995933,91.13499982049689,5.740999768022448,0.6689988367725164,295.72899802587926,1,1
1984,sign,22713.967763898,37.63399945455603,152.2310012660455,116.92900079651736,6.185000529512763,0.733998604118824,313.7130006507505,1,1
1985,sign,22713.994206047,20.917999790981412,119.10900138900615,38.746999052818865,2.734002919169143,0.271997123491019,181.7800002754666,1,1
1986,sign,22714.01791491,13.140997907612473,53.49600178305991,40.90500078746118,2.201999450335279,0.23000029614195228,109.97400022461079,1,1
1987,sign,22714.046037324,40.296003135154024,156.05699809384532,91.0339986148756,6.186000973684713,0.6619993655476719,294.23500018310733,1,1
1988,sign,22714.072474912,44.751999666914344,175.35199731355533,92.93800030718558,6.262001988943666,0.652999005978927,319.95699828257784,1,1
1989,sign,22714.099738159,39.55099964514375,158.73400116106495,106.30900214891881,5.846999556524679,0.5900001269765198,311.0310026386287,1,1
1990,sign,22714.126425035,12.741002137772739,49.5389977004379,29.096001526340842,1.8259997887071222,0.20099832909181714,93.40299948235042,1,1
1991,sign,22714.153778177,20.844003302045166,85.72599836043082,57.302000641357154,3.586999810067937,0.3069981175940484,167.76600023149513,1,1
1992,sign,22714.179891114,42.60700006852858,183.87599993729964,94.83200119575486,6.24899985268712,0.6419977580662817,328.2059988123365,1,1
1993,sign,22714.206848021,38.016998587409034,176.4070002536755,101.55400013900362,6.245001713978127,0.7620001269970089,322.9850008210633,1,1
1994,sign,22714.23045054,40.56800025864504,156.29100016667508,89.4920012797229,6.0540005506481975,0.6459995347540826,293.0510017904453,1,1
1995,sign,22714.255674006,22.836000425741076,89.17900049709715,51.110000640619546,3.416000254219398,0.43199906940571964,166.9730008870829,1,1
1996,sign,22714.282711908,21.52700108126737,83.35199891007505,49.61200102115981,3.0609990062657744,0.3169989213347435,157.86899894010276,1,1
1997,sign,22714.30891711,40.240000089397654,176.6440000210423,91.32700142799877,5.965997843304649,0.6490008672699332,314.8260002490133,1,1
1998,sign,22714.334594516,38.0080018658191,152.3849969089497,90.45200204127468,5.980000423733145,0.7019989425316453,287.52700018230826,1,1
1999,sign,22714.359463634,37.79899998335168,171.35100279119797,91.1169991013594,5.658999725710601,0.6869995559100062,306.61300115752965,1,1
2000,sign,22714.385474827,23.976001102710143,96.75500041339546,57.40000051446259,3.6179990274831653,0.4440007614903152,182.19300181954168,1,1
2001,sign,22714.409029202,14.397999620996416,54.49599848361686,29.03600034187548,1.9610015442594886,0.2489978214725852,100.13999781222083,1,1
2002,sign,22714.435718916,33.46000085002743,114.33599865995347,65.21999966935255,4.0619997889734805,0.5270012479741126,217.60500021628104,1,1
2003,sign,22714.462250898,39.880000258563086,155.2700014144648,89.46799789555371,5.9490012063179165,0.7130001904442906,291.2800009653438,1,1
2004,sign,22714.488404421,65.18699956359342,204.58099970710464,468.5519998020027,10.89999932446517,1.2080017768312246,750.4280001739971,1,1
2005,sign,22714.513861221,44.79500057641417,215.7140006602276,79.91199890966527,4.509001882979646,0.7309972716029733,345.66099930088967,1,1
2006,sign,22714.539878198,111.21799980173819,246.93800150998868,49.26999827148393,5.26200165040791,0.4439971235115081,413.1319983571302,1,1
2007,sign,22714.565274781,13.056996976956725,6.214002496562898,0.7239978003781289,30.008999601705,0.29200236895121634,50.29599924455397,2,1
2008,sign,22714.593441307,62.618000811198726,196.62599879666232,89.85500244307332,8.128998160827905,0.7210001058410853,357.94900031760335,2,1
2009,sign,22714.619814257,55.256001360248774,173.08099995716475,85.50900020054542,7.116999768186361,0.733998604118824,321.6969998902641,2,1
2010,sign,22714.648307675,25.72199809947051,64.2949999019038,38.800000766059384,2.8190006560180336,0.2489978214725852,131.8849972449243,2,1
2011,sign,22714.674082177,22.290998458629474,53.87400233303197,28.033999114995822,2.4479995772708207,0.21500090952031314,106.8620003934484,2,1
2012,sign,22714.702155172,195.64200192689896,260.0519983388949,179.86700186156668,10.884999937843531,1.1359989002812654,647.5820009654853,2,1
2013,sign,22714.732381378,99.51700121746399,247.72500182734802,157.68099910928868,9.839997801464051,1.0750009096227586,515.8380008651875,2,1
2014,sign,22714.766561973,61.50899935164489,197.19400006579235,96.19300180929713,8.13999940874055,0.8460010576527566,363.8820016931277,2,1
2015,sign,22714.791873997,50.03199839848094,156.76700058975257,62.662998971063644,3.725999704329297,0.27400164981372654,273.4619993134402,2,1
2016,sign,22714.821707448,45.33399987849407,113.56599861755967,51.61800072528422,4.822999471798539,0.39199949242174625,215.73299818555824,2,1
2017,sign,22714.849295566,57.56699829362333,153.29000234487467,89.35599907999858,7.221999112516642,0.6610025593545288,308.09600139036775,2,1
2018,sign,22714.877649503,58.696001360658556,155.01199959544465,89.42500062403269,7.348000508500263,0.6809968908783048,311.16199897951446,2,1
2019,sign,22714.905115587,443.88699825503863,278.2830015348736,132.44100045994855,8.974999218480662,0.938998709898442,864.5249981782399,2,1
2020,sign,22714.930117084,32.171999919228256,53.24199810274877,26.047000574180856,2.083001163555309,0.1900007191579789,113.73400047887117,2,1
2021,sign,22714.959218235,59.45100201643072,129.7329981753137,57.36900129704736,4.7959983930923045,0.4310022632125765,251.78000214509666,2,1
2022,sign,22714.990582348,86.6980008140672,173.4750003379304,92.13999874191359,7.908998668426648,0.7550006557721645,360.97699921811,2,1
2023,sign,22715.020978225,113.05900261504576,216.59399862983264,96.45400132285431,7.598999218316749,0.6890004442539066,434.39500223030336,2,1
2024,sign,22715.046035512,44.702999730361626,106.04300041450188,61.67099854792468,5.148998752702028,0.3410023055039346,217.90699975099415,2,1
2025,sign,22715.073884689,22.224998247111216,55.42399958358146,30.623999919043854,2.495999069651589,0.22099993657320738,110.98999675596133,2,1
2026,sign,22715.102111587,60.98499943618663,161.41000014613383,91.71800047624856,7.841001206543297,0.7179987733252347,322.67200003843755,2,1
2027,sign,22715.130982678,116.33899703156203,233.29300165642053,111.78700151504017,7.97999746282585,0.7100024959072471,470.10900016175583,2,1
2028,sign,22715.158864497,100.52600191556849,248.4500000718981,98.45099702943116,8.127000910462812,0.7509988790843636,456.3049988064449,2,1
2029,sign,22715.185438055,39.010999898891896,96.66999903856777,45.178003347245976,3.5369994293432683,0.27900023269467056,184.67500194674358,2,1
2030,sign,22715.215738413,35.90199776226655,74.27400123560801,35.09499947540462,2.905999281210825,0.24800101527944207,148.42499876976945,2,1
2031,sign,22715.243068464,63.57700112857856,148.9890019001905,94.41399743082002,7.563001418020576,0.6640002538915724,315.2070021315012,2,1
2032,sign,22715.272135375,123.89200128382072,309.0880018135067,189.63599723065272,12.784999853465706,1.1140000424347818,636.5150002238806,2,1
2033,sign,22715.298324721,100.21599882747978,237.70700136083178,135.20400170818903,8.13799852039665,0.7870003173593432,482.0520007342566,2,1
2034,sign,22715.325294496,32.760999602032825,78.99599950178526,52.45400097919628,3.098000888712704,0.28199792723171413,167.5909988989588,2,1
2035,sign,22715.352483834,41.71899854554795,77.29500066488981,41.39899829169735,3.4990007407031953,0.362000719178468,164.27399896201678,2,1
2036,sign,22715.379780653,92.16800026479177,235.13900305260904,105.38799688220024,7.247002940857783,0.7109993021003902,440.6530024425592,2,1
2037,sign,22715.406641128,61.48100146674551,160.43399955378845,92.17600018018857,7.137998181860894,0.6740010576322675,321.9030004402157,2,1
2038,sign,22715.433094215,66.3639984850306,175.1019990479108,95.34100172459148,7.906000973889604,0.8419992809649557,345.55499951238744,2,1
2039,sign,22715.45863252,20.88100154651329,53.64399839891121,30.649000109406188,2.4430009943898767,0.23299799067899585,107.84999903989956,2,1
2040,sign,22715.48499305,27.469999622553587,56.15700138150714,32.046998967416584,2.6750021788757294,0.2659980964381248,118.61500024679117,2,1
2041,sign,22715.512321993,57.12400161428377,155.40099775535055,83.20600318256766,6.969999958528206,0.57199940783903,303.2730019185692,2,1
2042,sign,22715.541844989,64.74600013461895,193.46200133441016,94.08400001120754,7.946000550873578,0.809999619377777,361.048001650488,2,1
2043,sign,22715.565697989,59.71899736323394,157.95800209161825,108.28999802470207,10.203002602793276,0.7439994078595191,336.91399949020706,2,1
2044,sign,22715.591910838,56.79400055669248,132.8899998043198,60.892998590134084,5.155001417733729,0.447998900199309,256.1799992690794,2,1
2045,sign,22715.618448794,18.409999029245228,49.28999987896532,27.169000532012433,2.1310006559360772,0.19399885786697268,97.19399895402603,2,1
2046,sign,22715.6454049,49.514001148054376,129.92600022698753,77.22499867668375,6.084002961870283,0.5570000212173909,263.30600303481333,2,1
2047,sign,22715.671415109,59.70400161459111,172.86599904764444,94.12900180905126,7.896000170148909,0.7540002116002142,335.3490028530359,2,1
2048,sign,22715.700070191,102.70499842590652,240.8740001555998,155.42900291620754,10.877000022446737,1.0209987522102892,510.9060002723709,2,1
2049,sign,22715.72763435,32.55499905208126,79.50299914227799,51.65699985809624,3.736000508069992,0.3179993655066937,167.76899792603217,2,1
2050,sign,22715.754540951,35.65200313460082,74.06899749184959,35.296001442475244,2.8559989004861563,0.2710003172978759,148.14400128670968,2,1
2051,sign,22715.780172336,27.050002245232463,70.40899799903855,59.699999837903306,3.321001713629812,0.2999986463692039,160.78000044217333,2,1
2052,sign,22715.807340955,61.81999924592674,167.62700033723377,91.79599874187261,7.450998964486644,0.6250011210795492,329.3189984105993,2,1
2053,sign,22715.835392694,60.185000620549545,162.3149983061012,93.20300159743056,7.562997780041769,0.6400005077011883,323.90599881182425,2,1
2054,sign,22715.86081654,23.246000637300313,67.43999983882532,39.50300015276298,3.026998456334695,0.2439992385916412,133.45999832381494,2,1
2055,sign,22715.889121088,31.12100239377469,103.56499842600897,45.72000034386292,3.2719981390982866,0.2720007614698261,183.9500000642147,2,1
2056,sign,22715.915237684,19.797000277321786,56.27300197375007,30.277999030658975,2.4270011635962874,0.21799860405735672,108.99300104938447,2,1
2057,sign,22715.942161977,61.801001720596105,171.3479978207033,95.52900155540556,8.181999874068424,0.7319977157749236,337.5919986865483,2,1
2058,sign,22715.969746256,41.767998482100666,91.2080031412188,41.32199683226645,3.282002580817789,0.2989982021972537,177.87899923860095,2,1
2059,sign,22715.995752391,38.77099879900925,85.86499825469218,43.733001803047955,3.696997737279162,0.26500129024498165,172.33099788427353,2,1
2060,sign,22716.021361283,46.14999852492474,103.7459987855982,46.89900015364401,3.711000317707658,0.3220011421944946,200.8279989240691,2,1
2061,sign,22716.049578017,81.01999992504716,196.1170019058045,91.59700130112469,6.83699909131974,0.5980000423733145,376.1690022656694,1,1
2062,sign,22716.079337071,37.752997741336,154.43300071638077,90.35000039148144,5.994999810354784,0.6549998943228275,289.18599855387583,1,1
2063,sign,22716.108475058,12.521999451564625,49.368998588761315,28.57300205505453,1.8699975044000894,0.19200160750187933,92.52599920728244,1,1
2064,sign,22716.136537722,17.533999198349193,81.32100265356712,40.84700049133971,2.60199885815382,0.3749992174562067,142.67900041886605,1,1
2065,sign,22716.166395989,40.09600161225535,158.98799756541848,88.97800216800533,5.702000635210425,0.676998752169311,294.4410007330589,1,1
2066,sign,22716.19329969,38.53599991998635,151.71199993346818,91.60600166069344,5.923000571783632,0.6489972292911261,288.4259993152227,1,1
2067,sign,22716.221500058,37.92200004681945,149.62199929868802,84.94400026393123,5.6630015023984015,0.5359979695640504,278.68699908140115,1,1
2068,sign,22716.248707659,16.662997950334102,68.11300045228563,40.45400055474602,2.582000888651237,0.3029999788850546,128.11499982490204,1,1
2069,sign,22716.276142015,12.076001439709216,52.358001994434744,24.932996893767267,1.6110025171656162,0.17799902707338333,91.15600187215023,1,1
2070,sign,22716.303929552,37.78600148507394,17.592999938642606,1.87299883691594,135.60500156017952,0.7479975465685129,193.60499936738051,2,1
2071,sign,22716.331109445,64.32900045183487,167.08999828551896,94.7580010688398,7.980001100804657,0.676998752169311,334.8339996591676,2,1
2072,sign,22716.35740708,58.56700227013789,155.2600006107241,89.29199975682423,7.181999535532668,0.6169975677039474,310.9179997409228,2,1
2073,sign,22716.383062681,26.879999495577067,71.43699986045249,40.765000449027866,3.387998731341213,0.28399881557561457,142.75399735197425,2,1
2074,sign,22716.410293734,23.13799996045418,52.78200114844367,29.953000193927437,2.510998456273228,0.200001522898674,108.58400128199719,2,1
2075,sign,22716.439416006,63.668998336652294,167.61100050644018,94.6180007304065,7.7170006989035755,0.6759983079973608,334.2909985803999,2,1
2076,sign,22716.468430273,58.28400026075542,157.91500118211843,90.58599971467629,7.4359995778650045,0.6890004442539066,314.91000117966905,2,1
2077,sign,22716.496123636,63.19100066320971,160.7650010555517,93.72699787491001,8.096001693047583,0.690997694619,326.469998981338,2,1
2078,sign,22716.524453872,19.676001102197915,51.96799975237809,29.97399860760197,2.554999809945002,0.2180022420361638,104.39100151415914,2,1
2079,sign,22716.553878374,60.03799717291258,140.01800082041882,58.106001233682036,5.091998900752515,0.44199987314641476,263.69599800091237,2,1
2080,sign,22716.579359745,83.30600030603819,225.48899869434536,123.24199997237884,9.407001925865188,0.7130001904442906,442.15700108907185,2,1
2081,sign,22716.607387582,39.947000914253294,120.41999798384495,47.02200021711178,3.6890014598611742,0.3259992809034884,211.4039998559747,2,1
2082,sign,22716.633312241,64.62999954237603,153.9250006317161,59.92699880152941,5.203000910114497,0.4800021997652948,284.1650020855013,2,1
2083,sign,22716.65884002,57.839999499265105,113.26299863867462,34.046999644488096,3.2560019462835044,0.31099989428184927,208.71699962299317,2,1
2084,sign,22716.68896002,127.30099842883646,223.90500089386478,89.1739982762374,7.921000360511243,0.74800118454732,449.0489991439972,2,1
2085,sign,22716.71840779,100.75000318465754,220.3839976573363,87.09000030648895,7.523001841036603,0.7269991328939795,416.47400212241337,2,1
2086,sign,22716.747468067,113.64900274202228,248.75899907783605,102.55500092171133,8.584000170230865,0.862997694639489,474.41000060644,2,1
2087,sign,22716.775701659,24.741999368416145,114.50600140960887,47.23999882116914,3.1890012905932963,0.2899978426285088,189.96699873241596,2,1
2088,sign,22716.802465489,24.19900192762725,67.86999801988713,44.889999117003754,3.206001565558836,0.266998540610075,140.43199917068705,2,1
2089,sign,22716.830540941,96.53000233811326,25.656998332124203,2.855002094293013,76.56500019947998,1.1089978215750307,202.7160007855855,3,1
2090,sign,22716.856535901,147.06600268254988,259.09399846568704,123.37600128375925,10.575997293926775,0.9840005077421665,541.0960002336651,3,1
2091,sign,22716.884640967,129.5609981752932,282.4140028678812,105.75099804555066,10.292998922523111,0.8550014172215015,528.8739994284697,3,1
2092,sign,22716.912379523,59.74200030323118,118.92299880855717,37.326000892790034,4.249999619787559,0.3589993866626173,220.59999901102856,3,1
2093,sign,22716.939178384,74.82200089725666,128.75799802714027,39.53900159103796,4.364999767858535,0.42900137486867607,247.9130016581621,3,1
2094,sign,22716.967162194,128.28100079786964,252.9259982111398,103.83799963165075,10.307001502951607,1.2089985830243677,496.56099872663617,3,1
2095,sign,22716.995414641,84.90900290780701,169.17899847612716,67.4639995850157,6.895999831613153,0.5780020728707314,329.02600287343375,3,1
2096,sign,22717.023021262,168.5979987087194,246.97399931028485,97.01800081529655,9.741001122165471,0.8789975254330784,523.2099974818993,3,1
2097,sign,22717.05007187,60.61400199541822,139.0350007568486,33.75599771970883,3.2800016924738884,1.0759977158159018,237.76099988026544,3,1
2098,sign,22717.077210507,50.30600004829466,118.8890018966049,34.2659986927174,3.255001502111554,0.34099866752512753,207.05700080725364,3,1
2099,sign,22717.104813481,113.54199887136929,242.63399973278865,83.5940008983016,9.400999260833487,0.6779991963412613,449.8489979596343,2,1
2100,sign,22717.133051751,103.73199984314851,25.921999622369185,2.7040005079470575,79.83600153238513,1.0599978850223124,213.2539993908722,2,1
2101,sign,22717.162795744,99.1830020211637,26.22499960125424,2.8529975679703057,112.86399967502803,1.3190001482143998,242.44399901363067,2,1
2102,sign,22717.189707324,38.333000702550635,10.061998182209209,1.7599995771888644,33.67800309206359,0.6039990694262087,84.43700062343851,2,1
2103,sign,22717.218192425,78.62699931138195,17.03100133454427,2.086999302264303,54.9789983779192,0.7550006557721645,153.4789989818819,2,1
2104,sign,22717.245494393,118.50900045828894,252.65700242016464,102.52799984300509,8.785998943494633,0.8179995347745717,483.2980011997279,2,1
2105,sign,22717.272045336,112.78300007688813,247.52899844315834,101.40900121768937,8.408998837694526,0.7939997885841876,470.92399836401455,2,1
2106,sign,22717.299045896,96.76899935584515,245.6500005791895,103.88100054115057,8.428000001003966,0.8520000847056508,455.58000056189485,2,1
2107,sign,22717.324844003,43.990999984089285,104.30600013933145,48.121000872924924,3.302000550320372,0.2540000423323363,199.97400158899836,2,1
2108,sign,22717.350330033,50.130998715758324,138.98600082029589,65.97399988095276,4.454999725567177,0.45100023271515965,259.9969993752893,2,1
2109,sign,22717.378038975,111.00499978056177,250.53600256796926,103.32599777029827,8.62900196807459,0.8610004442743957,474.3570025311783,2,1
2110,sign,22717.405459432,108.76599844777957,248.44500148901716,103.50600132369436,8.374998287763447,0.9520008461549878,470.0440003944095,2,1
2111,sign,22717.433489063,128.04599828086793,281.70999939902686,130.7580023421906,9.379997209180146,0.9270006557926536,550.8209978870582,2,1
2112,sign,22717.460758278,93.15299757872708,244.54500089632347,132.9000006080605,7.473001460311934,0.5379988579079509,478.60899940133095,2,1
2113,sign,22717.487961216,117.14699940057471,174.06999904778786,73.89100210275501,5.662997864419594,0.5160000000614673,371.28699841559865,2,1
2114,sign,22717.515822125,162.02600090764463,372.26399945211597,166.29500169074163,13.173001207178459,1.1659976735245436,714.9240009312052,2,1
2115,sign,22717.543071902,159.33100075926632,347.58299807435833,167.75400217738934,12.780998076777905,1.1470001481939107,688.5959992359858,2,1
2116,sign,22717.56986901,151.2279995949939,330.95899925683625,143.22599963634275,11.54200072051026,0.9770010365173221,637.9320002452005,2,1
2117,sign,22717.596174848,70.66100079100579,147.67399989068508,52.908999350620434,4.418998287292197,0.386000465368852,276.04899878497235,2,1
2118,sign,22717.624100653,122.2870014316868,289.44999939994887,135.4099986201618,10.062001820188016,1.062999217538163,558.2720004895236,2,1
2119,sign,22717.651718336,119.05499923159368,289.2009979404975,121.44700303906575,9.016999683808535,1.076998159987852,539.7969980549533,2,1
2120,sign,22717.677682606,158.97499906714074,363.2179978012573,169.1270008450374,13.239001418696716,1.1310003174003214,705.6899994495325,2,1
2121,sign,22717.70269487,106.11299876472913,322.081999911461,133.0600025539752,9.778999810805544,0.9239993232768029,571.9580003642477,2,1
2122,sign,22717.727927761,72.0390016795136,171.88499987241812,32.181000278797,3.1379968277178705,0.2680026227608323,279.5110012812074,2,1
2123,sign,22717.753929557,132.2330026596319,268.5569997993298,113.25999730615877,8.951003110269085,0.7879971235524863,523.788999998942,2,1
2124,sign,22717.783379236,116.71800166368484,258.78999804263003,101.55700147151947,8.778999472269788,0.8759998308960348,486.72000048100017,2,1
2125,sign,22717.8112715,93.7469994823914,199.2920006159693,85.42000068700872,6.884998583700508,0.619002094026655,385.9630014630966,2,1
2126,sign,22717.836902117,125.22500037448481,261.2979988043662,122.1269994857721,9.276001947000623,0.8440001693088561,518.7700007809326,2,1
2127,sign,22717.863293967,82.0560017018579,166.0739981161896,63.346000388264656,4.842000635107979,0.462001480627805,316.78000232204795,2,1
2128,sign,22717.889656866,141.5430015185848,304.75899984594434,136.58099851454608,10.995001503033563,0.9620016498956829,594.8400030320045,2,1
2129,sign,22717.920958235,173.04199718637392,356.73500315169804,173.17199672106653,12.17000317410566,1.2409982446115464,716.3599984778557,2,1
2130,sign,22717.951916756,137.81199959339574,241.4170012343675,101.45399937755428,8.210001396946609,0.8499991963617504,489.74300079862587,2,1
2131,sign,22717.980976761,50.22100231144577,10.444000508869067,1.0549993021413684,31.892999686533585,0.34700133255682886,93.96000314154662,2,1
2132,sign,22718.008184514,61.624999943887815,10.659998224582523,1.6090016288217157,33.69499972905032,0.447998900199309,108.03699842654169,2,1
2133,sign,22718.03566564,109.92299939971417,25.32500002416782,3.2339994504582137,81.17400284390897,1.1979973351117224,220.8539990533609,2,1
2134,sign,22718.063483019,86.96700024302118,23.78000135649927,2.459000825183466,74.10699981846847,0.9059986041393131,188.2190008473117,2,1
2135,sign,22718.090751994,100.71900032926351,26.15399716887623,2.8750000637955964,81.6650026536081,1.3649987522512674,212.7779989677947,2,1
2136,sign,22718.117165909,52.50400135992095,10.248997568851337,1.3179997040424496,34.36800034251064,0.41400198824703693,98.85300096357241,2,1
2137,sign,22718.143480226,61.58500036690384,12.263997632544488,1.4210017980076373,39.41899922210723,0.6890004442539066,115.3779994638171,2,1
2138,sign,22718.170683339,111.90899749635719,25.76200131443329,2.9910006560385227,83.28699914272875,1.196000084746629,225.14499869430438,2,1
2139,sign,22718.200826532,140.29999874765053,49.45700129610486,3.558998287189752,116.05200052144937,1.2900018191430718,310.6580006715376,2,1
2140,sign,22718.231383707,107.05699969548732,25.405999622307718,3.355002263560891,81.01799903670326,1.076998159987852,217.91299877804704,2,1
2141,sign,22718.255852825,42.57799810147844,10.177001968258992,1.1209995136596262,32.26899934816174,0.362000719178468,86.50699965073727,2,1
2142,sign,22718.283280484,75.89700180687942,161.14099707920104,55.07600144483149,5.226000212132931,0.5270012479741126,297.867001791019,2,1
2143,sign,22718.314399104,119.57799870288,212.30299898888916,79.11500142654404,5.800000508315861,0.5990004865452647,417.3950001131743,2,1
2144,sign,22718.343471822,109.7349995689001,241.0889974271413,119.11500041605905,8.999999408842996,1.0350013326387852,479.9739981535822,2,1
2145,sign,22718.368904458,166.85900118318386,258.8930001365952,104.15699944132939,9.473002137383446,0.8669994713272899,540.2490023698192,2,1
2146,sign,22718.396501232,54.84400026034564,145.80100105376914,48.90699710813351,4.123001417610794,0.37800054997205734,254.05300038983114,2,1
2147,sign,22718.423945859,119.77800022577867,25.25099989725277,2.7610003598965704,76.18600284331478,0.934000127017498,224.9100034532603,2,1
2148,sign,22718.450485642,94.80700100539252,24.19299926259555,2.6029993023257703,76.05800055898726,1.0120020306203514,198.67300215992145,2,1
2149,sign,22718.486694806,158.12600031495094,35.46399966580793,4.154000635026023,126.93999815382995,1.2669988791458309,325.9509976487607,2,1
2150,sign,22718.512822782,39.116002881200984,9.069997759070247,1.529999281046912,31.31500125164166,0.34199911169707775,81.37300028465688,2,1
2151,sign,22718.541908801,74.46000017807819,196.99100084835663,63.694002164993435,5.2819996199104935,1.0000003385357559,341.4270031498745,2,1
2152,sign,22718.569029947,120.7329987664707,229.45599994272925,96.3080019573681,8.1389989645686,1.0320000001229346,455.6679996312596,2,1
2153,sign,22718.60083053,109.59500286844559,278.7359990179539,188.38400137610734,14.687997463624924,1.005002559395507,592.4080032855272,2,1
2154,sign,22718.632520264,132.65799861983396,387.0190012094099,183.42700059292838,10.887000826187432,1.1669981176964939,715.1579993660562,2,1
2155,sign,22718.663020286,35.830998967867345,52.97200186760165,34.08799966564402,2.395998308202252,0.22099993657320738,125.50799874588847,2,1
2156,sign,22718.690313019,30.728999263374135,82.5240022095386,47.6789973617997,3.935001586796716,0.4659996193367988,165.33300004084595,2,1
2157,sign,22718.716045888,112.23500041523948,253.02200083388016,101.05600085807964,9.18200021260418,0.8930001058615744,476.38800242566504,2,1
2158,sign,22718.744760995,96.06200183043256,283.72499946272,119.30400069104508,8.499999239575118,1.0260009730700403,508.6170021968428,2,1
2159,sign,22718.770373981,91.38300083577633,204.8679998551961,77.56600098218769,6.951999239390716,0.6260015652514994,381.39500247780234,2,1
2160,sign,22718.795476612,48.53600330534391,114.74499842734076,36.162000469630584,3.5820012271869928,0.31899980967864394,203.3440032391809,2,1
2161,sign,22718.823531971,132.69999908516183,231.38699907576665,89.11800250643864,7.692000508541241,0.8129973139148206,461.7099984898232,2,1
2162,sign,22718.850961796,137.7890002913773,258.90200049616396,102.2019969241228,8.228002116084099,0.9089999366551638,508.0299997644033,2,1
2163,sign,22718.876624292,104.78100011823699,245.02000087522902,129.14399849250913,8.818002243060619,0.9619980119168758,488.7249997409526,2,1
2164,sign,22718.901936412,101.74799899687059,204.47200222406536,77.51299926894717,6.70000008540228,0.6959999154787511,391.12900049076416,2,1
2165,sign,22718.927357168,48.969999625114724,109.583001176361,32.069001463241875,3.0939991120249033,0.31400122679769993,194.0300026035402,2,1
2166,sign,22718.954223744,113.76000111340545,303.169999824604,104.39499965286814,8.111001079669222,1.0269977792631835,530.46299944981,2,1
2167,sign,22718.980560627,99.99900066759437,236.23500237590633,101.24499749508686,25.803001335589215,0.8739989425521344,464.1560008167289,2,1
2168,sign,22719.00702238,86.13600220996886,233.88099725707434,111.09100159956142,11.937998351641,0.9120012691710144,443.95800068741664,2,1
2169,sign,22719.032657073,117.55300147342496,306.9379999942612,107.84600090119056,8.682996849529445,0.9659997886046767,541.9859990070108,2,1
2170,sign,22719.057605026,57.4549994780682,115.21000124048442,33.29100218252279,3.0719966161996126,0.34600088838487864,209.3740004056599,2,1
2171,sign,22719.08567319,64.11200229194947,134.38799942377955,45.84300040733069,4.21900040237233,0.40499799069948494,248.96700051613152,2,1
2172,sign,22719.115784261,132.61899948702194,277.52399910241365,102.86000178894028,11.937998351641,1.071999577106908,526.0129983071238,2,1
2173,sign,22719.141872545,89.19300307752565,258.47599681583233,96.12400026526302,7.815000572009012,0.809999619377777,452.4180003500078,2,1
2174,sign,22719.169449011,56.51399987982586,146.3190019421745,83.16700041177683,6.794998625991866,0.6640002538915724,293.45900111366063,2,1
2175,sign,22719.198057826,32.218998967437074,107.17699842643924,41.270002839155495,3.3439973776694387,0.2910019247792661,184.3009995354805,2,1
2176,sign,22719.225199457,19.612001779023558,55.633998272242025,28.95500074373558,2.3270004021469504,0.21899904822930694,106.74700024537742,2,1
2177,sign,22719.255109576,51.402999815763906,131.35100016370416,73.81899922620505,6.152000423753634,0.6270020094234496,263.3520016388502,2,1
2178,sign,22719.285685098,58.623001677915454,156.61900033592246,88.84199996828102,7.27299993741326,0.7439994078595191,312.1010013273917,2,1
2179,sign,22719.313551507,41.29300214117393,100.53900041384622,51.2549995619338,4.852998245041817,0.32900061341933906,198.2690009754151,2,1
2180,sign,22719.341845943,34.07600161153823,67.91899795643985,31.616000342182815,2.7030000637751073,0.22500171326100826,136.53900168719701,2,1
2181,sign,22719.373048514,59.889000112889335,154.9459993839264,89.46399975684471,7.753998943371698,0.672000169288367,312.7249983663205,2,1
2182,sign,22719.403592701,58.98000017623417,156.3339974381961,90.77100185095333,7.42900010664016,0.6689988367725164,314.18299840879627,2,1
2183,sign,22719.430430028,62.547002016799524,182.58799900650047,89.8770013009198,7.907998224254698,0.7080016075633466,343.62800215603784,2,1
2184,sign,22719.455332108,22.159001673571765,60.97499863244593,42.9600004281383,2.9000002541579306,0.2550004865042865,129.24900147481821,2,1
2185,sign,22719.482118438,32.33399911550805,82.68500096164644,47.72699685418047,3.8890029827598482,0.36900019040331244,167.00400010449812,2,1
2186,sign,22719.511038394,42.669998947530985,112.2009998653084,63.15000064205378,5.219000740908086,0.5109977792017162,223.75099797500297,2,1
2187,sign,22719.540054904,90.63000106834807,216.77200129488483,114.72400001366623,7.308997737709433,0.6990012479946017,430.13400136260316,2,1
2188,sign,22719.573399523,72.35600060084835,226.75099899061024,97.03799878479913,8.290000550914556,0.7410017133224756,405.17600064049475,2,1
2189,sign,22719.602398707,31.33100108243525,65.77299791388214,30.729999707546085,2.4620021576993167,0.2269989636261016,130.5229998251889,2,1
2190,sign,22719.630841848,39.38100053346716,104.12299889139831,78.58900062274188,5.275000148685649,0.5449983291327953,227.9129985254258,2,1
2191,sign,22719.661326986,59.76000102236867,179.89499974646606,88.95900100469589,7.545000698883086,0.7419985195156187,336.9010009919293,2,1
2192,sign,22719.691491369,95.09599840384908,210.5999992636498,94.52000085730106,7.480000931536779,0.7449998520314693,408.4409993083682,2,1
2193,sign,22719.720079739,49.966001824941486,178.47699928097427,52.14200064074248,3.2899988582357764,0.4389985406305641,284.3139991455246,2,1
2194,sign,22719.746990908,118.14300160040148,167.84599938546307,58.2329994358588,5.739999323850498,0.6209993443917483,350.5829990899656,2,1
2195,sign,22719.778340412,160.34900181693956,348.50500014727004,181.5899995563086,12.011001672362909,1.0419971658848226,703.497000358766,2,1
2196,sign,22719.808427467,148.2820007367991,324.5859988965094,173.9430008456111,12.23399885930121,1.0650001058820635,660.1099994441029,2,1
2197,sign,22719.833630495,58.589001127984375,139.441999635892,50.76399975223467,4.239998816046864,0.41100065573118627,253.44599998788908,2,1
2198,sign,22719.859730819,33.73800063855015,109.83600077452138,44.89799903240055,3.3799988159444183,0.2759989001788199,192.12799816159531,2,1
2199,sign,22719.88738385,74.70099808415398,196.9479999388568,200.82700211787596,9.609000699128956,1.028998667607084,483.1139995076228,2,1
2200,sign,22719.916610185,34.34999962337315,70.25100057944655,36.21400173869915,3.272998583270237,0.24100154405459762,144.3290020688437,2,1
2201,sign,22719.945697238,70.2559991623275,165.8590008446481,98.05599984247237,10.440999176353216,0.5370020517148077,345.149001077516,1,1
2202,sign,22719.971915601,24.75400106050074,129.62400069227442,45.16399712883867,2.4070031940937042,0.23299799067899585,202.18200006638654,1,1
2203,sign,22719.998527278,27.335001504980028,105.7779991242569,51.61199806025252,2.8030008252244443,0.32400203053839505,187.85200154525228,1,1
2204,sign,22720.024421172,83.36200335179456,22.7189993893262,2.6790003175847232,78.90999768278562,1.005002559395507,188.6750033008866,2,1
2205,sign,22720.053117682,124.26499961293302,262.6550012791995,103.26099800295196,8.9250024757348,0.8749993867240846,499.98100075754337,2,1
2206,sign,22720.079230708,188.53700021281838,345.40699925855733,155.4789996589534,11.756001185858622,1.0879994079004973,702.2669997240882,2,1
2207,sign,22720.104738992,112.9180018324405,314.22699976246804,102.14999929303303,7.140999514376745,0.7230009941849858,537.1590013965033,2,1
2208,sign,22720.132161133,55.56200267164968,148.16600014455616,53.32199725671671,3.883000317728147,0.32800016924738884,261.2610005598981,2,1
2209,sign,22720.163417374,51.922001148341224,138.55799988959916,75.71300011477433,7.136000931495801,0.5849979061167687,273.9139999903273,2,1
2210,sign,22720.193811362,59.019999753218144,173.34099902654998,94.5190004131291,8.220999006880447,0.705000275047496,335.8059984748252,2,1
2211,sign,22720.221394243,57.7790015086066,162.87499965983443,109.89599832100794,7.566002750536427,0.70999885792844,338.82600109791383,2,1
2212,sign,22720.246759021,20.53199932561256,58.93699926673435,30.657000024802983,2.6039997464977205,0.20500010577961802,112.93499846942723,2,1
2213,sign,22720.273609324,19.992003217339516,53.135998314246535,29.077000363031402,2.302000211784616,0.20999868866056204,104.71700079506263,2,1
2214,sign,22720.303126414,95.83700011717156,251.68699721689336,158.1780015840195,11.52800177806057,0.9429968486074358,518.1729975447524,2,1
2215,sign,22720.333421969,98.76900003291667,236.01199791301042,118.26600166386925,7.1690010372549295,0.6709997251164168,460.8870003721677,2,1
2216,sign,22720.362238585,59.51200000708923,160.24300202843733,89.93499795906246,7.62200215831399,0.6479967851191759,317.9599989380222,2,1
2217,sign,22720.386772054,19.669998437166214,62.1170001977589,28.337002731859684,2.3840002540964633,0.2349988790228963,112.74300049990416,2,1
2218,sign,22720.41355343,31.92000076523982,95.03899855189957,50.04199920222163,4.4240005081519485,0.3400018613319844,181.76500088884495,2,1
2219,sign,22720.44123396,60.152000514790416,172.7130002109334,122.3660001414828,7.919999916339293,0.672000169288367,363.82300095283426,2,1
2220,sign,22720.467171379,58.517998695606366,160.75899839052,89.29100295063108,7.42699921829626,0.6619993655476719,316.65699862060137,2,1
2221,sign,22720.49283127,54.042000556364655,174.57699868828058,102.9779996315483,8.995000825962052,0.8220013114623725,341.41400101361796,2,1
2222,sign,22720.522310979,22.685002477373928,58.02300074719824,32.2519990731962,2.6579982659313828,0.17800266505219042,115.79600322875194,2,1
2223,sign,22720.553498815,23.235999833559617,61.37400123407133,33.82900104043074,2.911998308263719,0.24100154405459762,121.59200196038,2,1
2224,sign,22720.58688766,91.13900159718469,302.3689969268162,141.47600086289458,11.705000360962003,1.1779993656091392,547.8669991134666,2,1
2225,sign,22720.617694113,45.466000301530585,149.08500088495202,68.67399861221202,5.6729986681602895,0.5900001269765198,269.48799859383143,2,1
2226,sign,22720.649827804,42.218998714815825,148.35199908702634,60.025999118806794,6.551999831572175,0.43200270738452673,257.58099945960566,2,1
2227,sign,22720.680422802,27.253998268861324,73.55100024142303,40.63700180267915,3.410998033359647,0.2529995981603861,145.10599794448353,2,1
2228,sign,22720.710141062,99.15199916576967,233.88900081044994,105.99599772831425,8.013001206563786,0.814998202258721,447.86499711335637,2,1
2229,sign,22720.739490145,56.49800004903227,198.9900010812562,94.51000005356036,7.7219992817845196,0.8600000001024455,358.5800004657358,2,1
2230,sign,22720.764474245,50.464001105865464,118.92999827978201,68.28500045230612,5.607002094620839,0.4899993655271828,243.77600129810162,2,1
2231,sign,22720.790734612,19.552000594558194,54.745996749261394,29.96100010932423,2.505999873392284,0.19300205167382956,106.95799937820993,2,1
2232,sign,22720.818645757,40.480997995473444,109.13200094364583,64.17300028260797,5.009998858440667,0.5030015017837286,219.29899958195165,2,1
2233,sign,22720.847158274,57.183002354577184,173.2889977574814,86.2360029714182,8.081999112619087,0.6150003173388541,325.40500251343474,2,1
2234,sign,22720.874198605,66.11799835809506,169.2709993221797,91.429003077792,7.714999810559675,0.8440001693088561,335.3770007379353,2,1
2235,sign,22720.900448026,18.07000080589205,48.92599827144295,27.43900040513836,2.292999852215871,0.23200118448585272,96.96000051917508,2,1
2236,sign,22720.927322654,22.75600127177313,48.89399860985577,27.725000109057873,2.4180008040275425,0.22400126908905804,102.01700206380337,2,1
2237,sign,22720.954463356,124.7729996975977,281.702999927802,118.81699902005494,9.7760021162685,1.0039984772447497,536.0729992389679,2,1
2238,sign,22720.983065761,119.1769988508895,267.80000189319253,101.7340000544209,16.951998986769468,1.1980009730905294,506.86100075836293,2,1
2239,sign,22721.013827492,316.3510009471793,326.31499925628304,105.90800229692832,9.226998372469097,1.0270014172419906,758.8280022901017,2,1
2240,sign,22721.041929178,52.93199865263887,137.5459978589788,44.09900066093542,3.903001925209537,0.31499803299084306,238.79499713075347,2,1
2241,sign,22721.071890168,84.52999827568419,212.496001040563,75.09399802074768,6.472000677604228,0.74800118454732,379.3399991991464,2,1
2242,sign,22721.101073286,108.75299994950183,254.35699717490934,101.00500003318302,8.408002031501383,0.838997948449105,473.3619971375447,2,1
2243,sign,22721.131690591,109.75600162055343,266.1420003278181,105.89699741103686,8.229002560256049,0.8239985618274659,490.8480004814919,2,1
2244,sign,22721.158950736,140.47199874767102,251.04100132011808,102.08900130237453,8.720999176148325,1.02400008472614,503.3470006310381,2,1
2245,sign,22721.183779327,52.583000069716945,115.8680024673231,36.161000025458634,3.5609991755336523,0.3799978003371507,208.55299953836948,2,1
2246,sign,22721.2099414,72.02800043160096,150.5229993199464,70.49000123515725,4.691999492933974,0.5209985829424113,298.253999062581,2,1
2247,sign,22721.238427711,113.95000183256343,246.61999850650318,101.3590008369647,8.147999324137345,0.8230017556343228,470.900002255803,2,1
2248,sign,22721.26521098,107.96299829962663,238.20700153009966,108.86900054174475,8.809998689685017,0.8620008884463459,464.7109999496024,2,1
2249,sign,22721.293634758,93.27500083600171,229.9090010637883,205.45199731714092,10.968000424327329,1.0780022421386093,540.6820018833969,2,1
2250,sign,22721.323576871,37.118999898666516,78.58599929022603,50.35800131736323,3.678000211948529,0.3579989424906671,170.09899966069497,2,1
2251,sign,22721.355284153,73.21099838009104,180.30800129054114,100.1919990812894,7.782000466249883,0.6920017767697573,362.1850009949412,2,1
2252,sign,22721.386796971,86.96999793755822,261.8569997139275,139.48100240668282,13.291999493958429,1.0510011634323746,502.65100071555935,2,1
2253,sign,22721.41186659,21.121002646395937,57.30199700337835,33.33000131533481,2.724998921621591,0.25100234779529274,114.72900223452598,2,1
2254,sign,22721.43916897,31.99099955963902,98.42500003287569,41.7300034314394,3.5439989005681127,0.29199873097240925,175.98200065549463,2,1
2255,sign,22721.469701811,58.30200097989291,152.16500105452724,87.19199831830338,15.271001757355407,0.5980000423733145,313.52800215245225,2,1
2256,sign,22721.497979427,127.2549998247996,242.28199981735088,101.8110015138518,8.753999281907454,0.8749993867240846,480.9769998246338,2,1
2257,sign,22721.528114401,91.92699872073717,219.89400192978792,93.71299893246032,7.771999662509188,1.1759984772652388,414.48199772275984,2,1
2258,sign,22721.55613165,82.5790011731442,247.0399995218031,104.32099952595308,8.286999218398705,0.7820017344783992,443.0090011737775,2,1
2259,sign,22721.585831106,54.03400064096786,129.4409994443413,34.094999136868864,5.050002073403448,0.5080000846646726,223.12800138024613,2,1
2260,sign,22721.612309967,90.42300007422455,190.81099890172482,64.6740008960478,6.538000889122486,0.6029986252542585,353.0489993863739,2,1
2261,sign,22721.640747069,153.47199951065704,349.25500222016126,147.04599743708968,11.816002370323986,1.076998159987852,662.6659996982198,2,1
2262,sign,22721.66884937,103.24600225430913,284.60699832066894,116.29100117716007,9.176997991744429,0.8630013326182961,514.1840010765009,2,1
2263,sign,22721.693884038,82.81700138468295,241.99600011343136,93.47599916509353,7.810001989128068,0.6999980541877449,426.79900070652366,2,1
2264,sign,22721.719141538,58.62100078957155,122.5809974130243,47.71900057676248,3.025001205969602,0.31099989428184927,232.2569998796098,2,1
2265,sign,22721.746971505,86.21700180810876,139.13899965700693,55.59000055654906,5.144996976014227,0.614003511145711,286.7050025088247,2,1
2266,sign,22721.776438648,111.58000052091666,256.7919982539024,105.73599865892902,8.800001523923129,0.8620008884463459,483.76999984611757,2,1
2267,sign,22721.80345639,118.19599967566319,305.27199851348996,104.40600090078078,8.380000508623198,0.9210016287397593,537.1750012272969,2,1
2268,sign,22721.830201969,39.998998545343056,108.12999971676618,58.60099918209016,5.0390008254908025,0.44699845602735877,212.21599672571756,2,1
2269,sign,22721.856571547,19.516999600455165,52.00200030230917,28.836999263148755,2.3370012058876455,0.2439992385916412,102.93699961039238,2,1
2270,sign,22721.886604858,38.7070031138137,105.44199903961271,59.9470004090108,5.115998646942899,0.4809990059584379,209.69300021533854,2,1
2271,sign,22721.915748195,55.74300303123891,150.40099970065057,112.34999692533165,7.959002687130123,0.7319977157749236,327.1850000601262,2,1
2272,sign,22721.946433574,92.56699922843836,174.37800124753267,114.78599844849668,10.996998753398657,0.9819996193982661,393.70999729726464,2,1
2273,sign,22721.973215413,18.770999304251745,56.63800038746558,28.456001018639654,2.369000867474824,0.20199877326376736,106.43600035109557,2,1
2274,sign,22722.002380991,72.7339975128416,153.9130025776103,54.767999245086685,4.616998921846971,0.49099980969913304,286.5229980670847,2,1
2275,sign,22722.033703635,133.00000136950985,269.05900085694157,104.4509990606457,8.72999953571707,0.8360002539120615,516.0760010767262,2,1
2276,sign,22722.061594154,117.79399937950075,257.684998359764,121.16699872422032,8.853003237163648,0.8649985829833895,506.3639982836321,2,1
2277,sign,22722.089403498,113.361998955952,267.67099916469306,104.85299935680814,9.543000487610698,1.2230011634528637,496.65199912851676,2,1
2278,sign,22722.115778815,58.915997215081006,126.57900151680224,69.56599827390164,4.239002009853721,0.37399877328425646,259.67399778892286,2,1
2279,sign,22722.141878529,77.39599823253229,194.56600057310425,64.35899922507815,6.0540005506481975,0.6789996405132115,343.0539982218761,2,1
2280,sign,22722.169855705,69.99700053711422,205.38600074360147,70.46099926810712,5.825997504871339,0.6490008672699332,352.3189989209641,2,1
2281,sign,22722.1940884,79.41999865579419,147.90400018682703,57.100001868093386,4.984998668078333,0.4840003384742886,289.89299971726723,2,1
2282,sign,22722.221175381,60.66499918233603,132.65400048112497,44.03899947647005,3.859000571537763,0.7999988156370819,242.0169985271059,2,1
2283,sign,22722.246293575,32.361000194214284,95.77299715601839,31.08400051132776,2.529999619582668,0.24300243239849806,161.9909999135416,2,1
2284,sign,22722.272454581,92.25699977832846,205.09599926299416,84.42000034847297,7.026999810477719,0.7800008461344987,389.5800000464078,2,1
2285,sign,22722.298551755,95.5299983615987,247.19700013520196,135.927002702374,11.74699718831107,0.88600063463673,491.2869990221225,2,1
2286,sign,22722.329307001,103.48599971621297,235.53799837827682,93.45400030724704,8.285001968033612,0.8030001481529325,441.5660005179234,2,1
2287,sign,22722.358568317,66.82300227112137,173.3919998514466,91.15200009546243,7.661998097319156,0.7230009941849858,339.75200130953453,2,1
2288,sign,22722.381617116,18.55200025602244,47.9990012536291,27.19899930525571,2.2839994926471263,0.21500090952031314,96.24900121707469,2,1
2289,sign,22722.40896049,38.66599945467897,98.1720004347153,51.4860003022477,4.409001121530309,0.3339991963002831,193.06700050947256,2,1
2290,sign,22722.439271511,61.087001085979864,168.88699974515475,91.09599704970606,8.099003025563434,0.8159986464306712,329.9849995528348,2,1
2291,sign,22722.463912169,56.58399823005311,184.78199854143895,90.1890016393736,8.274000720120966,0.7889975677244365,340.61799669871107,2,1
2292,sign,22722.489174127,59.37500100117177,159.95799913071096,89.12900011637248,8.25899769552052,0.7210001058410853,317.4419980496168,2,1
2293,sign,22722.512400991,18.341001123189926,48.691999836592004,26.317000447306782,2.139000571332872,0.19799699657596648,95.68699897499755,2,1
2294,sign,22722.537890092,44.770000386051834,120.15799802611582,46.85699968831614,6.172002031235024,0.9159994078800082,218.87299953959882,2,1
2295,sign,22722.563632745,51.852999604307115,153.02599786082283,88.97100269678049,7.331997039727867,0.7350026862695813,301.9169998879079,2,1
2296,sign,22722.588362394,65.29700112878345,178.9939997252077,92.2090002859477,7.244001608341932,0.6889968062750995,344.43299955455586,2,1
2297,sign,22722.61410083,71.32600148906931,162.75599773507565,90.13499948196113,7.231999916257337,0.6440022843889892,332.0930009067524,2,1
2298,sign,22722.638971125,20.346000383142382,74.38799730152823,31.154002499533817,2.640997990965843,0.25199915398843586,128.7809973291587,2,1
2299,sign,22722.663287631,44.981999963056296,119.75099914707243,80.78100290731527,8.438997610937804,0.5820002115797251,254.53499983996153,2,1
2300,sign,22722.689118581,72.77800250449218,159.79599993443117,90.12100053951144,7.653998181922361,0.7830021786503494,331.1320033390075,2,1
2301,sign,22722.71598257,72.43100117193535,154.3260004837066,88.1689993548207,7.776998245390132,0.6770023901481181,323.3800016460009,2,1
2302,sign,22722.740803483,162.71999993477948,408.42399903340265,138.16000137012452,9.219998901244253,0.9889990906231105,719.512998330174,2,1
2303,sign,22722.764384385,18.55800292105414,47.825000365264714,26.771998818730935,2.2079984773881733,0.2220003807451576,95.58500096318312,2,1
2304,sign,22722.788055512,22.710999473929405,52.84100188873708,27.49600025708787,2.4430009943898767,0.21399682736955583,105.70499944151379,2,1
2305,sign,22722.813108016,43.579002522164956,114.97499872348271,63.675001001683995,5.571000656345859,0.44599801185540855,228.24600091553293,2,1
2306,sign,22722.838063655,61.12900155130774,170.86899970308878,127.38399891532026,9.135001164395362,0.8460010576527566,369.3630023917649,2,1
2307,sign,22722.863161111,118.91699978150427,239.50399918248877,199.18300313293003,9.610997949494049,0.9479990694671869,568.1629991158843,2,1
2308,sign,22722.888356471,58.91199907637201,155.91700139339082,111.21299758087844,7.849001121940091,0.7880007615312934,334.67899993411265,2,1
2309,sign,22722.91198411,36.02799915825017,70.42799916234799,41.08800203539431,3.406999894650653,0.29299917514435947,151.24399942578748,2,1
2310,sign,22722.935897768,17.564001609571278,47.29200009023771,27.179001335753128,2.2329986677505076,0.21099913283251226,94.47900083614513,2,1
2311,sign,22722.961822729,58.74499765923247,194.5650001289323,113.45800157869235,8.404000254813582,0.6599984772037715,375.83199809887446,2,1
2312,sign,22722.98608154,68.938999902457,164.25099965999834,89.48600225267,8.082999556791037,0.7550006557721645,331.51400202768855,2,1
2313,sign,22723.011292352,60.4070010012947,166.9410012254957,93.18799857283011,7.850998372305185,0.686002749716863,329.0730019216426,2,1
2314,sign,22723.036484017,20.11099786614068,49.59000216331333,27.521000447450206,4.399000317789614,0.1989974407479167,101.81999823544174,1,1
2315,sign,22723.060396943,11.029998859157786,58.88799933018163,27.317000785842538,1.8120008462574333,0.21099913283251226,99.2579989542719,1,1
2316,sign,22723.086597274,53.554998885374516,197.04400256159715,120.26799959130585,7.851998816477135,0.9180002962239087,379.63700015097857,1,1
2317,sign,22723.112446914,39.01799937011674,171.79899805341847,88.06400001049042,5.796002369606867,0.6519985618069768,305.3289983654395,1,1
2318,sign,22723.135064241,41.28699947614223,159.53399997670203,89.31400225264952,5.861998943146318,0.5990004865452647,296.59600113518536,1,1
2319,sign,22723.158833214,21.765998098999262,82.73400089819916,47.326000640168786,3.2319985621143132,0.3540008037816733,155.4119990032632,1,1
2320,sign,22723.182432395,12.452001101337373,48.488000174984336,29.398001061053947,1.8179998733103275,0.19999788491986692,92.35600009560585,1,1
2321,sign,22723.207062963,30.94600106123835,118.82399849127978,65.42700066347606,4.3670006562024355,0.4989997250959277,220.06300059729256,1,1
2322,sign,22723.233665409,58.22900129714981,177.8820005711168,91.53599967248738,6.276997737586498,0.7320013537537307,334.6560006320942,1,1
2323,sign,22723.260104343,61.935999838169664,231.07300148694776,117.48999895644374,8.132999937515706,0.8819988579489291,419.5139990770258,1,1
2324,sign,22723.290375429,66.20500062126666,237.64900106471032,144.9330011382699,8.361999789485708,0.9499999578110874,458.0990025715437,1,1
2325,sign,22723.316449033,26.5220005530864,79.41100193420425,56.695000239415094,3.5049997677560896,0.2989982021972537,166.4320006966591,1,1
2326,sign,22723.343338693,20.938998204655945,68.44599920441397,28.704002033919096,1.8520004232414067,0.20699735614471138,120.14799722237512,1,1
2327,sign,22723.369858783,49.09899871563539,303.80099997273646,95.9190001594834,6.2159997469279915,0.72900002123788,455.7639986160211,1,1
2328,sign,22723.393502178,37.270998291205615,152.17200052575208,93.24599886895157,5.821999366162345,0.7520029612351209,289.26300001330674,1,1
2329,sign,22723.420385215,41.07300264877267,163.59700020984747,90.1869971130509,5.9539997891988605,0.7230009941849858,301.5340007550549,1,1
2330,sign,22723.444930915,11.772997822845355,46.930003009038046,47.57699934998527,1.8649989215191454,0.2490014594513923,108.39400056283921,1,1
2331,sign,22723.471705315,139.3689999531489,251.12799994531088,71.81699766078964,4.785000783158466,0.49599839258007705,467.59499673498794,1,1
2332,sign,22723.498727191,92.88100045523606,300.2939993166365,115.21299893502146,8.169001375790685,0.9430004865862429,517.5000005692709,1,1
2333,sign,22723.526762817,99.24600090016611,232.88099691853859,68.6330022290349,5.133999366080388,0.6609989213757217,406.5549983351957,1,1
2334,sign,22723.55392245,50.67900201538578,139.13699876866303,64.23599916161038,4.466000973479822,0.5440015229396522,259.06200244207866,1,1
2335,sign,22723.577616086,51.59899956197478,130.9079998463858,39.88100070273504,2.525001036701724,0.34299955586902797,225.25600070366636,1,1
2336,sign,22723.60307484,25.130000722128898,103.01799920853227,55.519998568343,3.9340011426247656,0.4709982022177428,188.07299784384668,1,1
2337,sign,22723.632304139,42.01699994155206,160.49500118242577,91.01600153371692,5.825997504871339,0.6740010576322675,300.02800122019835,1,1
2338,sign,22723.661538986,37.91599738178775,155.15999984927475,108.86500240303576,7.380996976280585,0.6549998943228275,309.9769965047017,1,1
2339,sign,22723.689502282,50.156002544099465,180.64799951389432,93.47299783257768,6.097001460148022,0.6209993443917483,330.99500069511123,1,1
2340,sign,22723.713625128,12.563999916892499,48.68299947702326,29.548002203227952,1.796001015463844,0.22499807528220117,92.81600068788975,1,1
2341,sign,22723.737402142,52.758001402253285,152.19499982777052,47.612997150281444,3.0990013328846544,0.41000021155923605,256.07499992474914,1,1
2342,sign,22723.763376583,63.01400208030827,235.62899878015742,105.54899927228689,6.70000008540228,0.8890019671525806,411.78100218530744,1,1
2343,sign,22723.788690024,101.21000013896264,272.46500030742027,105.7699992088601,6.931000825716183,0.7889975677244365,487.16499804868363,1,1
2344,sign,22723.813439911,87.80600182944909,244.68799892929383,103.97000005468726,6.85800114297308,0.8179995347745717,444.1400014911778,1,1
2345,sign,22723.839331615,52.51499896985479,109.51200238196179,33.35599831189029,2.3510001483373344,0.31500167096965015,198.04900148301385,1,1
2346,sign,22723.864829986,46.87800173996948,112.56899961153977,60.15299732098356,2.159002178814262,0.38199868868105114,222.14099953998812,1,1
2347,sign,22723.892277,56.63500269292854,135.18400010070764,37.671998143196106,2.6470006559975445,0.3759996616281569,232.51400125445798,1,1
2348,sign,22723.923291092,95.90899935574271,257.65600003069267,103.78400111221708,7.260998245328665,0.785999873187393,465.3959986171685,1,1
2349,sign,22723.951400518,85.81899965065531,247.94900309643708,102.85199823556468,7.454000297002494,0.8460010576527566,444.9200023373123,1,1
2350,sign,22723.977759382,46.37999882106669,115.3090015577618,34.218999644508585,2.4369983293581754,0.3220011421944946,198.66699949488975,1,1
2351,sign,22724.003420588,55.339998652925715,151.94800289464183,57.48199691879563,4.313002136768773,0.5160000000614673,269.5990006031934,1,1
2352,sign,22724.032163974,66.56900222878903,240.59999850578606,102.6719983201474,6.811002094764262,0.8079987310338765,417.4599998805206,1,1
2353,sign,22724.056151858,91.06699872063473,254.88400206086226,103.89299859525636,6.979000318096951,0.8980023267213255,457.7210020215716,1,1
2354,sign,22724.081242498,83.58000195585191,251.34399766102433,103.42200039303862,7.424001523759216,0.790998456068337,446.5609999897424,1,1
2355,sign,22724.105058065,45.02699812292121,132.1580020885449,43.837000703206286,2.9949987947475165,0.32399839255958796,224.3409981019795,1,1
2356,sign,22724.128300335,47.27000123239122,130.40499834460206,38.13299917965196,2.750002749962732,0.3770001058001071,218.9350016124081,1,1
2357,sign,22724.152834685,67.3870017635636,239.38599770190194,88.59200170263648,6.080001185182482,0.7259986887220293,402.17100104200654,1,1
2358,sign,22724.176252259,89.66500172391534,245.9479983372148,104.32899944134988,7.358001312240958,0.9069990483112633,448.20699986303225,1,1
2359,sign,22724.199458564,84.5240028866101,262.98000011593103,103.33599857403897,6.941998435650021,0.8010028977878392,458.58300291001797,1,1
2360,sign,22724.223849645,60.291000409051776,188.18799799191765,69.96500087552704,4.765999619849026,0.5570000212173909,323.7669989175629,1,1
2361,sign,22724.246599182,45.380002120509744,107.94499758048914,33.07100269012153,2.4369983293581754,0.3220011421944946,189.1550018626731,1,1
2362,sign,22724.270561448,63.08699812507257,206.27900084946305,74.0590003260877,5.310001142788678,0.6019981810823083,349.3369986244943,1,1
2363,sign,22724.295151109,101.2819993775338,256.76000223029405,105.87900032987818,7.591999747091904,0.8019997039809823,472.3150013887789,1,1
2364,sign,22724.318236634,75.16500045312569,233.86699831462465,101.29300062544644,6.564001523656771,0.8409988367930055,417.72999975364655,1,1
2365,sign,22724.342760259,100.6579987006262,287.9169987863861,141.7439998476766,7.9120000009424984,1.0000003385357559,539.2309976741672,1,1
2366,sign,22724.367606283,118.89999950653873,318.75599961495027,101.02200030814856,5.804999091196805,0.8140013960655779,545.2969999169,1,1
2367,sign,22724.3905907,49.79499863111414,207.88999972864985,33.89800258446485,2.434997441014275,0.23000029614195228,294.24799868138507,1,1
2368,sign,22724.414923257,45.69799784803763,126.46500181290321,40.80199869349599,2.8389986255206168,0.3530003596097231,216.15699733956717,1,1
2369,sign,22724.439479403,80.31899778870866,256.6190014476888,105.25000107008964,6.809998012613505,0.9630020940676332,449.9610004131682,1,1
2370,sign,22724.464387225,83.09299664688297,240.96700144582428,100.14900180976838,7.079997885739431,0.9110008249990642,432.1999986132141,1,1
2371,sign,22724.489805475,45.499000407289714,113.01199992885813,32.76499774074182,2.429002051940188,0.2399974619038403,193.9449975907337,1,1
2372,sign,22724.516276836,37.90700066019781,111.76499901921488,35.08500230964273,2.7799978852272034,0.3349996404722333,187.87199951475486,1,1
2373,sign,22724.541256365,77.09800047450699,275.909998890711,112.33100303797983,7.52999767428264,0.9390023478772491,473.8080024253577,1,1
2374,sign,22724.565724495,84.08699795836583,276.31999910227023,105.47300189500675,6.952999683562666,0.8419992809649557,473.6749979201704,1,1
2375,sign,22724.589083468,84.12800161750056,303.8729992113076,106.49199975887313,7.490998541470617,0.867003109306097,502.851002238458,1,1
2376,sign,22724.615198186,54.1240005986765,260.75400091940537,105.79000081634149,7.294998795259744,1.219999830937013,429.1830009606201,1,1
2377,sign,22724.638244007,86.6169975779485,168.11100067570806,40.18500112579204,3.4000004234258085,0.3450004442129284,298.65800024708733,1,1
2378,sign,22724.663225506,30.038001568755135,110.36499927286059,37.431000237120315,2.6089983293786645,0.3450004442129284,180.78799985232763,1,1
2379,sign,22724.688482627,91.36700100498274,254.51300098211505,105.58999929344282,6.999998731771484,0.8690003596711904,459.3390003719833,1,1
2380,sign,22724.712700497,78.92600115155801,285.7690014934633,106.03699774947017,6.575999577762559,1.010001142276451,478.3180011145305,1,1
2381,sign,22724.737998917,136.82899952982552,342.92100099264644,170.5430004221853,10.321000445401296,1.086998963728547,661.7010003537871,1,1
2382,sign,22724.763332333,58.28400026075542,148.61499948892742,56.59899761667475,2.8510003176052123,0.24600012693554163,266.59499781089835,1,1
2383,sign,22724.789216112,43.31099989940412,104.79900083737448,31.905998184811324,2.273001882713288,0.2950000634882599,182.58400086779147,1,1
2384,sign,22724.816076687,83.53900193469599,229.33699801797047,97.28599980007857,6.687001587124541,0.9590003173798323,417.8080016572494,1,1
2385,sign,22724.840886505,72.54899901454337,336.5420016052667,162.5929980946239,10.185001883655787,1.205997250508517,583.0749978485983,1,1
2386,sign,22724.866240404,95.69299800205044,258.5740003269166,103.9870003296528,6.820002454333007,0.8829993021208793,465.9570004150737,1,1
2387,sign,22724.889805766,96.91299783298746,267.93000142788514,96.48999912315048,5.080000846646726,0.5139991117175668,466.9269983423874,1,1
2388,sign,22724.913226323,41.549003071850166,103.33399768569507,32.081999961519614,2.2759995772503316,0.5270012479741126,179.7680015442893,1,1
2389,sign,22724.938234286,121.91999849164858,333.1440020701848,140.68399832467549,10.005998774431646,1.2310010788496584,606.9849987397902,1,1
2390,sign,22724.964887464,110.35200077458285,351.16799699608237,173.84700186084956,9.679999493528157,1.1519987310748547,646.1989978561178,1,1
2391,sign,22724.994958908,150.31600196380168,367.53499807673506,172.14500257978216,10.28999759000726,1.3740027497988194,701.660002960125,1,1
2392,sign,22725.021760525,86.96900113136508,437.30399920605123,157.65399803058244,8.546001481590793,1.038999471347779,691.5119993209373,1,1
2393,sign,22725.048975549,75.46799679403193,159.96200090739876,61.244001699378714,3.525998181430623,0.48700167099013925,300.68699925323017,1,1
2394,sign,22725.076459897,102.52099673380144,277.2900006675627,119.68699982389808,7.375001587206498,0.8759998308960348,507.74899864336476,1,1
2395,sign,22725.104779187,121.12300100852735,301.2429988302756,103.77799844718538,6.8350018409546465,0.8499991963617504,533.8289993233047,1,1
2396,sign,22725.134968156,149.31000259821303,349.1589995974209,167.81299927970394,10.610998288029805,1.4520010154228657,678.3450007787906,1,1
2397,sign,22725.165281441,92.17600018018857,238.503998843953,86.53899931232445,5.803001840831712,1.3509998098015785,424.3729999870993,1,1
2398,sign,22725.190177732,124.71999798435718,274.12200142862275,56.85399810317904,6.385002052411437,1.0909971024375409,463.17199667100795,1,1
2399,sign,22725.21805202,87.30499757803045,191.65499907103367,60.90399983804673,4.268000338925049,0.5510009941644967,344.6829978202004,1,1
2400,sign,22725.246920465,50.60799958300777,137.28200065088458,34.16099934838712,2.6269990485161543,0.281001121038571,224.9589997518342,1,1
2401,sign,22725.272551487,74.32599886669777,143.442000990035,46.4610020571854,3.2239986467175186,0.43299951357766986,267.88600007421337,1,1
2402,sign,22725.298503924,48.465997679159045,113.79700299585238,33.0299990309868,2.3129978217184544,0.2900014806073159,197.895999008324,1,1
2403,sign,22725.325198275,68.82799789309502,185.50500317360274,74.31499761878513,4.956000339007005,0.6139998731669039,334.2179988976568,1,1
2404,sign,22725.350375105,77.37099804216996,243.79500246141106,132.09199823904783,8.221999451052397,1.3280005077831447,462.8079987014644,1,1
2405,sign,22725.375644943,90.42099918588065,257.92300220928155,151.94299703580327,8.048002200666815,0.8969982445705682,509.23199887620285,1,1
2406,sign,22725.400132664,93.69300096295774,311.61999868345447,163.16700202878565,9.74999784375541,1.305001205764711,579.535000724718,1,1
2407,sign,22725.425298549,38.42600199277513,128.1849981751293,50.68199970992282,3.3180003811139613,0.32400203053839505,220.9350022894796,1,1
2408,sign,22725.449619306,59.51799903414212,126.33900041691959,33.921998692676425,3.150002157781273,0.2979977580253035,223.2269980595447,1,1
2409,sign,22725.473963644,80.68600072874688,203.3929995377548,79.06500104581937,5.318997864378616,0.6750015018042177,369.1380006785039,1,1
2410,sign,22725.499389996,102.52300126012415,339.6069987502415,162.53300054813735,23.37800106033683,1.0699986887630075,629.1110003076028,1,1
2411,sign,22725.528577637,87.34400034882128,286.36199931497686,129.59599916939624,7.992002792889252,0.9059986041393131,512.2000002302229,1,1
2412,sign,22725.552323566,89.73299918579869,216.8339997297153,84.55200077150948,5.704998329747468,0.6959999154787511,397.5199979322497,1,1
2413,sign,22725.579516558,44.513002649182454,117.89899872383103,32.55499905208126,2.401000529062003,0.3310015017632395,197.69900245591998,1,1
2414,sign,22725.607522691,84.58199954475276,247.5100009178277,103.15300096408464,7.3359988164156675,0.8210008672904223,443.4020011103712,1,1
2415,sign,22725.637819428,85.35899905837141,312.3940005025361,124.81399971875362,8.73200042406097,1.091000740416348,532.3900004441384,1,1
2416,sign,22725.666059357,88.99099702830426,236.56100165680982,102.6760000968352,6.6780012275557965,0.8289971447084099,435.7349971542135,1,1
2417,sign,22725.691308414,37.90299888351001,139.05600280850194,45.88699812302366,2.8600006771739572,0.32900061341933906,226.0350011056289,1,1
2418,sign,22725.718715363,12.993998097954318,54.33500336948782,30.725997930858284,1.830001565394923,0.21999949240125716,100.1050004560966,1,1
2419,sign,22725.74480176,36.53699968708679,158.00099936313927,141.82200175127946,6.390997441485524,0.7280032150447369,343.4790014580358,1,1
2420,sign,22725.770851568,36.97200008900836,174.98200031695887,93.39300231658854,5.762998625868931,0.7359994924627244,311.8460008408874,1,1
2421,sign,22725.796456322,39.09499719156884,153.26700304285623,83.87699926970527,5.650999810313806,0.7220005500130355,282.6119998644572,1,1
2422,sign,22725.821792594,16.239999240497127,57.3069992242381,39.30100137949921,3.1960007618181407,0.2710003172978759,116.31500092335045,1,1
2423,sign,22725.847146702,17.645001207711175,74.86699905712157,46.04700006893836,2.782002411549911,0.34299955586902797,141.68400230119005,1,1
2424,sign,22725.8736892,38.80599979311228,157.7019975229632,90.06800246424973,5.845999112352729,0.6189984560478479,293.0409973487258,1,1
2425,sign,22725.899068098,35.78200266929343,139.8009990225546,78.41499973437749,5.581001460086554,0.6919981387909502,260.27100102510303,1,1
2426,sign,22725.926595802,36.18700065999292,146.0109997424297,79.32999869808555,5.475001671584323,0.6509981176350266,267.6539988897275,1,1
2427,sign,22725.951528798,34.585998946568,138.85800217394717,77.43899914203212,4.8860019887797534,0.5259971658233553,256.2949994171504,1,1
2428,sign,22725.975842456,17.316000594291836,70.38500189082697,48.90899799647741,2.773002051981166,0.2899978426285088,139.6730003762059,1,1
2429,sign,22726.000823445,15.30699955765158,91.26300210482441,49.89199806004763,2.7940004656556994,0.281001121038571,159.53700130921789,1,1
2430,sign,22726.026822482,23.147000320022926,71.9540003046859,50.59400064055808,5.715999577660114,0.9969990060199052,152.40799984894693,1,1
2431,sign,22726.051870727,14.099001418799162,55.22499850485474,31.78000042680651,2.001001121243462,0.24299879441969097,103.34800026612356,1,1
2432,sign,22726.080245326,43.23200118960813,189.74999693455175,98.49300113273785,6.141999620012939,0.7810012903064489,338.3980001672171,1,1
2433,sign,22726.105072759,18.03600025596097,69.34900011401623,38.54899841826409,2.574000973254442,0.3440000000409782,128.85199976153672,1,1
2434,sign,22726.129914353,39.01899981428869,129.66299982508644,40.187998820329085,2.6080015231855214,0.36399796954356134,211.8419979524333,1,1
2435,sign,22726.156906355,88.47400022204965,275.147998763714,105.09799903957173,7.144000846892595,0.9190007403958589,476.7829996126238,1,1
2436,sign,22726.181896774,93.24200073024258,280.6570009852294,128.1689983443357,9.311999747296795,1.062999217538163,512.4429990246426,1,1
2437,sign,22726.211178462,100.09200195781887,246.15399888716638,103.12100130249746,6.942998879821971,0.785999873187393,457.0960009004921,1,1
2438,sign,22726.23739508,51.02700015413575,117.75800157920457,36.57299748738296,2.5130029825959355,0.271997123491019,208.14299932681024,1,1
2439,sign,22726.266648533,51.986997277708724,129.53800251125358,48.11499820789322,3.8329999370034784,0.42300234781578183,233.8960002816748,1,1
2440,sign,22726.294903173,20.946001313859597,112.48800001339987,41.87100057606585,2.4699984351173043,0.28800059226341546,178.06300093070604,1,1
2441,sign,22726.321902384,136.75599984708242,300.25700107216835,105.38399874349125,7.228001777548343,0.919997546589002,550.5449989868794,1,1
2442,sign,22726.346413058,81.59700155374594,247.8989990777336,105.160001112381,7.394999556709081,0.8739989425521344,442.92500024312176,1,1
2443,sign,22726.370186419,39.0029999834951,114.42799950600602,35.955999919679016,2.5810004444792867,0.3759996616281569,192.34399951528758,1,1
2444,sign,22726.395497457,65.37399895023555,174.95100109954365,63.54499782901257,4.4860025809612125,0.5949987098574638,308.95099916961044,1,1
2445,sign,22726.422423588,91.15799912251532,284.42500115488656,106.84399967431091,7.111000741133466,0.8850001904647797,490.42300088331103,1,1
2446,sign,22726.446516592,75.0539984437637,235.2150004298892,102.23899880656973,6.939000741112977,0.857999111758545,420.30499753309414,1,1
2447,sign,22726.475668175,59.26000085310079,241.0140004940331,126.26499665202573,6.491001840913668,0.8089991752058268,433.8389990152791,1,1
2448,sign,22726.501602479,97.4020003923215,184.66400069883093,40.82799932803027,3.9280021155718714,0.5439978849608451,327.3660004197154,1,1
2449,sign,22726.52676523,53.038002079119906,127.010000142036,37.80699989874847,3.040997398784384,0.3320019459351897,221.22800146462396,1,1
2450,sign,22726.553143358,73.30099833779968,221.45700131659396,96.45699901739135,5.9300000430084765,0.752999767428264,397.89799848222174,1,1
2451,sign,22726.581551392,76.71099956496619,266.67000201996416,121.13599950680509,8.57299892231822,1.1709998943842947,474.26099990843795,1,1
2452,sign,22726.607992518,106.68100003385916,272.72800070932135,105.88499935693108,6.927002687007189,1.3930002751294523,493.61400306224823,1,1
2453,sign,22726.635269322,60.16000043018721,152.19800116028637,41.08099892619066,3.288998414063826,0.40899976738728583,257.13699869811535,1,1
2454,sign,22726.662413584,50.63400021754205,132.40100088296458,46.30399780580774,2.91700052912347,0.3300010575912893,232.58600049302913,1,1
2455,sign,22726.688435193,85.51700011594221,246.5170000505168,104.95600145077333,6.99600059306249,0.8759998308960348,444.86200204119086,1,1
2456,sign,22726.714216982,94.4560015341267,272.8369981923606,102.89800047758035,7.1879985625855625,0.8560018613934517,478.2350006280467,1,1
2457,sign,22726.742417617,81.54399984050542,238.05100136087276,95.24599954602309,6.935999408597127,0.7570015441160649,422.53400170011446,1,1
2458,sign,22726.769472914,41.876002796925604,118.51099770865403,39.26900171791203,3.178000042680651,0.3219975042156875,203.155999770388,1,1
2459,sign,22726.794308659,58.80600292584859,173.12199997832067,55.603999498998746,4.112000169698149,0.5879992386326194,292.2320018114988,1,1
2460,sign,22726.820909824,79.30399806355126,269.6610026760027,121.24699787818827,7.295002433238551,1.3569988368544728,478.86399988783523,1,1
2461,sign,22726.846274046,82.4959970486816,168.531001691008,47.925997932907194,3.835000825347379,0.9489995136391371,303.7369970115833,1,1
2462,sign,22726.877547995,16.41699782339856,68.14000153099187,36.298999475548044,2.0900006347801536,0.2349988790228963,123.18099834374152,1,1
2463,sign,22726.901438449,13.239001418696716,54.29399971035309,29.288999940035865,1.8379978428129107,0.21500090952031314,98.8749998214189,1,1
2464,sign,22726.926963238,61.56100062071346,150.85199993336573,60.221002058824524,4.0859995351638645,0.5629990482702851,277.28300119633786,1,1
2465,sign,22726.953253657,113.00299956928939,265.9370002220385,116.7839982372243,7.514001481467858,1.0859985195565969,504.3239980295766,1,1
2466,sign,22726.978215374,94.71199882682413,247.08699857001193,97.5540024228394,6.269998266361654,0.8070019248407334,446.43000001087785,1,1
2467,sign,22727.006935947,98.72200098470785,231.18699755286798,94.9990026128944,6.3400002545677125,0.8179995347745717,432.0660009398125,1,1
2468,sign,22727.033148537,52.336999942781404,119.40100011997856,33.32800042699091,2.357999619562179,0.36399796954356134,207.78799807885662,1,1
2469,sign,22727.061551121,45.31699960352853,136.3079973089043,53.68700294638984,3.630997525760904,0.47000139602459967,239.41299878060818,1,1
2470,sign,22727.088732845,95.9169992711395,295.2469985757489,109.90300143021159,7.373000698862597,0.9289979061577469,509.3689978821203,1,1
2471,sign,22727.115358008,89.55800149124116,254.24599880352616,103.51099990657531,7.294001989066601,0.8759998308960348,455.48500202130526,1,1
2472,sign,22727.142923843,115.79499914660119,275.4100023594219,104.20399848953821,7.601000106660649,0.8989991329144686,503.90899923513643,1,1
2473,sign,22727.167489169,21.129999367985874,71.38499859138392,39.99700129497796,2.597000275272876,0.30099909054115415,135.4099986201618,1,1
2474,sign,22727.209494705,92.34200115315616,5.2249997679609805,2.8989998099859804,12.638000043807551,1.1660013115033507,114.27000208641402,1,0
2475,sign,22727.254416911,67.146000219509,4.444998921826482,2.224998752353713,9.003000741358846,1.0270014172419906,83.84600005229004,1,0
2476,sign,22727.299343627,79.32600055937655,4.224999429425225,2.4649998522363603,10.945997928502038,0.6390000635292381,97.60099783306941,1,0
2477,sign,22727.344422223,82.34699998865835,4.682002327172086,2.796998160192743,10.771000233944505,1.1709998943842947,101.76800060435198,1,0
2478,sign,22727.38952194,90.86800127988681,5.055997462477535,2.4860019038897008,9.433999366592616,0.9770010365173221,108.82100104936399,1,0
2479,sign,22727.434301458,23.31100040464662,1.5339974197559059,0.7330017979256809,2.429998858133331,0.2269989636261016,28.23499744408764,1,0
2480,sign,22727.479473771,93.5159987420775,5.166002665646374,3.2669995562173426,12.137999874539673,1.0879994079004973,115.17500024638139,1,0
2481,sign,22727.524466113,94.56200132262893,4.868001269642264,2.6909983716905117,12.300999514991418,1.2900018191430718,115.7120022980962,1,0
2482,sign,22727.569355257,87.18900062376633,2.5579975044820458,1.4280012692324817,7.0069982029963285,0.43700129026547074,98.61899889074266,1,0
2483,sign,22727.614420305,64.25500032491982,3.903001925209537,2.4179971660487354,8.410002919845283,0.9510004019830376,79.93700273800641,1,0
2484,sign,22727.65925653,47.56999987876043,3.727000148501247,1.910997525556013,7.763999747112393,0.8300012268591672,61.80199852678925,1,0
2485,sign,22727.70468939,141.54800010146573,9.99599797069095,4.123001417610794,24.203000066336244,1.5090008673723787,181.3790004234761,1,0
2486,sign,22727.749284405,59.877002058783546,3.324999852338806,1.9569997675716877,7.762999302940443,0.6890004442539066,73.61100142588839,1,0
2487,sign,22727.794575375,95.70399924996309,5.442001565825194,2.7319983928464353,12.364002031972632,1.1609990906435996,117.40300033125095,1,0
2488,sign,22727.83912065,22.78800093336031,1.6379999578930438,1.0709991329349577,3.5340017348062247,0.3079985617659986,29.339000320760533,1,0
2489,sign,22727.88453759,89.4010008778423,5.161000444786623,2.8909998945891857,11.739000910893083,1.058000634657219,110.25000276276842,1,0
2490,sign,22727.929453122,84.88599996780977,4.525998519966379,3.1370000215247273,8.990002243081108,1.0949988791253418,102.63399963150732,1,0
2491,sign,22727.974253103,41.790000977925956,2.3809989215806127,1.1350020940881222,5.771998985437676,0.362000719178468,51.440001698210835,1,0
2492,sign,22728.019498128,98.1660014076624,5.0819980970118195,2.9190014174673706,12.590000551426783,1.12499765236862,119.881999125937,1,0
2493,sign,22728.06440129,79.7180000517983,4.9579975893720984,2.5840017769951373,10.577998182270676,1.0420008038636297,98.87999840429984,1,0
2494,sign,22728.109381757,16.273999790428206,1.3319986464921385,0.7280032150447369,2.711996785365045,0.2500019036233425,21.29600034095347,1,0
2495,sign,22728.154555802,104.12800111225806,5.174999387236312,2.8849972295574844,12.954002158949152,1.1279989848844707,126.26999887288548,1,0
2496,sign,22728.199532297,91.8810001167003,4.68900179839693,2.8340000426396728,12.003998563159257,1.0689982445910573,112.47699876548722,1,0
2497,sign,22728.24427899,52.43299892754294,2.7030000637751073,1.2140008038841188,6.422997103072703,0.4900030035059899,63.26299990178086,1,0
2498,sign,22728.289455289,85.97700070822611,4.583998816087842,2.9719994927290827,10.950003343168646,1.0259973350912333,105.50899969530292,1,0
2499,sign,22728.334442987,90.04700041259639,4.764999175677076,3.188000846421346,11.874999472638592,0.9899995347950608,110.86499944212846,1,0
2500,sign,22728.379228369,41.91799962427467,2.559998392825946,0.9569994290359318,5.08599987369962,0.3839995770249516,50.90499689686112,1,0
2501,sign,22728.424728536,47.10500070359558,4.427998646860942,2.2710009943693876,9.536001016385853,1.0279982234351337,64.3679995846469,1,0
2502,sign,22728.469615915,99.8760006041266,5.111996870255098,3.4910008253064007,12.645999959204346,1.0680014383979142,122.19299969729036,1,0
2503,sign,22728.514233227,56.54399865306914,3.364999429322779,1.1360025382600725,8.476999937556684,0.3809982445091009,69.90299880271778,1,0
2504,sign,22728.559365866,51.3400009367615,2.4889995984267443,1.2479977158363909,6.308000592980534,0.5000001692678779,61.884999013273045,1,0
2505,sign,22728.604552635,94.79800064582378,5.55500082555227,3.2509997254237533,11.585998436203226,0.8690003596711904,116.05899999267422,1,0
2506,sign,22728.649458361,151.9229990663007,8.00099951447919,3.8569996831938624,16.539001080673188,1.095999323297292,181.41599866794422,1,0
2507,sign,22728.69448871,93.759001174476,4.857000021729618,3.3149990485981107,11.683998309308663,1.0230032785329968,114.63800183264539,1,0
2508,sign,22728.739535887,91.51899939752184,5.218997102929279,3.2650023058522493,12.885000614915043,0.9949981176760048,113.88299753889441,1,0
2509,sign,22728.784212882,37.03299807966687,2.2410022211261094,0.9180002962239087,2.5379995349794626,0.5029978638049215,43.23299799580127,0,0
2510,sign,22728.82926005,1.30099942907691,5.41800181963481,2.02999945031479,1.7860002117231488,0.6580012268386781,11.193002137588337,0,0
2511,sign,22728.8750204,2.230000973213464,7.433998689521104,2.3000029614195228,2.4699984351173043,1.0980002116411924,15.532001270912588,0,0
2512,sign,22728.919375802,1.8239989003632218,4.460998752620071,1.6260019037872553,1.0160001693293452,0.48199945013038814,9.408999176230282,0,0
2513,sign,22728.964478425,2.9039983928669244,7.065002137096599,2.4339969968423247,1.8860009731724858,0.8999995770864189,15.188998077064753,0,0
2514,sign,22729.009397376,1.3969984138384461,5.842000973643735,2.0669976947829127,2.064000000245869,0.8360002539120615,12.205997336423025,0,0
2515,sign,22729.054307317,1.3229982869233936,3.621000359999016,1.2490017979871482,1.3429998944047838,0.47699722927063704,8.012997568584979,0,0
2516,sign,22729.099752331,3.545999788912013,10.409999958937988,3.0769988370593637,2.472002961440012,1.091997546609491,20.596999092958868,0,0
2517,sign,22729.144258519,1.55799716594629,4.227000317769125,1.091000740416348,1.2400014384184033,0.3899986040778458,8.505998266628012,0,0
2518,sign,22729.189414479,2.8670001483988017,7.137001375667751,2.2610001906286925,1.720000000204891,0.995998561847955,14.981000276748091,0,0
2519,sign,22729.234421418,2.1089981601107866,5.521000275621191,2.0990009943488985,1.8659993656910956,0.8009992598090321,12.395998055581003,0,0
2520,sign,22729.279348411,2.4699984351173043,6.076999852666631,2.196000423282385,1.2490017979871482,0.7189992174971849,12.710999726550654,0,0
2521,sign,22729.324542557,4.4860025809612125,8.76400008564815,3.1059971661306918,2.2360000002663583,0.9790019248612225,19.571001757867634,0,0
2522,sign,22729.369420023,2.2050007828511298,5.550999048864469,2.1610030671581626,1.8049977370537817,0.8820024959277362,12.60400313185528,0,0
2523,sign,22729.414358761,0.819996785139665,3.3510004868730903,0.9680006769485772,1.3019998732488602,0.40500162867829204,6.845999450888485,0,0
2524,sign,22729.459327076,1.7940001271199435,6.168997060740367,1.8930004443973303,1.5760015230625868,0.8870010788086802,12.319000234128907,0,0
2525,sign,22729.504369692,2.8079994081053883,6.6639986471273005,2.5220033421646804,1.9309991330374032,0.9190007403958589,14.844001270830631,0,0
2526,sign,22729.549089136,0.5880028766114265,1.9799990695901215,0.6250011210795492,0.6209993443917483,0.3169989213347435,4.131001333007589,0,0
2527,sign,22729.594383741,2.663997292984277,6.30300201009959,2.34400067711249,2.1889973140787333,0.7990020094439387,14.298999303719029,0,0
2528,sign,22729.639464611,3.001001459779218,7.179998647188768,2.6510024326853454,2.4529981601517648,1.1360025382600725,16.42100323806517,0,0
2529,sign,22729.684252556,1.309999788645655,2.7750029403250664,1.109998265746981,0.7410017133224756,0.5900001269765198,6.526002835016698,0,0
2530,sign,22729.729856595,1.5170007827691734,5.155998223926872,1.8610007828101516,1.75300010596402,0.6429982022382319,10.929998097708449,0,0
2531,sign,22729.774458312,3.336001100251451,8.073999197222292,3.0330011213663965,2.381999365752563,1.5339974197559059,18.35899820434861,0,0
2532,sign,22729.81924697,1.257998519577086,2.9809998522978276,1.0330004442948848,0.7560010999441147,0.5539986887015402,6.581998604815453,0,0
2533,sign,22729.864583315,3.544999344740063,7.800001185387373,2.959997800644487,1.9930012058466673,1.1789998097810894,17.47699934639968,0,0
2534,sign,22729.909245976,1.5520017768722028,5.632999091176316,1.9569997675716877,1.8450009520165622,0.7550006557721645,11.742002243408933,0,0
2535,sign,22729.954510628,3.302000550320372,7.344002369791269,2.311997377546504,2.025000867433846,0.7589987944811583,15.74199995957315,0,0
2536,sign,22729.999396005,2.543998562032357,6.641999789280817,2.4289984139613807,1.9170001905877143,0.8160022844094783,14.347999240271747,0,0
2537,sign,22730.044342679,2.076998498523608,6.152000423753634,2.3889988369774073,1.9450017134658992,0.8630013326182961,13.426000805338845,0,0
2538,sign,22730.089436803,3.8620019040536135,5.1220013119746,1.1449992598500103,1.3799981388729066,1.372001861454919,12.88100247620605,0,0
2539,sign,22730.134407857,2.6950001483783126,6.553000275744125,2.287000825162977,1.9559993233997375,0.9799987310543656,14.470999303739518,0,0
2540,sign,22730.179441913,2.620003215270117,6.757996743544936,2.5570006982889026,2.005999704124406,0.9680006769485772,14.909001038176939,0,0
2541,sign,22730.224230672,1.7419988580513746,3.1000017770566046,1.2969976523891091,0.8140013960655779,0.3630011633504182,7.316000846913084,0,0
2542,sign,22730.269264515,1.539003278594464,5.6489989219699055,2.2319982235785574,1.9180006347596645,0.8829993021208793,12.22100036102347,0,0
2543,sign,22730.314682909,4.492001608014107,10.005998774431646,3.340999683132395,2.143999154213816,1.3040007615927607,21.286999981384724,0,0
2544,sign,22730.359264353,1.2890013749711215,3.417000698391348,1.672000507824123,0.8589995559304953,0.40499799069948494,7.642000127816573,0,0
2545,sign,22730.404550394,3.2339994504582137,8.094000804703683,2.625001798151061,2.0179977582301944,1.0160001693293452,16.986999980872497,0,0
2546,sign,22730.449957028,1.2620002962648869,4.908000846626237,1.915999746415764,1.7400016076862812,0.6139998731669039,10.440002370160073,0,0
2547,sign,22730.494269368,1.5430014173034579,3.588000254239887,1.1060001270379871,0.7939997885841876,0.47399953473359346,7.505001121899113,0,0
2548,sign,22730.539489623,2.601002051960677,7.2119983087759465,2.472999767633155,1.8989994714502245,1.1500014807097614,15.335001080529764,0,0
2549,sign,22730.584582069,3.0560004233848304,7.120997906895354,2.707001840462908,2.329998096683994,0.986001396086067,16.199999663513154,0,0
2550,sign,22730.629218412,1.4329998521134257,2.5480003387201577,1.0250005288980901,0.9229988791048527,0.40600207285024226,6.3350016716867685,0,0
2551,sign,22730.674401149,2.5810004444792867,6.020000000717118,2.610999217722565,1.7040001694113016,1.0109979484695941,13.926997780799866,0,0
2552,sign,22730.719392139,3.078999725403264,8.033999620238319,3.035002009710297,2.7559981390368193,1.229000190505758,18.132999684894457,0,0
2553,sign,22730.764275701,1.6519989003427327,4.268000338925049,1.1939991964027286,1.224001607624814,0.44199987314641476,8.779999916441739,0,0
2554,sign,22730.809470071,3.4180011425632983,7.391001418000087,3.0999981390777975,2.0090010366402566,1.3040007615927607,17.2220024978742,0,0
2555,sign,22730.854623077,3.4340009733568877,7.851998816477135,2.9289985832292587,10.256000678054988,1.0379990271758288,25.5089980782941,0,0
2556,sign,22730.899245657,1.948999852174893,2.958997356472537,1.2440032151062042,0.8159986464306712,0.38299913285300136,7.350998203037307,0,0
2557,sign,22730.944327278,2.215998392784968,6.793001375626773,2.515000232961029,2.3030006559565663,0.943997292779386,14.770997950108722,0,0
2558,sign,22730.989876654,5.392001185100526,9.194998710881919,2.6800007617566735,2.7230016712564975,1.104999682866037,21.095002011861652,0,0
2559,sign,22731.03426062,1.8520004232414067,3.887002094415948,1.1779993656091392,0.8940005500335246,0.4109970177523792,8.221999451052397,0,0
2560,sign,22731.079990107,1.4979996194597334,6.887003110023215,27.299000066705048,2.564000169513747,0.6199989002197981,38.86800186592154,0,0
2561,sign,22731.124718556,1.363001501886174,5.025998689234257,1.267999323317781,1.386000803904608,0.40600207285024226,9.449002391193062,0,0
2562,sign,22731.169546086,0.57199940783903,2.716002200031653,0.4440007614903152,0.46499917516484857,0.1629996404517442,4.360001184977591,0,0
2563,sign,22731.214452248,2.8909998945891857,6.745998689439148,2.543998562032357,1.6940030036494136,0.8039969543460757,14.67899710405618,0,0
2564,sign,22731.259519511,2.8270005714148283,7.888000254752114,2.9189977794885635,2.153999957954511,1.2570017133839428,17.04500027699396,0,0
2565,sign,22731.304284929,2.0469997252803296,3.9090009522624314,1.0990006558131427,0.785999873187393,0.45900014811195433,8.300001354655251,0,0
2566,sign,22731.349556025,2.9199982236605138,7.74100044509396,2.5900008040480316,1.8719983927439898,1.3700009731110185,16.492998838657513,0,0
2567,sign,22731.394522175,2.3669999791309237,8.102000720100477,2.9609982448164374,2.3310021788347512,1.1259980965405703,16.88699921942316,0,0
2568,sign,22731.439273118,1.8379978428129107,3.3479991543572396,1.4730030670762062,0.8239985618274659,0.4079993232153356,7.890997949289158,0,0
2569,sign,22731.48462432,3.115997969871387,8.537001122022048,3.154000296490267,2.3950015020091087,1.0049989214166999,18.20699981180951,0,0
2570,sign,22731.529533249,3.9059996197465807,10.133000614587218,3.631001163739711,3.3760006772354245,1.591000909684226,22.63700298499316,0,0
2571,sign,22731.57424599,1.3270000636111945,3.758999810088426,1.1110023478977382,1.2359996617306024,0.5170004442334175,7.9500023275613785,0,0
2572,sign,22731.619360186,2.0240004232618958,6.177000614115968,2.87799775833264,1.8790015019476414,0.8960014383774251,13.85400173603557,0,0
2573,sign,22731.664428452,2.968998160213232,8.008002623682842,2.744000084931031,1.9669969333335757,1.4770012057852,17.16499900794588,0,0
2574,sign,22731.709236872,1.7269994714297354,3.1529998523183167,1.1730007827281952,0.8239985618274659,0.41500243241898715,7.2920011007227,0,0
2575,sign,22731.754560647,3.3679971238598228,7.88300167187117,2.764001692412421,2.2280000848695636,1.0359981388319284,17.278998711844906,0,0
2576,sign,22731.799427274,1.9190010789316148,6.498998118331656,2.3050015443004668,2.0179977582301944,0.8570023055654019,13.598000805359334,0,0
2577,sign,22731.844314455,1.748998329276219,8.516002708347514,1.2620002962648869,0.9489995136391371,0.4440007614903152,12.920001609018072,0,0
2578,sign,22731.889444482,2.8710019250866026,7.790997187839821,2.749002305790782,1.8239989003632218,1.1890006135217845,16.424000932602212,0,0
2579,sign,22731.93452905,3.674002073239535,9.811999916564673,3.2799980544950813,2.615000994410366,1.2919990695081651,20.67300010821782,0,0
2580,sign,22731.979285434,1.5999976312741637,3.668999852379784,1.577001967234537,0.9119976311922073,0.47000139602459967,8.227998478105292,0,0
2581,sign,22732.024523648,3.1669987947680056,7.765000191284344,3.0660012271255255,2.257998858112842,1.3280005077831447,17.58399957907386,0,0
2582,sign,22732.069416209,2.16899934457615,7.607999577885494,2.554999809945002,2.1750020096078515,1.00599936558865,15.513000107603148,0,0
2583,sign,22732.114253409,1.6350022633560002,4.313998942961916,1.8659993656910956,1.1080010153818876,0.5709989636670798,9.49400055105798,0,0
2584,sign,22732.159495436,2.9279981390573084,8.154001989169046,2.6130001060664654,2.3939974198583513,0.9930008673109114,17.081998521462083,0,0
2585,sign,22732.204468872,2.8529975679703057,8.408002031501383,2.8840004233643413,2.7049973141402006,1.1120027920696884,17.96200012904592,0,0
2586,sign,22732.249319022,1.1269985407125205,3.5480006772559136,1.2759992387145758,1.2279997463338077,0.4840003384742886,7.662998541491106,0,0
2587,sign,22732.294499992,3.586999810067937,9.850999049376696,3.8760008465033025,3.0810006137471646,1.167998561868444,21.562998881563544,0,0
2588,sign,22732.339421868,2.9049988370388746,6.971000402700156,2.5219997041858733,1.763000909704715,1.0189978638663888,15.179997717496008,0,0
2589,sign,22732.384100555,0.6440022843889892,2.3979991965461522,0.8809984137769789,0.8160022844094783,0.3569984983187169,5.0960006774403155,0,0
2590,sign,22732.429461133,2.911998308263719,7.894002919783816,2.781998773571104,2.163000317523256,1.0709991329349577,16.821999452076852,0,0
2591,sign,22732.474331425,1.172000338556245,3.2339994504582137,1.1970005289185792,1.086998963728547,0.3259992809034884,7.015998562565073,0,0
2592,sign,22732.519385803,2.6000016077887267,6.8209992605261505,2.3219981812871993,2.1859996195416898,1.0000003385357559,14.928999007679522,0,0
2593,sign,22732.564515389,3.3430005714762956,7.58600072003901,2.9149996407795697,2.1039995772298425,1.2499986041802913,17.19799911370501,0,0
2594,sign,22732.609249753,1.7130005289800465,2.8189970180392265,1.1400006769690663,0.6420013960450888,0.2890010364353657,6.603000656468794,0,0
2595,sign,22732.654691921,4.4150001485832036,9.069997759070247,4.754001565743238,2.9559996619354934,1.5639998309779912,22.758998966310173,0,0
2596,sign,22732.699352244,2.3190004867501557,5.948000762145966,2.3669999791309237,1.7669990484137088,0.8259994501713663,13.22699972661212,0,0
2597,sign,22732.744492654,2.802997187245637,5.643003532895818,1.8719983927439898,1.5289988368749619,0.6129994289949536,12.45999737875536,0,0
2598,sign,22732.78938502,2.0569968910422176,6.4209998527076095,2.0520019461400807,1.7450001905672252,0.910000380827114,13.184999261284247,0,0
2599,sign,22732.834390014,2.4170003598555923,6.551999831572175,2.844000846380368,1.7640013538766652,0.8619972504675388,14.43899964215234,0,0
2600,sign,22732.879519658,3.0960000003688037,9.809999028220773,3.4660006349440664,2.9860020731575787,1.1619995348155499,20.52000127150677,0,0
2601,sign,22732.924151932,0.700001692166552,2.0369989215396345,0.9809991752263159,0.7490016287192702,0.34299955586902797,4.8100009735208005,0,0
2602,sign,22732.969812433,1.2420023267623037,4.969999281456694,1.4260003808885813,1.219999830937013,0.44599801185540855,9.3039998319,0,0
2603,sign,22733.014391337,0.676998752169311,2.348999259993434,0.7519993232563138,0.6700029189232737,0.1989974407479167,4.646997695090249,0,0
2604,sign,22733.059628883,1.0809999366756529,5.166002665646374,1.5419973351527005,1.4020006346981972,0.4350004019215703,9.626000974094495,0,0
2605,sign,22733.104725354,1.472002622904256,6.472997483797371,1.1570009519346058,1.267999323317781,0.5510009941644967,10.921001376118511,0,0
2606,sign,22733.149558411,0.7799972081556916,3.9629994716960937,0.5990004865452647,0.8870010788086802,0.39999940781854093,6.628997653024271,0,0
2607,sign,22733.194714841,1.1519987310748547,5.39900065632537,1.186999725177884,1.3019998732488602,0.4030007403343916,9.44299972616136,0,0
2608,sign,22733.239654805,1.5900004655122757,5.314999725669622,1.4739998732693493,1.3460012269206345,0.48800211516208947,10.213003406533971,0,0
2609,sign,22733.284395716,0.6599984772037715,2.2170024749357253,0.6459995347540826,0.5709989636670798,0.21199957700446248,4.305999027565122,0,0
2610,sign,22733.329789906,1.1239972081966698,5.3580006351694465,1.3179997040424496,1.324999175267294,0.5020010576117784,9.626997780287638,0,0
2611,sign,22733.374715574,1.0760013537947088,5.23999915458262,1.4399993233382702,1.2970012903679162,0.4540015652310103,9.507002687314525,0,0
2612,sign,22733.419346298,0.41100065573118627,2.296997990924865,0.4030007403343916,0.35600169212557375,0.1629996404517442,3.630000719567761,0,0
2613,sign,22733.464681025,1.4329998521134257,5.0819980970118195,1.2990021787118167,1.1969968909397721,0.47900175559334457,9.489998774370179,0,0
2614,sign,22733.509644139,1.1479969543870538,4.989000444766134,1.2470009096432477,1.1980009730905294,0.4709982022177428,9.052997484104708,0,0
2615,sign,22733.554447066,0.624000676907599,2.634998963912949,0.5030015017837286,0.5500005499925464,0.181000359589234,4.493002052186057,0,0
2616,sign,22733.599734721,1.0539988579694182,5.2150026021990925,1.2429991329554468,1.1980009730905294,0.49499794840812683,9.204999514622614,0,0
2617,sign,22733.644636749,1.0750009096227586,4.697998519986868,1.2180025805719197,1.133998011937365,0.4770008672494441,8.602000889368355,0,0
2618,sign,22733.689326431,0.586001988267526,2.0619991119019687,0.4249995981808752,0.40899976738728583,0.15200203051790595,3.6340024962555617,0,0
2619,sign,22733.734811496,1.4329998521134257,5.374000465963036,1.4920005924068391,1.3509998098015785,0.443000317318365,10.093001037603244,0,0
2620,sign,22733.779766547,1.0460025805514306,5.263998900773004,1.4549987099599093,1.3370008673518896,0.3950008249375969,9.49700188357383,0,0
2621,sign,22733.824341838,0.3809982445091009,2.053002390312031,0.40099985199049115,0.4249995981808752,0.14999750419519842,3.4099975891876966,0,0
2622,sign,22733.869695659,0.9440009307581931,5.095000233268365,1.272997906198725,1.272001100005582,0.5920010153204203,9.176001185551286,0,0
2623,sign,22733.914822601,1.372998667648062,7.200000254670158,1.981999957934022,1.9719991541933268,0.7590024324599653,13.286000466905534,0,0
2624,sign,22733.959411518,0.9329996828455478,2.1749983716290444,0.5000001692678779,0.4800021997652948,0.20299921743571758,4.2909996409434825,0,0
2625,sign,22734.004627309,1.1079973774030805,4.758003342431039,1.0809999366756529,1.2040000001434237,0.45999695430509746,8.610997610958293,0,0
2626,sign,22734.049629503,1.1590018402785063,5.357000190997496,1.6499980119988322,1.4870020095258951,0.49200025387108326,10.145002306671813,0,0
2627,sign,22734.09450965,1.167998561868444,2.582000888651237,0.5280016921460629,0.5439978849608451,0.1910011633299291,5.013000190956518,0,0
2628,sign,22734.139754967,1.33900175569579,5.627996870316565,1.444001100026071,1.4260003808885813,0.4969988367520273,10.333998943679035,0,0
2629,sign,22734.184941152,1.6799967852421105,6.886002665851265,1.7909987946040928,1.7189995560329407,0.772000930737704,12.847998732468113,0,0
2630,sign,22734.229324773,0.5449983291327953,2.1750020096078515,0.4519970389083028,0.36100027500651777,0.1629996404517442,3.6959972931072116,0,0
2631,sign,22734.274741469,0.9280010999646038,4.92899926030077,1.3540011423174292,1.5449986676685512,0.5150031938683242,9.271003364119679,0,0
2632,sign,22734.319743136,1.3800017768517137,5.426998541224748,1.4020006346981972,1.186999725177884,0.5629990482702851,9.958999726222828,0,0
2633,sign,22734.36438381,0.543001078767702,1.935000909725204,0.4039975465275347,0.38700090954080224,0.1219996192958206,3.3910000638570637,0,0
2634,sign,22734.409573047,0.9270006557926536,4.575998900691047,1.3690005289390683,1.6039994079619646,0.3989989636465907,8.874998457031325,0,0
2635,sign,22734.454951339,0.8229981176555157,2.454999048495665,1.0970034054480493,0.943997292779386,0.32400203053839505,5.642999894917011,0,0
2636,sign,22734.499249954,0.519001332577318,1.0250005288980901,0.4399989848025143,0.4210014594718814,0.12899909052066505,2.534001396270469,0,0
2637,sign,22734.544565607,0.8239985618274659,2.4380024115089327,1.062999217538163,1.086998963728547,0.2990018401760608,5.71100099477917,0,0
2638,sign,22734.585243195,2.820001100189984,5.616999260382727,2.635999408084899,136.8609991914127,1.0610019671730697,148.99500092724338,1,1
2639,sign,22734.613472626,75.59300138382241,125.07000064942986,37.62800042750314,2.6609995984472334,0.24799737730063498,241.19999943650328,1,1
2640,sign,22734.640216055,53.018000471638516,138.18700244883075,50.965998525498435,3.840999852400273,0.4530011210590601,246.46500241942704,1,1
2641,sign,22734.69442265,94.34199819224887,4.880999767920002,2.7909991331398487,13.308999768923968,1.1200027074664831,116.44299956969917,1,0
2642,sign,22734.739334775,50.881000788649544,2.1679989004042,1.4729994290973991,6.369002221617848,0.6169975677039474,61.50799890747294,1,0
2643,sign,22734.784579198,90.38300049724057,5.046000296715647,2.9100010578986257,12.012998922728002,1.0349976946599782,111.38699846924283,1,0
2644,sign,22734.829533301,90.1080020412337,4.568999429466203,2.7290006983093917,12.009997590212151,1.0229996405541897,110.43899939977564,1,0
2645,sign,22734.874283556,47.87199941347353,2.2669992176815867,1.2410018825903535,5.919999239267781,0.41100065573118627,57.71100040874444,1,0
2646,sign,22734.919630255,121.86199819552712,5.756002792622894,3.5289995139464736,14.078999811317772,1.2079981388524175,146.43399845226668,1,0
2647,sign,22734.964450331,91.63199865724891,5.025998689234257,3.2080024539027363,11.822998203570023,1.0730000212788582,112.76199802523479,1,0
2648,sign,22735.009294189,50.988001021323726,2.7530004444997758,1.2450000212993473,6.536000000778586,0.47399953473359346,61.99600102263503,1,0
2649,sign,22735.054695946,90.49399886862375,4.606001311913133,3.021999873453751,11.657997674774379,1.2170021363999695,110.99699986516498,1,0
2650,sign,22735.099469986,96.56400288804434,5.333000444807112,3.2179996196646243,12.297998182475567,1.1080010153818876,118.52100215037353,1,0
2651,sign,22735.144330362,61.95999958436005,2.3409993445966393,2.1230007405392826,7.234000804601237,0.5059991963207722,74.16399967041798,1,0
2652,sign,22735.189516379,96.8650019785855,5.234996933722869,2.8410031518433243,12.990996765438467,1.4780016499571502,119.4100004795473,1,0
2653,sign,22735.234415691,98.37600009632297,5.289999535307288,2.9799994081258774,12.438002158887684,1.0989970178343356,120.18299821647815,1,0
2654,sign,22735.279270545,42.47199831297621,1.9180006347596645,1.1709998943842947,5.4580013966187835,0.37899735616520047,51.397997594904155,1,0
2655,sign,22735.324479766,98.03699867916293,5.344001692719758,3.2669995562173426,12.631000572582707,1.0499970812816173,120.32899758196436,1,0
2656,sign,22735.369593379,99.31299791787751,5.397003405960277,3.215998731320724,13.131000741850585,1.1889969755429775,122.24599777255207,1,0
2657,sign,22735.414430551,55.49899651668966,2.6360030460637063,1.7569982446730137,7.577000360470265,0.5729998520109802,68.04199801990762,1,0
2658,sign,22735.459466409,92.19400089932606,5.449997843243182,3.541001206031069,12.707998394034803,1.0090006981045008,114.90199904073961,1,0
2659,sign,22735.504571635,364.78300171438605,7.181999535532668,3.8899997889529914,13.577999197877944,1.2540003808680922,390.68700061761774,1,0
2660,sign,22735.549227327,46.681001549586654,2.2839994926471263,1.2659984349738806,5.910002073505893,0.3979985194746405,56.539000070188195,1,0
2661,sign,22735.594716549,136.3379997201264,8.721999620320275,4.6480017772410065,19.884999346686527,1.5890000213403255,171.18200048571452,1,0
2662,sign,22735.639450239,94.90199954598211,5.263002094579861,2.857999788830057,12.592998245963827,1.0000003385357559,116.61600001389161,1,0
2663,sign,22735.684263151,49.90500019630417,3.1389972718898207,1.5090008673723787,7.459999324055389,0.31500167096965015,62.32799933059141,1,0
2664,sign,22735.729348467,65.25400021928363,3.2509997254237533,2.2370004444383085,9.031999070430174,0.7160015229601413,80.490000982536,1,0
2665,sign,22735.774468604,99.61400064639747,4.954999894835055,2.8460017347242683,12.935997801832855,1.1110023478977382,121.46200242568739,1,0
2666,sign,22735.819289938,49.264999688602984,2.269000106025487,1.615997462067753,6.040001608198509,0.43299951357766986,59.6229983784724,1,0
2667,sign,22735.864605744,97.41600297275,4.986999556422234,3.0009978218004107,13.195000065024942,1.0130024747923017,119.61200289078988,1,0
2668,sign,22735.909613512,137.59200010099448,8.53599703987129,4.541001544566825,17.502999980933964,1.3809985830448568,169.55299724941142,1,0
2669,sign,22735.954255002,47.80499875778332,2.1790001483168453,1.2239979696460068,6.140002369647846,0.44199987314641476,57.789999118540436,1,0
2670,sign,22735.999558651,88.80499808583409,5.254001735011116,2.954999217763543,12.729000445688143,1.0689982445910573,110.81199772888795,1,0
2671,sign,22736.044335349,74.26500087603927,3.354998625582084,2.007000148296356,8.500999683747068,0.7039998308755457,88.83199916454032,1,0
2672,sign,22736.089322711,48.764999519335106,2.715001755859703,1.2599994079209864,6.217000191099942,0.5090005288366228,59.46600140305236,1,0
2673,sign,22736.134457596,104.09800233901478,5.780999345006421,3.668999852379784,14.10699769621715,1.229000190505758,128.8839994231239,1,0
2674,sign,22736.179480462,89.60799823398702,5.145000613993034,3.139000909868628,12.092001270502806,1.3760000001639128,111.3600010285154,1,0
2675,sign,22736.22431827,68.42400034656748,2.3289976525120437,1.3520002539735287,6.791000487282872,0.4800021997652948,79.37600094010122,1,0
2676,sign,22736.269440907,89.85800013761036,5.2390023483894765,2.667999069672078,4.934998287353665,1.134001649916172,103.83400149294175,0,0
2677,sign,22736.314449828,3.124998329440132,6.926999049028382,2.4660002964083105,2.444001438561827,0.8659990271553397,15.82799814059399,0,0
2678,sign,22736.359262861,1.391003024764359,3.6199999158270657,1.4269971870817244,0.8210008672904223,0.3890017978847027,7.648002792848274,0,0
2679,sign,22736.405063068,4.273999365977943,11.443000403232872,4.39300129073672,2.4840010155458003,1.000997144728899,23.594999220222235,0,0
2680,sign,22736.449563031,3.2009993446990848,7.72500061430037,2.6509987947065383,2.0810002752114087,1.128999429056421,16.786998457973823,0,0
2681,sign,22736.457458638,3.159999323543161,6.900001608300954,3.2059979275800288,152.09000048344024,1.2890013749711215,166.6450007178355,1,1
2682,sign,22736.482278966,53.14500231179409,132.76099707582034,33.48600148456171,2.3050015443004668,0.3209970600437373,222.01799947652034,1,1
2683,sign,22736.524455061,73.70599996647798,2.939999831141904,1.257998519577086,10.168001608690247,0.39699807530269027,88.4689980011899,1,0
2684,sign,22736.569376005,88.87699732440524,2.9270013328641653,1.2499986041802913,10.775002010632306,0.471998646389693,104.3009979184717,1,0
2685,sign,22736.614330011,49.67699715052731,1.1320007615722716,0.504998752148822,6.8070003180764616,0.21000232663936913,58.33099930896424,1,0
2686,sign,22736.659428757,73.7570007913746,2.525997842894867,1.1800002539530396,9.18600198929198,0.40099985199049115,87.05000072950497,1,0
2687,sign,22736.704677931,92.14300007442944,4.568999429466203,1.9979997887276113,13.728000340051949,0.5490001058205962,112.9869997384958,1,0
2688,sign,22736.749342639,46.26500231097452,0.9359973773825914,0.3990026016253978,5.366997356759384,0.16400008462369442,53.13099973136559,1,0
2689,sign,22736.794621181,93.29000022262335,3.0749979487154633,1.7540005501359701,11.792999430326745,0.4440007614903152,110.35599891329184,1,0
2690,sign,22736.839650101,119.22699923161417,4.451001586858183,2.4649998522363603,14.118999388301745,0.9680006769485772,141.23000073595904,1,0
2691,sign,22736.884313347,53.30199928721413,0.914998963708058,0.49100344767794013,5.967998731648549,0.14299803297035396,60.81899846321903,1,0
2692,sign,22736.929617401,88.87500007404014,2.905999281210825,1.5339974197559059,11.026000720448792,0.4260000423528254,104.76699753780849,1,0
2693,sign,22736.974483083,86.83800115250051,3.067998477490619,1.448002876713872,11.131000064779073,0.5250003596302122,103.01000293111429,1,0
2694,sign,22737.019228146,57.510998885845765,1.267999323317781,0.6600021151825786,6.810998456785455,0.2080014382954687,66.45800021942705,1,0
2695,sign,22737.064738251,126.03299910551868,4.123001417610794,1.7519996617920697,15.337998775066808,0.7030030246824026,147.94900198467076,1,0
2696,sign,22737.10954407,89.51699783210643,3.3100004657171667,1.4370016288012266,11.47299917647615,0.4760004230774939,106.21299952617846,1,0
2697,sign,22737.154261378,41.769999370444566,0.8630013326182961,0.40599843487143517,5.188001523492858,0.1309999788645655,48.35800064029172,1,0
2698,sign,22737.199636658,112.53599950578064,3.4850017982535064,1.8509999790694565,12.584001524373889,0.5509973561856896,131.00700016366318,1,0
2699,sign,22737.244485805,89.63100117398426,3.0369992600753903,1.3809985830448568,10.388001101091504,0.5459987733047456,104.98299889150076,1,0
2700,sign,22737.289424514,76.95000022067688,1.476997567806393,0.800002453615889,7.728998753009364,0.2529995981603861,87.20899859326892,1,0
2701,sign,22737.334547714,93.62499986309558,3.1320014386437833,1.3210010365583003,11.893000191776082,0.47399953473359346,110.44500206480734,1,0
2702,sign,22737.379603679,95.74000068823807,3.134999133180827,1.4799989003222436,11.899999663000926,0.44999978854320943,112.70499817328528,1,0
2703,sign,22737.38143201,92.9689995246008,249.36400222941302,105.82399772829376,8.90500086825341,1.0160001693293452,458.07800051989034,1,1
2704,sign,22737.412581778,44.48500112630427,110.50600005546585,33.5810000251513,2.467997546773404,0.3130007826257497,191.35299953632057,1,1
2705,sign,22737.454530386,106.34200225467794,5.1059978432022035,2.9889997676946223,12.591000995598733,1.1499978427309543,128.17799870390445,1,0
2706,sign,22737.499598809,96.1419973464217,5.1440001698210835,3.2999996619764715,12.579002941492945,1.052998413797468,118.21799853350967,1,0
2707,sign,22737.544595818,179.9689998733811,10.440002370160073,5.218000296736136,23.647997295483947,1.4620018191635609,220.73700165492482,1,0
2708,sign,22737.589355726,77.57000275887549,3.9799997466616333,2.257998858112842,9.816998499445617,0.8300012268591672,94.45500108995475,1,0
2709,sign,22737.634570523,96.1619989539031,5.589001375483349,2.949996996903792,12.44700251845643,1.1659976735245436,118.31399751827121,1,0
2710,sign,22737.660059037,48.60400076722726,142.63800039771013,55.17299723578617,4.196001100353897,0.39600126910954714,251.007000770187,1,1
2711,sign,22737.68354185,34.33199890423566,97.67899973667227,32.42499951738864,2.3559987312182784,0.31100353226065636,167.1030004217755,1,1
2712,sign,22737.709090267,61.454000388039276,134.15099965641275,44.78000118979253,3.168999683111906,0.386000465368852,243.9400013827253,1,1
2713,sign,22737.734262659,95.60399848851375,259.51800125767477,103.40299922972918,7.373000698862597,0.9750001481734216,466.8729998229537,1,1
2714,sign,22737.758609075,83.20800043293275,240.6129970040638,141.26500173006207,9.299001249019057,1.052998413797468,475.43799882987514,1,1
2715,sign,22737.786383123,84.78699965053238,343.28000037930906,252.05400015693158,15.617999451933429,1.434000296285376,697.1729999349918,1,1
2716,sign,22737.816388446,42.69499913789332,109.03699876507744,33.977001294260845,2.3079992388375103,0.24200198822654784,188.25900042429566,1,1
2717,sign,22737.842819832,67.98200047342107,192.34800129197538,70.92699888744392,4.796998837264255,0.643001840217039,336.69700133032165,1,1
2718,sign,22737.877218458,77.67799979774281,238.3879982517101,102.65500168316066,6.989997928030789,0.7680027920287102,426.47900045267306,1,1
2719,sign,22737.903638727,249.56700144684874,616.8680010887329,288.99599783471785,19.81899913516827,2.2000021999701858,1177.450001705438,1,1
2720,sign,22737.92793062,52.595998567994684,160.69800039986148,45.032000343780965,3.236000338802114,0.4540015652310103,262.01600121567026,1,1
2721,sign,22737.95103693,33.107000490417704,98.36599929258227,33.01800097688101,2.1679989004042,0.31099989428184927,166.96999955456704,1,1
2722,sign,22737.977305492,106.24100104905665,295.5429990834091,165.60500080231577,8.578997949371114,0.9440009307581931,576.9119998149108,1,1
2723,sign,22738.003252368,96.94500113255344,269.5740004128311,105.52100138738751,7.116999768186361,0.8919996616896242,480.049002362648,1,1
2724,sign,22738.029718076,97.20900197862647,293.1609997176565,151.29799794522114,8.4550010797102,1.0600015230011195,551.1830022442155,1,1
2725,sign,22738.054734862,42.40100315655582,306.4459997403901,64.14800009224564,5.55400038138032,0.6229965947568417,419.1719999653287,1,1
2726,sign,22738.079904354,46.488999942084774,123.34600251051597,34.949000109918416,2.6849993446376175,0.30199953471310437,207.77100144186988,1,1
2727,sign,22738.129525994,84.39199882559478,4.556000931188464,3.0419978429563344,11.281001206953079,1.0490002750884742,104.31999908178113,1,0
2728,sign,22738.174459233,95.71199916535988,4.974001058144495,3.3709984563756734,12.362001143628731,1.0830008250195533,117.50200064852834,1,0
2729,sign,22738.219243635,41.315997805213556,1.9280014385003597,1.1230004020035267,5.4679985623806715,0.37300196709111333,50.20800017518923,1,0
2730,sign,22738.233796408,65.19800081150606,189.8359987535514,64.98299990198575,4.052999429404736,0.5260008038021624,324.5959997002501,1,1
2731,sign,22738.262282595,90.3530017239973,278.0739996524062,105.03100202186033,7.6979995355941355,0.8759998308960348,482.032002764754,1,1
2732,sign,22738.288508156,142.37299910746515,255.0469980633352,120.33399980282411,7.255002856254578,0.9559989848639816,525.964998814743,1,1
2733,sign,22738.320841913,102.46199963148683,304.9500010092743,112.30200107092969,7.991999154910445,0.9920004231389612,528.6980012897402,1,1
2734,sign,22738.346065788,43.55300188763067,107.17300028773025,32.0209983328823,2.330001734662801,0.6949994713068008,185.77200171421282,1,1
2735,sign,22738.370484299,43.14399848226458,111.9760017900262,48.311998398276046,2.4180008040275425,0.3950008249375969,206.24500029953197,1,1
2736,sign,22738.414556163,105.36400077398866,3.1950003176461905,1.6029989637900144,12.713000614894554,0.5570000212173909,123.43200069153681,1,0
2737,sign,22738.45951739,68.00799746997654,2.3850006982684135,0.995998561847955,8.570001227781177,0.37900099414400756,80.3379989520181,1,0
2738,sign,22738.500980192,83.03600043291226,172.89099923800677,48.5460004711058,3.697001375257969,0.4389985406305641,308.60900005791336,1,1
2739,sign,22738.530374144,87.61299977777526,240.67800040938891,103.33699901821092,7.186001312220469,0.8239985618274659,439.637999079423,1,1
2740,sign,22738.561382081,129.15600018459372,377.19499960076064,179.70599947148003,9.53100243350491,1.2179989425931126,696.8060006329324,1,1
2741,sign,22738.586075785,82.49500024248846,242.92600210173987,101.56799908145331,6.738999218214303,0.8770002750679851,434.6050009189639,1,1
2742,sign,22738.610491217,35.58399839675985,100.1109994831495,32.60200173826888,2.6859997888095677,0.3540008037816733,171.33700021076947,1,1
2743,sign,22738.636953944,97.50700337463059,194.43199926172383,73.84600030491129,5.177997081773356,0.6980008038226515,371.6610008268617,1,1
2744,sign,22738.6657253,103.48700016038492,301.70199897838756,114.71800098661333,8.035996870603412,0.9590003173798323,528.9019973133691,1,1
2745,sign,22738.69370984,89.03999696485698,276.35500009637326,110.61500117648393,6.795002263970673,0.8979986887425184,483.70299919042736,1,1
2746,sign,22738.720388351,112.34399789827876,330.05500154104084,160.70499987108633,30.61800089199096,1.3049975677859038,635.0269977701828,1,1
2747,sign,22738.743940728,78.13100091880187,124.95899864006788,35.279001167509705,3.3819997042883188,0.25099870981648564,242.00199914048426,1,1
2748,sign,22738.767788665,55.68999768001959,150.17199984868057,72.15599907794967,4.13500310969539,0.4840003384742886,282.6370000548195,1,1
2749,sign,22738.793385878,53.71499719331041,149.50700278859586,44.251999497646466,3.0999981390777975,0.386000465368852,250.95999808399938,1,1
2750,sign,22738.820530288,74.05999713228084,233.95199968945235,103.66900096414611,6.689999281661585,0.7350026862695813,419.10599975381047,1,1
2751,sign,22738.8449266,125.87200035341084,251.36200201814063,101.95600043516606,6.807997124269605,1.0650001058820635,487.0630000368692,1,1
2752,sign,22738.868189645,53.83399911806919,162.82100114040077,62.3460000497289,4.082998202648014,0.5130023055244237,283.5970008163713,1,1
2753,sign,22738.894790377,34.832002711482346,106.91999705159105,38.02700302912854,2.8180002118460834,0.34299955586902797,182.94000255991705,1,1
2754,sign,22738.921771144,112.2030007536523,377.46700036223046,164.720000611851,11.21199966291897,1.2469972716644406,666.8489986623172,1,1
2755,sign,22738.951761178,125.49000166472979,362.70399868953973,164.74099902552553,10.05200101644732,1.257998519577086,664.2449989158195,1,1
2756,sign,22738.976971595,104.12600022391416,245.4960012983065,102.41799827781506,6.942002073628828,0.7889975677244365,459.770999441389,1,1
2757,sign,22739.003110022,50.69499820820056,148.48600039840676,56.87299926648848,3.8370017136912793,0.35600169212557375,260.24700127891265,1,1
2758,sign,22739.027051028,43.157000618521124,106.93600052036345,32.4200009345077,2.4990004021674395,0.3169989213347435,185.32900139689445,1,1
2759,sign,22739.052630886,96.94099935586564,269.08200015896,148.3530031691771,7.856997399358079,0.829000782687217,523.062000866048,1,1
2760,sign,22739.076901151,124.16200115694664,331.3939996587578,166.6450007178355,9.243001841241494,1.3279968698043376,632.7720002445858,1,1
2761,sign,22739.100671585,115.6149992311839,361.14199974690564,165.81399904680438,9.377999958815053,0.9649993444327265,652.9139973281417,1,1
2762,sign,22739.124792705,103.08600030839443,277.051000011852,106.33400233928114,7.081998774083331,0.8690003596711904,494.4220017932821,1,1
2763,sign,22739.148683306,93.96399764227681,287.8500017686747,109.80899969581515,7.343998731812462,0.8370006980840117,499.80399853666313,1,1
2764,sign,22739.179057347,90.51400047610514,248.34999931044877,101.86000145040452,7.336999260587618,0.8440001693088561,448.9050006668549,1,1
2765,sign,22739.207269042,48.02500188816339,132.55399971967563,35.991000913782045,2.377997589064762,0.3300010575912893,219.27800116827711,1,1
2766,sign,22739.235362347,91.72399950330146,256.25399939599447,102.40900155622512,7.005997758824378,0.8679999154992402,458.26099812984467,1,1
2767,sign,22739.260175895,102.69099948345684,241.3910005998332,102.46599777019583,7.435002771671861,0.8469978638458997,454.82999848900363,1,1
2768,sign,22739.284263249,88.27300189295784,260.78399969264865,106.2379997165408,7.680999260628596,1.0250005288980901,464.00100109167397,1,1
2769,sign,22739.307736279,87.78100163908675,265.4449999681674,138.26599752064794,9.363000572193414,1.1619995348155499,502.01699923491105,1,1
2770,sign,22739.331734178,77.89000301272608,258.29399965004995,106.60199768608436,6.8830013333354145,0.9040013537742198,450.57300303597003,1,1
2771,sign,22739.358922085,133.54299881029874,258.7769995443523,102.58300244458951,6.926999049028382,0.8179995347745717,502.6479993830435,1,1
2772,sign,22739.387245684,97.91300180950202,258.3289970061742,101.74300041398965,7.229999027913436,0.8130009518936276,466.0279992094729,1,1
2773,sign,22739.415276208,93.40399992652237,254.21999816899188,103.05000250809826,6.8199988163542,0.8460010576527566,458.34000047761947,1,1
2774,sign,22739.443134659,90.97200018004514,255.83200113032945,101.38499783352017,6.911002856213599,0.8159986464306712,455.91600064653903,1,1
2775,sign,22739.470915091,83.30700075021014,275.4820015979931,102.52599895466119,7.591999747091904,0.9409995982423425,469.84800064819865,1,1
2776,sign,22739.499385158,84.76699804305099,247.66900241957046,103.8390000758227,7.490998541470617,0.9010000212583691,444.66699910117313,1,1
2777,sign,22739.527340889,78.99800039012916,237.64400248182938,102.33499779133126,6.8070003180764616,1.3479984772857279,427.131999458652,1,1
2778,sign,22739.556655295,80.4919982329011,255.47500263201073,126.24699957086705,7.148999429773539,0.934000127017498,470.2969999925699,1,1
2779,sign,22739.586779034,78.06899884599261,265.7449986145366,105.03800149308518,6.980000762268901,0.8739989425521344,456.7059986584354,1,1
2780,sign,22739.616826253,80.31299876165576,269.3620008358266,104.03399937786162,7.074999302858487,1.1920019460376352,461.9760002242401,1,1
2781,sign,22739.642865237,106.19999738992192,257.33300208230503,97.62400077306665,6.433998350985348,0.8440001693088561,468.4349987655878,1,1
2782,sign,22739.667442514,92.11200085701421,279.63499815086834,107.69000073196366,6.81899837218225,0.948002707445994,487.20400081947446,1,1
2783,sign,22739.69148942,80.81299893092364,240.94199761748314,103.11500227544457,7.1549984568264335,1.071999577106908,433.0969968577847,1,1
2784,sign,22739.717082964,83.2719997561071,234.65699996449985,96.32899673306383,6.792000931454822,0.8019997039809823,421.8519970891066,1,1
2785,sign,22739.746926306,104.84299855306745,257.2189987404272,95.18800288788043,6.95599737809971,0.7320013537537307,464.9379989132285,1,1
2786,sign,22739.773853142,118.50800001411699,344.1900007601362,110.62699923058972,7.711001671850681,0.9179966582451016,581.9539983349387,1,1
2787,sign,22739.804654182,84.46200081380084,256.7390001786407,145.97699919249862,8.025999704841524,0.9420000424142927,496.145999932196,1,1
2788,sign,22739.830200282,72.88600318133831,231.59299962571822,115.44999870238826,7.197999366326258,0.8829993021208793,428.0100001778919,1,1
2789,sign,22739.854998967,97.79200263437815,255.8209998824168,104.03599662822671,6.489000952569768,0.7580019882880151,464.89600208587945,1,1
2790,sign,22739.878239684,95.09099982096814,261.3180004118476,107.27599874371663,7.01400131219998,0.9280010999646038,471.62700138869695,1,1
2791,sign,22739.902721035,79.16600225144066,258.89399694278836,105.34400280448608,6.790000043110922,0.7839989848434925,450.9780010266695,1,1
2792,sign,22739.927674372,86.81100007379428,292.80499802553095,110.78100214945152,7.504000677727163,0.8549977792426944,498.7559987057466,1,1
2793,sign,22739.951030804,83.97000055992976,239.84399740584195,103.7660003930796,7.086000550771132,0.833999365568161,435.4999982751906,1,1
2794,sign,22739.975521277,76.87800098210573,272.51699793851003,185.37500000093132,11.584001185838133,1.290998625336215,547.6449987327214,1,1
2795,sign,22739.99896905,98.7069979601074,250.84000299102627,103.93999764346518,7.023001671768725,0.9609975677449256,461.4709978341125,1,1
2796,sign,22740.023025432,98.84699829854071,266.9929999683518,105.50400111242197,7.30800093151629,1.0509975254535675,479.70299783628434,1,1
2797,sign,22740.046843361,89.84599844552577,272.1800010476727,96.61700096330605,6.918999133631587,0.8269998943433166,466.3889994844794,1,1
2798,sign,22740.070986557,95.09500159765594,234.27199994330294,96.06599996914156,6.327998562483117,0.7880007615312934,432.54900083411485,1,1
2799,sign,22740.095400186,69.27799768163823,210.4420018440578,87.89699859335087,5.817000783281401,0.6980008038226515,374.13199970615096,1,1
2800,sign,22740.119779767,78.50700058043003,255.62299924786203,97.20399975776672,6.810001650592312,0.8189999789465219,438.9630012155976,1,1
2801,sign,22740.143890393,72.6649996067863,263.4190022945404,102.88199700880796,6.728001608280465,0.9549985406920314,446.64899905910715,1,1
2802,sign,22740.167849206,129.30400043842383,380.3550025622826,170.77299708034843,10.412000847281888,1.7420024960301816,692.5860034243669,1,1
2803,sign,22740.191925279,110.46500003430992,275.4560009634588,105.775998235913,6.938000296941027,0.824002199806273,499.459001730429,1,1
2804,sign,22740.21569855,77.12099977652542,260.5640002002474,108.83099821512587,6.745001883246005,0.7649978215340525,454.02599789667875,1,1
2805,sign,22740.240218325,107.41399819380604,261.1300005810335,103.93800039310008,7.058999472064897,0.8940005500335246,480.43499919003807,1,1
2806,sign,22740.265873177,89.29800242185593,283.70599829941057,103.88100054115057,7.122998795239255,0.90500179794617,484.9130018556025,1,1
2807,sign,22740.290584557,78.19000165909529,233.8859994779341,102.61699935654178,62.895000155549496,1.2950004020240158,478.8830010511447,1,1
2808,sign,22740.314046964,81.59700155374594,237.2679991822224,96.63099990575574,6.170001142891124,0.8770002750679851,422.5430020596832,1,1
2809,sign,22740.33927817,103.72900214861147,243.90600083279423,98.75300020212308,6.917998689459637,0.8969982445705682,454.203000117559,1,1
2810,sign,22740.364990023,90.14599709189497,252.6580028643366,100.8789986371994,7.5739990279544145,0.9120012691710144,452.1689988905564,1,1
2811,sign,22740.39507197,98.89899956760928,333.23599927825853,118.38100181194022,7.439997716573998,0.8330025593750179,558.789000933757,1,1
2812,sign,22740.420789827,118.11900185421109,356.2699967005756,157.359001605073,10.400999599369243,1.1619995348155499,643.3109992940444,1,1
2813,sign,22740.448725523,78.10099850757979,274.0849995461758,106.67199967429042,6.974001735216007,0.8429997251369059,466.67499918839894,1,1
2814,sign,22740.474956189,112.57400183239952,261.91700089839287,103.71999815106392,7.041002390906215,0.895997800398618,486.14800107316114,1,1
2815,sign,22740.503894573,78.99999764049426,247.93200282147154,96.24299855204299,6.407000910257921,0.8269998943433166,430.40899981861,1,1
2816,sign,22740.529970494,105.43999815126881,249.06900216592476,103.59499719925225,6.797999958507717,0.7110029400791973,465.61300041503273,1,1
2817,sign,22740.559043281,88.08300117379986,239.53400159371085,96.4559985732194,6.2969993450678885,0.7439994078595191,431.1140000936575,1,1
2818,sign,22740.588417835,163.6220004002098,326.53000016580336,193.91400201129727,11.05199771700427,1.3460012269206345,696.4640015212353,1,1
2819,sign,22740.615933161,110.86399899795651,286.9930031010881,109.1799967980478,7.959002687130123,0.9319992386735976,515.9280008228961,1,1
2820,sign,22740.641067734,90.13100134325214,250.40599939529784,145.98900088458322,7.943999662529677,1.0410003596916795,495.51100164535455,1,1
2821,sign,22740.665881615,79.4769985077437,291.77800024626777,102.52100037178025,6.564998329849914,0.8610004442743957,481.201997899916,1,1
2822,sign,22740.690818195,88.95800056052394,273.81800100556575,103.7600013660267,6.979000318096951,0.8139977580867708,474.3290010083001,1,1
2823,sign,22740.71998013,129.14199760416523,264.29900026414543,104.85500024515204,6.985999789321795,1.0130024747923017,506.2950003775768,1,1
2824,sign,22740.746197353,94.41599831916392,256.20900123612955,110.13900075340644,7.503000233555213,0.8930001058615744,469.1600006481167,1,1
2825,sign,22740.771110775,78.2550014264416,239.5369992882479,102.62899741064757,8.857001375872642,0.9799987310543656,430.2579982322641,1,1
2826,sign,22740.795204475,92.91399692301638,254.24200066481717,103.00299982191063,7.255999662447721,1.1539996194187552,458.56899669161066,1,1
2827,sign,22740.82141981,97.18699948280118,275.06600235938095,108.91499914578162,7.0829992182552814,1.0570001904852688,489.3080003967043,1,1
2828,sign,22740.846407678,77.68700015731156,233.93999799736775,103.18300337530673,6.8209992605261505,0.7620001269970089,422.3930009175092,1,1
2829,sign,22740.875632651,82.49199890997261,246.79900161572732,126.63999950746074,6.899997970322147,0.8829993021208793,463.7139973056037,1,1
2830,sign,22740.906058855,87.45400191401131,264.0269995026756,105.18500130274333,7.023998477961868,1.1640004231594503,464.85400162055157,1,1
2831,sign,22740.935826907,99.50599996955134,363.51499875308946,166.5600029809866,9.026996849570423,0.9760005923453718,639.5839991455432,1,1
2832,sign,22740.961822096,128.51599967689253,391.1780004273169,169.71600052784197,10.529998689889908,1.390999386785552,701.3309987087268,1,1
2833,sign,22740.986558005,79.4059997133445,243.62499971175566,101.33199975825846,6.900001608300954,0.7970011211000383,432.0600019127596,1,1
2834,sign,22741.013853939,76.97000182815827,264.5659988047555,95.80500045558438,6.509999366244301,0.6990012479946017,444.55000170273706,1,1
2835,sign,22741.04209412,79.46500045363791,239.7640018898528,103.19699867977761,6.764999852748588,0.8620008884463459,430.05300176446326,1,1
2836,sign,22741.068218591,96.51800064602867,255.51799990353175,102.51099956803955,7.845999789424241,1.190997863886878,463.5839977709111,1,1
2837,sign,22741.092795586,82.53200212493539,256.92000053822994,97.44199996930547,6.594000296900049,1.1109987099189311,444.5990016392898,1,1
2838,sign,22741.121587711,93.41300028609112,257.46100072865374,123.80499902064912,7.228998583741486,0.8730021363589913,482.78100075549446,1,1
2839,sign,22741.147388314,75.1430015952792,235.06000070483424,101.64999912376516,6.750000466126949,0.9260002116207033,419.52900210162625,1,1
2840,sign,22741.177279501,95.42399857309647,243.46899954252876,104.15400174679235,6.66299820295535,0.853000528877601,450.56299859425053,1,1
2841,sign,22741.203403359,100.84600216941908,250.55600053747185,101.85999781242572,7.138001819839701,0.8610004442743957,461.26100278343074,1,1
2842,sign,22741.227925766,123.46299990895204,254.979997407645,102.04900172539055,7.222999556688592,0.7950002327561378,488.5099988314323,1,1
2843,sign,22741.254368992,100.66100003314205,260.3980028652586,103.99699749541469,7.099002687027678,0.9789982868824154,473.13400136772543,1,1
2844,sign,22741.282651068,74.40600165864453,231.50699780671857,128.59100024797954,6.9449997681658715,0.9130017133429646,442.3620011948515,1,1
2845,sign,22741.310389927,73.07800115086138,231.51699861045927,102.54399967379868,6.668000423815101,0.8540009730495512,414.661000831984,1,1
2846,sign,22741.335813247,86.47000140626915,314.9699987261556,156.42200014553964,9.978000889532268,1.2570017133839428,569.0970028808806,1,1
2847,sign,22741.384648192,109.10799755947664,3.6199999158270657,1.4470024325419217,16.34599902899936,0.4930006980430335,131.01399963488802,1,0
2848,sign,22741.429483357,98.23000073083676,3.198001650162041,1.4399993233382702,11.50900061475113,0.4879984771832824,114.86500079627149,1,0
2849,sign,22741.474446762,86.50399831822142,2.569002390373498,1.3659991964232177,10.091000149259344,0.3889981599058956,100.91899821418338,1,0
2850,sign,22741.519356265,64.53500100178644,2.200999006163329,0.8030001481529325,6.99399970471859,0.30200317269191146,74.8350030335132,1,0
2851,sign,22741.564646978,94.5370011322666,2.862998371711001,1.553999027237296,11.772001016652212,0.5350011633709073,111.26100071123801,1,0
2852,sign,22741.609477749,88.5439985722769,2.8990034479647875,1.376996806357056,10.943000233964995,0.45900014811195433,104.2219992086757,1,0
2853,sign,22741.654841819,117.78200132539496,3.5230004868935794,1.344000338576734,15.957997675286606,0.5000001692678779,139.10699999541976,1,0
2854,sign,22741.699555656,83.24200098286383,2.8089998522773385,1.4889992598909885,10.219999239780009,0.47399953473359346,98.23399886954576,1,0
2855,sign,22741.744607753,86.64000051794574,3.122000634903088,1.6519989003427327,11.15899794967845,0.5710026016458869,103.1440006045159,1,0
2856,sign,22741.789625286,94.75700062466785,3.397999535081908,1.5900004655122757,12.016997061436996,0.5069996404927224,112.26899732719176,1,0
2857,sign,22741.834491401,91.21099719777703,3.3430005714762956,1.591000909684226,11.149000783916563,0.5330002750270069,107.82699973788112,1,0
2858,sign,22741.879559271,86.6109985508956,2.986998879350722,1.3780008885078132,10.611998732201755,0.5590009095612913,102.14699796051718,1,0
2859,sign,22741.924554557,118.42599997180514,2.753997250692919,1.3850003597326577,11.083000572398305,0.6310001481324434,134.27899830276147,1,0
2860,sign,22741.969650098,95.0680005189497,3.0750015866942704,1.448999682907015,12.33899820363149,0.5220026650931686,112.45300265727565,1,0
2861,sign,22742.014581753,90.81200187210925,3.040997398784384,1.5780024114064872,10.88099816115573,0.4840003384742886,106.79600018193014,1,0
2862,sign,22742.05951105,137.95400082017295,3.187000402249396,1.6779995348770171,11.866999557241797,0.4979992809239775,155.18399959546514,1,0
2863,sign,22742.104667301,94.78700303588994,2.834996848832816,1.6070007404778153,11.380001524230465,0.6249974831007421,111.23399963253178,1,0
2864,sign,22742.149525579,88.15999899525195,2.7189998945686966,1.4320030459202826,10.577998182270676,0.504998752148822,103.39399887016043,1,0
2865,sign,22742.194509077,94.32700244360603,3.1149975256994367,1.5510013327002525,11.3159985630773,0.486001226818189,110.79500109190121,1,0
2866,sign,22742.239534291,108.03600162034854,3.1230010790750384,1.7040001694113016,11.232998076593503,0.5180008884053677,124.61400183383375,1,0
2867,sign,22742.284624615,86.7769995238632,3.0199989851098508,1.5870027709752321,10.869000107049942,0.40899976738728583,102.66200115438551,1,0
2868,sign,22742.329519938,94.30999853066169,2.8860013117082417,1.4119978004600853,10.556999768596143,0.4770008672494441,109.6419982786756,1,0
2869,sign,22742.374599805,94.57100168219768,3.158998879371211,1.5849982446525246,11.97500023408793,0.4480025381781161,111.73800157848746,1,0
2870,sign,22742.41966259,89.2569987627212,3.069002559641376,1.3369972293730825,11.202999303350225,0.4020002961624414,105.26799815124832,1,0
2871,sign,22742.464558037,88.89399759937078,3.244000254198909,1.75300010596402,11.37200160883367,0.5500005499925464,105.81300011835992,1,0
2872,sign,22742.509488994,87.8589999047108,2.9699986043851823,1.4639990695286542,11.633001122390851,0.4710018401965499,104.39700054121204,1,0
2873,sign,22742.554806425,105.61700037214905,3.058998117921874,1.5730001905467361,10.95500192604959,0.4539979272522032,121.65799853391945,1,0
2874,sign,22742.599845988,152.2269994893577,30.005001462996006,2.3620013962499797,14.429999282583594,0.7739981811027974,199.79799981229007,1,0
2875,sign,22742.644624068,93.60999683849514,3.24900247505866,1.6039994079619646,11.52299955720082,0.5270012479741126,110.51299952669069,1,0
2876,sign,22742.689515697,94.57600026507862,3.017001290572807,1.4549987099599093,11.191001249244437,0.519001332577318,110.75800284743309,1,0
2877,sign,22742.734639306,95.04999979981221,3.1960007618181407,1.676999090705067,12.21899947267957,0.4890025593340397,112.63100168434903,1,0
2878,sign,22742.779514993,84.5260001369752,2.8380018193274736,1.453998265787959,9.985000360757113,0.5290021363180131,99.33200271916576,1,0
2879,sign,22742.824502574,104.9980019161012,2.9849979910068214,1.763000909704715,10.955998732242733,0.4800021997652948,121.18200174882077,1,0
2880,sign,22742.869652176,104.9330021487549,3.9279984775930643,1.9600011000875384,13.368997315410525,0.6310001481324434,124.82099918997847,1,0
2881,sign,22742.914537054,87.18800017959438,2.692002453841269,1.3649987522512674,14.7339997056406,0.3850000211969018,106.36400111252442,1,0
2882,sign,22742.959634757,115.47800022526644,3.4179975045844913,1.630000042496249,4.755002009915188,0.48299989430233836,125.76399967656471,0,0
2883,sign,22743.004414586,0.8829993021208793,2.377000782871619,1.2279997463338077,1.038999471347779,0.2950000634882599,5.821999366162345,0,0
2884,sign,22743.049608429,0.8280003385152668,2.929999027401209,1.2640011846087873,0.9930008673109114,0.34999902709387243,6.365000444930047,0,0
2885,sign,22743.094480307,1.0989970178343356,2.3190004867501557,1.029002305585891,1.0209987522102892,0.3120003384537995,5.779998900834471,0,0
2886,sign,22743.139538876,0.9640025382395834,2.395998308202252,1.1230004020035267,0.8189999789465219,0.447998900199309,5.750000127591193,0,0
2887,sign,22743.184638932,0.9369978215545416,2.182001480832696,1.0990006558131427,0.9269970178138465,0.26000270736403763,5.404999683378264,0,0
2888,sign,22743.229530181,0.9039977157954127,2.5860026653390378,1.1479969543870538,1.0250005288980901,0.3070017555728555,5.96999961999245,0,0
2889,sign,22743.274567594,1.0229996405541897,2.5570006982889026,1.2320015230216086,1.1039992386940867,0.32400203053839505,6.240003131097183,0,0
2890,sign,22743.319767998,1.0090006981045008,2.939999831141904,1.2889977369923145,1.1080010153818876,0.4610010364558548,6.8070003180764616,0,0
2891,sign,22743.364689292,1.190997863886878,2.840002707671374,1.2239979696460068,0.9220020729117095,0.4379980964586139,6.614998710574582,0,0
2892,sign,22743.409530761,1.4129982446320355,2.354001480853185,1.0900002962443978,1.1459997040219605,0.33299875212833285,6.335998477879912,0,0
2893,sign,22743.454660994,1.0129988368134946,2.649001544341445,1.229000190505758,1.1259980965405703,0.47299909056164324,6.489997758762911,0,0
2894,sign,22743.499468034,0.9880022844299674,2.439999661874026,1.1349984561093152,0.9159994078800082,0.32800016924738884,5.806999979540706,0,0
2895,sign,22743.544552467,1.0750009096227586,2.5750014174263924,1.095999323297292,1.0929979907814413,0.39600126910954714,6.2350009102374315,0,0
2896,sign,22743.589541544,0.9310024324804544,2.667999069672078,1.1619995348155499,1.0559997463133186,0.4579997039400041,6.275000487221405,0,0
2897,sign,22743.63448266,0.9370014595333487,2.5999979698099196,1.124000846175477,1.0500007192604244,0.30500086722895503,6.016001862008125,0,0
2898,sign,22743.679563666,1.001000782707706,2.7380010578781366,1.1939991964027286,1.1140000424347818,0.3399982233531773,6.38699930277653,0,0
2899,sign,22743.724518689,1.305001205764711,2.7599999157246202,1.0889998520724475,1.0549993021413684,0.3679997462313622,6.577000021934509,0,0
2900,sign,22743.769620348,0.9789982868824154,2.7230016712564975,1.0709991329349577,1.0760013537947088,0.37299832911230624,6.221998773980886,0,0
2901,sign,22743.814583908,1.2220007192809135,2.672000846359879,1.0760013537947088,1.1349984561093152,0.3179993655066937,6.42300074105151,0,0
2902,sign,22743.859606587,0.8759998308960348,2.658998710103333,1.001000782707706,1.0270014172419906,0.3079985617659986,5.870999302715063,0,0
2903,sign,22743.904428912,0.7039998308755457,2.5990011636167765,0.9549985406920314,1.2320015230216086,0.3800014383159578,5.87000249652192,0,0
2904,sign,22743.949632323,0.9879986464511603,2.6080015231855214,1.1419979273341596,1.047999830916524,0.34600088838487864,6.131998816272244,0,0
2905,sign,22743.994682721,0.9489995136391371,2.6189991331193596,1.047999830916524,1.0410003596916795,0.3850000211969018,6.041998858563602,0,0
2906,sign,22744.039525603,0.8980023267213255,2.3799984774086624,0.9639989002607763,1.1830015864688903,0.2900014806073159,5.71500277146697,0,0
2907,sign,22744.084603705,0.8540009730495512,2.5949993869289756,1.0650001058820635,1.0889998520724475,0.28299837140366435,5.885998689336702,0,0
2908,sign,22744.129492459,0.8229981176555157,2.34400067711249,0.9940013114828616,1.104999682866037,0.3159984771627933,5.581998266279697,0,0
2909,sign,22744.174311716,0.471998646389693,1.252999936696142,0.5610017979051918,0.5340007191989571,0.14299803297035396,2.962999133160338,0,0
2910,sign,22744.219585456,0.914998963708058,2.0699990272987634,1.0250005288980901,1.0280018614139408,0.3119967004749924,5.349997081793845,0,0
2911,sign,22744.264599379,1.1279989848844707,2.277000021422282,1.119002263294533,1.1989977792836726,0.34600088838487864,6.068999937269837,0,0
2912,sign,22744.309479809,0.9260002116207033,2.558001142460853,1.0980002116411924,1.2919990695081651,0.35500124795362353,6.229001883184537,0,0
2913,sign,22744.35453445,0.934000127017498,2.368997229496017,1.0309995559509844,1.1360025382600725,0.25999906938523054,5.7299985201098025,0,0
2914,sign,22744.399518403,0.9760005923453718,2.5240005925297737,0.9850009519141167,1.2040000001434237,0.35499760997481644,6.043999746907502,0,0
2915,sign,22744.444620584,0.8999995770864189,2.5789995561353862,0.9819996193982661,1.2120035535190254,0.30499722925014794,5.977999535389245,0,0
2916,sign,22744.489578194,1.1980009730905294,2.338998456252739,1.1350020940881222,0.914998963708058,0.3679997462313622,5.955000233370811,0,0
2917,sign,22744.534562883,1.02400008472614,2.5900008040480316,1.1060001270379871,1.0809999366756529,0.2979977580253035,6.098998710513115,0,0
2918,sign,22744.579502439,0.8070019248407334,2.2809981601312757,1.0000003385357559,0.9659997886046767,0.2849992597475648,5.3389994718600065,0,0
2919,sign,22744.624275999,0.43200270738452673,0.7899980118963867,0.32500247471034527,0.3749992174562067,0.10199801181443036,2.0240004232618958,0,0
2920,sign,22744.669405644,0.43199906940571964,1.0610019671730697,0.4489993443712592,0.44199987314641476,0.1400003384333104,2.5240005925297737,0,0
2921,sign,22744.714273836,0.3809982445091009,0.776999513618648,0.34199911169707775,0.3440000000409782,0.08700226317159832,1.9309991330374032,0,0
2922,sign,22744.759273018,0.5359979695640504,0.7369999366346747,0.3070017555728555,0.3249988367315382,0.08700226317159832,1.992000761674717,0,0
2923,sign,22744.804514969,0.5459987733047456,1.667001924943179,0.7229973562061787,0.7440030458383262,0.21099913283251226,3.8910002331249416,0,0
2924,sign,22744.849498822,1.091997546609491,2.2750027710571885,1.0369985830038786,1.1650008673314005,0.2979977580253035,5.866997526027262,0,0
2925,sign,22744.894504598,0.9840005077421665,2.3949978640303016,0.9950017556548119,1.0049989214166999,0.32400203053839505,5.703001079382375,0,0
2926,sign,22744.939494848,0.9879986464511603,2.712000423343852,1.2220007192809135,1.239000994246453,0.33700052881613374,6.498001312138513,0,0
2927,sign,22744.984678388,1.0700023267418146,2.2519998310599476,0.910000380827114,1.1509982869029045,0.36400160752236843,5.747002433054149,0,0
2928,sign,22745.029417671,1.1919983080588281,2.472999767633155,1.0940020729321986,1.0929979907814413,0.37300196709111333,6.225000106496736,0,0
2929,sign,22745.07452357,1.0739968274720013,2.750002749962732,1.2419986887834966,1.309999788645655,0.42000101529993117,6.795999070163816,0,0
2930,sign,22745.119556765,0.9760005923453718,2.278000465594232,1.1109987099189311,1.0410003596916795,0.36100027500651777,5.767000402556732,0,0
2931,sign,22745.164491194,1.2130003597121686,2.396001946181059,1.2169984984211624,0.990999978967011,0.27799978852272034,6.095000571804121,0,0
2932,sign,22745.209513499,0.9679970389697701,2.655000571394339,1.2500022421590984,0.9119976311922073,0.32400203053839505,6.10899951425381,0,0
2933,sign,22745.25451253,1.4160032151266932,2.8809990908484906,1.1349984561093152,1.1250012903474271,0.3540008037816733,6.911002856213599,0,0
2934,sign,22745.299612601,0.9699979273136705,2.4220025807153434,1.086998963728547,0.8780007192399353,0.2679989847820252,5.6249991757795215,0,0
2935,sign,22745.344435403,1.3589997251983732,2.163000317523256,1.1510019248817116,1.190997863886878,0.362000719178468,6.226000550668687,0,0
2936,sign,22745.38945437,1.1089978215750307,2.4319997464772314,1.0140029189642519,1.000997144728899,0.27500209398567677,5.83099972573109,0,0
2937,sign,22745.434386986,0.9329996828455478,2.511002094252035,1.0309995559509844,1.0440016922075301,0.3850000211969018,5.904003046452999,0,0
2938,sign,22745.479500215,0.8600000001024455,2.5090012059081346,1.1160009307786822,0.8799979696050286,0.3220011421944946,5.6870012485887855,0,0
2939,sign,22745.524503083,0.8739989425521344,2.197000867454335,1.0559997463133186,1.0080002539325505,0.41399835026822984,5.5489981605205685,0,0
2940,sign,22745.569414269,0.8239985618274659,2.402000973233953,1.0969997674692422,0.9920004231389612,0.3579989424906671,5.6729986681602895,0,0
2941,sign,22745.614447102,0.9830000635702163,2.3809989215806127,1.028998667607084,0.9440009307581931,0.3029999788850546,5.639998562401161,0,0
2942,sign,22745.659467475,1.2029995559714735,2.339998900424689,1.1920019460376352,1.0179974196944386,0.3410023055039346,6.094000127632171,0,0
2943,sign,22745.704669975,1.4840006770100445,3.845001629088074,1.776999852154404,1.6859994502738118,0.5029978638049215,9.294999472331256,0,0
2944,sign,22745.749615107,0.9559989848639816,2.373999450355768,1.0570001904852688,0.8320021152030677,0.35999983083456755,5.579000571742654,0,0
2945,sign,22745.794487021,0.8699971658643335,2.515000232961029,0.972002453636378,0.8059978426899761,0.3130007826257497,5.475998477777466,0,0
2946,sign,22745.839462482,0.957999873207882,2.2170024749357253,1.1459997040219605,1.0169969755224884,0.26999987312592566,5.607998900813982,0,0
2947,sign,22745.884469885,0.8789975254330784,2.688000677153468,0.8520000847056508,1.0680014383979142,0.32299794838763773,5.809997674077749,0,0
2948,sign,22745.929478109,0.9739997040014714,2.3650027287658304,1.1159972927998751,1.1090014595538378,0.32000025385059416,5.884001438971609,0,0
2949,sign,22745.97446681,1.0270014172419906,2.519998815841973,0.9460018191020936,1.0349976946599782,0.4020002961624414,5.9300000430084765,0,0
2950,sign,22746.019504584,0.8659990271553397,2.6080015231855214,1.0369985830038786,0.9219984349329025,0.2950000634882599,5.727997631765902,0,0
2951,sign,22746.064492831,0.9069990483112633,2.402000973233953,1.019001501845196,1.1789998097810894,0.3210006980225444,5.828002031194046,0,0
2952,sign,22746.109529302,1.0129988368134946,2.616001438582316,1.0699986887630075,1.1840020306408405,0.3039967850781977,6.186997779877856,0,0
2953,sign,22746.154503147,0.9479990694671869,2.4809996830299497,1.233998773386702,1.2020027497783303,0.49199661589227617,6.356996891554445,0,0
2954,sign,22746.199374252,0.6040027074050158,1.3369972293730825,0.7150010787881911,0.5610017979051918,0.17499769455753267,3.392000508029014,0,0
2955,sign,22746.244491048,0.7779999577905983,2.3479988158214837,1.14399881567806,0.9780014806892723,0.3040004230570048,5.551999493036419,0,0
2956,sign,22746.289504943,0.8930001058615744,2.6149973564315587,1.1629999789875,0.9120012691710144,0.3480017767287791,5.931000487180427,0,0
2957,sign,22746.334554586,0.9220020729117095,2.5839981390163302,1.167001755675301,1.0969997674692422,0.36100027500651777,6.131002010079101,0,0
2958,sign,22746.379579326,0.8829993021208793,2.634002157719806,1.1979973351117224,0.7900016498751938,0.2820015652105212,5.7870020100381225,0,0
2959,sign,22746.4245487,1.0559997463133186,2.320997737115249,1.0070034477394074,0.9669965947978199,0.2680026227608323,5.619000148726627,0,0
2960,sign,22746.469744941,1.434000296285376,3.9869992178864777,1.5789992175996304,1.1230004020035267,0.46000059228390455,8.582999726058915,0,0
2961,sign,22746.514609139,0.9299983503296971,2.300999767612666,1.0250005288980901,1.02400008472614,0.3679997462313622,5.647998477797955,0,0
2962,sign,22746.559501685,0.957999873207882,2.425000275252387,1.1840020306408405,1.0160001693293452,0.33299875212833285,5.916001100558788,0,0
2963,sign,22746.604504248,1.1789998097810894,2.691998815862462,1.1510019248817116,1.0139992809854448,0.29700095183216035,6.333000783342868,0,0
2964,sign,22746.649536281,0.9470022632740438,2.3749998945277184,1.167998561868444,0.9270006557926536,0.3169989213347435,5.734000296797603,0,0
2965,sign,22746.694437146,0.8819988579489291,2.3270004021469504,1.329000951955095,1.0459989425726235,0.2989982021972537,5.882997356820852,0,0
2966,sign,22746.739550561,0.9180002962239087,2.673001290531829,1.2329983292147517,1.1890006135217845,0.3540008037816733,6.367001333273947,0,0
2967,sign,22746.78453824,0.890999217517674,2.4270011635962874,1.3399985618889332,1.0590010788291693,0.3759996616281569,6.092999683460221,0,0
2968,sign,22746.829593134,0.938998709898442,2.5410008674953133,1.2540003808680922,1.104999682866037,0.3259992809034884,6.164998922031373,0,0
2969,sign,22746.87456968,0.9630020940676332,2.5079971237573773,1.134001649916172,1.091000740416348,0.3309978637844324,6.026999471941963,0,0
2970,sign,22746.919419538,0.4899993655271828,1.2980017345398664,0.5729998520109802,0.47399953473359346,0.1679982233326882,3.002998710144311,0,0
2971,sign,22746.964889696,1.4979996194597334,2.878001396311447,1.2890013749711215,0.9639989002607763,0.4569992597680539,7.086000550771132,0,0
2972,sign,22747.009362868,0.6189984560478479,1.6240010154433548,0.6330010364763439,0.6199989002197981,0.16700141713954508,3.6630008253268898,0,0
2973,sign,22747.054274646,0.3749992174562067,1.0080002539325505,0.471998646389693,0.3989989636465907,0.15300247468985617,2.406999556114897,0,0
2974,sign,22747.099444401,0.8009992598090321,2.325999957975,1.0550029401201755,0.8679999154992402,0.28799695428460836,5.337999027688056,0,0
2975,sign,22747.144751034,1.219999830937013,2.845001290552318,1.1849988368339837,1.124000846175477,0.31099989428184927,6.685000698780641,0,0
2976,sign,22747.18950264,1.4179968275129795,2.4360015231650323,1.2759992387145758,1.053002051776275,0.32000025385059416,6.502999895019457,0,0
2977,sign,22747.234502097,0.8890019671525806,2.2519998310599476,1.0369985830038786,1.034000888466835,0.26999987312592566,5.4820011428091675,0,0
2978,sign,22747.279564269,0.8189999789465219,2.591001248219982,1.1349984561093152,0.9319992386735976,0.3540008037816733,5.83099972573109,0,0
2979,sign,22747.324601438,1.2520031305029988,2.468997990945354,1.0139992809854448,1.0690018825698644,0.3569984983187169,6.161000783322379,0,0
2980,sign,22747.369533709,0.8560018613934517,2.2409985831473023,1.0090006981045008,0.8399983926210552,0.26999987312592566,5.215999408392236,0,0
2981,sign,22747.414830268,1.4329998521134257,4.241999704390764,1.6710000636521727,1.676999090705067,0.6350019248202443,9.658000635681674,0,0
2982,sign,22747.459274231,0.3899986040778458,0.7630005711689591,0.3589993866626173,0.3659988578874618,0.10300209396518767,1.9809995137620717,0,0
2983,sign,22747.504255575,0.34199911169707775,0.848001945996657,0.3129971446469426,0.34700133255682886,0.11600059224292636,1.9660001271404326,0,0
2984,sign,22747.549413259,0.6560003384947777,1.5420009731315076,0.7150010787881911,0.5459987733047456,0.19399885786697268,3.6530000215861946,0,0
2985,sign,22747.594620042,1.0129988368134946,1.7710008251015097,0.7400012691505253,0.6800000846851617,0.185998942470178,4.389999958220869,0,0
2986,sign,22747.639300149,0.4069988790433854,0.9200011845678091,0.39199949242174625,0.3710010787472129,0.11500014807097614,2.2050007828511298,0,0
2987,sign,22747.684255298,0.43699765228666365,0.7439994078595191,0.3540008037816733,0.39199949242174625,0.10200164979323745,2.02899900614284,0,0
2988,sign,22747.729647828,0.6599984772037715,1.6699996194802225,0.7800008461344987,0.7939997885841876,0.20200241124257445,4.106001142645255,0,0
2989,sign,22747.774329547,0.6600021151825786,1.6379999578930438,0.9479990694671869,0.7070011633913964,0.19799699657596648,4.150999302510172,0,0
2990,sign,22747.819514403,1.0680014383979142,2.282999048475176,1.0160001693293452,0.8979986887425184,0.3120003384537995,5.576999683398753,0,0
2991,sign,22747.864324369,0.4980029189027846,1.238997356267646,0.5660003807861358,0.5649999366141856,0.16400008462369442,3.0320006771944463,0,0
2992,sign,22747.909317434,0.5599977157544345,0.9620016498956829,0.37399877328425646,0.4220019036438316,0.10999792721122503,2.4279979697894305,0,0
2993,sign,22747.954547597,0.7729977369308472,1.9050021364819258,1.0069998097606003,0.9639989002607763,0.31099989428184927,4.959998477715999,0,0
2994,sign,22747.999378954,0.719002855475992,1.6689991753082722,0.7009984983596951,0.72900002123788,0.19599974621087313,4.014000296592712,0,0
2995,sign,22748.044431637,0.6239970389287919,1.672000507824123,0.6840018613729626,0.7369999366346747,0.19399885786697268,3.9109982026275247,0,0
2996,sign,22748.089333187,0.5590009095612913,1.553999027237296,0.6350019248202443,0.5319998308550566,0.17899947124533355,3.459001163719222,0,0
2997,sign,22748.134434542,0.7880007615312934,2.8289978217799217,1.0990006558131427,0.971998815657571,0.30500086722895503,5.992998922010884,0,0
2998,sign,22748.179645407,0.9460018191020936,2.6509987947065383,1.0360017768107355,1.1559968697838485,0.386000465368852,6.174999725772068,0,0
2999,sign,22748.224515081,1.0330004442948848,2.7669993869494647,1.0109979484695941,1.001000782707706,0.32000025385059416,6.131998816272244,0,0
3000,sign,22748.269607219,0.9969990060199052,2.5080007617361844,1.014999725157395,0.9479990694671869,0.39600126910954714,5.863999831490219,0,0
3001,sign,22748.314502961,1.0750009096227586,2.6050001906696707,1.0260009730700403,1.0379990271758288,0.24800101527944207,5.992002115817741,0,0
3002,sign,22748.359444086,0.88600063463673,2.230000973213464,0.9559989848639816,0.9629984560888261,0.276002538157627,5.311001586960629,0,0
3003,sign,22748.404621615,0.8429997251369059,2.625998604344204,1.2070013326592743,1.1259980965405703,0.43299951357766986,6.234997272258624,0,0
3004,sign,22748.449533815,1.5890000213403255,3.90299828723073,1.5330006135627627,1.6099984350148588,0.6250011210795492,9.259998478228226,0,0
3005,sign,22748.494536317,0.9369978215545416,2.254000719403848,0.9739997040014714,0.8960014383774251,0.3269997250754386,5.387999408412725,0,0
3006,sign,22748.539609305,1.2429991329554468,3.82100188289769,1.6739977581892163,1.6810008673928678,0.5280016921460629,8.947001333581284,0,0
3007,sign,22748.584477228,1.2080017768312246,3.869998181471601,1.1539996194187552,1.0570001904852688,0.4120010999031365,7.701000868109986,0,0
3008,sign,22748.629697965,0.9639989002607763,2.595999831100926,1.158001396106556,1.1880001693498343,0.39199949242174625,6.297999789239839,0,0
3009,sign,22748.674325784,0.523999915458262,1.1360025382600725,0.4789981176145375,0.5700021574739367,0.17799902707338333,2.887001755880192,0,0
3010,sign,22748.719368038,0.6359987310133874,1.848999090725556,0.8320021152030677,0.7489979907404631,0.2310007403139025,4.296998667996377,0,0
3011,sign,22748.764484609,0.8799979696050286,2.701999619603157,1.1800002539530396,1.0600015230011195,0.34099866752512753,6.162998033687472,0,0
3012,sign,22748.809569692,1.0040021152235568,2.2139975044410676,1.02400008472614,1.0809999366756529,0.31000308808870614,5.633002729155123,0,0
3013,sign,22748.854722719,1.0690018825698644,2.5899971660692245,1.2490017979871482,1.0680014383979142,0.29199873097240925,6.2680010159965605,0,0
3014,sign,22748.899642108,1.519998477306217,2.5980007194448262,0.9700015652924776,1.1429983715061098,0.43299951357766986,6.6639986471273005,0,0
3015,sign,22748.944635045,1.252999936696142,2.7599999157246202,1.248998160008341,1.1949996405746788,0.42399915400892496,6.880996807012707,0,0
3016,sign,22748.989483656,1.0039984772447497,2.6579982659313828,1.1080010153818876,1.1090014595538378,0.443000317318365,6.321999535430223,0,0
3017,sign,22749.03459656,1.0270014172419906,2.4369983293581754,1.014999725157395,1.1310003174003214,0.2850028977263719,5.895002686884254,0,0
3018,sign,22749.079581635,1.3589997251983732,2.2800013539381325,1.1169977369718254,1.2320015230216086,0.3489985829219222,6.336998922051862,0,0
3019,sign,22749.124641487,0.8759998308960348,2.2899985197000206,1.1180018191225827,0.9420000424142927,0.4040011845063418,5.630001396639273,0,0
3020,sign,22749.169489004,1.276999682886526,2.3749998945277184,1.1329975677654147,1.1379997886251658,0.3230015863664448,6.24599852017127,0,0
3021,sign,22749.214461044,1.0759977158159018,2.4840010155458003,1.152999175246805,1.1520023690536618,0.34099866752512753,6.205998943187296,0,0
3022,sign,22749.259778585,1.0949988791253418,2.4789987946860492,1.1110023478977382,1.033997250488028,0.3070017555728555,6.025999027770013,0,0
3023,sign,22749.304830822,1.0350013326387852,2.453998604323715,1.0710027709137648,1.2259988579899073,0.37800054997205734,6.16400211583823,0,0
3024,sign,22749.349439316,0.9120012691710144,2.540997229516506,1.124000846175477,0.8880015229806304,0.39199949242174625,5.857000360265374,0,0
3025,sign,22749.394498307,0.9309987945016474,2.391003363300115,1.0559997463133186,1.0589974408503622,0.36900019040331244,5.8059995353687555,0,0
3026,sign,22749.439528827,0.9360010153613985,2.7050009521190077,1.2130003597121686,1.0559997463133186,0.37000063457526267,6.280002708081156,0,0
3027,sign,22749.48447732,1.153002813225612,2.507000317564234,1.172997144749388,1.0460025805514306,0.2989982021972537,6.178001058287919,0,0
3028,sign,22749.529608058,1.001000782707706,2.2609965526498854,0.9160030458588153,1.0169969755224884,0.31099989428184927,5.505997251020744,0,0
3029,sign,22749.57450803,0.8690003596711904,2.1759988158009946,1.001000782707706,1.0109979484695941,0.30100272851996124,5.3580006351694465,0,0
3030,sign,22749.619872998,1.8140017346013337,4.535999323707074,1.9129984138999134,1.7450001905672252,0.5930014594923705,10.601001122267917,0,0
3031,sign,22749.664287441,0.4270004865247756,0.7580019882880151,0.33799733500927687,0.32900061341933906,0.11700103641487658,1.9690014596562833,0,0
3032,sign,22749.709246523,0.4169996827840805,0.7700000423938036,0.39199949242174625,0.33799733500927687,0.11600059224292636,2.0329971448518336,0,0
3033,sign,22749.754391011,0.8140013960655779,1.7899983504321426,0.824002199806273,0.7429989636875689,0.266998540610075,4.437999450601637,0,0
3034,sign,22749.799327305,0.48299989430233836,1.1559968697838485,0.4390021786093712,0.5219990271143615,0.16099875210784376,2.7609967219177634,0,0
3035,sign,22749.844270877,0.3979985194746405,0.8179995347745717,0.3569984983187169,0.34700133255682886,0.09799987310543656,2.0179977582301944,0,0
3036,sign,22749.889399254,0.5250003596302122,1.2950004020240158,0.48199945013038814,0.5340007191989571,0.1500011421740055,2.9860020731575787,0,0
3037,sign,22749.934544406,1.1469965102151036,2.396001946181059,1.229000190505758,0.9850009519141167,0.39999940781854093,6.156999006634578,0,0
3038,sign,22749.979494154,1.010001142276451,2.2120002540759742,1.0209987522102892,0.9650029824115336,0.32399839255958796,5.532001523533836,0,0
3039,sign,22750.024940764,1.6279991541523486,4.461999196792021,1.920001523103565,1.7319980543106794,0.5880028766114265,10.330000804970041,0,0
3040,sign,22750.069518492,0.9079994924832135,2.905999281210825,1.1970005289185792,1.04300124803558,0.3440000000409782,6.398000550689176,0,0
3041,sign,22750.11445837,0.8839997462928295,2.4000000848900527,0.9969990060199052,0.9270006557926536,0.2730012056417763,5.481000698637217,0,0
3042,sign,22750.159586805,0.9830000635702163,2.4620021576993167,1.0709991329349577,0.9780014806892723,0.2899978426285088,5.784000677522272,0,0
3043,sign,22750.204494587,1.0090006981045008,2.7889982447959483,1.1840020306408405,1.0490002750884742,0.3770001058001071,6.408001354429871,0,0
3044,sign,22750.249722493,1.3110002328176051,4.130997695028782,1.887001417344436,1.7069978639483452,0.5400033842306584,9.576000593369827,0,0
3045,sign,22750.294580334,1.3760000001639128,2.4670007405802608,1.0570001904852688,1.0839976312126964,0.34199911169707775,6.3259976741392165,0,0
3046,sign,22750.339741181,0.9169998520519584,2.2999993234407157,1.0210023901890963,1.1419979273341596,0.3179993655066937,5.697998858522624,0,0
3047,sign,22750.38457672,1.0049989214166999,2.5139997887890786,1.0410003596916795,1.1230004020035267,0.386000465368852,6.068999937269837,0,0
3048,sign,22750.429549179,0.9299983503296971,2.3550019250251353,0.8600000001024455,1.0270014172419906,0.3799978003371507,5.551999493036419,0,0
3049,sign,22750.474503744,0.9979994501918554,2.6419984351377934,1.1459997040219605,0.9590003173798323,0.3580025804694742,6.103000487200916,0,0
3050,sign,22750.519530901,1.2239979696460068,2.4719993234612048,1.1900010576937348,1.0309995559509844,0.3080021997448057,6.225000106496736,0,0
3051,sign,22750.564421471,0.8679999154992402,2.5749977794475853,1.0880030458793044,0.785999873187393,0.36499841371551156,5.681999027729034,0,0
3052,sign,22750.609554261,1.0030016710516065,2.3669999791309237,0.9469986252952367,0.9680006769485772,0.29299917514435947,5.578000127570704,0,0
3053,sign,22750.654485366,0.757998350309208,1.9479994080029428,0.9399991540703923,0.6800000846851617,0.24400287657044828,4.569999873638153,0,0
3054,sign,22750.699305352,0.8980023267213255,1.2889977369923145,0.5830006557516754,0.4270004865247756,0.2130000211764127,3.4100012271665037,0,0
3055,sign,22750.744476156,0.8110000635497272,2.6749985408969223,1.2210002751089633,1.0180010576732457,0.35099947126582265,6.075999408494681,0,0
3056,sign,22750.78957783,1.1619995348155499,3.463999746600166,1.4949982869438827,1.2130003597121686,0.47900175559334457,7.812999683665112,0,0
3057,sign,22750.834655029,1.3210010365583003,3.530996764311567,1.3220014807302505,1.2380005500745028,0.5580004653893411,7.970000297063962,0,0
3058,sign,22750.879678836,0.9409995982423425,2.7089990908280015,1.2939999578520656,1.0350013326387852,0.4199973773211241,6.398997356882319,0,0
3059,sign,22750.924453871,1.2309974408708513,2.5090012059081346,1.1330012057442218,1.0229996405541897,0.32299794838763773,6.218997441465035,0,0
3060,sign,22750.969754134,1.8290011212229729,4.419998731464148,1.9280014385003597,1.5080004232004285,0.6849986675661057,10.370000381954014,0,0
3061,sign,22751.014466147,0.7150010787881911,2.3849970602896065,1.101001544157043,0.9850009519141167,0.32399839255958796,5.509999027708545,0,0
3062,sign,22751.059583613,0.9489995136391371,2.2429994714912027,1.1250012903474271,0.9369978215545416,0.3339991963002831,5.587997293332592,0,0
3063,sign,22751.104535712,1.0280018614139408,2.4510009097866714,1.1550000635907054,1.0730000212788582,0.34599725040607154,6.053000106476247,0,0
3064,sign,22751.149391589,0.4890025593340397,1.401000190526247,0.5759975465480238,0.45100023271515965,0.17300044419243932,3.0900009733159095,0,0
3065,sign,22751.194436624,0.5230031092651188,1.1979973351117224,0.46000059228390455,0.43199906940571964,0.13300086720846593,2.7460009732749313,0,0
3066,sign,22751.239748075,0.9129980753641576,2.8430004022084177,1.2040000001434237,0.90500179794617,0.3249988367315382,6.189999112393707,0,0
3067,sign,22751.284437551,0.6360023689921945,1.4609977370128036,0.6490008672699332,0.5869987944606692,0.19400249584577978,3.5270022635813802,0,0
3068,sign,22751.329596694,1.1640004231594503,2.5709996407385916,1.1459997040219605,1.1890006135217845,0.3120003384537995,6.382000719895586,0,0
3069,sign,22751.374456055,0.9489995136391371,2.4520013539586216,1.0589974408503622,1.1370029824320227,0.31499803299084306,5.911999323870987,0,0
3070,sign,22751.419729302,1.3509998098015785,2.1859996195416898,1.119999069487676,0.9979994501918554,0.3820023266598582,6.037000275682658,0,0
3071,sign,22751.464558325,1.3700009731110185,2.926000888692215,1.0830008250195533,1.0939984349533916,0.3589993866626173,6.832000508438796,0,0
3072,sign,22751.509588159,1.0600015230011195,2.2509993868879974,1.1420015653129667,1.2239979696460068,0.366999302059412,6.043999746907502,0,0
3073,sign,22751.554519449,1.1779993656091392,2.3270004021469504,0.9729992598295212,1.0160001693293452,0.3269997250754386,5.820998921990395,0,0
3074,sign,22751.599524671,1.0490002750884742,2.491997292963788,1.091000740416348,1.1310003174003214,0.34700133255682886,6.10999995842576,0,0
3075,sign,22751.64428212,0.4760004230774939,0.9489995136391371,0.41000021155923605,0.38800135371275246,0.10700023267418146,2.330001734662801,0,0
3076,sign,22751.689517721,0.9140021575149149,1.4260003808885813,1.071999577106908,0.5789988790638745,0.18699938664212823,4.178000381216407,0,0
3077,sign,22751.73441254,0.41899693314917386,0.8320021152030677,0.3589993866626173,0.30099909054115415,0.10400253813713789,2.015000063693151,0,0
3078,sign,22751.779404098,0.8479983080178499,2.210999809904024,0.800002453615889,0.8209972293116152,0.17000274965539575,4.850000550504774,0,0
3079,sign,22751.824657658,1.4140023267827928,4.548997821984813,1.9850012904498726,2.0699990272987634,0.5549991328734905,10.572999599389732,0,0
3080,sign,22751.86965454,1.1759984772652388,2.7889982447959483,1.1560005077626556,1.229000190505758,0.37900099414400756,6.728998414473608,0,0
3081,sign,22751.914517226,1.272001100005582,2.401000529062003,1.229000190505758,1.353997504338622,0.3490022209007293,6.605001544812694,0,0
3082,sign,22751.959494929,1.2499986041802913,2.5560002541169524,1.2830023479182273,1.190997863886878,0.3390014171600342,6.619000487262383,0,0
3083,sign,22752.004717118,1.0049989214166999,2.4000000848900527,1.0180010576732457,0.9459981811232865,0.281001121038571,5.649999366141856,0,0
3084,sign,22752.04931434,0.3850000211969018,0.8279967005364597,0.3850000211969018,0.2770029823295772,0.12099917512387037,1.9959989003837109,0,0
3085,sign,22752.094524269,1.344000338576734,3.6150013329461217,1.5279983927030116,1.315002009505406,0.4489993443712592,8.251001418102533,0,0
3086,sign,22752.139553814,1.3790013326797634,2.859000233002007,1.3169992598704994,1.2609998520929366,0.39199949242174625,7.208000170066953,0,0
3087,sign,22752.184487708,0.8870010788086802,2.406999556114897,1.1449992598500103,0.9479990694671869,0.3210006980225444,5.707999662263319,0,0
3088,sign,22752.229510415,0.8460010576527566,2.3229986254591495,1.0780022421386093,0.9889990906231105,0.38799771573394537,5.623998731607571,0,0
3089,sign,22752.27475808,2.153999957954511,3.4850017982535064,1.4369979908224195,1.2920027074869722,0.3929999365936965,8.761002391111106,0,0
3090,sign,22752.319291832,0.3680033842101693,0.8119968697428703,0.3120003384537995,0.3170025593135506,0.12899909052066505,1.9380022422410548,0,0
3091,sign,22752.364571472,0.8759998308960348,2.0369989215396345,0.8829993021208793,0.7449998520314693,0.2770029823295772,4.818000888917595,0,0
3092,sign,22752.409756017,1.5909972717054188,2.5380031729582697,1.167998561868444,0.9370014595333487,0.3809982445091009,6.614998710574582,0,0
3093,sign,22752.454461879,1.1140000424347818,2.515000232961029,1.1600022844504565,1.2169984984211624,0.41100065573118627,6.417001713998616,0,0
3094,sign,22752.499668049,1.1189986253157258,13.59400266665034,1.172997144749388,0.9569994290359318,0.31600211514160037,17.158999980892986,0,0
3095,sign,22752.544499981,0.9520008461549878,2.6330017135478556,1.1019983503501862,0.8989991329144686,0.3179993655066937,5.903999408474192,0,0
3096,sign,22752.589667694,2.0610023057088256,3.969998942920938,1.7210004443768412,1.4430006558541209,0.5059991963207722,9.701001545181498,0,0
3097,sign,22752.634537822,1.0030016710516065,2.558997948653996,1.2189993867650628,1.0780022421386093,0.290998286800459,6.149999535409734,0,0
3098,sign,22752.679509181,0.9629984560888261,2.410000888630748,1.2979980965610594,1.1470001481939107,0.357002136297524,6.174999725772068,0,0
3099,sign,22752.72483956,1.2620002962648869,4.411998816067353,1.725002221064642,1.6659978427924216,12.41100108018145,21.476000256370753,0,0
3100,sign,22752.769527162,1.110001903725788,2.4410001060459763,1.0939984349533916,1.0170006135012954,0.42000101529993117,6.0820020735263824,0,0
3101,sign,22752.814560254,0.8960014383774251,2.5420013116672635,1.1179981811437756,1.077001797966659,0.3349996404722333,5.9680023696273565,0,0
3102,sign,22752.859704603,1.514999894425273,2.062999556073919,0.8879978850018233,0.7280032150447369,0.2630004019010812,5.457000952446833,0,0
3103,sign,22752.904492023,0.9639989002607763,2.1949999791104347,1.1379997886251658,0.9559989848639816,0.34600088838487864,5.598998541245237,0,0
3104,sign,22752.949420126,0.9020004654303193,2.36300184042193,1.0639996617101133,1.00599936558865,0.29299917514435947,5.628000508295372,0,0
3105,sign,22752.994512169,0.9239993232768029,2.396001946181059,1.2349992175586522,1.0359981388319284,0.36400160752236843,5.955000233370811,0,0
3106,sign,22753.039457933,0.8370006980840117,2.411001332802698,1.067000994225964,0.9119976311922073,0.36900019040331244,5.596000846708193,0,0
3107,sign,22753.084618748,1.0390031093265861,2.501998096704483,1.18200114229694,1.1029987945221364,0.3070017555728555,6.133002898423001,0,0
3108,sign,22753.129575866,1.2759992387145758,2.4820001272019,1.0309995559509844,0.9770010365173221,0.4019966581836343,6.167996616568416,0,0
3109,sign,22753.174511315,1.205000444315374,2.63900074060075,1.0990006558131427,1.019998308038339,0.38700090954080224,6.350001058308408,0,0
3110,sign,22753.21951908,1.172000338556245,2.2999993234407157,0.995998561847955,0.8810020517557859,0.3029999788850546,5.652000254485756,0,0
3111,sign,22753.264485881,0.9269970178138465,2.445001882733777,0.9819996193982661,1.0799994925037026,0.28700014809146523,5.720998160541058,0,0
3112,sign,22753.309599741,1.0110015864484012,2.382999809924513,1.1800002539530396,1.014999725157395,0.3440000000409782,5.933001375524327,0,0
3113,sign,22753.354486004,0.8690003596711904,2.8290014597587287,1.1599986464716494,1.1000010999850929,0.30600131140090525,6.264002877287567,0,0
3114,sign,22753.399458532,0.8850001904647797,2.4330001906491816,1.0699986887630075,0.92400296125561,0.3259992809034884,5.638001312036067,0,0
3115,sign,22753.444529573,0.9690011211205274,2.4319997464772314,0.9979994501918554,0.9590003173798323,0.290998286800459,5.6489989219699055,0,0
3116,sign,22753.48953203,1.0399999155197293,2.3280008463189006,1.0469993867445737,1.072003215085715,0.38699727156199515,5.874000635230914,0,0
3117,sign,22753.53456298,0.8610004442743957,2.4670007405802608,1.0639996617101133,0.8450006134808064,0.2889973984565586,5.525998858502135,0,0
3118,sign,22753.57956174,0.9840005077421665,2.3979991965461522,0.8890019671525806,1.0069998097606003,0.2979977580253035,5.575999239226803,0,0
3119,sign,22753.624334941,0.4840003384742886,0.7730013749096543,0.4180001269560307,0.29299917514435947,0.10800067684613168,2.0760016923304647,0,0
3120,sign,22753.669657013,0.9559989848639816,2.568998752394691,1.101001544157043,0.995998561847955,0.31899980967864394,5.940997652942315,0,0
3121,sign,22753.714362617,0.990999978967011,2.1140003809705377,0.9010000212583691,0.895997800398618,0.33400283427909017,5.236001015873626,0,0
3122,sign,22753.759485698,0.8999995770864189,8.00099951447919,0.9260002116207033,0.8820024959277362,0.2799970388878137,10.988998838001862,0,0
3123,sign,22753.804513842,0.8280003385152668,1.6110025171656162,0.738997186999768,0.7990020094439387,0.19999788491986692,4.176999937044457,0,0
3124,sign,22753.849541111,0.9069990483112633,2.1079977159388363,1.1360025382600725,0.9520008461549878,0.3339991963002831,5.436999344965443,0,0
3125,sign,22753.89452375,0.9779978427104652,2.092001523124054,0.8520000847056508,0.7809976523276418,0.27400164981372654,4.9769987526815385,0,0
3126,sign,22753.939516727,0.8779970812611282,2.4940018192864954,1.0840012691915035,1.0119983926415443,0.3899986040778458,5.857997166458517,0,0
3127,sign,22753.98451826,0.9930008673109114,2.292999852215871,1.0229996405541897,0.7560010999441147,0.2589986252132803,5.324000085238367,0,0
3128,sign,22754.029600795,1.0270014172419906,2.5570006982889026,1.0929979907814413,1.1040028766728938,0.3839995770249516,6.16500256001018,0,0
3129,sign,22754.074601887,0.9319992386735976,2.5459994503762573,1.2400014384184033,1.0709991329349577,0.31399758881889284,6.102996849222109,0,0
3130,sign,22754.119835291,1.4090001059230417,3.6099991120863706,1.5400000847876072,1.3089993444737047,0.4360008460935205,8.303999493364245,0,0
3131,sign,22754.164534304,1.0260009730700403,2.762997610261664,1.2500022421590984,1.205000444315374,0.3589993866626173,6.603000656468794,0,0
3132,sign,22754.209599407,1.0840012691915035,2.3129978217184544,1.143002009484917,1.071999577106908,0.40899976738728583,6.021000444889069,0,0
3133,sign,22754.254563163,0.9900031727738678,2.7149981178808957,1.229000190505758,0.9079994924832135,0.4569992597680539,6.299000233411789,0,0
3134,sign,22754.299510446,0.9260002116207033,2.6270026864949614,1.0229996405541897,1.0429976100567728,0.3070017555728555,5.926001904299483,0,0
3135,sign,22754.344363026,0.8069982868619263,1.2800010154023767,0.47399953473359346,0.5149995558895171,0.1770022208802402,3.2530006137676537,0,0
3136,sign,22754.389591959,1.1140000424347818,2.4430009943898767,1.0980002116411924,0.8659990271553397,0.2939996193163097,5.8149998949375,0,0
3137,sign,22754.434443848,0.9350005711894482,2.4049986677709967,1.1330012057442218,1.1029987945221364,0.3440000000409782,5.919999239267781,0,0
3138,sign,22754.479580449,1.0310031939297915,2.2859967430122197,1.0090006981045008,0.8960014383774251,0.3089990059379488,5.531001079361886,0,0
3139,sign,22754.524591603,0.8749993867240846,2.240001776954159,1.1609990906435996,1.1810006981249899,0.3169989213347435,5.773999873781577,0,0
3140,sign,22754.569623863,1.1320007615722716,2.296997990924865,1.2450000212993473,1.0680014383979142,0.3269997250754386,6.068999937269837,0,0
