frame,tracker,timestamp,predict_us,associate_us,update_us,create_delete_us,deduplicate_us,total_us,num_tracks,num_detections
1,object,22536.618337393,1.6740013961680233,6.156999006634578,2.901000698329881,90.14500028570183,0.7879971235524863,101.6649985103868,1,1
2,object,22536.642296593,49.791000492405146,144.13000099011697,55.54100061999634,3.520999598549679,0.467000063508749,253.45000176457688,1,1
3,object,22536.668791495,101.29899965249933,291.8049976869952,139.77600247017108,7.815997378202155,1.0399999155197293,541.7359971033875,1,1
4,object,22536.696732035,126.62799781537615,388.52900252095424,172.6749978843145,9.530001989332959,1.2759992387145758,698.6379994486924,1,1
5,object,22536.72225409,115.43499931576662,321.0260001651477,172.81500186072662,10.814997949637473,1.3940007193014026,621.4850000105798,1,1
6,object,22536.746611531,99.22299796016887,282.8579999913927,145.71200154023245,8.558999979868531,1.1039992386940867,537.4559987103567,1,1
7,object,22536.771941236,57.95100150862709,178.08999837143347,50.887003453681245,3.2329990062862635,0.5660003807861358,290.7270027208142,1,1
8,object,22536.796308252,45.740998757537454,115.5360005213879,31.982999644242227,2.2000021999701858,0.45499837142415345,195.91499949456193,1,1
9,object,22536.823364247,83.07600000989623,237.98799884389155,102.93100058333948,6.56100019114092,0.9569994290359318,431.5129990573041,1,1
10,object,22536.848786859,72.95200339285657,289.9369974329602,111.2080026359763,7.598999218316749,0.8089991752058268,482.50500185531564,1,1
11,object,22536.875582741,86.90899994689971,245.09500144631602,127.02900130534545,7.148999429773539,0.914998963708058,467.0970010920428,1,1
12,object,22536.90135748,40.793998778099194,109.24999878625385,30.65500277443789,2.28699718718417,0.26000270736403763,183.24600023333915,1,1
13,object,22536.925479848,35.433000448392704,104.5969984261319,38.01500133704394,2.8600006771739572,0.41499879444018006,181.3199996831827,1,1
14,object,22536.951735361,85.34399967174977,262.6750028866809,100.41599671239965,6.9970010372344404,0.9110008249990642,456.3430011330638,1,1
15,object,22536.9781941,86.88500020070933,234.4819986319635,81.51200017891824,5.414000042947009,0.7310009095817804,409.02399996411987,1,1
16,object,22537.003640198,84.991999756312,249.04699967009947,126.86300033237785,7.075999747030437,1.3080025382805616,469.2860020441003,1,1
17,object,22537.028795158,76.17099981871434,259.1520023997873,103.51099990657531,6.591999408556148,1.2589989637490362,446.68500049738213,1,1
18,object,22537.052709549,48.30200123251416,130.50999768893234,39.00100273313001,2.7339992811903358,0.43699765228666365,220.9839985880535,1,1
19,object,22537.077567833,51.40100256539881,145.36299931933172,55.93799869529903,3.9420010580215603,0.5509973561856896,257.1949989942368,1,1
20,object,22537.103850832,75.50299778813496,256.21900203987025,104.17099838377908,6.324000423774123,0.853000528877601,443.069999164436,1,1
21,object,22537.129638975,87.09600297152065,247.33699683565646,120.11400031042285,7.500002539018169,0.9809991752263159,463.02800183184445,1,1
22,object,22537.157120085,88.39899965096265,282.97599783400074,104.07900117570534,7.321999873965979,1.186999725177884,483.9629982598126,1,1
23,object,22537.181391659,37.26200156961568,108.03300028783269,37.72599666262977,3.254001057939604,0.3029999788850546,186.5779995569028,1,1
24,object,22537.208779968,39.7769981645979,120.75400081812404,44.426000386010855,3.149998519802466,0.5300025804899633,208.63700046902522,1,1
25,object,22537.234561359,117.7039994217921,339.2149992578197,180.25200188276358,7.217000529635698,0.8999995770864189,645.2880006690975,1,1
26,object,22537.258773256,90.0250015547499,277.68599829869345,109.19300257228315,7.181999535532668,0.9479990694671869,485.03400103072636,1,1
27,object,22537.283908138,74.5190009183716,251.06099928962067,99.90900070988573,7.032998837530613,0.7839989848434925,433.3059987402521,1,1
28,object,22537.315397024,30.855000659357756,95.16499994788319,31.355000828625634,2.1519990696106106,0.23500251700170338,159.7620030224789,1,1
29,object,22537.344972893,57.61400097981095,145.163998240605,54.963002185104415,3.549001121427864,0.5199981387704611,261.8100006657187,1,1
30,object,22537.37327483,45.189000957179815,125.6139985343907,46.29000250133686,3.3430005714762956,0.4069988790433854,220.84300144342706,1,1
31,object,22537.403744047,73.95800275844522,269.7139971132856,105.36800255067647,7.376998837571591,0.9409995982423425,457.3580008582212,1,1
32,object,22537.429334555,148.0999999330379,299.4050009874627,63.29700045171194,6.133999704616144,0.5679976311512291,517.5039987079799,1,1
33,object,22537.452450536,51.34800085215829,116.82699914672412,33.22300108266063,2.863002009689808,0.347998138749972,204.60900122998282,1,1
34,object,22537.476622188,69.97999662416987,177.14400019031018,57.007000577868894,3.8719990698155016,0.5800029612146318,308.5829994233791,1,1
35,object,22537.502993913,121.71200069133192,278.14200075226836,104.33499846840277,6.474998372141272,0.9510004019830376,511.61499868612736,1,1
36,object,22537.531341268,82.10200030589476,245.2059998176992,102.63299918733537,7.108999852789566,0.9569994290359318,438.0069985927548,1,1
37,object,22537.561782831,91.07799996854737,278.0409995466471,125.32100299722515,7.9649980762042105,0.8930001058615744,503.2980006944854,1,1
38,object,22537.585849907,33.107000490417704,97.02200259198435,37.67899761442095,4.380999598652124,0.3070017555728555,172.49600205104798,1,1
39,object,22537.610145997,66.64099782938138,142.4790025339462,47.93299740413204,6.253001629374921,0.6650006980635226,263.97100009489805,1,1
40,object,22537.635817092,71.53499973355792,265.64700237940997,102.29499821434729,8.790000720182434,1.0939984349533916,449.360999482451,1,1
41,object,22537.66363903,72.56399840116501,260.7530004752334,137.3230006720405,7.15100031811744,0.8019997039809823,478.59299957053736,1,1
42,object,22537.689296959,46.15400030161254,143.15699809230864,61.13199924584478,3.916000423487276,0.4930006980430335,254.85199876129627,1,1
43,object,22537.712462464,43.30299998400733,110.22900071111508,35.09599991957657,2.540000423323363,0.3480017767287791,191.51600281475112,1,1
44,object,22537.736687395,89.61300045484677,266.32999652065337,116.05700274230912,7.5169991760049015,1.047999830916524,480.5649987247307,1,1
45,object,22537.761159918,112.30699965381064,255.84699687897228,101.84600250795484,6.97499854140915,0.9639989002607763,477.9389964824077,1,1
46,object,22537.786934753,107.05400200095028,263.35499933338724,108.15399946295656,8.674000127939507,1.6269987099803984,488.863999635214,1,1
47,object,22537.81358966,83.59300045412965,242.39499907707796,127.13400064967573,8.577000699006021,1.0049989214166999,462.70399980130605,1,1
48,object,22537.841502226,48.885998694458976,113.286998384865,32.14500247850083,2.7559981390368193,0.3890017978847027,197.46299949474633,1,1
49,object,22537.86822957,34.082000638591126,99.4100009847898,32.66299972892739,2.158001734642312,0.31099989428184927,168.62400298123248,1,1
50,object,22537.894956619,110.79700198024511,262.5979977892712,106.53200297383592,7.145998097257689,0.8499991963617504,487.92300003697164,1,1
51,object,22537.921480906,86.03700189269148,243.65900026168674,102.38699906039983,7.0309979491867125,0.88600063463673,439.9999997986015,1,1
52,object,22537.948970461,106.06500291032717,258.7389972177334,94.3750019359868,6.26600012765266,0.8889983291737735,466.3340005208738,1,1
53,object,22537.974070882,28.203001420479268,98.43500083661638,32.00900027877651,2.0669976947829127,0.29700095183216035,161.01100118248723,1,1
54,object,22537.999679608,52.561998018063605,122.54700050107203,32.795000151963905,2.734999725362286,0.3540008037816733,210.9929992002435,1,1
55,object,22538.027269784,118.81499813171104,312.41800024872646,96.51499931351282,7.767001079628244,0.9450013749301434,536.4600001485087,1,1
56,object,22538.05445183,82.51499821199104,244.44399969070219,104.18400052003562,6.8879999162163585,1.1160009307786822,439.1469992697239,1,1
57,object,22538.079541491,73.85400022030808,236.15700047230348,102.08900130237453,6.711998139508069,0.88600063463673,419.6980007691309,1,1
58,object,22538.104021517,37.65200017369352,100.0320007733535,31.842999305808917,2.731001586653292,0.2309971023350954,172.48899894184433,1,1
59,object,22538.128071765,37.80100087169558,95.66399967297912,31.348998163593933,2.20600122702308,0.3040004230570048,167.3240003583487,1,1
60,object,22538.154764681,70.92699888744392,267.65700022224337,98.8810024864506,6.528000085381791,0.8120005077216774,444.80500218924135,1,1
61,object,22538.177996806,115.3090015577618,269.4929971767124,107.85800259327516,7.141999958548695,0.8889983291737735,500.6909996154718,1,1
62,object,22538.201711326,101.75799980061129,318.3919980074279,110.37600052077323,7.86300006438978,1.058000634657219,539.4469990278594,1,1
63,object,22538.225386972,88.83899863576517,236.24000095878728,100.63800073112361,6.69899964123033,1.1880001693498343,433.6040001362562,1,1
64,object,22538.249571311,57.73099837824702,127.29500303976238,32.06799738109112,2.7050009521190077,0.41000021155923605,220.20899996277876,1,1
65,object,22538.275252086,50.532999011920765,169.64499809546396,63.799001509323716,4.320001607993618,0.5839974619448185,288.8809976866469,1,1
66,object,22538.299846952,70.81700096023269,272.5550002651289,103.65799971623346,7.127000571927056,0.9499999578110874,455.1070014713332,1,1
67,object,22538.323136942,76.23400233569555,233.22699780692346,93.04299965151586,6.117999873822555,0.776999513618648,409.3989991815761,1,1
68,object,22538.348840442,75.19300197600387,276.8279991869349,105.48900172580034,7.451999408658594,1.0160001693293452,465.97800246672705,1,1
69,object,22538.373276114,45.52499740384519,110.46200233977288,34.525997762102634,2.5560002541169524,0.6299997039604932,193.69899746379815,1,1
70,object,22538.39614307,36.75900006783195,105.82400136627257,34.06699761399068,2.4520013539586216,0.3399982233531773,179.441998625407,1,1
71,object,22538.420892368,143.6909988115076,329.80399919324555,107.37800039350986,7.361999450949952,0.8470015018247068,589.0819993510377,1,1
72,object,22538.445177909,91.06499783229083,253.44399909954518,104.55200026626699,6.952002877369523,0.9869982022792101,456.99999827775173,1,1
73,object,22538.469106245,68.35599924670532,251.9209992897231,100.25500159827061,6.24599852017127,0.8040005923248827,427.5819992471952,1,1
74,object,22538.491347085,82.99799810629338,239.05000125523657,95.63400089973584,6.36699769529514,0.9710020094644278,425.01999996602535,1,1
75,object,22538.514331524,32.973002817016095,102.3639997583814,31.856998248258606,2.1560008462984115,0.23900065571069717,169.5890023256652,1,1
76,object,22538.557718377,83.1159995868802,4.158999217906967,2.4000000848900527,9.316001523984596,1.058000634657219,100.04900104831904,1,0
77,object,22538.602741868,85.11400301358663,4.543999239103869,2.6269990485161543,10.151001333724707,1.0000003385357559,103.43600297346711,1,0
78,object,22538.647592076,41.854000301100314,1.8610007828101516,1.2160016922280192,5.554997187573463,0.4180001269560307,50.90400009066798,1,0
79,object,22538.692809463,94.38600318389945,5.423997208708897,2.977001713588834,12.49599881703034,1.1779993656091392,116.46100028883666,1,0
80,object,22538.737931666,133.78899893723428,5.505000444827601,3.031000233022496,11.860000086016953,1.157997758127749,155.34299745922908,1,0
81,object,22538.782631307,58.78899901290424,2.5510016712360084,1.239000994246453,7.061997166601941,0.48199945013038814,70.12299829511903,1,0
82,object,22538.827832708,100.13499922933988,6.0919992392882705,4.279001586837694,15.043999155750498,1.2620002962648869,126.81199950748123,1,0
83,object,22538.872828527,121.69699766673148,7.208000170066953,3.8200014387257397,15.302000974770635,1.1609990906435996,149.1879993409384,1,0
84,object,22538.917555935,41.44299964536913,2.0170009520370513,1.1509982869029045,5.148001946508884,0.8229981176555157,50.58199894847348,1,0
85,object,22538.962839708,111.62199734826572,4.851000994676724,2.821001544361934,11.62499756901525,1.0520016076043248,131.97099906392395,1,0
86,object,22538.997541054,62.15599933057092,228.64300262881443,111.81499939993955,6.83699909131974,0.74800118454732,410.19900163519196,1,1
87,object,22539.021538315,162.97700130962767,354.0299985616002,154.9340013298206,9.645998943597078,1.1129995982628316,682.6999997429084,1,1
88,object,22539.044736403,46.05099820764735,131.70400052331388,36.68000135803595,2.710999979171902,0.5090005288366228,217.6550005970057,1,1
89,object,22539.069408954,38.57000046991743,96.94399705040269,31.281000701710582,2.291999408043921,0.29200236895121634,169.37899999902584,1,1
90,object,22539.094479876,88.12899977783673,241.96500089601614,94.01599891134538,6.801001291023567,0.833999365568161,431.74500024178997,1,1
91,object,22539.119620921,87.29000182938762,277.19599893316627,128.20299889426678,15.596000594086945,0.957999873207882,509.2430001241155,1,1
92,object,22539.146239774,96.50400170357898,271.9589974731207,103.71100142947398,7.810998795321211,0.8280003385152668,480.8129997400101,1,1
93,object,22539.170889916,85.39999907952733,216.62799917976372,39.428003219654784,3.8109974411781877,0.5830006557516754,345.8499995758757,1,1
94,object,22539.194191488,46.872999519109726,110.00499944202602,33.817999792518094,2.430999302305281,0.3300010575912893,193.4569991135504,1,1
95,object,22539.218700435,66.6939995426219,205.52599744405597,110.95800073235296,6.954000127734616,0.8360002539120615,390.9679981006775,1,1
96,object,22539.242783256,101.0470004985109,287.8849991247989,105.50200022407807,7.286002073669806,0.9760005923453718,502.6960025134031,1,1
97,object,22539.265652197,67.87700112909079,216.94500173907727,131.0379993810784,6.83699909131974,1.1160009307786822,423.8130022713449,1,1
98,object,22539.288432385,71.74999700509943,182.23500228486955,68.6329985910561,4.888999683316797,0.6219997885636985,328.12899735290557,1,1
99,object,22539.31166264,44.841999624622986,105.27799895498902,31.79900159011595,2.377997589064762,0.39700171328149736,184.6939994720742,1,1
100,object,22539.352794927,88.51000166032463,4.436999006429687,2.791999577311799,11.301999620627612,0.9700015652924776,108.01100142998621,1,0
101,object,22539.397687177,67.65700163668953,3.9619990275241435,2.263001078972593,8.110997441690415,0.7730013749096543,82.76600055978633,1,0
102,object,22539.44262257,49.335998483002186,2.0660008885897696,1.2560012692119926,5.4919983085710555,0.5969995982013643,58.74699854757637,1,0
103,object,22539.486809795,133.23500024853274,377.04100031987764,167.20100029488094,10.075000318465754,1.2119999155402184,688.7640010972973,1,1
104,object,22539.511414448,113.2059987867251,327.3640031693503,183.11999883735552,10.04799923975952,1.258002157555893,634.9960021907464,1,1
105,object,22539.536038929,81.1079989944119,269.1709996724967,170.39800150087103,9.496998245595023,1.153002813225612,531.3270012266003,1,1
106,object,22539.560396408,87.60000127949752,162.15399955399334,57.90199793409556,4.6530003601219505,0.547999661648646,312.856998789357,1,1
107,object,22539.583901354,44.825999793829396,126.12700083991513,36.04800076573156,2.857999788830057,0.42000101529993117,210.27900220360607,1,1
108,object,22539.608881282,55.08199683390558,187.25700283539481,72.59799895109609,4.793000698555261,0.6459995347540826,320.3759988537058,1,1
109,object,22539.633582954,88.17200068733655,204.10499928402714,80.24599810596555,5.835001502418891,0.7359994924627244,379.09399907221086,1,1
110,object,22539.658064271,88.9469993126113,246.96100081200711,102.52599895466119,7.4880008469335735,1.0160001693293452,446.9380000955425,1,1
111,object,22539.681780576,97.3169990174938,315.3969992126804,112.8350013459567,8.113998774206266,1.720000000204891,535.382998350542,1,1
112,object,22539.705466589,56.818000302882865,135.75699995271862,36.33400046965107,2.9039983928669244,0.3710010787472129,232.1840001968667,1,1
113,object,22539.730329125,40.89800131623633,116.332001198316,42.966999899363145,2.941000275313854,0.39099904824979603,203.52900173747912,1,1
114,object,22539.757431177,73.0399988242425,196.75899966387078,77.81600288581103,6.116999429650605,1.0849980753846467,354.81699887895957,1,1
115,object,22539.782335689,77.10499994573183,237.38600066280924,101.48199726245366,6.676000339211896,0.8610004442743957,423.509998654481,1,1
116,object,22539.808952942,135.29500211006962,253.89700022060424,104.36199954710901,7.460999768227339,0.8459974196739495,501.86099906568415,1,1
117,object,22539.836603296,63.237999711418524,171.0680007818155,58.846999309025705,4.655001248465851,0.4379980964586139,298.2459991471842,1,1
118,object,22539.862147736,56.525001127738506,129.6699992963113,33.58400135766715,2.311000571353361,0.32399839255958796,222.4140007456299,1,1
119,object,22539.888480578,82.5060014904011,227.0599979965482,78.34999996703118,5.114001396577805,0.7069975254125893,393.73699837597087,1,1
120,object,22539.915369567,68.58499909867533,172.7010021568276,65.281998104183,4.421999619808048,0.6120026228018105,311.6020016022958,1,1
121,object,22539.943240104,87.70600106799975,249.97400032589212,105.69799997028895,7.464997906936333,1.1020019883289933,451.94500125944614,1,1
122,object,22539.970601512,88.51299935486168,276.30600015982054,49.22200241708197,3.420998837100342,0.3929999365936965,417.8550007054582,1,1
123,object,22539.998991233,54.079002438811585,135.5419990431983,51.162001909688115,3.6679994082078338,0.4809990059584379,244.93200180586427,1,1
124,object,22540.026162986,93.72700151288882,258.1629996711854,103.31999874324538,6.917001883266494,0.8589995559304953,462.9860013665166,1,1
125,object,22540.052302014,101.38899961020797,239.50300237629563,94.34599996893667,6.330999894998968,0.9219984349329025,442.49100028537214,1,1
126,object,22540.078661345,80.51899931160733,226.48600133834407,149.23699927749112,7.957998604979366,0.8910028554964811,465.09100138791837,1,1
127,object,22540.106147891,40.445997001370415,130.28100147494115,36.43500167527236,3.944998752558604,0.624000676907599,211.73099958105013,1,1
128,object,22540.133136577,42.22999996272847,122.40700016263872,40.28400144306943,3.1179988582152873,0.36500205169431865,208.40400247834623,1,1
129,object,22540.177765377,87.96299880486913,4.888999683316797,2.824999683070928,11.394000466680154,1.0700023267418146,108.14100096467882,1,0
130,object,22540.222667141,67.48700252501294,3.7629979487974197,2.110002242261544,8.827999408822507,0.8989991329144686,83.08700125780888,1,0
131,object,22540.267710633,54.26899951999076,2.410000888630748,1.7409984138794243,6.734000635333359,0.6810005288571119,65.8349999866914,1,0
132,object,22540.3127864,83.33199730259366,4.330002411734313,2.7089990908280015,10.782998288050294,0.9970026439987123,102.15099973720498,1,0
133,object,22540.357508019,22.490999981528148,1.7180027498397976,0.9309987945016474,3.5750017559621483,0.40899976738728583,29.124003049219027,1,0
134,object,22540.402715433,77.00000060140155,3.5199991543777287,2.234999556094408,9.937000868376344,0.8790011634118855,93.57100134366192,1,0
135,object,22540.447759769,67.92200292693451,3.8990001485217363,2.6460002118255943,8.718998287804425,0.9590003173798323,84.1450018924661,1,0
136,object,22540.492640448,65.00400195363909,3.4099975891876966,1.8890023056883365,10.264000593451783,0.8469978638458997,81.4140003058128,1,0
137,object,22540.499516526,38.1459976779297,118.579002446495,41.48399966652505,3.1480012694373727,0.2799970388878137,201.63699809927493,1,1
138,object,22540.530145857,61.92799992277287,153.56999938376248,52.950003009755164,3.869998181471601,0.5330002750270069,272.8510007727891,1,1
139,object,22540.560235272,86.2239976413548,244.7360020596534,102.52199717797339,7.279002602444962,1.00599936558865,441.7669988470152,1,1
140,object,22540.58998391,113.34400187479332,251.6089989512693,103.42799942009151,6.898000719957054,0.8589995559304953,476.1380005220417,1,1
141,object,22540.620209828,105.75700071058236,282.15399652253836,102.601003163727,7.11299799149856,0.8819988579489291,498.5069972462952,1,1
142,object,22540.645583113,80.90600022114813,213.78599922172725,38.08299879892729,3.578999894671142,0.8770002750679851,337.2309984115418,1,1
143,object,22540.671239827,45.2839994977694,110.73900168412365,35.37600059644319,2.3169995984062552,0.3799978003371507,194.09599917707965,1,1
144,object,22540.697401754,72.2779986972455,215.18799985642545,87.74800153332762,6.184000085340813,0.7779999577905983,382.17600013013,1,1
145,object,22540.727757479,90.14700117404573,284.73700149334036,103.73099939897656,6.825001037213951,0.9059986041393131,486.3460017077159,1,1
146,object,22540.753884465,88.95499922800809,316.9880001223646,107.23100058385171,7.161001121858135,0.8809984137769789,521.2159994698595,1,1
147,object,22540.77817012,36.92400059662759,118.08300041593611,41.72099943389185,2.9660004656761885,0.29199873097240925,199.98599964310415,1,1
148,object,22540.804074736,87.21999984118156,231.8799997738097,93.60799958813004,5.691003025276586,0.895997800398618,419.2950000287965,1,1
149,object,22540.829940204,97.50300159794278,245.91699911979958,101.11699884873815,15.617999451933429,0.8260030881501734,460.9810021065641,1,1
150,object,22540.854910772,81.19600170175545,269.1909976419993,103.4500019159168,7.603997801197693,0.9600007615517825,462.400999822421,1,1
151,object,22540.883413854,73.741000960581,232.6379981241189,101.26499910256825,6.827001925557852,1.2569980754051358,415.72799818823114,1,1
152,object,22540.907615801,32.67099964432418,95.78200115356594,31.0180002998095,2.8329995984677225,0.2849992597475648,162.58899995591491,1,1
153,object,22540.936611711,58.82199911866337,183.00699957762845,54.509000619873405,3.8100006349850446,0.8499991963617504,300.997999147512,1,1
154,object,22540.962090595,70.47500184853561,217.84399723401293,93.17900185124017,6.116999429650605,0.8850001904647797,388.5000005539041,1,1
155,object,22540.987189887,104.36199954710901,334.50900082243606,117.42099741240963,7.778002327540889,0.8679999154992402,564.9380000249948,1,1
156,object,22541.012060567,72.22399653983302,202.49500084901229,82.09199950215407,5.581001460086554,0.6830014172010124,363.07499976828694,1,1
157,object,22541.036272206,46.53099676943384,121.50000111432746,34.829001378966495,2.3850006982684135,0.504998752148822,205.74999871314503,1,1
158,object,22541.077795166,100.09600009652786,4.460001946426928,2.5939989427570254,11.935000657103956,1.0830008250195533,120.16800246783532,1,0
159,object,22541.122668212,61.66599996504374,3.7179997889325023,2.2410022211261094,8.738999895285815,0.8379975042771548,77.20199937466532,1,0
160,object,22541.167677756,68.01600102335215,3.4240001696161926,2.109998604282737,7.770002412144095,0.7029993867035955,82.02300159609877,1,0
161,object,22541.212739336,64.79000148829073,3.1769995985087007,2.314998710062355,8.16100146039389,1.0410003596916795,79.48400161694735,1,0
162,object,22541.218827744,71.28599827410653,228.76300135976635,87.11899863556027,6.018002750352025,0.7130001904442906,393.89900121022947,1,1
163,object,22541.24614826,77.33600068604574,234.52699679182842,101.83000267716125,6.862999725854024,1.0250005288980901,421.5810004097875,1,1
164,object,22541.273884395,73.70399907813407,262.79200028511696,104.41000267746858,6.874997779959813,0.9020004654303193,448.68300028610975,1,1
165,object,22541.300783747,47.86900171893649,113.16699965391308,34.67699934844859,2.6240013539791107,0.4119974619243294,198.7489995372016,1,1
166,object,22541.326457647,83.29100091941655,190.59099940932356,34.47400013101287,3.436001861700788,0.6209993443917483,312.4130016658455,1,1
167,object,22541.352491139,68.25299715274014,142.01000158209354,45.78800144372508,3.5089979064650834,0.47000139602459967,260.02999948104843,1,1
168,object,22541.378681256,73.09899956453592,222.50500114751048,118.29900176962838,6.99399970471859,0.9079994924832135,421.8050016788766,1,1
169,object,22541.405845177,92.35000106855296,274.77199910208583,101.86199870076962,7.455000741174445,1.0040021152235568,477.4430017278064,1,1
170,object,22541.433396439,44.07199958222918,129.3599998462014,35.16700235195458,2.559998392825946,0.38800135371275246,211.54700152692385,1,1
171,object,22541.459472256,42.26600140100345,103.75700003351085,34.197997592855245,2.3190004867501557,0.4579997039400041,182.9979992180597,1,1
172,object,22541.48561426,71.84700007201172,221.22199879959226,119.23100100830197,9.038998541655019,0.9870018402580172,422.326000261819,1,1
173,object,22541.511450972,143.84799942490645,365.33000093186274,192.48799799242988,9.564002539264038,1.309999788645655,712.5400006771088,1,1
174,object,22541.538027334,117.99099956988357,347.4139994068537,174.8369977576658,9.834002412389964,1.272001100005582,651.3480002467986,1,1
175,object,22541.564009778,62.749997596256435,151.8280005257111,56.681001296965405,4.244000592734665,0.6999980541877449,276.20299806585535,1,1
176,object,22541.588742674,42.355997720733285,131.9210023211781,53.93799801822752,3.05499997921288,0.38800135371275246,231.65799939306453,1,1
177,object,22541.615635232,119.53899957006797,333.23599927825853,145.30699991155416,8.820003131404519,1.1619995348155499,608.0640014261007,1,1
178,object,22541.641070155,131.92199912737124,357.4879992811475,174.1859996400308,9.557999874232337,1.2279997463338077,674.3819976691157,1,1
179,object,22541.66593748,119.87900143139996,312.2469970548991,161.64500266313553,8.828999852994457,1.2239979696460068,603.8239989720751,1,1
180,object,22541.690756614,53.01200144458562,184.20199921820313,97.57299994817004,5.326997779775411,0.6680020305793732,340.78200042131357,1,1
181,object,22541.715269741,57.619003200670704,146.52899699285626,53.173000196693465,3.5270022635813802,0.32900061341933906,261.17700326722115,1,1
182,object,22541.740884285,75.81599857076071,234.11999791278504,99.74800195777789,6.289999873843044,0.8639981388114393,416.8379964539781,1,1
183,object,22541.766689801,108.69300240301527,368.0239969980903,182.57000192534178,10.405998182250187,1.424999936716631,671.1179994454142,1,1
184,object,22541.79195469,131.4129985985346,340.9429991734214,175.13300190330483,10.036997991846874,1.4370016288012266,658.962999295909,1,1
185,object,22541.816769215,53.70200233301148,151.16199938347563,78.40800026315264,4.7770008677616715,0.8159986464306712,288.8650014938321,1,1
186,object,22541.842053242,63.19800013443455,167.68299974501133,67.43400081177242,4.261000867700204,0.8969982445705682,303.4729998034891,1,1
187,object,22541.86836452,74.25500007229857,211.34599955985323,82.45600110967644,5.838999641127884,0.6890004442539066,374.58500082721,1,1
188,object,22541.894136146,81.19199992506765,230.3670007677283,96.17199975764379,6.502999895019457,0.8900024113245308,415.12400275678374,1,1
189,object,22541.920473214,76.70000195503235,320.25899781729095,111.17000030935742,7.517002813983709,0.9399991540703923,516.5860020497348,1,1
190,object,22541.948904604,39.41600152757019,144.56699864240363,53.53799861040898,3.430999640841037,0.39600126910954714,241.34799969033338,1,1
191,object,22541.974530218,46.765999286435544,133.7449975835625,36.6810018022079,2.9809998522978276,0.5119982233736664,220.68499674787745,1,1
192,object,22542.001027561,54.912001360207796,129.98699821764603,39.67900192947127,2.8079994081053883,0.7029993867035955,228.08900030213408,1,1
193,object,22542.027989897,101.51199967367575,202.92800036258996,82.99299952341244,5.775000317953527,0.9239993232768029,394.13199920090847,1,1
194,object,22542.053718811,82.82999988296069,304.65000236290507,118.42599997180514,6.905996997375041,0.9180002962239087,513.7299995112699,1,1
195,object,22542.079994682,67.85000005038455,170.70800095098093,69.09199873916805,4.8199981392826885,0.6320005923043936,313.1019984721206,1,1
196,object,22542.105099995,45.522003347286955,106.71699783415534,32.080999517347664,2.8079994081053883,0.36100027500651777,187.48900038190186,1,1
197,object,22542.131777816,77.95399869792163,260.9900002426002,104.58600081619807,7.041999197099358,0.953001290326938,451.5250002441462,1,1
198,object,22542.158821074,76.27599916304462,253.61799998790957,104.26700100651942,7.175000064307824,1.0129988368134946,442.3489990585949,1,1
199,object,22542.183187426,83.56000034837052,245.47100110794418,104.286998976022,7.344002369791269,0.9449977369513363,441.6070005390793,1,1
200,object,22542.209231461,88.27700003166683,241.25199706759304,102.78199988533743,6.711001333314925,0.8399983926210552,439.8619967105333,1,1
201,object,22542.234331989,38.772002881160006,104.93399895494804,30.418999813264236,2.4330001906491816,0.24199835024774075,176.8000001902692,1,1
202,object,22542.260425383,52.616000175476074,120.97299986635335,39.87200034316629,2.987999323522672,0.40899976738728583,216.85799947590567,1,1
203,object,22542.286423663,87.00299804331735,249.636999797076,103.28099961043335,7.061000360408798,1.2900018191430718,448.27199963037856,1,1
204,object,22542.311919093,110.75399743276648,251.422003202606,104.93099762243219,7.124999683583155,1.0639996617101133,475.29599760309793,1,1
205,object,22542.337160801,96.24200174584985,244.8269988235552,102.8240003506653,6.938000296941027,0.9010000212583691,451.73200123826973,1,1
206,object,22542.363690455,46.79300036514178,117.25799777195789,36.52400118880905,2.754000888671726,0.37900099414400756,203.70800120872445,1,1
207,object,22542.388412006,40.368002373725176,119.98599802609533,33.23399869259447,2.321001375094056,0.30600131140090525,196.21500177890994,1,1
208,object,22542.414560971,78.81200144765899,251.63800091831945,103.17299893358722,22.169999283505604,1.3349999790079892,457.12800056207925,1,1
209,object,22542.440759989,95.89899855200201,276.3170014077332,110.63100100727752,7.249000191222876,1.0949988791253418,491.19100003736094,1,1
210,object,22542.466614472,78.62900019972585,235.34800129709765,126.92900054389611,9.074999979929999,1.0789990483317524,451.06000106898136,1,1
211,object,22542.492016216,56.969998695421964,123.08299847063608,39.050002669682726,3.4810000215657055,0.5149995558895171,223.098999413196,1,1
212,object,22542.517272081,41.71099863015115,97.65600043465383,33.23499913676642,2.655000571394339,0.3179993655066937,175.57499813847244,1,1
213,object,22542.544226995,104.5280005200766,306.90899802721106,104.31400005472824,7.5070020102430135,0.9159994078800082,524.1740000201389,1,1
214,object,22542.570547418,120.55399929522537,385.947001632303,171.3479978207033,10.943000233964995,1.2470009096432477,690.0389998918399,1,1
215,object,22542.59843677,116.3989982160274,304.2560019821394,105.59899965301156,8.046998118516058,0.8970018825493753,535.1979998522438,1,1
216,object,22542.62425498,40.12299905298278,130.53400107310154,34.958997275680304,3.420002030907199,0.261999957729131,209.29799939040095,1,1
217,object,22542.649927084,54.60700049297884,153.65600120276213,42.47700053383596,2.886998117901385,0.5420006345957518,254.16900098207407,1,1
218,object,22542.67562007,60.43599933036603,161.9239992578514,63.46400186885148,4.073001036886126,0.5639994924422354,290.46100098639727,1,1
219,object,22542.700167655,97.94200013857335,242.69200002891012,110.78600073233247,7.27099904906936,0.9930008673109114,459.6840008161962,1,1
220,object,22542.726210577,96.772000688361,244.29300174233504,107.21899889176711,8.423998224316165,1.0890034900512546,457.7970030368306,1,1
221,object,22542.752980974,66.2989987176843,125.97900058608502,36.9039989891462,2.7290006983093917,0.3320019459351897,232.2430009371601,1,1
222,object,22542.778358838,43.44599801697768,125.99100227816962,36.67000055429526,2.676999429240823,0.3399982233531773,209.12399850203656,1,1
223,object,22542.804304908,62.058999901637435,182.45399769512005,83.9100030134432,6.36699769529514,0.8790011634118855,335.6689994689077,1,1
224,object,22542.82999732,107.04300075303763,245.11399897164665,101.40499944100156,6.666999979643151,1.0020012268796563,461.23100037220865,1,1
225,object,22542.855604546,79.13100125733763,234.59200019715354,142.95999790192582,7.792001269990578,1.2019991117995232,465.6769997382071,1,1
226,object,22542.88028549,79.803001426626,233.64599837805144,104.72299982211553,6.453003152273595,0.895997800398618,425.5210005794652,1,1
227,object,22542.905411833,64.00100028258748,136.59199976245873,35.96000169636682,3.134999133180827,0.31600211514160037,240.00400298973545,1,1
228,object,22542.930882851,52.495001000352204,169.4349994068034,53.75299951992929,3.78400000045076,0.5279980541672558,279.9949979817029,1,1
229,object,22542.956800205,96.82499876362272,272.21500204177573,103.45099872210994,6.723999831592664,0.8989991329144686,480.1139984920155,1,1
230,object,22542.982564244,79.88499783095904,229.26900055608712,95.56300210533664,6.476999260485172,1.0330004442948848,412.22700019716285,1,1
231,object,22543.006993903,95.21899846731685,238.51700098020956,73.34499969147146,4.890000127488747,0.5639994924422354,412.53499875892885,1,1
232,object,22543.031598658,45.40500231087208,111.6579987865407,33.01299875602126,2.5000008463393897,0.47800131142139435,193.05400201119483,1,1
233,object,22543.058805892,62.4310014245566,224.01199748856016,88.80799941834994,5.584002792602405,0.628999259788543,381.46400038385764,1,1
234,object,22543.086449535,90.07200060295872,255.662998824846,102.65099990647286,7.236001692945138,0.919997546589002,456.5419985738117,1,1
235,object,22543.112274894,102.80599963152781,266.42900047590956,110.85499863838777,7.894002919783816,0.8949973562266678,488.8789990218356,1,1
236,object,22543.142453805,108.04199700942263,320.8600028301589,164.3169998715166,9.314997441833839,1.5830009942874312,604.1169981472194,1,1
237,object,22543.168273345,33.337000786559656,105.7679983205162,35.23399936966598,2.773002051981166,0.2769993443507701,177.38899987307377,1,1
238,object,22543.194500734,42.9620013164822,123.63199857645668,45.00800059759058,3.3899996196851134,0.3899986040778458,215.38199871429242,1,1
239,object,22543.220794633,103.10599827789702,264.06599863548763,105.38400238147005,7.233000360429287,1.0109979484695941,480.7999976037536,1,1
240,object,22543.245377345,99.1140004771296,252.82999922637828,102.79500202159397,7.200997060863301,0.934000127017498,462.87399891298264,1,1
241,object,22543.270654001,77.78199869790114,242.38699916168116,134.14100249065086,7.107999408617616,1.1459997040219605,462.56399946287274,1,1
242,object,22543.296912237,121.22800035285763,245.62499675084837,47.946999984560534,4.879002517554909,0.30099909054115415,419.9799986963626,1,1
243,object,22543.321096323,62.753999372944236,167.42599837016314,63.24599962681532,3.754001227207482,0.5549991328734905,297.73499773000367,1,1
244,object,22543.348093604,59.53800064162351,177.0189992384985,71.8080009391997,4.8080000851769,0.6129994289949536,313.7860003334936,1,1
245,object,22543.374628673,107.21700164140202,365.5820000858512,183.36699940846302,10.278999980073422,2.2169988369569182,668.6619999527466,1,1
246,object,22543.400872152,157.7080001879949,367.25500103784725,171.93199892062694,10.457999451318756,1.2359996617306024,708.5889992595185,1,1
247,object,22543.425478512,79.19199924799614,224.08900258596987,90.8859983610455,10.32599902828224,0.8510032785125077,405.34400250180624,1,1
248,object,22543.449879362,53.101997764315456,150.26500113890506,53.746000048704445,3.7659992813132703,0.3500026650726795,261.2290008983109,1,1
249,object,22543.474606517,59.990998124703765,157.05600162618794,57.75699901278131,3.908000508090481,0.8450006134808064,279.5569998852443,1,1
250,object,22543.499935198,170.43099796865135,336.1939998285379,156.12000061082654,10.789000953081995,1.267999323317781,674.8019986844156,1,1
251,object,22543.525819964,77.7040004322771,265.82299688016064,104.95500100660138,7.0450005296152085,0.995998561847955,456.5229974105023,1,1
252,object,22543.551054125,59.42699863226153,142.88600141298957,49.373000365449116,3.3619980968069285,0.4630019247997552,255.5110004323069,1,1
253,object,22543.575694185,64.54100002883933,162.76399765047245,54.47200237540528,3.3679971238598228,0.7830021786503494,285.92799935722724,1,1
254,object,22543.603019676,112.94100113445893,346.90499887801707,173.27000023215078,9.707000572234392,1.3280005077831447,644.1510013246443,1,1
255,object,22543.629221083,100.87999908137135,329.4849993835669,177.7180004864931,10.128002031706274,1.3259996194392443,619.5370006025769,1,1
256,object,22543.653223355,100.62900037155487,367.5219995784573,185.09000074118376,10.787000064738095,1.390999386785552,665.4190001427196,1,1
257,object,22543.678025652,112.24400077480823,317.6909995090682,156.09600086463615,9.727998985908926,1.1599986464716494,596.9189987808932,1,1
258,object,22543.702949525,65.97700121346861,148.17799819866195,37.52600241568871,2.935998054454103,0.2710003172978759,254.88800019957125,1,1
259,object,22543.727218587,64.61200246121734,143.86899783858098,44.753000111086294,3.679000656120479,0.5180008884053677,257.43100195541047,1,1
260,object,22543.752732993,86.3759996718727,270.8829997573048,120.25199976051226,7.321999873965979,0.9689974831417203,485.80199654679745,1,1
261,object,22543.777546784,89.71400166046806,239.9319964752067,93.81900235894136,6.774000212317333,0.8499991963617504,431.0889999032952,1,1
262,object,22543.803350358,93.38800009572878,275.96799918683246,107.21600119723007,6.8879999162163585,1.2109994713682681,484.67099986737594,1,1
263,object,22543.828814406,35.67100065993145,98.34199954639189,31.288000172935426,2.4820001272019,0.3130007826257497,168.09600128908642,1,1
264,object,22543.853186233,35.386001400183886,105.94899868010543,36.252000427339226,2.4760011001490057,0.362000719178468,180.42500232695602,1,1
265,object,22543.878833428,90.38600182975642,277.66199855250306,1.5799996617715806,79.7239990788512,0.9850009519141167,450.3370000747964,2,1
266,object,22543.905274168,111.44800009788014,325.9610020904802,95.31199975754134,8.697999874129891,0.914998963708058,542.3340007837396,2,1
267,object,22543.929661869,107.40800280473195,362.37799940863624,102.81099821440876,9.0810026449617,1.0069998097606003,582.6850028824992,2,1
268,object,22543.958379483,67.28500011377037,258.29399965004995,60.07900083204731,5.264999344944954,0.6949994713068008,391.6179994121194,2,1
269,object,22543.982608843,62.23899981705472,163.26900004060008,35.69599721231498,3.2850002753548324,0.37000063457526267,264.85899797989987,2,1
270,object,22544.007530384,89.16500155464746,224.3470007670112,65.68399840034544,5.761001375503838,0.7089984137564898,385.66600051126443,2,1
271,object,22544.032887083,188.1989992398303,486.4429974986706,158.53400327614509,12.844997399952263,1.4899997040629387,847.5109971186612,2,1
272,object,22544.058810386,103.1440006045159,359.33899926021695,92.91400056099519,8.719998731976375,0.8330025593750179,564.9500017170794,2,1
273,object,22544.082877576,93.55700240121223,340.0149980734568,114.87600204418413,9.385999874211848,0.8380011422559619,558.672003535321,2,1
274,object,22544.106936548,99.70999963115901,191.70499945175834,51.12200233270414,4.642999556381255,0.5160000000614673,347.6960009720642,2,1
275,object,22544.132692344,85.67000259063207,248.51999842212535,74.69000047422014,6.10799907008186,0.6230002327356488,415.61100078979507,2,1
276,object,22544.15792999,125.79100075527094,362.0610004873015,96.72899977886118,9.037998097483069,0.9180002962239087,594.5369994151406,2,1
277,object,22544.184748044,97.94599827728234,328.7719991931226,92.14600140694529,8.654998964630067,0.8900024113245308,528.4090002533048,2,1
278,object,22544.210393836,110.95999798271805,330.2510012872517,95.02099783276208,8.417002391070127,0.8919996616896242,545.5409991554916,2,1
279,object,22544.234728856,67.81499905628152,166.43699927954003,56.069999118335545,5.148001946508884,0.776999513618648,296.24699891428463,2,1
280,object,22544.26046912,64.49200009228662,204.1650004684925,53.83499956224114,4.853998689213768,0.5170004442334175,327.86299925646745,2,1
281,object,22544.288845396,98.30799899646081,326.79500145604834,111.58000052091666,8.772000001044944,0.9479990694671869,546.4030000439379,2,1
282,object,22544.312183084,155.80599938402884,381.6520002146717,105.95000276225619,8.584996976424009,1.162003172794357,653.1550025101751,2,1
283,object,22544.338190688,114.464000944281,337.56999982870184,94.600000011269,8.587001502746716,1.4430006558541209,556.6640029428527,2,1
284,object,22544.3619512,44.442000216804445,143.8409999536816,35.696000850293785,3.7669997254852206,0.32399839255958796,228.06999913882464,2,1
285,object,22544.387272929,54.784999520052224,147.25800065207295,38.414997106883675,3.9570004446431994,0.4310022632125765,244.84599998686463,2,1
286,object,22544.412557268,93.6860014917329,287.8279992728494,128.7380000576377,8.896000508684665,0.8620008884463459,520.010002219351,2,1
287,object,22544.43751552,105.11000073165633,304.97199986712076,113.04199870210141,9.137002052739263,0.9709983714856207,533.2319997251034,2,1
288,object,22544.462792957,110.05099804606289,346.93099951255135,99.18400246533565,8.941999112721533,0.9209979907609522,566.0289971274324,2,1
289,object,22544.491077533,59.50500053586438,172.66199938603677,37.033001717645675,3.568999090930447,0.7439994078595191,273.5130001383368,2,1
290,object,22544.516074376,36.011002521263435,110.7239986595232,28.840000595664605,2.7149981178808957,0.2800006768666208,178.57000057119876,2,1
291,object,22544.543684635,100.68000119645149,327.4240007158369,112.2110006690491,8.424998668488115,0.8620008884463459,549.6020021382719,2,1
292,object,22544.571638062,101.76599971600808,363.1510007835459,95.27599831926636,8.682000043336302,0.948002707445994,569.8230015696026,2,1
293,object,22544.598083596,236.86300119152293,665.1119983871467,259.4270008557942,17.049998859874904,1.6029989637900144,1180.0549982581288,2,1
294,object,22544.625947874,161.54600234585814,476.34199654567055,130.01800107304007,11.79999890155159,0.8390015864279121,780.5450004525483,2,1
295,object,22544.649799882,78.7879980634898,187.15700207394548,32.479998480994254,3.3799988159444183,0.4440007614903152,302.24899819586426,2,1
296,object,22544.675301407,81.92200039047748,227.5890001328662,66.31400174228474,6.056998245185241,0.6000009307172149,382.4820014415309,2,1
297,object,22544.701331209,116.51900058495812,311.2289996352047,95.10200106888078,8.355000318260863,0.8589995559304953,532.0640011632349,2,1
298,object,22544.725250394,105.66999844741076,333.0489998916164,102.21900083706714,8.476999937556684,1.1060001270379871,550.520999240689,2,1
299,object,22544.74988369,54.631000239169225,176.18899801163934,44.52800203580409,4.423000063979998,0.3839995770249516,280.1549999276176,2,1
300,object,22544.774408169,48.7729994347319,122.34500172780827,28.77899896702729,2.712000423343852,0.32399839255958796,202.9329989454709,2,1
301,object,22544.800663242,104.15499855298549,335.27699997648597,115.56900062714703,9.113999112742022,0.953001290326938,565.0679995596875,2,1
302,object,22544.826305121,124.94899783632718,322.7599991078023,95.39399979985319,8.851002348819748,0.9549985406920314,552.9089976334944,1,1
303,object,22544.851068062,74.63000292773359,237.63199715176597,104.88500265637413,6.967999070184305,0.8919996616896242,425.0070014677476,1,1
304,object,22544.875237221,104.20900071039796,243.9479976601433,102.91299986420199,6.8020017351955175,0.8800016075838357,458.7520015775226,1,1
305,object,22544.899625096,67.42400000803173,141.58900012262166,35.45199797372334,2.7790010790340602,0.5539986887015402,247.79799787211232,1,1
306,object,22544.925075384,58.52899994351901,172.35800260095857,64.15799725800753,4.6240020310506225,0.5580004653893411,300.2270022989251,1,1
307,object,22544.950814323,109.74399992846884,358.9849984564353,175.27900126879103,9.536997822578996,1.4890028978697956,655.034000374144,1,1
308,object,22544.974839896,121.94800001452677,399.95299812289886,175.20500114187598,9.916002454701811,1.3039971236139536,708.3259988576174,1,1
309,object,22544.998839857,104.62499994901009,333.7400012242142,151.1490008851979,8.611998055130243,1.0570001904852688,599.1830003040377,1,1
310,object,22545.023096767,41.093000618275255,134.58999819704331,55.400003475369886,2.706998202484101,0.4079993232153356,234.1979998163879,1,1
311,object,22545.04764853,93.03600018029101,291.52199931559153,128.00700278603472,6.841997674200684,0.8839997462928295,520.2909997024108,1,1
312,object,22545.072995999,134.06600191956386,348.28199932235293,174.90599930169992,9.498999133938923,1.2760028766933829,668.029002554249,1,1
313,object,22545.097467707,123.12199760344811,360.9930026868824,237.2899980400689,9.963001502910629,1.2599994079209864,732.627999241231,1,1
314,object,22545.12125101,88.14399916445836,273.2209977693856,104.9980019161012,9.677998605184257,1.3320022844709456,477.37299973960035,1,1
315,object,22545.145077609,54.89900286193006,165.03399820066988,68.04700024076737,4.78999936603941,0.7150010787881911,293.4850017481949,1,1
316,object,22545.169269392,51.569997594924644,113.5400016210042,36.34699896792881,3.0129995138850063,0.4350004019215703,204.90499809966423,1,1
317,object,22545.194290897,100.0299998850096,288.2489970943425,128.27300088247284,7.550999725935981,1.1859992810059339,525.2889968687668,1,1
318,object,22545.218795623,76.86900062253699,249.6130000508856,105.61699673417024,6.9350026024039835,0.9209979907609522,439.95499800075777,1,1
319,object,22545.243901905,147.92400179430842,316.5039997838903,102.92599836247973,7.532999006798491,0.88600063463673,575.7729995821137,1,1
320,object,22545.268083541,57.49100091634318,136.29800014314242,44.31100023793988,3.1720010156277567,0.4109970177523792,241.68299933080561,1,1
321,object,22545.29231931,42.46200114721432,103.33200043532997,32.186999305849895,2.426000719424337,0.34699769457802176,180.75399930239655,1,1
322,object,22545.337921562,120.70299999322742,6.872000085422769,3.7530007830355316,15.806999726919457,1.6589983715675771,148.79399896017276,1,0
323,object,22545.38282622,85.75099855079316,4.506000550463796,2.734999725362286,10.281000868417323,1.04300124803558,104.31600094307214,1,0
324,object,22545.42759153,36.77700078696944,1.6740013961680233,1.2899981811642647,5.099002009956166,0.3389977791812271,45.17900015343912,1,0
325,object,22545.451982047,68.4749975334853,149.72999997553416,46.39100006897934,3.1950003176461905,0.41400198824703693,268.204999883892,1,1
326,object,22545.477180116,41.514002077747136,115.71700088097714,49.84799670637585,3.441000444581732,0.4800021997652948,211.00000230944715,1,1
327,object,22545.502385333,92.77400022256188,249.35799956438132,121.9850018969737,7.668000762350857,1.2269993021618575,473.0120017484296,1,1
328,object,22545.526498923,93.14899944001809,247.31799931032583,96.44500096328557,6.097998266341165,0.8930001058615744,443.9029980858322,1,1
329,object,22545.552043845,48.226000217255205,126.12099817488343,43.51400275481865,3.6059973353985697,0.3630011633504182,221.82999964570627,1,1
330,object,22545.576732918,58.35599949932657,145.34499860019423,40.66800102009438,2.998000127263367,0.46499917516484857,247.8319984220434,1,1
331,object,22545.622864546,100.28800170402974,5.349000275600702,3.4679978853091598,12.656000762945041,1.1699994502123445,122.93100007809699,1,0
332,object,22545.667789147,90.97899965126999,4.607001756085083,2.9559996619354934,11.136999091831967,1.0490002750884742,110.728000436211,1,0
333,object,22545.712612838,57.97500125481747,2.5719964469317347,1.6780031728558242,12.241998774698004,0.5449983291327953,75.01199797843583,1,0
334,object,22545.757727685,81.1040008557029,4.534002073341981,2.5669978640507907,11.82300184154883,1.157997758127749,101.18600039277226,1,0
335,object,22545.802731534,49.3929983349517,3.0560004233848304,2.082000719383359,6.26399923930876,0.5700021574739367,61.365000874502584,1,0
336,object,22545.84779768,98.20600098464638,4.65199991595,2.3329994291998446,12.025000614812598,0.8560018613934517,118.07200280600227,1,0
337,object,22545.892699986,69.98699973337352,3.802997525781393,2.807002601912245,9.573999705025926,1.009997504297644,87.18099707039073,1,0
338,object,22545.937594977,54.347998229786754,2.610002411529422,1.5369987522717565,6.311998731689528,0.5150031938683242,65.32200131914578,1,0
339,object,22545.982589835,48.81200220552273,3.4889999369625,1.920998329296708,6.369999027810991,0.7220005500130355,61.314000049605966,1,0
340,object,22546.028383114,41.34099799557589,3.512002876959741,1.8789978639688343,7.27099904906936,0.9540017344988883,54.95699952007271,1,0
341,object,22546.072604149,47.754998377058655,2.373999450355768,1.2800010154023767,5.861998943146318,0.7970011211000383,58.067998907063156,1,0
342,object,22546.117597799,41.58299998380244,1.8610007828101516,1.3019998732488602,5.390000296756625,0.3720015229191631,50.50800245953724,1,0
343,object,22546.162844694,97.13699910207652,4.8439978854730725,3.403001755941659,11.484000424388796,1.0650001058820635,117.9329992737621,1,0
344,object,22546.206482047,43.99799945531413,128.24299847125076,45.642002078238875,3.201999788871035,0.4020002961624414,221.48700008983724,1,1
345,object,22546.230826777,43.8960014434997,110.66699880757369,45.43100294540636,2.9289985832292587,0.38199868868105114,203.30500046839006,1,1
346,object,22546.282741194,40.412996895611286,4.106001142645255,1.9639992387965322,7.910002750577405,1.067997800419107,55.460997828049585,1,0
347,object,22546.327810776,89.77600009529851,4.593999619828537,2.7319983928464353,11.415999324526638,1.287000486627221,109.80499791912735,1,0
348,object,22546.372574183,44.08099994179793,1.8690006982069463,1.128999429056421,5.402001988841221,0.40099985199049115,52.882001909893006,1,0
349,object,22546.417802225,94.65499897487462,4.818000888917595,2.5339977582916617,11.013002222171053,1.4239994925446808,114.4439993367996,1,0
350,object,22546.462748714,73.47200153162703,4.885001544607803,2.5269982870668173,9.85799852060154,0.9610012057237327,91.70300108962692,1,0
351,object,22546.507593341,42.58699846104719,1.9979997887276113,1.1980009730905294,4.9640002544038,0.38299913285300136,51.12999861012213,1,0
352,object,22546.552682915,95.89600085746497,4.706998879555613,3.173001459799707,11.22799949371256,1.0469993867445737,116.05100007727742,1,0
353,object,22546.597726808,63.016002968652174,3.526998625602573,2.6570014597382396,7.40999894333072,0.6000009307172149,77.21000292804092,1,0
354,object,22546.642645074,64.30199937312864,2.8520007617771626,1.9859980966430157,7.973001629579812,0.6510017556138337,77.76400161674246,1,0
355,object,22546.687660017,68.1609999446664,3.870001819450408,2.4080000002868474,7.951999577926472,0.9119976311922073,83.30299897352234,1,0
356,object,22546.727995425,110.62599878641777,257.6990009401925,112.57699952693656,9.31899921852164,1.0650001058820635,491.2859985779505,1,1
357,object,22546.752197887,115.5540012405254,182.7140004024841,44.39799886313267,3.7339996197260916,0.5900001269765198,346.99000025284477,1,1
358,object,22546.792776193,90.6489985936787,4.7290013753809035,3.006000042660162,11.552998330444098,1.0650001058820635,111.00199844804592,1,0
359,object,22546.837664001,64.39000208047219,3.683999239001423,2.225999196525663,8.227998478105292,0.8930001058615744,79.42099909996614,1,0
360,object,22546.882694886,64.87299833679572,2.7860005502589047,1.5350015019066632,6.236998160602525,0.6280024535953999,76.05900100315921,1,0
361,object,22546.927740922,84.03399988310412,4.284000169718638,2.477998350514099,21.325999114196748,1.04300124803558,113.16499876556918,1,0
362,object,22546.972760242,86.82800034875982,4.285000613890588,2.5430017558392137,9.957999282050878,0.9840005077421665,104.59800250828266,1,0
363,object,22547.007756164,67.80699914088473,233.5090030101128,74.63099973392673,5.387999408412725,0.8649985829833895,382.19999987632036,1,1
364,object,22547.031683058,50.413000280968845,122.1249985974282,35.712000681087375,2.5699991965666413,0.3850000211969018,211.20499877724797,1,1
365,object,22547.056103613,51.98600047151558,135.73400065070018,44.721000449499115,3.7579993659164757,0.4030007403343916,236.60200167796575,1,1
366,object,22547.082176142,122.65499753993936,360.7890030252747,174.37299902667291,9.962001058738679,1.2619966582860798,669.0409973089118,1,1
367,object,22547.10639181,127.60199751937762,357.41800093092024,194.4739997270517,9.745999705046415,1.6000012692529708,690.839999151649,1,1
368,object,22547.129973194,125.13899855548516,311.0389989160467,104.2990006681066,5.98800033912994,0.9350005711894482,547.3999990499578,1,1
369,object,22547.153783976,37.589001294691116,106.49300020304509,32.61600068071857,2.7179994503967464,0.285999703919515,179.70200133277103,1,1
370,object,22547.179709529,97.9350006673485,254.47400184930302,86.73299817019142,6.000002031214535,0.8459974196739495,445.98800013773143,1,1
371,object,22547.205076083,117.12400009855628,347.74500090861693,168.22600082377903,7.734000973869115,1.2450000212993473,642.0740028261207,1,1
372,object,22547.229452808,79.00300261098891,237.60899784974754,101.64800187340006,7.01300086802803,0.9879986464511603,426.2610018486157,1,1
373,object,22547.253742508,103.63699766458012,372.0860004250426,173.11900228378363,10.48500053002499,1.4499964891001582,660.7769973925315,1,1
374,object,22547.27837848,45.91299875755794,135.73699834523723,43.33000106271356,3.6140008887741715,0.4079993232153356,229.00199837749824,1,1
375,object,22547.303198905,39.15599882020615,115.7650003733579,40.84000102011487,3.155000740662217,0.6699992809444666,199.5860002352856,1,1
376,object,22547.328179026,80.53599958657287,241.1009991192259,102.89599958923645,7.01500175637193,0.8759998308960348,432.4239998823032,1,1
377,object,22547.353621158,71.40600064303726,218.04100106237456,120.94599878764711,7.078000635374337,0.9049981599673629,418.37599928840064,1,1
378,object,22547.380607419,72.73899973370135,221.45299953990616,97.8600000962615,29.098002414684743,1.1209995136596262,422.2710012982134,1,1
379,object,22547.406736412,52.06700006965548,114.1500033554621,31.732997740618885,2.6000016077887267,0.35499760997481644,200.9050003835,1,1
380,object,22547.430351578,80.18799780984409,148.87500219629146,32.501000532647595,2.2419990273192525,0.3889981599058956,264.1949977260083,1,1
381,object,22547.454668611,103.141999716172,356.8399988580495,437.68700197688304,11.307998647680506,1.1849988368339837,910.161998035619,1,1
382,object,22547.480386081,100.08200115407817,266.14500166033395,107.27900007623248,6.907997885718942,0.7849994290154427,481.199000205379,1,1
383,object,22547.505286697,56.73999839928001,151.23900084290653,53.30600106390193,3.668999852379784,0.47000139602459967,265.42400155449286,1,1
384,object,22547.529925871,51.226998039055616,197.201003174996,63.20799730019644,4.331999662099406,0.5920010153204203,316.5599991916679,1,1
385,object,22547.554446468,63.57600068440661,163.42299932148308,36.19400013121776,2.553999365773052,0.8040005923248827,266.5510000952054,1,1
386,object,22547.579034417,76.79400005144998,224.05200070352294,80.34300117287785,5.660000169882551,0.705000275047496,387.5540023727808,1,1
387,object,22547.605624049,74.49400072800927,204.86699941102415,81.79599899449386,5.860001692781225,0.7489979907404631,367.76599881704897,1,1
388,object,22547.630090219,95.16199861536734,247.97000151011162,104.12799747427925,7.746999472146854,0.9150026016868651,455.9219996735919,1,1
389,object,22547.656038081,56.607997976243496,142.40900054574013,42.810999730136245,3.916000423487276,0.467000063508749,246.2109987391159,1,1
390,object,22547.679838428,35.06400025798939,98.98300049826503,38.745998608646914,2.3239990696310997,0.3839995770249516,175.50099801155739,1,1
391,object,22547.704507851,79.54500324558467,233.8899976166431,85.71800208301283,7.190999895101413,1.0269977792631835,407.3710006196052,1,1
392,object,22547.728999793,102.83500159857795,246.8899983796291,102.54000153508969,6.777001544833183,0.8930001058615744,459.9350031639915,1,1
393,object,22547.754101248,105.54600157774985,317.16100056655705,164.37099839095026,10.005998774431646,1.1840020306408405,598.2680013403296,1,1
394,object,22547.778132709,89.0969968168065,245.42200117139146,102.18100214842707,7.121998351067305,0.857999111758545,444.67999759945087,1,1
395,object,22547.804932146,64.48299973271787,212.8020023519639,63.325998780783266,5.5919990700203925,0.510000973008573,346.713000908494,1,1
396,object,22547.828547934,34.40100044826977,101.71999747399241,36.22400254243985,2.2139975044410676,0.300002284348011,174.8590002534911,1,1
397,object,22547.853104865,108.92899808823131,267.4470015335828,122.44399840710685,7.473001460311934,1.0420008038636297,507.3350002930965,1,1
398,object,22547.878142445,89.63400250650011,236.79500009166077,120.67900024703704,7.298996933968738,0.972002453636378,455.37900223280303,1,1
399,object,22547.903949195,121.00300227757543,235.29299869551323,100.41000132332556,6.923997716512531,1.3540011423174292,464.9840011552442,1,1
400,object,22547.92755677,85.44700176571496,229.70300051383674,102.07900049863383,6.1209975683595985,0.8600000001024455,424.2100003466476,1,1
401,object,22547.951801648,57.2239987377543,153.89200052595697,56.732002121862024,3.4999975468963385,0.5290021363180131,271.87700106878765,1,1
402,object,22547.979359291,82.02500248444267,235.91799981659278,117.97399929491803,7.227998139569536,0.929001544136554,444.07400127965957,1,1
403,object,22548.006869558,117.49999976018444,374.4770001503639,176.5019987942651,9.46100044529885,1.1999982234556228,679.1399973735679,1,1
404,object,22548.034350512,127.98099851352163,363.25300243333913,196.4799994311761,9.985000360757113,1.1509982869029045,698.8499990256969,1,1
405,object,22548.063678122,125.95800217241049,365.31599835143425,166.6610005486291,10.144001862499863,1.238997356267646,669.3180002912413,1,1
406,object,22548.089573134,66.00699998671189,144.9470000807196,51.90100273466669,3.2269999792333692,0.4119974619243294,266.49400024325587,1,1
407,object,22548.114084642,42.08100290270522,134.58999819704331,56.8450013815891,3.1659983505960554,0.4450012056622654,237.12700203759596,1,1
408,object,22548.139732006,69.27300273673609,187.05699767451733,87.97900227364153,5.287998646963388,0.6170012056827545,350.2140025375411,1,1
409,object,22548.164669343,69.91299960645847,152.3829996585846,56.504999520257115,3.8569996831938624,1.0379990271758288,283.69599749566987,1,1
410,object,22548.190826091,80.28100273804739,262.78999939677306,102.48699982184917,6.731999746989459,0.8140013960655779,453.10400309972465,1,1
411,object,22548.217611694,73.45500125666149,139.40300050307997,33.07799852336757,2.8030008252244443,0.3310015017632395,249.0700026100967,1,1
412,object,22548.241777715,57.32499994337559,230.51300013321452,82.84999785246328,4.258999979356304,0.9770010365173221,375.923998944927,1,1
413,object,22548.268101442,113.79699935787357,281.80899971630424,113.21700003463775,8.005998097360134,0.8950009942054749,517.7239982003812,1,1
414,object,22548.29335823,68.19100235588849,215.19599977182224,81.50899884640239,5.940000846749172,0.7749986252747476,371.61100044613704,1,1
415,object,22548.317032435,76.83399962843396,190.84200175711885,52.596999012166634,3.951001417590305,0.5299989425111562,324.7540007578209,1,1
416,object,22548.342413345,49.27700138068758,142.7060014975723,46.452998503809795,3.6199999158270657,0.347998138749972,242.4039994366467,1,1
417,object,22548.367033551,54.894000641070306,130.52600115770474,34.2639978043735,3.3149990485981107,0.38800135371275246,223.3870000054594,1,1
418,object,22548.392410145,80.16100036911666,217.80599854537286,87.83100201981142,5.780999345006421,0.7509988790843636,392.32999915839173,1,1
419,object,22548.417738726,71.02900053723715,253.85000117239542,107.69700020318851,7.308997737709433,0.9510004019830376,440.83600005251355,1,1
420,object,22548.444125276,76.97699766140431,239.34900309541263,102.15200018137693,6.571997801074758,1.020001946017146,426.0700006852858,1,1
421,object,22548.470644832,70.07200110820122,137.00999988941476,42.67699841875583,3.3750002330634743,0.3230015863664448,253.45700123580173,1,1
422,object,22548.494762216,55.96199844148941,130.08700261707418,38.72199886245653,2.926000888692215,0.4309986252337694,228.1279994349461,1,1
423,object,22548.521861534,93.11599933425896,642.4130006053019,150.3449966548942,9.856001270236447,1.3239987310953438,897.0539965957869,1,1
424,object,22548.548319525,76.56399975530803,249.48499776655808,107.21700164140202,6.762998964404687,0.953001290326938,440.98199941799976,1,1
425,object,22548.572686218,82.01099990401417,257.26099920575507,105.41899973759428,7.178998203016818,0.8370006980840117,452.70699774846435,1,1
426,object,22548.598370151,46.42899875761941,158.21800116100349,82.05399717553519,4.831003025174141,0.809999619377777,292.34199973871,1,1
427,object,22548.623373359,34.511998819652945,102.78799891239032,32.26700209779665,2.2559979697689414,0.29700095183216035,172.11999875144102,1,1
428,object,22548.649260254,82.01300079235807,228.23200197308324,93.5869975364767,6.633999873884022,0.9040013537742198,411.37000152957626,1,1
429,object,22548.676465812,86.92399933352135,251.7180000722874,102.53700020257384,6.8259978434070945,0.9080031304620206,448.9130005822517,1,1
430,object,22548.700907919,74.94300007238053,265.76399977784604,103.30100121791475,7.048998668324202,0.8259994501713663,451.8829991866369,1,1
431,object,22548.72741641,88.68899749359116,252.342000749195,104.81500066816807,7.4409981607459486,0.9989998943638057,454.285996966064,1,1
432,object,22548.751594145,67.3079994157888,128.6670012632385,44.51299901120365,3.4100012271665037,0.4659996193367988,244.36400053673424,1,1
433,object,22548.776340036,66.65999899269082,169.35299936449155,61.77199975354597,4.176999937044457,0.8409988367930055,302.8029968845658,1,1
434,object,22548.801752152,85.75500032748096,303.8749964616727,169.72100274870172,7.181999535532668,0.938998709898442,567.4719977832865,1,1
435,object,22548.826514812,91.5649980015587,256.21299937483855,108.16500071086921,7.05000275047496,0.7700000423938036,463.7630008801352,1,1
436,object,22548.851030772,57.10800178349018,217.3610009776894,90.58999785338528,5.903999408474192,0.7210001058410853,371.68400012888014,1,1
437,object,22548.877470692,78.0829977884423,162.5420009077061,56.26599886454642,3.80200071958825,0.4489993443712592,301.1419976246543,1,1
438,object,22548.902037767,63.571002101525664,148.1709987274371,54.64100104290992,3.4719996619969606,0.38800135371275246,270.2430028875824,1,1
439,object,22548.926120795,80.39599924813956,260.34999973489903,119.97000183328055,6.5259991970378906,0.9850009519141167,468.22700096527115,1,1
440,object,22548.951057253,95.86099986336194,285.36699755932204,105.04000238142908,7.265996828209609,0.9700015652924776,494.50399819761515,1,1
441,object,22548.975039455,104.87100007594563,291.7710007750429,44.52400025911629,3.796998498728499,0.47900175559334457,445.4420013644267,1,1
442,object,22548.999169916,44.26200030138716,164.66700253658928,73.25799742829986,4.713001544587314,0.4979992809239775,287.3980010917876,1,1
443,object,22549.022696212,38.86199920088984,105.65200136625208,37.35499922186136,3.0840019462630153,0.3589993866626173,185.31200112192892,1,1
444,object,22549.046515261,42.83199814381078,150.5090003774967,61.86300015542656,4.425000952323899,0.4799985617864877,260.10899819084443,1,1
445,object,22549.071145919,106.22300032991916,275.7900001597591,105.27700214879587,7.39199822419323,1.0559997463133186,495.73800060898066,1,1
446,object,22549.094860472,100.71300130221061,350.89999801130034,154.20199997606687,9.897001291392371,1.1429983715061098,616.8549989524763,1,1
447,object,22549.119572361,78.33299969206564,239.2450005572755,103.2129985105712,6.770002073608339,22.105999960331246,449.6670007938519,1,1
448,object,22549.144649728,47.69999941345304,127.31500100926496,43.09699943405576,2.9509974410757422,0.5590009095612913,221.6219982074108,1,1
449,object,22549.168526312,44.44199657882564,115.94200259423815,32.468000426888466,2.939999831141904,0.36100027500651777,196.15299970610067,1,1
450,object,22549.193840535,80.46599759836681,252.8610020817723,103.27299969503656,7.018999895080924,1.1070005712099373,444.72599984146655,1,1
451,object,22549.217889357,129.97499652556144,268.05200104718097,103.71000098530203,7.004000508459285,0.9169998520519584,509.6579989185557,1,1
452,object,22549.244260371,100.62799992738292,257.6750011940021,102.54699736833572,6.917001883266494,0.9219984349329025,468.68899880792014,1,1
453,object,22549.269497052,33.386000723112375,100.07200035033748,31.79700070177205,2.248998498544097,0.6320005923043936,168.1360008660704,1,1
454,object,22549.293428365,60.149999626446515,117.43000140995719,38.82400051224977,3.2379975891672075,0.3720015229191631,220.01400066073984,1,1
455,object,22549.318674235,129.46000060765073,359.07599885831587,153.5539995529689,8.063001587288454,1.276999682886526,651.4300002891105,1,1
456,object,22549.344500112,76.86899698455818,231.73700174083933,101.24199980054982,6.831000064266846,0.8790011634118855,417.55799975362606,1,1
457,object,22549.370515692,83.97100100410171,222.04499691724777,93.24900020146742,6.005000614095479,0.8540009730495512,406.12399970996194,1,1
458,object,22549.397297747,76.49899998796172,216.575001104502,89.12699922802858,5.956000677542761,0.6649970600847155,388.8219980581198,1,1
459,object,22549.422816894,77.36100087640807,163.306001923047,43.66799839772284,2.6650013751350343,0.5229994712863117,287.52300204359926,1,1
460,object,22549.446555616,63.90099952113815,156.21700003976002,52.78000026009977,4.21599906985648,0.5080000846646726,277.6219989755191,1,1
461,object,22549.472311916,50.288999773329124,130.14499927521683,43.36100028012879,2.239001332782209,0.5209985829424113,226.55499924439937,1,1
462,object,22549.495965209,58.64899867447093,142.1670021954924,50.672999350354075,3.5289995139464736,0.8560018613934517,255.87400159565732,1,1
463,object,22549.521804721,89.1659983608406,263.0260023579467,99.35200068866834,7.798997103236616,0.7380003808066249,460.0809988914989,1,1
464,object,22549.548163397,54.37599975266494,176.7190005921293,48.048997996374965,3.4660006349440664,0.6469999789260328,283.2569989550393,1,1
465,object,22549.573061272,51.01200076751411,150.04599845269695,59.69500125502236,3.821998689090833,0.8410024747718126,265.41600163909607,1,1
466,object,22549.597502389,105.00899952603504,244.1810029267799,96.59699935582466,6.381000275723636,0.8169990906026214,452.9850011749659,1,1
467,object,22549.622357235,119.2519994219765,312.9860015178565,123.81600026856177,7.580998499179259,1.0420008038636297,564.6770005114377,1,1
468,object,22549.645854497,75.05299799959175,275.5800014710985,103.6120011121966,7.033999281702563,0.9499999578110874,462.2289998224005,1,1
469,object,22549.671047341,60.428999859141186,188.051002623979,64.40799916163087,5.167999916011468,0.5889996828045696,318.6450012435671,1,1
470,object,22549.693952275,42.381001549074426,116.91100007737987,28.210997697897255,2.5459994503762573,0.3349996404722333,190.38399841520004,1,1
471,object,22549.718237112,61.70100095914677,192.65700029791333,85.72300066589378,5.207999492995441,0.7039998308755457,345.99300124682486,1,1
472,object,22549.741900272,146.02000010199845,262.7569992910139,104.76199895492755,7.342998287640512,1.0900002962443978,521.9719969318248,1,1
473,object,22549.765850088,71.67800140450709,265.61200138530694,101.45299893338233,6.941998435650021,0.8890019671525806,446.57400212599896,1,1
474,object,22549.78983274,103.74400153523311,313.21999995270744,96.00100020179525,7.356997230090201,1.4850011211819947,521.807000041008,1,1
475,object,22549.813527646,39.45199932786636,161.06799739645794,41.65700011071749,3.049000952159986,0.28399881557561457,245.5099966027774,1,1
476,object,22549.838118288,59.106998378410935,139.83600001665764,47.66600250150077,2.3749998945277184,0.41000021155923605,249.3940010026563,1,1
477,object,22549.862591002,97.1750014286954,289.8820021073334,133.33699826034717,7.965998520376161,0.9010000212583691,529.2610003380105,1,1
478,object,22549.886414419,49.80899757356383,210.2860016748309,92.60799924959429,5.8680016081780195,0.7710004865657538,359.3420005927328,1,1
479,object,22549.912128414,103.5940003930591,249.84300034702756,119.09300155821256,7.496000762330368,0.9299983503296971,480.9560014109593,1,1
480,object,22549.940903606,59.50000195298344,159.32499809423462,37.58100137929432,2.5699991965666413,0.5350011633709073,259.5110017864499,1,1
481,object,22549.969321669,51.98500002734363,118.50599912577309,33.58800313435495,2.7809983293991536,0.3440000000409782,207.2040006169118,1,1
482,object,22549.996183525,79.46000187075697,180.25199824478477,70.75300163705833,4.841996997129172,0.7560010999441147,336.06299984967336,1,1
483,object,22550.020633423,89.13300189306028,247.9009999660775,120.87700088159181,7.036996976239607,0.8019997039809823,465.7499994209502,1,1
484,object,22550.044167855,80.94700024230406,232.42599854711443,95.3150010900572,6.630998541368172,0.8600000001024455,416.1789984209463,1,1
485,object,22550.067714998,56.557000789325684,171.63899974548258,81.03800064418465,4.882000212091953,0.7089984137564898,314.82499980484135,1,1
486,object,22550.091060623,65.84000220755115,172.64999769395217,35.173001379007474,2.540000423323363,0.4180001269560307,276.6210018307902,1,1
487,object,22550.115160492,60.49799776519649,193.73400209588,74.65099770342931,6.271002348512411,0.7989983714651316,335.95299828448333,1,1
488,object,22550.140155289,79.74500113050453,235.37599918199703,102.30600310023874,6.8309964262880385,0.900003215065226,425.15800305409357,1,1
489,object,22550.165729421,82.16299829655327,263.3139993122313,104.60799967404455,7.01200042385608,1.010001142276451,458.10699884896167,1,1
490,object,22550.192891003,94.07199831912294,294.41800143104047,106.68100003385916,6.924001354491338,0.8440001693088561,502.93900130782276,1,1
491,object,22550.216708453,54.55099744722247,124.25100067048334,34.307002351852134,3.0369992600753903,0.3249988367315382,216.47099856636487,1,1
492,object,22550.241738838,44.32399873621762,139.84500037622638,43.40799932833761,3.435998223721981,0.443000317318365,231.45599698182195,1,1
493,object,22550.267868927,81.20799975586124,268.91699963016436,101.06000263476744,7.327998901018873,1.4020006346981972,459.9150015565101,1,1
494,object,22550.29812943,78.46099833841436,232.55300038727,95.62000195728615,6.641999789280817,0.7999988156370819,414.0759992878884,1,1
495,object,22550.326147944,116.93499982357025,281.2249986163806,108.36000001290813,7.377999281743541,0.9230025170836598,514.8210002516862,1,1
496,object,22550.351194325,34.321998100494966,95.25299901724793,32.43399987695739,2.4890032364055514,0.24999826564453542,164.74799849675037,1,1
497,object,22550.392798696,84.08599751419388,4.507000994635746,2.4889995984267443,10.061001376016065,1.0680014383979142,102.21100092167035,1,0
498,object,22550.437758884,61.89800114952959,3.692999598570168,2.338998456252739,7.884002116043121,0.8879978850018233,76.70199920539744,1,0
499,object,22550.48267393,77.28299897280522,2.7240021154284477,1.7809979908633977,8.60799991642125,0.47399953473359346,90.8699985302519,1,0
500,object,22550.527585205,47.631998313590884,2.835000486811623,1.8560021999292076,6.361999112414196,0.7540002116002142,59.439000324346125,1,0
501,object,22550.572959231,117.81299690483138,9.08200308913365,6.6639986471273005,11.980999261140823,1.1020019883289933,146.64199989056215,1,0
502,object,22550.617744232,69.64899876038544,3.711000317707658,1.4710021787323058,8.009999874047935,0.6139998731669039,83.45500100404024,1,0
503,object,22550.662594172,47.23199890577234,2.197000867454335,1.6169979062397033,6.160000339150429,0.4899993655271828,57.69599738414399,1,0
504,object,22550.707771519,85.13600187143311,4.426998202688992,2.5699991965666413,10.697000107029453,1.0750009096227586,103.90500028734095,1,0
505,object,22550.752603481,36.61099981400184,2.421002136543393,1.3929966371506453,4.942001396557316,0.366999302059412,45.73399928631261,1,0
506,object,22550.797798631,91.511999926297,4.621000698534772,2.920998667832464,12.300002708798274,1.138996594818309,112.49299859628081,1,0
507,object,22550.842721288,82.12799730245024,4.416000592755154,3.2200005080085248,9.480998414801434,0.9830000635702163,100.22799688158557,1,0
508,object,22550.887722249,91.19099922827445,8.768998668529093,4.41200245404616,8.787999831838533,1.1759984772652388,114.33599865995347,1,0
509,object,22550.932850744,98.28399925027043,5.607002094620839,2.9559996619354934,12.404998415149748,1.0930016287602484,120.34500105073676,1,0
510,object,22550.977770748,101.86900180997327,4.580000677378848,2.925000444520265,11.316999007249251,1.1409974831622094,121.83199942228384,1,0
511,object,22551.022653264,44.754000555258244,1.8179998733103275,1.2460004654712975,5.6569988373667,0.4209978214930743,53.895997552899644,1,0
512,object,22551.067827439,91.95199891109951,4.739998985314742,3.21100014843978,11.901000107172877,1.1660013115033507,112.96999946353026,1,0
513,object,22551.1135571,178.58199862530455,12.661999789997935,6.5160020312760025,26.056997739942744,2.2360000002663583,226.0529981867876,1,0
514,object,22551.157583035,45.573000534204766,1.8649989215191454,1.4209981600288302,5.434001650428399,0.3799978003371507,54.67299706651829,1,0
515,object,22551.202615493,63.919000240275636,4.404002538649365,2.4709988792892545,8.625000191386789,0.8600000001024455,80.27900184970349,1,0
516,object,22551.247890883,97.65699724084698,4.582001565722749,2.5939989427570254,34.85400156932883,1.582000550115481,141.26899986877106,1,0
517,object,22551.292616124,45.72400212055072,2.3269967641681433,1.0710027709137648,5.4109987104311585,0.6849986675661057,55.217999033629894,1,0
518,object,22551.337771364,92.05899914377369,4.490000719670206,2.449000021442771,11.257001460762694,1.024996890919283,111.27999823656864,1,0
519,object,22551.382681376,74.77100007236004,4.121000529266894,2.411001332802698,9.18300065677613,1.1310003174003214,91.61700290860608,1,0
520,object,22551.427461411,17.21299850032665,1.158001396106556,0.6939990271348506,2.906002919189632,0.3489985829219222,22.32000042567961,1,0
521,object,22551.472809853,117.51399870263413,4.754001565743238,3.025001205969602,12.303000403335318,1.0909971024375409,138.68699898011982,1,0
522,object,22551.517791778,101.42200335394591,4.930996510665864,3.116001607850194,12.68599953618832,1.0940020729321986,123.24900308158249,1,0
523,object,22551.562581973,49.668000428937376,1.8709979485720396,1.357999281026423,5.517002136912197,0.4760004230774939,58.89000021852553,1,0
524,object,22551.607744305,48.09699748875573,1.8710015865508467,1.4020006346981972,5.842997779836878,0.5030015017837286,57.71599899162538,1,0
525,object,22551.652773296,88.06800178717822,4.663997970055789,2.968001354020089,11.860000086016953,1.010001142276451,108.5700023395475,1,0
526,object,22551.697674921,45.897999370936304,1.9409999367780983,0.9559989848639816,6.120000762166455,0.4979992809239775,55.41299833566882,1,0
527,object,22551.742691695,69.51400064281188,4.1570019675418735,2.8609974833671004,8.910999895306304,0.9200011845678091,86.36300117359497,1,0
528,object,22551.787685806,64.13799928850494,4.287998308427632,2.5660010578576475,7.868002285249531,0.6109985406510532,79.4709994806908,1,0
529,object,22551.83277587,70.1079989084974,3.3470023481640965,2.2239983081817627,3.6759993236046284,0.8090028131846339,80.16400170163251,0,0
530,object,22551.877733192,2.2759995772503316,6.352001946652308,2.8190006560180336,2.277000021422282,0.9709983714856207,14.695000572828576,0,0
531,object,22551.922793881,2.8790018404833972,7.5359967013355345,3.1150011636782438,1.8989994714502245,1.3329990906640887,16.76199826761149,0,0
532,object,22551.967803324,0.4939975042361766,1.8890023056883365,0.6569971446879208,0.5790025170426816,0.24299879441969097,3.8619982660748065,0,0
533,object,22552.012861824,3.383000148460269,8.006998541532084,2.75899947155267,2.2310014173854142,1.067997800419107,17.447997379349545,0,0
534,object,22552.057771697,2.654000127222389,7.591999747091904,2.9609982448164374,2.062002749880776,1.2239979696460068,16.492998838657513,0,0
535,object,22552.102706485,3.4389995562378317,10.307001502951607,4.662000719690695,2.0320003386586905,1.0789990483317524,21.519001165870577,0,0
536,object,22552.147819557,2.6519992388784885,7.079997885739431,2.526001480873674,2.0029983716085553,1.0610019671730697,15.321998944273219,0,0
537,object,22552.192769809,2.6759989850688726,6.666999979643151,2.5090012059081346,2.0939987734891474,0.9680006769485772,14.913999621057883,0,0
538,object,22552.237877643,2.6099987735506147,7.991999154910445,2.2550011635757983,2.1989981178194284,1.3170028978493065,16.373000107705593,0,0
539,object,22552.282797378,2.597000275272876,7.3070004873443395,2.720000338740647,2.0239967852830887,1.2450000212993473,15.892997907940298,0,0
540,object,22552.328516882,2.4559994926676154,8.286999218398705,2.324002707609907,2.220996975665912,1.071999577106908,16.359997971449047,0,0
541,object,22552.372688469,2.067998138954863,4.09700078307651,1.18200114229694,1.2399978004395962,0.5530018825083971,9.139999747276306,0,0
542,object,22552.41775341,2.644999767653644,6.24799940851517,2.74099875241518,1.8220016499981284,1.0029980330727994,14.458997611654922,0,0
543,object,22552.462831512,2.7940004656556994,8.285001968033612,2.7079986466560513,2.486998710082844,1.0550029401201755,17.329002730548382,0,0
544,object,22552.507584267,1.4779980119783431,3.340999683132395,0.9560026228427887,0.8759998308960348,0.38299913285300136,7.033999281702563,0,0
545,object,22552.552836176,3.1319978006649762,7.648002792848274,2.6239977160003036,2.062002749880776,1.0539988579694182,16.519999917363748,0,0
546,object,22552.597672618,1.8099999579135329,4.682999133365229,1.6890007827896625,1.214997610077262,0.5889996828045696,9.985997166950256,0,0
547,object,22552.642567553,1.5369987522717565,4.173998604528606,1.7550009943079203,1.6480007616337389,0.7509988790843636,9.864997991826385,0,0
548,object,22552.687657713,1.6430021787527949,5.481000698637217,2.3049979063216597,1.8210012058261782,0.9459981811232865,12.196000170661137,0,0
549,object,22552.732712993,2.3099964892026037,5.407000571722165,1.7980019038077444,1.296000846195966,0.5849979061167687,11.395997717045248,0,0
550,object,22552.777882499,2.7890018827747554,6.457998097175732,2.3410029825754464,2.133998350473121,0.9060022421181202,14.628003555117175,0,0
551,object,22552.822707735,1.8400023691356182,6.063997716410086,2.2000021999701858,1.743999746395275,0.9309987945016474,12.779000826412812,0,0
552,object,22552.867484235,1.2300006346777081,2.725999365793541,0.9209979907609522,1.058000634657219,0.4399989848025143,6.374997610691935,0,0
553,object,22552.912764306,2.7230016712564975,6.908001523697749,2.5669978640507907,1.8270002328790724,0.9799987310543656,15.005000022938475,0,0
554,object,22552.957774621,2.8089998522773385,6.754999049007893,2.676999429240823,2.2599997464567423,0.9489995136391371,15.449997590621933,0,0
555,object,22553.002713034,1.6690028132870793,3.926998033421114,1.1160009307786822,1.1039992386940867,0.5600013537332416,8.376002369914204,0,0
556,object,22553.047695454,1.6970006981864572,5.975998647045344,2.1410014596767724,1.676999090705067,0.7700000423938036,12.260999938007444,0,0
557,object,22553.092699547,1.6810008673928678,5.604997568298131,2.4800028768368065,1.8369973986409605,1.0220028343610466,12.625001545529813,0,0
558,object,22553.137741685,2.0179977582301944,8.292001439258456,2.802000381052494,1.6140002117026597,0.576997990719974,15.302997780963778,0,0
559,object,22553.182797031,2.7850001060869545,7.094000466167927,2.5509980332572013,2.064000000245869,0.9499999578110874,15.443998563569039,0,0
560,object,22553.227790347,2.6980014808941633,6.796999514335766,2.9270013328641653,1.9899998733308166,1.3649987522512674,15.777000953676179,0,0
561,object,22553.272658084,1.3999997463542968,3.4520016924943775,1.4639990695286542,0.8560018613934517,0.47799767344258726,7.6500000432133675,0,0
562,object,22553.318148511,5.787998816231266,14.0450028993655,5.300997145241126,3.846002073260024,1.543998223496601,30.523999157594517,0,0
563,object,22553.362636276,2.543998562032357,4.875000740867108,1.715001417323947,1.934000465553254,0.8689967216923833,11.936997907469049,0,0
564,object,22553.407627478,1.4409997675102204,2.9900002118665725,1.0320000001229346,0.7649978215340525,0.4159992386121303,6.64399703964591,0,0
565,object,22553.452834332,2.7959977160207927,7.6360011007636786,2.755001332843676,2.0939987734891474,1.2609998520929366,16.54199877521023,0,0
566,object,22553.497780969,2.3310021788347512,6.684000254608691,2.5579975044820458,1.915999746415764,0.9420000424142927,14.430999726755545,0,0
567,object,22553.54259696,1.3829994713887572,2.535998646635562,1.3610006135422736,0.6920017767697573,0.3659988578874618,6.337999366223812,0,0
568,object,22553.587557969,1.6160011000465602,4.378998710308224,1.5400000847876072,1.0789990483317524,0.57199940783903,9.185998351313174,0,0
569,object,22553.632625999,1.3540011423174292,4.952999006491154,1.9230028556194156,1.6979975043796003,0.7130001904442906,10.64100069925189,0,0
570,object,22553.677582681,1.4449979062192142,3.7240024539642036,1.2919990695081651,0.9969990060199052,0.6560003384947777,8.113998774206266,0,0
571,object,22553.722849057,2.253000275231898,7.793998520355672,3.484001354081556,2.4529981601517648,1.0830008250195533,17.066999134840444,0,0
572,object,22553.767848791,3.249999281251803,7.6979995355941355,2.6849993446376175,2.16899934457615,1.2119999155402184,17.013997421599925,0,0
573,object,22553.812595535,1.4639990695286542,3.5090015444438905,1.0519979696255177,0.9169998520519584,0.519001332577318,7.460999768227339,0,0
574,object,22553.857667433,1.9520011846907437,6.276997737586498,2.369000867474824,2.0500010577961802,0.8540009730495512,13.502001820597798,0,0
575,object,22553.903224967,1.2239979696460068,5.056001100456342,1.743999746395275,1.6779995348770171,0.7710004865657538,10.472998837940395,0,0
576,object,22553.947614203,1.486998371547088,3.4990007407031953,1.3300013961270452,1.2329983292147517,0.49200025387108326,8.040999091463163,0,0
577,object,22553.992806741,3.0699993658345193,7.003000064287335,2.688000677153468,2.034998033195734,1.015003363136202,15.811001503607258,0,0
578,object,22554.037925291,3.326000296510756,8.236002031480893,3.0709998100064695,2.320997737115249,1.429001713404432,18.3830015885178,0,0
579,object,22554.082479569,0.5020010576117784,1.9450017134658992,0.5849979061167687,0.7500020728912205,0.2489978214725852,4.031000571558252,0,0
580,object,22554.127729964,2.6420020731166005,6.006997864460573,2.4610017135273665,1.75300010596402,0.895997800398618,13.758999557467178,0,0
581,object,22554.172749862,2.672000846359879,8.070001058513299,2.748998667811975,2.682001650100574,1.0709991329349577,17.244001355720684,0,0
582,object,22554.217907753,4.446999810170382,7.906997780082747,3.21200059261173,1.4110009942669421,1.4129982446320355,18.389997421763837,0,0
583,object,22554.262675711,2.191998646594584,5.112000508233905,2.2239983081817627,1.6940030036494136,0.8779970812611282,12.099997547920793,0,0
584,object,22554.307772673,2.2040003386791795,6.9689995143562555,2.158998540835455,1.9790022633969784,1.2879972928203642,14.598997950088233,0,0
585,object,22554.352456435,0.41399835026822984,1.606000296305865,0.8690003596711904,0.5990004865452647,0.3159984771627933,3.8039979699533433,0,0
586,object,22554.397719074,2.4410001060459763,7.321999873965979,2.9949987947475165,1.8620012269821018,0.990999978967011,15.610999980708584,0,0
587,object,22554.44280193,3.007000486832112,6.660000508418307,10.286999895470217,2.3040011001285166,1.0669973562471569,23.32499934709631,0,0
588,object,22554.487469773,0.6379996193572879,1.8329992599319667,0.6810005288571119,0.5840010999236256,0.28399881557561457,4.019999323645607,0,0
589,object,22554.532693957,2.5519984774291515,6.32100272923708,2.543998562032357,2.5529989216011018,0.9830000635702163,14.952998753869906,0,0
590,object,22554.577747133,2.4430009943898767,6.270998710533604,2.4660002964083105,2.134998794645071,1.0790026863105595,14.394001482287422,0,0
591,object,22554.622593555,1.1539996194187552,3.2140014809556305,0.9619980119168758,1.072003215085715,0.4609973984770477,6.862999725854024,0,0
592,object,22554.667960652,3.245000698370859,9.293999028159305,3.9619990275241435,2.882999979192391,1.2060008884873241,20.589999621734023,0,0
593,object,22554.712926969,3.2369971449952573,7.421000191243365,2.6990019250661135,2.3559987312182784,1.086998963728547,16.79999695625156,0,0
594,object,22554.757531065,0.8829993021208793,2.411001332802698,1.04300124803558,0.7989983714651316,0.3940003807656467,5.530000635189936,0,0
595,object,22554.802766017,2.772998414002359,15.542002074653283,2.4239998310804367,2.1559972083196044,1.005002559395507,23.90000008745119,0,0
596,object,22554.847764152,2.4510009097866714,4.844998329645023,2.3310021788347512,1.4569995983038098,0.628999259788543,11.713000276358798,0,0
597,object,22554.893538558,5.690999387297779,25.748999178176746,5.375000910134986,3.378998371772468,1.730000803945586,41.923998651327565,0,0
598,object,22554.937863094,3.3769974834285676,7.085000106599182,2.8410031518433243,2.6479974621906877,1.205000444315374,17.155998648377135,0,0
599,object,22554.982753202,3.5770026443060488,9.333998605143279,2.8319991542957723,2.3620013962499797,0.7369999366346747,18.842001736629754,0,0
600,object,22555.027684142,1.8339997041039169,5.352998414309695,2.077998942695558,1.3640019460581243,0.7210001058410853,11.34999911300838,0,0
601,object,22555.073861185,1.3370008673518896,5.195000994717702,1.8949976947624236,1.787000655895099,0.6980008038226515,10.912001016549766,0,0
602,object,22555.118148357,3.373999788891524,7.711001671850681,2.4379987735301256,2.0699990272987634,0.7449998520314693,16.337999113602564,0,0
603,object,22555.162673338,1.9479994080029428,5.492001946549863,1.896998583106324,1.901000359794125,0.7999988156370819,12.037999113090336,0,0
604,object,22555.207829797,2.60099841398187,6.71900124871172,2.691998815862462,2.1410014596767724,1.067000994225964,15.220000932458788,0,0
605,object,22555.252692325,2.182998287025839,6.557002052431926,2.230997779406607,2.0610023057088256,0.8110000635497272,13.843000488122925,0,0
606,object,22555.297764227,2.676999429240823,7.38999733584933,1.9070030248258263,1.5259975043591112,0.5889996828045696,14.08899697707966,0,0
607,object,22555.342787,2.754997694864869,6.825001037213951,2.519998815841973,1.853000867413357,1.491000148234889,15.443998563569039,0,0
608,object,22555.374471913,2.254997525596991,5.689002136932686,2.688000677153468,105.98099834169261,1.0760013537947088,117.68900003517047,1,1
609,object,22555.400713953,61.626000388059765,195.036998775322,93.66300218971446,5.822999810334295,1.033997250488028,357.18299841391854,1,1
610,object,22555.424645405,42.13499778416008,593.6590023338795,451.47499986342154,2.5330009520985186,0.7589987944811583,1090.5609997280408,1,1
611,object,22555.45021412,57.441000535618514,177.67800090950914,75.96499926876277,5.029000021750107,0.6740010576322675,316.7870017932728,1,1
612,object,22555.474575148,94.07199831912294,256.7730007285718,124.41400031093508,7.474001904483885,1.0429976100567728,483.77599887317047,1,1
613,object,22555.49927291,90.49999789567664,245.92599947936833,104.18100282549858,7.3169976531062275,0.990999978967011,448.9149978326168,1,1
614,object,22555.524059708,38.96300040651113,117.53999933716841,40.204999095294625,3.130000550299883,0.3349996404722333,200.17299902974628,1,1
615,object,22555.548363116,50.59500108473003,117.45300071197562,39.93999780504964,2.7710011636372656,0.3089990059379488,211.0679997713305,1,1
616,object,22555.573378418,78.61300036893226,209.76399900973774,82.12600005208515,5.732999852625653,0.88600063463673,377.12199991801754,1,1
617,object,22555.598096079,42.8870007453952,106.96599929360673,38.629001210210845,2.9849979910068214,0.5399997462518513,192.00699898647144,1,1
618,object,22555.622879668,144.50299931922927,363.5649991338141,173.77599942847155,10.192001354880631,1.2560012692119926,693.2920005056076,1,1
619,object,22555.649088423,83.81799852941185,255.36600151099265,102.32899876427837,7.482001819880679,1.115000486606732,450.1100011111703,1,1
620,object,22555.673385034,30.008999601705,99.86100121750496,32.486001146025956,2.4990004021674395,0.2759989001788199,165.13100126758218,1,1
621,object,22555.699234245,62.31099905562587,154.7800020489376,49.821999709820375,4.128000000491738,0.6019981810823083,271.6429989959579,1,1
622,object,22555.724593214,102.69999984302558,257.1459990576841,134.80600318871439,7.894999725976959,0.9709983714856207,503.51800018688664,1,1
623,object,22555.748761925,66.8440006847959,248.73599977581762,103.01099973730743,6.85499981045723,0.8570023055654019,426.3030023139436,1,1
624,object,22555.779382346,85.73199738748372,250.00499954330735,102.8160004352685,6.752001354470849,0.9459981811232865,446.2509969016537,1,1
625,object,22555.803578939,55.15799784916453,208.76700000371784,53.39800190995447,3.32999843521975,0.447998900199309,321.1009970982559,1,1
626,object,22555.828191275,83.36400060215965,132.24800204625353,35.762997868005186,2.954999217763543,0.400003045797348,254.73000277997926,1,1
627,object,22555.853212555,49.51699884259142,146.55300037702546,56.206998124253005,3.906003257725388,0.5259971658233553,256.7089977674186,1,1
628,object,22555.876878594,78.91199857112952,277.96799986390397,100.90100113302469,6.603000656468794,0.938998709898442,465.3229989344254,1,1
629,object,22555.901557003,79.13300214568153,244.33200087514706,163.2509993214626,10.976997145917267,1.5790028555784374,499.2720023437869,1,1
630,object,22555.928619891,51.72499731997959,121.09700037399307,32.76000279583968,2.9189977794885635,0.22099993657320738,208.72199820587412,1,1
631,object,22555.954343362,58.28900248161517,126.52700024773367,32.10299837519415,3.0030023481231183,0.4249995981808752,220.34700305084698,1,1
632,object,22556.002828044,93.2850016397424,4.901001375401393,11.868000001413748,10.833999112946913,1.047999830916524,121.93600196042098,1,0
633,object,22556.047928141,146.45999908680096,4.942001396557316,3.1099989428184927,11.454001651145518,1.0989970178343356,167.06499809515662,1,0
634,object,22556.092560436,39.630998799111694,1.992000761674717,1.6449994291178882,5.349000275600702,0.4609973984770477,49.07799666398205,1,0
635,object,22556.108953048,214.67199985636398,340.4600029170979,157.93399870744906,8.866001735441387,1.0709991329349577,723.0030023492873,1,1
636,object,22556.136236552,94.25100142834708,251.04599990299903,104.53499999130145,7.0450005296152085,1.2949967640452087,458.171998616308,1,1
637,object,22556.165043173,92.29499846696854,257.1850018284749,108.62099952646531,6.877999112475663,0.9699979273136705,465.9489968616981,1,1
638,object,22556.196910947,52.67799861030653,143.23399955173954,40.74300159118138,3.3039978006854653,0.28800059226341546,240.24699814617634,1,1
639,object,22556.221631803,54.95299774338491,153.57700249296613,56.672997743589804,3.932000254280865,0.49600203055888414,269.6310002647806,1,1
640,object,22556.248836298,83.77199992537498,258.329000644153,117.097999464022,6.853999366285279,1.1929987522307783,467.245998152066,1,1
641,object,22556.275468828,104.87400140846148,327.2689973528031,187.5100024335552,9.774998034117743,1.4090001059230417,630.8369993348606,1,1
642,object,22556.302060046,93.56100053992122,246.64000011398457,102.21299817203544,6.853002560092136,0.9209979907609522,450.1879993767943,1,1
643,object,22556.331912378,58.85800055693835,150.77200077939779,36.6770000255201,3.2429998100269586,0.4530011210590601,250.00300229294226,1,1
644,object,22556.360571863,78.14600030542351,206.11900254152715,79.9329973233398,5.467001756187528,0.6619993655476719,370.32700129202567,1,1
645,object,22556.390400149,124.27299952832982,396.3009985454846,200.89600002393126,10.83200186258182,1.3179997040424496,733.61999966437,1,1
646,object,22556.415549792,76.56099842279218,226.86200099997222,98.21500134421512,6.882000889163464,0.8979986887425184,409.4180003448855,1,1
647,object,22556.44060701,46.26800000551157,136.74499859916978,52.86599844112061,3.8800026231911033,0.5149995558895171,240.27399922488257,1,1
648,object,22556.465399364,43.37400241638534,103.14099927200004,32.015999750001356,2.5129993446171284,0.366999302059412,181.41100008506328,1,1
649,object,22556.490624382,65.30500104418024,16.644997231196612,2.1949999791104347,56.93700222764164,0.7919989002402872,141.87399938236922,2,1
650,object,22556.51594733,110.67999730585143,254.4470007705968,90.01800208352506,6.316997314570472,0.7310009095817804,462.19299838412553,2,1
651,object,22556.540180004,52.92599962558597,106.90999988582917,31.08400051132776,3.3179967431351542,0.30200317269191146,194.53999993856996,2,1
652,object,22556.565262569,96.33699664846063,228.699002036592,93.37599840364419,7.932001608423889,0.8499991963617504,427.19399789348245,2,1
653,object,22556.589826937,102.45999874314293,269.7259988053702,102.26200174656697,8.697999874129891,0.8380011422559619,483.98400031146593,2,1
654,object,22556.614823405,61.51100023998879,161.98599769268185,37.70600233110599,3.817996912403032,0.3710010787472129,265.3919982549269,2,1
655,object,22556.640740773,88.85300121619366,207.41999833262525,72.4380006431602,6.341000698739663,0.6829977792222053,375.734998669941,2,1
656,object,22556.666655911,90.63599645742215,236.43800159334205,135.73600153904408,8.926999726099893,0.9289979061577469,472.6659972220659,2,1
657,object,22556.693441413,93.9839992497582,231.84300152934156,100.12899656430818,8.668001100886613,0.8499991963617504,435.4739976406563,2,1
658,object,22556.717600731,101.55299969483167,227.46299873688258,128.53800217271782,9.704999683890492,0.7550006557721645,468.01400094409473,2,1
659,object,22556.742112465,53.8970016350504,114.38000001362525,37.33400080818683,3.253997419960797,0.72900002123788,209.59399989806116,2,1
660,object,22556.768661808,84.43399929092266,217.9000002797693,123.32199912634678,7.5120005931239575,0.8220013114623725,433.99000060162507,2,1
661,object,22556.793056339,107.2349987225607,241.75799990189262,101.23300307895988,9.114999556913972,0.8850001904647797,460.22600145079195,2,1
662,object,22556.817590848,98.53799929260276,220.01899924362078,105.8510024449788,21.42999801435508,1.4639990695286542,447.3019980650861,2,1
663,object,22556.844440538,99.08599895425141,235.22000265074894,100.28500037151389,8.839997462928295,0.8589995559304953,444.289998995373,2,1
664,object,22556.868205969,56.13499888568185,103.08700075256638,31.515999580733478,3.0720002541784197,0.35500124795362353,194.16500072111376,2,1
665,object,22556.894411538,128.22200005757622,269.3620008358266,109.9599976441823,9.310002496931702,1.1279989848844707,517.9820000194013,2,1
666,object,22556.919934735,112.26700007682666,240.9310000075493,100.34899969468825,8.104998414637521,0.8590031939093024,462.51100138761103,2,1
667,object,22556.944832051,116.22300007729791,291.47400346118957,110.68699677707627,8.899001841200516,0.890999217517674,528.1740013742819,2,1
668,object,22556.970882706,115.30600022524595,282.0959998643957,100.9580009849742,8.875998901203275,0.9110008249990642,508.1470008008182,2,1
669,object,22556.996803027,87.95100075076334,228.01899831392802,88.73200204106979,7.840000762371346,0.7179987733252347,413.26000064145774,2,1
670,object,22557.020503004,60.92999683460221,122.73700122023001,39.84599970863201,4.130000888835639,0.3950008249375969,228.03799947723746,2,1
671,object,22557.046304211,61.72299981699325,139.94500113767572,48.054000217234716,4.731999069917947,0.4610010364558548,254.9150012782775,2,1
672,object,22557.072189509,78.78299948060885,181.33300181943923,76.49699909961782,6.674999895039946,0.6730006134603173,343.96100090816617,2,1
673,object,22557.098410658,223.6379987152759,392.0900016964879,113.17499956930988,9.231000149156898,1.0520016076043248,739.1860017378349,2,1
674,object,22557.123276083,61.47500243969262,129.55999773112126,43.79500023787841,3.7630015867762268,0.3889981599058956,238.9820001553744,2,1
675,object,22557.148442083,47.962999815354124,112.94600335531868,33.1880000885576,3.201999788871035,0.3659988578874618,197.6650019059889,2,1
676,object,22557.174023494,100.38599793915637,234.25800100085326,112.21599925193004,8.155002433340997,0.9449977369513363,455.959998362232,2,1
677,object,22557.20021106,232.12399901240133,440.3749990160577,255.9870008553844,24.16300048935227,1.7040001694113016,954.352999542607,2,1
678,object,22557.22551201,112.8109979617875,227.1470002597198,70.7139988662675,5.894002242712304,0.5490001058205962,417.1149994363077,2,1
679,object,22557.249719942,68.1710007484071,182.42000078316778,85.78999768360518,5.294001311995089,0.40599843487143517,342.0809989620466,2,1
680,object,22557.274008069,72.592003562022,148.36899936199188,55.28600013349205,4.605997673934326,0.4220019036438316,281.2750026350841,2,1
681,object,22557.322867864,113.30699999234639,4.577999789034948,2.6999987312592566,52.604002121370286,1.172000338556245,174.36100097256713,1,0
682,object,22557.367890475,95.55699944030493,4.867997631663457,2.8840004233643413,32.71400055382401,1.1110023478977382,137.13400039705448,1,0
683,object,22557.412579571,44.022999645676464,1.8380014807917178,1.0799994925037026,5.622001481242478,0.4619978426489979,53.02499994286336,1,0
684,object,22557.449104345,67.453998781275,186.08699974720366,70.65899990266189,5.6680000852793455,0.672000169288367,330.53999868570827,1,1
685,object,22557.477466868,72.55599848576821,244.1340002405923,103.61100066802464,7.239999831654131,1.020001946017146,428.5610011720564,1,1
686,object,22557.504207366,79.31000072858296,245.2689986967016,102.84300151397474,6.905996997375041,0.957999873207882,435.28599780984223,1,1
687,object,22557.529129569,47.12399822892621,136.90500054508448,52.73500210023485,3.830999048659578,0.38800135371275246,240.98300127661787,1,1
688,object,22557.554083266,43.63299740361981,121.76500240457244,38.30299829132855,2.615000994410366,0.47000139602459967,206.78600048995577,1,1
689,object,22557.579596583,52.64399806037545,148.78600268275477,59.246998716844246,4.418001481099054,0.5669971869792789,265.6619981280528,1,1
690,object,22557.604376846,99.9590010906104,232.11599909700453,99.03399768518284,6.973001291044056,1.267999323317781,439.3499984871596,1,1
691,object,22557.629245611,44.5120022050105,111.64999887114391,37.17599975061603,2.635999408084899,0.648000423097983,196.62200065795332,1,1
692,object,22557.654398082,48.58600004808977,178.68900249595754,77.40100045339204,4.8009969759732485,0.5649999366141856,310.0419999100268,1,1
693,object,22557.680410754,53.2649974047672,127.66300278599374,38.873000448802486,3.091998223681003,0.4760004230774939,223.36899928632192,1,1
694,object,22557.706535626,76.7720011936035,219.06999972998165,80.99299884634092,7.402999472105876,0.8460010576527566,385.0840002996847,1,1
695,object,22557.73034255,78.66699888836592,241.74400095944293,102.16400187346153,7.034999725874513,0.9249997674487531,430.53500121459365,1,1
696,object,22557.75430102,70.13499998720363,250.32700068550184,101.61699901800603,6.8590015871450305,0.872001692187041,429.81000297004357,1,1
697,object,22557.780646998,86.60599996801466,248.9159996912349,120.76600251020864,7.332997483899817,0.9040013537742198,464.52500100713223,1,1
698,object,22557.803706912,30.795999919064343,93.7549993977882,33.13200068078004,2.616998244775459,0.3029999788850546,160.6029982212931,1,1
699,object,22557.833658874,51.48000127519481,230.27199858915992,116.19300130405463,7.2900002123788,0.8899987733457237,406.1250001541339,1,1
700,object,22557.859599432,84.94800204061903,258.6679984233342,121.34200005675666,6.764999852748588,0.8300012268591672,472.55300160031766,1,1
701,object,22557.883787029,71.1009997758083,259.83199884649366,103.76100181019865,6.83699909131974,0.8639981388114393,442.3949976626318,1,1
702,object,22557.909338702,77.13300146861002,236.63199681323022,112.37800208618864,8.877999789547175,1.167998561868444,436.1889987194445,1,1
703,object,22557.933318817,59.23400021856651,159.77200018824078,40.504000935470685,5.494999641086906,0.5389993020799011,265.5440002854448,1,1
704,object,22557.957548464,45.066000893712044,121.85399828013033,42.5750004069414,3.0320006771944463,0.3759996616281569,212.90299991960637,1,1
705,object,22557.983364026,67.16699863318354,234.60100055672228,102.98699999111705,6.980000762268901,1.2320015230216086,412.9670014663134,1,1
706,object,22558.007363499,84.34099800069816,243.1110006000381,102.01600161963142,7.175000064307824,1.3319986464921385,437.97499893116765,1,1
707,object,22558.032552203,80.71200136328116,242.37799880211242,101.85299834120087,7.299000571947545,1.0090006981045008,433.2509997766465,1,1
708,object,22558.059210322,54.53799894894473,207.37900194944814,44.980999518884346,3.122000634903088,0.4019966581836343,310.42199771036394,1,1
709,object,22558.08150632,50.04600097890943,136.89600018551573,40.93000097782351,3.254997864132747,0.37300196709111333,231.50000197347254,1,1
710,object,22558.10544506,51.08200275572017,138.68699898011982,55.90200089500286,3.6429992178454995,0.7230009941849858,250.03700284287333,1,1
711,object,22558.130635472,83.92100062337704,228.46999854664318,144.85499923466705,7.155002094805241,0.8639981388114393,465.26499863830395,1,1
712,object,22558.154357195,84.41700265393592,269.8819989745971,141.8309984728694,7.763999747112393,0.9420000424142927,504.8359998909291,1,1
713,object,22558.178928426,94.9809982557781,247.31600205996074,102.9759987432044,7.326998456846923,0.929001544136554,453.5289990599267,1,1
714,object,22558.201834153,157.30200175312348,160.8200000191573,38.86600097757764,3.5140001273248345,0.2999986463692039,360.80200152355246,1,1
715,object,22558.226877355,50.706999900285155,163.0910010135267,60.081001720391214,4.149998858338222,0.6580012268386781,278.68700271937996,1,1
716,object,22558.254820075,77.88900256855413,255.72699814802036,103.02100054104812,7.424001523759216,1.1589982022996992,445.22000098368153,1,1
717,object,22558.280742881,95.41299732518382,375.1130025193561,145.8669976273086,8.115999662550166,0.9750001481734216,625.4839972825721,1,1
718,object,22558.306904714,119.74399967584759,385.1389992632903,127.04300024779513,9.177998435916379,0.9190007403958589,642.0229983632453,1,1
719,object,22558.3326455,65.83399954251945,128.85000251117162,40.7049992645625,2.700999175431207,0.39199949242174625,238.48199998610653,1,1
720,object,22558.358349325,35.795997973764315,107.72600217023864,37.99499972956255,2.692999260034412,0.34700133255682886,184.55700046615675,1,1
721,object,22558.384959164,132.63200162327848,263.0689996294677,103.35600018152036,7.651000487385318,0.8919996616896242,507.6000015833415,1,1
722,object,22558.413322926,83.48099800059572,228.3770008943975,100.31100100604817,6.754999049007893,1.0170006135012954,419.9409995635506,1,1
723,object,22558.442815982,95.25899804430082,280.598000244936,105.11499931453727,7.241000275826082,0.9360010153613985,489.14899889496155,1,1
724,object,22558.470136359,38.22000144282356,110.84499783464707,38.74200046993792,2.9319999157451093,0.36500205169431865,191.10400171484798,1,1
725,object,22558.496323484,47.86900171893649,121.74299990874715,41.87999729765579,3.4389995562378317,0.44700209400616586,215.37800057558343,1,1
726,object,22558.522315031,135.58899809140712,296.0109995910898,110.54900096496567,6.969999958528206,1.0990006558131427,550.2179992618039,1,1
727,object,22558.549481193,127.60800018440932,365.2300001704134,199.81600053142756,11.517000530147925,1.190997863886878,705.3619992802851,1,1
728,object,22558.575730673,116.98500020429492,349.63600046467036,158.24599904590286,9.327999578090385,1.2749987945426255,635.4699980875012,1,1
729,object,22558.602775673,61.70000051497482,119.39999967580661,35.03499829093926,2.81500251730904,0.3839995770249516,219.33400057605468,1,1
730,object,22558.631584051,65.95300146727823,205.34899886115454,83.18999971379526,6.430000212276354,0.8220013114623725,361.74400156596676,1,1
731,object,22558.661965122,117.67800242523663,258.4609974292107,108.6470001609996,6.767000741092488,0.8380011422559619,492.39100189879537,1,1
732,object,22558.692315036,80.4719966254197,238.0559999437537,101.53500261367299,7.205999281723052,0.8600000001024455,428.1289984646719,1,1
733,object,22558.721860544,71.52300167945214,231.73599765868858,38.8469998142682,3.7240024539642036,0.42799729271791875,346.25799889909104,1,1
734,object,22558.74842307,31.47200186504051,89.7110003279522,31.491999834543094,2.3459979274775833,0.30099909054115415,155.32199904555455,1,1
735,object,22558.775419719,69.3260008119978,200.2019973588176,68.5480008542072,4.956000339007005,0.8509996405337006,343.8829990045633,1,1
736,object,22558.799798769,83.87599882553332,211.0620007442776,61.954000557307154,4.073001036886126,0.7609996828250587,361.72600084682927,1,1
737,object,22558.824655696,108.92899808823131,377.8320024139248,142.27399879018776,10.140000085812062,1.1800002539530396,640.354999632109,1,1
738,object,22558.850076199,44.65899837668985,115.48100155778229,35.71900015231222,4.064000677317381,0.28700014809146523,200.2100009121932,1,1
739,object,22558.874799614,44.15399962454103,109.86599954776466,35.568999010138214,2.4840010155458003,0.362000719178468,192.43499991716817,1,1
740,object,22558.900606274,73.1149993953295,223.51300140144303,89.20099935494363,6.502999895019457,22.28199809906073,414.61399814579636,1,1
741,object,22558.92606758,88.92999903764576,247.5910005159676,102.41999916615896,7.843002094887197,0.9510004019830376,447.73500121664256,1,1
742,object,22558.951033765,78.43700223020278,231.2539982085582,95.36200013826601,6.575999577762559,0.9120012691710144,412.54100142396055,1,1
743,object,22558.976599802,80.94700024230406,246.70600032550283,134.48699974105693,9.082999895326793,1.3319986464921385,472.55499885068275,1,1
744,object,22559.001515824,68.30799975432456,185.31600289861672,45.50999801722355,2.887001755880192,0.3210006980225444,302.34200312406756,1,1
745,object,22559.028031175,75.01000072807074,167.2020007390529,62.216000515036285,5.196998245082796,0.5090005288366228,310.13400075607933,1,1
746,object,22559.053969179,105.74699990684167,250.91100178542547,105.7779991242569,7.246999302878976,1.04300124803558,470.7260013674386,1,1
747,object,22559.079563142,77.30300058028661,236.8280001974199,101.43399777007289,6.9210000219754875,1.2740019883494824,423.76000055810437,1,1
748,object,22559.107144152,53.63599848351441,159.95900321286172,65.70299956365488,4.708999767899513,0.5000001692678779,284.5070011971984,1,1
749,object,22559.132225335,53.136998758418486,116.91300096572377,37.845999031560495,2.9030015866737813,0.4629982868209481,211.26199862919748,1,1
750,object,22559.157450263,68.87299969093874,172.32500249519944,68.92799865454435,4.82500036014244,0.6570007826667279,315.6080019834917,1,1
751,object,22559.183766067,65.05400233436376,216.94299721275456,90.27800115291029,6.1920000007376075,0.872001692187041,379.33900239295326,1,1
752,object,22559.208458506,68.59299901407212,147.08000162499957,61.53299909783527,3.8139987736940384,0.4020002961624414,281.42199880676344,1,1
753,object,22559.23437399,91.125002654735,409.45299770100974,179.2290022422094,8.915998478187248,0.9969990060199052,689.7200000821613,1,1
754,object,22559.260372427,36.96999920066446,108.99399785557762,34.91600000415929,3.1560011848341674,0.27500209398567677,184.3110003392212,1,1
755,object,22559.285563684,53.23500226950273,128.76299661002122,37.09100201376714,2.5179979274980724,0.4260000423528254,222.03299886314198,1,1
756,object,22559.311344446,115.5480022134725,319.305996526964,141.08200048212893,7.501002983190119,0.9089999366551638,584.3460021424107,1,1
757,object,22559.335956154,90.5860033526551,223.4009989479091,88.49000005284324,5.8349978644400835,0.8170027285814285,409.12900294642895,1,1
758,object,22559.362341204,90.06099935504608,273.33600155543536,103.88200098532252,7.52999767428264,0.9510004019830376,475.75999997206964,1,1
759,object,22559.389466015,79.63600000948645,352.65699989395216,86.17400089860894,6.641999789280817,1.6400008462369442,526.7490014375653,1,1
760,object,22559.414644347,94.74699982092716,188.85600002249703,45.40699956123717,4.211997293168679,0.8640017767902464,334.0859984746203,1,1
761,object,22559.439772905,48.09999882127158,108.93400030909106,33.00200114608742,2.7239984774496406,0.33300239010713995,193.09300114400685,1,1
762,object,22559.467685046,74.83400258934125,196.83799837366678,97.7140007307753,5.576999683398753,0.7310009095817804,375.69400228676386,1,1
763,object,22559.496297375,93.08899825555272,308.6060023633763,117.01800031005405,7.811999239493161,1.2839991541113704,527.8089993225876,1,1
764,object,22559.521758616,53.90699880081229,127.21200255327858,39.927999750943854,2.568998752394691,0.40600207285024226,224.02200193027966,1,1
765,object,22559.548042529,50.205999286845326,146.0249986848794,56.266002502525225,3.941997420042753,0.5729998520109802,257.0119977463037,1,1
766,object,22559.574050991,76.84000229346566,235.33999774372205,101.86600047745742,7.491998985642567,0.9190007403958589,422.45700024068356,1,1
767,object,22559.599505239,90.92600157600828,243.99299945798703,95.88100147084333,7.365997589658946,0.9030009096022695,439.06900100409985,1,1
768,object,22559.628308676,96.90799925010651,267.2970003914088,109.25400056294166,7.202997949207202,0.9899995347950608,481.65199768845923,1,1
769,object,22559.654379614,38.3890001103282,114.4620000559371,34.61999949649908,2.515000232961029,0.37400241126306355,190.36000230698846,1,1
770,object,22559.681185019,39.7020012314897,117.70499986596406,41.55400165473111,3.002998710144311,0.4930006980430335,202.4570021603722,1,1
771,object,22559.709086883,75.72000322397798,233.21999833569862,103.95700155640952,7.236998499138281,0.9180002962239087,421.0520019114483,1,1
772,object,22559.735909767,120.8789981319569,260.6170019134879,102.61900024488568,7.137998181860894,1.1379997886251658,492.39099826081656,1,1
773,object,22559.761036892,97.18900037114508,257.08600151119754,106.09099990688264,7.397000445052981,0.8169990906026214,468.58000132488087,1,1
774,object,22559.788302568,52.4320021213498,145.91899889637716,92.7420005609747,9.373998182127252,1.139000232797116,301.605999993626,1,1
775,object,22559.815386119,42.83700036467053,111.99199798284099,34.33900201343931,2.3979991965461522,0.34299955586902797,191.908999113366,1,1
776,object,22559.841539341,92.53299867850728,287.5120007956866,165.12900037923828,8.596001862315461,1.1169977369718254,554.8869994527195,1,1
777,object,22559.869908053,128.20600022678263,340.0070017960388,170.2999979897868,10.173000191571191,1.2070013326592743,649.8930015368387,1,1
778,object,22559.895533647,89.09000098356046,244.24400180578232,123.70599870337173,7.74200088926591,1.0229996405541897,465.8050020225346,1,1
779,object,22559.924298569,60.376001783879474,139.14299779571593,43.11500015319325,3.355002263560891,0.4399989848025143,246.42900098115206,1,1
780,object,22559.95181452,41.73999695922248,113.72800145181827,47.70799932884984,2.8149988793302327,0.38300277083180845,206.37399939005263,1,1
781,object,22559.978788698,82.53899795818143,280.10900132358074,108.31599865923636,7.192000339273363,0.9079994924832135,479.0639977727551,1,1
782,object,22560.00576638,82.69699901575223,261.81900102528743,105.80000162008218,6.81899837218225,1.3360004231799394,458.47100045648403,1,1
783,object,22560.030269534,90.41900193551555,250.64699730137363,104.21000115456991,7.3359988164156675,1.020001946017146,453.6320011538919,1,1
784,object,22560.05538223,79.69299986143596,154.21600255649537,39.73300044890493,2.9859984351787716,0.3540008037816733,276.9820021057967,1,1
785,object,22560.080163953,56.84200004907325,171.95100008393638,50.268998165847734,3.9770020521245897,0.5849979061167687,283.6239982570987,1,1
786,object,22560.107494306,61.63400030345656,152.5839979876764,50.968999858014286,4.4240005081519485,0.9270006557926536,270.53799931309186,1,1
787,object,22560.135978644,114.3080007750541,251.21199723798782,104.82200013939291,7.6880023698322475,0.8949973562266678,478.92499787849374,1,1
788,object,22560.163048811,146.8190021114424,250.0970003893599,113.96099944249727,7.296999683603644,0.8589995559304953,519.0330011828337,1,1
789,object,22560.192289174,31.973999284673482,97.03000250738114,33.44200013088994,2.163997123716399,0.33800097298808396,164.94800001964904,1,1
790,object,22560.218658182,51.1050020577386,148.53799802949652,59.96400068397634,3.8660000427626073,0.523999915458262,263.99700072943233,1,1
791,object,22560.243351376,109.21799912466668,246.48500038892962,101.46799832000397,6.917001883266494,0.8479983080178499,464.9359980248846,1,1
792,object,22560.267674654,82.78000314021483,241.25199706759304,136.30400280817412,7.418999302899465,0.9479990694671869,468.70300138834864,1,1
793,object,22560.293783025,92.87899956689216,257.89899882511236,103.02100054104812,6.876998668303713,0.92400296125561,461.60000056261197,1,1
794,object,22560.320023317,51.38200140208937,114.79599925223738,33.30300023662858,2.6130001060664654,0.4309986252337694,202.52499962225556,1,1
795,object,22560.344545839,45.462998969014734,113.84900062694214,35.781999031314626,2.664000930963084,0.40599843487143517,198.16399799310602,1,1
796,object,22560.370164421,73.4209970687516,223.8850029243622,94.9949971982278,6.608999683521688,0.7940034265629947,399.7040003014263,1,1
797,object,22560.397735203,114.127997221658,313.12300052377395,110.71200060541742,7.285001629497856,1.095999323297292,546.3439993036445,1,1
798,object,22560.430638695,78.11099931132048,238.77000057836995,148.4259992139414,7.86300006438978,0.890999217517674,474.0609983855393,1,1
799,object,22560.465810908,38.4599989047274,106.95500168367289,36.250999983167276,2.968998160213232,0.41900057112798095,185.05399930290878,1,1
800,object,22560.49269563,49.91899913875386,120.22400187561288,40.40899875690229,2.854998456314206,0.37800054997205734,213.7849987775553,1,1
801,object,22560.516817482,89.9560000107158,283.56400071061216,104.88399857422337,7.023001671768725,0.9879986464511603,486.4149996137712,1,1
802,object,22560.541943575,112.74699863861315,284.3389993358869,105.76500062597916,7.038001058390364,0.9889990906231105,510.8779987494927,1,1
803,object,22560.564960039,98.03600187296979,266.4220010046847,104.2889998643659,6.933998520253226,0.9520008461549878,476.6330021084286,1,1
804,object,22560.588368284,46.13200144376606,134.0079979854636,37.36800135811791,4.115998308407143,0.32500247471034527,221.94900157046504,1,1
805,object,22560.613371502,57.616998674348,156.69999993406236,60.09800199535675,4.361998435342684,1.0229996405541897,279.799998679664,1,1
806,object,22560.638634911,76.65999874006957,225.68200074601918,129.2769993597176,7.370999810518697,0.8920032996684313,439.8820019559935,1,1
807,object,22560.66237695,87.30199988349341,248.83000151021406,105.24899698793888,7.4020026659127325,0.9599971235729754,449.74299817113206,1,1
808,object,22560.686685046,78.76400195527822,265.3989977261517,109.23200170509517,6.809998012613505,0.8580027497373521,461.06300214887597,1,1
809,object,22560.711530397,81.66400220943615,215.29600053327158,107.57699783425778,6.3539991970174015,0.8800016075838357,411.77100138156675,1,1
810,object,22560.734814867,53.09900006977841,110.78299939981662,59.909001720370725,3.0650007829535753,0.3929999365936965,227.24900190951303,1,1
811,object,22560.759446619,56.124001275748014,205.3179996437393,86.99899990460835,5.747002433054149,0.7899980118963867,354.9780012690462,1,1
812,object,22560.783485204,89.78299956652336,244.55500170006417,102.41799827781506,6.501002644654363,0.8839997462928295,444.1410019353498,1,1
813,object,22560.807320488,105.02300210646354,247.26099945837632,105.20499927224591,7.1829999797046185,0.9819996193982661,465.65400043618865,1,1
814,object,22560.832281862,88.89300079317763,243.67099831579253,102.08100138697773,7.13500048732385,0.957999873207882,442.73800085647963,1,1
815,object,22560.859752103,45.590000809170306,120.2710009238217,34.389999200357124,2.887001755880192,0.4879984771832824,203.6260011664126,1,1
816,object,22560.883104622,41.406001400901005,105.81599781289697,36.843000998487696,2.7370006137061864,0.40899976738728583,187.21100059337914,1,1
817,object,22560.909884111,184.17600222164765,279.38199855270796,82.52100087702274,5.7539982663001865,0.7320013537537307,552.5650012714323,1,1
818,object,22560.932199098,68.3960024616681,175.25499788462184,62.58400026126765,4.559002263704315,0.6569971446879208,311.45100001594983,1,1
819,object,22560.956814043,74.79100167984143,157.98399908817373,41.95600195089355,3.1279996619559824,0.4350004019215703,278.29400278278627,1,1
820,object,22560.980665061,47.180998080875725,118.43800166388974,40.92900053365156,14.910998288542032,1.0000003385357559,222.4589989054948,1,1
821,object,22561.004632444,54.37099753180519,121.51200280641206,41.39500015298836,2.844997652573511,0.4210014594718814,220.543999603251,1,1
822,object,22561.029561308,65.55700019816868,237.1159971517045,100.92299999087118,6.488000508397818,0.7710004865657538,410.85499833570793,1,1
823,object,22561.053924712,141.06199887464754,352.72400054964237,166.53700004098937,9.93300272966735,1.1599986464716494,671.4160008414183,1,1
824,object,22561.077956782,89.49300172389485,221.1680002801586,92.90999878430739,6.400001439033076,0.7729977369308472,410.74399996432476,1,1
825,object,22561.101738492,90.27999840327539,266.376999206841,104.67800166225061,7.579998055007309,0.9210016287397593,469.83599895611405,1,1
826,object,22561.125437309,47.09199856733903,116.10799992922693,33.609998354222625,2.91600008495152,0.376003299606964,200.10200023534708,1,1
827,object,22561.149308415,44.78400296648033,131.82299881009385,51.41200017533265,3.4939985198434442,0.523999915458262,232.03700038720854,1,1
828,object,22561.173627245,91.12399857258424,260.23700047517195,122.82900206628256,6.860998837510124,0.9190007403958589,481.97000069194473,1,1
829,object,22561.199064369,79.68099816935137,226.9120013806969,96.55399844632484,6.709000444971025,0.8850001904647797,410.7409986318089,1,1
830,object,22561.225513864,85.67199984099716,270.52199948229827,191.6310029628221,10.456999007146806,1.2809978215955198,559.5629991148598,1,1
831,object,22561.25111352,48.44700015382841,120.96099817426875,40.68900307174772,3.1669987947680056,0.3979985194746405,213.66199871408753,1,1
832,object,22561.274590096,48.43699935008772,128.51800056523643,52.845000027446076,3.1700001272838563,0.7060007192194462,233.67600078927353,1,1
833,object,22561.300092636,91.91600111080334,296.24299713759683,150.6630032963585,8.166996849467978,1.1200027074664831,548.1090011016931,1,1
834,object,22561.327398754,136.91599815501831,336.9289988768287,185.52300025476143,10.389001545263454,1.229000190505758,670.9859990223777,1,1
835,object,22561.351637752,74.11900151055306,262.2699976200238,153.18300211220048,7.8980010584928095,0.9679970389697701,498.4379993402399,1,1
836,object,22561.375789962,72.93399903574027,243.26000129804015,95.1469992287457,5.162000888958573,0.628999259788543,417.13199971127324,1,1
837,object,22561.401538923,53.41799987945706,131.71300088288262,40.463997720507905,2.7520000003278255,0.7320013537537307,229.07899983692914,1,1
838,object,22561.427470177,83.16199819091707,228.69000167702325,95.13199984212406,6.918999133631587,0.8319984772242606,414.73499732092023,1,1
839,object,22561.451957807,100.76499893330038,248.52800197550096,104.84999802429229,7.15400165063329,0.9549985406920314,462.25199912441894,1,1
840,object,22561.476055475,90.90000094147399,247.17400083318353,117.24700016202405,7.561997335869819,0.9230025170836598,463.80600178963505,1,1
841,object,22561.501625641,81.35600000969134,236.78699653828517,131.70400052331388,7.5070020102430135,0.8019997039809823,458.1559987855144,1,1
842,object,22561.526605062,132.41499982541427,181.64100038120523,47.56799899041653,4.256999091012403,0.7410017133224756,366.6220000013709,1,1
843,object,22561.554305965,63.66699744830839,222.44100182433613,83.22899884660728,5.612000677501783,0.7950002327561378,375.7439990295097,1,1
844,object,22561.580769767,90.45300248544663,275.3629996732343,84.34899791609496,5.83200016990304,0.7250018825288862,456.7220021272078,1,1
845,object,22561.608196357,117.77899999287911,428.84100184892304,227.69399947719648,12.167998647782952,1.3259996194392443,787.8079995862208,1,1
846,object,22561.634082817,78.7150020187255,239.27299844217487,101.06099944096059,6.786998710595071,0.8010028977878392,426.63700151024386,1,1
847,object,22561.658897238,44.11999907460995,133.44800026970915,33.32000051159412,2.5699991965666413,0.3220011421944946,213.78000019467436,1,1
848,object,22561.685676617,53.49400089471601,130.16600132687017,47.302997700171545,3.6130004446022213,0.4120010999031365,234.98800146626309,1,1
849,object,22561.713495256,91.12000043387525,262.18600032734685,103.28699863748625,7.2119983087759465,0.9540017344988883,464.7589994419832,1,1
850,object,22561.741984769,110.4180009861011,242.80399884446524,103.57599967392161,6.713002221658826,0.9539980965200812,464.46499982266687,1,1
851,object,22561.768824545,239.8209981038235,363.7770023487974,113.3599980676081,8.361999789485708,0.972002453636378,726.2920007633511,1,1
852,object,22561.794852739,45.63200127449818,144.12999735213816,44.114000047557056,3.5290031519252807,0.3759996616281569,237.78100148774683,1,1
853,object,22561.822847312,33.95400199224241,134.92299694917165,42.84100214135833,2.4189976102206856,0.37900099414400756,214.51599968713708,1,1
854,object,22561.850625509,88.95599967218004,245.54899937356822,120.08600242552347,6.79999720887281,1.034000888466835,462.4249995686114,1,1
855,object,22561.876550752,109.11899880738929,319.3699994881172,189.45200281450525,8.630999218439683,1.1140000424347818,627.6860003708862,1,1
856,object,22561.902741284,97.14100087876432,307.49199868296273,140.25099881109782,8.767001418164,0.9469986252952367,554.5979984162841,1,1
857,object,22561.927280839,59.65399759588763,183.88500029686838,62.45700205909088,5.39800021215342,0.6089976523071527,312.00299781630747,1,1
858,object,22561.95086444,56.66799916070886,176.92899928078987,80.91199924820103,4.6050008677411824,0.6330010364763439,319.7469995939173,1,1
859,object,22561.975802994,63.33300188998692,273.76100115361623,106.21199908200651,6.614998710574582,0.9329996828455478,450.8540005190298,1,1
860,object,22561.999981075,120.21799921058118,254.50500106671825,103.58299914514646,7.104998076101765,1.0160001693293452,486.426997667877,1,1
861,object,22562.025374403,87.65299935475923,272.50099810771644,107.43100210675038,7.325998012674972,0.8250026439782232,475.73600022587925,1,1
862,object,22562.050528484,58.62900070496835,146.10699872719124,48.812999011715874,3.6480014387052506,0.36900019040331244,257.566000072984,1,1
863,object,22562.07540098,40.625000110594556,108.85799929383211,31.65700036333874,2.2519998310599476,0.3480017767287791,183.74000137555413,1,1
864,object,22562.101212042,118.93300325027667,332.98299968009815,108.83999857469462,7.508999260608107,0.9390023478772491,569.2040031135548,1,1
865,object,22562.12640939,78.37000157451257,236.69299844186753,101.120000181254,6.992002454353496,0.9529976523481309,424.1280003043357,1,1
866,object,22562.151135036,110.35199713660404,316.04900141246617,158.78499834798276,15.630001144018024,1.2080017768312246,602.0239998179022,1,1
867,object,22562.176538727,43.27100032242015,132.90300194057636,50.14099951949902,3.688001015689224,0.3589993866626173,230.36200218484737,1,1
868,object,22562.200364732,37.9939992853906,126.34700033231638,48.049998440546915,2.7759997465182096,0.34299955586902797,215.50999736064114,1,1
869,object,22562.226459765,87.92500011622906,236.87200155109167,96.3769998634234,6.564998329849914,0.8490023901686072,428.58800225076266,1,1
870,object,22562.250951056,128.53099906351417,356.0229997674469,115.58500045794062,8.635997801320627,1.172000338556245,609.9469974287786,1,1
871,object,22562.277551705,82.25499914260581,249.11900254664943,102.23400022368878,6.83899997966364,1.4459983503911644,441.8930002429988,1,1
872,object,22562.303766212,58.26900087413378,159.54499758663587,67.0059998810757,3.635002940427512,0.5319998308550566,288.9870011131279,1,1
873,object,22562.327910461,67.27499931002967,190.85399981122464,55.41599966818467,3.9590013329871,0.523999915458262,318.02800003788434,1,1
874,object,22562.378609346,65.13699918286875,4.182998964097351,2.411001332802698,9.139999747276306,0.9380019037052989,81.8090011307504,1,0
875,object,22562.422834886,94.79199798079208,4.745001206174493,3.122000634903088,11.364998499630019,1.4450015441980213,115.4689998656977,1,0
876,object,22562.46784226,59.402998886071146,4.248999175615609,3.1939998734742403,8.451002941001207,0.5319998308550566,75.82900070701726,1,0
877,object,22562.512626391,48.91600110568106,2.469001628924161,1.26299710245803,6.231999577721581,0.462001480627805,59.34200089541264,1,0
878,object,22562.557757608,91.13399937632494,4.429999535204843,2.759003109531477,12.985998182557523,1.139000232797116,112.4480004364159,1,0
879,object,22562.602708537,65.67200034623966,3.4719996619969606,2.1369996829889715,8.088998583843932,0.586001988267526,79.95600026333705,1,0
880,object,22562.647691918,66.54500248259865,3.8429971027653664,2.4380024115089327,9.134000720223412,0.8999995770864189,82.86000229418278,1,0
881,object,22562.692696077,71.62700057961047,3.8670004869345576,2.3190004867501557,9.130999387707561,0.7249982445500791,87.66899918555282,1,0
882,object,22562.697039045,64.06499960576184,150.9079993411433,57.46999886468984,3.9229998947121203,0.6570007826667279,277.0229984889738,1,1
883,object,22562.721917529,41.1729997722432,141.3509999110829,31.756000680616125,2.2619969968218356,0.33300239010713995,216.8749997508712,1,1
884,object,22562.749764574,78.07300062268041,271.8619980441872,106.26600123941898,7.065998943289742,1.2080017768312246,464.47500062640756,1,1
885,object,22562.775301756,82.89800098282285,232.9339986317791,94.00400085723959,6.713002221658826,0.8269998943433166,417.3760025878437,1,1
886,object,22562.799194926,75.81099998787977,233.49999901256524,102.55100278300233,7.237998943310231,0.8220013114623725,419.92200203821994,1,1
887,object,22562.830718844,84.66099825454876,275.26100166141987,108.13799963216297,7.389000529656187,1.2499986041802913,476.6989986819681,1,1
888,object,22562.857570178,71.15500193322077,207.0480004476849,63.740997575223446,3.7720019463449717,0.8499991963617504,346.56600109883584,1,1
889,object,22562.884104695,66.9979999656789,168.01200035843067,54.353000450646505,3.973000275436789,0.5279980541672558,293.8639991043601,1,1
890,object,22562.90937704,88.54000043356791,252.22999829566106,103.28700227546506,7.588998414576054,0.9739997040014714,452.61999912327155,1,1
891,object,22562.934427965,75.6920017010998,235.99199994350784,102.28499741060659,6.5490021370351315,0.9559989848639816,421.47400017711334,1,1
892,object,22562.962111783,86.43399996799417,255.53700106684119,104.73499787622131,8.018003427423537,0.8589995559304953,455.5830018944107,1,1
893,object,22562.987149262,37.64899884117767,112.4480004364159,32.017000194173306,2.764001692412421,0.23199754650704563,185.10999871068634,1,1
894,object,22563.014694265,56.02600140264258,158.22500063222833,56.9849980820436,3.845001629088074,0.5309993866831064,275.6120011326857,1,1
895,object,22563.044663665,84.53699774690904,247.8360001987312,122.97099965508096,7.119000656530261,0.9879986464511603,463.4509969037026,1,1
896,object,22563.074913332,116.58600124064833,299.6020011778455,105.58400026638992,6.964997737668455,1.0330004442948848,529.7700008668471,1,1
897,object,22563.100619851,82.42399781011045,246.32100030430593,124.50500071281567,7.022001227596775,0.9859977581072599,461.2579978129361,1,1
898,object,22563.12477119,46.0660012322478,118.43199899885803,36.94800034281798,3.0320006771944463,0.35599805414676666,204.83399930526502,1,1
899,object,22563.14967735,122.11599823785946,355.7980016921647,73.28799983952194,5.295998562360182,0.7090020517352968,557.2070003836416,1,1
900,object,22563.174677999,76.80700218770653,234.2570005566813,149.64899673941545,8.719001925783232,1.0359981388319284,470.46799954841845,1,1
901,object,22563.201838179,91.02900003199466,244.53800142509863,68.81499939481728,5.253998097032309,1.215001248056069,410.85100019699894,1,1
902,object,22563.23088339,65.2270027785562,192.4799980770331,66.93300019833259,5.0579983508214355,0.9200011845678091,330.6180005893111,1,1
903,object,22563.256982604,97.0069995673839,146.97199731017463,38.74100002576597,2.9910006560385227,0.5590009095612913,286.2699984689243,1,1
904,object,22563.281485766,37.34399797394872,109.20199929387309,32.99400123069063,2.240001776954159,0.33699689083732665,182.11699716630392,1,1
905,object,22563.307057879,128.4790014324244,358.05399966193363,165.12399815837853,10.34500019159168,1.5700024960096925,663.5720019403379,1,1
906,object,22563.333703909,110.02500104950741,359.40199813921936,175.8050020725932,9.87499879556708,1.6140002117026597,656.7210002685897,1,1
907,object,22563.360950952,148.35999900242314,441.499003500212,197.06499733729288,10.744999599410221,1.2270029401406646,798.8960023794789,1,1
908,object,22563.386686532,65.78899774467573,174.7679998516105,56.52999971061945,4.3100008042529225,0.3749992174562067,301.7719973286148,1,1
909,object,22563.414145168,73.53299952228554,190.14500139746815,87.11400005267933,5.293997674016282,0.6600021151825786,356.7460007616319,1,1
910,object,22563.442814208,122.65199984540232,382.70400182227604,175.37099847686477,10.243998985970393,1.5549994714092463,692.5259986019228,1,1
911,object,22563.46795122,146.9370035920292,361.1979991546832,178.2869985618163,10.317999112885445,1.296000846195966,698.0360012676101,1,1
912,object,22563.496178928,272.7669998421334,405.87300100014545,274.41999918664806,17.378999473294243,1.4710021787323058,971.9100016809534,1,1
913,object,22563.520939918,39.64900315622799,137.5579995510634,56.27199789159931,3.3670003176666796,0.30199953471310437,237.1480004512705,1,1
914,object,22563.546710733,75.9149988880381,192.28300152462907,81.1159989098087,4.871999408351257,0.5540023266803473,354.74000105750747,1,1
915,object,22563.57408264,88.47199933370575,235.29600002802908,95.21000174572691,6.295998900895938,0.9799987310543656,426.25399873941205,1,1
916,object,22563.601255623,94.25699681742117,338.5240015632007,180.9899986255914,10.370000381954014,1.3169992598704994,625.4579966480378,1,1
917,object,22563.628926244,110.3389986383263,273.6710011959076,102.53499931422994,7.400998583761975,0.9660034265834838,494.9120011588093,1,1
918,object,22563.65417538,57.73699740529992,133.87700164457783,34.07600161153823,3.0669980333186686,0.467000063508749,229.2239987582434,1,1
919,object,22563.682025848,85.68799967179075,210.02599896746688,88.26600242173299,5.445999704534188,0.6709997251164168,390.0970004906412,1,1
920,object,22563.708152567,89.78299956652336,314.303000777727,99.9449985101819,6.911002856213599,1.0519979696255177,511.9939996802714,1,1
921,object,22563.736589757,76.74799780943431,241.64099886547774,127.92000052286312,7.4359995778650045,0.9800023690331727,454.72499914467335,1,1
922,object,22563.762266204,104.86300016054884,317.69599809194915,154.57400149898604,9.130999387707561,1.0990006558131427,587.3629997950047,1,1
923,object,22563.787549153,49.43900057696737,111.2749996536877,38.035999750718474,2.677999873412773,0.6420013960450888,202.0700012508314,1,1
924,object,22563.812897929,66.4509971102234,184.45800014887936,60.499001847347245,4.624998837243766,0.705000275047496,316.73799821874127,1,1
925,object,22563.841636348,155.03699978580698,394.5839998777956,180.28799968305975,10.617000953061506,1.2620002962648869,741.7880005959887,1,1
926,object,22563.869277834,121.60500045865774,327.6879979239311,155.86500012432225,8.367002010345459,1.3419994502328336,614.8669999674894,1,1
927,object,22563.898119798,122.96299973968416,433.63100121496245,211.18099903105758,15.908000932540745,2.2560016077477485,785.9390025259927,1,1
928,object,22563.92546362,37.639001675415784,132.08200107328594,36.93599865073338,2.9379989427980036,0.2680026227608323,209.86300296499394,1,1
929,object,22563.950578298,54.5129987585824,107.82399840536527,31.603001843905076,2.5999979698099196,0.31000308808870614,196.85000006575137,1,1
930,object,22563.997723478,84.49199958704412,4.0909981180448085,2.6759989850688726,9.975003194995224,1.1129995982628316,102.34699948341586,1,0
931,object,22564.042796933,54.419997468357906,2.3850006982684135,1.8800019461195916,6.168997060740367,0.6350019248202443,65.48899909830652,1,0
932,object,22564.087717072,79.06999962870032,3.932000254280865,2.4529981601517648,9.423001756658778,0.8809984137769789,95.7589982135687,1,0
933,object,22564.132606992,48.3900003018789,3.9430015021935105,1.9789986254181713,7.463000656571239,0.8850001904647797,62.6600012765266,1,0
934,object,22564.177628042,43.934996938332915,2.2220010578166693,1.0920011845882982,5.892998160561547,0.3230015863664448,53.464998927665874,1,0
935,object,22564.222702133,77.21500151092187,4.1099992813542485,2.6790003175847232,10.718998964875937,0.8040005923248827,95.52700066706166,1,0
936,object,22564.267485932,19.14300082717091,1.2460004654712975,0.8360002539120615,2.987999323522672,0.2659980964381248,24.478998966515064,1,0
937,object,22564.312663854,70.36499664536677,2.348002453800291,1.1849988368339837,6.194000889081508,0.3339991963002831,80.42599802138284,1,0
938,object,22564.357597053,45.73600017465651,2.149001375073567,1.6069971024990082,5.57500243303366,0.4439971235115081,55.510998208774254,1,0
939,object,22564.402539834,37.273999623721465,1.7619968275539577,1.2230011634528637,4.876001185039058,0.4209978214930743,45.55599662126042,1,0
940,object,22564.447480866,19.826999050565064,1.7450001905672252,0.7429989636875689,3.083001502091065,0.24999826564453542,25.64799797255546,1,0
941,object,22564.492817011,101.52599861612543,4.584002454066649,3.1479976314585656,12.544001947389916,1.0840012691915035,122.88600191823207,1,0
942,object,22564.537901558,87.34099901630543,4.4240005081519485,2.667999069672078,29.328999517019838,1.1130032362416387,124.87500134739093,1,0
943,object,22564.582731203,120.03699885099195,4.518999048741534,1.8400023691356182,14.260996977100149,0.3410023055039346,140.99799955147319,1,0
944,object,22564.627757482,92.25000030710362,3.5679986467584968,2.1890009520575404,10.080999345518649,0.8069982868619263,108.89499753830023,1,0
945,object,22564.672757714,84.41599857178517,4.747002094518393,3.029999788850546,10.242998541798443,1.1400006769690663,103.57599967392161,1,0
946,object,22564.717583165,43.74100171844475,2.7850001060869545,1.5330006135627627,6.259997462620959,0.362000719178468,54.681000619893894,1,0
947,object,22564.762746926,91.32899867836386,4.634999640984461,2.882999979192391,11.36799983214587,1.0850017133634537,111.29999984405003,1,0
948,object,22564.808146048,120.3419997182209,5.781002982985228,3.8099969970062375,15.839999832678586,1.2070013326592743,146.98000086355023,1,0
949,object,22564.85281974,110.40699973818846,4.158999217906967,2.7050009521190077,13.978999049868435,1.0119983926415443,132.2619973507244,1,0
950,object,22564.898234557,40.68599810125306,3.2130010367836803,1.848999090725556,6.137001037131995,0.6650006980635226,52.549999963957816,1,0
951,object,22564.942859653,88.6229972820729,4.348999937064946,2.4820001272019,11.571002687560394,1.1699994502123445,108.19499948411249,1,0
952,object,22564.987696429,54.52899858937599,2.558001142460853,1.3879980542697012,7.17100192559883,0.5500005499925464,66.19600026169792,1,0
953,object,22565.032894051,95.13300028629601,4.768000508192927,2.967997716041282,32.21099905204028,1.1740012269001454,136.25399878947064,1,0
954,object,22565.077775751,88.26900011627004,4.699999408330768,2.6660018193069845,11.202999303350225,0.9639989002607763,107.80199954751879,1,0
955,object,22565.122619924,49.45299951941706,2.3229986254591495,1.7450001905672252,6.622001819778234,0.49599839258007705,60.63899854780175,1,0
956,object,22565.168400052,30.7080008496996,2.6509987947065383,1.4840006770100445,5.10199970449321,0.5309993866831064,40.4759994125925,1,0
957,object,22565.212751651,102.21399861620739,4.954999894835055,3.1849995139054954,13.71100006508641,1.0870026017073542,125.1520006917417,1,0
958,object,22565.257662836,69.80599937378429,3.630000719567761,1.5590012480970472,8.85199915501289,0.9010000212583691,84.74800051772036,1,0
959,object,22565.302822416,73.0419997125864,3.9010010368656367,2.500997652532533,9.51500260271132,0.9739997040014714,89.93300070869736,1,0
960,object,22565.347690192,66.58100028289482,4.333000106271356,2.296997990924865,8.369999704882503,1.0399999155197293,82.62099800049327,1,0
961,object,22565.392456577,15.46800194773823,1.209999027196318,0.5699985194951296,2.6470006559975445,0.26600173441693187,20.161001884844154,1,0
962,object,22565.438134639,130.78399933874607,6.786001904401928,3.7279969546943903,6.487000064225867,1.2830023479182273,149.06800060998648,0,0
963,object,22565.482791787,2.7839996619150043,6.490001396741718,2.510001650080085,1.8399987311568111,0.9190007403958589,14.543002180289477,0,0
964,object,22565.527567551,1.7050006135832518,2.7890018827747554,1.119999069487676,0.7970011211000383,0.4260000423528254,6.837002729298547,0,0
965,object,22565.57273537,2.415003109490499,6.922997272340581,2.9280017770361155,2.1569976524915546,1.3360004231799394,15.75900023453869,0,0
966,object,22565.617792367,2.5980007194448262,6.890997610753402,2.4120017769746482,2.1080013539176434,0.919997546589002,14.928999007679522,0,0
967,object,22565.662597247,1.972999598365277,4.466000973479822,1.672000507824123,1.420001353835687,0.6509981176350266,10.182000551139936,0,0
968,object,22565.70786441,3.040000592591241,7.837999874027446,3.148998075630516,2.0090010366402566,1.233998773386702,17.26999835227616,0,0
969,object,22565.752514705,1.3719982234761119,4.011002602055669,0.8620008884463459,0.8649985829833895,0.4020002961624414,7.5120005931239575,0,0
970,object,22565.797628379,2.0810002752114087,4.320998414186761,1.6999983927235007,1.2210002751089633,0.5820002115797251,9.904997568810359,0,0
971,object,22565.842784695,2.9809998522978276,6.87400097376667,2.5789995561353862,2.0709994714707136,0.990999978967011,15.495999832637608,0,0
972,object,22565.887870495,3.303000994492322,7.348997314693406,2.6130001060664654,2.153999957954511,1.0350013326387852,16.45399970584549,0,0
973,object,22565.932516046,1.4790020941291004,3.067998477490619,1.3060016499366611,0.990999978967011,0.38199868868105114,7.2260008892044425,0,0
974,object,22565.97765283,1.9710023480001837,4.9629998102318496,1.8479986465536058,1.2550008250400424,0.776999513618648,10.81400114344433,0,0
975,object,22566.022594696,1.2040000001434237,3.3759970392566174,1.2080017768312246,0.9229988791048527,0.42300234781578183,7.1340000431519,0,0
976,object,22566.067553202,1.1699994502123445,3.4860022424254566,1.6149970178958029,1.2310010788496584,0.4889989213552326,7.990998710738495,0,0
977,object,22566.112751801,1.4549987099599093,5.197001883061603,2.1220002963673323,1.8049977370537817,0.7690032362006605,11.348001862643287,0,0
978,object,22566.15786546,3.1149975256994367,6.905000191181898,2.8290014597587287,2.1129999367985874,1.0500007192604244,16.011999832699075,0,0
979,object,22566.202590877,1.4670004020445049,4.348999937064946,1.8749997252598405,1.0379990271758288,0.6299997039604932,9.358998795505613,0,0
980,object,22566.247780991,2.7339992811903358,6.3400002545677125,2.3379980120807886,1.9660001271404326,0.9040013537742198,14.28199902875349,0,0
981,object,22566.292767325,2.5609988369978964,6.287998985499144,2.1550004021264613,2.1949999791104347,0.8230017556343228,14.021999959368259,0,0
982,object,22566.337677588,1.8760001694317907,4.432000423548743,1.791999238776043,1.5030018403194845,0.6390000635292381,10.2420017356053,0,0
983,object,22566.382758044,2.1889973140787333,6.641999789280817,2.3430002329405397,2.1360028767958283,1.338998117716983,14.648998330812901,0,0
984,object,22566.427788691,3.1420022423844784,6.40500002191402,2.369000867474824,2.458997187204659,1.1090014595538378,15.48400177853182,0,0
985,object,22566.47267791,1.7480015230830759,4.94800042361021,1.667998731136322,1.0469993867445737,0.7210001058410853,10.132000170415267,0,0
986,object,22566.517821952,3.0030023481231183,6.83799953549169,2.450000465614721,2.1220002963673323,1.1310003174003214,15.544002962997183,0,0
987,object,22566.562627072,1.4079996617510915,3.4000004234258085,1.0320000001229346,0.8950009942054749,0.4020002961624414,7.137001375667751,0,0
988,object,22566.607526657,0.9639989002607763,2.8290014597587287,0.8799979696050286,0.9700015652924776,0.7880007615312934,6.431000656448305,0,0
989,object,22566.652599616,1.3739991118200123,5.156998668098822,2.071999915642664,1.8169994291383773,0.7410017133224756,11.160998838022351,0,0
990,object,22566.697633326,1.63400181918405,4.206998710287735,1.6129997675307095,1.219999830937013,0.41100065573118627,9.085000783670694,0,0
991,object,22566.742674621,1.8030004866886884,4.781999450642616,1.7569982446730137,1.3850003597326577,0.9169998520519584,10.643998393788934,0,0
992,object,22566.787738623,2.2460008040070534,5.473000783240423,2.414999471511692,2.0410006982274354,0.990999978967011,13.166001735953614,0,0
993,object,22566.832622277,1.4309989637695253,3.4379991120658815,1.1230004020035267,1.1260017345193774,0.3699969965964556,7.487997208954766,0,0
994,object,22566.877728354,2.9279981390573084,6.203001248650253,1.9850012904498726,1.5170007827691734,1.257998519577086,13.890999980503693,0,0
995,object,22566.922699183,2.2989988792687654,6.115002179285511,2.300999767612666,2.0039988157805055,0.7980015652719885,13.517001207219437,0,0
996,object,22566.967452585,0.5750007403548807,2.158001734642312,0.971998815657571,0.6379996193572879,0.25600093067623675,4.599001840688288,0,0
997,object,22567.012781319,2.1269988792482764,5.738998879678547,2.239001332782209,1.811000402085483,0.8040005923248827,12.720000086119398,0,0
998,object,22567.057789117,2.8670001483988017,6.326001312118024,2.3989996407181025,2.34400067711249,1.100997906178236,15.036999684525654,0,0
999,object,22567.102706348,1.5859986888244748,5.6680000852793455,1.7370002751704305,1.549000444356352,0.5360016075428575,11.07600110117346,0,0
1000,object,22567.147830607,3.083001502091065,7.3500013968441635,2.291999408043921,2.640997990965843,1.4060024113859981,16.77200270933099,0,0
1001,object,22567.192740205,2.2460008040070534,6.533002306241542,2.519998815841973,1.9500002963468432,1.2479977158363909,14.496999938273802,0,0
1002,object,22567.237575959,1.7269994714297354,4.346002242527902,1.2109994713682681,0.8729984983801842,0.43700129026547074,8.59400097397156,0,0
1003,object,22567.282784039,2.65900234808214,7.4499985203146935,2.5049994292203337,2.0990009943488985,1.4700017345603555,16.18300302652642,0,0
1004,object,22567.327816301,2.9420007194858044,7.498998456867412,3.273999027442187,2.596003469079733,1.0419971658848226,17.35299883875996,0,0
1005,object,22567.372631687,1.5549994714092463,3.203000233042985,1.0709991329349577,1.2060008884873241,0.5799993232358247,7.614999049110338,0,0
1006,object,22567.41775964,7.533999450970441,7.179998647188768,2.9380025807768106,2.04900061362423,1.1069969332311302,20.80799822579138,0,0
1007,object,22567.462665794,1.835000148275867,5.551002686843276,2.033997589023784,1.8070022633764893,1.1519987310748547,12.379001418594271,0,0
1008,object,22567.507555426,1.1669981176964939,3.2759999157860875,1.3610006135422736,0.8110000635497272,0.5510009941644967,7.165999704739079,0,0
1009,object,22567.552650587,2.026001311605796,5.817997589474544,2.6430025172885507,2.1469968487508595,0.9640025382395834,13.598000805359334,0,0
1010,object,22567.597800258,3.1279996619559824,7.1549984568264335,2.6330017135478556,2.4189976102206856,1.047999830916524,16.38299727346748,0,0
1011,object,22567.642528868,0.9610012057237327,2.344997483305633,1.2130003597121686,0.6340014806482941,0.3309978637844324,5.483998393174261,0,0
1012,object,22567.687752697,2.625001798151061,6.649999704677612,3.0420014809351414,1.9889994291588664,1.4969991752877831,15.803001588210464,0,0
1013,object,22567.732832925,2.7759997465182096,7.550999725935981,2.8430004022084177,2.515000232961029,1.1429983715061098,16.827998479129747,0,0
1014,object,22567.777613055,1.3799981388729066,3.8470025174319744,2.4479995772708207,0.838997948449105,0.46499917516484857,8.978997357189655,0,0
1015,object,22567.822829026,3.1380004656966776,7.674996595596895,2.8140020731370896,2.082000719383359,0.9260002116207033,16.635000065434724,0,0
1016,object,22567.867645548,1.6839985619299114,5.023000994697213,2.1319974621292204,1.734002580633387,0.8239985618274659,11.396998161217198,0,0
1017,object,22567.913270041,0.6419977580662817,2.2320018615573645,0.6880000000819564,0.7429989636875689,0.2730012056417763,4.577999789034948,0,0
1018,object,22567.957797732,2.91700052912347,6.885999027872458,2.5459994503762573,2.044002030743286,0.9679970389697701,15.360998077085242,0,0
1019,object,22568.002711844,2.9039983928669244,6.433001544792205,2.7940004656556994,1.9719991541933268,1.0929979907814413,15.195997548289597,0,0
1020,object,22568.04757808,1.3549979485105723,3.09200186165981,1.0510011634323746,0.7359994924627244,0.3839995770249516,6.618000043090433,0,0
1021,object,22568.092708567,2.1949999791104347,6.24799940851517,2.349999704165384,2.0510015019681305,0.9629984560888261,13.806999049847946,0,0
1022,object,22568.137861848,2.87799775833264,6.530000973725691,2.526001480873674,2.373999450355768,1.0250005288980901,15.333000192185864,0,0
1023,object,22568.182466217,0.5260008038021624,2.0139996195212007,0.6989976100157946,0.5760011845268309,0.26600173441693187,4.0810009522829205,0,0
1024,object,22568.227761851,2.777996996883303,6.727001164108515,2.820001100189984,2.5519984774291515,1.1369993444532156,16.01399708306417,0,0
1025,object,22568.272878995,3.235996700823307,7.56800000090152,2.5860026653390378,1.962998794624582,1.4610013749916106,16.813999536680058,0,0
1026,object,22568.317701415,1.6190024325624108,4.064997483510524,1.1680021998472512,1.0090006981045008,0.5000001692678779,8.361002983292565,0,0
1027,object,22568.362996859,20.592000510077924,11.845000699395314,4.082998202648014,3.3560027077328414,1.443997462047264,41.31999958190136,0,0
1028,object,22568.407688978,2.0839979697484523,4.320001607993618,1.5949990483932197,1.6320009308401495,0.7119997462723404,10.34299930324778,0,0
1029,object,22568.452601998,2.053999196505174,3.21100014843978,1.3509998098015785,1.0920011845882982,0.6169975677039474,8.324997907038778,0,0
1030,object,22568.497803209,2.477998350514099,6.966001819819212,2.7520000003278255,2.007000148296356,0.9830000635702163,15.186000382527709,0,0
1031,object,22568.542778963,2.806998963933438,6.738999218214303,2.6670022634789348,1.9789986254181713,1.1410011211410165,15.333000192185864,0,0
1032,object,22568.587629878,1.4690012903884053,3.3989999792538583,1.02400008472614,1.1990014172624797,0.4159992386121303,7.5070020102430135,0,0
1033,object,22568.632789249,2.611999661894515,8.339000487467274,2.520999260013923,2.176999259972945,0.9739997040014714,16.62299837335013,0,0
1034,object,22568.677773283,3.188997652614489,6.105001375544816,2.7759997465182096,1.6049998521339148,0.7790004019625485,14.453999028773978,0,0
1035,object,22568.722695351,2.2790009097661823,5.24300048709847,2.0570005290210247,1.4259967429097742,0.6950031092856079,11.70000177808106,0,0
1036,object,22568.767853275,2.9670009098481387,8.31199940876104,3.306999133201316,2.401000529062003,1.2109994713682681,18.197999452240765,0,0
1037,object,22568.812779593,2.7659989427775145,8.127000910462812,3.2369971449952573,2.5660010578576475,1.0360017768107355,17.731999832903966,0,0
1038,object,22568.857545616,1.2029995559714735,3.2370007829740644,1.4600009308196604,0.7460002962034196,0.3940003807656467,7.0400019467342645,0,0
1039,object,22568.902943199,4.435001756064594,14.739998732693493,5.2780014812015,3.707998985191807,1.4540019037667662,29.61500285891816,0,0
1040,object,22568.947900728,3.1270028557628393,6.67999847792089,2.519998815841973,2.626002242323011,0.9979994501918554,15.951001842040569,0,0
1041,object,22568.992590251,2.062999556073919,3.5480006772559136,1.338998117716983,0.9600007615517825,0.5010006134398282,8.410999726038426,0,0
1042,object,22569.037935228,2.826000127242878,7.5310017564333975,3.178000042680651,2.229997335234657,0.953001290326938,16.71800055191852,0,0
1043,object,22569.082925807,3.245997504564002,9.51200127019547,3.598001057980582,2.9149996407795697,1.3069984561298043,20.577997929649428,0,0
1044,object,22569.127750071,2.391003363300115,5.289999535307288,1.7040001694113016,1.224998413817957,0.7400012691505253,11.350002750987187,0,0
1045,object,22569.172913425,2.8429967642296106,7.348000508500263,2.562999725341797,2.253000275231898,1.0090006981045008,16.01599797140807,0,0
1046,object,22569.217763248,2.7329988370183855,7.008999091340229,2.93600169243291,2.1509986254386604,1.30099942907691,16.129997675307095,0,0
1047,object,22569.262648968,2.172000677092001,4.749999789055437,2.038999809883535,1.2710006558336318,0.6699992809444666,10.902000212809071,0,0
1048,object,22569.307773461,2.4269975256174803,7.3500013968441635,2.8840004233643413,2.064000000245869,1.0660005500540137,15.790999896125868,0,0
1049,object,22569.352935807,3.4429976949468255,10.646999726304784,3.5340017348062247,2.89799936581403,1.1810006981249899,21.702999219996855,0,0
1050,object,22569.397657129,2.333999873371795,5.283000064082444,2.272998244734481,1.7359998309984803,0.7620001269970089,12.387998140184209,0,0
1051,object,22569.44276712,3.4479999158065766,7.190999895101413,2.8810027288272977,2.1050000214017928,1.067997800419107,16.693000361556187,0,0
1052,object,22569.487862123,4.3100008042529225,11.445001291576773,3.727000148501247,3.4340009733568877,1.4159995771478862,24.332002794835716,0,0
1053,object,22569.532688711,1.7380007193423808,4.21699951402843,1.682001311564818,1.2040000001434237,0.8179995347745717,9.659001079853624,0,0
1054,object,22569.577615032,2.0099978428333998,3.48799949279055,1.3950011634733528,1.0139992809854448,0.5290021363180131,8.43599991640076,0,0
1055,object,22569.622636551,1.5259975043591112,3.6370001907926053,1.038002665154636,0.8479983080178499,0.5219990271143615,7.570997695438564,0,0
1056,object,22569.667898611,3.5340017348062247,9.03999898582697,3.0129995138850063,2.2029998945072293,1.3250028132461011,19.11500294227153,0,0
1057,object,22569.712786689,3.2239986467175186,7.711001671850681,3.4849981602746993,2.1990017557982355,1.5420009731315076,18.161001207772642,0,0
1058,object,22569.757645213,1.6949998098425567,4.779998562298715,2.1420019038487226,1.4699980965815485,0.6880000000819564,10.7749983726535,0,0
1059,object,22569.802754375,2.06800177693367,5.681999027729034,2.125998435076326,1.5139994502533227,0.6730006134603173,12.06299930345267,0,0
1060,object,22569.847810382,2.85999703919515,6.600999768124893,2.878001396311447,2.191998646594584,1.110001903725788,15.640998753951862,0,0
1061,object,22569.892737484,1.8270002328790724,4.959001671522856,1.8479986465536058,0.9620016498956829,0.5859983502887189,10.182000551139936,0,0
1062,object,22569.937916284,3.6479978007264435,9.057999704964459,2.6190027710981667,2.801996743073687,0.8840033842716366,19.011000404134393,0,0
1063,object,22569.982729735,2.7660025807563215,6.047997885616496,2.553002559579909,2.076998498523608,1.1000010999850929,14.544002624461427,0,0
1064,object,22570.02758987,1.3510034477803856,3.478999133221805,1.0139992809854448,1.1759984772652388,0.3890017978847027,7.409002137137577,0,0
1065,object,22570.072786723,2.6339985197409987,6.930000381544232,3.07400114252232,2.0459992811083794,1.181997504318133,15.865996829234064,0,0
1066,object,22570.117883791,2.882999979192391,8.495997462887317,2.573000529082492,2.1750020096078515,1.0269977792631835,17.153997760033235,0,0
1067,object,22570.162725909,1.5610021364409477,3.80200071958825,1.1800002539530396,1.2119999155402184,0.4849971446674317,8.240000170189887,0,0
1068,object,22570.207752735,2.6889974833466113,6.652000593021512,2.5369990908075124,2.1450032363645732,1.0109979484695941,15.033998352009803,0,0
1069,object,22570.252805339,3.0249975679907948,7.392001862172037,2.715998562052846,2.4219989427365363,0.9470022632740438,16.501999198226258,0,0
1070,object,22570.297640612,2.3180000425782055,4.052999429404736,1.18200114229694,0.790998456068337,0.5649999366141856,8.908999006962404,0,0
1071,object,22570.342826814,3.0089977371972054,7.160000677686185,2.4670007405802608,2.253000275231898,0.8839997462928295,15.772999176988378,0,0
1072,object,22570.387865358,3.0609990062657744,8.536000677850097,2.6560010155662894,2.643999323481694,1.1609990906435996,18.057999113807455,0,0
1073,object,22570.432611424,1.7759994079824537,3.1180024961940944,1.1319971235934645,0.791002094047144,0.5590009095612913,7.376002031378448,0,0
1074,object,22570.477797774,3.0479968700092286,7.723003363935277,2.7329988370183855,1.8899991118814796,1.3409990060608834,16.734997188905254,0,0
1075,object,22570.522700762,2.648997906362638,6.166999810375273,2.6230009098071605,2.053999196505174,1.315002009505406,14.807999832555652,0,0
1076,object,22570.567596318,1.167998561868444,3.179000486852601,0.9600007615517825,1.1560005077626556,0.3989989636465907,6.861999281682074,0,0
1077,object,22570.61278346,2.862998371711001,7.066999387461692,3.130000550299883,2.0890001906082034,1.45800004247576,16.60699854255654,0,0
1078,object,22570.657799845,2.7530004444997758,7.004997314652428,2.5219997041858733,2.2519998310599476,0.9989998943638057,15.53099718876183,0,0
1079,object,22570.70273658,2.3900029191281646,5.943998985458165,1.9020008039660752,1.8219980120193213,0.6770023901481181,12.735003110719845,0,0
1080,object,22570.747764779,2.625998604344204,6.844002200523391,2.672997652553022,2.0090010366402566,1.3329990906640887,15.484998584724963,0,0
1081,object,22570.79298905,2.5609988369978964,6.5829990489874035,39.1710018448066,2.9859984351787716,1.3399985618889332,52.6409967278596,0,0
1082,object,22570.838016889,3.8200014387257397,7.0739988586865366,2.335000317543745,2.206998033216223,0.934000127017498,16.369998775189742,0,0
1083,object,22570.882697668,2.315999154234305,4.622001142706722,1.6519989003427327,1.5190016711130738,0.672000169288367,10.7810010376852,0,0
1084,object,22570.92778646,2.939999831141904,6.242000381462276,2.643999323481694,2.495999069651589,0.9569994290359318,15.278998034773394,0,0
1085,object,22570.972548888,1.2730015441775322,3.0609990062657744,0.9510004019830376,0.8210008672904223,0.5749971023760736,6.68099892209284,0,0
1086,object,22571.017830973,3.5630000638775527,7.009999535512179,2.6080015231855214,2.354998287046328,0.9550021786708385,16.49100158829242,0,0
1087,object,22571.062892721,2.7960013539996,6.6210013756062835,2.962999133160338,2.3079992388375103,1.1920019460376352,15.880003047641367,0,0
1088,object,22571.10761119,1.368000084767118,3.19199898513034,0.9710020094644278,1.3809985830448568,0.41399835026822984,7.325998012674972,0,0
1089,object,22571.152726537,2.591001248219982,5.828998837387189,2.359000063734129,1.6120029613375664,0.9159994078800082,13.307002518558875,0,0
1090,object,22571.19762362,1.8339997041039169,3.492001269478351,1.1260017345193774,0.7709968485869467,0.5220026650931686,7.7450022217817605,0,0
1091,object,22571.242600887,1.601001713424921,2.754000888671726,1.0669973562471569,0.8320021152030677,0.3679997462313622,6.622001819778234,0,0
1092,object,22571.287841589,2.9619986889883876,7.99899862613529,2.615000994410366,2.272001438541338,1.1759984772652388,17.02399822534062,0,0
1093,object,22571.332764271,2.8569993446581066,7.215003279270604,3.2419993658550084,2.220000169472769,1.3930002751294523,16.92700243438594,0,0
1094,object,22571.377656795,1.710999640636146,3.8389989640563726,1.5090008673723787,0.9830000635702163,0.4539979272522032,8.495997462887317,0,0
1095,object,22571.422762492,2.6220004656352103,7.533002644777298,2.9650000215042382,2.672997652553022,1.0559997463133186,16.849000530783087,0,0
1096,object,22571.467890355,2.9149996407795697,7.25199788575992,2.81600296148099,2.291999408043921,1.2159980542492121,16.490997950313613,0,0
1097,object,22571.512603073,1.4079996617510915,3.750003088498488,1.6229969332925975,0.9739997040014714,0.47900175559334457,8.234001143136993,0,0
1098,object,22571.55770308,2.2860003809910268,6.497997674159706,2.6460002118255943,2.192999090766534,1.0130024747923017,14.635999832535163,0,0
1099,object,22571.602769357,2.74099875241518,7.715003448538482,3.092998667852953,2.60199885815382,0.9790019248612225,17.130001651821658,0,0
1100,object,22571.647582353,1.8859973351936787,3.1320014386437833,1.3919998309575021,0.8940005500335246,0.42799729271791875,7.731996447546408,0,0
1101,object,22571.692863735,3.4799995773937553,7.30900137568824,2.634998963912949,2.2130006982479244,1.0250005288980901,16.66200114414096,0,0
1102,object,22571.737827791,3.078999725403264,7.3310002335347235,2.857999788830057,2.353001036681235,1.02400008472614,16.64500086917542,0,0
1103,object,22571.78258475,1.8570026441011578,3.582998033380136,1.1039992386940867,0.9610012057237327,0.5299989425111562,8.03500006441027,0,0
1104,object,22571.827737677,2.6570014597382396,6.294998456723988,2.296001184731722,1.7170023056678474,0.9399991540703923,13.90500256093219,0,0
1105,object,22571.872827714,3.8569996831938624,10.52100196829997,4.47299680672586,3.0790033633820713,1.2879972928203642,23.217999114422128,0,0
1106,object,22571.917656653,1.7829988792072982,4.25300095230341,1.8270002328790724,1.2929995136801153,0.5649999366141856,9.720999514684081,0,0
1107,object,22571.962854376,3.1050003599375486,7.290997018571943,3.002001903951168,2.2409985831473023,1.45800004247576,17.096997908083722,0,0
1108,object,22572.007601893,1.848999090725556,3.7280005926731974,1.5229998098220676,1.296000846195966,0.890999217517674,9.286999556934461,0,0
1109,object,22572.05274957,2.4559994926676154,7.70699989516288,2.6140005502384156,1.7950005712918937,0.8799979696050286,15.451998478965834,0,0
1110,object,22572.09790328,2.7990026865154505,6.979997124290094,2.4610017135273665,2.1220002963673323,1.1640004231594503,15.526002243859693,0,0
1111,object,22572.142828275,2.8270005714148283,7.6310025178827345,2.692999260034412,2.1189989638514817,0.971998815657571,16.242000128841028,0,0
1112,object,22572.187653185,2.092001523124054,5.116999091114849,1.3399985618889332,1.1270021786913276,1.104999682866037,10.7810010376852,0,0
1113,object,22572.232795956,3.316999936942011,7.524002285208553,2.700999175431207,2.3270004021469504,1.1949996405746788,17.0640014403034,0,0
1114,object,22572.277770861,2.9809998522978276,6.982998456805944,2.3510001483373344,1.8210012058261782,0.9699979273136705,15.105997590580955,0,0
1115,object,22572.3226242,2.239001332782209,4.680001438828185,1.7359998309984803,1.811000402085483,0.7519993232563138,11.218002327950671,0,0
1116,object,22572.367857288,2.7199967007618397,7.029000698821619,2.4700020730961114,2.258999302284792,1.0990006558131427,15.576999430777505,0,0
1117,object,22572.412770332,2.892000338761136,7.642996934009716,3.4570002753753215,2.7700007194653153,1.0610019671730697,17.82300023478456,0,0
1118,object,22572.4576448,1.835000148275867,4.318000719649717,1.3179997040424496,1.6229969332925975,0.562002242077142,9.655999747337773,0,0
1119,object,22572.502993788,3.8380021578632295,28.08600038406439,4.246998287271708,3.2759999157860875,1.3569988368544728,40.80399958183989,0,0
1120,object,22572.547645797,1.5859986888244748,4.833000275539234,2.1080013539176434,1.3040007615927607,0.910000380827114,10.741001460701227,0,0
1121,object,22572.592650568,2.2040003386791795,4.181998519925401,1.6779995348770171,1.2900018191430718,0.652999005978927,10.006999218603596,0,0
1122,object,22572.637810324,3.316999936942011,10.297000699210912,3.911001840606332,3.32999843521975,1.219999830937013,22.075000742916018,0,0
1123,object,22572.682975394,2.901000698329881,7.349000952672213,3.196997568011284,2.1260020730551332,1.410997356288135,16.983998648356646,0,0
1124,object,22572.727643974,2.091997885145247,4.941000952385366,1.3739991118200123,1.0680014383979142,0.5809997674077749,10.055999155156314,0,0
1125,object,22572.772825528,3.1389972718898207,6.909001967869699,2.4719993234612048,1.9469989638309926,0.9950017556548119,15.461999282706529,0,0
1126,object,22572.81783938,3.3520009310450405,7.055998139549047,2.173001121263951,2.353997842874378,0.9730028978083283,15.908000932540745,0,0
1127,object,22572.86270845,2.025000867433846,4.982997779734433,1.8749997252598405,1.6049998521339148,0.8620008884463459,11.34999911300838,0,0
1128,object,22572.907922722,3.282999387010932,10.316001862520352,3.598001057980582,3.3420001273043454,1.5909972717054188,22.12999970652163,0,0
1129,object,22572.952858853,2.496999513823539,10.7749983726535,6.033002136973664,2.001997927436605,0.7840026228222996,22.091000573709607,0,0
1130,object,22572.99775275,2.2519998310599476,6.332000339170918,2.6950001483783126,1.9659964891616255,0.9940013114828616,14.238998119253665,0,0
1131,object,22573.042796455,2.6810012059286237,7.148999429773539,2.74099875241518,2.296001184731722,1.1299998732283711,15.997000446077436,0,0
1132,object,22573.087572896,1.3949975254945457,3.283999831182882,1.1840020306408405,1.0279982234351337,0.43199906940571964,7.322996680159122,0,0
1133,object,22573.13277937,3.1710005714558065,7.227998139569536,2.615000994410366,2.1359992388170213,1.0069998097606003,16.15699875401333,0,0
1134,object,22573.177825596,2.844997652573511,6.342001142911613,2.535998646635562,2.0900006347801536,1.067000994225964,14.879999071126804,0,0
1135,object,22573.222636399,2.0989973563700914,4.212000931147486,1.186999725177884,1.3560020306613296,0.5889996828045696,9.44299972616136,0,0
1136,object,22573.267808696,2.954999217763543,6.934998964425176,2.554999809945002,1.9710023480001837,1.1019983503501862,15.517998690484092,0,0
1137,object,22573.312781031,2.531000063754618,6.58100179862231,2.387998392805457,2.140001015504822,0.9590003173798323,14.59900158806704,0,0
1138,object,22573.35763974,1.75300010596402,2.8329995984677225,1.2000018614344299,0.8219976734835654,0.3580025804694742,6.966001819819212,0,0
1139,object,22573.402973267,3.9059996197465807,10.97400308935903,3.9059996197465807,3.140998160233721,1.3890021364204586,23.31600262550637,0,0
1140,object,22573.447850934,3.067998477490619,8.102000720100477,4.0619997889734805,3.3950018405448645,1.086998963728547,19.71399979083799,0,0
1141,object,22573.492593262,1.844000507844612,3.8899997889529914,1.2970012903679162,0.9850009519141167,0.43299951357766986,8.449002052657306,0,0
1142,object,22573.537930987,2.439999661874026,7.323000318137929,2.369000867474824,2.143999154213816,1.0069998097606003,15.282999811461195,0,0
1143,object,22573.582787368,2.5480003387201577,6.575999577762559,3.139000909868628,2.277000021422282,1.1299998732283711,15.670000721001998,0,0
1144,object,22573.627605471,1.405998773407191,3.1939998734742403,1.1040028766728938,0.9010000212583691,0.33299875212833285,6.938000296941027,0,0
1145,object,22573.672795233,3.1669987947680056,7.229002221720293,2.535998646635562,2.016000507865101,0.9979994501918554,15.945999621180817,0,0
1146,object,22573.717764855,2.7520000003278255,6.3970001065172255,2.7560017770156264,2.5890003598760813,0.9510004019830376,15.445002645719796,0,0
1147,object,22573.762622505,1.7319980543106794,3.697001375257969,1.1299998732283711,0.8019997039809823,0.447998900199309,7.808997906977311,0,0
1148,object,22573.807795435,2.6669986255001277,6.426002073567361,2.4759974621701986,2.245000359835103,0.9620016498956829,14.776000170968473,0,0
1149,object,22573.852761376,2.75799902738072,6.56100019114092,2.1220002963673323,1.9459985196590424,1.0399999155197293,14.426997950067744,0,0
1150,object,22573.897622649,1.7099991964641958,3.187000402249396,1.0119983926415443,0.8610004442743957,0.4159992386121303,7.185997674241662,0,0
1151,object,22573.942906125,2.815999323502183,7.105998520273715,2.845001290552318,2.1839987311977893,1.00599936558865,15.956997231114656,0,0
1152,object,22573.987848692,2.8530012059491128,6.381000275723636,3.011999069713056,2.4709988792892545,1.0550029401201755,15.772002370795235,0,0
1153,object,22574.032625483,1.5690020518377423,3.645996912382543,1.1170013749506325,0.8169990906026214,0.4300018190406263,7.579001248814166,0,0
1154,object,22574.077747076,2.972999936901033,6.148999091237783,2.595999831100926,2.526001480873674,0.9119976311922073,15.155997971305624,0,0
1155,object,22574.123282402,2.8100002964492887,7.773000106681138,3.0810006137471646,2.2029998945072293,1.1019983503501862,16.968999261735007,0,0
1156,object,22574.167739121,1.8700011423788965,4.204001015750691,1.6929989214986563,1.1129995982628316,0.6330010364763439,9.51300171436742,0,0
1157,object,22574.212844663,3.248998837079853,7.913000445114449,2.9889997676946223,2.2370004444383085,1.2880009307991713,17.676000425126404,0,0
1158,object,22574.257842479,3.311000909889117,7.128997822292149,3.0890005291439593,2.119999408023432,1.0639996617101133,16.71299833105877,0,0
1159,object,22574.302668532,2.002001565415412,4.169000021647662,1.3459975889418274,1.5559999155811965,0.8620008884463459,9.934999980032444,0,0
1160,object,22574.347876028,3.3229989639949054,7.489001291105524,2.773998858174309,2.820001100189984,1.0619987733662128,17.467998986830935,0,0
1161,object,22574.392804282,3.131000994471833,7.11299799149856,2.5480003387201577,2.3600005079060793,1.148000592365861,16.30000042496249,0,0
1162,object,22574.437696847,1.7570018826518208,2.7290006983093917,1.5789992175996304,0.9510004019830376,0.41000021155923605,7.4260024121031165,0,0
1163,object,22574.482806965,2.8319991542957723,6.58000135445036,2.477998350514099,2.1840023691765964,0.9779978427104652,15.051999071147293,0,0
1164,object,22574.527968567,3.207002009730786,10.593998013064265,4.207999154459685,3.140001354040578,1.0219991963822395,22.170999727677554,0,0
1165,object,22574.572620204,1.4280012692324817,3.917000867659226,1.224998413817957,1.1650008673314005,0.4879984771832824,8.222999895224348,0,0
1166,object,22574.617772873,3.2569987524766475,6.2680010159965605,2.5219997041858733,2.3600005079060793,1.0570001904852688,15.46400017105043,0,0
1167,object,22574.662778174,3.1750023481436074,6.538997695315629,2.378001227043569,2.4709988792892545,1.1250012903474271,15.688001440139487,0,0
1168,object,22574.707595828,1.7540005501359701,2.749999111983925,0.9399991540703923,0.6410009518731385,0.4989997250959277,6.583999493159354,0,0
1169,object,22574.752911997,3.363002178957686,8.224000339396298,3.010998625541106,2.087999746436253,0.7990020094439387,17.48500289977528,0,0
1170,object,22574.797824248,3.349003236507997,7.3359988164156675,3.1759991543367505,2.0939987734891474,1.3640019460581243,17.319001926807687,0,0
1171,object,22574.842654688,1.796001015463844,4.711000656243414,1.6519989003427327,1.12499765236862,0.5710026016458869,9.855000826064497,0,0
1172,object,22574.887919531,3.0480005079880357,7.511000148952007,3.0009978218004107,2.316002792213112,1.571999746374786,17.44800101732835,0,0
1173,object,22574.932915395,3.122000634903088,7.204002031357959,2.8909998945891857,1.896998583106324,1.0600015230011195,16.174002666957676,0,0
1174,object,22574.977586844,1.9180006347596645,3.359997208463028,1.1379997886251658,0.9800023690331727,0.45900014811195433,7.8550001489929855,0,0
1175,object,22575.022794407,2.8479989850893617,7.551003363914788,2.8079994081053883,2.1329979063011706,1.0080002539325505,16.34799991734326,0,0
1176,object,22575.067838124,2.8700014809146523,7.4409981607459486,2.91600008495152,2.149001375073567,1.2979980965610594,16.673999198246747,0,0
1177,object,22575.112906996,6.548998499056324,11.716001608874649,2.830998710123822,3.062999894609675,1.0969997674692422,25.255998480133712,0,0
1178,object,22575.157823188,3.1659983505960554,6.9830020947847515,3.0719966161996126,2.3660031729377806,1.1949996405746788,16.78199987509288,0,0
1179,object,22575.202800711,2.9940019885543734,6.742000550730154,2.9229995561763644,2.172000677092001,1.000997144728899,15.831999917281792,0,0
1180,object,22575.247713894,1.5339974197559059,3.7480022001545876,1.1800002539530396,1.2879972928203642,0.48700167099013925,8.236998837674037,0,0
1181,object,22575.292803258,2.8270005714148283,7.038001058390364,2.5619992811698467,2.1369996829889715,1.0570001904852688,15.62100078444928,0,0
1182,object,22575.337804959,2.8290014597587287,7.570997695438564,2.9910006560385227,2.3860011424403638,1.028998667607084,16.805999621283263,0,0
1183,object,22575.382590729,1.5069999790284783,3.634999302448705,1.209999027196318,1.0210023901890963,0.5589972715824842,7.931997970445082,0,0
1184,object,22575.427776116,2.706998202484101,6.749000021954998,2.65800190391019,2.139000571332872,1.3709977793041617,15.623998478986323,0,0
1185,object,22575.472713441,2.472002961440012,5.6109965953510255,2.415003109490499,1.8149985407944769,0.8429997251369059,13.156000932212919,0,0
1186,object,22575.517812974,3.0129995138850063,7.645998266525567,2.8670001483988017,2.18800050788559,1.57699832925573,17.290996765950695,0,0
1187,object,22575.562801294,2.6660018193069845,6.475998816313222,2.5289991754107177,2.1090017980895936,1.0939984349533916,14.87400004407391,0,0
1188,object,22575.607813675,2.8840004233643413,7.275000825757161,2.595999831100926,1.9979997887276113,1.038999471347779,15.792000340297818,0,0
1189,object,22575.652886102,2.4949986254796386,5.775000317953527,1.9649996829684824,1.6259982658084482,0.6770023901481181,12.537999282358214,0,0
1190,object,22575.697812916,2.72199758910574,7.057002221699804,3.0769988370593637,2.1230007405392826,1.3520002539735287,16.33099964237772,0,0
1191,object,22575.742667367,1.800999598344788,4.399997123982757,1.8360005924478173,1.2790005712304264,0.6219997885636985,9.937997674569488,0,0
1192,object,22575.787788583,3.2280004234053195,6.432001100620255,2.5980007194448262,2.3040011001285166,1.0320000001229346,15.594003343721852,0,0
1193,object,22575.832803549,2.615997800603509,12.914999388158321,2.507000317564234,2.4220025807153434,0.9830000635702163,21.443000150611624,0,0
1194,object,22575.877579423,1.4569995983038098,3.468001523287967,1.0000003385357559,0.857999111758545,0.5629990482702851,7.345999620156363,0,0
1195,object,22575.922798756,3.149998519802466,6.471000233432278,2.4280016077682376,2.28699718718417,0.9270006557926536,15.262998203979805,0,0
1196,object,22575.967766823,2.7989990485366434,7.249000191222876,2.6609995984472334,2.2140011424198747,1.2560012692119926,16.17900124983862,0,0
1197,object,22576.012841915,2.8980030037928373,8.784998499322683,3.0330011213663965,2.109998604282737,0.7499984349124134,17.575999663677067,0,0
1198,object,22576.057616594,1.8989994714502245,3.5320008464623243,0.990999978967011,0.7829985406715423,0.41900057112798095,7.623999408679083,0,0
1199,object,22576.102737807,2.3659995349589735,6.831000064266846,2.8430004022084177,2.130000211764127,0.9380019037052989,15.108002116903663,0,0
1200,object,22576.147602022,1.6970006981864572,3.402998117962852,1.124000846175477,0.8999995770864189,0.9220020729117095,8.046001312322915,0,0
1201,object,22576.192743237,2.1460000425577164,6.760001269867644,6.670998118352145,2.2660024114884436,0.9629984560888261,18.806000298354775,0,0
1202,object,22576.238165542,4.167999577475712,9.126000804826617,3.1099989428184927,2.896002115448937,1.4459983503911644,20.745999790960923,0,0
1203,object,22576.282708768,1.4229990483727306,3.4279983083251864,1.3620010577142239,0.9229988791048527,0.4130015440750867,7.54899883759208,0,0
1204,object,22576.327922665,4.23600067733787,12.59799682884477,5.4820011428091675,4.440000338945538,1.6049998521339148,28.36099884007126,0,0
1205,object,22576.372780604,2.8949980332981795,6.728001608280465,2.511998900445178,1.9639992387965322,1.001000782707706,15.099998563528061,0,0
1206,object,22576.417704595,2.339002094231546,4.535999323707074,1.6129997675307095,1.2460004654712975,0.5869987944606692,10.321000445401296,0,0
1207,object,22576.462678068,2.049997419817373,5.005000275559723,1.7830025171861053,1.3219978427514434,0.7260023267008364,10.886000382015482,0,0
1208,object,22576.507716132,2.6810012059286237,7.508999260608107,2.835000486811623,2.605996996862814,1.02400008472614,16.654998034937307,0,0
1209,object,22576.552651557,1.848999090725556,3.4479999158065766,1.0929979907814413,0.7460002962034196,0.5399997462518513,7.675997039768845,0,0
1210,object,22576.598345627,1.257998519577086,4.780002200277522,1.9529979908838868,1.6680023691151291,0.7879971235524863,10.44699820340611,0,0
1211,object,22576.642878054,2.748998667811975,12.248001439729705,2.586999471532181,2.1810010366607457,1.057996996678412,20.82299761241302,0,0
1212,object,22576.687661381,1.6129997675307095,4.3959989852737635,1.844000507844612,0.9830000635702163,0.4659996193367988,9.3019989435561,0,0
1213,object,22576.732644295,1.6570011212024838,5.436999344965443,2.1749983716290444,1.8930004443973303,0.8089991752058268,11.970998457400128,0,0
1214,object,22576.777765504,2.844000846380368,7.140999514376745,3.244000254198909,1.9769977370742708,1.2460004654712975,16.45199881750159,0,0
1215,object,22576.822663582,1.9450017134658992,4.063000233145431,1.1179981811437756,0.9140021575149149,0.5999972927384079,8.639999578008428,0,0
1216,object,22576.867657625,1.8030004866886884,5.932000931352377,2.3049979063216597,1.8669998098630458,0.8759998308960348,12.782998965121806,0,0
1217,object,22576.912856177,3.026998456334695,7.946000550873578,3.03599881590344,2.287000825162977,1.0160001693293452,17.311998817604035,0,0
1218,object,22576.957755067,2.1269988792482764,4.179000825388357,1.2999989849049598,0.8500028343405575,1.0459989425726235,9.502000466454774,0,0
1219,object,22577.00294541,3.4000004234258085,7.726997864665464,2.7030000637751073,1.9610015442594886,1.0229996405541897,16.813999536680058,0,0
1220,object,22577.047686984,1.8660030036699027,8.689999958733097,2.559998392825946,1.8639984773471951,0.853000528877601,15.833000361453742,0,0
1221,object,22577.092642163,2.495999069651589,5.334000888979062,1.7650017980486155,1.5549994714092463,0.5399997462518513,11.690000974340364,0,0
1222,object,22577.137806032,3.3850010368041694,6.523001502500847,2.2319982235785574,1.9799990695901215,0.9130017133429646,15.03300154581666,0,0
1223,object,22577.182840146,2.2429994714912027,6.786998710595071,2.4000000848900527,2.1129999367985874,1.0229996405541897,14.565997844329104,0,0
1224,object,22577.227692338,1.3949975254945457,3.6390010791365057,1.0680014383979142,1.0909971024375409,0.4610010364558548,7.653998181922361,0,0
1225,object,22577.272905102,2.8659997042268515,7.030001142993569,2.6339985197409987,2.163000317523256,1.191001501865685,15.88400118635036,0,0
1226,object,22577.317758331,2.6980014808941633,6.08999835094437,2.191001840401441,2.1679989004042,0.9739997040014714,14.121000276645645,0,0
1227,object,22577.362603446,1.7749989638105035,2.836000930983573,1.2130003597121686,0.7679991540499032,0.3400018613319844,6.932001269888133,0,0
1228,object,22577.407602019,1.4969991752877831,5.056001100456342,1.8940008885692805,1.9219987734686583,0.6820009730290622,11.051000910811126,0,0
1229,object,22577.452802182,2.840999513864517,7.184000423876569,2.6130001060664654,2.2229978640098125,1.177002559415996,16.03800046723336,0,0
1230,object,22577.497612153,2.105996827594936,3.159002517350018,1.5269979485310614,0.8669994713272899,0.486001226818189,8.144997991621494,0,0
1231,object,22577.54367098,1.486998371547088,5.178000719752163,2.120999852195382,1.7220008885487914,0.8059978426899761,11.3139976747334,0,0
1232,object,22577.587911015,2.9809998522978276,7.1069989644456655,2.5560002541169524,2.655000571394339,1.1599986464716494,16.458998288726434,0,0
1233,object,22577.632599674,1.5320001693908125,3.2469979487359524,1.1830015864688903,0.990999978967011,0.8440001693088561,7.796999852871522,0,0
1234,object,22577.677789959,3.483997716102749,7.441001798724756,3.059998562093824,2.243999915663153,1.5699988580308855,17.798996850615367,0,0
1235,object,22577.722816776,2.7319983928464353,7.108999852789566,2.4510009097866714,2.0510015019681305,1.0019975889008492,15.344998246291652,0,0
1236,object,22577.767718183,2.0890001906082034,3.6329984141048044,1.2410018825903535,0.9239993232768029,0.8179995347745717,8.704999345354736,0,0
1237,object,22577.812679704,2.082000719383359,5.8539990277495235,2.2080021153669804,2.1189989638514817,0.8179995347745717,13.081000361125916,0,0
1238,object,22577.85762613,1.45800004247576,5.622998287435621,2.1470004867296666,1.8880018615163863,0.8159986464306712,11.931999324588105,0,0
1239,object,22577.902947945,3.001001459779218,10.32699947245419,5.284000508254394,1.7619968275539577,0.605003151576966,20.979001419618726,0,0
1240,object,22577.947701213,1.5369987522717565,3.6759993236046284,1.1550000635907054,1.315002009505406,0.4379980964586139,8.12099824543111,0,0
1241,object,22577.992803422,2.905999281210825,6.943002517800778,2.568998752394691,2.071999915642664,1.1090014595538378,15.599001926602796,0,0
1242,object,22578.037499925,1.0349976946599782,2.582000888651237,0.9110008249990642,0.8379975042771548,0.36500205169431865,5.730998964281753,0,0
1243,object,22578.082928596,2.6890011213254184,7.637001544935629,3.049997758353129,2.7790010790340602,1.0590010788291693,17.214002582477406,0,0
1244,object,22578.127774427,2.6759989850688726,6.452999514294788,2.36400228459388,2.3659995349589735,1.0139992809854448,14.87299959990196,0,0
1245,object,22578.172525618,1.377000444335863,2.8659997042268515,1.0730000212788582,0.7880007615312934,0.4129979060962796,6.516998837469146,0,0
1246,object,22578.218810817,0.9599971235729754,4.171000909991562,0.9710020094644278,0.9249997674487531,0.42399915400892496,7.450998964486644,0,0
1247,object,22578.262693698,1.8379978428129107,5.404999683378264,1.5870027709752321,1.2849995982833207,0.7079979695845395,10.822997865034267,0,0
1248,object,22578.307743992,2.6609995984472334,5.783000233350322,2.4569999368395656,1.7639977158978581,0.9739997040014714,13.63899718853645,0,0
1249,object,22578.352762343,2.439999661874026,6.094996933825314,2.372002199990675,2.1619998733513057,1.128999429056421,14.197998098097742,0,0
1250,object,22578.397608658,1.5039986465126276,5.423000402515754,2.0280021999496967,1.8929968064185232,0.800002453615889,11.64800050901249,0,0
1251,object,22578.44257635,1.8229984561912715,3.8390026020351797,1.1709998943842947,0.8619972504675388,0.4160028765909374,8.111001079669222,0,0
1252,object,22578.487870837,3.049997758353129,6.867001502541825,2.710999979171902,2.0119987311773,1.0320000001229346,15.671997971367091,0,0
1253,object,22578.532541149,1.353997504338622,3.6820019886363298,1.067997800419107,1.305001205764711,0.443000317318365,7.851998816477135,0,0
1254,object,22578.577780777,3.35000004270114,7.107999408617616,2.573000529082492,2.4000000848900527,0.9700015652924776,16.401001630583778,0,0
1255,object,22578.62272322,2.4319997464772314,5.686000804416835,3.043998731300235,1.89200000022538,0.9659997886046767,14.019999071024358,0,0
1256,object,22578.667664735,1.720000000204891,3.5470002330839634,1.4590004866477102,1.5320001693908125,0.4260000423528254,8.684000931680202,0,0
1257,object,22578.712724209,2.815999323502183,6.102000043028966,1.8170030671171844,1.5749974409118295,1.1320007615722716,13.442000636132434,0,0
1258,object,22578.757699483,2.0569968910422176,7.528000423917547,7.90100239100866,2.2999993234407157,0.957999873207882,20.743998902617022,0,0
1259,object,22578.802903911,2.9900002118665725,5.457000952446833,1.9179969967808574,0.9460018191020936,0.8079987310338765,12.118998711230233,0,0
1260,object,22578.847670325,2.109998604282737,4.759000148624182,1.6089979908429086,1.424999936716631,0.6520021997857839,10.554998880252242,0,0
1261,object,22578.892767339,2.469001628924161,6.213998858584091,2.3710017558187246,2.081997081404552,0.9110008249990642,14.047000149730593,0,0
1262,object,22578.937566114,1.3169992598704994,2.91600008495152,1.348002115264535,0.8069982868619263,0.4440007614903152,6.832000508438796,0,0
1263,object,22578.982773833,3.7179997889325023,8.777002221904695,3.1429990485776216,2.6529996830504388,1.1449992598500103,19.436000002315268,0,0
1264,object,22579.027650342,1.525000698165968,5.404999683378264,2.224998752353713,1.7370002751704305,0.7970011211000383,11.689000530168414,0,0
1265,object,22579.072674557,1.6449994291178882,4.364002961665392,1.7749989638105035,1.4609977370128036,0.6700029189232737,9.91500201052986,0,0
1266,object,22579.117745755,2.6509987947065383,5.759000487159938,2.2310014173854142,1.7599995771888644,0.9399991540703923,13.340999430511147,0,0
1267,object,22579.162919073,3.053002728847787,7.450998964486644,2.929999027401209,2.201999450335279,1.0700023267418146,16.706002497812733,0,0
1268,object,22579.207565045,1.8450009520165622,3.2700008887331933,1.0900002962443978,1.2469972716644406,0.486001226818189,7.938000635476783,0,0
1269,object,22579.252832858,3.364999429322779,7.996997737791389,2.7140013116877526,2.1890009520575404,1.0420008038636297,17.30700023472309,0,0
1270,object,22579.297667023,2.1080013539176434,4.4480002543423325,1.6359990695491433,1.2450000212993473,0.6510017556138337,10.0880024547223,0,0
1271,object,22579.342583647,1.2239979696460068,3.2269999792333692,1.0250005288980901,0.7900016498751938,0.467000063508749,6.733000191161409,0,0
1272,object,22579.387727247,2.8649992600549012,7.947997801238671,3.1039999157655984,2.701999619603157,1.49600236909464,18.114998965756968,0,0
1273,object,22579.432952155,3.372999344719574,9.936000424204394,3.9370024751406163,2.800999936880544,1.5999976312741637,21.646999812219292,0,0
1274,object,22579.477597768,1.7310012481175363,3.0909977795090526,1.329000951955095,0.9760005923453718,0.4120010999031365,7.539001671830192,0,0
1275,object,22579.522663407,2.2650019673164934,5.542999133467674,2.4330001906491816,1.8909995560534298,0.910000380827114,13.042001228313893,0,0
1276,object,22579.567781129,2.744000084931031,6.760998076060787,2.491000486770645,2.421002136543393,0.9569994290359318,15.374000213341787,0,0
1277,object,22579.612623681,1.57699832925573,3.7760000850539654,1.4370016288012266,0.8049973985180259,0.30600131140090525,7.900998753029853,0,0
1278,object,22579.65777214,2.7179994503967464,6.5730018832255155,2.574000973254442,1.934997271746397,0.934000127017498,14.7339997056406,0,0
1279,object,22579.702729403,2.564000169513747,6.0349993873387575,2.0849984139204025,0.9079994924832135,0.700001692166552,12.291999155422673,0,0
1280,object,22579.747615948,1.9170001905877143,3.38700192514807,1.1310003174003214,0.7419985195156187,0.42399915400892496,7.601000106660649,0,0
1281,object,22579.792785234,2.46399940806441,6.992002454353496,2.7889982447959483,2.0170009520370513,1.2669988791458309,15.528999938396737,0,0
1282,object,22579.837674368,2.143002348020673,6.873000529594719,2.5339977582916617,2.0190018403809518,1.4309989637695253,15.000001440057531,0,0
1283,object,22579.882599232,2.710999979171902,3.612000000430271,1.200998667627573,0.9139985195361078,0.7630005711689591,9.200997737934813,0,0
1284,object,22579.927698179,2.1930027287453413,4.860998160438612,1.7120000848080963,1.7519996617920697,0.6789996405132115,11.19700027629733,0,0
1285,object,22579.972671067,1.3569988368544728,5.613001121673733,1.8829996406566352,1.8540013115853071,0.7700000423938036,11.477000953163952,0,0
1286,object,22580.017709621,1.824999344535172,5.1770002755802125,1.5570003597531468,1.6320009308401495,0.8930001058615744,11.084001016570255,0,0
1287,object,22580.062819505,2.7659989427775145,6.279999070102349,2.5270019250456244,2.30699879466556,0.990999978967011,14.870998711558059,0,0
1288,object,22580.107688035,2.7429996407590806,7.462000212399289,2.6140005502384156,2.5949993869289756,1.4469987945631146,16.860998584888875,0,0
1289,object,22580.152622882,2.0949992176610976,3.6230012483429164,1.2860000424552709,0.7889975677244365,0.36400160752236843,8.15699968370609,0,0
1290,object,22580.197733259,2.390999725321308,6.451999070122838,2.477001544320956,2.1509986254386604,1.0809999366756529,14.551998901879415,0,0
1291,object,22580.242826059,3.2950010790955275,6.5589993027970195,2.6800007617566735,2.2419990273192525,1.0350013326387852,15.811001503607258,0,0
1292,object,22580.28752366,0.8999995770864189,2.688000677153468,0.9069990483112633,0.5929978215135634,0.3630011633504182,5.450998287415132,0,0
1293,object,22580.332895701,3.097997250733897,7.766000635456294,2.6420020731166005,2.3039974621497095,1.2540003808680922,17.063997802324593,0,0
1294,object,22580.377755169,2.7610003598965704,6.490998202934861,2.7410023903939873,2.363998646615073,1.0619987733662128,15.418998373206705,0,0
1295,object,22580.422506334,1.0469993867445737,2.7329988370183855,0.9520008461549878,0.7800008461344987,0.39199949242174625,5.903999408474192,0,0
1296,object,22580.467893056,3.088000084972009,6.8179979280103,2.712000423343852,2.167002094211057,1.3589997251983732,16.14400025573559,0,0
1297,object,22580.512780695,3.2530006137676537,6.913000106578693,2.450000465614721,2.3569991753902286,1.0660005500540137,16.03900091140531,0,0
1298,object,22580.557900426,4.146000719629228,10.683997970772907,3.0330011213663965,2.3120010155253112,0.733998604118824,20.908999431412667,0,0
1299,object,22580.602615843,0.8800016075838357,4.024997906526551,1.3280005077831447,1.2320015230216086,0.49200025387108326,7.957001798786223,0,0
1300,object,22580.648018445,4.251000063959509,12.54699964192696,3.7760000850539654,3.121000190731138,1.2479977158363909,24.942997697507963,0,0
1301,object,22580.692754932,2.5930021365638822,7.175000064307824,2.8699978429358453,1.868000254034996,1.2400014384184033,15.74600173626095,0,0
1302,object,22580.737664186,2.1190026018302888,6.619997293455526,2.445001882733777,1.9719991541933268,0.8450006134808064,14.001001545693725,0,0
1303,object,22580.782765367,1.9149993022438139,6.417001713998616,2.264001523144543,2.0309998944867402,0.6609989213757217,13.288001355249435,0,0
1304,object,22580.827642538,1.6800004232209176,4.555000487016514,1.6710000636521727,1.4159995771478862,0.9510004019830376,10.273000953020528,0,0
1305,object,22580.872785842,2.3989996407181025,6.646001565968618,2.30699879466556,1.9270009943284094,0.9889990906231105,14.2680000863038,0,0
1306,object,22580.917783038,2.7940004656556994,6.692000170005485,2.749999111983925,2.152999513782561,0.9989998943638057,15.387999155791476,0,0
1307,object,22580.962543879,1.4970028132665902,2.9509974410757422,1.047999830916524,1.2640011846087873,0.3579989424906671,7.118000212358311,0,0
1308,object,22581.00770546,2.2610001906286925,6.027999916113913,2.7139976737089455,1.9079998310189694,0.9880022844299674,13.898999895900488,0,0
1309,object,22581.052757528,2.667999069672078,7.562000973848626,3.0129995138850063,1.9370017980691046,1.2659984349738806,16.445999790448695,0,0
1310,object,22581.09770027,1.8270002328790724,4.823003109777346,1.9809995137620717,1.5799996617715806,1.1369993444532156,11.348001862643287,0,0
1311,object,22581.142804197,2.4600012693554163,6.694001058349386,2.4369983293581754,1.8099999579135329,0.9940013114828616,14.395001926459372,0,0
1312,object,22581.187609629,1.8520004232414067,4.270998033462092,1.686003088252619,1.0759977158159018,0.6180016498547047,9.503000910626724,0,0
1313,object,22581.232588726,1.3659991964232177,4.707999323727563,1.8270002328790724,1.619999238755554,0.7800008461344987,10.300998837919906,0,0
1314,object,22581.27772103,2.87899820250459,6.612001016037539,2.459000825183466,1.9519975467119366,0.972002453636378,14.87400004407391,0,0
1315,object,22581.32279667,2.425000275252387,6.169000698719174,2.821998350555077,2.0120023691561073,0.9369978215545416,14.364999515237287,0,0
1316,object,22581.367577443,1.71599822351709,3.6130004446022213,1.3499993656296283,1.1030024325009435,0.5249967216514051,8.306997187901288,0,0
1317,object,22581.41260874,1.4479992387350649,3.634999302448705,1.1330012057442218,1.2599994079209864,0.4850007826462388,7.960999937495217,0,0
1318,object,22581.457639394,1.3979988580103964,4.059002094436437,1.5409968909807503,1.415002770954743,0.47399953473359346,8.88700014911592,0,0
1319,object,22581.502751539,2.320000930922106,7.552000170107931,2.7620008040685207,1.8909995560534298,0.8349998097401112,15.360001270892099,0,0
1320,object,22581.547803592,2.868000592570752,7.956001354614273,2.857999788830057,2.5800000003073364,1.1560005077626556,17.418002244085073,0,0
1321,object,22581.592520002,1.038999471347779,3.593002475099638,1.1970005289185792,1.672997314017266,0.4840003384742886,7.986000127857551,0,0
1322,object,22581.637767765,2.4099972506519407,5.522000719793141,2.474000211805105,1.9520011846907437,0.895997800398618,13.253997167339548,0,0
1323,object,22581.682778991,2.902001142501831,6.483998731710017,2.574000973254442,2.087999746436253,0.8850001904647797,14.933000784367323,0,0
1324,object,22581.72773637,2.6099987735506147,5.722999048884958,2.333999873371795,1.586002326803282,1.3119970390107483,13.564997061621398,0,0
1325,object,22581.772550368,1.1640004231594503,3.4810000215657055,1.4069992175791413,1.100997906178236,0.6170012056827545,7.769998774165288,0,0
1326,object,22581.81779699,2.6369998522568494,7.181999535532668,2.6180023269262165,2.0000006770715117,0.9840005077421665,15.421002899529412,0,0
1327,object,22581.862791353,2.4319997464772314,5.8539990277495235,2.196000423282385,1.9370017980691046,0.6499976734630764,13.06899866904132,0,0
1328,object,22581.907740119,2.2940002963878214,4.8340007197111845,1.6359990695491433,1.43899887916632,0.7320013537537307,10.9350003185682,0,0
1329,object,22581.952634661,1.7470010789111257,5.140998837305233,1.33900175569579,1.2569980754051358,0.9270006557926536,10.411000403109938,0,0
1330,object,22581.997609499,1.772998075466603,3.731998731382191,1.034000888466835,0.7320013537537307,0.4889989213552326,7.7599979704245925,0,0
1331,object,22582.015846329,0.672000169288367,1.9610015442594886,1.2969976523891091,45.10200233198702,0.4169996827840805,49.44900138070807,1,1
1332,object,22582.042130251,68.11799903516658,171.40700219897553,62.78000000747852,4.729998181574047,0.5299989425111562,307.56499836570583,1,1
1333,object,22582.071963482,137.35999891650863,295.8449986181222,104.14999997010455,7.809001544956118,0.9859977581072599,546.1499968077987,1,1
1334,object,22582.098026877,126.4730017283,373.92299782368354,158.7449987709988,9.534000128041953,1.1470001481939107,669.8219985992182,1,1
1335,object,22582.122161563,106.59800318535417,290.0219988077879,128.38099792134017,7.479000487364829,1.034000888466835,533.5140012903139,1,1
1336,object,22582.146058903,59.61599890724756,140.78800086281262,53.52800144464709,3.835000825347379,0.4079993232153356,258.17500136327,1,1
1337,object,22582.172212641,64.75400005001575,175.89700291864574,69.97199670877308,4.995003109797835,0.714997440809384,316.3330002280418,1,1
1338,object,22582.201320979,107.00300117605366,251.31399888778105,102.23200297332369,6.785998266423121,1.14399881567806,468.4790001192596,1,1
1339,object,22582.229493224,81.98800060199574,253.71499941684306,100.4900004772935,7.5360003393143415,0.8479983080178499,444.5769991434645,1,1
1340,object,22582.255605358,119.56099842791446,272.5039994402323,84.86200022161938,4.592999175656587,0.700001692166552,482.21999895758927,1,1
1341,object,22582.280140494,122.64700126252137,500.20199705613777,198.41600078507327,12.190001143608242,1.5929981600493193,835.04799840739,1,1
1342,object,22582.305175592,54.356001783162355,120.83500041626394,40.72899901075289,3.0670016712974757,0.3629975253716111,219.35000040684827,1,1
1343,object,22582.331721767,78.67100066505373,253.44999812659808,106.47200178937055,6.848997145425528,1.1940028343815356,446.6360005608294,1,1
1344,object,22582.361454256,76.37200178578496,233.48800095845945,101.4219997159671,6.7399996623862535,0.8639981388114393,418.8860002614092,1,1
1345,object,22582.389104161,79.90299855009653,221.9359994342085,93.07200161856599,6.392998329829425,0.7550006557721645,402.0589985884726,1,1
1346,object,22582.413922049,50.635000661714,133.7020003120415,33.176998840644956,2.7030000637751073,0.3249988367315382,220.5419987149071,1,1
1347,object,22582.440504159,87.03300045453943,231.23299979488365,82.41600153269246,5.733996658818796,0.8380011422559619,407.2539995831903,1,1
1348,object,22582.465769441,72.8819977666717,257.42700017872266,96.91100058262236,6.370999471982941,0.9010000212583691,434.49199802125804,1,1
1349,object,22582.49133179,88.7179994606413,342.8920026635751,164.8679972277023,7.667000318178907,0.9390023478772491,605.0840020179749,1,1
1350,object,22582.51768534,89.88699846668169,280.08700246573426,109.86799679812975,6.9640009314753115,0.9010000212583691,487.7069986832794,1,1
1351,object,22582.545518313,50.94000152894296,123.14799823798239,42.30999911669642,3.1769995985087007,0.35600169212557375,219.93100017425604,1,1
1352,object,22582.572713259,111.63700037286617,329.2979999969248,154.9179978610482,8.850001904647797,1.2470009096432477,605.9500010451302,1,1
1353,object,22582.599616336,101.53900075238198,337.83799881348386,177.6530007191468,10.060000931844115,1.414999132975936,628.5050003498327,1,1
1354,object,22582.62941095,101.20699880644679,322.76899946737103,193.19900093250908,9.90899934549816,1.4219986042007804,628.5059971560258,1,1
1355,object,22582.654561917,55.953001719899476,141.88199929776601,62.29499922483228,9.981999028241262,0.667001586407423,270.77900085714646,1,1
1356,object,22582.680785604,37.03499896801077,95.43300257064402,32.152998755918816,2.296001184731722,0.35199991543777287,167.2690013947431,1,1
1357,object,22582.705559457,58.549998357193545,153.37700097006746,58.70400127605535,4.521996743278578,0.538002495886758,275.6909998424817,1,1
1358,object,22582.731513455,101.99999815085903,265.95700182951987,109.21699868049473,8.998998964671046,23.01700078533031,509.189998410875,1,1
1359,object,22582.756707658,91.12599946092814,278.997998975683,106.33900092216209,7.103997631929815,0.9739997040014714,484.5409966947045,1,1
1360,object,22582.784633813,83.14300066558644,251.49599969154224,125.7799995073583,7.399998139590025,0.9140021575149149,468.7330001615919,1,1
1361,object,22582.811875036,56.19700095849112,179.79399854084477,34.09200144233182,2.414999471511692,0.47399953473359346,272.971999947913,1,1
1362,object,22582.838661874,70.78199996612966,206.29500068025663,103.90299939899705,7.570997695438564,0.800002453615889,389.3510001944378,1,1
1363,object,22582.868887221,72.67099863383919,245.55300115025602,100.08900062530302,6.936999852769077,0.8930001058615744,426.1430003680289,1,1
1364,object,22582.898831441,91.28799865720794,264.28099954500794,103.1440006045159,7.072998414514586,0.8880015229806304,466.673998744227,1,1
1365,object,22582.930099575,86.30799857201055,170.98600073950365,38.887999835424125,2.6889974833466113,0.74800118454732,299.61899781483226,1,1
1366,object,22582.960388808,33.837000955827534,99.24600090016611,33.4270007442683,2.4529981601517648,0.42300234781578183,169.3860031082295,1,1
1367,object,22582.987788888,125.37400107248686,404.14300019619986,179.3429983081296,12.07899913424626,1.291002263315022,722.2300009743776,1,1
1368,object,22583.019223172,104.93200170458294,340.27500078082085,181.59100000048056,10.097999620484188,1.5759978850837797,638.4719999914523,1,1
1369,object,22583.047485521,92.88499859394506,259.46100140572526,102.1209973259829,7.807000656612217,0.9380019037052989,463.2119998859707,1,1
1370,object,22583.072538286,65.27100049424917,145.99800124415196,39.48999801650643,4.293000529287383,0.35199991543777287,255.40400019963272,1,1
1371,object,22583.097374354,31.993997254176065,130.34800213063136,60.1739993726369,3.335000656079501,0.3569984983187169,226.20799791184254,1,1
1372,object,22583.124323515,105.71999882813543,329.9100026197266,178.4369997039903,10.15199813991785,1.558000803925097,625.7770000956953,1,1
1373,object,22583.150661721,117.93700105044991,382.00500057428144,179.134000063641,9.85699807642959,1.2860000424552709,690.2189998072572,1,1
1374,object,22583.180315476,119.77000031038187,346.65900238906033,174.81299801147543,10.550000297371298,1.2359996617306024,653.0280006700195,1,1
1375,object,22583.205085061,75.28599962824956,213.8109994120896,79.29600178613327,4.659999831346795,0.8639981388114393,373.91699879663065,1,1
1376,object,22583.231130591,44.149001041660085,137.18999980483204,55.34599767997861,3.555000148480758,0.43700129026547074,240.67699996521696,1,1
1377,object,22583.257258375,121.54499927419238,343.209998391103,173.20500046480447,9.87699968391098,1.277003320865333,649.1140011348762,1,1
1378,object,22583.284670125,139.09600238548592,379.68499964335933,175.27900126879103,9.588999091647565,1.5269979485310614,705.1760003378149,1,1
1379,object,22583.312040009,114.08099817344919,338.1470014574006,156.53299851692282,9.785999282030389,1.4739998732693493,620.0209973030724,1,1
1380,object,22583.339355546,62.1170001977589,157.13399989181198,54.29600059869699,3.8819998735561967,0.5729998520109802,278.00200041383505,1,1
1381,object,22583.364616657,49.14899909636006,143.3750003343448,55.66300023929216,4.438999894773588,0.4770008672494441,253.10300043202005,1,1
1382,object,22583.394315132,85.11399937560782,236.77299759583548,106.81300045689568,7.008999091340229,0.9360010153613985,436.6449975350406,1,1
1383,object,22583.425403534,82.53199848695658,245.4329987813253,102.68500045640394,7.093000021995977,0.890999217517674,438.63399696419947,1,1
1384,object,22583.45102854,133.01400031195953,338.6669995961711,154.42700168932788,10.02999852062203,1.0410003596916795,637.1790004777722,1,1
1385,object,22583.47768987,58.885001635644585,148.50999650661834,54.670003009960055,3.8609978219028562,0.3540008037816733,266.2799997779075,1,1
1386,object,22583.503588444,79.97300053830259,202.63599799363874,79.30500214570202,5.269997927825898,0.88600063463673,368.069999240106,1,1
1387,object,22583.531130797,101.94700007559732,381.1409987974912,169.7650004643947,10.697000107029453,1.2109994713682681,664.7609989158809,1,1
1388,object,22583.560749109,125.28200022643432,368.9229997689836,176.91799803287722,10.143001418327913,1.6189987945836037,682.8849982412066,1,1
1389,object,22583.586573629,70.51600186969154,202.30199879733846,81.8070002424065,5.9730009525083005,0.652999005978927,361.2510008679237,1,1
1390,object,22583.613807258,44.88199920160696,110.13699986506253,35.384000511839986,9.825002052821219,0.6709997251164168,200.89900135644712,1,1
1391,object,22583.640715558,70.04700091783889,156.82299999753013,74.54099977621809,6.40399957774207,0.6770023901481181,308.4920026594773,1,1
1392,object,22583.668430795,48.83199653704651,170.9730022412259,66.15999882342294,4.615001671481878,0.6859991117380559,291.2659983849153,1,1
1393,object,22583.694816981,103.46500130253844,357.74000207311474,174.46099809603766,10.593001206871122,1.0559997463133186,647.3150024248753,1,1
1394,object,22583.720337786,80.27900184970349,254.37599833821878,122.0560006913729,7.2690017987042665,0.7540002116002142,464.73400288959965,1,1
1395,object,22583.750115596,58.92899935133755,124.55300020519644,33.09099702164531,2.6650013751350343,0.3320019459351897,219.56999989924952,1,1
1396,object,22583.779673659,97.6230003288947,280.3570023388602,106.56999802449718,7.275000825757161,1.1640004231594503,492.9890019411687,1,1
1397,object,22583.810865903,95.25600034976378,284.1360001184512,102.32199929305352,7.095000910339877,0.8319984772242606,489.64099914883263,1,1
1398,object,22583.84156125,127.52499969792552,260.2880013000686,122.27800107211806,7.817998266546056,0.9180002962239087,518.8270006328821,1,1
1399,object,22583.872109542,35.223998565925285,100.51100252894685,36.525998439174145,2.453998604323715,0.3400018613319844,175.05499999970198,1,1
1400,object,22583.897921179,64.77200076915324,176.45700063440017,51.885999710066244,4.07699917559512,0.4520006768871099,297.6440009661019,1,1
1401,object,22583.924396092,71.13999890862033,191.95500135538168,75.95400165882893,5.37899904884398,0.6619993655476719,345.0900003372226,1,1
1402,object,22583.950605266,77.26400144747458,236.00799977430142,122.87099889363162,7.296999683603644,0.910000380827114,444.3500001798384,1,1
1403,object,22583.978718581,61.93500303197652,181.8609998736065,85.47399920644239,5.070000042906031,0.6730006134603173,335.01300276839174,1,1
1404,object,22584.002342507,77.30500146863051,160.75999883469194,49.250000301981345,3.4330005291849375,0.3989989636465907,291.1470000981353,1,1
1405,object,22584.028502496,81.25200110953301,252.803998591844,111.99800064787269,6.721998943248764,0.7580019882880151,453.53400128078647,1,1
1406,object,22584.054836003,106.66500020306557,348.620000295341,177.69799887901172,10.424999345559627,1.49600236909464,644.9040010920726,1,1
1407,object,22584.080452988,130.6669983023312,395.6809996452648,191.80800154572353,10.011000995291397,1.0730000212788582,729.2400005098898,1,1
1408,object,22584.108654705,89.32900163927115,284.73699785536155,111.6660023399163,8.25699680717662,0.929001544136554,494.9180001858622,1,1
1409,object,22584.13393563,34.40000000409782,105.10499851079658,33.15499998279847,2.4559994926676154,0.7170019671320915,175.83299995749258,1,1
1410,object,22584.15946734,42.428000597283244,121.52199997217394,46.006000047782436,3.0330011213663965,0.4119974619243294,213.40099920053035,1,1
1411,object,22584.185123393,96.05400191503577,254.92499844403937,102.45399971609004,7.189999450929463,0.8610004442743957,461.48399997036904,1,1
1412,object,22584.210555986,89.68900147010572,249.6089982741978,102.63900185236707,30.61199822695926,1.5610021364409477,474.1100019600708,1,1
1413,object,22584.236550047,80.46500079217367,240.22499928832985,102.03599958913401,7.118000212358311,0.9249997674487531,430.7689996494446,1,1
1414,object,22584.263145461,41.39800148550421,115.05899965413846,35.53100032149814,2.515000232961029,0.381001882487908,194.88400357658975,1,1
1415,object,22584.288521639,54.058000387158245,119.06500003533438,39.13900218321942,2.763998054433614,0.4180001269560307,215.4440007871017,1,1
1416,object,22584.316912284,121.35799988755025,264.16599939693697,104.34499927214347,14.403001841856167,0.857999111758545,505.1299995102454,1,1
1417,object,22584.342045816,86.43000182928517,235.07299920311198,103.10499783372506,6.99500014889054,0.88600063463673,432.4889996496495,1,1
1418,object,22584.367062153,82.99500041175634,238.70999939390458,72.60799975483678,6.575999577762559,0.7939997885841876,401.68299892684445,1,1
1419,object,22584.392835975,72.87200060090981,180.275001184782,45.21699884207919,3.66500171367079,0.5469992174766958,302.5760015589185,1,1
1420,object,22584.416472897,31.35999941150658,90.51300003193319,31.793002563063055,2.4699984351173043,0.3169989213347435,156.45299936295487,1,1
1421,object,22584.442109127,95.6980002229102,256.0539978730958,102.6579993776977,7.631999324075878,0.948002707445994,462.98999950522557,1,1
1422,object,22584.467281443,84.88299863529392,255.10400155326352,102.68999903928488,6.982998456805944,0.8370006980840117,450.4969983827323,1,1
1423,object,22584.492953365,115.72000221349299,260.8459981274791,120.56199921062216,7.304002792807296,0.9089999366551638,505.3410022810567,1,1
1424,object,22584.519284966,82.86899901577272,189.65300114359707,35.44699939084239,2.6989982870873064,1.4950019249226898,312.16299976222217,1,1
1425,object,22584.547366592,72.13899880298413,193.62600141903386,68.14999869675376,5.138001142768189,0.705000275047496,339.75800033658743,1,1
1426,object,22584.573096833,108.59300164156593,322.63599860016257,160.17199959605932,9.09700247575529,1.172000338556245,601.6700026520994,1,1
1427,object,22584.599741861,81.8110020190943,277.3790001810994,108.73099745367654,7.227001333376393,0.833999365568161,475.9820003528148,1,1
1428,object,22584.625512199,77.0090009609703,239.89300098037347,103.61199747421779,6.930000381544232,0.8999995770864189,428.3439993741922,1,1
1429,object,22584.650570301,60.391997976694256,172.43100228370167,69.07100032549351,4.857000021729618,0.5119982233736664,307.26299883099273,1,1
1430,object,22584.674718476,43.421001464594156,104.9150014296174,31.79499981342815,2.796998160192743,0.34999902709387243,183.27799989492632,1,1
1431,object,22584.727620181,40.904000343289226,3.5530028981156647,1.8749997252598405,6.424997991416603,0.7750022632535547,53.53200322133489,1,0
1432,object,22584.772789252,91.10099927056581,4.954999894835055,2.91700052912347,11.76299701910466,1.1120027920696884,111.84799950569868,1,0
1433,object,22584.817651824,56.90699981641956,2.6939997042063624,1.3739991118200123,7.268001354532316,0.6070004019420594,68.85000038892031,1,0
1434,object,22584.862662485,61.796999943908304,4.1479979699943215,2.4620021576993167,8.43399902805686,1.0350013326387852,77.87600043229759,1,0
1435,object,22584.907825831,93.7449985940475,4.956000339007005,3.0650007829535753,11.724001524271443,1.0139992809854448,114.50400052126497,1,0
1436,object,22584.952626493,54.805001127533615,2.6939997042063624,1.2890013749711215,6.823000148870051,0.4749999789055437,66.0860023344867,1,0
1437,object,22584.997791896,99.63300180970691,4.886998794972897,3.0650007829535753,12.775999493896961,1.1029987945221364,121.46399967605248,1,0
1438,object,22585.044425927,51.576000259956345,4.2100000428035855,2.1479972929228097,7.646001904504374,0.9190007403958589,66.49900024058297,1,0
1439,object,22585.087575165,48.03300180356018,2.2560016077477485,1.2239979696460068,6.56100019114092,0.41100065573118627,58.485002227826044,1,0
1440,object,22585.132617513,109.55399920931086,3.091998223681003,1.219999830937013,8.310002158395946,0.6139998731669039,122.78999929549173,1,0
1441,object,22585.17778952,93.79699986311607,4.879002517554909,3.0470000638160855,12.702999811153859,1.1669981176964939,115.59300037333742,1,0
1442,object,22585.222548227,44.29500040714629,2.1909982024226338,1.272001100005582,5.57300154468976,0.44099942897446454,53.77200068323873,1,0
1443,object,22585.267826948,93.48700041300617,4.944002284901217,2.734999725362286,11.873999028466642,1.020001946017146,114.06000339775346,1,0
1444,object,22585.312784648,98.1660014076624,5.063000571681187,2.91700052912347,11.129999620607123,1.119999069487676,118.39600119856186,1,0
1445,object,22585.324683011,88.17200068733655,243.5509995848406,93.52100096293725,6.324997229967266,0.724001438356936,432.2929999034386,1,1
1446,object,22585.349786056,40.070000977721065,100.32499994849786,31.882002076599747,2.401997335255146,0.362000719178468,175.0410010572523,1,1
1447,object,22585.402595275,54.6669980394654,3.888999344781041,2.06700133276172,7.99999907030724,0.9590003173798323,69.58199810469523,1,0
1448,object,22585.447868154,65.89600161532871,5.819998477818444,3.3720025385264307,9.309998858952895,0.9329996828455478,85.33100117347203,1,0
1449,object,22585.492673148,68.95099795656279,3.492001269478351,2.0170009520370513,8.349998097401112,0.7920025382190943,83.6020008136984,1,0
1450,object,22585.537779452,70.85399920470081,3.7960016925353557,2.519998815841973,9.06400236999616,0.9180002962239087,87.15200237929821,1,0
1451,object,22585.582786971,82.0379973447416,4.790003004018217,2.6479974621906877,9.819999831961468,0.9380019037052989,100.23399954661727,1,0
1452,object,22585.627671123,62.12000153027475,2.6029993023257703,1.8450009520165622,7.439000910380855,0.6230002327356488,74.63000292773359,1,0
1453,object,22585.672843564,111.64899842697196,6.5210006141569465,4.047000402351841,15.74400084791705,1.8930004443973303,139.85400073579513,1,0
1454,object,22585.717552374,37.96500095631927,1.805998181225732,0.8499991963617504,4.4150001485832036,0.2900014806073159,45.325999963097274,1,0
1455,object,22585.762795296,86.81799954501912,4.452002031030133,2.8239992388989776,11.206000635866076,0.990999978967011,106.29100142978132,1,0
1456,object,22585.807778141,89.42700151237659,4.833000275539234,3.0849987524561584,10.551000741543248,1.0330004442948848,108.92900172621012,1,0
1457,object,22585.852602417,18.288999854121357,1.4079996617510915,0.8090028131846339,2.63900074060075,0.2769993443507701,23.422002414008602,1,0
1458,object,22585.897802454,94.15100066689774,4.9439986469224095,3.0429982871282846,13.270000636111945,1.139000232797116,116.5469984698575,1,0
1459,object,22585.94281038,89.94300151243806,4.468001861823723,2.692999260034412,11.746000382117927,1.000997144728899,109.85100016114302,1,0
1460,object,22585.987676304,76.66499732295051,5.237001460045576,3.0769988370593637,9.837000106927007,0.6440022843889892,95.46000001137145,1,0
1461,object,22586.032659873,55.81900040851906,3.6179990274831653,1.2570017133839428,7.577000360470265,0.362000719178468,68.6330022290349,1,0
1462,object,22586.077725499,83.59099956578575,5.026002327213064,3.1380004656966776,10.89499710360542,0.9800023690331727,103.63000183133408,1,0
1463,object,22586.122669333,50.92600258649327,2.2709973563905805,1.1640004231594503,6.207999831531197,0.4950015863869339,61.06400178396143,1,0
1464,object,22586.167823761,94.86099952482618,5.350000719772652,3.4610020520631224,12.183998478576541,1.4569995983038098,117.31300037354231,1,0
1465,object,22586.212852721,83.84399916394614,4.656998498830944,2.820001100189984,11.530999472597614,1.1090014595538378,103.96099969511852,1,0
1466,object,22586.257719581,52.39500023890287,2.6839989004656672,1.6379999578930438,7.615999493282288,0.5869987944606692,64.91999738500454,1,0
1467,object,22586.302727029,81.77500058081932,4.731999069917947,2.91600008495152,10.250998457195237,1.0510011634323746,100.7249993563164,1,0
1468,object,22586.347615635,49.95299968868494,4.06099934480153,2.2409985831473023,7.256003300426528,0.8569986675865948,64.3679995846469,1,0
1469,object,22586.372197353,95.62400009599514,253.77500060130842,114.92499834275804,7.676000677747652,0.9299983503296971,472.92999806813896,1,1
1470,object,22586.396309575,40.82899977220222,125.41199976112694,43.314001231919974,3.197998012183234,0.3440000000409782,213.09699877747335,1,1
1471,object,22586.421531143,48.341997171519324,131.09599967719987,51.283001084811985,3.9010010368656367,0.48199945013038814,235.1039984205272,1,1
1472,object,22586.447261125,92.61100058211014,249.20500072767027,103.07200136594474,7.579998055007309,0.829000782687217,453.2970015134197,1,1
1473,object,22586.474677414,92.70499867852777,294.0320009656716,106.5540018316824,7.786999049130827,0.8999995770864189,501.97800010209903,1,1
1474,object,22586.499554595,74.82000000891276,235.50399782834575,101.56200005440041,6.942002073628828,0.9049981599673629,419.7329981252551,1,1
1475,object,22586.523759988,49.49600042891689,118.88399967574514,33.369000448146835,3.0699993658345193,0.46500281314365566,205.28400273178704,1,1
1476,object,22586.552869794,65.19800081150606,210.32299991929904,73.78400187008083,5.004996637580916,0.6080008461140096,354.91800008458085,1,1
1477,object,22586.580745724,89.5730008778628,285.12199787655845,107.81200035125948,7.455000741174445,0.9030009096022695,490.86500075645745,1,1
1478,object,22586.611116724,83.81799852941185,251.51999943773262,101.92799891228788,7.099002687027678,0.9510004019830376,445.31599996844307,1,1
1479,object,22586.640579665,86.92600022186525,245.49099907744676,127.78500240528956,9.383998985867947,1.0639996617101133,470.65000035217963,1,1
1480,object,22586.667555161,50.47800004831515,116.49700172711164,34.56199920037761,2.6289999368600547,0.7599992386531085,204.92600015131757,1,1
1481,object,22586.693711279,54.372001613955945,160.53299987106584,66.66699846391566,4.800000169780105,0.5879992386326194,286.95999935735017,1,1
1482,object,22586.722737118,89.26599912228994,274.59199918666855,106.8599995051045,7.345999620156363,0.953001290326938,479.0169987245463,1,1
1483,object,22586.752074824,94.67000199947506,257.2049997979775,104.23200001241639,7.28899976820685,0.8839997462928295,464.28000132436864,1,1
1484,object,22586.776846685,121.40000035287812,356.5920014807489,158.4210003784392,9.912997484207153,1.3690005289390683,647.6950002252124,1,1
1485,object,22586.800844884,78.79499753471464,212.57200205582194,42.29600017424673,3.2530006137676537,1.14399881567806,338.059999194229,1,1
1486,object,22586.826097118,94.40500070923008,191.2440020532813,41.85199941275641,3.640998329501599,0.43199906940571964,331.5739995741751,1,1
1487,object,22586.852668437,110.68199819419533,265.3230003488716,105.46500197960995,7.560000085504726,0.8779970812611282,489.9079976894427,1,1
1488,object,22586.877670913,73.1190011720173,229.41899806028232,115.97500269999728,6.4829982875380665,0.9600007615517825,425.95600098138675,1,1
1489,object,22586.906095631,89.51500058174133,252.5790005165618,102.9720006044954,8.114999218378216,0.8870010788086802,454.0680019999854,1,1
1490,object,22586.933321271,34.02099900995381,98.13499855226837,32.4120010191109,2.5420013116672635,0.24700057110749185,167.35700046410784,1,1
1491,object,22586.959718979,76.22400153195485,167.79099678387865,92.3670013435185,5.114001396577805,0.628999259788543,342.12500031571835,1,1
1492,object,22586.986705074,127.31400056509301,409.2210001545027,173.7809980113525,9.762003173818812,1.7659986042417586,721.8440005090088,1,1
1493,object,22587.013232516,76.67699901503511,218.55199884157628,93.70200132252648,6.459998985519633,0.8419992809649557,396.23299744562246,1,1
1494,object,22587.038894139,41.4809983340092,141.32800060906447,47.50600055558607,3.4180011425632983,0.46799686970189214,234.20099751092494,1,1
1495,object,22587.06396872,61.178001487860456,121.98200056445785,31.50400152662769,2.826996933436021,0.40600207285024226,217.89700258523226,1,1
1496,object,22587.092299638,120.61800225637853,253.04399969172664,103.61999738961458,7.378999725915492,0.8800016075838357,485.5410006712191,1,1
1497,object,22587.119859771,83.86600165977143,257.69000058062375,95.50499817123637,7.5739990279544145,5.581001460086554,450.2160008996725,1,1
1498,object,22587.146468944,85.49699850846082,249.90500241983682,101.86799772782251,7.1400027081836015,0.8559982234146446,445.2659995877184,1,1
1499,object,22587.175235508,85.29700062354095,246.02299890830182,102.99600035068579,7.555001502623782,0.934000127017498,442.80500151216984,1,1
1500,object,22587.203698635,65.43000199599192,189.06900004367344,69.7069990565069,5.883000994799659,0.6889968062750995,330.777998897247,1,1
1501,object,22587.231380153,69.37199941603467,176.37100245337933,62.595998315373436,4.441000783117488,0.5900001269765198,313.37000109488145,1,1
1502,object,22587.263685249,87.9440012795385,271.6800008784048,108.59599933610298,7.233000360429287,0.9019968274515122,476.3549986819271,1,1
1503,object,22587.288357414,89.68900147010572,284.2389985744376,102.79200068907812,6.954000127734616,0.8850001904647797,484.5590010518208,1,1
1504,object,22587.314420587,56.57200017594732,149.1229995735921,51.06100070406683,3.6229976103641093,0.366999302059412,260.74599736602977,1,1
1505,object,22587.33865597,35.228000342613086,97.44399721967056,31.873001717031002,2.4000000848900527,0.30999945010989904,167.2549988143146,1,1
1506,object,22587.36323495,75.37299825344235,214.59100025822408,87.28000102564692,5.726000381400809,0.7400012691505253,383.7100011878647,1,1
1507,object,22587.391259592,86.56399950268678,266.25899772625417,107.0910002454184,6.963000487303361,0.9310024324804544,467.80800039414316,1,1
1508,object,22587.416589816,96.52399967308156,239.27200163598172,126.06299787876196,6.925001798663288,0.9130017133429646,469.6970026998315,1,1
1509,object,22587.441044415,100.14399958890863,252.59299945901148,103.31399971619248,7.783000910421833,0.9689974831417203,464.80299715767615,1,1
1510,object,22587.46674722,101.51999958907254,337.1219972905237,60.16300176270306,4.227000317769125,0.733998604118824,503.7659975641873,1,1
1511,object,22587.491606177,61.882998124929145,153.1570014776662,56.43199983751401,3.8769976526964456,0.752999767428264,276.10199686023407,1,1
1512,object,22587.521740799,89.59900151239708,299.6160001202952,108.59300164156593,6.997997843427584,0.9600007615517825,505.7660018792376,1,1
1513,object,22587.551998575,89.35799996834248,221.61699962452985,112.7520008594729,6.649999704677612,1.2980017345398664,431.6750018915627,1,1
1514,object,22587.578351773,51.971997891087085,173.67400141665712,72.72699804161675,4.882000212091953,0.5059991963207722,303.7609967577737,1,1
1515,object,22587.60386351,48.75299782725051,120.98500155843794,37.08399890456349,3.0660012271255255,0.32900061341933906,210.2170001307968,1,1
1516,object,22587.632620193,108.99300104938447,258.39099907898344,121.43500134698115,7.6789983722846955,1.2300006346777081,497.7280004823115,1,1
1517,object,22587.661396764,127.58999946527183,351.5130010782741,109.68800052069128,7.364997145486996,0.9329996828455478,597.0889978925698,1,1
1518,object,22587.686666985,84.2930021462962,320.5879984307103,164.49499889858998,10.038002073997632,1.395997969666496,580.8099995192606,1,1
1519,object,22587.713416039,50.10499808122404,158.1879987497814,69.59200254641473,4.989000444766134,0.5889996828045696,283.4629995049909,1,1
1520,object,22587.738056279,44.12400085129775,102.81299910275266,31.292001949623227,2.4809996830299497,0.30099909054115415,181.01100067724474,1,1
1521,object,22587.76269356,56.56500070472248,166.090001584962,69.35800047358498,5.113997758598998,0.7510025170631707,297.87800303893164,1,1
1522,object,22587.789868523,87.66300015849993,268.16100216819905,105.0749997375533,7.200000254670158,0.9629984560888261,469.06200077501126,1,1
1523,object,22587.814698112,91.06300058192573,268.38799749384634,103.96400102763437,14.674998965347186,0.8850001904647797,478.9749982592184,1,1
1524,object,22587.838789541,85.23599899490364,282.5539995683357,106.35999933583662,7.652000931557268,1.062999217538163,482.8649980481714,1,1
1525,object,22587.864616953,39.23899930668995,101.88400119659491,33.00100070191547,2.3079992388375103,0.6829977792222053,177.11499822326005,1,1
1526,object,22587.889608657,83.5960017866455,207.5730008073151,74.00299728033133,5.254001735011116,0.8479983080178499,371.2739999173209,1,1
1527,object,22587.919232505,104.95800233911723,268.6339976207819,112.79799946350977,6.576003215741366,0.790998456068337,493.7570010952186,1,1
1528,object,22587.94551575,103.36599734728225,264.390000666026,102.28400060441345,6.960999598959461,0.9780014806892723,477.97899969737045,1,1
1529,object,22587.970766059,103.42200039303862,265.1450013217982,102.99299901816994,7.087000994943082,0.8829993021208793,479.5300010300707,1,1
1530,object,22587.994452323,50.18899901187979,121.14600031054579,36.443001590669155,3.6099991120863706,0.4249995981808752,211.81299962336197,1,1
1531,object,22588.019499976,49.387999752070755,121.35600263718516,42.7149971073959,3.6520032153930515,0.4129979060962796,217.52400061814114,1,1
1532,object,22588.047059169,66.77499914076179,212.9460008291062,86.95900032762438,5.951002094661817,0.762996933190152,373.39399932534434,1,1
1533,object,22588.071659743,86.68300142744556,312.88399986806326,104.7730002028402,6.892998499097303,0.9760005923453718,512.2090005897917,1,1
1534,object,22588.096409961,81.22700091917068,243.47300131921656,102.03599958913401,6.548998499056324,0.9889990906231105,434.2739994172007,1,1
1535,object,22588.121902854,72.5760000932496,207.82900173799135,81.58299897331744,5.603000317933038,0.6509981176350266,368.24199924012646,1,1
1536,object,22588.146891649,134.30699982563965,245.64900013501756,64.15199823095463,6.071000825613737,0.8630013326182961,451.0420003498439,1,1
1537,object,22588.174105194,63.44299981719814,168.6590003373567,62.85999916144647,4.2860010580625385,0.7089984137564898,299.95699878782034,1,1
1538,object,22588.201256533,79.6409985923674,219.9850023316685,88.26399789541028,5.947000317974016,0.7950002327561378,394.63199937017635,1,1
1539,object,22588.227974122,113.68599734851159,277.91100001195446,111.69700155733153,7.212001946754754,0.8879978850018233,511.39399874955416,1,1
1540,object,22588.254134041,52.22800245974213,167.1979989623651,36.6729982488323,2.9220027499832213,0.3440000000409782,259.3650024209637,1,1
1541,object,22588.279089704,54.53700214275159,129.79899838683195,39.443999412469566,2.8559989004861563,0.362000719178468,226.99799956171773,1,1
1542,object,22588.30466929,93.65500227431767,273.7629984039813,111.08699982287362,7.037000614218414,0.8690003596711904,486.4110014750622,1,1
1543,object,22588.329854752,112.9810007114429,366.845000826288,176.09800124773756,10.094998287968338,1.1970005289185792,667.2160016023554,1,1
1544,object,22588.354655358,94.42800001124851,249.29599749157205,143.89699936145917,9.267001587431878,1.405998773407191,498.2939972251188,1,1
1545,object,22588.380381241,47.755998821230605,120.41200170642696,36.456000088946894,2.7229980332776904,0.4270004865247756,207.77399913640693,1,1
1546,object,22588.40520625,40.063998312689364,105.52399908192456,37.297002563718706,2.3229986254591495,0.4489993443712592,185.65699792816304,1,1
1547,object,22588.431349926,95.98600081517361,256.0760003689211,113.31600035191514,6.8019980972167104,0.8770002750679851,473.05699990829453,1,1
1548,object,22588.4566573,88.4059991221875,247.93899865471758,129.39700172864832,7.652997737750411,0.8950009942054749,474.2899982375093,1,1
1549,object,22588.481164988,77.58400170132518,236.58599820919335,102.5929996103514,7.235001248773187,0.8999995770864189,424.89800034672953,1,1
1550,object,22588.505334036,53.12999928719364,179.61699995794334,79.32300286483951,5.292000423651189,0.5879992386326194,317.9500017722603,1,1
1551,object,22588.529637797,55.55399911827408,145.26700033457018,44.76799949770793,3.058001311728731,0.35499760997481644,249.00199787225574,1,1
1552,object,22588.553874096,74.34600047417916,580.3659987577703,100.24199946201406,6.641999789280817,1.1700030881911516,762.7660015714355,1,1
1553,object,22588.579652079,100.07700257119723,287.2479999496136,104.6170000336133,7.020997145446017,0.872001692187041,499.83500139205717,1,1
1554,object,22588.608464076,86.78400263306685,242.42799918283708,102.60600174660794,6.848997145425528,0.9110008249990642,439.57800153293647,1,1
1555,object,22588.6363199,98.18399848882109,279.92900140816346,111.36199827888049,7.5690004450734705,0.9510004019830376,497.99499902292155,1,1
1556,object,22588.665615738,51.1050020577386,123.35499923210591,43.98300006869249,3.125001967418939,0.3859968273900449,221.954000153346,1,1
1557,object,22588.694017063,71.60300083342008,216.62299695890397,95.78900062479079,5.883000994799659,0.7039998308755457,390.60199924279004,1,1
1558,object,22588.719292472,67.52300032530911,242.27999892900698,109.35899990727194,7.0499991124961525,0.8730021363589913,427.0850004104432,1,1
1559,object,22588.74365989,87.71000284468755,251.02799918386154,140.23399853613228,6.148999091237783,0.9250034054275602,486.0460030613467,1,1
1560,object,22588.768690195,42.06100129522383,122.26699982420541,37.7609976567328,2.701002813410014,0.31899980967864394,205.1090013992507,1,1
1561,object,22588.799796334,43.885000195587054,120.02100265817717,35.42599733918905,3.2050011213868856,0.3489985829219222,202.88599989726208,1,1
1562,object,22588.827921371,74.9079990782775,246.45799931022339,93.73799912282266,6.2830004026182,0.8269998943433166,422.21399780828506,1,1
1563,object,22588.856199151,85.22600182914175,243.31699751201086,97.14699990581721,7.140999514376745,0.8920032996684313,433.723002061015,1,1
1564,object,22588.885765707,56.38899892801419,152.07000251393765,61.157999880379066,4.761997843161225,0.853000528877601,275.23199969436973,1,1
1565,object,22588.916312737,42.944997403537855,114.5290007116273,33.10399915790185,2.415999915683642,0.4160028765909374,193.4100000653416,1,1
1566,object,22588.942210418,57.041997933993116,151.27400183700956,53.8909989700187,4.165998689131811,0.45600245357491076,266.8289998837281,1,1
1567,object,22588.971085274,91.12699990510009,244.47800024063326,103.69500159868039,7.834998541511595,0.853000528877601,447.98800081480294,1,1
1568,object,22589.001582622,121.60899859736674,259.4819998193998,121.64600047981367,7.467999239452183,0.9470022632740438,511.1520003993064,1,1
1569,object,22589.032095225,113.26000094413757,321.6579971194733,123.95700105116703,7.782000466249883,1.0110015864484012,567.6680011674762,1,1
1570,object,22589.061518102,39.178998122224584,128.78400229965337,37.87300011026673,2.8270005714148283,0.7509988790843636,209.41399998264387,1,1
1571,object,22589.088680122,65.55000072694384,153.15199925680645,44.87999831326306,3.193003067281097,0.890999217517674,267.6660005818121,1,1
1572,object,22589.124300066,75.19200153183192,232.2410000488162,94.64399772696197,6.328002200461924,0.9279974619857967,409.3329989700578,1,1
1573,object,22589.156681687,80.17499931156635,272.26200108998455,108.85799929383211,7.243001164169982,0.8559982234146446,469.39399908296764,1,1
1574,object,22589.185166708,27.187998057343066,90.64800178748555,32.133997592609376,2.2849999368190765,0.3400018613319844,152.59499923558906,1,1
1575,object,22589.213166486,39.42900002584793,121.76800009910949,45.79099913826212,3.52600181940943,0.4210014594718814,210.93500254210085,1,1
1576,object,22589.238115373,68.96600098116323,184.84700194676407,76.11899854964577,4.879999323748052,0.5170004442334175,335.32900124555454,1,1
1577,object,22589.263992998,56.58900045091286,134.89599950844422,45.14900138019584,3.5709999792743474,0.4440007614903152,240.6490020803176,1,1
1578,object,22589.291893114,86.42999819130637,261.109002167359,102.28999963146634,7.099999493220821,0.9209979907609522,457.8499974741135,1,1
1579,object,22589.318498594,46.527002268703654,144.86500003840774,56.31599924527109,5.08399898535572,0.36500205169431865,253.15700258943252,1,1
1580,object,22589.346550961,55.74600072577596,148.01799989072606,52.35500066191889,3.6860001273453236,0.49599839258007705,260.3009997983463,1,1
1581,object,22589.371379122,87.93500091996975,257.68399791559204,102.73900261381641,7.0879978011362255,1.32000059238635,456.7659998429008,1,1
1582,object,22589.395835992,60.653001128230244,221.30499928607605,94.98600047663786,5.883997800992802,0.6330010364763439,383.4609997284133,1,1
1583,object,22589.419442178,91.71800047624856,255.72699814802036,120.36300176987424,7.5979987741447985,0.957999873207882,476.36399904149584,1,1
1584,object,22589.444662091,61.54800212243572,196.73399947350845,54.39300002763048,4.438999894773588,0.4969988367520273,317.61100035510026,1,1
1585,object,22589.470165173,49.131002015201375,135.64999972004443,53.78899732022546,3.6140008887741715,0.5080000846646726,242.69200002891012,1,1
1586,object,22589.497312276,105.18199997022748,291.651002044091,130.6570011365693,7.822996849427,1.3690005289390683,536.6820005292539,1,1
1587,object,22589.522901047,137.35600077779964,352.396000380395,172.8530005493667,9.947998478310183,1.0570001904852688,673.6100003763568,1,1
1588,object,22589.547778804,131.1939995503053,371.47300099604763,158.07499949005432,9.06100103748031,1.3799981388729066,671.1829992127605,1,1
1589,object,22589.572263868,120.5809967359528,302.90300128399394,126.65699978242628,8.048999006859958,0.9030009096022695,559.0929977188352,1,1
1590,object,22589.596341328,72.6449979993049,167.31700088712387,51.80299922358245,3.7040008464828134,0.36500205169431865,295.83400100818835,1,1
1591,object,22589.620736566,65.02799806185067,157.50800230307505,61.762999393977225,3.7249992601573467,0.44600164983421564,288.4700006688945,1,1
1592,object,22589.646207929,87.12999988347292,235.1000002818182,90.04900130094029,6.398000550689176,0.9619980119168758,419.6390000288375,1,1
1593,object,22589.669816136,75.03500091843307,277.65199774876237,166.0449997871183,7.76100205257535,0.9280010999646038,527.4210016068537,1,1
1594,object,22589.695453291,103.26800111215562,341.2219994061161,190.99600103800185,10.150000889552757,1.505999534856528,647.1420019806828,1,1
1595,object,22589.720935887,58.748002629727125,152.90699957404286,70.54600064293481,4.136996722081676,0.4160028765909374,286.7540024453774,1,1
1596,object,22589.745319326,48.522000724915415,133.7449975835625,55.32400246011093,3.854998794849962,0.44099942897446454,241.88699899241328,1,1
1597,object,22589.771059431,127.5529975828249,418.8980019534938,175.05899813841097,10.66100230673328,1.3649987522512674,733.5359987337142,1,1
1598,object,22589.797669962,124.62999802664854,378.12300070072524,175.5820012476761,9.405997843714431,1.2130003597121686,688.9539981784765,1,1
1599,object,22589.824069686,84.43399929092266,260.6089983601123,103.30800068913959,6.860002031316981,1.0279982234351337,456.23899859492667,1,1
1600,object,22589.849879752,70.30599954305217,162.53099965979345,32.812000426929444,3.203000233042985,0.39600126910954714,269.2480011319276,1,1
1601,object,22589.876960199,36.858000385109335,113.71900109224953,41.767998482100666,3.836001269519329,0.4130015440750867,196.59400277305394,1,1
1602,object,22589.90397829,157.54600099171512,342.71899858140387,105.26299956836738,7.7549993875436485,0.9169998520519584,614.199998381082,1,1
1603,object,22589.930893579,104.21000115456991,253.3309998398181,100.36499952548184,7.328999345190823,0.929001544136554,466.1640014091972,1,1
1604,object,22589.957344507,44.8260034318082,110.84499783464707,37.156001781113446,2.753997250692919,0.36400160752236843,195.945001905784,1,1
1605,object,22589.984157701,49.367998144589365,111.00300253019668,35.61699850251898,3.07300069835037,0.46800050768069923,199.5290003833361,1,1
1606,object,22590.01096691,76.9300022511743,189.54500046675093,76.22399789397605,5.431000317912549,0.7679991540499032,348.89800008386374,1,1
1607,object,22590.038814145,94.38400229555555,255.92800011509098,106.46800001268275,7.039998308755457,0.9540017344988883,464.7740024665836,1,1
1608,object,22590.064113736,46.86399915954098,118.75000200234354,38.53199814329855,2.79700179817155,0.42799729271791875,207.37099839607254,1,1
1609,object,22590.091521234,100.37700121756643,296.08899785671383,123.19500092417002,7.572998583782464,1.0120020306203514,528.2460006128531,1,1
1610,object,22590.116809266,35.58599928510375,120.11400031042285,32.8780006384477,9.04300031834282,0.27299756766296923,197.8939981199801,1,1
1611,object,22590.141394718,43.92799746710807,107.82100071082823,42.62999937054701,3.436001861700788,0.5139991117175668,198.32899852190167,1,1
1612,object,22590.167507144,93.55200018035248,252.91699785157107,102.74400119669735,7.70499900681898,1.019001501845196,457.9369997372851,1,1
1613,object,22590.197465711,119.55000081798062,369.2249993036967,190.00899919774383,10.773001122288406,1.3850003597326577,690.9420008014422,1,1
1614,object,22590.22390311,152.11099889711477,355.7460004230961,169.35700114117935,9.75399962044321,1.1170013749506325,688.0850014567841,1,1
1615,object,22590.249881144,67.89899998693727,253.2880025682971,66.70899892924353,4.551999154500663,1.1400006769690663,393.5880013159476,1,1
1616,object,22590.275960954,91.24799908022396,177.66599921742454,71.31800157367252,3.7440004234667867,0.3659988578874618,344.34199915267527,1,1
1617,object,22590.301888059,48.01500108442269,149.74399891798384,52.90700210025534,3.7610006984323263,0.4979992809239775,254.92500208201818,1,1
1618,object,22590.330728232,87.31700290809385,271.71299734618515,105.17299961065874,7.298000127775595,0.9270006557926536,472.428000648506,1,1
1619,object,22590.355322756,85.25799785275012,239.18800070532598,104.24699939903803,6.823000148870051,0.8490023901686072,436.3650004961528,1,1
1620,object,22590.379811664,49.25699977320619,119.84299999312498,46.58500256482512,2.9049988370388746,0.4360008460935205,219.02600201428868,1,1
1621,object,22590.404747691,55.03000284079462,142.75200010160916,53.83499956224114,13.685999874724075,0.5149995558895171,265.8180019352585,1,1
1622,object,22590.43141956,79.60699804243632,242.91299996548332,103.15599865862168,6.827001925557852,0.986001396086067,433.48899998818524,1,1
1623,object,22590.458664505,75.30799848609604,250.60900225071236,125.98899775184691,7.546001143055037,1.0449984984006733,460.496998130111,1,1
1624,object,22590.483850307,125.85800141096115,384.423001378309,175.7199970597867,10.349001968279481,1.4129982446320355,697.7630000619683,1,1
1625,object,22590.507818353,79.4000006862916,221.7680012108758,72.95799878193066,4.969002475263551,0.5919973773416132,379.68700053170323,1,1
1626,object,22590.533311821,31.62500070175156,92.37099948222749,31.698000384494662,2.3030006559565663,0.5359979695640504,158.53299919399433,1,1
1627,object,22590.558850706,78.07100337231532,256.15599952288903,94.67599738854915,6.8350018409546465,1.010001142276451,436.7480032669846,1,1
1628,object,22590.586429536,81.23299994622357,242.43699954240583,111.8910004151985,9.31699833017774,1.0600015230011195,445.93799975700676,1,1
1629,object,22590.6139428,109.52800221275538,244.5739992253948,103.11000005458482,6.938000296941027,0.8669994713272899,465.0170012610033,1,1
1630,object,22590.639248085,39.15599882020615,124.95700138970278,50.242000725120306,3.496999852359295,0.3850000211969018,218.23700080858544,1,1
1631,object,22590.664043872,70.9690029907506,167.61599908932112,58.36499985889532,3.712997568072751,0.4580033419188112,301.1210028489586,1,1
1632,object,22590.690142792,140.87700037634932,465.1140006899368,172.04799951286986,10.024999937741086,1.4450015441980213,789.5090020610951,1,1
1633,object,22590.715087654,97.7160016191192,342.1379988139961,182.32399816042744,9.819003025768325,1.4609977370128036,633.4579993563239,1,1
1634,object,22590.740320407,116.66399950627238,337.03100052662194,175.98300109966658,9.777999366633594,1.2220007192809135,640.6780012184754,1,1
1635,object,22590.765721469,79.18800110928714,233.64599837805144,92.13399971486069,6.38699930277653,0.8220013114623725,412.1769998164382,1,1
1636,object,22590.789974905,61.10699905548245,118.34700126200914,33.471998904133216,2.6269990485161543,0.32400203053839505,215.87700030067936,1,1
1637,object,22590.815217707,65.19399903481826,183.42499970458448,60.791000578319654,4.417001036927104,0.609998096479103,314.4369984511286,1,1
1638,object,22590.841122067,86.72799958731048,243.6280010442715,122.77900168555789,8.177998097380623,0.9350005711894482,462.24800098570995,1,1
1639,object,22590.868875462,77.09399869781919,261.78500047535636,95.57999874232337,6.3730003603268415,0.934000127017498,441.76599840284325,1,1
1640,object,22590.896515129,95.781000709394,299.8790005221963,140.2909983880818,8.445000275969505,0.9030009096022695,545.2990008052438,1,1
1641,object,22590.923157033,55.08599861059338,229.31000057724304,70.07299791439436,6.653001037193462,1.2839991541113704,362.4059972935356,1,1
1642,object,22590.947507608,44.71200008993037,115.40799823706038,36.18399932747707,2.7960013539996,0.45599881559610367,199.55599782406352,1,1
1643,object,22590.976156935,120.61899906257167,256.98500030557625,101.99899770668708,7.265000022016466,0.9490031516179442,487.8170002484694,1,1
1644,object,22591.003728267,113.74800305929966,326.71399821992964,107.18500197981484,7.26999860489741,0.8999995770864189,555.817001441028,1,1
1645,object,22591.030678641,81.43100058077835,239.04599947854877,131.1249980062712,6.929003575351089,1.1209995136596262,459.652001154609,1,1
1646,object,22591.056084317,36.15199966588989,121.27000081818551,33.25500074424781,2.8190006560180336,0.3089990059379488,193.8050008902792,1,1
1647,object,22591.080710449,86.74399941810407,184.20400010654703,85.00399781041779,5.043002602178603,0.7159978849813342,361.7109978222288,1,1
1648,object,22591.10742817,75.58300058008172,241.60899920389056,102.00800170423463,7.177000952651724,0.8469978638458997,427.22400030470453,1,1
1649,object,22591.134316942,74.99999992433004,232.402999245096,100.72000077343546,6.524001946672797,1.0309995559509844,415.6780014454853,1,1
1650,object,22591.16091311,112.76999794063158,260.4469991638325,106.73400174709968,7.047001417959109,0.9609975677449256,487.9589978372678,1,1
1651,object,22591.184417213,32.91000030003488,109.17300096480176,33.5789991368074,3.0720002541784197,0.3450004442129284,179.07900110003538,1,1
1652,object,22591.212649105,63.223000324796885,158.124999870779,52.12500036577694,4.21900040237233,0.4760004230774939,278.16800138680264,1,1
1653,object,22591.238697037,83.84600005229004,262.293000560021,107.97800132422708,7.033999281702563,0.9459981811232865,462.096999399364,1,1
1654,object,22591.263494357,84.28100045421161,260.04899700637907,104.81700155651197,7.11399843567051,0.8800016075838357,457.140999060357,1,1
1655,object,22591.290172594,83.30000127898529,253.31700089736842,98.53299707174301,6.60000296193175,0.8089991752058268,442.5590013852343,1,1
1656,object,22591.315453292,39.18399670510553,129.1370026592631,59.002999478252605,3.672997991088778,0.4020002961624414,231.39899712987244,1,1
1657,object,22591.340709661,54.145999456522986,111.46800170536153,35.63299833331257,2.7269998099654913,0.4720022843685001,204.44600158953108,1,1
1658,object,22591.366780496,82.7530020615086,266.4339990587905,106.62999920896254,8.129001798806712,0.8610004442743957,464.80700257234275,1,1
1659,object,22591.392844364,72.42100036819465,241.4150003460236,126.29000048036687,6.960999598959461,0.857999111758545,447.9449999053031,1,1
1660,object,22591.417438773,83.04399671033025,245.71000176365487,111.32800136692822,6.840997230028734,1.2180025805719197,448.140999651514,1,1
1661,object,22591.441846581,90.0979975995142,309.3609993811697,115.35700105014257,7.478000043192878,1.0490002750884742,523.3429983491078,1,1
1662,object,22591.467263462,113.27999891364016,249.4770014891401,52.91699926601723,4.3959989852737635,0.42900137486867607,420.4990000289399,1,1
1663,object,22591.492990402,65.27000005007721,176.57200078247115,65.12400068459101,4.223998985253274,0.604999513598159,311.7950000159908,1,1
1664,object,22591.517926614,97.12400060379878,233.21099797612987,95.22700202069245,6.899997970322147,0.8259994501713663,433.2879980211146,1,1
1665,object,22591.544638444,84.76799848722294,247.35100305406377,123.11899990891106,7.258997356984764,0.8960014383774251,463.39300024555996,1,1
1666,object,22591.570421343,100.32299906015396,194.0120018844027,41.316998249385506,4.764002369483933,0.4659996193367988,340.8820011827629,1,1
1667,object,22591.594825825,109.5730003726203,265.3010014910251,50.95899905427359,4.19899879489094,0.8269998943433166,430.85899960715324,1,1
1668,object,22591.621765435,59.41700146649964,153.03100008168258,65.40299727930687,3.864999598590657,0.5390029400587082,282.25500136613846,1,1
1669,object,22591.649676105,87.4619981914293,280.76200032955967,107.3950006684754,7.573002221761271,0.8799979696050286,484.0719993808307,1,1
1670,object,22591.677907434,72.22500062198378,237.1279988437891,92.96099960920401,6.394999218173325,0.8349998097401112,409.5439981028903,1,1
1671,object,22591.703732638,56.02399687631987,151.5300027676858,49.12299846182577,3.307999577373266,0.6110021786298603,260.59599986183457,1,1
1672,object,22591.729421191,63.75199882313609,139.60100113763474,41.07799759367481,3.049000952159986,0.3839995770249516,247.86399808363058,1,1
1673,object,22591.757079211,124.04200242599472,352.8870001900941,172.23000031663105,10.47999830916524,1.4319994079414755,661.0710006498266,1,1
1674,object,22591.784057438,111.2810023187194,338.72099811560474,173.98300042259507,11.306001397315413,1.172000338556245,636.4630025927909,1,1
1675,object,22591.810657586,108.29099846887402,363.5870016296394,177.76399909052998,9.472001693211496,1.2780001270584762,660.3920010093134,1,1
1676,object,22591.835875888,59.07000013394281,204.17000268935226,89.95799726108089,5.5340024118777364,0.5660003807861358,359.29800287703983,1,1
1677,object,22591.860587623,81.6489991848357,173.82700025336817,57.855999330058694,3.9910009945742786,0.9739997040014714,318.2969994668383,1,1
1678,object,22591.886668832,63.948999013518915,171.64599921670742,68.24999945820309,4.823999915970489,0.6120026228018105,309.28100022720173,1,1
1679,object,22591.91261967,116.21599696809426,347.28100217762403,149.69999756431207,9.18600198929198,1.3719982234761119,623.7549969227985,1,1
1680,object,22591.940756167,86.22499808552675,263.85300225229,100.86199836223386,6.924001354491338,0.8999995770864189,458.7639996316284,1,1
1681,object,22591.964936893,110.04599946318194,238.80899971118197,98.95300172502175,7.4359995778650045,0.8539973350707442,456.0979978123214,1,1
1682,object,22591.989427857,41.5659997088369,101.34300100617111,31.509000109508634,2.329001290490851,0.34699769457802176,177.0939998095855,1,1
1683,object,22592.016418588,101.84799975831993,293.709003017284,141.29099872661754,8.040999091463163,0.9729992598295212,545.8619998535141,1,1
1684,object,22592.043624187,92.04600064549595,256.33699988247827,133.40799705474637,7.181999535532668,0.9430004865862429,489.9159976048395,1,1
1685,object,22592.070656489,94.65500261285342,345.4750003584195,161.49299699463882,8.851002348819748,0.971998815657571,611.446001130389,1,1
1686,object,22592.096590121,64.80299998656847,166.51799887767993,66.12300057895482,4.248999175615609,0.5880028766114265,302.28100149543025,1,1
1687,object,22592.122554007,59.730999055318534,117.80500062741339,33.45799996168353,4.360001184977591,0.7449998520314693,216.0990006814245,1,1
1688,object,22592.148104435,52.61999831418507,145.2450014767237,53.9700013177935,3.7609970604535192,0.5140027496963739,256.11000091885217,1,1
1689,object,22592.175692113,71.74400161602534,195.99000006564893,114.42699906183407,6.2209983298089355,0.7350026862695813,389.11700175958686,1,1
1690,object,22592.200227105,83.17899846588261,248.96100148907863,103.292000858346,7.667000318178907,1.0349976946599782,444.1339988261461,1,1
1691,object,22592.226323391,67.54799687769264,154.3320031487383,44.32499918038957,3.0859991966281086,0.5379988579079509,269.82899726135656,1,1
1692,object,22592.255898382,45.91099786921404,142.64900164562277,39.333997847279534,3.050001396331936,0.4539979272522032,231.3979966857005,1,1
1693,object,22592.284742286,58.48200089531019,156.9679989188444,74.16299922624603,4.345001798355952,0.6029986252542585,294.5609994640108,1,1
1694,object,22592.320983067,118.07200280600227,321.1499970348086,107.5510008377023,7.556001946795732,1.0109979484695941,555.3400005737785,1,1
1695,object,22592.350703968,75.59399819001555,261.073000729084,111.60199937876314,7.242000719998032,0.8210008672904223,456.33199988515116,1,1
1696,object,22592.378074157,34.10299905226566,99.23399920808151,32.15200194972567,2.4229993869084865,0.2989982021972537,168.21099779917859,1,1
1697,object,22592.410380629,37.292000342858955,111.30900020361878,40.70199793204665,2.734999725362286,0.37400241126306355,192.41200061514974,1,1
1698,object,22592.43918983,75.47600034740753,231.7079997737892,103.20600267732516,6.8449990067165345,0.8589995559304953,418.0940013611689,1,1
1699,object,22592.463402491,95.57999874232337,273.770001513185,102.67799734720029,7.1260001277551055,1.0210023901890963,480.17500012065284,1,1
1700,object,22592.487347784,71.1049979145173,215.37100110435858,136.72600107383914,10.415998985990882,2.3809989215806127,435.9989980002865,1,1
1701,object,22592.513035607,33.04900019429624,100.01899863709696,31.671999749960378,2.4750006559770554,0.36900019040331244,167.58399942773394,1,1
1702,object,22592.540092952,63.93999865395017,180.93900143867359,70.13299909885973,4.923000233247876,0.6080008461140096,320.54300027084537,1,1
1703,object,22592.56580586,81.16800017887726,256.92000053822994,95.38700032862835,6.799000402679667,0.8749993867240846,441.1490008351393,1,1
1704,object,22592.590219983,76.93399675190449,234.3500018469058,102.1229982143268,7.317001291085035,0.7849994290154427,421.50899753323756,1,1
1705,object,22592.618955839,94.41400106879883,244.76699763908982,102.15300062554888,6.630001735175028,0.8729984983801842,448.83699956699274,1,1
1706,object,22592.645504917,46.24299981514923,127.48299923259765,34.64399924268946,2.6600027922540903,0.23900065571069717,211.26900173840113,1,1
1707,object,22592.671030597,49.18599734082818,119.05400242540054,38.66299812216312,2.7099995349999517,0.38700090954080224,209.9999983329326,1,1
1708,object,22592.722696597,64.64499892899767,4.293000529287383,3.062999894609675,10.210998880211264,0.8660026651341468,83.07800089824013,1,0
1709,object,22592.7676169,69.52699914108962,2.302000211784616,1.938999048434198,6.14700184087269,0.6679983926005661,80.58299863478169,1,0
1710,object,22592.812790371,93.00599776906893,4.426001396495849,3.0090013751760125,12.765998690156266,0.9799987310543656,114.18699796195142,1,0
1711,object,22592.85776015,82.58800153271295,4.3379986891523,2.6939997042063624,10.902000212809071,1.1250012903474271,101.64700142922811,1,0
1712,object,22592.902655109,58.68100197403692,3.0379997042473406,1.5689984138589352,7.639999239472672,0.6360023689921945,71.56400170060806,1,0
1713,object,22592.947516668,26.391000574221835,1.8470018403604627,0.752999767428264,3.5949997254647315,0.290998286800459,32.87700019427575,1,0
1714,object,22592.992738441,88.21300070849247,4.984998668078333,3.0470000638160855,11.520001862663776,1.0639996617101133,108.82900096476078,1,0
1715,object,22593.025320727,82.48000085586682,238.20099886506796,103.61699969507754,7.41099938750267,0.8970018825493753,432.60600068606436,1,1
1716,object,22593.052827974,39.669001125730574,109.0340010705404,49.60699880030006,3.320001269457862,0.45599881559610367,202.086001081625,1,1
1717,object,22593.08319066,57.90000068373047,185.86800069897436,68.74300015624613,4.753997927764431,0.643001840217039,317.9080013069324,1,1
1718,object,22593.113915071,72.16700032586232,242.14400036726147,101.89299791818485,6.942002073628828,0.8789975254330784,424.02499821037054,1,1
1719,object,22593.144843134,77.33600068604574,253.98000070708804,102.64500087941997,6.970996764721349,0.9120012691710144,441.8440003064461,1,1
1720,object,22593.174963168,32.90500171715394,117.75899838539772,32.935000490397215,2.4809996830299497,0.24299879441969097,186.3229990703985,1,1
1721,object,22593.201574884,61.43300197436474,165.43799938517623,47.3809996037744,3.441000444581732,0.46000059228390455,278.153002000181,1,1
1722,object,22593.227191871,85.32900028512813,298.51900035282597,108.70600090129301,7.587997970404103,1.0590010788291693,501.2010005884804,1,1
1723,object,22593.252553384,75.02899825340137,238.12200015527196,102.84900054102764,6.931997631909326,0.9060022421181202,423.8379988237284,1,1
1724,object,22593.277133239,120.35699910484254,304.51600105152465,108.9369980036281,8.573002560297027,1.0889998520724475,543.4720005723648,1,1
1725,object,22593.302789546,47.11200017482042,134.02300101006404,59.30299812462181,3.755001671379432,0.4030007403343916,244.5960017212201,1,1
1726,object,22593.327505993,39.54000203520991,105.36599802435376,36.250999983167276,2.915003278758377,0.40499799069948494,184.4770013121888,1,1
1727,object,22593.353802681,79.23400335130282,273.77599690225907,109.77300189551897,7.546001143055037,0.9289979061577469,471.25800119829364,1,1
1728,object,22593.378310362,102.5809979182668,255.770002695499,102.91400030837394,7.384998752968386,0.9770010365173221,469.62700071162544,1,1
1729,object,22593.403833117,124.97799980337732,291.4809992944356,105.71899838396348,6.962000043131411,0.8580027497373521,529.9980002746452,1,1
1730,object,22593.428618821,56.5330010431353,208.08100089197978,92.41999941878021,5.867997970199212,0.6330010364763439,363.53500036057085,1,1
1731,object,22593.452351453,48.516998504055664,122.12599904160015,46.3050018879585,3.139000909868628,0.4199973773211241,220.50699772080407,1,1
1732,object,22593.478186656,60.614998801611364,169.6130020718556,64.33199814637192,4.490000719670206,0.5180008884053677,299.56800062791444,1,1
1733,object,22593.505092883,85.70600039092824,243.59700182685629,101.69899906031787,6.762998964404687,0.9270006557926536,438.69200089829974,1,1
1734,object,22593.530066948,92.10900316247717,298.0799981742166,108.61600094358437,7.941998774185777,1.0049989214166999,507.7519999758806,1,1
1735,object,22593.55627008,86.935000581434,260.22100064437836,101.95199865847826,7.400998583761975,0.9520008461549878,457.4609993142076,1,1
1736,object,22593.58060661,32.82899706391618,100.62200090033002,35.260000004200265,2.5619992811698467,0.32400203053839505,171.5969992801547,1,1
1737,object,22593.605243061,50.33599882153794,140.1959998474922,40.803002775646746,3.203000233042985,0.48599758883938193,235.02399926655926,1,1
1738,object,22593.631348761,81.40800127875991,165.61300071771257,47.82299947692081,3.9869992178864777,0.3659988578874618,299.19699954916723,1,1
1739,object,22593.655539432,84.72800254821777,241.2959984212648,100.95700054080226,7.359998562606052,0.9780014806892723,435.31900155358016,1,1
1740,object,22593.681450366,88.35900007397868,247.55300182732753,99.83899872167967,7.098002242855728,0.833999365568161,443.6830022314098,1,1
1741,object,22593.70728721,45.166998461354524,121.03700282750651,41.77899973001331,3.5720004234462976,0.7729977369308472,212.3279991792515,1,1
1742,object,22593.73167314,33.3500029228162,95.61999831930734,32.585998269496486,2.1230007405392826,0.3179993655066937,163.996999617666,1,1
1743,object,22593.759418318,69.07299757585861,204.4829998339992,86.88500020070933,5.632002284983173,0.8059978426899761,366.8789977382403,1,1
1744,object,22593.785997723,113.6940009018872,235.24399875896052,94.93299876339734,6.371003109961748,0.8869974408298731,451.12899897503667,1,1
1745,object,22593.813060776,84.01100058108568,240.63599994406104,103.2940017466899,7.668997568544,0.8749993867240846,436.4849992271047,1,1
1746,object,22593.840195303,45.361000957200304,124.0699966729153,32.797001040307805,2.643999323481694,0.3820023266598582,205.25400032056496,1,1
1747,object,22593.867428278,47.13499947683886,117.5600009446498,32.87499930593185,2.8799986466765404,0.3310015017632395,200.7809998758603,1,1
1748,object,22593.893817243,95.56100121699274,274.42099963082,104.18799865874462,7.200000254670158,1.0550029401201755,482.4250027013477,1,1
1749,object,22593.919170624,95.46399815008044,255.89900178601965,100.59999840450473,7.046000973787159,0.8809984137769789,459.88999772816896,1,1
1750,object,22593.943649015,81.15799937513657,243.5120004520286,127.98099851352163,7.301001460291445,0.9069990483112633,460.8589988492895,1,1
1751,object,22593.969367288,54.077001550467685,154.05000158352777,39.74299761466682,3.158002073178068,0.2939996193163097,251.32200244115666,1,1
1752,object,22593.99650254,45.343000238062814,115.64599844859913,32.11299917893484,2.4190012481994927,0.30999945010989904,195.83099856390618,1,1
1753,object,22594.022138735,84.0680004330352,227.05499941366725,89.84799933386967,9.708001016406342,0.9450013749301434,411.6240015719086,1,1
1754,object,22594.047836393,79.75499829626642,258.7890012364369,109.44399764412083,7.094000466167927,0.8600000001024455,455.9419976430945,1,1
1755,object,22594.073757214,76.21400072821416,278.83499933523126,135.00600107363425,7.268001354532316,0.8839997462928295,498.2070022379048,1,1
1756,object,22594.098784773,66.65100227110088,211.69299725443125,69.55100252525881,4.489000275498256,0.8679999154992402,353.25200224178843,1,1
1757,object,22594.122987447,54.10999801824801,111.40900096506812,35.78299947548658,2.6609995984472334,0.38700090954080224,204.34999896679074,1,1
1758,object,22594.149314185,70.20699922577478,208.17800032091327,97.00399823486805,6.514001142932102,0.8009992598090321,382.70399818429723,1,1
1759,object,22594.175761112,82.20999734476209,248.7840029061772,97.83999848878011,6.726000719936565,0.7710004865657538,436.3309999462217,1,1
1760,object,22594.201756313,79.46000187075697,262.3939981276635,111.61799920955673,7.075002940837294,0.9089999366551638,461.45600208546966,1,1
1761,object,22594.227159222,49.9520028824918,144.42699830397032,56.33500040858053,4.075998731423169,0.4360008460935205,255.22600117255934,1,1
1762,object,22594.252973385,115.31800191733055,382.6180000032764,164.52400086564012,10.692998330341652,0.8569986675865948,674.0099997841753,1,1
1763,object,22594.279544335,59.56799941486679,143.52599828271195,48.05300341104157,3.896999260177836,0.576997990719974,255.62099835951813,1,1
1764,object,22594.306913868,113.88900020392612,256.8359996075742,118.65199849125929,8.205999620258808,0.9170034900307655,498.5000014130492,1,1
1765,object,22594.333189316,84.9050011311192,249.9270012776833,102.57699977955781,7.134996849345043,0.9089999366551638,445.4529989743605,1,1
1766,object,22594.361747866,44.05499930726364,111.37799810967408,34.794000384863466,2.996999683091417,0.34999902709387243,193.57399651198648,1,1
1767,object,22594.388238715,35.90800042729825,106.1629991454538,38.032998418202624,2.5460030883550644,0.33699689083732665,182.98699797014706,1,1
1768,object,22594.414649028,103.55300037190318,288.02900123992004,105.71199891273864,7.867998647270724,0.9499999578110874,506.11199912964366,1,1
1769,object,22594.444414043,133.58000069274567,357.94699942925945,191.4770000439603,10.05200101644732,1.3220014807302505,694.378002663143,1,1
1770,object,22594.480025734,113.07599925203249,327.2400026617106,159.94099885574542,9.426999895367771,1.5660007193218917,611.2500013841782,1,1
1771,object,22594.505746233,52.58599776425399,166.5580020926427,86.05800030636601,6.1270002333913,0.41000021155923605,311.73900060821325,1,1
1772,object,22594.535836175,84.31199967162684,311.0209981969092,172.63500194530934,9.269999281968921,1.333999534836039,578.5719986306503,1,1
1773,object,22594.562650932,86.70700117363594,248.55499941622838,131.72100079827942,7.277998520294204,1.0030016710516065,475.26400157948956,1,1
1774,object,22594.591169029,87.80200005276129,247.45199698372744,101.71300164074637,6.728998414473608,0.957999873207882,444.6539969649166,1,1
1775,object,22594.618464581,86.73400225234218,246.33799694129266,146.98700033477508,9.416002285433933,1.7499987734481692,491.225000587292,1,1
1776,object,22594.64398967,34.12899968679994,95.88100147084333,31.927000236464664,2.229000529041514,0.25499684852547944,164.42099877167493,1,1
1777,object,22594.673062448,46.82299913838506,146.7340007366147,52.07899812376127,3.5570010368246585,0.5129986675456166,249.7059977031313,1,1
1778,object,22594.704526529,119.20899851247668,328.50100251380354,189.49899822473526,11.030002497136593,1.7120000848080963,649.9510018329602,1,1
1779,object,22594.733785692,71.1900029273238,241.57000007107854,98.05899753700942,6.334001227514818,0.7919989002402872,417.94500066316687,1,1
1780,object,22594.759922915,99.66799916583113,269.7769996302668,98.90900037134998,6.853999366285279,0.7620001269970089,475.9699986607302,1,1
1781,object,22594.787631914,45.61799869406968,117.74700033129193,34.044998756144196,2.6330017135478556,0.3339991963002831,200.37699869135395,1,1
1782,object,22594.814701442,67.34199996571988,169.52100122580305,84.41200043307617,5.339999916031957,0.657997588859871,327.2729991294909,1,1
1783,object,22594.843707089,107.34600073192269,270.96099802292883,118.4130014735274,9.379000402987003,0.9440009307581931,507.0430015621241,1,1
1784,object,22594.871614365,84.63599806418642,240.97300047287717,143.21599883260205,7.88300167187117,1.0170006135012954,477.7249996550381,1,1
1785,object,22594.89850749,43.13399767852388,138.1110014335718,59.50199920334853,4.0430022636428475,0.43199906940571964,245.22199964849278,1,1
1786,object,22594.928950292,58.68099833605811,129.31000310345553,34.29699791013263,2.8470021788962185,0.38199868868105114,225.51700021722354,1,1
1787,object,22594.956444132,66.8399989081081,113.89900100766681,35.592001950135455,2.9319999157451093,0.3449968062341213,219.6079985878896,1,1
1788,object,22594.984884826,104.22899867990054,352.0239988574758,115.33799988683313,7.9500023275613785,0.9709983714856207,580.5119981232565,1,1
1789,object,22595.0112351,89.11600161809474,261.03100026375614,104.53700087964535,7.195998477982357,1.091000740416348,462.97100197989494,1,1
1790,object,22595.038914299,45.018001401331276,173.4729994495865,39.42100011045113,3.459001163719222,0.44699845602735877,261.8180005811155,1,1
1791,object,22595.066053364,39.9349992221687,109.10800119745545,39.48800076614134,3.154000296490267,0.40999657358042896,192.0949980558362,1,1
1792,object,22595.093373026,69.65500142541714,233.97899713017978,99.37200229614973,6.963000487303361,0.9979994501918554,410.96700078924187,1,1
1793,object,22595.119513345,92.76300261262804,260.46199855045415,101.60600140807219,7.581998943351209,0.9440009307581931,463.3570024452638,1,1
1794,object,22595.146373257,100.99700011778623,300.9209976880811,122.31200162204914,10.182000551139936,1.333999534836039,535.7459995138925,1,1
1795,object,22595.172260146,36.302000808063895,103.88900045654736,33.12799890409224,2.4550026864744723,0.24799737730063498,176.0220002324786,1,1
1796,object,22595.198948747,48.16900036530569,155.3920010337606,58.49900117027573,3.950000973418355,0.5799993232358247,266.5900028659962,1,1
1797,object,22595.225836153,90.00399950309657,279.06000104849227,101.16599878529087,7.325001206481829,0.9350005711894482,478.490001114551,1,1
1798,object,22595.254148018,91.48000026470982,246.09599859104492,114.09099897718988,15.64300328027457,4.405999789014459,471.71600090223365,1,1
1799,object,22595.278840017,74.51000055880286,243.86600125581026,95.25499990559183,6.373997166519985,0.7950002327561378,420.7999991194811,1,1
1800,object,22595.305429012,63.915998907759786,188.46400053007528,97.4809991021175,5.900001269765198,0.6800000846851617,356.4409998944029,1,1
1801,object,22595.332455167,44.39699841896072,110.89100007666275,33.510001230752096,2.7899986889678985,0.31099989428184927,191.8989983096253,1,1
1802,object,22595.358647416,64.4430001557339,223.38000053423457,108.39699825737625,6.550999387400225,0.7970011211000383,403.567999455845,1,1
1803,object,22595.384772513,81.11900024232455,270.8610008994583,106.15999781293795,7.5930001912638545,0.9960021998267621,466.7290013458114,1,1
1804,object,22595.412845525,74.25600051647052,259.01299886754714,98.27100075199269,6.7159999161958694,0.8650022209621966,439.1210022731684,1,1
1805,object,22595.441412205,64.62600140366703,275.909998890711,48.901998525252566,3.8770012906752527,0.4120010999031365,393.727001210209,1,1
1806,object,22595.468221826,45.66600182442926,124.65799954952672,46.81800055550411,3.745000867638737,0.5330002750270069,221.42000307212584,1,1
1807,object,22595.494231993,89.20300024328753,303.782999253599,234.08999913954176,19.225000869482756,1.8089995137415826,648.1099990196526,1,1
1808,object,22595.520811695,86.86399814905599,277.0259998214897,103.39499931433238,6.941001629456878,0.9629984560888261,475.18899737042375,1,1
1809,object,22595.548722534,87.35300070839003,268.53199960896745,111.02400094387121,7.393999112537131,0.8639981388114393,475.16699851257727,1,1
1810,object,22595.5741027,41.677998524392024,198.78500097547658,42.236999433953315,4.1669991333037615,0.23699976736679673,287.1039978344925,1,1
1811,object,22595.602998974,50.96800305182114,127.61099787894636,38.27800173894502,2.58299769484438,0.3440000000409782,219.7840003645979,1,1
1812,object,22595.629395489,56.32000102195889,146.3879998482298,53.313000535126776,3.7850004446227103,0.5859983502887189,260.3920002002269,1,1
1813,object,22595.655568801,95.23499829811044,361.03499951423146,220.50500047043897,11.691001418512315,1.2700002116616815,689.7359999129549,1,1
1814,object,22595.683246393,78.46700100344606,251.94199770339765,106.56800077413209,7.381000614259392,0.9180002962239087,445.2760003914591,1,1
1815,object,22595.709455941,68.64399983896874,153.90800035675056,32.61299934820272,2.663000486791134,0.30500086722895503,258.1330008979421,1,1
1816,object,22595.735062682,52.24299820838496,119.49200052185915,34.69600051175803,2.511998900445178,0.49600203055888414,209.4390001730062,1,1
1817,object,22595.762668786,82.94299914268777,226.3530004711356,117.21200280589983,7.212998752947897,0.9680006769485772,434.6890018496197,1,1
1818,object,22595.792872644,94.28900011698715,285.5499988072552,102.1370007947553,6.805999873904511,0.8610004442743957,489.64300003717653,1,1
1819,object,22595.82244248,69.91700138314627,171.37900067609735,61.2559997534845,4.5289998524822295,0.7620001269970089,307.84300179220736,1,1
1820,object,22595.850352675,50.76299930806272,122.43800301803276,37.38299710676074,2.896002115448937,0.38799771573394537,213.8679992640391,1,1
1821,object,22595.88003118,79.03699952294119,244.23400100204162,111.96899868082255,6.8350018409546465,0.9849973139353096,443.0599983606953,1,1
1822,object,22595.90666188,77.87900176481344,219.34499818598852,117.42500282707624,7.655999070266262,0.9830000635702163,423.2880019117147,1,1
1823,object,22595.934836027,76.22199700563215,255.37400142638944,103.33899990655482,6.786998710595071,0.8380011422559619,442.55999819142744,1,1
1824,object,22595.962753151,34.42699744482525,101.02300075232051,32.78700023656711,2.2269996406976134,0.357002136297524,170.821000210708,1,1
1825,object,22595.990168299,58.09700087411329,105.6950022757519,32.65999839641154,2.372999006183818,0.39600126910954714,199.2210018215701,1,1
1826,object,22596.01711594,53.38199844118208,151.16500071599148,54.78999810293317,3.531000402290374,0.5549991328734905,263.4229967952706,1,1
1827,object,22596.044514475,88.68299846653827,241.4560003671795,102.55099914502352,7.006001396803185,0.9440009307581931,440.6400003063027,1,1
1828,object,22596.0705559,71.89099778770469,228.33500042906962,142.3860012437217,28.771999495802447,1.0849980753846467,472.4689970316831,1,1
1829,object,22596.096971713,67.31500252499245,132.77499965624884,47.461999201914296,3.502998879412189,0.39099904824979603,251.44599931081757,1,1
1830,object,22596.12442779,47.20499782706611,113.60999997123145,33.90100027900189,3.0130031518638134,0.34199911169707775,198.07100034086034,1,1
1831,object,22596.151983208,76.53399734408595,161.60700033651665,50.34400237491354,3.535998985171318,0.5539986887015402,292.574997729389,1,1
1832,object,22596.181704035,91.08800077228807,284.41899848985486,106.154999230057,7.352002285188064,1.2380005500745028,490.2520013274625,1,1
1833,object,22596.209392835,86.06499977759086,242.1120007056743,102.10899927187711,7.1549984568264335,0.8980023267213255,438.33900053869,1,1
1834,object,22596.238279116,77.49199721729383,140.00400187796913,38.34100061794743,3.0899973353371024,0.3660024958662689,259.29299954441376,1,1
1835,object,22596.267313351,78.25699867680669,216.68900080840103,93.47000013804063,6.324000423774123,0.7589987944811583,395.49899884150364,1,1
1836,object,22596.307674771,64.39199933083728,3.683999239001423,1.6459998732898384,12.126001820433885,0.6640002538915724,82.512000517454,1,0
1837,object,22596.352665598,74.66000170097686,3.8910002331249416,1.7559978005010635,9.442002919968218,0.5419969966169447,90.29099965118803,1,0
1838,object,22596.397811176,100.98299753735773,4.556000931188464,2.7710011636372656,12.23399885930121,1.0709991329349577,121.61499762441963,1,0
1839,object,22596.442732368,80.72800119407475,5.174999387236312,3.139000909868628,10.095998732140288,1.077001797966659,100.21500202128664,1,0
1840,object,22596.487771694,145.9240011172369,4.298999556340277,2.273998688906431,11.80199978989549,1.1440024536568671,165.44300160603598,1,0
1841,object,22596.489386125,75.04300083382986,11.145999451400712,1.4180004654917866,52.72700218483806,0.39999940781854093,140.73400234337896,2,1
1842,object,22596.516386389,83.62899825442582,151.36900037759915,57.91199873783626,4.6720015234313905,0.43199906940571964,298.01399796269834,2,1
1843,object,22596.562784085,107.07000183174387,4.2769970605149865,2.4700020730961114,12.544998753583059,0.9890027286019176,127.35100244753994,2,0
1844,object,22596.60774527,102.41599738947116,4.276000254321843,2.61999957729131,12.713000614894554,1.115000486606732,123.1399983225856,2,0
1845,object,22596.652614301,60.04099850542843,2.6189991331193596,1.4790020941291004,7.300997822312638,0.4760004230774939,71.91599797806703,2,0
1846,object,22596.697877091,110.68000094383024,4.615998477675021,2.8950016712769866,30.057999538257718,1.3919998309575021,149.64100046199746,2,0
1847,object,22596.742709196,89.49399853008799,4.155001079197973,2.681998012121767,11.046002327930182,1.0089970601256937,108.38599700946361,2,0
1848,object,22596.787601114,53.47900150809437,2.1569976524915546,1.3790013326797634,6.508998922072351,0.443000317318365,63.966999732656404,2,0
1849,object,22596.832835693,101.33099931408651,4.797002475243062,3.1050003599375486,11.524996807565913,1.0210023901890963,121.77900134702213,2,0
1850,object,22596.878198422,94.57099804421887,4.856003215536475,3.1129966373555362,10.774001566460356,0.9319992386735976,114.24599870224483,2,0
1851,object,22596.922567174,51.871000323444605,2.296001184731722,1.095999323297292,5.885001883143559,0.3940003807656467,61.542003095382825,2,0
1852,object,22596.967698371,101.8189977912698,4.303001333028078,3.0179980967659503,12.915999832330272,0.9030009096022695,122.95899796299636,2,0
1853,object,22597.012794519,113.1390017690137,4.665998858399689,2.9039983928669244,13.73400300508365,1.0879994079004973,135.53100143326446,2,0
1854,object,22597.057561146,50.971000746358186,1.8339997041039169,1.0789990483317524,6.149999535409734,0.4630019247997552,60.497000959003344,2,0
1855,object,22597.102864113,177.14099885779433,7.186001312220469,3.7200006772764027,16.60799898672849,1.239000994246453,205.89400082826614,2,0
1856,object,22597.147790844,110.63900092267431,4.779998562298715,2.969001798192039,13.681998098036274,1.077001797966659,133.147001179168,2,0
1857,object,22597.193196365,125.15100024756975,3.973000275436789,2.2990025172475725,15.56899951538071,0.7169983291532844,147.7090008847881,2,0
1858,object,22597.23802526,175.84200031706132,8.012997568584979,3.9949991332832724,18.855000234907493,1.3120006769895554,208.01699793082662,2,0
1859,object,22597.28278133,111.59600035171025,4.944002284901217,2.99799648928456,13.736000255448744,1.153002813225612,134.42700219457038,2,0
1860,object,22597.32762215,65.69000106537715,2.4860019038897008,1.5029982023406774,7.958999049151316,0.5350011633709073,78.17300138412975,2,0
1861,object,22597.372757986,105.52000094321556,4.8100009735208005,2.5789995561353862,12.96199843636714,0.9880022844299674,126.85900219366886,2,0
1862,object,22597.418295598,53.79299909691326,3.3329997677356005,2.429002051940188,7.004000508459285,0.6589980330318213,67.21799945808016,2,0
1863,object,22597.46263792,73.5139983589761,2.873999619623646,1.410000550094992,8.898001397028565,0.609998096479103,87.3059980222024,2,0
1864,object,22597.507744546,102.17999806627631,4.595000064000487,2.707001840462908,11.561998690012842,1.058000634657219,122.10199929540977,2,0
1865,object,22597.552579095,65.54900028277189,3.6049968912266195,2.1619998733513057,8.675000572111458,0.8730021363589913,80.86399975582026,2,0
1866,object,22597.597782539,83.79200153285637,3.58899706043303,2.110002242261544,9.842999133979902,0.7419985195156187,100.07599848904647,2,0
1867,object,22597.642717472,119.8779973492492,4.952002200298011,3.078999725403264,12.156000593677163,1.2799973774235696,141.3449972460512,2,0
1868,object,22597.687609699,54.3589994776994,1.934997271746397,1.2740019883494824,9.521998435957357,0.48199945013038814,67.57199662388302,1,0
1869,object,22597.732626008,61.86400059959851,3.35000004270114,2.520999260013923,8.164999599102885,0.7929993444122374,76.6929988458287,1,0
1870,object,22597.77863142,38.578000385314226,3.4700024116318673,1.8659993656910956,5.575999239226803,0.7679991540499032,50.258000555913895,1,0
1871,object,22597.822650413,51.123999583069235,2.7339992811903358,2.111002686433494,6.302998372120783,0.6869995559100062,62.958999478723854,1,0
1872,object,22597.867897216,129.36299754073843,7.103000825736672,3.963999915868044,14.490000467048958,1.2210002751089633,156.14099902450107,1,0
1873,object,22597.912867272,92.02300134347752,4.678000550484285,2.9049988370388746,12.145999789936468,1.0410003596916795,112.79300088062882,1,0
1874,object,22597.957644734,52.52299888525158,3.0049995984882116,1.7590027709957212,6.686997949145734,0.5660003807861358,64.53999958466738,1,0
1875,object,22598.002706617,72.28499816847034,4.073001036886126,2.177999704144895,4.044999514007941,0.9830000635702163,83.56399848707952,0,0
1876,object,22598.047669985,3.0459996196441352,5.245998181635514,1.4260003808885813,1.8740029190666974,0.57199940783903,12.164000509073958,0,0
1877,object,22598.092654139,1.9719991541933268,4.741999873658642,1.4409997675102204,1.5799996617715806,0.49099980969913304,10.225998266832903,0,0
1878,object,22598.137959369,3.5480006772559136,8.31199940876104,2.754000888671726,2.4090004444587976,1.1069969332311302,18.129998352378607,0,0
1879,object,22598.182664141,2.2999993234407157,5.117999535286799,2.2310014173854142,1.4139986888039857,0.7419985195156187,11.804997484432533,0,0
1880,object,22598.227514209,0.5330002750270069,1.6470003174617887,0.672000169288367,0.523999915458262,0.2529995981603861,3.6290002753958106,0,0
1881,object,22598.27277237,2.8840004233643413,6.918999133631587,2.558001142460853,1.9339968275744468,1.0390031093265861,15.334000636357814,0,0
1882,object,22598.317590603,1.3979988580103964,4.974001058144495,2.325999957975,1.6899975889828056,0.7640010153409094,11.151998478453606,0,0
1883,object,22598.346438419,2.9939983505755663,5.964000592939556,3.0810006137471646,108.20399984368123,1.0469993867445737,121.28999878768809,1,1
1884,object,22598.37730395,47.026998799992725,115.64699889277108,38.69600186590105,2.836000930983573,0.5410001904238015,204.74700068007223,1,1
1885,object,22598.403672808,50.135000492446125,122.76900088181719,39.44800118915737,3.221997758373618,0.36900019040331244,215.9430005121976,1,1
1886,object,22598.452984786,143.90499927685596,6.899001164129004,3.5570010368246585,15.416997484862804,1.510001311544329,171.28800027421676,1,0
1887,object,22598.497667194,76.7680030548945,4.04099773732014,2.0549996406771243,10.863001079997048,0.5760011845268309,94.30300269741565,1,0
1888,object,22598.54265633,61.28099994384684,3.606000973377377,2.287000825162977,8.114999218378216,0.8150018402375281,76.10400280100293,1,0
1889,object,22598.587835883,101.85199789702892,4.719000571640208,2.8460017347242683,11.989999620709568,1.0909971024375409,122.49799692654051,1,0
1890,object,22598.63262041,41.48399966652505,2.4049986677709967,2.18800050788559,5.148001946508884,0.3850000211969018,51.610000809887424,1,0
1891,object,22598.677845481,85.26300007360987,4.473000444704667,2.9329967219382524,10.568001016508788,1.0490002750884742,104.28599853185005,1,0
1892,object,22598.72277452,46.40399856725708,3.8620019040536135,2.220000169472769,7.185000868048519,0.8489987521898001,60.52000026102178,1,0
1893,object,22598.767685477,38.66900078719482,1.8450009520165622,1.57699832925573,4.921999789075926,0.2710003172978759,47.28400017484091,1,0
1894,object,22598.812758078,114.25800039432943,6.138001481303945,3.9609985833521932,14.411001757252961,1.1999982234556228,139.96800043969415,1,0
1895,object,22598.857864571,48.01400064025074,3.8100006349850446,2.115997631335631,7.876002200646326,0.6609989213757217,62.477000028593466,1,0
1896,object,22598.882691635,149.87800022936426,295.77299937955104,105.0040009431541,7.5789976108353585,1.0000003385357559,559.2339985014405,1,1
1897,object,22598.911654331,100.55899838334881,213.24100089259446,58.240999351255596,6.8640001700259745,0.5990004865452647,379.5039992837701,1,1
1898,object,22598.939029373,48.75300146522932,129.64900088263676,48.43399801757187,3.641001967480406,0.5129986675456166,230.99000100046396,1,1
1899,object,22598.968814807,130.54599912720732,388.66899922140874,170.00799925881438,9.527000656817108,1.6550002328585833,700.4049984971061,1,1
1900,object,22598.998409068,127.51699978252873,371.8599982676096,192.40600158809684,9.711999155115336,1.315002009505406,702.8100008028559,1,1
1901,object,22599.026855454,51.52699668542482,126.33600272238255,37.164998502703384,2.5609988369978964,0.7940034265629947,218.38300017407164,1,1
1902,object,22599.055409301,41.42599937040359,111.60800204379484,35.76100061764009,2.6099987735506147,0.3589993866626173,191.76400019205175,1,1
1903,object,22599.085913594,63.40400068438612,204.07899864949286,73.9639981475193,5.762001819675788,0.6469999789260328,347.8559992800001,1,1
1904,object,22599.11689893,73.12600064324215,244.84100140398368,98.6300001386553,7.238999387482181,0.9399991540703923,424.7760007274337,1,1
1905,object,22599.143919757,74.99899948015809,294.07500187517144,102.93100058333948,8.067996532190591,0.8780007192399353,480.95099919009954,1,1
1906,object,22599.16954038,55.12200004886836,245.00400104443543,52.387997129699215,4.268000338925049,0.5760011845268309,357.3579997464549,1,1
1907,object,22599.195785349,50.18299998482689,142.32900139177218,62.85999916144647,3.578999894671142,0.47399953473359346,259.4249999674503,1,1
1908,object,22599.224578374,80.84900036919862,226.01499949814752,133.62599929678254,7.225000445032492,0.9010000212583691,448.61599963041954,1,1
1909,object,22599.253148789,88.65199924912304,259.9750005174428,103.49799777031876,7.0880014391150326,0.8819988579489291,460.0949978339486,1,1
1910,object,22599.286205776,105.95200001262128,313.04599906434305,105.68700236035511,6.9499983510468155,0.9079994924832135,532.5429992808495,1,1
1911,object,22599.315943055,47.29699867311865,169.59400090854615,38.67499981424771,2.869001036742702,0.3360000846441835,258.7710005172994,1,1
1912,object,22599.344260781,51.701001211768016,133.13199815456755,42.85400063963607,2.9559996619354934,0.5389993020799011,231.18199896998703,1,1
1913,object,22599.374757683,104.32799899717793,319.6340003341902,144.02899978449568,8.047001756494865,0.9620016498956829,577.0000025222544,1,1
1914,object,22599.404733223,139.78700008010492,395.69599903188646,176.04100139578804,12.739998055621982,1.63400181918405,725.8980003825855,1,1
1915,object,22599.43355471,35.72399873519316,98.30500130192377,33.27499871375039,2.7229980332776904,0.2670021785888821,170.2939989627339,1,1
1916,object,22599.488051868,108.53200001292862,6.823000148870051,3.9039987314026803,16.531001165276393,1.205000444315374,136.99500050279312,1,0
1917,object,22599.532765612,85.2150005812291,4.3910004023928195,2.6089983293786645,10.703002772061154,1.0069998097606003,103.92500189482234,1,0
1918,object,22599.577520774,28.042999474564567,1.6880003386177123,1.0049989214166999,3.1130002753343433,0.28300200938247144,34.132001019315794,1,0
1919,object,22599.600515166,87.46200182940811,236.09900017618202,86.93899872014299,7.475999154848978,1.053002051776275,419.02900193235837,1,1
1920,object,22599.630143594,129.70199895789847,198.6980023502838,53.61699732020497,4.023000656161457,1.1140000424347818,387.15399932698347,1,1
1921,object,22599.658886686,73.79100134130567,224.74999786936678,82.8140000521671,5.9869998949579895,1.04300124803558,388.3850004058331,1,1
1922,object,22599.685462042,40.09199983556755,106.29399912431836,33.54599903104827,2.878001396311447,0.2999986463692039,183.10999803361483,1,1
1923,object,22599.712302076,64.79999865405262,171.94600150105543,58.1479980610311,4.306002665543929,0.57199940783903,299.7720002895221,1,1
1924,object,22599.757781519,92.36899859388359,5.171998054720461,2.788001438602805,11.520998668856919,1.4230026863515377,113.27299944241531,1,0
1925,object,22599.802789411,87.75000242167152,4.973000613972545,2.9650000215042382,11.551997886272147,1.1680021998472512,108.4080031432677,1,0
1926,object,22599.847496276,21.760999516118318,1.32000059238635,0.7599992386531085,2.901000698329881,0.4029971023555845,27.14499714784324,1,0
1927,object,22599.876866712,91.47400123765692,262.34799952362664,90.20099969347939,6.038000719854608,0.7740018190816045,450.83500299369916,1,1
1928,object,22599.907703841,94.65599941904657,272.4940022744704,123.95999874570407,7.277001714101061,0.8609968062955886,499.2479989596177,1,1
1929,object,22599.934215458,90.11399743030779,246.96200125617906,103.07800039299764,6.934998964425176,1.0780022421386093,448.1670002860483,1,1
1930,object,22599.960588049,59.52999708824791,126.50999997276813,42.1090007876046,2.802000381052494,0.26999987312592566,231.22099810279906,1,1
1931,object,22599.987770025,46.469998778775334,113.6960017902311,36.94000042742118,2.950000634882599,0.35099947126582265,200.40700110257603,1,1
1932,object,22600.016307945,80.17900108825415,236.72200040891767,101.25299741048366,6.529000529553741,0.953001290326938,425.63600072753616,1,1
1933,object,22600.046361027,74.91899668821134,231.8440019735135,101.45700071007013,6.886999472044408,0.8559982234146446,415.96299706725404,1,1
1934,object,22600.075307344,92.73600153392181,238.02799842087552,102.19199975836091,6.936999852769077,0.8679999154992402,440.76099948142655,1,1
1935,object,22600.100711268,39.94999860879034,114.31099846959114,35.21500184433535,2.8959984774701297,0.3580025804694742,192.72999998065643,1,1
1936,object,22600.127264549,48.59500040765852,133.52300084079616,47.26000042865053,3.3329997677356005,0.4360008460935205,233.14700229093432,1,1
1937,object,22600.1549745,144.4589979655575,346.7290007392876,156.52599904569797,10.05000012810342,1.205000444315374,658.9689983229619,1,1
1938,object,22600.180624635,87.16700176591985,246.7480007908307,118.36100020445883,7.034999725874513,0.8859969966579229,460.1969994837418,1,1
1939,object,22600.206249807,58.59799784957431,167.98900105641223,62.249000620795414,5.1440001698210835,1.1519987310748547,295.1319984276779,1,1
1940,object,22600.235725901,46.07899973052554,114.54000195953995,34.13599915802479,3.1509989639744163,0.41500243241898715,198.32100224448368,1,1
1941,object,22600.266912469,44.06199877848849,118.28000060631894,33.43999924254604,2.9220027499832213,0.3209970600437373,199.02499843738042,1,1
1942,object,22600.300289478,120.40900037391111,352.88399885757826,158.41600179555826,8.793998858891428,1.101001544157043,641.6040014300961,1,1
1943,object,22600.330796147,83.06200106744654,224.13500119000673,71.16399865481071,4.876001185039058,0.8259994501713663,384.0630015474744,1,1
1944,object,22600.361669837,112.2150024457369,351.29699972458184,58.6200003453996,5.857000360265374,1.805998181225732,529.7950010572094,1,1
1945,object,22600.394251476,66.34200326516293,170.71899856091477,64.8259992885869,5.53800055058673,0.6119989848230034,308.03700065007433,1,1
1946,object,22600.422911134,146.20000001741573,291.97999901953153,147.39800099050626,7.533999450970441,1.005002559395507,594.1170020378195,1,1
1947,object,22600.452931104,132.2150019404944,339.5200001250487,172.69599993596785,9.1479996626731,1.2329983292147517,654.8119999933988,1,1
1948,object,22600.478836796,60.444999689934775,228.27300199423917,109.05700037255883,14.523000572808087,0.6249974831007421,412.9230001126416,1,1
1949,object,22600.504765343,44.95900066103786,108.15999849000946,37.06899951794185,2.5039989850483835,0.6650006980635226,193.35699835210107,1,1
1950,object,22600.532336599,72.08099850686267,201.05200019315816,77.20500070718117,5.36099832970649,0.6690024747513235,356.3680002116598,1,1
1951,object,22600.560529406,84.26199929090217,259.5750011096243,103.30999793950468,6.829999620094895,0.9610012057237327,454.93799916584976,1,1
1952,object,22600.587458734,102.79200068907812,323.3759998693131,112.53099728492089,25.011002435348928,0.8989991329144686,564.6089994115755,1,1
1953,object,22600.614375599,50.19699892727658,149.61099805077538,52.41000326350331,3.4429976949468255,0.7260023267008364,256.38700026320294,1,1
1954,object,22600.641174556,41.076000343309715,100.8789986371994,32.21500082872808,2.610999217722565,0.3179993655066937,177.09899839246646,1,1
1955,object,22600.687953078,98.9600011962466,4.25400139647536,2.519998815841973,11.494001228129491,1.0359981388319284,118.26400077552535,1,0
1956,object,22600.732651544,73.35099871852435,5.647001671604812,3.631001163739711,12.257998605491593,1.0500007192604244,95.93700087862089,1,0
1957,object,22600.777685677,55.824999435571954,2.6660018193069845,1.2799973774235696,7.122001989046112,0.5319998308550566,67.42500045220368,1,0
1958,object,22600.82273297,75.34399992437102,4.893001460004598,2.8950016712769866,9.234998287865892,1.0330004442948848,93.40000178781338,1,0
1959,object,22600.867977757,145.1070020266343,7.4359995778650045,4.448997060535476,15.771001926623285,1.348998921457678,174.11199951311573,1,0
1960,object,22600.91267281,46.03400157066062,1.9379986042622477,1.4940014807507396,5.570000212173909,0.4360008460935205,55.47200271394104,1,0
1961,object,22600.957719285,68.21199713158421,3.792003553826362,2.529999619582668,9.389998012920842,0.8930001058615744,84.81699842377566,1,0
1962,object,22601.002962172,149.84700101194903,7.459999324055389,4.461002390598878,17.531998310005292,1.7829988792072982,181.0829999158159,1,0
1963,object,22601.006332037,94.19699927093461,243.6540016788058,100.80499851028435,6.930000381544232,0.7980015652719885,446.384001406841,1,1
1964,object,22601.037222598,50.52900087321177,116.89099846989848,37.9270022676792,3.0749979487154633,0.40899976738728583,208.8309993268922,1,1
1965,object,22601.068371403,77.02200309722684,224.93500000564381,84.54899943899363,6.705999112455174,0.8150018402375281,394.027003494557,1,1
1966,object,22601.099525636,66.73100142506883,156.43599908798933,41.73200068180449,3.7440004234667867,1.1279989848844707,269.7710006032139,1,1
1967,object,22601.125674279,47.377001465065405,117.58599794120528,36.13500302890316,2.734999725362286,0.3440000000409782,204.1770021605771,1,1
1968,object,22601.153236982,30.11099761351943,96.81700248620473,32.50199733884074,2.3989996407181025,0.24100154405459762,162.0699986233376,1,1
1969,object,22601.183474897,52.151001000311226,155.42599794571288,63.833002059254795,4.401998012326658,0.5280016921460629,276.3400007097516,1,1
1970,object,22601.227791253,86.5340007294435,4.89099693368189,2.630000381032005,10.567000572336838,1.0730000212788582,105.6949986377731,1,0
1971,object,22601.272660451,62.27999983821064,4.09800122724846,2.449000021442771,9.710998710943386,0.8940005500335246,79.43200034787878,1,0
1972,object,22601.317601295,52.83400241751224,2.3569991753902286,1.7829988792072982,5.944999429630116,0.5140027496963739,63.433002651436254,1,0
1973,object,22601.36271887,69.16100028320216,4.849000106332824,2.73999830824323,10.119998478330672,1.0090006981045008,87.87899787421338,1,0
1974,object,22601.407821088,84.35899871983565,4.675002855947241,3.0429982871282846,11.54300116468221,0.9590003173798323,104.57900134497322,1,0
1975,object,22601.452657207,48.47400123253465,1.9879989849869162,1.0610019671730697,5.740999768022448,0.44999978854320943,57.71400174126029,1,0
1976,object,22601.497647157,54.38299922388978,4.068999260198325,2.4930013751145452,8.056998922256753,0.8710012480150908,69.8730000294745,1,0
1977,object,22601.54268274,44.75899913813919,2.8760005079675466,1.267999323317781,5.57400198886171,0.5259971658233553,55.00299812410958,1,0
1978,object,22601.543702915,33.801999961724505,121.7299977724906,47.11799920187332,3.1760027923155576,0.4020002961624414,206.22800002456643,1,1
1979,object,22601.570578888,44.403997890185565,107.68200081656687,32.77300129411742,2.6419984351377934,0.4400026227813214,187.94100105878897,1,1
1980,object,22601.600815087,118.64299813169055,366.9090001494624,167.36900215619244,9.797000529943034,1.095999323297292,663.8140002905857,1,1
1981,object,22601.628793023,91.99700070894323,271.6109993343707,102.76700049871579,6.972000846872106,0.8780007192399353,474.2250021081418,1,1
1982,object,22601.659819099,91.23400013777427,302.24699730752036,149.79000115999952,8.669001545058563,1.2349992175586522,553.1749993679114,1,1
1983,object,22601.687148034,40.081999031826854,108.12899927259423,33.76099994056858,2.925000444520265,0.32900061341933906,185.22599930292927,1,1
1984,object,22601.73787755,90.6550012587104,4.75199703942053,3.0660012271255255,12.327000149525702,1.0330004442948848,111.83300011907704,1,0
1985,object,22601.782664344,62.40400034585036,3.7940008041914552,2.314998710062355,8.284001523861662,0.9479990694671869,77.74500045343302,1,0
1986,object,22601.827605307,38.12000068137422,2.3459979274775833,1.1699994502123445,5.421999958343804,0.35199991543777287,47.40999793284573,1,0
1987,object,22601.872696825,62.94799823081121,3.1890012905932963,1.720000000204891,7.942999218357727,0.7259986887220293,76.52599742868915,1,0
1988,object,22601.917601621,53.61700095818378,2.9179973353166133,1.977001375053078,7.080998329911381,0.7100024959072471,66.3030004943721,1,0
1989,object,22601.962507386,32.53099930589087,1.7279999156016856,1.7890015442389995,6.877999112475663,0.3120003384537995,43.23800021666102,1,0
1990,object,22602.007748298,81.2699981906917,4.63299875264056,3.026001650141552,11.435000487836078,1.0180010576732457,101.38200013898313,1,0
1991,object,22602.052666955,77.04999734414741,4.07699917559512,2.4330001906491816,8.573002560297027,0.853000528877601,92.98599979956634,1,0
1992,object,22602.072064156,102.80900096404366,255.22599753458053,101.69900269829668,6.83799953549169,0.9789982868824154,467.550999019295,1,1
1993,object,22602.095636463,35.39400131558068,100.21399793913588,32.23300154786557,2.368000423302874,0.2679989847820252,170.47700021066703,1,1
1994,object,22602.122499377,61.593000282300636,143.19099864223972,41.792998672463,3.5910015867557377,0.4610010364558548,250.62900022021495,1,1
1995,object,22602.152443696,86.57800208311528,243.68099911953323,103.71900134487078,7.078997441567481,0.8820024959277362,441.9390024850145,1,1
1996,object,22602.177169945,75.70899833808653,227.5460028613452,141.27899703453295,8.256000000983477,1.1320007615722716,453.9219989965204,1,1
1997,object,22602.20257731,107.15499956859276,275.25699988473207,119.70900231972337,7.774997357046232,1.005002559395507,510.90100168948993,1,1
1998,object,22602.226161276,36.94999759318307,110.98400136688724,37.38599843927659,2.4550026864744723,0.31899980967864394,188.09399989550002,1,1
1999,object,22602.251425725,50.03999831387773,120.0360020447988,40.447997889714316,3.117002052022144,0.40899976738728583,214.05000006780028,1,1
2000,object,22602.277342323,131.75200001569465,255.20800045342185,101.78199954680167,6.933001714060083,1.139000232797116,496.81400196277536,1,1
2001,object,22602.302095056,98.85300096357241,341.566999850329,106.44099893397652,7.2920011007227,0.8739989425521344,555.0269997911528,1,1
2002,object,22602.327631181,86.51999814901501,249.56600100267678,140.25199925526977,7.581002137158066,0.9169998520519584,484.8360003961716,1,1
2003,object,22602.353386252,34.354998206254095,130.34999938099645,53.49300045054406,3.2669995562173426,0.3900022420566529,221.8549998360686,1,1
2004,object,22602.377037509,89.17100058170035,253.6390020395629,71.46200005081482,4.64899858343415,0.5680012691300362,419.4890025246423,1,1
2005,object,22602.402505742,103.47799980081618,310.03500043880194,178.0519996827934,9.117000445257872,1.1939991964027286,601.8759995640721,1,1
2006,object,22602.429633402,104.286998976022,367.63000025530346,179.209000634728,9.77500167209655,1.7079983081202954,662.6089998462703,1,1
2007,object,22602.453762419,114.94699720060453,396.0550020565279,182.9920001910068,11.3139976747334,2.001001121243462,707.3089982441161,1,1
2008,object,22602.478243034,52.71000190987252,157.11699961684644,59.78199988021515,4.141998942941427,0.3440000000409782,274.0950003499165,1,1
2009,object,22602.502173065,67.12399772368371,132.42300337878987,53.53899905458093,3.4810000215657055,0.43199906940571964,256.99899924802594,1,1
2010,object,22602.526828378,96.99300062493421,272.6220009208191,123.31199832260609,6.991002010181546,0.8919996616896242,500.8100015402306,1,1
2011,object,22602.551655108,111.50299906148575,380.72100142017007,180.25199824478477,9.963001502910629,1.1629999789875,683.6020002083387,1,1
2012,object,22602.575741679,96.27200051909313,284.9199991032947,106.52000128175132,7.324997568503022,1.010001142276451,496.0469996149186,1,1
2013,object,22602.60233199,171.07099847635254,416.5350001130719,204.66199930524454,7.799000741215423,0.9510004019830376,801.0179990378674,1,1
2014,object,22602.625519805,104.03700071037747,253.4039995225612,50.06100036553107,2.854001650121063,0.43699765228666365,410.7929999008775,1,1
2015,object,22602.650034546,57.525998272467405,121.3610012200661,37.711000913986936,2.5890003598760813,0.352996721630916,219.53999748802744,1,1
2016,object,22602.675254364,84.2970002850052,237.97999892849475,101.93400157731958,7.000999175943434,0.9870018402580172,432.199001807021,1,1
2017,object,22602.699438984,74.02800110867247,231.97299742605537,102.27399980067275,6.710000889142975,0.9120012691710144,415.8970004937146,1,1
2018,object,22602.7247799,144.13600001716986,250.62900022021495,94.03399963048287,6.475998816313222,0.8210008672904223,496.0959995514713,1,1
2019,object,22602.750390753,46.61799903260544,110.75200018240139,33.224998333025724,2.529002813389525,0.30599767342209816,193.42999803484417,1,1
2020,object,22602.774324055,33.79299960215576,96.19399861549027,32.7220004692208,2.4520013539586216,0.3079985617659986,165.46899860259145,1,1
2021,object,22602.799834009,88.14699685899541,268.5070030565839,104.41599806654267,7.234000804601237,1.04300124803558,469.3470000347588,1,1
2022,object,22602.824582945,86.93200288689695,383.41099934768863,146.73099940409884,8.325998351210728,0.953001290326938,626.3530012802221,1,1
2023,object,22602.849220183,105.86899952613749,333.2960004627239,170.02700042212382,10.041996574727818,1.2380005500745028,620.4719975357875,1,1
2024,object,22602.87311743,122.07799954921938,295.3789989987854,112.72900155745447,6.374997610691935,0.74800118454732,537.3089989006985,1,1
2025,object,22602.896299666,45.62499816529453,116.61300231935456,37.691999750677496,2.849999873433262,0.4039975465275347,203.18399765528738,1,1
2026,object,22602.920790626,73.44400000874884,498.8799992133863,105.10900028748438,6.760998076060787,0.7630005711689591,684.9569981568493,1,1
2027,object,22602.946968479,118.24100147350691,255.23099975544028,113.0620003095828,6.926999049028382,0.9489995136391371,494.4100001011975,1,1
2028,object,22602.972941309,105.922001239378,250.5390002625063,102.25499863736331,7.419999747071415,0.8820024959277362,467.0180023822468,1,1
2029,object,22603.003140708,88.7060014065355,248.57099924702197,104.02400221209973,7.238999387482181,0.9479990694671869,449.4880013226066,1,1
2030,object,22603.029896633,31.93399970768951,104.22899867990054,38.141999539220706,2.282002242282033,0.285999703919515,176.8729998730123,1,1
2031,object,22603.057146287,50.87500176159665,128.49199993070215,44.75899913813919,3.2190000638365746,0.4169996827840805,227.76200057705864,1,1
2032,object,22603.083671361,111.39900016132742,264.96200007386506,106.65800073184073,7.54599750507623,0.8019997039809823,491.3669981760904,1,1
2033,object,22603.107090185,72.87599873961881,227.2710007673595,99.27499922923744,7.038001058390364,0.872001692187041,407.33200148679316,1,1
2034,object,22603.1340384,75.71400055894628,232.11599909700453,102.5240017042961,6.996997399255633,0.8850001904647797,418.2359989499673,1,1
2035,object,22603.158698949,36.544999602483585,103.87500151409768,35.00399907352403,2.873999619623646,0.33700052881613374,178.63500033854507,1,1
2036,object,22603.207805014,93.07700020144694,4.937999619869515,2.787000994430855,11.238997103646398,1.3540011423174292,113.39499906171113,1,0
2037,object,22603.253170042,184.4159996835515,8.88599970494397,4.072000592714176,21.69800063711591,1.9449980754870921,221.01699869381264,1,0
2038,object,22603.297593589,27.368001610739157,1.3360004231799394,0.7779999577905983,3.4889999369625,0.34699769457802176,33.317999623250216,1,0
2039,object,22603.316728063,45.26300108409487,131.92799815442413,49.943999329116195,3.7960016925353557,0.4399989848025143,231.37099924497306,1,1
2040,object,22603.345593773,71.94200225058012,243.67699734284543,108.48000238183886,8.652998076286167,1.010001142276451,433.762001193827,1,1
2041,object,22603.375144693,81.5700004750397,239.69600078999065,100.28699762187898,6.957001460250467,0.9399991540703923,429.4499995012302,1,1
2042,object,22603.40252939,115.81299986573867,288.46100030932575,125.55200009956025,7.949998689582571,1.086998963728547,538.8629979279358,1,1
2043,object,22603.42730119,47.949000872904435,119.82199794147164,37.39500243682414,3.683999239001423,0.5759975465480238,209.42599803674966,1,1
2044,object,22603.478930559,40.96500197192654,3.6419987736735493,2.083001163555309,6.491998647106811,0.7130001904442906,53.8950007467065,1,0
2045,object,22603.52281792,113.50200293236412,4.7100002120714635,2.682998456293717,12.214000889798626,1.1640004231594503,134.27300291368738,1,0
2046,object,22603.56761046,45.341999793890864,2.3560023691970855,1.2939999578520656,6.173999281600118,0.3950008249375969,55.56100222747773,1,0
2047,object,22603.612674537,66.688000515569,3.9700025808997452,2.58299769484438,8.78300124895759,0.8710012480150908,82.8950032882858,1,0
2048,object,22603.657809722,100.48100011772476,4.849000106332824,3.2389980333391577,12.324999261181802,1.034000888466835,121.92799840704538,1,0
2049,object,22603.702508397,38.1520003429614,1.9469989638309926,0.8360002539120615,4.65199991595,0.32400203053839505,45.91100150719285,1,0
2050,object,22603.747801249,59.441001212690026,3.7579993659164757,2.224998752353713,7.74200088926591,0.7710004865657538,73.93700070679188,1,0
2051,object,22603.792800195,99.31400200002827,5.117999535286799,2.886998117901385,13.499000488081947,1.104999682866037,121.92299982416444,1,0
2052,object,22603.837604202,49.83700273442082,2.071999915642664,1.329997758148238,5.976999091217294,0.4480025381781161,59.66400203760713,1,0
2053,object,22603.882920396,136.96299720322713,7.366001227637753,4.503999662119895,15.421999705722556,1.6830017557367682,165.9379995544441,1,0
2054,object,22603.927780066,88.05800098343752,4.681001883000135,2.9330003599170595,11.770996934501454,1.0300027497578412,108.47300291061401,1,0
2055,object,22603.972543006,40.381000872002915,2.0810002752114087,1.0309995559509844,4.9769987526815385,0.7280032150447369,49.19800267089158,1,0
2056,object,22604.017790154,91.05199933401309,4.692999937105924,2.701999619603157,11.901000107172877,1.1689990060403943,111.51699800393544,1,0
2057,object,22604.062840367,92.13899829774164,4.517001798376441,2.8379981813486665,12.288001016713679,1.014999725157395,112.79699901933782,1,0
2058,object,22604.10772542,49.215999752050266,2.2040003386791795,1.1550000635907054,5.775000317953527,0.4079993232153356,58.75799979548901,1,0
2059,object,22604.15289699,138.55799988959916,8.086000889306888,3.9750011637806892,15.473000530619174,1.443997462047264,167.53599993535317,1,0
2060,object,22604.197784186,56.36100104311481,4.794001142727211,1.8430000636726618,7.719998393440619,0.6170012056827545,71.33500184863806,1,0
2061,object,22604.242672489,83.07399912155233,4.2730025597848,2.3649990907870233,10.372001270297915,0.6569971446879208,100.74099918710999,1,0
2062,object,22604.287785541,71.55799903557636,3.770001058001071,2.438999217702076,8.74699981068261,1.3569988368544728,87.87099795881659,1,0
2063,object,22604.332676846,61.352002376224846,4.0669983718544245,2.2140011424198747,9.18099976843223,0.9030009096022695,77.71700256853364,1,0
2064,object,22604.377938398,15.803998394403607,1.3180033420212567,0.6839982233941555,2.354001480853185,0.30099909054115415,20.461000531213358,1,0
2065,object,22604.422757312,90.90599996852688,4.950998118147254,2.7759997465182096,10.925003152806312,1.2189993867650628,110.77700037276372,1,0
2066,object,22604.467865116,107.0140024239663,4.827998054679483,3.067998477490619,11.269999959040433,0.9890027286019176,127.16900164377876,1,0
2067,object,22604.512550072,44.476000766735524,2.2570020519196987,1.8589998944662511,6.070000381441787,0.7759990694466978,55.43800216400996,1,0
2068,object,22604.557806443,85.93500024289824,5.947000317974016,3.287997969891876,11.693999113049358,1.1030024325009435,107.96700007631443,1,0
2069,object,22604.602755748,72.76999895111658,3.9039987314026803,2.1930027287453413,8.84799737832509,1.3300013961270452,89.04499918571673,1,0
2070,object,22604.647821252,82.02199751394801,2.9280017770361155,1.6710000636521727,8.679999154992402,0.7089984137564898,96.00999692338519,1,0
2071,object,22604.692846609,95.51499897497706,4.68800135422498,2.8700014809146523,12.706997949862853,1.2090022210031748,116.98900198098272,1,0
2072,object,22604.737595556,43.491003452800214,3.7469981180038303,2.291999408043921,6.812999345129356,0.6460031727328897,56.98900349671021,1,0
2073,object,22604.782795086,111.34899978060275,4.169000021647662,2.302000211784616,10.764997568912804,0.8260030881501734,129.411000671098,1,0
2074,object,22604.827740583,77.33999882475473,4.288998752599582,2.5230001483578235,11.305000953143463,0.9450013749301434,96.40200005378574,1,0
2075,object,22604.87282317,73.96299770334736,5.169000360183418,2.5940025807358325,9.61499972618185,0.8059978426899761,92.14699821313843,1,0
2076,object,22604.917893304,80.28900265344419,5.622998287435621,2.4950022634584457,4.164998244959861,1.4079996617510915,93.9800011110492,0,0
2077,object,22604.962627602,1.0139992809854448,3.2720017770770937,1.3509998098015785,1.110001903725788,0.4429966793395579,7.189999450929463,0,0
2078,object,22605.007707421,2.5900008040480316,4.896999598713592,1.93000232684426,1.5279983927030116,0.49099980969913304,11.436000932008028,0,0
2079,object,22605.052670578,2.2610001906286925,5.202000465942547,1.9610015442594886,1.6449994291178882,0.7550006557721645,11.82400228572078,0,0
2080,object,22605.097732723,2.4709988792892545,5.982001312077045,2.2570020519196987,2.0649968064390123,0.9750001481734216,13.749999197898433,0,0
2081,object,22605.142535072,1.3520002539735287,2.9750008252449334,0.9760005923453718,0.9559989848639816,0.4120010999031365,6.671001756330952,0,0
2082,object,22605.187894094,3.0470000638160855,6.728998414473608,2.444001438561827,1.8860009731724858,0.8809984137769789,14.986999303800985,0,0
2083,object,22605.232778724,2.65800190391019,6.893998943269253,2.4379987735301256,2.1000014385208488,1.2540003808680922,15.34400144009851,0,0
2084,object,22605.277596379,1.8809987523127347,3.1380004656966776,1.2089985830243677,0.8019997039809823,0.4120010999031365,7.441998604917899,0,0
2085,object,22605.323241982,1.9170001905877143,5.993999366182834,2.30699879466556,2.062999556073919,0.9319992386735976,13.212997146183625,0,0
2086,object,22605.367788771,3.1999989005271345,7.159000233514234,3.0230003176257014,1.9139988580718637,1.3429998944047838,16.638998204143718,0,0
2087,object,22605.405282615,1.4260003808885813,2.7329988370183855,1.3880016922485083,62.07099795574322,0.4579997039400041,68.0759985698387,1,1
2088,object,22605.432547344,51.51599907549098,98.30199996940792,31.78400220349431,2.239998138975352,0.3120003384537995,184.15399972582236,1,1
2089,object,22605.458765486,76.28800085512921,252.50999897252768,101.66599895455875,6.897000275785103,0.971998815657571,438.3329978736583,1,1
2090,object,22605.484195999,89.5550001587253,244.85299945808947,101.6509995679371,6.979000318096951,0.9180002962239087,443.95599979907274,1,1
2091,object,22605.509749471,87.7050006238278,272.5220001593698,104.88200132385828,7.067999831633642,1.0330004442948848,473.2100023829844,1,1
2092,object,22605.534997802,59.41400013398379,126.46600225707516,32.013998861657456,2.8899994504172355,0.3360000846441835,221.12000078777783,1,1
2093,object,22605.561158272,57.7609971514903,145.04100181511603,47.080000513233244,3.5669982025865465,0.46000059228390455,253.90899827471003,1,1
2094,object,22605.587154001,89.68899783212692,247.94400087557733,120.94599878764711,7.976002962095663,0.9369978215545416,467.49199827900156,1,1
2095,object,22605.612450793,92.31800140696578,238.76999694039114,103.62000102759339,7.2450020525138825,0.8819988579489291,442.8350002854131,1,1
2096,object,22605.6401359,82.67399971373379,269.8579992284067,108.5740004782565,6.9640009314753115,1.3520002539735287,469.4220006058458,1,1
2097,object,22605.665367678,107.02600047807209,262.3489999677986,227.99499856773764,11.342999641783535,1.2550008250400424,609.9679994804319,1,1
2098,object,22605.689580738,119.35400107176974,359.49499942944385,178.85600027511828,8.562001312384382,1.0179974196944386,667.2849995084107,1,1
2099,object,22605.714273733,45.158001739764586,110.60699762310833,35.47600135789253,2.943997969850898,0.376003299606964,194.5610019902233,1,1
2100,object,22605.740445813,48.55999941355549,113.34499868098646,31.66300302837044,2.9719994927290827,0.30499722925014794,196.84499784489162,1,1
2101,object,22605.765642223,52.448001952143386,145.07599917124026,46.437999117188156,3.164001100230962,0.5119982233736664,247.63799956417643,1,1
2102,object,22605.793738861,85.70600039092824,247.6599984220229,94.42499867873266,6.526002835016698,0.6810005288571119,434.9980008555576,1,1
2103,object,22605.818382189,44.526997953653336,99.57799920812249,31.269999453797936,2.272001438541338,0.4210014594718814,178.06799951358698,1,1
2104,object,22605.862765876,91.62199785350822,4.631001502275467,2.6029993023257703,11.834999895654619,1.1080010153818876,111.79899956914596,1,0
2105,object,22605.907812735,80.27099829632789,4.41300289821811,2.334996679564938,10.688003385439515,1.019998308038339,98.72699956758879,1,0
2106,object,22605.952433944,22.886000806465745,1.158001396106556,0.7279995770659298,2.472999767633155,0.25199915398843586,27.49700070125982,1,0
2107,object,22605.997823322,92.62100138585083,5.150999641045928,2.649001544341445,11.930998880416155,1.1379997886251658,113.49000124027953,1,0
2108,object,22606.042748194,83.01500201923773,4.841000190936029,2.5890003598760813,10.453997674630955,1.0950025171041489,101.99400276178494,1,0
2109,object,22606.087859351,97.1610024862457,3.1050003599375486,1.6269987099803984,8.721999620320275,0.5459987733047456,111.16099994978867,1,0
2110,object,22606.132884126,87.76799950283021,4.697001713793725,2.77700019069016,11.598996934480965,1.0830008250195533,107.92399916681461,1,0
2111,object,22606.177717843,72.09800241980702,3.8769976526964456,2.3410029825754464,9.16299904929474,0.7310009095817804,88.21000301395543,1,0
2112,object,22606.222587497,43.557000026339665,2.2220010578166693,1.1750016710720956,5.948997568339109,0.4399989848025143,53.342999308370054,1,0
2113,object,22606.268669098,27.669997507473454,2.4840010155458003,1.381999027216807,4.762001481140032,0.5180008884053677,36.81599991978146,1,0
2114,object,22606.312823564,112.69500100752339,4.949000867782161,2.75899947155267,11.37000072048977,1.0599978850223124,132.8329999523703,1,0
2115,object,22606.357623978,56.935998145490885,2.225999196525663,1.2320015230216086,8.19200067780912,0.5580004653893411,69.14400000823662,1,0
2116,object,22606.404032852,47.77300273417495,3.7429999792948365,2.248998498544097,7.061000360408798,0.8600000001024455,61.68600157252513,1,0
2117,object,22606.447788375,91.16599903791212,4.919002094538882,2.5999979698099196,10.681000276235864,1.0789990483317524,110.44499842682853,1,0
2118,object,22606.492569151,42.480998672544956,2.1570012904703617,1.0850017133634537,5.589998181676492,0.5450019671116024,51.858001825166866,1,0
2119,object,22606.53841533,73.98099842248484,3.8190009945537895,1.7880011000670493,11.07099888031371,0.7170019671320915,91.37600136455148,1,0
2120,object,22606.582702698,66.3049977447372,3.1510026019532233,2.2649983293376863,8.47200135467574,0.5389993020799011,80.73199933278374,1,0
2121,object,22606.591672233,171.88000128953718,420.11499681393616,78.93000292824581,5.030997272115201,0.6690024747513235,676.6250007785857,1,1
2122,object,22606.615183509,39.52100087190047,101.78700176766142,31.593997846357524,2.4660002964083105,0.36400160752236843,175.7320023898501,1,1
2123,object,22606.657848345,95.80199912306853,5.090001650387421,2.9030015866737813,12.474996765377,1.1330012057442218,117.40300033125095,1,0
2124,object,22606.702722554,76.49399776710197,4.716002877103165,2.667999069672078,9.195999155053869,0.9729992598295212,94.0469981287606,1,0
2125,object,22606.747776029,16.66400203248486,1.3370008673518896,0.7279995770659298,2.454999048495665,0.31400122679769993,21.498002752196044,1,0
2126,object,22606.79285431,98.5570004559122,5.490001058205962,2.902001142501831,11.775999155361205,1.1449992598500103,119.87000107183121,1,0
2127,object,22606.837792184,79.0189988038037,4.4670014176517725,2.4270011635962874,10.592997568892315,0.9310024324804544,97.43700138642453,1,0
2128,object,22606.881280939,54.40400127554312,125.81799819599837,37.82400017371401,3.0320006771944463,0.4579997039400041,221.53600002638996,1,1
2129,object,22606.906022306,55.27699977392331,126.41500143217854,39.10399755113758,14.342000213218853,0.3839995770249516,235.52199854748324,1,1
2130,object,22606.933804359,63.49600153043866,225.39299970958382,84.04499749303795,5.932000931352377,0.5959991540294141,379.4619988184422,1,1
2131,object,22606.962036855,75.41000013588928,220.90300262789242,116.98099842760712,6.428999768104404,0.8349998097401112,420.55800076923333,1,1
2132,object,22606.989802838,80.99399929051287,279.6910011966247,117.71699792006984,8.217000868171453,1.086998963728547,487.70599823910743,1,1
2133,object,22607.015979578,72.57400284288451,149.6719996794127,41.04999970877543,5.441997927846387,0.934000127017498,269.6720002859365,1,1
2134,object,22607.04018892,47.55500049213879,123.49899770924821,42.48600089340471,2.939999831141904,0.4350004019215703,216.91499932785518,1,1
2135,object,22607.066985709,74.71199933206663,229.6290003869217,100.77000115416013,6.612997822230682,0.7410017133224756,412.4650004087016,1,1
2136,object,22607.093881392,68.28500045230612,264.5029999257531,102.11300104856491,6.831996870459989,0.9160030458588153,442.64900134294294,1,1
2137,object,22607.122140281,88.99699969333597,242.94399918289855,102.24200013908558,6.727001164108515,0.8269998943433166,441.7370000737719,1,1
2138,object,22607.148273798,81.63799793692306,188.12900088960305,50.34900095779449,3.7950012483634055,0.5219990271143615,324.43300005979836,1,1
2139,object,22607.17282353,40.12999852420762,103.76300269854255,46.86099782702513,2.7999994927085936,0.4400026227813214,193.99400116526522,1,1
2140,object,22607.19751621,86.02700108895078,276.21900153462775,112.29399751755409,6.645001121796668,0.8030001481529325,481.9880014110822,1,1
2141,object,22607.222208721,94.38499910174869,257.2660014266148,103.10099969501607,7.047001417959109,0.8899987733457237,462.6890004146844,1,1
2142,object,22607.247200154,67.89799954276532,234.98199880123138,102.21599950455129,6.647002010140568,0.8679999154992402,412.6109997741878,1,1
2143,object,22607.270753947,109.5810002880171,284.4990012818016,128.32200081902556,9.387997124576941,0.990999978967011,532.7809994923882,1,1
2144,object,22607.294443308,52.09300070418976,155.97399760736153,53.52800144464709,4.680998245021328,0.8140013960655779,267.0899993972853,1,1
2145,object,22607.318323651,44.47399987839162,130.53099974058568,50.00599776394665,3.5010016290470958,0.46000059228390455,228.97199960425496,1,1
2146,object,22607.344171108,84.80699762003496,252.22900148946792,103.03800081601366,7.3409973992966115,1.3540011423174292,448.7689984671306,1,1
2147,object,22607.371756628,100.16899977927096,275.2309992501978,113.15300071146339,7.403999916277826,0.9300019883085042,496.88700164551847,1,1
2148,object,22607.397731513,97.21500100567937,256.88999812700786,58.157002058578655,10.236999514745548,0.5309993866831064,423.03000009269454,1,1
2149,object,22607.423542058,33.18699964438565,160.99500135169365,55.630996939726174,2.9889997676946223,0.9080031304620206,253.7100008339621,1,1
2150,object,22607.449547878,70.86099867592566,170.64200073946267,54.67499795486219,4.0190025174524635,0.7939997885841876,300.9909996762872,1,1
2151,object,22607.474053819,76.17599840159528,212.67500051180832,86.39500083518215,6.09099879511632,0.7669987098779529,382.10399725358,1,1
2152,object,22607.499214995,77.12899969192222,233.5520002816338,101.54399933526292,6.817001121817157,0.8939969120547175,419.9359973426908,1,1
2153,object,22607.524971642,105.97800064715557,269.0979999897536,103.70199743192643,7.048001862131059,0.8889983291737735,486.7149982601404,1,1
2154,object,22607.551013069,60.732996644219384,143.66600225912407,50.59899922343902,3.749999450519681,0.4270004865247756,259.17499806382693,1,1
2155,object,22607.57439706,35.362998460186645,96.48500054026954,32.01999788871035,2.3470020096283406,0.34099866752512753,166.55599756632,1,1
2156,object,22607.59986009,87.64500307734124,271.5720002015587,114.23699834267609,7.511000148952007,0.934000127017498,481.89900189754553,1,1
2157,object,22607.624925214,113.26399908284657,261.6700003272854,102.05999933532439,6.8400004238355905,0.88600063463673,484.71999980392866,1,1
2158,object,22607.649223642,54.70099858939648,239.0570007264614,101.16900011780672,6.693000614177436,0.9089999366551638,402.5289999844972,1,1
2159,object,22607.672643652,52.58999954094179,153.76200099126436,58.1559979764279,4.319001163821667,0.462001480627805,269.2890011530835,1,1
2160,object,22607.696553006,25.664998247520998,97.98199971555732,31.855000997893512,2.477001544320956,0.24099790607579052,158.21999841136858,1,1
2161,object,22607.72245862,79.40499926917255,217.74500055471435,79.15500100352801,4.847999662160873,0.6350019248202443,381.78800241439603,1,1
2162,object,22607.747179916,62.212999182520434,241.53599952114746,104.22700142953545,6.316997314570472,0.853000528877601,415.1459979766514,1,1
2163,object,22607.773104691,83.10599878313951,254.33900009375066,103.32600140827708,7.439997716573998,0.8930001058615744,449.1039981076028,1,1
2164,object,22607.798127266,45.273998694028705,154.75300097023137,60.31199882272631,3.9100013964343816,0.4350004019215703,264.68400028534234,1,1
2165,object,22607.822971948,59.65599848423153,112.06000272068195,33.14899731776677,6.482001481344923,0.24099790607579052,211.58799791010097,1,1
2166,object,22607.848988641,114.63000191724859,249.89300072775222,96.82000018074177,6.618000043090433,0.9019968274515122,468.86299969628453,1,1
2167,object,22607.873954521,95.80799815012142,245.9089992044028,100.87500049849041,6.4400010160170496,0.7310009095817804,449.76299977861345,1,1
2168,object,22607.899911132,88.6369998625014,257.8329986135941,100.2669996523764,7.2309994720853865,1.1629999789875,455.1309975795448,1,1
2169,object,22607.924525132,116.9480019598268,334.22699925722554,179.71399938687682,9.904000762617216,1.3479984772857279,642.1409998438321,1,1
2170,object,22607.948797874,42.1090007876046,133.65799895836972,62.26000186870806,17.810998542699963,0.3579989424906671,256.195999099873,1,1
2171,object,22607.974148371,101.50100206374191,331.0009997221641,103.19599823560566,7.393002306343988,0.7519993232563138,543.843001651112,1,1
2172,object,22608.004696933,137.39000132773072,359.57399813923985,170.16100173350424,10.195999493589625,1.4610013749916106,678.782002069056,1,1
2173,object,22608.034220084,113.27800166327506,346.51999885682017,169.06699966057204,10.165000276174396,1.2109994713682681,640.2409999282099,1,1
2174,object,22608.057819599,89.38200335251167,320.2209991286509,161.48599752341397,8.915001671994105,1.0660005500540137,581.0700022266246,1,1
2175,object,22608.082992129,72.14200013549998,144.51500101131387,53.347001085057855,3.245000698370859,0.3749992174562067,273.6240021476988,1,1
2176,object,22608.108977531,86.14300168119371,177.76899767341092,68.26000026194379,4.508001438807696,0.934000127017498,337.6140011823736,1,1
2177,object,22608.13775572,99.91600018111058,293.1529998022597,106.71500058379024,7.034999725874513,0.9940013114828616,507.8130016045179,1,1
2178,object,22608.16940597,92.39000064553693,289.6010009862948,108.62999988603406,7.703001756453887,0.8989991329144686,499.22300240723416,1,1
2179,object,22608.197824156,44.90600258577615,110.18799705198035,45.81900066114031,3.2579991966485977,0.443000317318365,204.61399981286377,1,1
2180,object,22608.226967112,98.41399878496304,161.74499978660606,43.88299930724315,3.2150019251275808,0.4989997250959277,307.75599952903576,1,1
2181,object,22608.253666519,91.19900278165005,311.6289990430232,57.976998505182564,4.217003152007237,0.4809990059584379,465.5030024878215,1,1
2182,object,22608.278472675,28.635000489884987,123.88899995130487,46.869998186593875,3.0570008675567806,0.35500124795362353,202.80600074329413,1,1
2183,object,22608.30386422,56.27199789159931,118.25100227724761,34.17699917918071,2.7220012270845473,0.43699765228666365,211.85899822739884,1,1
2184,object,22608.330092985,75.64699990325607,196.07499780249782,36.1400016117841,2.9559996619354934,0.4770008672494441,311.29499984672293,1,1
2185,object,22608.357332501,41.74000059720129,122.01400022604503,45.34099934971891,3.025998012162745,0.4260000423528254,212.5469982274808,1,1
2186,object,22608.384784057,78.22599945939146,266.11899738782085,104.04200293123722,14.667999494122341,0.976997398538515,464.0319966711104,1,1
2187,object,22608.414298923,54.788000852568075,259.6550002635922,100.20199988503009,6.623999070143327,0.7680027920287102,422.03700286336243,1,1
2188,object,22608.440501027,83.88300193473697,262.71900060237385,103.0569983413443,7.471000571968034,0.7919989002402872,457.92200035066344,1,1
2189,object,22608.466405196,44.08700260682963,126.3289996131789,42.981999285984784,3.0709998100064695,0.35599805414676666,216.82499937014654,1,1
2190,object,22608.489336976,54.52000186778605,146.90199895994738,56.03300087386742,4.539997462416068,0.47900175559334457,262.47400091961026,1,1
2191,object,22608.514247234,97.12799874250777,207.16799917863682,82.24699922720902,5.448000592878088,0.72900002123788,392.7199977624696,1,1
2192,object,22608.538654311,98.77200136543252,242.83299717353657,134.90600031218491,7.376002031378448,0.8649985829833895,484.75199946551584,1,1
2193,object,22608.56331172,85.32699939678423,234.3259984627366,101.01000225404277,7.443999493261799,0.8520000847056508,428.95899969153106,1,1
2194,object,22608.587906584,87.17099990462884,301.9339965248946,102.25000005448237,7.247002940857783,1.2239979696460068,499.8259973945096,1,1
2195,object,22608.612572216,47.44900070363656,136.8529992760159,31.93299926351756,2.978002157760784,0.36499841371551156,219.57799981464632,1,1
2196,object,22608.636780946,54.618001740891486,149.511997733498,74.11700062220916,4.133002221351489,0.5609981599263847,282.9410004778765,1,1
2197,object,22608.664111641,83.71299918508157,240.90000079013407,102.78400077368133,7.44900171412155,0.9279974619857967,435.7739999250043,1,1
2198,object,22608.692151715,87.67499821260571,249.79600129881874,103.04500028723851,7.457998435711488,0.9160030458588153,448.89000128023326,1,1
2199,object,22608.722318081,101.57499855267815,281.5020015987102,103.24500181013718,6.784997822251171,0.8450006134808064,493.9520003972575,1,1
2200,object,22608.747750625,44.0520016127266,126.4629972865805,35.0500013155397,3.2940006349235773,0.4879984771832824,209.34699932695366,1,1
2201,object,22608.771396531,43.67500150692649,122.78099893592298,42.30299964547157,3.154000296490267,0.41399835026822984,212.32699873507954,1,1
2202,object,22608.80053093,77.62600216665305,231.17999808164313,110.48600208596326,6.702997779939324,0.7970011211000383,426.7920012352988,1,1
2203,object,22608.831839908,87.97099872026592,283.1960009643808,103.0589992296882,6.530000973725691,0.857999111758545,481.61399899981916,1,1
2204,object,22608.860173803,50.843998906202614,111.61599832121283,35.38700184435584,2.5180015654768795,0.3659988578874618,200.73099949513562,1,1
2205,object,22608.88872286,45.347002014750615,120.74699770892039,40.449998778058216,3.045002813450992,0.43699765228666365,210.02599896746688,1,1
2206,object,22608.915132046,83.1260003906209,244.716000452172,95.54499774822034,7.463000656571239,0.8120005077216774,431.66199975530617,1,1
2207,object,22608.94129055,83.60799984075129,235.73300131829455,101.1079984891694,8.946000889409333,1.1180018191225827,430.51300235674717,1,1
2208,object,22608.969485617,102.78400077368133,324.830998579273,187.96100266627036,10.269999620504677,1.2419986887834966,627.0880003285129,1,1
2209,object,22608.996412988,63.15100108622573,168.0550012679305,40.66099791089073,3.3149990485981107,0.4090034053660929,275.59100271901116,1,1
2210,object,22609.02456739,45.83400004776195,117.40700210793875,42.27599856676534,3.2140014809556305,0.3839995770249516,209.11500178044662,1,1
2211,object,22609.050215385,72.80399950104766,244.68899937346578,101.36600030818954,7.059999916236848,0.7610033208038658,426.6800024197437,1,1
2212,object,22609.075897466,76.36600275873207,260.26499836007133,100.85499889100902,7.0350033638533205,1.0259973350912333,445.54700070875697,1,1
2213,object,22609.101656285,93.26299914391711,287.6329999708105,107.01700011850335,7.053000445012003,0.8879978850018233,495.8539975632448,1,1
2214,object,22609.127909342,64.71199958468787,281.53799939900637,79.06999962870032,5.302998033585027,0.5550027708522975,431.1779994168319,1,1
2215,object,22609.152753245,59.32199928793125,143.48299737321213,61.070000811014324,3.5039993235841393,0.4390021786093712,267.8179989743512,1,1
2216,object,22609.179969281,115.49300324986689,315.4259975417517,155.70100003969856,9.130999387707561,0.9690011211205274,596.7200013401452,1,1
2217,object,22609.209520376,106.03299961076118,334.76400130894035,197.5759987544734,9.796000085771084,1.2890013749711215,649.4580011349171,1,1
2218,object,22609.236035188,126.38299813261256,353.462000930449,172.79199892072938,10.019000910688192,1.3540011423174292,664.0100000367966,1,1
2219,object,22609.262780817,47.49200161313638,180.65299809677526,59.03599958401173,3.4959994081873447,0.8550014172215015,291.5320001193322,1,1
2220,object,22609.287268762,50.77099922345951,120.01499999314547,33.19300230941735,2.8699978429358453,0.3040004230570048,207.15299979201518,1,1
2221,object,22609.313889506,75.87399886688218,257.06800079206005,105.25800098548643,7.532999006798491,0.8089991752058268,446.541998826433,1,1
2222,object,22609.338300873,86.215997725958,240.92000239761546,103.2939981087111,7.147998985601589,0.8550014172215015,438.43299863510765,1,1
2223,object,22609.36338022,86.98200326762162,243.83099662372842,102.7450016408693,7.25299832993187,0.9660034265834838,441.7770032887347,1,1
2224,object,22609.389508212,38.94800101988949,113.26899766572751,38.85000114678405,2.9430011636577547,0.4219982656650245,194.43199926172383,1,1
2225,object,22609.417161942,66.73399911960587,158.7429978826549,72.25400258903392,4.171000909991562,0.8739989425521344,302.7759994438384,1,1
2226,object,22609.442745694,83.23600195581093,244.16499945800751,95.71500049787574,6.581998604815453,0.8489987521898001,430.54699926869944,1,1
2227,object,22609.469033419,81.23899897327647,245.03899840055965,101.76700016018003,7.165999704739079,0.910000380827114,436.12099761958234,1,1
2228,object,22609.496241316,76.03700214531273,242.27500034612603,102.90599675499834,7.15100031811744,0.9370014595333487,429.3060010240879,1,1
2229,object,22609.522405801,65.36400178447366,207.15500068035908,65.16299981740303,5.128997145220637,0.6020018190611154,343.4130012465175,1,1
2230,object,22609.54589391,52.25600034464151,196.47000226541422,65.99399785045534,5.459001840790734,0.5900001269765198,320.7690024282783,1,1
2231,object,22609.569464195,69.11600212333724,213.64199710660614,92.17400292982347,6.173999281600118,0.8089991752058268,381.9150006165728,1,1
2232,object,22609.594966259,98.92600064631552,175.2620009938255,67.6870004099328,4.489000275498256,0.5789988790638745,346.94300120463595,1,1
2233,object,22609.621402763,44.22699930728413,105.20499927224591,33.30099934828468,2.3370012058876455,0.37399877328425646,185.44399790698662,1,1
2234,object,22609.649386282,74.36200030497275,204.06700059538707,82.70800026366487,6.194000889081508,0.7269991328939795,368.0580011860002,1,1
2235,object,22609.673477114,69.40800085430965,239.90900081116706,53.34699744707905,4.3149993871338665,0.3770001058001071,367.35599860548973,1,1
2236,object,22609.700125979,66.01299901376478,176.1700004863087,65.3589995636139,4.735000402433798,0.5619986040983349,312.83899807021953,1,1
2237,object,22609.727164776,124.91199959185906,360.64400046598166,172.01900118379854,10.212999768555164,1.3450007827486843,669.1330017929431,1,1
2238,object,22609.752949512,127.82200064975768,335.16500116093084,169.69999705906957,9.822000720305368,1.4079996617510915,643.9169992518146,1,1
2239,object,22609.782074987,75.49400106654502,249.57899950095452,100.69699783343822,7.081001967890188,0.9289979061577469,433.7799982749857,1,1
2240,object,22609.807871897,28.077000024495646,91.85399903799407,46.89600245910697,2.3030006559565663,0.3219975042156875,169.45199968176894,1,1
2241,object,22609.837473556,76.5350014262367,205.08300076471642,67.67599916202016,4.781999450642616,0.6100017344579101,354.6860025380738,1,1
2242,object,22609.862419999,88.22599920677021,248.6199991835747,101.68600056204014,7.918999472167343,0.9930008673109114,447.4439992918633,1,1
2243,object,22609.893998231,145.6339996366296,356.1179983080365,160.6880032340996,9.784998837858438,1.0879994079004973,673.3129994245246,1,1
2244,object,22609.921024008,48.04399941349402,203.90300051076338,62.793002143735066,3.773999196710065,0.44199987314641476,318.95600113784894,1,1
2245,object,22609.94801509,34.4219988619443,93.2809998630546,31.57500032102689,2.6620000426191837,0.2579981810413301,162.1979972696863,1,1
2246,object,22609.979251317,75.76600182801485,230.5409980181139,94.60900037083775,6.410999048966914,0.8410024747718126,408.1680017407052,1,1
2247,object,22610.006715414,84.06499910051934,266.2410006450955,106.33299825713038,7.493999873986468,0.9680006769485772,465.10099855368026,1,1
2248,object,22610.033455083,75.01099753426388,241.1580026091542,102.74799933540635,7.039998308755457,0.72900002123788,426.6859978088178,1,1
2249,object,22610.057623068,88.56599743012339,188.26900122803636,78.02599793649279,5.664001946570352,0.6779991963412613,361.20299773756415,1,1
2250,object,22610.081827381,31.952000426827,95.07099821348675,36.02899960242212,2.445001882733777,0.2449996827635914,165.74199980823323,1,1
2251,object,22610.106693055,81.79900032700971,247.18900021980517,97.61599721969105,6.85600025462918,0.8160022844094783,434.2760003055446,1,1
2252,object,22610.134823532,95.95799929229543,311.4950013696216,106.55499863787554,7.577000360470265,1.3310018402989954,522.9160015005618,1,1
2253,object,22610.162870533,89.26800001063384,275.9509989118669,103.10899961041287,7.008002285147086,1.1399970389902592,476.47599785705097,1,1
2254,object,22610.186634855,87.88700142758898,249.69899823190644,131.70199963496998,7.481001375708729,0.9430004865862429,477.7120011567604,1,1
2255,object,22610.209817967,42.170002416241914,110.02599785570055,39.82199996244162,3.2950010790955275,0.4520006768871099,195.76500199036673,1,1
2256,object,22610.233576779,52.408999181352556,132.80000348458998,47.01899888459593,3.2379975891672075,0.41900057112798095,235.88499971083365,1,1
2257,object,22610.259304504,85.35199958714657,229.93200036580674,99.88499732571654,7.059999916236848,0.7449998520314693,422.97399704693817,1,1
2258,object,22610.283821525,91.64400034933351,282.7399985108059,103.61900058342144,7.0019996201153845,0.88600063463673,485.89099969831295,1,1
2259,object,22610.30796124,147.73600196349435,338.6549979040865,152.42500012391247,9.866998880170286,1.224001607624814,649.9070004792884,1,1
2260,object,22610.333128579,45.64099799608812,131.0560001002159,37.795001844642684,3.2809984986670315,0.35500124795362353,218.12799968756735,1,1
2261,object,22610.35628772,47.05900209955871,112.91099872323684,36.36300243670121,2.511998900445178,0.6689988367725164,199.51400099671446,1,1
2262,object,22610.380934428,232.29399812407792,363.3699998317752,183.75199942965992,10.64000025507994,1.1609990906435996,791.2169967312366,1,1
2263,object,22610.40492145,131.38899885234423,305.0320010515861,136.01499813375995,6.794001819798723,0.8669994713272899,580.0969993288163,1,1
2264,object,22610.429447463,87.96099791652523,244.30600024061278,102.70600250805728,6.926999049028382,0.934000127017498,442.83399984124117,1,1
2265,object,22610.455133983,71.54700142564252,153.71900008176453,42.21500057610683,3.083998308284208,0.43700129026547074,271.00200168206356,1,1
2266,object,22610.479273074,82.07299833884463,186.16500165080652,68.48299744888209,5.181002052268013,0.4610010364558548,342.3630005272571,1,1
2267,object,22610.503275716,121.06899885111488,323.42399936169386,157.51600221847184,9.652998414821923,1.1550000635907054,612.8169989096932,1,1
2268,object,22610.527902574,127.66000145347789,328.1999997852836,166.45499999867752,9.794999641599134,1.2990021787118167,633.4090030577499,1,1
2269,object,22610.551536129,81.86899867723696,245.20900115021504,101.06699846801348,7.555998308816925,0.9730028978083283,436.67399950209074,1,1
2270,object,22610.576124693,100.37299944087863,306.60899938084185,150.06199828349054,9.455001418245956,1.0740004654508084,567.5729989889078,1,1
2271,object,22610.601256959,83.86900299228728,159.72899927874096,37.85299850278534,3.1620002118870616,0.34999902709387243,284.9630000127945,1,1
2272,object,22610.624184917,37.67000089283101,102.8199985739775,31.665000278735533,2.20700167119503,0.6869995559100062,175.04900097264908,1,1
2273,object,22610.649471561,86.17700223112479,229.7809987794608,101.71599933528341,6.484002369688824,0.8169990906026214,424.97500180616044,1,1
2274,object,22610.673895622,88.49699952406809,304.5820012630429,100.9519983199425,7.506001566071063,1.1810006981249899,502.71800137124956,1,1
2275,object,22610.699385412,87.88799823378213,246.78699992364272,113.283000246156,8.012000762391835,1.4450015441980213,457.4150007101707,1,1
2276,object,22610.724322241,39.15500201401301,103.84699999121949,33.187996450578794,2.3710017558187246,0.32000025385059416,178.8810004654806,1,1
2277,object,22610.751836841,55.6090017198585,153.44400162575766,53.20999844116159,3.6380006349645555,0.4809990059584379,266.38200142770074,1,1
2278,object,22610.797809275,90.05899846670218,4.813999112229794,2.700999175431207,11.883003026014194,0.9979994501918554,110.45499923056923,1,0
2279,object,22610.842799263,89.50600022217259,4.527999408310279,2.8090034902561456,11.33399928221479,1.109998265746981,109.28700066870078,1,0
2280,object,22610.887575905,67.69200263079256,2.467997546773404,1.7380007193423808,8.326001989189535,0.3949971869587898,80.61900007305667,1,0
2281,object,22610.918812589,74.68599869753234,264.03000083519146,100.44100054074079,6.772999768145382,0.8610004442743957,446.79100028588437,1,1
2282,object,22610.949651562,74.90699863410555,231.91799846244976,580.0050021207426,7.458998879883438,0.8730021363589913,895.1620002335403,1,1
2283,object,22610.980022891,79.97700231499039,310.65700022736564,232.89399905479513,13.183998817112297,1.2429991329554468,637.9549995472189,1,1
2284,object,22611.009318231,34.821998269762844,102.72100189467892,33.749998692655936,2.844000846380368,0.25199915398843586,174.3889988574665,1,1
2285,object,22611.039855201,56.43999975291081,188.9849991130177,71.16599954315461,4.9340014811605215,0.5549991328734905,322.0799990231171,1,1
2286,object,22611.071357198,75.0519975554198,237.62999990140088,102.88700286764652,7.1499998739454895,0.8989991329144686,423.61799933132716,1,1
2287,object,22611.102828553,91.97499821311794,263.27399973524734,104.36800221214071,7.531998562626541,0.9239993232768029,468.07299804640934,1,1
2288,object,22611.13361392,42.98999920138158,124.10900308168493,33.54499858687632,3.3090000215452164,0.3809982445091009,204.33399913599715,1,1
2289,object,22611.161297394,50.61300180386752,126.44600064959377,41.18399738217704,2.8320027922745794,0.3659988578874618,221.44100148580037,1,1
2290,object,22611.202888224,95.54599819239229,4.478999471757561,2.716002200031653,30.12999877682887,2.158001734642312,135.02900037565269,1,0
2291,object,22611.247821272,91.63599679595791,4.811001417692751,2.869001036742702,12.086999049643055,1.0490002750884742,112.45199857512489,1,0
2292,object,22611.292574175,44.805998186348006,2.159002178814262,1.1890006135217845,5.457997758639976,0.40600207285024226,54.01800081017427,1,0
2293,object,22611.30890434,67.08699947921559,246.6930018272251,83.38800034835003,5.912999768042937,0.7739981811027974,403.85499960393645,1,1
2294,object,22611.340283284,86.17200001026504,242.4990016152151,102.268997579813,6.8350018409546465,0.8989991329144686,438.67400017916225,1,1
2295,object,22611.370779496,108.85899973800406,351.87500179745257,172.16099877259694,10.820000170497224,1.5410005289595574,645.2560010075103,1,1
2296,object,22611.400876643,56.515997130190954,159.01300139375962,40.726998122408986,2.9080001695547253,0.4160028765909374,259.5799996925052,1,1
2297,object,22611.427171876,62.48499994399026,150.24399908725172,48.65900336881168,3.92199945054017,0.547999661648646,265.8580015122425,1,1
2298,object,22611.456365616,89.75200034910813,249.2970015737228,103.34699982195161,7.205999281723052,0.9329996828455478,450.53500070935115,1,1
2299,object,22611.482621454,105.89799785520881,253.07900068582967,123.58700041659176,7.039001502562314,0.9139985195361078,490.51699897972867,1,1
2300,object,22611.511041614,98.69099812931381,321.8509991711471,148.63400065223686,9.501000022282824,2.46399940806441,581.140997383045,1,1
2301,object,22611.536256377,50.120001105824485,120.44899995089509,36.23700104071759,2.7699970814865083,0.37800054997205734,209.95399972889572,1,1
2302,object,22611.561193724,78.4860021667555,162.18499877140857,50.98100155009888,3.540997568052262,0.45600245357491076,295.6490025098901,1,1
2303,object,22611.58760109,81.38500197674148,279.5330001390539,123.3669972862117,8.121001883409917,1.1070005712099373,493.51300185662694,1,1
2304,object,22611.614203593,82.2770016384311,242.06300076912157,103.20999717805535,6.746002327417955,0.7999988156370819,435.09600072866306,1,1
2305,object,22611.642959157,102.29799954686314,240.0169978500344,140.2080015395768,7.537000783486292,0.9799987310543656,491.039998451015,1,1
2306,object,22611.671862293,40.70100112585351,109.70500079565682,54.30999954114668,2.4120017769746482,0.3069981175940484,207.4350013572257,1,1
2307,object,22611.698247542,47.29300053440966,148.74299813527614,60.92200055718422,3.9869992178864777,0.357002136297524,261.302000581054,1,1
2308,object,22611.723049243,122.9129993589595,269.72500199917704,113.89399878680706,7.525999535573646,0.9350005711894482,514.9930002517067,1,1
2309,object,22611.749418085,82.28499791584909,251.58599964925088,102.9940031003207,6.971997208893299,0.8910028554964811,444.72800072981045,1,1
2310,object,22611.775924673,104.74400187376887,290.2550004364457,150.2189988968894,9.243001841241494,1.0490002750884742,555.5100033234339,1,1
2311,object,22611.80078418,53.18200055626221,143.864999699872,64.96400237665512,3.7099998735357076,0.447998900199309,266.16900140652433,1,1
2312,object,22611.82933958,57.81700019724667,148.90500096953474,55.92099842033349,4.358000296633691,0.4840003384742886,267.4850002222229,1,1
2313,object,22611.859207856,96.25299935578369,261.75899984082207,104.57300231792033,7.3310002335347235,1.2179989425931126,471.1340006906539,1,1
2314,object,22611.88815411,97.21799870021641,284.35800049919635,107.59299766505137,7.795002602506429,1.549000444356352,498.5129999113269,1,1
2315,object,22611.91331187,92.38499842467718,253.37400074931793,102.94399908161722,7.18800220056437,1.2569980754051358,457.14799853158183,1,1
2316,object,22611.936817258,46.08400195138529,110.44299753848463,44.62799915927462,4.142002580920234,0.757998350309208,206.054999580374,1,1
2317,object,22611.962268296,46.96800169767812,137.20799688599072,47.74800254381262,3.977998858317733,0.523999915458262,236.42599990125746,1,1
2318,object,22611.989051666,90.31399895320646,260.68100123666227,104.83499863767065,7.366998033830896,0.9430004865862429,464.1399973479565,1,1
2319,object,22612.018459581,82.35900168074295,234.59400108549744,101.5719972201623,6.9350026024039835,0.8459974196739495,426.3060000084806,1,1
2320,object,22612.047209203,105.6139990396332,320.09900314733386,108.90999692492187,7.2830007411539555,1.034000888466835,542.9400007415097,1,1
2321,object,22612.073103162,37.112997233634815,109.45699978037737,40.45300011057407,2.687000232981518,0.3360000846441835,190.04599744221196,1,1
2322,object,22612.097503498,60.998998378636315,144.3840010324493,45.97299994202331,3.4080003388226032,0.4659996193367988,255.22999931126833,1,1
2323,object,22612.12354463,77.56400009384379,224.16399951907806,95.28299779049121,6.5160020312760025,0.8120005077216774,404.33899994241074,1,1
2324,object,22612.149702425,76.06000144733116,271.5010014071595,107.53400056273676,7.447997631970793,0.8790011634118855,463.4220022126101,1,1
2325,object,22612.173771434,77.4609979998786,217.3649991163984,79.43000309751369,5.423997208708897,0.6930022209417075,380.3729996434413,1,1
2326,object,22612.197792778,63.097999372985214,120.23100134683773,48.257999878842384,2.8479989850893617,0.4220019036438316,234.85700148739852,1,1
2327,object,22612.224762519,61.77199975354597,227.41700013284571,82.13600085582584,5.55400038138032,0.7220005500130355,377.6010016736109,1,1
2328,object,22612.251536611,92.69700240110978,251.5640007914044,104.3719967128709,6.775000656489283,1.0410003596916795,456.44900092156604,1,1
2329,object,22612.280171734,86.26699855085462,249.79000227176584,103.64199988543987,6.952999683562666,0.9529976523481309,447.60499804397114,1,1
2330,object,22612.304654353,90.62100070877932,379.07300065853633,132.31199773144908,8.598999556852505,1.1030024325009435,611.7080010881182,1,1
2331,object,22612.328236013,40.9439999202732,116.90600149449892,38.77799827023409,3.335000656079501,0.42900137486867607,200.3920017159544,1,1
2332,object,22612.355301863,49.48299829266034,120.79600128345191,41.84099816484377,3.2960015232674778,0.4399989848025143,215.85599824902602,1,1
2333,object,22612.381462532,81.21700011542998,252.22199838026427,100.8930012176279,7.169997843448073,0.8940005500335246,442.39599810680375,1,1
2334,object,22612.405895037,129.06499978271313,268.3869970496744,104.08800153527409,7.033999281702563,1.0090006981045008,509.5829983474687,1,1
2335,object,22612.432560624,90.18199853016995,249.40599905676208,119.07000225619413,7.945000106701627,0.9709983714856207,467.5739983213134,1,1
2336,object,22612.458568474,58.24399704579264,242.52600269392133,51.62799789104611,3.911001840606332,0.6699992809444666,356.9789987523109,1,1
2337,object,22612.482824582,31.27799936919473,94.07800098415464,31.36600207653828,2.206998033216223,0.4659996193367988,159.39500008244067,1,1
2338,object,22612.508836568,88.1020023371093,264.87099967198446,105.80899834167212,7.087000994943082,0.7570015441160649,466.62600288982503,1,1
2339,object,22612.53235391,85.12000204063952,239.5249975961633,96.40500138630159,6.71800080453977,0.8459974196739495,428.61399924731813,1,1
2340,object,22612.556613659,86.41400199849159,244.00599795626476,136.4920026389882,7.352999091381207,0.9049981599673629,475.1699998450931,1,1
2341,object,22612.586647805,91.16999717662111,285.96700212801807,110.6589988921769,7.368002115981653,0.8729984983801842,496.0369988111779,1,1
2342,object,22612.612049044,55.900000006658956,137.10299754166044,45.832002797396854,3.2389980333391577,0.8150018402375281,242.88900021929294,1,1
2343,object,22612.636860335,56.65100252372213,145.43499855790287,40.96500197192654,3.2579991966485977,0.3749992174562067,246.68400146765634,1,1
2344,object,22612.687793512,95.24100096314214,4.977999196853489,2.8430004022084177,12.042000889778137,1.3589997251983732,116.46300117718056,1,0
2345,object,22612.732625063,45.33600076683797,2.086999302264303,2.3569991753902286,7.485999958589673,0.4710018401965499,57.737001043278724,1,0
2346,object,22612.777863999,85.53999941796064,4.380002792458981,2.5839981390163302,11.201998859178275,1.0889998520724475,104.79499906068668,1,0
2347,object,22612.822825856,101.21499872184359,5.41800181963481,3.0179980967659503,14.449000445893034,1.1999982234556228,125.299997307593,1,0
2348,object,22612.867603834,43.24599649407901,1.915002940222621,1.5029982023406774,4.582001565722749,0.3709974407684058,51.61699664313346,1,0
2349,object,22612.912810586,95.37100049783476,4.646000888897106,2.987999323522672,11.773998267017305,0.986001396086067,115.7650003733579,1,0
2350,object,22612.957739316,81.5659986983519,4.168003215454519,2.540997229516506,9.506002243142575,1.0229996405541897,98.8040010270197,1,0
2351,object,22613.002617109,43.80500104161911,2.2610001906286925,1.2419986887834966,5.885001883143559,0.44699845602735877,53.640000260202214,1,0
2352,object,22613.047897496,93.51900007459335,4.926001565763727,2.6890011213254184,40.10499833384529,1.14399881567806,142.38299991120584,1,0
2353,object,22613.092800396,89.91399954538792,4.6909990487620234,2.9520015232264996,11.33399928221479,1.0750009096227586,109.966000309214,1,0
2354,object,22613.137734903,75.14199751312844,4.182002157904208,2.0369989215396345,10.075000318465754,0.7609996828250587,92.1969985938631,1,0
2355,object,22613.182832963,120.16999971820042,4.798999725608155,3.35000004270114,13.360000593820587,1.1730007827281952,142.8520008630585,1,0
2356,object,22613.227813524,91.15200009546243,5.175999831408262,3.026998456334695,11.828000424429774,1.1539996194187552,112.33699842705391,1,0
2357,object,22613.272584593,46.10500036505982,2.0119987311773,1.0440016922075301,6.153000867925584,0.42399915400892496,55.73800081037916,1,0
2358,object,22613.317900349,90.29599823406897,4.511002771323547,2.535998646635562,36.391000321600586,1.6220001270994544,135.35600010072812,1,0
2359,object,22613.362893703,94.03399963048287,4.760000592796132,3.3519972930662334,40.83800013177097,1.5810001059435308,144.56499775405973,1,0
2360,object,22613.407558904,43.33099786890671,1.9220024114474654,1.1609990906435996,5.429999873740599,0.3850000211969018,52.22899926593527,1,0
2361,object,22613.452783231,85.43299918528646,4.468998668016866,2.3749998945277184,10.691001079976559,1.0170006135012954,103.9849994413089,1,0
2362,object,22613.497918941,137.95199993182905,5.363999662222341,3.107998054474592,12.896001862827688,1.1609990906435996,160.48099860199727,1,0
2363,object,22613.542625556,73.9009992685169,2.9859984351787716,1.9840008462779224,6.974001735216007,0.9499999578110874,86.79500024300069,1,0
2364,object,22613.588213505,95.41499821352772,5.132002115715295,3.0529990908689797,11.858999641845003,1.0119983926415443,116.47099745459855,1,0
2365,object,22613.632918525,140.9069991495926,7.344002369791269,4.106997948838398,16.026999219320714,1.3470016710925847,169.73200035863556,1,0
2366,object,22613.677651141,56.09599975286983,2.8370013751555234,1.9239996618125588,7.048001862131059,0.6439986464101821,68.54900129837915,1,0
2367,object,22613.72285337,100.60999920824543,5.316000169841573,2.996999683091417,12.425000022631139,1.0650001058820635,122.41299918969162,1,0
2368,object,22613.767973238,119.60500341956504,5.671998223988339,2.925000444520265,12.65299943042919,1.196000084746629,142.05100160324946,1,0
2369,object,22613.812609499,51.00899943499826,1.8999999156221747,1.630000042496249,6.064001354388893,0.45100023271515965,61.054000980220735,1,0
2370,object,22613.857830753,89.05899812816642,4.782003088621423,2.8509966796264052,11.22899993788451,1.3650023902300745,109.28600022452883,1,0
2371,object,22613.902862677,136.70199768966995,24.274002498714253,3.8149992178659886,14.69799826736562,1.4120014384388924,180.9009991120547,1,0
2372,object,22613.947613862,57.31800047215074,2.6899979275185615,1.5309997252188623,8.556002285331488,0.6449990905821323,70.73999950080179,1,0
2373,object,22613.99270358,69.13100150995888,3.326000296510756,2.0240004232618958,9.28499866859056,0.7380003808066249,84.50400127912872,1,0
2374,object,22614.038126547,132.56100282887928,7.789996743667871,4.401001206133515,17.319001926807687,1.510998117737472,163.58200082322583,1,0
2375,object,22614.082659165,58.534998970571905,2.3659995349589735,1.9560029613785446,7.744998583802953,0.5619986040983349,71.16399865481071,1,0
2376,object,22614.127868567,94.79700020165183,5.661000614054501,3.2509997254237533,5.488000169862062,1.1459997040219605,110.3430004150141,0,0
2377,object,22614.172941789,3.7800018617417663,10.685998859116808,3.8370017136912793,2.9910006560385227,1.4929973985999823,22.787000489188358,0,0
2378,object,22614.217648858,1.6359990695491433,5.1220013119746,1.6649973986204714,0.9540017344988883,0.486001226818189,9.863000741461292,0,0
2379,object,22614.26285589,3.5670018405653536,7.912996807135642,3.40600308845751,2.6139969122596085,1.2310010788496584,18.730999727267772,0,0
2380,object,22614.307783201,3.177003236487508,6.9309971877373755,2.677999873412773,2.2560016077477485,1.3040007615927607,16.346002666978166,0,0
2381,object,22614.352719156,2.7839996619150043,14.881999959470704,1.4140023267827928,1.287000486627221,0.7759990694466978,21.14300150424242,0,0
2382,object,22614.39778621,2.800999936880544,6.4970008679665625,2.505999873392284,1.8099999579135329,0.9549985406920314,14.568999176844954,0,0
2383,object,22614.442811938,2.5040026230271906,6.369999027810991,2.214997948613018,1.6830017557367682,0.8229981176555157,13.594999472843483,0,0
2384,object,22614.487664398,2.035001671174541,4.342000465840101,1.4639990695286542,1.139000232797116,0.9690011211205274,9.94900256046094,0,0
2385,object,22614.532780072,3.0509982025250793,7.544000254711136,2.650001988513395,2.16899934457615,1.0859985195565969,16.499998309882358,0,0
2386,object,22614.577726361,2.254000719403848,5.293997674016282,2.124001184711233,1.6090016288217157,1.0119983926415443,12.292999599594623,0,0
2387,object,22614.622689585,2.138996933354065,5.794001481262967,1.8499995348975062,1.7980019038077444,0.838997948449105,12.419997801771387,0,0
2388,object,22614.6678076,3.035002009710297,7.320999429794028,2.534998202463612,1.9620019884314388,0.9690011211205274,15.822002751519904,0,0
2389,object,22614.712818625,3.5999983083456755,7.530001312261447,2.7189998945686966,2.5949993869289756,1.3610006135422736,17.80499951564707,0,0
2390,object,22614.757626075,2.06700133276172,4.49299841420725,1.63400181918405,1.3919998309575021,0.6059999577701092,10.192001354880631,0,0
2391,object,22614.802872021,2.9479997465386987,6.963000487303361,2.758002665359527,2.230997779406607,1.0680014383979142,15.968002117006108,0,0
2392,object,22614.847896249,3.4859986044466496,7.532002200605348,2.624998160172254,2.287000825162977,1.0599978850223124,16.98999767540954,0,0
2393,object,22614.893041602,2.810997102642432,7.809001544956118,2.9379989427980036,2.9910006560385227,0.9319992386735976,17.480997485108674,0,0
2394,object,22614.937882325,2.6999987312592566,7.7690019679721445,2.944998414022848,2.586999471532181,1.095999323297292,17.096997908083722,0,0
2395,object,22614.982608016,1.6220001270994544,3.1330018828157336,1.167998561868444,0.8390015864279121,0.6209993443917483,7.3830015026032925,0,0
2396,object,22615.027763636,2.730001142481342,6.577996828127652,2.95300196739845,1.8520004232414067,1.0980002116411924,15.211000572890043,0,0
2397,object,22615.072830643,3.2989992178045213,7.400001777568832,2.9660004656761885,2.1899977582506835,1.3400021998677403,17.195001419167966,0,0
2398,object,22615.117741774,2.553999365773052,5.600999429589137,2.2940002963878214,1.7029997252393514,0.8060014806687832,12.958000297658145,0,0
2399,object,22615.16273478,2.578002749942243,5.08299854118377,1.6410012904088944,1.781998435035348,0.8110000635497272,11.895001080119982,0,0
2400,object,22615.207785687,2.8280010155867785,10.77799970516935,3.888999344781041,2.6270026864949614,1.2189993867650628,21.341002138797194,0,0
2401,object,22615.252689641,2.5339977582916617,4.485002136789262,1.6089979908429086,1.0940020729321986,0.8600000001024455,10.581999958958477,0,0
2402,object,22615.297915536,3.778000973397866,7.386999641312286,2.716999006224796,2.2749991330783814,1.0260009730700403,17.18299972708337,0,0
2403,object,22615.342704506,2.668999513844028,7.25199788575992,2.8600006771739572,2.3130014596972615,1.0789990483317524,16.17299858480692,0,0
2404,object,22615.387994781,3.2130010367836803,21.57500057364814,2.1129999367985874,1.6410012904088944,1.276999682886526,29.819002520525828,0,0
2405,object,22615.432881348,3.0000010156072676,7.3359988164156675,2.3570028133690357,2.2289968910627067,1.143002009484917,16.065001545939595,0,0
2406,object,22615.477798832,3.017001290572807,6.915000994922593,2.796998160192743,2.5520021154079586,1.00599936558865,16.287001926684752,0,0
2407,object,22615.522653884,1.8089995137415826,4.41100200987421,1.5369987522717565,0.8659990271553397,0.42399915400892496,9.046998457051814,0,0
2408,object,22615.56779442,3.3420001273043454,7.190999895101413,2.529999619582668,2.128999767592177,1.0360017768107355,16.22800118639134,0,0
2409,object,22615.612793561,2.682001650100574,7.188999006757513,2.7370006137061864,2.0619991119019687,1.272001100005582,15.942001482471824,0,0
2410,object,22615.657625337,2.0890001906082034,4.074998287251219,1.272001100005582,0.9739997040014714,0.9830000635702163,9.392999345436692,0,0
2411,object,22615.702845751,3.0760020308662206,7.701000868109986,2.9619986889883876,2.4080000002868474,1.124000846175477,17.27100243442692,0,0
2412,object,22615.74780061,3.344001015648246,7.124999683583155,2.4789987946860492,2.0990009943488985,1.1039992386940867,16.150999726960436,0,0
2413,object,22615.792694396,1.791999238776043,5.2530012908391654,1.5079967852216214,1.2730015441775322,0.5090005288366228,10.334999387850985,0,0
2414,object,22615.837992665,3.010998625541106,23.69299909332767,2.8840004233643413,2.6990019250661135,1.1849988368339837,33.471998904133216,0,0
2415,object,22615.882799952,3.273999027442187,7.680002454435453,2.591998054413125,2.254000719403848,1.205000444315374,17.005000700009987,0,0
2416,object,22615.927676737,1.7910024325829,4.968998837284744,1.4529978216160089,1.2760028766933829,0.38799771573394537,9.87699968391098,0,0
2417,object,22615.972944849,3.478999133221805,7.943999662529677,3.23000131174922,2.3329994291998446,1.2310010788496584,18.217000615550205,0,0
2418,object,22616.017845114,3.3480027923360467,7.5930001912638545,2.8469985409174114,2.128999767592177,1.00599936558865,16.92300065769814,0,0
2419,object,22616.062618354,1.672000507824123,3.793997166212648,1.610002072993666,0.971998815657571,0.4989997250959277,8.546998287783936,0,0
2420,object,22616.107812987,3.0000010156072676,8.159997378243133,2.836000930983573,2.606000634841621,1.2710006558336318,17.873000615509227,0,0
2421,object,22616.152850699,3.502998879412189,7.120001100702211,2.959000994451344,2.4479995772708207,1.1250012903474271,17.155001842183992,0,0
2422,object,22616.197473478,0.5879992386326194,1.9119979697279632,0.6930022209417075,0.5330002750270069,0.28199792723171413,4.007997631561011,0,0
2423,object,22616.242814487,3.1529998523183167,7.276001269929111,2.706998202484101,2.6270026864949614,1.0279982234351337,16.791000234661624,0,0
2424,object,22616.287978667,3.5370030673220754,7.446997187798843,2.731001586653292,2.426000719424337,1.0900002962443978,17.231002857442945,0,0
2425,object,22616.332574889,1.6370031516999006,2.754997694864869,1.1160009307786822,0.7989983714651316,0.3660024958662689,6.6730026446748525,0,0
2426,object,22616.377944699,4.043999069835991,8.218998118536547,3.044002369279042,2.4670007405802608,1.233998773386702,19.007999071618542,0,0
2427,object,22616.422950679,3.791999915847555,9.988001693272963,4.285997420083731,3.3040014386642724,1.7849997675511986,23.15500023541972,0,0
2428,object,22616.46774774,2.434000634821132,4.589997843140736,1.5520017768722028,1.2540003808680922,0.6029986252542585,10.432999260956421,0,0
2429,object,22616.512871235,3.531997208483517,6.87700230628252,2.6800007617566735,2.7079986466560513,1.0519979696255177,16.84899689280428,0,0
2430,object,22616.557783483,3.0660012271255255,7.28899976820685,2.9759976314380765,2.0420011423993856,1.3889984984416515,16.76199826761149,0,0
2431,object,22616.60266376,2.206998033216223,4.793000698555261,1.4569995983038098,1.448999682907015,0.5900001269765198,10.495998139958829,0,0
2432,object,22616.647807222,3.4419972507748753,6.990001566009596,2.9090006137266755,2.2169988369569182,0.9799987310543656,16.53799699852243,0,0
2433,object,22616.692817165,3.1460003810934722,7.776001439196989,2.7369969757273793,2.3330030671786517,1.1429983715061098,17.135000234702602,0,0
2434,object,22616.737705446,2.1140003809705377,4.449997504707426,1.586999132996425,1.4790020941291004,0.57199940783903,10.201998520642519,0,0
2435,object,22616.782810024,2.902997948694974,7.792001269990578,3.026001650141552,2.573000529082492,1.1599986464716494,17.454000044381246,0,0
2436,object,22616.827809979,3.6140008887741715,7.462997018592432,3.0990013328846544,2.2560016077477485,1.0740004654508084,17.506001313449815,0,0
2437,object,22616.872638533,1.972999598365277,3.9199985621962696,1.0700023267418146,0.8429997251369059,0.7729977369308472,8.578997949371114,0,0
2438,object,22616.917783219,2.63900074060075,7.178998203016818,2.701002813410014,2.1319974621292204,1.148000592365861,15.798999811522663,0,0
2439,object,22616.962775412,3.1099989428184927,7.072001608321443,3.083998308284208,2.2599997464567423,1.3589997251983732,16.88499833107926,0,0
2440,object,22617.007637439,2.310000127181411,4.220997652737424,1.549000444356352,1.691001671133563,0.6169975677039474,10.387997463112697,0,0
2441,object,22617.052911339,2.7940004656556994,7.3549999797251076,2.859000233002007,2.130000211764127,1.1459997040219605,16.2840005941689,0,0
2442,object,22617.098251498,2.725002559600398,10.906998795690015,2.401000529062003,1.9510007405187935,0.9869982022792101,18.97100082715042,0,0
2443,object,22617.142594641,1.748998329276219,3.363998985150829,1.5740006347186863,0.9610012057237327,0.5849979061167687,8.232997060986236,0,0
2444,object,22617.187887107,4.07900006393902,11.338001058902591,3.6479978007264435,2.9149996407795697,1.33900175569579,23.319000320043415,0,0
2445,object,22617.232790124,3.07300069835037,6.868001946713775,2.935998054454103,2.3479988158214837,1.0140029189642519,16.239002434303984,0,0
2446,object,22617.277633627,1.763000909704715,3.7520003388635814,1.5669975255150348,1.0260009730700403,0.5700021574739367,8.678001904627308,0,0
2447,object,22617.322824323,3.260000084992498,6.498998118331656,2.7189998945686966,2.6130001060664654,1.1180018191225827,16.2090000230819,0,0
2448,object,22617.367807149,3.641001967480406,7.994000043254346,3.4429976949468255,2.220000169472769,1.4090001059230417,18.706999981077388,0,0
2449,object,22617.412784381,2.507000317564234,4.872999852523208,1.972002792172134,1.2899981811642647,0.7400012691505253,11.382002412574366,0,0
2450,object,22617.457864319,3.021999873453751,7.485999958589673,2.591001248219982,2.0369989215396345,1.0049989214166999,16.14099892321974,0,0
2451,object,22617.502653604,2.2230015019886196,7.582999387523159,3.0420014809351414,2.75899947155267,1.0750009096227586,16.68200275162235,0,0
2452,object,22617.547579,1.4420002116821706,3.7940008041914552,1.5650002751499414,0.9210016287397593,0.4209978214930743,8.143000741256401,0,0
2453,object,22617.592610368,1.4729994290973991,4.9580012273509055,1.8210012058261782,1.7689999367576092,0.7380003808066249,10.759002179838717,0,0
2454,object,22617.637669384,2.110999048454687,4.199002432869747,1.5929981600493193,1.6510020941495895,0.6019981810823083,10.155999916605651,0,0
2455,object,22617.682783133,2.4709988792892545,4.721001459984109,1.4659999578725547,1.2739983503706753,0.59100057114847,10.522999218665063,0,0
2456,object,22617.727822262,3.3750002330634743,6.900998414494097,2.325999957975,1.953001628862694,1.0069998097606003,15.562000044155866,0,0
2457,object,22617.772655129,1.8760001694317907,3.498000296531245,1.1519987310748547,0.9710020094644278,0.4260000423528254,7.923001248855144,0,0
2458,object,22617.817736296,2.787997800623998,6.379999831551686,2.788001438602805,2.44499824475497,1.0080002539325505,15.40899756946601,0,0
2459,object,22617.862825826,2.7470014174468815,7.320999429794028,2.802000381052494,2.000997483264655,0.9620016498956829,15.833000361453742,0,0
2460,object,22617.907731499,2.0709994714707136,5.424000846687704,1.8280006770510226,1.9180006347596645,0.752999767428264,11.99400139739737,0,0
2461,object,22617.95267256,2.6950001483783126,5.865000275662169,2.302000211784616,1.9239996618125588,0.9379982657264918,13.723998563364148,0,0
2462,object,22617.997788974,3.255001502111554,7.007998647168279,2.7319983928464353,2.445001882733777,1.047999830916524,16.48800025577657,0,0
2463,object,22618.042773843,3.1189993023872375,6.751000910298899,2.4229993869084865,2.0459992811083794,1.1080010153818876,15.44699989608489,0,0
2464,object,22618.087526221,1.8270002328790724,4.164001438766718,1.4639990695286542,1.0650001058820635,1.0730000212788582,9.593000868335366,0,0
2465,object,22618.132835706,3.1509989639744163,6.808000762248412,2.8859976737294346,2.534001396270469,1.0600015230011195,16.43900031922385,0,0
2466,object,22618.177713481,1.8710015865508467,3.754998033400625,1.4790020941291004,1.3809985830448568,0.5020010576117784,8.988001354737207,0,0
2467,object,22618.22267964,2.562999725341797,6.1730024754069746,2.392000169493258,1.8309983715880662,0.8669994713272899,13.826000213157386,0,0
2468,object,22618.267922432,3.1609997677151114,7.949998689582571,2.697001036722213,2.224998752353713,1.186999725177884,17.219997971551493,0,0
2469,object,22618.312604925,2.9950024327263236,3.8430007407441735,1.12499765236862,0.8540009730495512,0.49099980969913304,9.308001608587801,0,0
2470,object,22618.357726797,2.5510016712360084,5.590998625848442,1.968001015484333,1.7189995560329407,1.0219991963822395,12.851000064983964,0,0
2471,object,22618.402850782,3.5960001696366817,7.4310009949840605,2.9909970180597156,2.0130028133280575,1.196000084746629,17.227001080755144,0,0
2472,object,22618.447602235,1.6310004866681993,3.553999704308808,1.034000888466835,1.462998625356704,0.43299951357766986,8.114999218378216,0,0
2473,object,22618.492884836,2.655000571394339,7.301998266484588,2.5930021365638822,2.1079977159388363,1.210002665175125,15.868001355556771,0,0
2474,object,22618.537869635,2.9859984351787716,8.303999493364245,3.288001607870683,2.753997250692919,1.2980017345398664,18.629998521646485,0,0
2475,object,22618.583818083,0.9200011845678091,3.402998117962852,1.1369993444532156,1.1780030035879463,0.4629982868209481,7.100999937392771,0,0
2476,object,22618.627713262,2.3899992811493576,5.563997547142208,1.7970014596357942,1.9100007193628699,0.7369999366346747,12.397998943924904,0,0
2477,object,22618.6727919,2.597000275272876,7.3689989221747965,2.8050017135683447,2.5890003598760813,0.9849973139353096,16.344998584827408,0,0
2478,object,22618.717812306,0.6160007615108043,1.6599988157395273,0.5389993020799011,0.547999661648646,0.23400207282975316,3.597000613808632,0,0
2479,object,22618.762942934,3.9009973988868296,10.446001397212967,3.449000359978527,2.926000888692215,1.2239979696460068,21.945998014416546,0,0
2480,object,22618.807754484,2.930999471573159,6.322999979602173,2.6380002964287996,2.2719978005625308,0.986001396086067,15.14999894425273,0,0
2481,object,22618.852920454,3.044999175472185,7.643000571988523,2.8899994504172355,2.7790010790340602,1.0750009096227586,17.432001186534762,0,0
2482,object,22618.897668836,1.9219987734686583,5.698999302694574,2.4180008040275425,2.110999048454687,0.857999111758545,13.007997040404007,0,0
2483,object,22618.942818719,3.324999852338806,7.03400291968137,2.8340000426396728,2.492997737135738,1.2029995559714735,16.88900010776706,0,0
2484,object,22618.987879114,2.844000846380368,7.7029981184750795,2.782002411549911,2.0619991119019687,1.1470001481939107,16.538000636501238,0,0
2485,object,22619.032692561,1.9470026018097997,6.1539976741187274,2.8470021788962185,1.848999090725556,0.9770010365173221,13.774002582067624,0,0
2486,object,22619.077641246,1.8149985407944769,5.701000191038474,2.3460015654563904,1.8559985619504005,0.7880007615312934,12.505999620771036,0,0
2487,object,22619.122808071,3.0910014174878597,8.204999176086858,3.043998731300235,2.4410001060459763,1.0280018614139408,17.80900129233487,0,0
2488,object,22619.167708934,1.8829996406566352,5.9710000641644,2.382999809924513,1.8899991118814796,0.8620008884463459,12.988999515073374,0,0
2489,object,22619.212601838,1.6839985619299114,3.8670004869345576,1.2170021363999695,1.1859992810059339,0.5809997674077749,8.535000233678147,0,0
2490,object,22619.257832556,3.3960022847168148,7.741997251287103,3.09300230583176,2.087999746436253,1.1900010576937348,17.509002645965666,0,0
2491,object,22619.302616322,1.8050013750325888,5.559999408433214,1.9880026229657233,1.7149977793451399,0.8550014172215015,11.923002602998167,0,0
2492,object,22619.347849671,3.2289972295984626,7.927003025542945,2.8670001483988017,2.224998752353713,1.1650008673314005,17.413000023225322,0,0
2493,object,22619.392807171,3.1900017347652465,6.757996743544936,2.8620015655178577,2.3169995984062552,1.2300006346777081,16.357000276912004,0,0
2494,object,22619.437798481,2.4099972506519407,6.020000000717118,2.406002749921754,2.158998540835455,1.0229996405541897,14.017998182680458,0,0
2495,object,22619.48292794,3.2099997042678297,7.198999810498208,2.6179986889474094,2.7040005079470575,1.02400008472614,16.754998796386644,0,0
2496,object,22619.527824955,2.6750021788757294,7.065998943289742,2.673001290531829,1.9189974409528077,1.0809999366756529,15.41399979032576,0,0
2497,object,22619.572742296,2.3699976736679673,6.370002665789798,2.3139982658904046,1.839001924963668,1.0939984349533916,13.98699896526523,0,0
2498,object,22619.618302426,1.344000338576734,4.890000127488747,1.8230020941700786,1.6789999790489674,0.6869995559100062,10.423002095194533,0,0
2499,object,22619.662885249,3.0850023904349655,6.6879983933176845,2.510001650080085,2.28799763135612,0.9430004865862429,15.514000551775098,0,0
2500,object,22619.707806,3.2190000638365746,7.205002475529909,2.6569978217594326,2.254000719403848,1.0490002750884742,16.38400135561824,0,0
2501,object,22619.752911949,3.3420001273043454,9.153001883532852,3.130997356493026,3.05499997921288,1.2620002962648869,19.94299964280799,0,0
2502,object,22619.79784283,3.0899973353371024,6.846003088867292,2.9339971661102027,2.3560023691970855,1.243999577127397,16.46999953663908,0,0
2503,object,22619.842822084,3.2860007195267826,7.42699921829626,3.125001967418939,2.073997166007757,1.5370023902505636,17.449001461500302,0,0
2504,object,22619.887814564,2.577999111963436,7.325001206481829,2.9519978852476925,1.8210012058261782,1.0119983926415443,15.68799780216068,0,0
2505,object,22619.932600978,1.548996806377545,5.12100086780265,2.0570005290210247,1.8460013961885124,0.7179987733252347,11.290998372714967,0,0
2506,object,22619.977841196,3.435001417528838,7.452999852830544,3.7049976526759565,2.668002707650885,1.2620002962648869,18.52300192695111,0,0
2507,object,22620.022795139,2.9039983928669244,7.1499998739454895,2.5270019250456244,2.267999661853537,1.0840012691915035,15.933001122903079,0,0
2508,object,22620.067902252,3.1819981813896447,6.750000466126949,2.4229993869084865,2.0369989215396345,0.9980030881706625,15.390000044135377,0,0
2509,object,22620.112678659,1.8829996406566352,5.531001079361886,2.821001544361934,1.9269973563496023,0.8950009942054749,13.057000614935532,0,0
2510,object,22620.157838533,3.1849995139054954,7.916001777630299,2.577999111963436,2.597000275272876,1.0650001058820635,17.34100078465417,0,0
2511,object,22620.202796615,2.863998815882951,7.304999599000439,2.616001438582316,2.057997335214168,0.9979994501918554,15.84099663887173,0,0
2512,object,22620.247769944,2.9950024327263236,7.0690002758055925,2.5179979274980724,2.125001628883183,1.0449984984006733,15.752000763313845,0,0
2513,object,22620.292791697,3.2280004234053195,7.047998224152252,2.791002771118656,2.071999915642664,0.9969990060199052,16.136000340338796,0,0
2514,object,22620.337742282,2.8149988793302327,19.95599814108573,2.2330023057293147,1.8850005290005356,1.0119983926415443,27.900998247787356,0,0
2515,object,22620.382598062,1.558000803925097,5.395999323809519,2.0799998310394585,1.8930004443973303,0.8740025805309415,11.801002983702347,0,0
2516,object,22620.427776011,2.487999154254794,6.490998202934861,2.77800063486211,2.0129991753492504,0.9280010999646038,14.69799826736562,0,0
2517,object,22620.4726493,1.667998731136322,4.461999196792021,1.7279999156016856,1.191001501865685,0.7239978003781289,9.772997145773843,0,0
2518,object,22620.517663886,1.8290011212229729,5.368998245103285,1.972999598365277,1.8700011423788965,0.8759998308960348,11.916999937966466,0,0
2519,object,22620.562588586,1.5160003385972232,5.269001121632755,1.9750004867091775,1.829997927416116,0.8010028977878392,11.39100277214311,0,0
2520,object,22620.607823092,3.6050005292054266,7.195001671789214,2.7179994503967464,2.4139990273397416,1.1539996194187552,17.086000298149884,0,0
2521,object,22620.65260526,1.8930004443973303,5.737001629313454,2.3360007617156953,1.729997165966779,0.8260030881501734,12.522003089543432,0,0
2522,object,22620.697731646,2.348999259993434,6.299000233411789,3.09200186165981,2.4029977794270962,0.9280010999646038,15.071000234456733,0,0
2523,object,22620.742850588,3.1629970180802047,7.590002496726811,2.710999979171902,2.450000465614721,1.0539988579694182,16.967998817563057,0,0
2524,object,22620.787675203,2.783002855721861,7.243997970363125,2.4949986254796386,2.0270017557777464,0.8950009942054749,15.444002201547846,0,0
2525,object,22620.832804895,2.9220027499832213,7.07799699739553,3.159002517350018,2.033997589023784,1.005002559395507,16.19800241314806,0,0
2526,object,22620.877830914,3.373999788891524,7.161001121858135,2.7790010790340602,2.2429994714912027,1.0829971870407462,16.639998648315668,0,0
2527,object,22620.922751114,2.9089969757478684,6.258000212255865,2.7230016712564975,2.119999408023432,1.0160001693293452,15.025998436613008,0,0
2528,object,22620.967889839,3.5039993235841393,7.660000846954063,2.6189991331193596,2.607001079013571,1.1999982234556228,17.589998606126755,0,0
2529,object,22621.012878596,3.555000148480758,7.382997864624485,2.434000634821132,2.2090025595389307,1.152999175246805,16.73400038271211,0,0
2530,object,22621.05779553,2.6410016289446503,5.722999048884958,2.538999979151413,2.097000106004998,0.9949981176760048,13.994998880662024,0,0
2531,object,22621.10263389,2.0599982235580683,4.190002073301002,1.1419979273341596,0.9479990694671869,0.8679999154992402,9.207997209159657,0,0
2532,object,22621.14766154,2.1760024537798017,12.435997632564977,2.7420028345659375,2.134998794645071,1.0189978638663888,20.507999579422176,0,0
2533,object,22621.192958902,3.968998498748988,8.521001291228458,2.7890018827747554,2.192999090766534,1.0330004442948848,18.50500120781362,0,0
2534,object,22621.237936494,3.1990020943339914,7.662998541491106,3.1560011848341674,2.2229978640098125,1.21900302474387,17.460002709412947,0,0
2535,object,22621.282841222,2.7950009098276496,7.513997843489051,2.8130016289651394,1.934997271746397,1.086002157535404,16.14299981156364,0,0
2536,object,22621.327760336,8.15499879536219,7.267000910360366,3.0049995984882116,1.8319988157600164,0.9740033419802785,21.233001461951062,0,0
2537,object,22621.372842615,3.650999133242294,7.72400017012842,2.8290014597587287,2.1609994291793555,1.1459997040219605,17.51099989633076,0,0
2538,object,22621.417880826,3.1460003810934722,7.396000000881031,3.092998667852953,2.4569999368395656,1.1299998732283711,17.221998859895393,0,0
2539,object,22621.462820769,3.1429990485776216,7.225000445032492,2.526001480873674,2.015000063693151,0.9479990694671869,15.857000107644126,0,0
2540,object,22621.507817784,2.844000846380368,7.341997843468562,3.058001311728731,2.0459992811083794,1.4850011211819947,16.775000403868034,0,0
2541,object,22621.552926395,3.3750002330634743,7.481998181901872,2.6130001060664654,2.706001396290958,1.0709991329349577,17.246999050257728,0,0
2542,object,22621.59792217,3.303000994492322,7.1879985625855625,2.9799994081258774,2.597000275272876,1.0709991329349577,17.138998373411596,0,0
2543,object,22621.642782078,2.9559996619354934,7.544000254711136,2.6050001906696707,1.9670005713123828,0.967000232776627,16.03900091140531,0,0
2544,object,22621.687721452,3.2140014809556305,6.948001100681722,3.0529990908689797,2.2509993868879974,1.0080002539325505,16.47400131332688,0,0
2545,object,22621.73273095,2.8190006560180336,6.52399830869399,2.4520013539586216,2.3809989215806127,1.0130024747923017,15.18900171504356,0,0
2546,object,22621.777815575,3.245000698370859,6.963000487303361,2.5900008040480316,2.0219995349179953,0.9610012057237327,15.78100273036398,0,0
2547,object,22621.822857963,3.067998477490619,7.474001904483885,3.063996700802818,2.1330015442799777,1.1140000424347818,16.85299866949208,0,0
2548,object,22621.867794351,2.5890003598760813,7.031998393358663,2.691998815862462,2.0139996195212007,1.0930016287602484,15.419998817378655,0,0
2549,object,22621.912830502,2.93500124826096,7.310998626053333,2.387001586612314,2.1359992388170213,1.3499993656296283,16.119000065373257,0,0
2550,object,22621.957860689,3.584002115530893,7.360999006778002,2.7790010790340602,2.273998688906431,1.2849995982833207,17.283000488532707,0,0
2551,object,22622.002878127,2.9769980756100267,7.6040014391765,2.8989998099859804,2.3949978640303016,1.0440016922075301,16.91899888101034,0,0
2552,object,22622.047821935,2.7599999157246202,7.614999049110338,2.9430011636577547,1.9119979697279632,1.1070005712099373,16.336998669430614,0,0
2553,object,22622.092789042,3.1810013751965016,6.756999937351793,2.829998265951872,2.130000211764127,1.0030016710516065,15.9010014613159,0,0
2554,object,22622.137723575,2.335000317543745,7.091999577824026,2.511998900445178,1.972999598365277,1.3660028344020247,15.278001228580251,0,0
2555,object,22622.182756875,2.2239983081817627,6.930000381544232,2.75799902738072,2.043001586571336,1.0969997674692422,15.051999071147293,0,0
2556,object,22622.227819871,3.7239988159853965,6.797999958507717,2.454999048495665,2.2940002963878214,1.229000190505758,16.499998309882358,0,0
2557,object,22622.272859721,2.977998519781977,7.147002179408446,2.8100002964492887,2.1319974621292204,1.0450021363794804,16.112000594148412,0,0
2558,object,22622.317838996,3.531997208483517,7.3830015026032925,2.748998667811975,2.1840023691765964,1.1169977369718254,16.964997485047206,0,0
2559,object,22622.362755285,2.7949972718488425,6.238002242753282,2.5289991754107177,2.4469991330988705,1.06200241134502,15.071000234456733,0,0
2560,object,22622.407942997,3.155000740662217,7.238999387482181,2.9849979910068214,2.515000232961029,1.053002051776275,16.947000403888524,0,0
2561,object,22622.452926333,3.3479991543572396,7.974998879944906,2.620003215270117,2.282999048475176,1.2470009096432477,17.473001207690686,0,0
2562,object,22622.4976957,2.196000423282385,5.170000804355368,1.787000655895099,1.6799967852421105,0.7350026862695813,11.568001355044544,0,0
2563,object,22622.542819443,3.044002369279042,7.004997314652428,2.7960013539996,2.373999450355768,1.158001396106556,16.377001884393394,0,0
2564,object,22622.587876568,2.9620023269671947,27.35599991865456,2.9330003599170595,2.3799984774086624,1.172000338556245,36.80300142150372,0,0
2565,object,22622.633044384,4.075998731423169,11.030999303329736,4.084999090991914,3.1430026865564287,1.3809985830448568,23.715998395346105,0,0
2566,object,22622.677831416,2.939999831141904,7.711001671850681,2.754997694864869,2.062999556073919,0.9970026439987123,16.466001397930086,0,0
2567,object,22622.72292519,3.016000846400857,7.4880008469335735,3.2009993446990848,2.291999408043921,1.1279989848844707,17.124999430961907,0,0
2568,object,22622.767812903,3.2410025596618652,6.595997547265142,2.5330009520985186,2.0799998310394585,1.019998308038339,15.469999198103324,0,0
2569,object,22622.812804367,3.101999027421698,7.4260024121031165,3.2799980544950813,2.158998540835455,1.5510013327002525,17.517999367555603,0,0
2570,object,22622.857810567,3.1650015444029123,14.183999155648053,2.9080001695547253,2.0570005290210247,1.0609983291942626,23.374999727820978,0,0
2571,object,22622.902825627,3.3319993235636503,8.027000149013475,2.783002855721861,2.1979976736474782,1.2550008250400424,17.595000826986507,0,0
2572,object,22622.947744908,2.667999069672078,7.124999683583155,3.1189993023872375,1.9800027075689286,0.9899995347950608,15.88200029800646,0,0
2573,object,22622.992816899,3.364999429322779,7.607999577885494,3.09200186165981,2.106997271766886,1.3509998098015785,17.522997950436547,0,0
2574,object,22623.038024514,4.386998625705019,11.008000001311302,4.247001925250515,3.020999429281801,1.2329983292147517,23.89599831076339,0,0
2575,object,22623.082810914,3.4220029192510992,7.675997039768845,2.6380002964287996,2.20700167119503,1.1970005289185792,17.140002455562353,0,0
2576,object,22623.12790238,2.7049973141402006,6.451002263929695,2.4179971660487354,1.9830004021059722,1.0040021152235568,14.56099926144816,0,0
2577,object,22623.17279574,2.944001607829705,7.930997526273131,2.826000127242878,2.1190026018302888,1.02400008472614,16.844001947902143,0,0
2578,object,22623.217789607,2.835000486811623,7.532999006798491,4.059002094436437,2.411998138995841,1.0740004654508084,17.9130001924932,0,0
2579,object,22623.262735959,3.1269992177840322,6.646001565968618,2.7709975256584585,2.3669999791309237,0.9780014806892723,15.888999769231305,0,0
2580,object,22623.307860566,3.1749987101648003,7.916001777630299,2.7669993869494647,2.182998287025839,1.2279997463338077,17.26899790810421,0,0
2581,object,22623.352914004,3.302000550320372,6.594000296900049,2.6559973775874823,2.4600012693554163,0.9690011211205274,15.981000615283847,0,0
2582,object,22623.397770151,2.9900002118665725,6.431997462641448,2.802000381052494,2.120999852195382,0.9790019248612225,15.323999832617119,0,0
2583,object,22623.442713506,2.6470006559975445,5.4010015446692705,2.0329971448518336,1.7269994714297354,0.8910028554964811,12.699001672444865,0,0
2584,object,22623.48784123,3.6199999158270657,10.730000212788582,2.4550026864744723,2.44499824475497,0.9950017556548119,20.2450028154999,0,0
2585,object,22623.532765596,2.725002559600398,6.444999598897994,2.491997292963788,2.235003194073215,0.8789975254330784,14.776000170968473,0,0
2586,object,22623.577780659,3.03599881590344,6.573998689418659,2.469001628924161,2.140001015504822,1.0219991963822395,15.240999346133322,0,0
2587,object,22623.622929782,4.179000825388357,9.983999916585162,3.406999894650653,3.0180017347447574,1.69699706020765,22.28499943157658,0,0
2588,object,22623.667793413,3.159002517350018,6.455000402638689,2.87899820250459,2.1170017134863883,1.167998561868444,15.77800139784813,0,0
2589,object,22623.712805852,3.0279989005066454,7.282000296982005,2.6510024326853454,2.0099978428333998,1.1200027074664831,16.09100218047388,0,0
2590,object,22623.757746248,3.0039991543162614,6.058002327335998,2.654996933415532,2.3850006982684135,0.9880022844299674,15.090001397766173,0,0
2591,object,22623.802788033,2.769000275293365,6.3209990912582725,2.4529981601517648,1.9649996829684824,1.2320015230216086,14.739998732693493,0,0
2592,object,22623.847736207,2.577999111963436,8.265000360552222,3.0560004233848304,2.3569991753902286,1.0330004442948848,17.2889995155856,0,0
2593,object,22623.892773291,2.8379981813486665,6.624999514315277,2.50100129051134,2.311000571353361,1.1310003174003214,15.405999874928966,0,0
2594,object,22623.937874918,3.3700016501825303,7.332997483899817,2.8570029826369137,2.277996827615425,1.0330004442948848,16.87099938862957,0,0
2595,object,22623.982807401,2.974000381072983,7.0309979491867125,2.5240005925297737,2.1420019038487226,0.9760005923453718,15.647001418983564,0,0
2596,object,22624.027753058,2.8950016712769866,6.777998351026326,2.453001798130572,2.0119987311773,0.9830000635702163,15.121000615181401,0,0
2597,object,22624.07285021,2.7610003598965704,7.556001946795732,2.962999133160338,2.1989981178194284,1.071999577106908,16.550999134778976,0,0
2598,object,22624.117767582,3.067998477490619,6.955000571906567,2.7660025807563215,2.1889973140787333,1.5940022422000766,16.572001186432317,0,0
2599,object,22624.16284691,2.9660004656761885,7.380000170087442,2.7710011636372656,2.5579975044820458,1.243999577127397,16.91899888101034,0,0
2600,object,22624.207775476,2.8190006560180336,6.611000571865588,3.025998012162745,2.115000825142488,1.4300021575763822,16.001002222765237,0,0
2601,object,22624.252990362,3.6279998312238604,152.00699999695644,3.0769988370593637,2.1949999791104347,1.4219986042007804,162.32899724855088,0,0
2602,object,22624.297696294,2.143999154213816,6.045000191079453,1.796001015463844,1.624997821636498,0.9399991540703923,12.549997336464003,0,0
2603,object,22624.342670882,1.7639977158978581,4.428002284839749,1.815998984966427,1.296000846195966,0.6029986252542585,9.906998457154259,0,0
2604,object,22624.388097713,5.4629999794997275,8.47200135467574,3.444998583290726,2.4760011001490057,1.0209987522102892,20.87699976982549,0,0
2605,object,22624.432840176,3.2620009733363986,7.8310004028026015,2.892000338761136,2.655000571394339,1.0349976946599782,17.674999980954453,0,0
2606,object,22624.477796671,2.854001650121063,7.523998647229746,2.740001946222037,2.14999818126671,1.4399993233382702,16.707999748177826,0,0
2607,object,22624.522840784,3.0990013328846544,7.4169984145555645,3.116001607850194,2.625998604344204,1.1499978427309543,17.40799780236557,0,0
2608,object,22624.567709599,2.901000698329881,6.815000233473256,2.5459994503762573,2.34400067711249,1.0139992809854448,15.620000340277329,0,0
2609,object,22624.612646365,2.2360000002663583,5.044999852543697,1.453001459594816,1.591997715877369,0.48299989430233836,10.808998922584578,0,0
2610,object,22624.65767134,2.0170009520370513,4.811998223885894,1.3500030036084354,1.267999323317781,0.4360008460935205,9.883002348942682,0,0
2611,object,22624.702711784,2.0609986677300185,5.128000339027494,17.545000446261838,1.2429991329554468,0.43199906940571964,26.408997655380517,0,0
2612,object,22624.747643279,1.6650010365992785,4.519999492913485,1.868000254034996,1.1560005077626556,0.547999661648646,9.75700095295906,0,0
2613,object,22624.79257417,1.4040015230420977,3.2749994716141373,1.0309995559509844,0.8019997039809823,0.42300234781578183,6.9350026024039835,0,0
2614,object,22624.837903995,5.538997356779873,7.214999641291797,3.087003278778866,2.243999915663153,1.1039992386940867,19.188999431207776,0,0
2615,object,22624.88287048,2.9910006560385227,7.198999810498208,2.7290006983093917,2.02999945031479,1.167998561868444,16.116999177029356,0,0
2616,object,22624.927864466,2.7239984774496406,7.627000741194934,2.658998710103333,1.89200000022538,0.9260002116207033,15.82799814059399,0,0
2617,object,22624.972844125,4.007000825367868,10.36100002238527,3.378998371772468,2.3790016712155193,1.3709977793041617,21.496998670045286,0,0
2618,object,22625.017847947,3.0199989851098508,7.589998858748004,2.744000084931031,2.4719993234612048,0.9650029824115336,16.791000234661624,0,0
2619,object,22625.062764086,2.953998773591593,7.129001460270956,2.3600005079060793,1.9319995772093534,0.9709983714856207,15.345998690463603,0,0
2620,object,22625.107805849,3.459001163719222,9.440002031624317,3.735996870091185,2.996002876898274,1.4599972928408533,21.09100023517385,0,0
2621,object,22625.15290083,3.3960022847168148,6.761998520232737,2.7140013116877526,2.1429987100418657,1.1890006135217845,16.204001440200955,0,0
2622,object,22625.197799481,2.9049988370388746,6.7300024966243654,2.635999408084899,2.4129985831677914,1.0139992809854448,15.697998605901375,0,0
2623,object,22625.242886736,3.3420001273043454,8.121001883409917,3.203000233042985,2.592998498585075,1.2470009096432477,18.50600165198557,0,0
2624,object,22625.287780666,2.6900015654973686,7.683000148972496,2.781998773571104,2.091997885145247,1.20100230560638,16.448000678792596,0,0
2625,object,22625.332802722,3.0470000638160855,7.23399716662243,2.52100289799273,1.9419967429712415,0.9380019037052989,15.681998775107786,0,0
2626,object,22625.378035179,3.5150005714967847,7.647999154869467,2.8329995984677225,2.076998498523608,1.329000951955095,17.401998775312677,0,0
2627,object,22625.422785451,3.0090013751760125,7.366998033830896,3.049000952159986,2.110002242261544,1.3329990906640887,16.868001694092527,0,0
2628,object,22625.467835259,3.3329997677356005,7.669998012715951,2.4280016077682376,2.0169973140582442,1.224001607624814,16.671998309902847,0,0
2629,object,22625.512878807,3.272998583270237,7.667000318178907,3.0320006771944463,2.124001184711233,1.582000550115481,17.678001313470304,0,0
2630,object,22625.55778858,3.102999471593648,7.733000529697165,2.829998265951872,2.111999492626637,0.9239993232768029,16.701997083146125,0,0
2631,object,22625.602949122,3.94100061384961,10.16899841488339,3.5240009310655296,2.664000930963084,1.1849988368339837,21.482999727595598,0,0
2632,object,22625.647807879,3.6140008887741715,7.220001862151548,2.6239977160003036,2.3380016500595957,1.591997715877369,17.387999832862988,0,0
2633,object,22625.692845216,3.4700024116318673,6.823996955063194,2.983000740641728,2.3040011001285166,1.0969997674692422,16.678000974934548,0,0
2634,object,22625.737943569,4.207999154459685,10.305000614607707,2.9959992389194667,2.192999090766534,1.0520016076043248,20.753999706357718,0,0
2635,object,22625.782775821,3.168999683111906,6.571000994881615,2.507000317564234,2.0119987311773,1.0209987522102892,15.279998478945345,0,0
2636,object,22625.827783548,2.5519984774291515,6.682003004243597,2.377997589064762,1.9930012058466673,0.9850009519141167,14.590001228498295,0,0
2637,object,22625.872815386,3.4959994081873447,7.947000995045528,2.830998710123822,2.026001311605796,1.04300124803558,17.34300167299807,0,0
2638,object,22625.91792902,3.3959986467380077,7.422000635415316,2.9799994081258774,2.32499951380305,1.2540003808680922,17.376998584950343,0,0
2639,object,22625.962607604,1.5859986888244748,3.1769995985087007,1.2380005500745028,0.7199996616691351,0.7920025382190943,7.513001037295908,0,0
2640,object,22626.007737465,2.8800022846553475,6.4349987951572984,2.4180008040275425,1.8049977370537817,1.291002263315022,14.829001884208992,0,0
2641,object,22626.052707296,2.7050009521190077,6.466998456744477,2.873002813430503,2.539996785344556,1.015003363136202,15.600002370774746,0,0
2642,object,22626.097777394,2.7410023903939873,7.466998795280233,2.562999725341797,2.1380001271609217,1.0090006981045008,15.91800173628144,0,0
2643,object,22626.142742847,2.9909970180597156,6.212001608218998,2.8530012059491128,2.5269982870668173,0.9590003173798323,15.541998436674476,0,0
2644,object,22626.187917195,3.8569996831938624,9.815001249080524,3.4330005291849375,3.2269999792333692,1.1880001693498343,21.520001610042527,0,0
2645,object,22626.232761338,2.748998667811975,6.973001291044056,2.821998350555077,2.0120023691561073,1.2429991329554468,15.798999811522663,0,0
2646,object,22626.2777954,2.777996996883303,7.15100031811744,2.626002242323011,2.1319974621292204,1.33900175569579,16.025998775148764,0,0
2647,object,22626.322805809,3.05399953504093,7.786002242937684,3.1329982448369265,2.595999831100926,1.0250005288980901,17.594000382814556,0,0
2648,object,22626.367924949,3.6519995774142444,7.194998033810407,2.615000994410366,2.73999830824323,1.2460004654712975,17.447997379349545,0,0
2649,object,22626.41276638,2.5170011213049293,6.5210006141569465,2.857999788830057,2.1220002963673323,1.2119999155402184,15.230001736199483,0,0
2650,object,22626.457956636,3.421999281272292,9.743998816702515,3.6230012483429164,2.6560010155662894,1.1539996194187552,20.598999981302768,0,0
2651,object,22626.502855076,3.3760006772354245,8.028000593185425,3.1429990485776216,2.192999090766534,1.0600015230011195,17.800000932766125,0,0
2652,object,22626.547800385,3.34899959852919,6.946000212337822,2.8030008252244443,2.1550004021264613,1.0619987733662128,16.31499981158413,0,0
2653,object,22626.59273131,3.0890005291439593,6.465998012572527,2.988002961501479,1.9519975467119366,1.1459997040219605,15.640998753951862,0,0
2654,object,22626.637867981,3.9000005926936865,8.687999070389196,3.3180003811139613,2.5939989427570254,1.0730000212788582,19.572999008232728,0,0
2655,object,22626.682773887,3.115997969871387,6.5349995566066355,2.526001480873674,2.5179979274980724,1.1750016710720956,15.869998605921865,0,0
2656,object,22626.727826038,3.4629993024282157,7.528000423917547,2.868000592570752,2.5699991965666413,1.0609983291942626,17.48999784467742,0,0
2657,object,22626.772815762,3.264998667873442,22.91000055265613,2.844000846380368,2.44499824475497,1.4409997675102204,32.90499807917513,0,0
2658,object,22626.817751335,2.772001607809216,6.603000656468794,2.7520000003278255,2.2620006348006427,0.9739997040014714,15.36300260340795,0,0
2659,object,22626.862788606,2.7530004444997758,6.7020009737461805,2.4379987735301256,2.007000148296356,1.1040028766728938,15.004003216745332,0,0
2660,object,22626.907744453,2.811997546814382,6.487000064225867,2.634002157719806,2.082000719383359,0.957999873207882,14.973000361351296,0,0
2661,object,22626.952763285,4.438999894773588,9.829000191530213,4.113000613870099,2.548997144913301,0.9770010365173221,21.906998881604522,0,0
2662,object,22626.997766358,3.315999492770061,9.35500065679662,3.977998858317733,2.9220027499832213,1.257998519577086,20.82900027744472,0,0
2663,object,22627.042768415,2.8619979275390506,7.7170006989035755,2.9769980756100267,2.1510022634174675,1.3270000636111945,17.033999029081315,0,0
2664,object,22627.087881075,3.020999429281801,17.574999219505116,3.016000846400857,2.583001332823187,1.1989977792836726,27.393998607294634,0,0
2665,object,22627.132849772,3.393000952200964,7.015998562565073,2.5410008674953133,2.0280021999496967,1.0429976100567728,16.02100019226782,0,0
2666,object,22627.178058495,3.378001565579325,7.586997526232153,2.67700306721963,2.2329986677505076,1.3470016710925847,17.2220024978742,0,0
2667,object,22627.222796564,3.326997102703899,7.1400027081836015,2.5839981390163302,2.2470012481790036,1.0759977158159018,16.373996913898736,0,0
2668,object,22627.267803915,3.154000296490267,6.952999683562666,2.9579969123005867,2.06800177693367,1.4649995137006044,16.597998182987794,0,0
2669,object,22627.312799109,2.9389993869699538,6.915000994922593,2.5089975679293275,2.0880033844150603,1.1639967851806432,15.614998119417578,0,0
2670,object,22627.357821585,2.9430011636577547,7.589998858748004,3.1509989639744163,2.24300310947001,1.1999982234556228,17.127000319305807,0,0
2671,object,22627.402966304,3.946002834709361,11.185999028384686,3.8709986256435513,3.0090013751760125,1.3319986464921385,23.34400051040575,0,0
2672,object,22627.447798234,3.1509989639744163,8.304003131343052,2.8129979909863323,1.9330000213813037,1.1490010365378112,17.350001144222915,0,0
2673,object,22627.492792053,2.9319999157451093,7.642000127816573,3.1759991543367505,2.3330030671786517,0.9739997040014714,17.057001969078556,0,0
2674,object,22627.537856763,3.083001502091065,7.930997526273131,3.0240007617976516,2.5859990273602307,1.2180025805719197,17.842001398094,0,0
2675,object,22627.582843855,3.4089971450157464,7.689999620197341,3.050001396331936,2.2460008040070534,1.252999936696142,17.64799890224822,0,0
2676,object,22627.627783528,2.810997102642432,6.752001354470849,2.687000232981518,2.3799984774086624,0.9989998943638057,15.628997061867267,0,0
2677,object,22627.672833455,3.1519994081463665,7.77900277171284,2.9529983294196427,2.311000571353361,1.0110015864484012,17.20600266708061,0,0
2678,object,22627.717908107,3.9290025597438216,16.166999557754025,2.6759989850688726,2.249998942716047,1.0360017768107355,26.0580018220935,0,0
2679,object,22627.762814626,3.4810000215657055,7.471000571968034,2.8670001483988017,2.115000825142488,1.3889984984416515,17.32300006551668,0,0
2680,object,22627.807747787,3.0709998100064695,6.400001439033076,2.9910006560385227,2.153999957954511,1.1659976735245436,15.781999536557123,0,0
1,sign,22535.34510895,2.1509986254386604,6.173999281600118,2.263001078972593,103.39999789721332,0.8650022209621966,114.85299910418689,1,1
2,sign,22535.36923856,137.42699957219884,276.060000032885,76.87399920541793,9.532999683870003,1.0990006558131427,500.9929991501849,1,1
3,sign,22535.394029651,102.84599920851178,286.204998701578,128.61800132668577,7.638998795300722,1.1020019883289933,526.4100000204053,1,1
4,sign,22535.417786146,94.87399802310392,302.0330004801508,110.51299952669069,7.563001418020576,0.8269998943433166,515.8099993423093,1,1
5,sign,22535.440363784,50.931997975567356,171.63600205094554,73.84199852822348,4.7530011215712875,0.510000973008573,301.67300064931624,1,1
6,sign,22535.463228988,72.84499952220358,157.0590029587038,46.30799958249554,3.7659992813132703,0.41499879444018006,280.39300013915636,1,1
7,sign,22535.486607731,56.10100197372958,171.22299686889164,72.95800241990946,5.060999683337286,0.7889975677244365,306.1319985135924,1,1
8,sign,22535.512046843,96.850999398157,261.8830003484618,102.90800128132105,6.983998900977895,1.0399999155197293,469.66599984443747,1,1
9,sign,22535.536724833,85.79099812777713,287.95199978048913,105.6300025084056,6.97499854140915,0.9770010365173221,487.32499999459833,1,1
10,sign,22535.561840784,50.984999688807875,158.0869975441601,45.56600106297992,2.974000381072983,0.447998900199309,258.0599975772202,1,1
11,sign,22535.586303252,72.44299922604114,190.16300211660564,63.708001107443124,4.054996679769829,0.4580033419188112,330.82700247177854,1,1
12,sign,22535.612935641,119.77100075455382,269.97200257028453,124.90599692682736,8.03700095275417,1.077001797966659,523.7630030023865,1,1
13,sign,22535.637179326,78.91299901530147,233.95199968945235,110.96600064774975,6.827998731750995,0.8520000847056508,431.5109981689602,1,1
14,sign,22535.662116962,87.67200051806867,250.0059999874793,103.93099728389643,7.099002687027678,0.9539980965200812,449.66199857299216,1,1
15,sign,22535.689079952,99.4080000964459,358.38899930240586,128.12899876735173,7.6979995355941355,1.0470030247233808,594.671000726521,1,1
16,sign,22535.715349684,60.76700083212927,158.0440002726391,51.42800000612624,3.6179990274831653,0.35500124795362353,274.2120013863314,1,1
17,sign,22535.741142446,61.069000366842374,102.4310004140716,33.70400008861907,2.28799763135612,0.6080008461140096,200.09999934700318,1,1
18,sign,22535.768929363,103.22600064682774,261.66899988311343,102.62900104862638,7.433998689521104,1.1270021786913276,476.08500244678,1,1
19,sign,22535.795218361,104.65599916642532,273.91100229579024,122.38099952810444,9.28299778024666,1.248001353815198,511.47900012438186,1,1
20,sign,22535.821315654,146.28499775426462,413.93900028197095,150.69700020831078,8.33600279293023,1.2700002116616815,720.5270012491383,1,1
21,sign,22535.846814302,47.09499989985488,130.50399866187945,49.49200229020789,2.655000571394339,0.5229994712863117,230.26900089462288,1,1
22,sign,22535.870554789,36.49100108304992,98.66199980024248,31.405001209350303,2.5669978640507907,0.3220011421944946,169.447001098888,1,1
23,sign,22535.897264114,80.31600009417161,236.7449997109361,95.08600123808719,6.587000825675204,0.9010000212583691,419.6350018901285,1,1
24,sign,22535.923513901,94.22199946129695,255.4139973653946,101.65800267714076,6.813999789301306,1.091000740416348,459.19900003354996,1,1
25,sign,22535.949055712,60.55300036678091,146.26899792347103,49.04700108454563,3.8370017136912793,0.4709982022177428,260.1769992907066,1,1
26,sign,22535.974601027,44.406999222701415,140.85600196267478,32.38600038457662,2.6319976313970983,0.39700171328149736,220.6780009146314,1,1
27,sign,22535.99796393,33.06199869257398,104.67300307936966,31.754996598465368,2.458000381011516,0.3450004442129284,172.29299919563346,1,1
28,sign,22536.023870885,82.62499977718107,305.6659988942556,104.39600009704009,6.884998583700508,0.8640017767902464,500.4359991289675,1,1
29,sign,22536.047887246,97.32199760037474,284.1640016413294,103.17600026610307,7.5979987741447985,1.2220007192809135,493.4819990012329,1,1
30,sign,22536.072060691,90.77800132217817,328.3619989815634,196.91299894475378,8.822000381769612,0.910000380827114,625.785000011092,1,1
31,sign,22536.09708436,47.9970003652852,145.3989971196279,68.81400258862413,4.837998858420178,0.643001840217039,267.69100077217445,1,1
32,sign,22536.120515975,60.60899977455847,174.44400145905092,60.274000134086236,3.8850012060720474,0.6009977369103581,299.81300031067804,1,1
33,sign,22536.145880393,70.05299994489178,309.23099984647706,121.33700147387572,6.471000233432278,0.8619972504675388,507.9539987491444,1,1
34,sign,22536.172503253,160.34699729061686,421.6070010443218,209.47099983459339,9.776998922461644,1.1810006981249899,802.3829977901187,1,1
35,sign,22536.195580214,76.63499854970723,232.549002248561,95.79099787515588,6.362002750393003,0.8319984772242606,412.1689999010414,1,1
36,sign,22536.221605121,120.08599878754467,390.298999263905,170.64900021068752,9.586001397110522,1.5279983927030116,692.1479980519507,1,1
37,sign,22536.245626954,45.427997974911705,112.34200064791366,33.614000130910426,2.749999111983925,0.36100027500651777,194.49499814072624,1,1
38,sign,22536.270423994,52.23300104262307,133.10600115801208,52.81199992168695,3.6009987525176257,0.5209985829424113,242.27299945778213,1,1
39,sign,22536.294752893,76.89799895160832,256.6010007285513,104.24900028738193,6.882997695356607,0.9110008249990642,445.5419984878972,1,1
40,sign,22536.320281769,93.759001174476,255.77599808457308,101.36800119653344,6.998001481406391,0.9559989848639816,458.8570009218529,1,1
41,sign,22536.344215063,82.2750007500872,267.50699908006936,102.3580007313285,6.870999641250819,0.9879986464511603,459.99899884918705,1,1
42,sign,22536.367655567,70.39800038910471,202.79399905120954,94.19600246474147,6.0349993873387575,0.6880000000819564,374.11100129247643,1,1
43,sign,22536.39056361,44.47299943421967,111.64399984409101,35.121000109938905,2.5720000849105418,0.32000025385059416,194.12999972701073,1,1
44,sign,22536.414910294,62.69900040933862,217.10000146413222,71.59199958550744,5.163998139323667,0.8110000635497272,357.3659996618517,1,1
45,sign,22536.439593158,109.40100037259981,231.44399892771617,137.07700054510497,7.1069989644456655,0.9470022632740438,485.97600107314065,1,1
46,sign,22536.466323887,95.30399984214455,260.6309972179588,102.46100282529369,7.365997589658946,0.9750001481734216,466.7369976232294,1,1
47,sign,22536.492298726,56.04900070466101,158.20900080143474,47.650999476900324,3.405999450478703,0.41100065573118627,265.72600108920597,1,1
48,sign,22536.515539912,50.757997087202966,119.02200276381336,32.73299807915464,2.61999957729131,0.44099942897446454,205.57399693643674,1,1
49,sign,22536.543645428,90.05800166050903,234.76400019717403,131.80099995224737,6.784997822251171,0.910000380827114,464.3180000130087,1,1
50,sign,22536.570444125,81.40199861372821,264.4140004122164,102.29399777017534,6.915000994922593,1.0209987522102892,456.04599654325284,1,1
51,sign,22536.594807793,75.04499808419496,261.73399965045974,102.99300265614875,7.079997885739431,0.848001945996657,447.70000022253953,1,1
52,sign,22536.618594319,46.921999455662444,162.72600259981118,76.53599823242985,3.983001079177484,0.42299870983697474,290.59000007691793,1,1
53,sign,22536.642664664,13.821001630276442,52.15700002736412,28.922000637976453,1.8430000636726618,0.2269989636261016,96.97000132291578,1,1
54,sign,22536.669622962,50.52499909652397,199.65200044680387,149.23200069461018,7.188999006757513,0.8429997251369059,407.44099896983244,1,1
55,sign,22536.697805193,58.8570001127664,260.8230024634395,151.93099898169748,8.137001714203507,1.2479977158363909,480.99600098794326,1,1
56,sign,22536.723265368,49.83400140190497,190.87999680778012,128.03600111510605,8.27999974717386,1.0830008250195533,378.11299989698455,1,1
57,sign,22536.747514062,42.29299884173088,197.7339998120442,106.68500181054696,7.781000022077933,1.1359989002812654,355.62899938668124,1,1
58,sign,22536.77243754,20.612002117559314,75.73499897262082,44.10600013216026,2.435997885186225,0.2800006768666208,143.16899978439324,1,1
59,sign,22536.796610768,12.19999830937013,47.67700011143461,26.92300040507689,1.6160011000465602,0.18300124793313444,88.59900117386132,1,1
60,sign,22536.824094116,37.64899884117767,151.29600069485605,87.8550017660018,5.613997927866876,0.700001692166552,283.11400092206895,1,1
61,sign,22536.849570844,37.10600140038878,152.82199819921516,88.10600047581829,5.513000360224396,0.6820009730290622,284.2290014086757,1,1
62,sign,22536.876355419,36.86799755087122,151.7790005891584,88.77100117388181,5.6489989219699055,0.6610025593545288,283.72800079523586,1,1
63,sign,22536.901653244,11.465999705251306,45.779001084156334,26.64500061655417,1.6470003174617887,0.18399805412627757,85.72099977754988,1,1
64,sign,22536.925775823,13.541997759602964,55.463999160565436,32.08000271115452,2.087999746436253,0.22499807528220117,103.39899745304137,1,1
65,sign,22536.952486883,37.369998608483,147.06900037708692,89.59099795902148,5.909001629333943,0.6350019248202443,280.5740004987456,1,1
66,sign,22536.978840045,29.24199725384824,117.68400145228952,89.20300024328753,4.659999831346795,0.5660003807861358,241.35499916155823,1,1
67,sign,22537.004416447,47.19400021713227,155.83000276819803,91.24599819188006,5.560999852605164,0.6930022209417075,300.52400325075723,1,1
68,sign,22537.029505442,29.35000156867318,122.358000226086,72.18600148917176,5.121997673995793,0.6070004019420594,229.6230013598688,1,1
69,sign,22537.053079172,15.039000572869554,59.24099968979135,33.612999686738476,2.14899773709476,0.25700137484818697,110.29899906134233,1,1
70,sign,22537.07798558,32.379000913351774,9.61299883783795,0.9210016287397593,42.656000005081296,0.4260000423528254,85.9950014273636,2,1
71,sign,22537.104573118,58.158002502750605,153.65500075859018,88.18499918561429,7.400998583761975,0.6959999154787511,308.0950009461958,2,1
72,sign,22537.130436773,89.36599988373928,241.7899995634798,100.82500011776574,8.966999303083867,1.0180010576732457,441.9659999257419,2,1
73,sign,22537.157925213,59.03499913983978,179.3750016076956,90.49800064531155,7.70399856264703,0.7140006346162409,337.3260005901102,2,1
74,sign,22537.181705989,22.173997422214597,66.28900155192241,32.87700019427575,2.8559989004861563,0.26999987312592566,124.46599794202484,2,1
75,sign,22537.209126389,28.54999911505729,76.21300028404221,44.15299918036908,3.6960009310860187,0.3759996616281569,152.98799917218275,2,1
76,sign,22537.235545348,54.86900045070797,148.255996464286,83.19100015796721,6.769001629436389,0.6629998097196221,293.7479985121172,2,1
77,sign,22537.259571141,59.196001529926434,159.1809996170923,90.58599971467629,7.933998858788982,0.7210001058410853,317.6179998263251,2,1
78,sign,22537.284608845,56.14900146611035,149.39999891794287,88.29299986246042,7.042999641271308,0.7070011633913964,301.59200105117634,2,1
79,sign,22537.315650087,17.30599979055114,45.00599970924668,26.865000108955428,2.120003046002239,0.19699655240401626,91.4939992071595,2,1
80,sign,22537.345382597,29.83900049002841,79.95399937499315,46.631001168861985,3.8530015444848686,0.33799733500927687,160.6149999133777,2,1
81,sign,22537.387695141,87.19400284462608,4.4240005081519485,2.0469997252803296,11.750998964998871,1.257998519577086,106.67400056263432,2,0
82,sign,22537.432587136,62.4169988441281,3.1460003810934722,1.338998117716983,6.2540020735468715,0.35599805414676666,73.5119974706322,2,0
83,sign,22537.477115846,33.89000266906805,86.42899774713442,48.968999180942774,4.309000360080972,0.41500243241898715,174.0120023896452,2,1
84,sign,22537.503806931,59.03100100113079,184.02600107947364,105.35299952607602,7.604998245369643,0.7800008461344987,356.7950006981846,2,1
85,sign,22537.532087703,57.322002248838544,153.20099919335917,90.25200051837601,7.242000719998032,0.8879978850018233,308.9050005655736,2,1
86,sign,22537.562620266,69.08400246175006,192.27899974794127,91.47599848802201,7.4260024121031165,0.6989976100157946,360.96400071983226,2,1
87,sign,22537.586134629,18.71099811978638,52.25800123298541,29.662001907126978,2.434997441014275,0.2180022420361638,103.2840009429492,2,1
88,sign,22537.627734235,102.88399789715186,4.72500323667191,2.8419999580364674,11.995998647762462,1.3429998944047838,123.78999963402748,2,0
89,sign,22537.672963397,178.03300215746276,6.357997335726395,3.4229997254442424,13.613000191980973,1.2380005500745028,202.66499996068887,2,0
90,sign,22537.717470636,29.221002478152514,1.1880001693498343,0.6869995559100062,3.4990007407031953,0.28799695428460836,34.88299989840016,2,0
91,sign,22537.762654719,65.72399797732942,4.333000106271356,2.34500112128444,8.857998182065785,0.7520029612351209,82.01200034818612,2,0
92,sign,22537.807808575,111.26000026706606,5.08599987369962,2.750002749962732,12.625998351722956,0.9479990694671869,132.67000031191856,2,0
93,sign,22537.852736789,75.27600246248767,3.2269999792333692,1.7799975466914475,8.64600224304013,0.4270004865247756,89.35600271797739,2,0
94,sign,22537.897654765,76.32499909959733,4.490000719670206,2.700999175431207,9.551000403007492,0.976997398538515,94.04399679624476,2,0
95,sign,22537.942799983,113.03100109216757,4.66799974674359,2.887998562073335,13.595999917015433,1.2220007192809135,135.40500003728084,2,0
96,sign,22537.97433979,17.94700074242428,47.68000144395046,27.321999368723482,2.3089996830094606,0.2130000211764127,95.4710012592841,2,1
97,sign,22538.000042074,20.200001017656177,53.53099913918413,28.996000764891505,2.458000381011516,0.2449996827635914,105.43000098550692,2,1
98,sign,22538.028214618,81.67399937519804,185.15400006435812,83.93399912165478,5.3770017984788865,0.47399953473359346,356.6129998944234,2,1
99,sign,22538.055207954,59.99200220685452,163.92699762945995,90.74099943973124,7.58700116421096,0.7400012691505253,322.9870017094072,2,1
100,sign,22538.08026681,58.134999562753364,156.67299885535613,88.62400136422366,7.580998499179259,0.7449998520314693,311.7579981335439,2,1
101,sign,22538.104315782,18.201000784756616,47.68399958265945,26.94400245673023,2.248998498544097,0.20500010577961802,95.28300142847002,2,1
102,sign,22538.153028657,159.5069988979958,6.737998774042353,3.2759999157860875,15.782999980729073,1.167001755675301,186.47099932422861,2,0
103,sign,22538.19796681,159.14500181679614,5.434998456621543,3.498000296531245,16.481000784551725,1.2089985830243677,185.76799993752502,2,0
104,sign,22538.242564,51.456001529004425,2.344997483305633,1.1180018191225827,5.961999704595655,0.37900099414400756,61.2600015301723,2,0
105,sign,22538.287715424,81.58899800037034,3.4949989640153944,2.267002855660394,17.818998458096758,0.7410017133224756,105.91099999146536,1,0
106,sign,22538.332825736,103.6649991874583,5.2200011850800365,3.249999281251803,12.864999007433653,1.1230004020035267,126.12299906322733,1,0
107,sign,22538.377579059,47.39499854622409,3.3010001061484218,1.139000232797116,7.212998752947897,0.2580018190201372,59.30599945713766,1,0
108,sign,22538.422615512,47.98199734068476,4.142002580920234,2.182998287025839,7.483999070245773,0.800002453615889,62.59099973249249,1,0
109,sign,22538.467921565,120.18699999316595,7.361999450949952,3.9380029193125665,13.134998880559579,1.1839983926620334,145.80599963665009,1,0
110,sign,22538.512609076,38.801001210231334,2.010001480812207,1.4219986042007804,4.787001671502367,0.3759996616281569,47.396002628374845,1,0
111,sign,22538.557893828,27.866997697856277,2.7700007194653153,1.1880001693498343,3.9949991332832724,0.5309993866831064,36.350997106637806,1,0
112,sign,22538.602923706,28.406000637914985,2.3899992811493576,1.3749995559919626,4.314002580940723,0.41399835026822984,36.89900040626526,1,0
113,sign,22538.609310188,74.84399975510314,21.972002286929637,2.378998033236712,76.83000148972496,0.9559989848639816,176.98100054985844,2,1
114,sign,22538.634131414,49.90299930796027,120.71899982402101,42.91900040698238,3.612000000430271,0.5949987098574638,217.7479982492514,2,1
115,sign,22538.658026727,71.5749993105419,158.4310011821799,51.05599848320708,4.173001798335463,0.4609973984770477,285.6959981727414,2,1
116,sign,22538.70779336,109.4939980248455,4.6240020310506225,2.6380002964287996,13.711996871279553,1.1470001481939107,131.61499737179838,2,0
117,sign,22538.752832266,116.25499973888509,4.644000000553206,3.002001903951168,13.921999197918922,1.1789998097810894,139.00200065108947,2,0
118,sign,22538.79762142,60.755999584216624,2.554003003751859,1.2700002116616815,6.965998181840405,0.45100023271515965,71.99700121418573,2,0
119,sign,22538.842768537,101.73899863730185,4.558001819532365,2.467997546773404,21.963001927360892,1.1019983503501862,131.8299982813187,2,0
120,sign,22538.880116456,88.2580025063362,19.823997718049213,2.682001650100574,68.556000769604,0.7739981811027974,180.09400082519278,3,1
121,sign,22538.903522485,58.05399996461347,120.5059998028446,33.91700010979548,4.022000211989507,0.7649978215340525,217.2639979107771,3,1
122,sign,22538.947868578,156.2349971209187,4.485002136789262,3.291999746579677,14.87500048824586,1.0330004442948848,179.9199999368284,3,0
123,sign,22538.992770844,120.65299961250275,4.780999006470665,2.525001036701724,13.52099934592843,0.9270006557926536,142.40699965739623,3,0
124,sign,22539.037686644,65.81400157301687,2.878001396311447,1.4559991541318595,7.816001016180962,0.8379975042771548,78.80200064391829,3,0
125,sign,22539.082927796,298.3209997182712,14.050001482246444,4.8080000851769,16.493999282829463,1.1209995136596262,334.79400008218363,3,0
126,sign,22539.127829024,107.22300066845492,4.2289975681342185,2.5469998945482075,11.634001566562802,1.2310010788496584,126.8640007765498,3,0
127,sign,22539.147162461,97.50300159794278,248.6830017005559,171.47399921668693,14.459998055826873,1.2800010154023767,533.4000015864149,3,1
128,sign,22539.171452651,28.911999834235758,58.829999034060165,31.06700023636222,4.1240018617827445,0.21399682736955583,123.14699779381044,3,1
129,sign,22539.194507382,24.99400216038339,51.7189982929267,28.785001632058993,2.688000677153468,0.19099752535112202,108.37700028787367,3,1
130,sign,22539.247767402,118.27200069092214,4.281999281374738,2.863998815882951,16.443998902104795,1.172000338556245,143.03399802884087,2,0
131,sign,22539.292575424,51.13500083098188,2.3310021788347512,1.3689968909602612,6.070000381441787,0.40899976738728583,61.314000049605966,2,0
132,sign,22539.337817975,101.4299996313639,4.245001036906615,3.1560011848341674,12.499000149546191,1.0179974196944386,122.34799942234531,2,0
133,sign,22539.382820877,105.17700138734654,4.6530003601219505,2.872999175451696,12.723998224828392,1.0280018614139408,126.45500100916252,2,0
134,sign,22539.410682665,87.9420003911946,193.25700122863054,89.84699888969772,10.06900129141286,0.7609996828250587,381.8760014837608,1,1
135,sign,22539.437437874,35.00800085021183,10.473999282112345,1.1740012269001454,33.04799975012429,0.281001121038571,79.98500223038718,1,1
136,sign,22539.461429707,48.49299875786528,12.912001693621278,1.4729994290973991,46.65400047088042,0.6029986252542585,110.13499897671863,1,1
137,sign,22539.487939805,58.84200072614476,39.39700036426075,2.6289999368600547,91.62599963019602,0.9040013537742198,193.3980020112358,2,1
138,sign,22539.512486522,100.21400157711469,234.58999930880964,108.30500104930252,7.9599994933232665,0.7169983291532844,451.7859997577034,2,1
139,sign,22539.53698103,106.73900032998063,224.76199956145138,128.30899868276902,10.993000614689663,1.0040021152235568,471.80700130411424,2,1
140,sign,22539.560935912,34.601001971168444,125.02199751907028,52.12399992160499,4.498000635067001,0.37300196709111333,216.61800201400183,2,1
141,sign,22539.584227272,19.757000700337812,53.604999266099185,30.298000638140365,2.610999217722565,0.25999906938523054,106.53099889168516,2,1
142,sign,22539.609427831,45.082997530698776,119.48700193897821,66.25300011364743,5.7489996834192425,0.5110014171805233,237.08300068392418,2,1
143,sign,22539.634230848,47.52599852508865,127.11599993053824,72.05899964901619,5.9109988796990365,0.5770016286987811,253.1889986130409,2,1
144,sign,22539.658956951,93.66100130137056,178.77299978863448,89.09999814932235,7.88200122769922,0.7700000423938036,370.1860005094204,2,1
145,sign,22539.682686616,55.57499753194861,149.27400115993805,95.37400183035061,10.469997505424544,0.7170019671320915,311.4099999947939,2,1
146,sign,22539.705849265,21.569001546595246,58.14600081066601,31.372997909784317,2.7179994503967464,0.5570000212173909,114.36299973865971,2,1
147,sign,22539.730650893,23.317999875871465,61.53399954200722,36.42999945441261,3.0810006137471646,0.2939996193163097,124.65699910535477,2,1
148,sign,22539.75805488,45.53300095722079,129.09200086141936,69.90899782977067,5.699999746866524,0.6350019248202443,250.8690013200976,2,1
149,sign,22539.783096612,59.07200102228671,158.05700240889564,85.08599785272963,7.401002221740782,0.6129994289949536,310.2290029346477,2,1
150,sign,22539.809764481,58.413999795448035,20.99999983329326,1.7909987946040928,73.19699943764135,0.7510025170631707,155.1530003780499,3,1
151,sign,22539.83716688,51.05400123284198,109.82399908243679,66.63300155196339,10.817999282153323,0.9169998520519584,239.24600100144744,2,1
152,sign,22539.862479402,18.667000404093415,51.451999752316624,29.359998734435067,2.392000169493258,0.21400046534836292,102.08499952568673,2,1
153,sign,22539.889147908,47.391000407515094,99.22999743139371,44.45500235306099,3.7809986679349095,0.3839995770249516,195.24099843692966,2,1
154,sign,22539.915885153,37.47799928532913,113.54399975971319,64.57400013459846,4.770001396536827,0.44599801185540855,220.81199858803302,2,1
155,sign,22539.944046412,64.98699804069474,170.40099919540808,97.3999995039776,8.392002200707793,0.8219976734835654,342.0019966142718,2,1
156,sign,22539.971264781,27.14499714784324,65.31100007123314,30.3230008285027,2.7179994503967464,0.24400287657044828,125.74100037454627,2,1
157,sign,22539.999383007,28.25499905156903,76.16500079166144,44.49399784789421,3.7989993870723993,0.3720015229191631,153.08499860111624,2,1
158,sign,22540.026943659,77.11400030530058,21.094001567689702,1.938999048434198,94.12900180905126,0.8859969966579229,195.16199972713366,3,1
159,sign,22540.053055442,78.45200161682442,164.98699915246107,91.03900083573535,9.018996934173629,0.7150010787881911,344.21199961798266,3,1
160,sign,22540.079424557,76.01299876114354,160.42100105551071,89.99499914352782,9.070001397049055,0.6709997251164168,336.17000008234754,3,1
161,sign,22540.106622365,53.193998610368,115.17700113472529,52.994997531641275,5.339999916031957,0.3310015017632395,227.03699869452976,3,1
162,sign,22540.133454254,29.479000659193844,62.53299943637103,34.71099989837967,3.469001967459917,0.26099951355718076,130.45300147496164,3,1
163,sign,22540.163744825,113.54600064805709,251.3959989300929,101.60999954678118,9.309002052759752,0.9549985406920314,476.81599971838295,3,1
164,sign,22540.190410299,116.25399929471314,233.95599782816134,101.76200157729909,9.75500006461516,1.0619987733662128,462.78899753815494,3,1
165,sign,22540.219105634,126.81199950748123,245.97499941592105,101.23399988515303,10.594998457236215,0.8420029189437628,485.4580001847353,3,1
166,sign,22540.243378427,54.68900053529069,111.85599942109548,32.75700146332383,3.316999936942011,0.2540000423323363,202.87300139898434,3,1
167,sign,22540.26905582,51.21399954077788,135.9230009256862,47.09199856733903,4.564000846585259,0.3659988578874618,239.15899873827584,3,1
168,sign,22540.296981495,199.61299767601304,333.5720030008815,143.8389990653377,12.958000297658145,1.443997462047264,691.4259975019377,3,1
169,sign,22540.330562471,123.9809971593786,253.40900174342096,148.39199866401032,11.201002052985132,1.2310010788496584,538.2140006986447,3,1
170,sign,22540.355685575,112.28099901927635,181.18400112143718,83.87200068682432,6.85499981045723,0.805001036496833,384.9970016744919,3,1
171,sign,22540.382144523,55.70000212173909,106.9450008799322,36.140998417977244,4.272998921805993,0.36900019040331244,203.42800053185783,3,1
172,sign,22540.408880843,97.11200254969299,216.68299814336933,76.81599890929647,7.814000127837062,0.7500020728912205,399.17500180308707,3,1
173,sign,22540.438683583,180.92399841407314,324.76900014444254,175.6429992383346,11.915002687601373,1.3520002539735287,694.6030007384252,3,1
174,sign,22540.469759765,123.39599925326183,312.5529983663,162.22100020968355,14.84200038248673,1.3570024748332798,614.3690006865654,3,1
175,sign,22540.49985033,31.026000215206295,62.473998696077615,35.9029982064385,3.412002115510404,0.2489978214725852,133.0639970547054,3,1
176,sign,22540.530572943,39.475999074056745,85.63600204070099,45.69599695969373,4.5100023271515965,0.39099904824979603,175.70899944985285,3,1
177,sign,22540.560975788,95.35699791740626,158.78600243013352,89.44099681684747,9.306000720243901,0.8380011422559619,353.7279990268871,3,1
178,sign,22540.590757916,74.48999895132147,152.2349994047545,107.11100185289979,8.786999387666583,0.6779991963412613,343.3009987929836,3,1
179,sign,22540.621056214,78.91499990364537,159.764000272844,90.30699948198162,8.725000952836126,0.7009984983596951,338.4119991096668,3,1
180,sign,22540.646116504,28.616002964554355,55.377000535372645,31.61999848089181,2.9369984986260533,0.23000029614195228,118.78000077558681,3,1
181,sign,22540.671555231,25.313998776255175,53.33900116966106,30.467999749816954,2.9000002541579306,0.25199915398843586,112.27299910387956,3,1
182,sign,22540.698056937,65.27500227093697,137.09099948755465,77.67699935357086,7.418999302899465,0.6539994501508772,288.1159998651128,3,1
183,sign,22540.728544762,97.4649992713239,156.9619998917915,89.08100062399171,9.208997653331608,0.8400020305998623,353.5569994710386,3,1
184,sign,22540.754715966,75.87400250486098,156.35299860150553,109.95699994964525,8.512000931659713,0.6739974196534604,351.36999940732494,3,1
185,sign,22540.778487047,30.139002774376422,64.1309998172801,36.825000279350206,3.4479999158065766,0.3079985617659986,134.8510013485793,3,1
186,sign,22540.804748742,72.1989999874495,115.52399882930331,51.92900061956607,4.713998350780457,0.41500243241898715,244.78100021951832,3,1
187,sign,22540.830688854,74.94999954360537,151.54300126596354,110.33600094378926,11.760999768739566,1.0879994079004973,349.67800092999823,3,1
188,sign,22540.855658683,74.9120008549653,155.65800276817754,90.37099880515598,8.630999218439683,0.667001586407423,330.2390032331459,3,1
189,sign,22540.884557463,84.31500100414269,174.16899936506525,91.15899956668727,9.152001439360902,0.6819973350502551,359.47699871030636,3,1
190,sign,22540.907892964,29.48699693661183,49.43900057696737,27.630001568468288,9.056999260792509,0.2259985194541514,115.83899686229415,3,1
191,sign,22540.937118143,42.76500112609938,95.39199891150929,50.604001444298774,4.622997948899865,0.40899976738728583,193.7929991981946,3,1
192,sign,22540.962743916,70.83799937390722,144.39400183619,104.35299918754026,8.268998499261215,0.6800000846851617,328.53399898158386,3,1
193,sign,22540.988102103,83.30899800057523,167.99700097180903,91.44199793809094,8.448001608485356,0.7109993021003902,351.90699782106094,3,1
194,sign,22541.0126796,59.35499939369038,125.40700117824599,70.34999725874513,6.946000212337822,0.5319998308550566,262.5899978738744,3,1
195,sign,22541.036599248,25.1320016104728,51.30199861014262,28.16800042637624,2.559998392825946,0.22600215743295848,107.38800119725056,3,1
196,sign,22541.062031456,101.92799891228788,204.83300249907188,77.02399670961313,7.932001608423889,0.7439994078595191,392.4609991372563,3,1
197,sign,22541.089307496,118.21500083897263,233.36999947787262,93.77899914397858,9.128001693170518,0.9269970178138465,455.4189981718082,3,1
198,sign,22541.117250952,135.62000094680116,259.8729988676496,102.7530015562661,9.947998478310183,7.5310017564333975,515.7250016054604,3,1
199,sign,22541.142487696,117.11899787769653,240.8600012131501,101.13100142916664,10.088999260915443,0.9059986041393131,470.10499838506803,3,1
200,sign,22541.168496191,63.34800127660856,156.50799832656048,77.75999984005466,6.653001037193462,0.5000001692678779,304.76900064968504,3,1
201,sign,22541.193448946,97.9430005827453,145.75599925592542,38.66699989885092,3.8389989640563726,0.40600207285024226,286.61100077442825,3,1
202,sign,22541.219464557,64.53999958466738,134.04199853539467,79.27000115159899,7.54799839342013,0.562002242077142,285.9619999071583,3,1
203,sign,22541.24685016,74.53599755535834,170.89000175474212,91.51300037046894,8.846000127959996,0.6629998097196221,346.447999618249,3,1
204,sign,22541.27461144,92.84000043408014,795.1629995659459,372.4019989022054,9.858002158580348,0.9089999366551638,1271.172000997467,3,1
205,sign,22541.301143212,27.228001272305846,63.88499969034456,30.052000511204824,2.75899947155267,0.20999868866056204,124.13399963406846,3,1
206,sign,22541.326976949,45.453001803252846,68.78799831611104,41.88900129520334,3.2799980544950813,0.2449996827635914,159.6549991518259,3,1
207,sign,22541.352908246,35.532997571863234,95.1410002016928,45.42900205706246,4.80900052934885,0.4799985617864877,181.39199892175384,3,1
208,sign,22541.379375728,74.65800081263296,154.08800027216785,89.32299897423945,8.568000339437276,0.6259979272726923,327.26299832575023,3,1
209,sign,22541.406646512,79.78599751368165,162.547999934759,91.94100130116567,9.33699993765913,0.7179987733252347,344.3299974605907,3,1
210,sign,22541.433746681,28.2260007224977,56.228000175906345,30.816998332738876,2.8659997042268515,0.2450033207423985,118.38200225611217,3,1
211,sign,22541.459766696,26.163001166423783,52.6429976162035,30.596002034144476,2.7370006137061864,0.23699976736679673,112.37600119784474,3,1
212,sign,22541.486382563,135.97000361187384,260.92399639310315,135.61400191974826,10.534000466577709,0.9889990906231105,544.0310014819261,2,1
213,sign,22541.512626197,100.78199920826592,238.62799935159273,127.45200001518242,8.233000698965043,0.7540002116002142,475.8489994856063,2,1
214,sign,22541.539125156,100.53900041384622,240.7690008112695,157.59699817863293,11.169002391397953,0.9219984349329025,510.9960002300795,2,1
215,sign,22541.564502977,36.022000131197274,83.90900256927125,44.31199704413302,3.240002115489915,0.2550004865042865,167.73800234659575,2,1
216,sign,22541.58910472,19.14500171551481,56.175998906837776,27.912999939871952,2.273001882713288,0.2310007403139025,105.73800318525173,2,1
217,sign,22541.616636894,81.9020024209749,182.91999731445685,80.05299969227053,6.16400211583823,0.5429974407888949,351.5819989843294,2,1
218,sign,22541.642186446,101.93799971602857,243.64099954254925,153.27100118156523,10.496001777937636,0.9399991540703923,510.2860013721511,2,1
219,sign,22541.666910856,102.00299948337488,218.95199824939482,116.0079991677776,7.689002814004198,0.7989983714651316,445.4509980860166,2,1
220,sign,22541.691369073,53.97700078901835,129.99300088267773,77.42699744994752,5.321002390701324,0.5259971658233553,267.2439986781683,2,1
221,sign,22541.715646415,19.75200211745687,50.33699926570989,27.96199987642467,2.32499951380305,0.18799983081407845,100.56400060420856,2,1
222,sign,22541.741645139,58.05299952044152,107.06199827836826,52.77699892758392,4.573001206154004,0.4309986252337694,222.89599655778147,2,1
223,sign,22541.767815072,98.36400204221718,266.12899819156155,107.28400229709223,8.228998922277242,0.9079994924832135,480.9140009456314,2,1
224,sign,22541.793045891,92.274000053294,218.7409991165623,141.63900050334632,9.56199801294133,0.8540009730495512,463.0699986591935,2,1
225,sign,22541.8172724,41.20499943383038,99.41499956767075,62.26100231288001,4.255998646840453,0.3749992174562067,207.5119991786778,2,1
226,sign,22541.84253249,25.809997168835253,63.88100155163556,34.59199797362089,2.7420028345659375,0.2950000634882599,127.3199995921459,2,1
227,sign,22541.8689905,61.70000051497482,127.38000077661127,72.69699926837347,6.048001523595303,0.5029978638049215,268.3279999473598,2,1
228,sign,22541.894815168,53.287996706785634,159.62200268404558,86.07099880464375,7.195998477982357,0.8100032573565841,306.9869999308139,2,1
229,sign,22541.921329294,62.70999801927246,165.37000192329288,90.00000136438757,7.5219977588858455,0.7700000423938036,326.37199910823256,2,1
230,sign,22541.949291247,29.464998078765348,79.81700036907569,248.03699852782302,4.130000888835639,0.386000465368852,361.83499832986854,2,1
231,sign,22541.974892985,20.432999008335173,50.2560033055488,29.298997105797753,2.538999979151413,0.23000029614195228,102.7569996949751,1,1
232,sign,22542.001393266,15.645000530639663,64.2970007902477,34.893997508333996,2.48300057137385,0.21999949240125716,117.53899889299646,1,1
233,sign,22542.028644708,32.605999876977876,128.3250021515414,72.25899753393605,4.780002200277522,0.5299989425111562,238.50000070524402,1,1
234,sign,22542.054539572,39.616999856662005,157.30800078017637,91.94800077239051,5.7249999372288585,0.6569971446879208,295.25499849114567,1,1
235,sign,22542.080502874,18.6100005521439,72.75900134118274,43.52699761511758,2.9000002541579306,0.3179993655066937,138.11399912810884,1,1
236,sign,22542.10539574,12.085998605471104,47.83800250152126,27.587000658968464,1.862998033175245,0.19300205167382956,89.5670018508099,1,1
237,sign,22542.132510443,40.069000533549115,165.90299856034108,91.2649993551895,5.874000635230914,0.8770002750679851,303.9879993593786,1,1
238,sign,22542.159540248,48.535999667365104,156.52499860152602,89.92199946078472,6.000002031214535,0.7009984983596951,301.6839982592501,1,1
239,sign,22542.183944423,42.12700150674209,184.35499805491418,90.99599992623553,6.636000762227923,0.7620001269970089,324.8760003771167,1,1
240,sign,22542.209960082,39.01699892594479,197.10900232894346,115.79299825825728,6.647998816333711,0.6370028131641448,359.2040011426434,1,1
241,sign,22542.234612496,11.500000255182385,46.18700040737167,25.81100125098601,1.6909980331547558,0.1910011633299291,85.38000111002475,1,1
242,sign,22542.260774566,14.483000995824113,56.926000979729,34.27699994063005,2.106000465573743,0.2489978214725852,108.04100020322949,1,1
243,sign,22542.287255521,46.25699875759892,173.80699864588678,91.5769996936433,6.060003215679899,0.8879978850018233,318.5889981978107,1,1
244,sign,22542.312733882,54.81999687617645,179.20400205184706,127.77200026903301,7.716000254731625,0.8229981176555157,370.33499756944366,1,1
245,sign,22542.3379524,43.35799894761294,183.16500063519925,91.9619997148402,5.883000994799659,0.7929993444122374,325.1609996368643,1,1
246,sign,22542.36405458,16.07100057299249,58.880999858956784,35.203996958443895,2.1710002329200506,0.21600135369226336,112.54299897700548,1,1
247,sign,22542.388713805,12.112999684177339,47.13499947683886,27.722999220713973,1.796001015463844,0.19999788491986692,88.96699728211388,1,1
248,sign,22542.415317468,39.93800055468455,157.98900130903348,90.77799768419936,6.1300015659071505,0.6800000846851617,295.5150011985097,1,1
249,sign,22542.441578966,41.68599843978882,154.6339990454726,95.88800094206817,7.657999958610162,0.8940005500335246,300.7599989359733,1,1
250,sign,22542.467370313,49.633999879006296,159.39000149955973,94.27799886907451,6.050999218132347,0.7630005711689591,310.11600003694184,1,1
251,sign,22542.492382547,14.490000467048958,55.390999477822334,44.53600195120089,2.930999471573159,0.2529995981603861,117.60100096580572,1,1
252,sign,22542.517567674,13.27700010733679,52.1059992024675,28.15200059558265,1.8339997041039169,0.20299921743571758,95.57199882692657,1,1
253,sign,22542.545109468,41.423001675866544,159.23299724818207,89.95900134323165,5.966001481283456,0.6919981387909502,297.2729998873547,1,1
254,sign,22542.571740054,51.29999772179872,185.20099911256693,117.90200005634688,6.609003321500495,0.6719965313095599,361.6839967435226,1,1
255,sign,22542.5993143,41.67699808022007,160.69300181698054,91.73199941869825,6.068999937269837,0.6820009730290622,300.85300022619776,1,1
256,sign,22542.624586135,12.66999970539473,47.478999476879835,28.055001166649163,1.7800011846702546,0.21899904822930694,90.20300058182329,1,1
257,sign,22542.650318797,16.517999029019848,85.57299952371977,44.24000144354068,2.510998456273228,0.285999703919515,149.12799815647304,1,1
258,sign,22542.67611237,24.80100010870956,95.50499817123637,69.54000127734616,4.4529988372232765,0.3940003807656467,194.692998775281,1,1
259,sign,22542.700932969,38.9279994124081,193.8720015459694,91.99499982059933,6.498998118331656,0.7400012691505253,332.034000166459,1,1
260,sign,22542.727029608,46.17100057657808,167.22900181775913,90.42799865710549,6.4539999584667385,0.6990012479946017,310.98100225790404,1,1
261,sign,22542.753343432,14.021999959368259,52.60800026007928,31.439001759281382,2.0129991753492504,0.24299879441969097,100.32499994849786,1,1
262,sign,22542.778670345,13.984001270728186,54.50199751066975,33.090000215452164,2.196000423282385,0.2220003807451576,103.99399980087765,1,1
263,sign,22542.804908077,53.659001423511654,154.96500054723583,80.339999840362,6.140999175840989,0.9889990906231105,296.0940000775736,1,1
264,sign,22542.830758621,37.428999348776415,153.6290001240559,120.53899990860373,6.71900124871172,0.7109993021003902,319.02699993224815,1,1
265,sign,22542.856407193,38.13500006799586,292.4839973275084,95.07700087851845,8.979000995168462,0.8700008038431406,435.5450000730343,1,1
266,sign,22542.880996201,63.29100142465904,158.22500063222833,90.82899850909598,5.67700044484809,0.7070011633913964,318.72900217422284,1,1
267,sign,22542.905809712,17.907001165440306,68.24299998697825,52.43600026005879,4.146997525822371,0.27400164981372654,143.00700058811344,1,1
268,sign,22542.93131818,19.67000207514502,76.82999785174616,45.676002628169954,2.9570001061074436,0.3209970600437373,145.4539997212123,1,1
269,sign,22542.957591238,39.5580027543474,156.7759973113425,94.79200161877088,6.207999831531197,0.676998752169311,298.0110002681613,1,1
270,sign,22542.983284132,46.213001041905954,155.36800128757022,86.7649978317786,5.786001565866172,0.6689988367725164,294.80100056389347,1,1
271,sign,22543.007631703,27.149999368702993,106.99099948396906,60.94000127632171,3.9199985621962696,0.49200025387108326,199.49299894506112,1,1
272,sign,22543.031933355,16.033001884352416,60.997997934464365,32.759999157860875,2.296001184731722,0.24700057110749185,112.33400073251687,1,1
273,sign,22543.059422503,33.98999979253858,129.07999916933477,74.32200072798878,4.951998562319204,0.5290021363180131,242.87300038849935,1,1
274,sign,22543.087261068,40.76899858773686,186.4320001914166,100.65099922940135,7.956001354614273,0.7819980964995921,336.58999745966867,1,1
275,sign,22543.113112317,44.13099668454379,187.15400074142963,147.43200154043734,9.20000093174167,0.9830000635702163,388.89999996172264,1,1
276,sign,22543.143456671,42.85199975129217,186.23399955686182,111.38699846924283,6.174999725772068,0.8179995347745717,347.46599703794345,1,1
277,sign,22543.168564629,12.996999430470169,53.16300303093158,31.749998015584424,2.296001184731722,0.20299921743571758,100.40900087915361,1,1
278,sign,22543.194866808,19.446000806055963,79.19899871922098,55.99300129688345,3.2269999792333692,0.3440000000409782,158.20900080143474,1,1
279,sign,22543.221606305,42.61499998392537,165.07300097146071,102.94399908161722,6.463000318035483,0.9040013537742198,317.999001708813,1,1
280,sign,22543.246164327,41.235001845052466,152.3829996585846,91.75000013783574,6.135996954981238,0.724001438356936,292.228000034811,1,1
281,sign,22543.271419005,41.04000254301354,161.45499830599874,121.69999899924733,8.928000170271844,0.74800118454732,333.8710012030788,1,1
282,sign,22543.297687515,19.652998162200674,83.33100049640052,45.12300074566156,6.710997695336118,0.5630026862490922,155.38099978584796,1,1
283,sign,22543.32155822,15.795001672813669,57.60299973189831,32.030999136622995,2.18700006371364,0.2349988790228963,107.85099948407151,1,1
284,sign,22543.34860663,26.33300027810037,104.5380013238173,62.89999873843044,4.258999979356304,0.4710018401965499,198.50100215990096,1,1
285,sign,22543.375722684,60.27100243954919,249.5359985914547,160.85400056908838,9.118997695622966,0.9710020094644278,480.75100130517967,1,1
286,sign,22543.402044817,62.68499782891013,237.84000222804025,115.25899753905833,6.684000254608691,0.7990020094439387,423.26699986006133,1,1
287,sign,22543.426225565,29.76399991894141,86.8620008986909,46.93099981523119,2.6170018827542663,0.32399839255958796,166.49800090817735,1,1
288,sign,22543.45030927,19.91099998122081,62.613999034510925,29.23200008808635,1.9120016077067703,0.2589986252132803,113.92799933673814,1,1
289,sign,22543.475080956,23.1039994105231,95.91500202077441,51.455001084832475,3.815999662037939,0.3899986040778458,174.68000078224577,1,1
290,sign,22543.501052176,47.735997213749215,176.30600268603303,94.43399903830141,6.26700057182461,0.7559974619653076,325.49899697187357,1,1
291,sign,22543.526567084,37.62199776247144,152.64000103343278,90.78899893211201,5.608999344985932,0.7609996828250587,287.4209967558272,1,1
292,sign,22543.551510523,20.294999558245763,71.62199835875072,43.51900133769959,2.6609995984472334,0.2910019247792661,138.38800077792257,1,1
293,sign,22543.576141441,15.41399979032576,53.74999818741344,29.427999834297225,2.0990009943488985,0.20199877326376736,100.89299757964909,1,1
294,sign,22543.604128444,61.60100019769743,239.25899949972518,116.6280017059762,6.489997758762911,0.7119997462723404,424.68999890843406,1,1
295,sign,22543.630251754,61.918999563204125,232.22600066219456,157.36700152046978,8.855000487528741,0.9879986464511603,461.3550008798484,1,1
296,sign,22543.654317839,61.79100091685541,234.38400239683688,155.3779984533321,8.385999535676092,0.9190007403958589,460.85800204309635,1,1
297,sign,22543.67907694,59.611000324366614,228.9789990754798,140.63200069358572,7.825001375749707,0.9430004865862429,437.9900019557681,1,1
298,sign,22543.70335717,17.484999261796474,61.361999541986734,34.218999644508585,3.7800018617417663,0.5849979061167687,117.43099821615033,1,1
299,sign,22543.727640203,16.73099905019626,64.76400085375644,37.40499960258603,2.526001480873674,0.2569977368693799,121.68299872428179,1,1
300,sign,22543.753515883,37.845999031560495,154.3020007375162,90.86600039154291,6.360998668242246,0.6740010576322675,290.04899988649413,1,1
301,sign,22543.778288113,38.09600093518384,151.16400027181953,88.08899656287394,5.883000994799659,0.6609989213757217,283.8929976860527,1,1
302,sign,22543.804305439,64.8360000923276,187.65300046652555,91.85299859382212,6.230999133549631,0.7790004019625485,351.35199868818745,1,1
303,sign,22543.829130684,16.981000953819603,50.75199806015007,29.710001399507746,1.9569997675716877,0.21600135369226336,99.61600153474137,1,1
304,sign,22543.853473483,15.331999748013914,68.72300218674354,37.8379991161637,2.769000275293365,0.26899942895397544,124.9310007551685,1,1
305,sign,22543.87959987,41.355000576004386,162.01099788304418,97.9370015556924,6.980997568462044,0.7090020517352968,308.9929996349383,1,1
306,sign,22543.906158932,48.11499820789322,165.27000116184354,91.80699998978525,6.164998922031373,0.7510025170631707,312.10800079861656,1,1
307,sign,22543.930570902,36.942998121958226,155.4020018375013,90.86700083571486,6.028996722307056,0.691001332597807,289.93199885007925,1,1
308,sign,22543.958952366,17.190999642480165,80.186000559479,33.905998861882836,2.0080005924683064,0.28700014809146523,133.57799980440177,1,1
309,sign,22543.983042643,16.281999705825,64.84199911938049,33.608997910050675,2.2990025172475725,0.2359993231948465,117.26799857569858,1,1
310,sign,22544.008157465,19.327999325469136,70.91600127751008,37.756999518023804,2.368000423302874,0.3040004230570048,130.6730009673629,1,1
311,sign,22544.034239697,61.9569982518442,186.93500169320032,93.46200022264384,6.165999366203323,0.8019997039809823,349.32199923787266,1,1
312,sign,22544.059715385,40.72600131621584,157.22500029369257,108.11299944180064,6.079000741010532,0.8479983080178499,312.99100010073744,1,1
313,sign,22544.083751702,30.678998882649466,112.68000162090175,74.04099960695021,4.045999958179891,0.4619978426489979,221.9079979113303,1,1
314,sign,22544.107440117,13.608998415293172,50.36900256527588,27.619997126748785,1.8320024537388235,0.18699938664212823,93.61699994769879,1,1
315,sign,22544.133356714,26.543999410932884,104.96300092199817,63.097999372985214,4.233002982800826,0.48599758883938193,199.32400027755648,1,1
316,sign,22544.158850074,45.37399945547804,173.81100042257458,90.97899965126999,5.784000677522272,0.8360002539120615,316.78400046075694,1,1
317,sign,22544.185592868,39.2399997508619,154.96699779760092,94.41500151297078,5.746998795075342,0.6650006980635226,295.03399855457246,1,1
318,sign,22544.211288656,37.55000216187909,145.5489982618019,82.67900193459354,5.763999070040882,0.6629998097196221,272.20500123803504,1,1
319,sign,22544.235211293,19.33900057338178,71.45700146793388,40.175000322051346,2.8089998522773385,0.33800097298808396,134.11800318863243,1,1
320,sign,22544.260981391,34.00100104045123,91.47799937636591,51.73799945623614,3.725002898136154,0.4270004865247756,181.3690032577142,1,1
321,sign,22544.289690268,38.09700137935579,153.6329982627649,90.41700104717165,6.057998689357191,0.7900016498751938,288.9950010285247,1,1
322,sign,22544.313255293,56.781998864607885,224.7180018457584,148.0049977544695,8.840001100907102,0.9889990906231105,439.333998656366,1,1
323,sign,22544.339100299,40.14400110463612,153.394001245033,92.1949977055192,5.840000085299835,0.7199996616691351,292.2929998021573,1,1
324,sign,22544.362325435,14.01100234943442,54.16599742602557,32.676001865183935,2.082000719383359,0.25199915398843586,103.18700151401572,1,1
325,sign,22544.387649688,15.286001143977046,59.436999436002225,36.13899752963334,2.36400228459388,0.26099951355718076,113.48699990776367,1,1
326,sign,22544.413379209,38.06200038525276,151.1939990450628,89.14200225262903,5.992998922010884,0.8120005077216774,285.20300111267716,1,1
327,sign,22544.438375907,37.098998291185126,152.478001837153,90.06099935504608,6.102000043028966,0.6279988156165928,286.36799834202975,1,1
328,sign,22544.46370918,41.12999886274338,158.59199993428774,108.99400149355642,7.403999916277826,0.7890012057032436,316.9090014125686,1,1
329,sign,22544.491504716,14.7360005939845,59.79499837849289,35.96000169636682,2.3510001483373344,0.24299879441969097,113.08499961160123,1,1
330,sign,22544.516358468,11.116997484350577,45.77500294544734,26.963996788254008,1.6970006981864572,0.21999949240125716,85.77299740863964,1,1
331,sign,22544.544533722,37.02200046973303,150.18599879113026,89.70400085672736,5.461999535327777,0.7540002116002142,283.12799986451864,1,1
332,sign,22544.572531165,38.30700006801635,149.2060000600759,89.53200085670687,6.279999070102349,0.7180024113040417,284.0430024662055,1,1
333,sign,22544.599999328,111.77700071129948,396.20800089323893,233.60599880106747,11.868000001413748,1.5430014173034579,755.0020018243231,1,1
334,sign,22544.627508659,104.9230013450142,348.2669999357313,187.89000023389235,11.936997907469049,1.3520002539735287,654.3689996760804,1,1
335,sign,22544.65025908,12.94799949391745,51.5649990120437,30.230999982450157,1.992000761674717,0.2169981598854065,96.95299740997143,1,1
336,sign,22544.675901298,26.341000193497166,121.92600115668029,65.05799683509395,4.240002454025671,0.5189976945985109,218.08399833389558,1,1
337,sign,22544.702206369,42.394000047352165,171.87800040119328,97.53999984241091,6.353002390824258,0.7620001269970089,318.9270028087776,1,1
338,sign,22544.726168968,44.33899812283926,171.48500046459958,92.48499918612652,6.324000423774123,0.7279995770659298,315.3609977744054,1,1
339,sign,22544.750331316,17.884998669615015,70.90000144671649,41.87499871477485,2.6220004656352103,0.34099866752512753,133.6229979642667,1,1
340,sign,22544.774717049,11.03899921872653,44.81900032260455,27.056001272285357,1.791999238776043,0.2259985194541514,84.93199857184663,1,1
341,sign,22544.801535778,38.35499956039712,151.0540023446083,92.93299808632582,6.057001883164048,0.7259986887220293,289.1250005632173,1,1
342,sign,22544.827217279,43.6690024798736,168.61299809534103,92.2130020626355,6.275997293414548,0.7800008461344987,311.55100077739917,1,1
343,sign,22544.85177044,49.55400072503835,154.8549989820458,106.53500066837296,6.012000085320324,0.7589987944811583,317.7149992552586,1,1
344,sign,22544.875994548,68.42099901405163,161.02799781947397,90.68800136446953,6.188001862028614,0.809999619377777,327.1349996794015,1,1
345,sign,22544.900026908,14.623001334257424,53.38700066204183,29.463000828400254,2.097000106004998,0.2169981598854065,99.78700109058991,1,1
346,sign,22544.925558127,23.30999996047467,93.85699740960263,56.01500015472993,3.674002073239535,0.38700090954080224,177.24300050758757,1,1
347,sign,22544.951869087,60.82600157242268,247.06899785087444,127.83500278601423,6.536000000778586,0.6789996405132115,442.94500185060315,1,1
348,sign,22544.976069846,68.02999996580184,240.85899713099934,103.95900244475342,6.258000212255865,0.8319984772242606,419.9379982310347,1,1
349,sign,22544.999861194,44.12000271258876,217.62099640909582,108.4080031432677,7.039998308755457,0.6160007615108043,377.80500133521855,1,1
350,sign,22545.023487921,19.305000023450702,72.24499859148636,44.91800063988194,2.311000571353361,0.24800101527944207,139.0270008414518,1,1
351,sign,22545.048484215,42.92800076655112,166.49800090817735,88.29099897411652,4.642999556381255,0.523999915458262,302.8840001206845,1,1
352,sign,22545.074108859,61.45799852674827,234.4330023333896,135.62199819716625,6.632999429712072,0.848001945996657,438.99400043301284,1,1
353,sign,22545.098711791,64.42299854825251,303.012002405012,112.80299804639071,6.758000381523743,0.8790011634118855,487.8750005445909,1,1
354,sign,22545.122059573,40.30399941257201,158.02100097062066,92.61899685952812,5.740002961829305,0.676998752169311,297.3609989567194,1,1
355,sign,22545.145519608,17.88100053090602,69.37400030437857,41.57299918006174,2.7240021154284477,0.2899978426285088,131.8419999734033,1,1
356,sign,22545.169609025,13.176999345887452,49.804999434854835,29.466998967109248,2.030003088293597,0.20899824448861182,94.68799908063374,1,1
357,sign,22545.195231275,55.50700007006526,197.8350010176655,127.14499825960957,7.220001862151548,0.7300004654098302,388.4370016749017,1,1
358,sign,22545.219498112,38.16599928541109,149.24700008123182,89.83099905890413,5.826001142850146,0.6250011210795492,283.69500068947673,1,1
359,sign,22545.244799839,37.533998693106696,151.66500088525936,122.09199849166907,6.291000318014994,0.7900016498751938,318.3720000379253,1,1
360,sign,22545.268487978,17.77700163074769,67.66699880245142,38.04600055445917,2.450000465614721,0.25199915398843586,126.19200060726143,1,1
361,sign,22545.292607819,11.954001820413396,46.35799996322021,27.76799738057889,1.8640021153260022,0.2439992385916412,88.18800051813014,1,1
362,sign,22545.338168071,32.313000701833516,2.724998921621591,1.6140002117026597,6.160000339150429,0.49599839258007705,43.30799856688827,1,0
363,sign,22545.383027699,31.043000490171835,2.7189998945686966,1.3419994502328336,4.124998667975888,0.5709989636670798,39.79999746661633,1,0
364,sign,22545.427668142,9.777999366633594,0.9089999366551638,0.4260000423528254,1.4119978004600853,0.15200203051790595,12.676999176619574,1,0
365,sign,22545.452428592,19.671999325510114,71.75599967013113,40.2449986722786,2.635002601891756,0.33699689083732665,134.64499716064893,1,1
366,sign,22545.477539949,19.71399979083799,77.05100142629817,46.23499989975244,2.953998773591593,0.3400018613319844,146.29400175181217,1,1
367,sign,22545.503225725,45.243003114592284,168.61699987202883,92.24599853041582,6.793998181819916,0.7360031304415315,313.6360028292984,1,1
368,sign,22545.527279585,41.88399907434359,161.36799968080595,89.85500244307332,5.882000550627708,0.7159978849813342,299.7049996338319,1,1
369,sign,22545.552416039,16.71399877523072,65.80899935215712,38.16599928541109,2.830001903930679,0.2950000634882599,123.81399938021787,1,1
370,sign,22545.577215435,19.164999685017392,71.82999979704618,43.938998715020716,2.74099875241518,0.2730012056417763,137.94799815514125,1,1
371,sign,22545.623106388,40.66299879923463,2.912001946242526,1.534997863927856,4.852001438848674,0.6000009307172149,50.5620009789709,1,0
372,sign,22545.667977902,47.98299778485671,2.62100002146326,1.3110002328176051,4.1860002966132015,0.5639994924422354,56.66499782819301,1,0
373,sign,22545.712737658,26.649999199435115,1.3170028978493065,0.5929978215135634,1.9790022633969784,0.2039996616076678,30.74300184380263,1,0
374,sign,22545.757913176,30.805000278633088,2.4370019673369825,1.3649987522512674,4.35599940828979,0.39099904824979603,39.353999454760924,1,0
375,sign,22545.802842393,17.94499985408038,1.4379984349943697,0.7660019036848098,2.7149981178808957,0.25600093067623675,23.11999924131669,1,0
376,sign,22545.804972615,48.36000152863562,11.591000657062978,1.75300010596402,43.58799924375489,0.41900057112798095,105.7110021065455,2,1
377,sign,22545.83224303,61.32500129751861,129.2729975830298,45.57100328383967,5.013996997149661,0.686002749716863,241.8690019112546,2,1
378,sign,22545.857592092,91.15799912251532,194.16299983276986,79.27600017865188,6.1920000007376075,0.6650006980635226,371.4539998327382,2,1
379,sign,22545.883349092,94.2029982979875,220.80100097809918,92.76000128011219,7.951999577926472,0.862997694639489,416.57899782876484,2,1
380,sign,22545.907177449,116.37900024652481,259.06399969244376,108.38099842658266,9.176001185551286,0.9649993444327265,493.96499889553525,2,1
381,sign,22545.930621849,96.17400064598769,220.57200112612918,108.21099931490608,8.269002137240022,0.871998054208234,434.0980012784712,2,1
382,sign,22545.955089213,52.04000262892805,118.09999705292284,34.72000025794841,3.496999852359295,0.357002136297524,208.71400192845613,2,1
383,sign,22545.978663519,85.64900053897873,187.3299988801591,85.31600178685039,6.0870006564073265,0.6970003596507013,365.07900222204626,2,1
384,sign,22546.003303997,91.9659978535492,222.65600273385644,94.48700075154193,9.212999430019408,0.8280003385152668,419.15000110748224,2,1
385,sign,22546.027224985,129.47800132678822,248.10299873934127,101.60300007555634,9.111001418204978,0.9780014806892723,489.2730030405801,2,1
386,sign,22546.051932319,121.20200335630216,227.3519967275206,108.13600238179788,8.633000106783584,0.8969982445705682,466.2200008169748,2,1
387,sign,22546.07807756,55.77100091613829,113.24400111334398,31.61999848089181,2.9459988581947982,0.2529995981603861,203.83399896672927,2,1
388,sign,22546.102111833,66.8360007693991,142.42199904401787,46.803001168882474,4.241999704390764,0.4270004865247756,260.730001173215,2,1
389,sign,22546.129456417,70.1120006851852,146.68299991171807,43.996002204949036,4.536999767879024,0.4989997250959277,265.82700229482725,2,1
390,sign,22546.155625736,114.95999933686107,281.50300204288214,112.64299973845482,9.227998816641048,0.8390015864279121,519.173001521267,2,1
391,sign,22546.182471383,51.06000025989488,118.1840016215574,38.3789993065875,3.4849981602746993,0.4210014594718814,211.52900080778636,2,1
392,sign,22546.206852573,25.459001335548237,67.73399945814162,38.63500023726374,3.2319985621143132,0.30600131140090525,135.36600090446882,2,1
393,sign,22546.231173799,21.531002857955173,62.873998103896156,32.814001315273345,2.8419999580364674,0.23900065571069717,120.30000289087184,2,1
394,sign,22546.25450862,85.8450002851896,199.57299809902906,80.7290016382467,7.266000466188416,0.7319977157749236,374.1449982044287,2,1
395,sign,22546.281523923,112.60799874435179,271.0190019570291,122.75200060685165,9.381998097524047,0.9360010153613985,516.697000421118,2,1
396,sign,22546.304964984,124.8600019607693,241.86399969039485,101.49799709324725,8.94000186235644,1.1279989848844707,478.2899995916523,2,1
397,sign,22546.329455779,84.75399954477325,233.3410011488013,100.60199929284863,9.20000093174167,0.7819980964995921,428.67899901466444,2,1
398,sign,22546.355680886,75.40899969171733,165.25599858141504,42.88800118956715,4.749999789055437,0.7380003808066249,289.0409996325616,2,1
399,sign,22546.381870266,61.01200051489286,146.1889987695031,53.663003200199455,4.157998773735017,0.40599843487143517,265.42799969320185,2,1
400,sign,22546.407477493,103.50099910283461,239.25300047267228,100.07399760070257,8.21400317363441,0.8219976734835654,451.86399802332744,2,1
401,sign,22546.432663616,122.053999803029,275.67600045586005,107.16099859564565,10.036001185653731,0.8749993867240846,515.8019994269125,2,1
402,sign,22546.455990041,116.0060019174125,238.29199926694855,100.89799980050884,8.90299997990951,1.1830015864688903,465.2820025512483,2,1
403,sign,22546.480302335,43.47700087237172,112.32099859626032,37.50399991986342,3.221000952180475,0.3029999788850546,196.826000319561,2,1
404,sign,22546.504132644,138.39500024914742,210.87799905217253,35.367000236874446,3.9580008888151497,0.3360000846441835,388.9340005116537,2,1
405,sign,22546.527851921,91.03699994739145,243.8890005578287,86.83600026415661,7.078997441567481,0.829000782687217,429.66999899363145,2,1
406,sign,22546.553739264,95.19800005364232,250.52099954336882,122.10500062792562,13.282999134389684,0.8130009518936276,481.92000031122006,1,1
407,sign,22546.577979435,120.57500134687871,269.3679998628795,106.1670009221416,7.369999366346747,0.9399991540703923,504.42000065231696,1,1
408,sign,22546.603595411,56.365999625995755,115.12999844853766,34.24500027904287,3.2040006772149354,0.34299955586902797,209.28799858666025,1,1
409,sign,22546.628028768,29.773000278510153,91.91400022245944,31.76800237270072,2.224998752353713,0.28800059226341546,155.96800221828744,1,1
410,sign,22546.652953155,85.603998741135,227.79400023864582,94.63999958825298,6.608999683521688,0.7750022632535547,415.42200051480904,1,1
411,sign,22546.679064166,77.83699766150676,235.94300000695512,101.51400056201965,6.828999175922945,1.1470001481939107,423.2699975545984,1,1
412,sign,22546.703761733,76.64800068596378,275.29900035005994,104.19500176794827,7.148999429773539,1.2989985407330096,464.59000077447854,1,1
413,sign,22546.728858209,40.498998714610934,174.16899936506525,92.64700202038512,6.337999366223812,0.74800118454732,314.40100065083243,1,1
414,sign,22546.752753842,19.880000763805583,72.61499922606163,41.8720010202378,2.5339977582916617,0.2850028977263719,137.18600166612305,1,1
415,sign,22546.775893655,75.4369975766167,194.01700046728365,60.288999520707875,4.222001734888181,0.9529976523481309,334.91799695184454,1,1
416,sign,22546.803755855,88.88299998943694,277.90500098490156,106.10900062602013,7.317001291085035,0.9750001481734216,481.1890030396171,1,1
417,sign,22546.828385461,91.99299893225543,242.54099844256416,102.91000216966495,6.948997906874865,0.9870018402580172,445.3799992916174,1,1
418,sign,22546.853595489,65.12400068459101,213.0009997927118,100.44100054074079,6.313999620033428,0.8360002539120615,385.7160008919891,1,1
419,sign,22546.877935999,48.482997954124585,173.96900148014538,60.51599848433398,4.799003363586962,0.471998646389693,288.2389999285806,1,1
420,sign,22546.904157869,41.51199755142443,125.3789996553678,35.65500082913786,3.5090015444438905,0.443000317318365,206.49799989769235,1,1
421,sign,22546.92958177,63.07800140348263,219.48699941276573,94.96599886915646,6.297999789239839,0.7710004865657538,384.5999999612104,1,1
422,sign,22546.955096398,94.90899901720695,262.48400172335096,103.92499825684354,7.214999641291797,0.8380011422559619,469.3709997809492,1,1
423,sign,22546.983409383,74.11399928969331,249.24100216594525,102.06499791820534,7.112001185305417,0.8610004442743957,433.3930010034237,1,1
424,sign,22547.008400497,37.37899896805175,160.39500042097643,79.02599827502854,5.452002369565889,0.6209993443917483,282.87299937801436,1,1
425,sign,22547.0320364,15.680998330935836,59.3290023971349,31.14100036327727,1.9519975467119366,0.21900268620811403,108.32200132426806,1,1
426,sign,22547.056482972,16.150999726960436,65.12600157293491,38.56300099869259,2.5029985408764333,0.2820015652105212,122.62500240467489,1,1
427,sign,22547.083338692,67.28800144628622,241.92500131903216,124.79699944378808,6.547998054884374,0.7570015441160649,441.3150018081069,1,1
428,sign,22547.107514501,59.69199992250651,227.71899966755882,136.57399904332124,6.487000064225867,0.8269998943433166,431.29899859195575,1,1
429,sign,22547.130855873,40.14299702248536,167.31300274841487,98.74999886960723,5.633999535348266,0.6880000000819564,312.5279981759377,1,1
430,sign,22547.154233573,18.01599864847958,64.62600140366703,30.21799784619361,2.1140003809705377,0.19700019038282335,115.17099846969359,1,1
431,sign,22547.180473943,33.57999958097935,132.72700016386807,85.9200008562766,6.193997251102701,0.724001438356936,259.14499929058366,1,1
432,sign,22547.206090185,48.8480000058189,183.96899758954532,95.26999929221347,6.205002136994153,0.7689995982218534,335.0609986227937,1,1
433,sign,22547.230208173,42.26699820719659,161.4440006960649,96.21600111131556,7.7839977166149765,0.90500179794617,308.6159995291382,1,1
434,sign,22547.254892882,64.54500180552714,671.0169982397929,122.61699885129929,8.274000720120966,1.1750016710720956,867.6280012878124,1,1
435,sign,22547.278761678,15.612000424880534,60.426998970797285,36.20200004661456,2.34400067711249,0.2710003172978759,114.85600043670274,1,1
436,sign,22547.303547258,16.753998352214694,62.56399865378626,36.841000110143796,2.538999979151413,0.2670021785888821,118.96499927388504,1,1
437,sign,22547.32892484,40.00099943368696,182.16399985249154,89.09000098356046,6.42300074105151,0.7739981811027974,318.45199919189326,1,1
438,sign,22547.354337709,41.61800097790547,371.3910009537358,81.24599844450131,6.313999620033428,0.8360002539120615,501.40500025008805,1,1
439,sign,22547.381319518,39.04799814336002,154.42199946846813,89.91700087790377,6.297999789239839,0.691001332597807,290.37599961156957,1,1
440,sign,22547.407098253,15.182999050011858,57.95500328531489,34.913999115815386,2.0939987734891474,0.25099870981648564,110.39699893444777,1,1
441,sign,22547.430714164,11.402000382076949,48.990001232596114,28.17000131472014,2.406999556114897,0.20899824448861182,91.17800072999671,1,1
442,sign,22547.455945037,44.44799924385734,223.50899962475523,95.29300223221071,6.375998054863885,0.805001036496833,370.431000192184,1,1
443,sign,22547.481184833,33.194999559782445,121.98200056445785,64.26999971154146,4.069999704370275,0.5210022209212184,224.03800176107325,1,1
444,sign,22547.505713577,19.881001207977533,81.18199912132695,46.21900006895885,2.959997800644487,0.4040011845063418,150.64599938341416,1,1
445,sign,22547.53044343,24.98999674571678,98.51800132310018,55.966000218177214,3.6560013541020453,0.4339999577496201,183.56399959884584,1,1
446,sign,22547.55483446,13.14200198976323,52.05900015425868,29.371996788540855,1.9600011000875384,0.25199915398843586,96.78499918663874,1,1
447,sign,22547.579680614,28.751001082127914,113.79499846952967,66.43200322287157,4.530997102847323,0.5450019671116024,214.05400184448808,1,1
448,sign,22547.606266923,30.929997592465952,123.29899982432835,62.418999732472,3.536002623150125,0.3450004442129284,220.52900021662936,1,1
449,sign,22547.630871128,36.681998608401045,168.27900253701955,86.9939976837486,5.609002982964739,0.6249974831007421,298.1889992952347,1,1
450,sign,22547.656456083,16.472997231176123,61.87700273585506,35.8260003849864,2.654000127222389,0.2589986252132803,117.08899910445325,1,1
451,sign,22547.680131276,12.69100175704807,50.6409996887669,28.335998649708927,1.8450009520165622,0.21899904822930694,93.73200009576976,1,1
452,sign,22547.705223376,31.457999284612015,113.14199946355075,60.45199916115962,4.25600228481926,0.5199981387704611,209.8279983329121,1,1
453,sign,22547.729749955,38.506001146743074,154.53599917236716,118.62099927384406,6.238999048946425,0.8390015864279121,318.74100022832863,1,1
454,sign,22547.755156042,67.80400144634768,257.2880002844613,152.76699923560955,9.7699994512368,1.2019991117995232,488.83099952945486,1,1
455,sign,22547.778887043,37.75199729716405,184.9690015660599,92.60400111088529,6.128997483756393,0.6469999789260328,322.10099743679166,1,1
456,sign,22547.805511739,23.615000827703625,106.75500016077422,37.95899829128757,2.3989996407181025,0.23200118448585272,170.96000010496937,1,1
457,sign,22547.828816057,12.109998351661488,47.671001084381714,27.449001208879054,1.8749997252598405,0.1949993020389229,89.29999967222102,1,1
458,sign,22547.853979098,64.51300214393996,169.55699902609922,89.7290010470897,6.6929969761986285,0.6920017767697573,331.18400097009726,1,1
459,sign,22547.878919494,40.45699824928306,191.96200082660653,90.09800123749301,6.395999662345275,0.6920017767697573,329.6050017524976,1,1
460,sign,22547.904697733,38.8490007026121,161.44699839060195,89.57799946074374,6.4490013755857944,0.7449998520314693,297.06799978157505,1,1
461,sign,22547.928329036,45.61300011118874,171.11000124714337,110.89100007666275,6.397996912710369,0.7070011633913964,334.7189995110966,1,1
462,sign,22547.952227651,13.928001862950623,52.685998525703326,28.24200055329129,1.9129984138999134,0.19300205167382956,96.96200140751898,1,1
463,sign,22547.980100539,43.07500057620928,158.68500122451223,105.21399963181466,5.764999514212832,0.628999259788543,313.36800020653754,1,1
464,sign,22548.007988261,75.88399967062287,238.6819978710264,150.23600280983374,7.975999324116856,1.0449984984006733,473.82299817400053,1,1
465,sign,22548.035466245,60.843998653581366,240.19400007091463,140.32100079930387,6.603000656468794,0.8349998097401112,448.79699999000877,1,1
466,sign,22548.064852067,67.64499994460493,281.2929997162428,147.90099885431118,8.891001925803721,1.0349976946599782,506.7649981356226,1,1
467,sign,22548.090087651,25.108001864282414,81.93800022127107,45.762000809190795,3.0769988370593637,0.27900023269467056,156.1640019644983,1,1
468,sign,22548.114460501,21.550000383285806,76.35799920535646,36.88499782583676,2.1859996195416898,0.26900306693278253,137.2480001009535,1,1
469,sign,22548.140316106,27.222999051446095,107.96800052048638,63.93899820977822,4.296001861803234,0.4770008672494441,203.90300051076338,1,1
470,sign,22548.165150093,22.692001948598772,86.7769995238632,50.866001402027905,3.296998329460621,0.357002136297524,163.98900334024802,1,1
471,sign,22548.191560065,37.37299994099885,151.00200107553974,90.40200166055001,5.91499701840803,0.7210001058410853,285.4129998013377,1,1
472,sign,22548.217987218,26.880999939749017,83.50100324605592,49.99799784854986,6.464000762207434,0.30500086722895503,167.14900266379118,1,1
473,sign,22548.242419635,17.277998267672956,69.5650014677085,36.2190003215801,3.1529998523183167,0.27399801183491945,126.48899792111479,1,1
474,sign,22548.268944746,36.88300057547167,146.78400111733936,70.03499922575429,4.735000402433798,0.5129986675456166,258.94999998854473,1,1
475,sign,22548.293950857,29.133996577002108,139.5980034430977,73.56700007221662,4.896999598713592,0.5349975253921002,247.7309972164221,1,1
476,sign,22548.317532085,19.278002582723275,78.52099952287972,54.50999742606655,3.120003384537995,0.32800016924738884,155.75700308545493,1,1
477,sign,22548.342799015,17.308997485088184,68.95499973325059,40.920000174082816,2.6650013751350343,0.2989982021972537,130.14799696975388,1,1
478,sign,22548.36742542,14.026998542249203,50.88900070404634,32.52999886171892,1.9100007193628699,0.1990010787267238,99.55499990610406,1,1
479,sign,22548.393101936,37.40600004675798,159.54600166878663,95.12899850960821,6.057001883164048,0.6959999154787511,298.8340020237956,1,1
480,sign,22548.418467959,37.5320014427416,152.2009988548234,88.90499884728342,5.960002454230562,0.6880000000819564,285.28600159916095,1,1
481,sign,22548.4448332,37.82299972954206,177.45600052876398,93.63400022266433,6.221001967787743,0.7019989425316453,315.83600139128976,1,1
482,sign,22548.47113521,28.059002943336964,87.04999709152617,50.9510027768556,3.564997314242646,0.3530003596097231,169.9780004855711,1,1
483,sign,22548.495149137,15.041998267406598,58.94900095881894,32.54599869251251,2.2120002540759742,0.2269989636261016,108.97599713644013,1,1
484,sign,22548.523333865,80.11600220925175,251.243996899575,103.23300011805259,7.228001777548343,0.829000782687217,442.6500017871149,1,1
485,sign,22548.54905528,36.47599805844948,141.77699995343573,83.03300273837522,5.347999831428751,0.6789996405132115,267.3130002222024,1,1
486,sign,22548.573427811,37.36399958143011,152.6990017737262,91.07900041271932,6.103997293394059,0.7250018825288862,287.9710009437986,1,1
487,sign,22548.598924117,29.86000254168175,121.45299842813984,60.99299935158342,4.088000423507765,0.40599843487143517,216.7999991797842,1,1
488,sign,22548.623637076,12.193999282317236,47.493998863501474,28.074999136151746,1.7970014596357942,0.17999991541728377,89.73999865702353,1,1
489,sign,22548.649957052,37.624002288794145,167.23199951229617,92.3549996514339,6.056998245185241,0.7520029612351209,304.0200026589446,1,1
490,sign,22548.677231142,38.35700044874102,154.07600221806206,88.4789988049306,5.981000867905095,0.6899972504470497,287.5829995900858,1,1
491,sign,22548.701662628,39.87500167568214,157.61599934194237,90.36100163939409,6.308997399173677,0.6770023901481181,294.8380024463404,1,1
492,sign,22548.728188341,40.68899943376891,157.61599934194237,92.28700218955055,6.589998520212248,0.7160015229601413,297.8980010084342,1,1
493,sign,22548.751990317,35.52500129444525,79.81800081324764,47.478999476879835,3.206998371751979,0.3080021997448057,166.3370021560695,1,1
494,sign,22548.802941805,41.19200093555264,3.884000761900097,2.3559987312182784,6.834001396782696,0.7300004654098302,54.996002290863544,1,0
495,sign,22548.847700567,82.4390008347109,4.320998414186761,2.9900002118665725,10.941999789793044,0.9210016287397593,101.61300087929703,1,0
496,sign,22548.85167378,36.51000224635936,16.94000093266368,1.7040001694113016,74.57099854946136,0.6959999154787511,130.42100181337446,2,1
497,sign,22548.877959652,32.083000405691564,99.08200081554241,48.661000619176775,4.235997039359063,0.3500026650726795,184.4120015448425,2,1
498,sign,22548.902462699,39.95700171799399,71.17699715308845,32.72700269008055,2.91700052912347,0.2259985194541514,147.00400060974061,2,1
499,sign,22548.952712372,69.63499981793575,4.158999217906967,1.9470026018097997,9.73199712461792,0.9130017133429646,86.3860004756134,2,0
500,sign,22548.997742904,110.39499804610386,3.2759999157860875,2.0460029190871865,10.078998457174748,0.604999513598159,126.40099885175005,2,0
501,sign,22549.042760758,76.91200153203681,3.545999788912013,1.8079990695696324,9.30299938772805,0.7440030458383262,92.31300282408483,2,0
502,sign,22549.087786038,94.1460020840168,4.624998837243766,2.406999556114897,11.380001524230465,1.0809999366756529,113.63900193828158,2,0
503,sign,22549.132814296,114.87899973872118,4.7389985411427915,2.9959992389194667,14.373999874806032,1.110001903725788,138.09799929731525,2,0
504,sign,22549.177547372,52.563998906407505,2.302000211784616,1.1420015653129667,6.155998562462628,0.5379988579079509,62.70199810387567,2,0
505,sign,22549.222701422,105.54899927228689,4.23600067733787,2.495999069651589,11.35099955718033,0.9489995136391371,124.58099809009582,2,0
506,sign,22549.267646693,61.975002608960494,2.8519971237983555,1.248001353815198,7.716000254731625,0.3809982445091009,74.17199958581477,2,0
507,sign,22549.3127993,113.71799701009877,4.5480010157916695,2.882999979192391,13.97199957864359,1.0229996405541897,136.1439972242806,2,0
508,sign,22549.357867504,113.2219986175187,4.921999789075926,2.7429996407590806,29.71800131490454,1.344000338576734,151.94899970083497,2,0
509,sign,22549.397938681,48.61300112679601,147.76899843127467,76.86200115131214,6.6540014813654125,0.6109985406510532,280.5090007313993,2,1
510,sign,22549.423268798,22.732001525582746,58.92699846299365,31.323001167038456,2.6649977371562272,0.23000029614195228,115.87699918891303,2,1
511,sign,22549.477497895,30.831997719360515,1.5969999367371202,0.9169998520519584,3.8580001273658127,0.31500167096965015,37.51899930648506,2,0
512,sign,22549.522870111,47.57600254379213,3.658999048639089,1.8539976736065,6.461999873863533,0.4610010364558548,60.012000176357105,2,0
513,sign,22549.567620467,61.62899808259681,2.8430004022084177,1.4799989003222436,7.640999683644623,0.5270012479741126,74.1199983167462,2,0
514,sign,22549.612818749,131.41200179234147,5.907997547183186,3.549001121427864,14.428998838411644,1.1120027920696884,156.41000209143385,2,0
515,sign,22549.657981629,167.86000196589157,5.431997124105692,3.263001417508349,14.296998415375128,1.1200027074664831,191.97200163034722,2,0
516,sign,22549.702553922,35.10699752951041,1.4790020941291004,0.7559974619653076,4.179000825388357,0.2950000634882599,41.815997974481434,2,0
517,sign,22549.747711539,90.4970002011396,4.182002157904208,2.682998456293717,10.801999451359734,1.0040021152235568,109.16800238192081,2,0
518,sign,22549.79259472,62.92400212259963,3.8580001273658127,1.7409984138794243,7.986000127857551,0.6180016498547047,77.12700244155712,2,0
519,sign,22549.83760854,72.01399785117246,4.740999429486692,1.2140008038841188,8.466002327622846,0.6119989848230034,87.04699939698912,2,0
520,sign,22549.882809841,111.2829995690845,4.703000740846619,2.9089969757478684,13.329001376405358,1.1170013749506325,133.34100003703497,2,0
521,sign,22549.927855939,124.99099830165505,5.710000550607219,2.863002009689808,37.72899799514562,1.510001311544329,172.80300016864203,2,0
522,sign,22549.972608588,56.78900197381154,2.053999196505174,1.5500008885283023,6.457998097175732,0.8259994501713663,67.67699960619211,2,0
523,sign,22550.01783688,119.59299808950163,5.4010015446692705,2.9660004656761885,14.589997590519488,1.053002051776275,143.60299974214286,2,0
524,sign,22550.062766797,111.1189994844608,5.387999408412725,3.125001967418939,14.101999113336205,1.0929979907814413,134.8269979644101,2,0
525,sign,22550.107626167,71.5770001988858,2.89799936581403,1.8430000636726618,8.31500074127689,0.6080008461140096,85.24100121576339,2,0
526,sign,22550.152827566,113.29800327075645,5.067999154562131,3.1719973776489496,14.01100234943442,1.157997758127749,136.7069999105297,2,0
527,sign,22550.197722147,86.8559982336592,4.257999535184354,2.4130022211465985,11.117997928522527,1.0559997463133186,105.70099766482599,2,0
528,sign,22550.242474035,34.16500112507492,2.02999945031479,1.2860000424552709,4.37600101577118,0.428997736889869,42.28599937050603,2,0
529,sign,22550.287787556,108.84099901886657,4.744000762002543,2.7030000637751073,18.833998183254153,1.3040007615927607,136.42599878949113,1,0
530,sign,22550.327053286,45.30099977273494,172.30299999937415,95.85899897501804,6.222999218152836,0.90500179794617,320.59099976322614,1,1
531,sign,22550.351471342,11.657997674774379,46.27000089385547,27.11400156840682,1.8559985619504005,0.2090018824674189,87.10700058145449,1,1
532,sign,22550.375423325,56.073000450851396,133.88499792199582,40.87600245838985,3.245000698370859,0.37299832911230624,234.45199985872023,1,1
533,sign,22550.400731628,66.87000131933019,263.5349992488045,101.01699808728881,6.356000085361302,0.8179995347745717,438.5959982755594,1,1
534,sign,22550.424868103,76.18800009367988,259.1140000731684,124.20499842846766,7.2309994720853865,1.1020019883289933,467.84000005573034,1,1
535,sign,22550.449257621,87.56600072956644,241.97499806177802,96.56500333221629,6.777998351026326,0.9079994924832135,433.7919999670703,1,1
536,sign,22550.473858683,49.82000245945528,121.73699724371545,43.07400013203733,2.8280010155867785,0.523999915458262,217.9830007662531,1,1
537,sign,22550.498101048,39.44999843952246,114.11300147301517,39.68699820688926,2.5700028345454484,0.34999902709387243,196.1699999810662,1,1
538,sign,22550.522943351,82.70400212495588,192.45299699832685,74.70600030501373,5.142999725649133,0.6690024747513235,355.6750016286969,1,1
539,sign,22550.548322258,69.55799835850485,234.44900216418318,95.91599882696755,6.278001819737256,0.8139977580867708,407.0149989274796,1,1
540,sign,22550.574203831,60.98799713072367,242.69099958473817,101.87800216954201,6.492999091278762,0.7929993444122374,412.84299732069485,1,1
541,sign,22550.599545726,53.69599966797978,123.88699906296097,38.24300074484199,2.9430011636577547,0.3749992174562067,219.1439998568967,1,1
542,sign,22550.624531155,58.085999626200646,142.54299821914174,43.560001358855516,2.8270005714148283,0.5229994712863117,247.53899924689904,1,1
543,sign,22550.65007543,60.21000081091188,150.49599824124016,39.534003008157015,3.020999429281801,0.31099989428184927,253.5720013838727,1,1
544,sign,22550.67485826,59.82400034554303,178.78699873108417,63.62799831549637,4.27200211561285,0.6330010364763439,307.14400054421276,1,1
545,sign,22550.699814611,91.50899859378114,295.887999527622,131.16600166540593,7.599999662488699,0.9089999366551638,527.071999385953,1,1
546,sign,22550.725195589,87.18699973542243,228.74100250191987,95.20599996903911,6.569000106537715,0.7689995982218534,418.472001911141,1,1
547,sign,22550.750555016,46.30900002666749,113.85900143068284,35.39400131558068,2.72199758910574,0.49200025387108326,198.77600061590783,1,1
548,sign,22550.775769922,73.9820025046356,199.2920006159693,66.49399801972322,5.040001269662753,0.5849979061167687,345.39300031610765,1,1
549,sign,22550.800604837,82.37599831772968,244.90999931003898,123.18200242589228,7.7500008046627045,0.9969990060199052,459.21499986434355,1,1
550,sign,22550.827154656,97.7810013864655,266.96599888964556,103.81000174675137,7.11299799149856,1.0549993021413684,476.72499931650236,1,1
551,sign,22550.859178885,85.34800144843757,254.81899865553714,105.95500134513713,7.081998774083331,0.9479990694671869,454.15199929266237,1,1
552,sign,22550.883930244,37.77299934881739,125.81100236275233,42.166997445747256,3.0240007617976516,0.34199911169707775,209.1169990308117,1,1
553,sign,22550.909941239,78.26500223018229,147.12700067320839,54.36199717223644,3.8750004023313522,0.4850007826462388,284.1140012606047,1,1
554,sign,22550.934546149,63.74899749062024,245.4250025039073,119.72499851253815,7.489001291105524,0.771997292758897,437.1599970909301,1,1
555,sign,22550.958357979,92.59499711333774,362.4140008469112,116.7920017905999,7.710998033871874,1.110001903725788,580.6219996884465,1,1
556,sign,22550.983843666,90.2640022104606,331.1179971206002,112.49900126131251,24.639000912429765,0.9110008249990642,559.4310023298021,1,1
557,sign,22551.010169369,42.093997763004154,138.60300168744288,43.419000576250255,3.2049974834080786,0.6469999789260328,227.9679974890314,1,1
558,sign,22551.052830609,97.03000250738114,4.687997716246173,3.1460003810934722,12.743999832309783,1.104999682866037,118.7130001198966,1,0
559,sign,22551.097762383,85.94799874117598,4.780002200277522,2.668999513844028,11.389998689992353,1.0940020729321986,105.88100121822208,1,0
560,sign,22551.142713461,48.58400279772468,2.14999818126671,1.5639998309779912,5.433001206256449,0.45499837142415345,58.18600038764998,1,0
561,sign,22551.174153004,52.63599814497866,168.40299940668046,66.18800034630112,4.296001861803234,0.6039990694262087,292.1269988291897,1,1
562,sign,22551.198894906,94.92699973634444,299.04700204497203,106.29999815137126,8.667000656714663,1.1980009730905294,510.1390015624929,1,1
563,sign,22551.222986242,115.8580016635824,249.58599897217937,103.57499922974966,7.042002835078165,0.8839997462928295,476.9450024468824,1,1
564,sign,22551.249051514,62.78099681367166,244.46300085401163,101.5880006889347,6.70000008540228,0.8509996405337006,416.38299808255397,1,1
565,sign,22551.274564528,51.143000746378675,124.65899999369867,33.87199831195176,2.459000825183466,0.3299974196124822,212.46299729682505,1,1
566,sign,22551.298921009,31.626997952116653,122.2870014316868,33.45799996168353,2.4080000002868474,0.2269989636261016,190.00699830939993,1,1
567,sign,22551.324738545,80.52100019995123,296.5579988085665,149.7939992987085,7.660000846954063,1.0039984772447497,535.536997631425,1,1
568,sign,22551.350845943,98.96999836200848,289.5360012189485,102.5950004986953,7.032998837530613,0.9270006557926536,499.06099957297556,1,1
569,sign,22551.376227737,89.50399933382869,251.74600159516558,104.08199887024239,7.175000064307824,0.9180002962239087,453.4250001597684,1,1
570,sign,22551.402169824,63.240000599762425,166.49199824314564,60.38800347596407,4.361998435342684,0.6119989848230034,295.0939997390378,1,1
571,sign,22551.425775292,43.49800292402506,107.31099973781966,32.39599755033851,2.4760011001490057,0.3390014171600342,186.02000272949226,1,1
572,sign,22551.473091254,35.78700125217438,3.6149976949673146,1.6800004232209176,4.659999831346795,0.6530026439577341,46.39500184566714,1,0
573,sign,22551.518016492,35.420001950114965,2.930999471573159,1.4830002328380942,5.000001692678779,0.7009984983596951,45.53500184556469,1,0
574,sign,22551.562674176,10.34500019159168,1.0450021363794804,0.4879984771832824,1.4540019037667662,0.18799983081407845,13.520002539735287,1,0
575,sign,22551.592672181,88.3979992067907,170.1319997664541,83.35200254805386,5.493999196914956,0.6810005288571119,348.05700124707073,1,1
576,sign,22551.615750136,35.41100159054622,115.82099978113547,32.500000088475645,2.338998456252739,0.21500090952031314,186.2860008259304,1,1
577,sign,22551.640045461,83.58699778909795,261.37399981962517,116.48500003502704,9.387000318383798,0.9220020729117095,471.75500003504567,1,1
578,sign,22551.665577117,56.81100083165802,172.05599942826666,69.72700066398829,5.061996489530429,0.5770016286987811,304.2329990421422,1,1
579,sign,22551.689572831,53.53899905458093,127.82699923263863,38.853999285493046,3.487002686597407,0.3709974407684058,224.0779977000784,1,1
580,sign,22551.714931884,61.245002143550664,212.12099818512797,82.78700261143968,6.067999493097886,0.8639981388114393,363.08500057202764,1,1
581,sign,22551.739700712,100.00999827752821,293.20400062715635,106.96000026655383,7.2069997258950025,0.9260002116207033,508.3069991087541,1,1
582,sign,22551.76481726,108.402000478236,365.69499934557825,152.18000044114888,8.131002687150612,1.1399970389902592,635.547999991104,1,1
583,sign,22551.79119406,39.512000512331724,122.89799997233786,38.99100192938931,3.2319985621143132,0.33299875212833285,204.96599972830154,1,1
584,sign,22551.815799273,61.56000017654151,119.0229995700065,44.410000555217266,2.9339971661102027,0.46500281314365566,228.39200028101914,1,1
585,sign,22551.840313089,84.9050011311192,252.49700047424994,104.02799671282992,7.146001735236496,1.2210002751089633,449.7970003285445,1,1
586,sign,22551.864931344,91.77399988402613,246.64900047355331,103.40299922972918,13.43300027656369,1.001000782707706,456.26000064658,1,1
587,sign,22551.889552954,102.63600051985122,241.85400252463296,117.788997158641,9.694002073956653,0.9939976735040545,472.9669999505859,1,1
588,sign,22551.914863705,90.22300218930468,262.27899797959253,102.63900185236707,7.046997779980302,1.0570001904852688,463.24499999172986,1,1
589,sign,22551.942014544,54.54799975268543,114.57999789854512,33.0440016114153,2.434000634821132,0.3089990059379488,204.91499890340492,1,1
590,sign,22551.967311916,53.465999371837825,131.29199942341074,39.64900315622799,2.9769980756100267,0.39199949242174625,227.77599951950833,1,1
591,sign,22551.991971789,132.97599798534065,263.20300094084814,102.97100016032346,7.640999683644623,0.9979994501918554,507.78899822034873,1,1
592,sign,22552.020853876,112.9769989347551,338.9410012459848,136.4049967378378,8.270002581411973,1.091997546609491,597.6849970465992,1,1
593,sign,22552.04853235,89.5670018508099,250.1620001567062,103.08599667041562,7.157002983149141,0.9529976523481309,450.924999313429,1,1
594,sign,22552.077307454,54.83199856826104,119.03400081791915,35.77700044843368,2.6529996830504388,0.3130007826257497,212.60900030029006,1,1
595,sign,22552.104225983,65.09800005005673,180.12800137512386,70.75399844325148,5.181002052268013,0.47399953473359346,321.63500145543367,1,1
596,sign,22552.129051382,91.48000026470982,258.8800016383175,102.0560011966154,7.2309994720853865,1.2319978850428015,460.8790004567709,1,1
597,sign,22552.153535111,83.56699981959537,232.34499894897453,104.12900155643001,6.959999154787511,0.8220013114623725,427.8230007912498,1,1
598,sign,22552.179109632,75.88199878227897,236.57799829379655,101.17200145032257,6.956001016078517,0.8469978638458997,421.4349974063225,1,1
599,sign,22552.205512517,76.66199962841347,183.59299792791717,87.05500295036472,5.070000042906031,0.49099980969913304,352.8710003593005,1,1
600,sign,22552.22939162,47.52400127472356,122.72599997231737,35.25399733916856,2.7430032787378877,0.366999302059412,208.6140011670068,1,1
601,sign,22552.254157817,99.27700011758134,323.4080031688791,164.8479992581997,9.502997272647917,1.0940020729321986,598.1300018902402,1,1
602,sign,22552.278557125,91.95500024361536,261.528002738487,125.31599713838659,7.541002560174093,1.000997144728899,487.3409998253919,1,1
603,sign,22552.30262457,119.07299995073117,243.47400176338851,125.51100007840432,7.100999937392771,0.8989991329144686,496.05800086283125,1,1
604,sign,22552.326816698,114.17599671403877,354.34000164968893,159.79700037860312,9.851999493548647,1.7089987522922456,639.8739969881717,1,1
605,sign,22552.350706361,43.00599903217517,118.71199967572466,40.27600152767263,3.0529990908689797,0.2890010364353657,205.3360003628768,1,1
606,sign,22552.375751394,67.52999979653396,191.25399921904318,55.099000746849924,4.474000888876617,0.8749993867240846,319.23200003802776,1,1
607,sign,22552.401707803,85.78199776820838,326.6670028096996,169.56399849732406,9.843999578151852,1.4610013749916106,593.3180000283755,1,1
608,sign,22552.426354808,91.08899757848121,258.1940025265794,103.65099660702981,7.072001608321443,0.9040013537742198,460.9099996741861,1,1
609,sign,22552.449937392,79.35299800010398,217.57000286015682,95.30199895380065,6.376998499035835,0.9380019037052989,399.5400002168026,1,1
610,sign,22552.475400428,44.06099833431654,136.72400018549524,38.753001717850566,3.230998117942363,0.4210014594718814,223.1899998150766,1,1
611,sign,22552.500197282,50.19400123273954,115.74100062716752,35.04699998302385,3.32999843521975,0.3249988367315382,204.6369991148822,1,1
612,sign,22552.536308209,87.09800022188574,280.8739991451148,96.27499821363017,6.60000296193175,0.8379975042771548,471.6849980468396,1,1
613,sign,22552.563111521,150.8189998276066,364.1179973783437,174.73600019002333,9.838000551098958,1.2829987099394202,700.793996657012,1,1
614,sign,22552.587487034,90.82099859369919,259.0420008345973,103.95600111223757,7.58399983169511,1.1349984561093152,462.53799882833846,1,1
615,sign,22552.611590277,37.54399949684739,104.94200250832364,32.52399983466603,2.539996785344556,0.24400287657044828,177.79400150175206,1,1
616,sign,22552.636441388,63.6609984212555,198.32300313282758,86.11899829702452,5.038000381318852,0.6189984560478479,353.7599986884743,1,1
617,sign,22552.660924891,126.63999950746074,334.6010016684886,159.0430001670029,9.094997949432582,1.177002559415996,630.5560018518008,1,1
618,sign,22552.6857183,120.43600145261735,399.3899990746286,171.98099885717966,10.91900048777461,1.2460004654712975,703.9720003376715,1,1
619,sign,22552.711349111,126.627001009183,385.5299983115401,187.53699987428263,10.733001545304433,1.3089993444737047,711.7360000847839,1,1
620,sign,22552.738741462,71.61599933169782,163.152002642164,59.863999922527,4.692999937105924,0.6089976523071527,299.9339994858019,1,1
621,sign,22552.763273225,39.55099964514375,116.14700270001777,35.00899765640497,2.392000169493258,0.37800054997205734,193.4770007210318,1,1
622,sign,22552.789186911,93.9780002227053,268.1760015548207,130.5619989580009,9.916999260894954,0.9220020729117095,503.55500206933357,1,1
623,sign,22552.813063815,89.05100185074843,244.76299950038083,102.07499872194603,7.924001693027094,1.0509975254535675,444.86399929155596,1,1
624,sign,22552.838784028,89.6319979801774,272.6860002439935,104.45000225445256,7.953996828291565,1.058000634657219,475.7799979415722,1,1
625,sign,22552.86433621,34.99100057524629,105.25099787628278,35.37800148478709,3.062999894609675,0.3219975042156875,179.00499733514152,1,1
626,sign,22552.888550788,44.14100112626329,120.78699728590436,41.73200068180449,2.8989998099859804,0.42000101529993117,209.97899991925806,1,1
627,sign,22552.914021023,74.91900032619014,238.02899886504747,102.85900134476833,7.123999239411205,0.7580019882880151,423.68900176370516,1,1
628,sign,22552.938513194,104.88499901839532,276.1270006885752,134.97200052370317,7.677001121919602,1.0089970601256937,524.669998412719,1,1
629,sign,22552.962519237,69.89100074861199,232.28399732033722,102.4470002448652,6.4430023485329,0.8739989425521344,411.93899960489944,1,1
630,sign,22552.988350955,43.71999966679141,134.11399777396582,43.765001464635134,3.5379998735152185,0.4270004865247756,225.56399926543236,1,1
631,sign,22553.012048512,55.951000831555575,120.70999946445227,32.486001146025956,2.387001586612314,0.7379967428278178,212.27199977147393,1,1
632,sign,22553.037895934,93.44199861516245,243.37799914064817,89.41399937612005,6.505000783363357,1.010001142276451,433.7489990575705,1,1
633,sign,22553.062402748,83.37899998878129,242.28599795605987,111.85900075361133,6.936999852769077,0.9700015652924776,445.43100011651404,1,1
634,sign,22553.08694385,118.36699923151173,300.0510005222168,103.33599857403897,7.334001566050574,0.8729984983801842,529.9609983921982,1,1
635,sign,22553.113630901,107.69900109153241,283.7699976225849,107.73500252980739,6.907997885718942,0.9499999578110874,507.06199908745475,1,1
636,sign,22553.138321728,35.2019997080788,120.85900016245432,45.73499973048456,3.111999831162393,0.34199911169707775,205.24999854387715,1,1
637,sign,22553.163032823,72.16599988169037,146.67300274595618,42.17499736114405,3.136003215331584,0.38199868868105114,264.53200189280324,1,1
638,sign,22553.188051699,76.05500286445022,235.30399994342588,101.99699681834318,6.927002687007189,0.9319992386735976,421.21500155190006,1,1
639,sign,22553.211918759,120.46600022586063,256.8019990576431,104.44800136610866,7.745999027974904,0.9310024324804544,490.39300211006775,1,1
640,sign,22553.240467558,103.07800039299764,279.06999821425416,113.40900164213963,8.349998097401112,1.0730000212788582,504.9799983680714,1,1
641,sign,22553.26944503,45.42299939203076,112.24099944229238,36.90300218295306,3.064997144974768,0.3929999365936965,198.02499809884466,1,1
642,sign,22553.293981196,107.1639999281615,133.59000149648637,38.2250000257045,3.1960007618181407,0.752999767428264,282.9280019795988,1,1
643,sign,22553.347623655,53.82099698181264,2.272001438541338,1.272001100005582,7.807000656612217,0.957999873207882,66.13000005017966,1,0
644,sign,22553.392694542,53.98900248110294,3.334997018100694,1.7500024114269763,6.805999873904511,0.657997588859871,66.537999373395,1,0
645,sign,22553.433729908,87.79899872024544,262.90300229447894,94.53600068809465,5.422996764536947,0.6580012268386781,451.31899969419464,1,1
646,sign,22553.458272358,73.89100210275501,245.4229979775846,84.74800051772036,5.699999746866524,0.7330017979256809,410.4950021428522,1,1
647,sign,22553.482333935,131.46199853508733,371.43100053071976,154.21799980686046,100.12400161940604,1.9459985196590424,759.1809990117326,1,1
648,sign,22553.508659109,116.97399895638227,369.6000021591317,171.87699995702133,10.405998182250187,1.2160016922280192,670.0730009470135,1,1
649,sign,22553.533706804,47.59900184581056,130.39199984632432,41.176997910952196,3.069002559641376,0.3709974407684058,222.60799960349686,1,1
650,sign,22553.557821322,35.385000956011936,104.48399916640483,32.28800051147118,2.2429994714912027,0.3300010575912893,174.73000116297044,1,1
651,sign,22553.582270027,50.72899875813164,127.0240027224645,43.30399679020047,3.38800236932002,0.4079993232153356,224.85299996333197,1,1
652,sign,22553.606360517,77.74600089760497,225.10000053443946,95.61800106894225,6.460999429691583,0.8679999154992402,405.7930018461775,1,1
653,sign,22553.631069717,122.72499952814542,356.6129998944234,168.38499868754297,9.316001523984596,1.4270008250605315,658.4660004591569,1,1
654,sign,22553.654061786,65.39699825225398,188.78800256061368,74.44299990311265,5.317997420206666,0.6320005923043936,334.57799872849137,1,1
655,sign,22553.678103033,38.99200237356126,119.88899859716184,45.51399979391135,3.2419993658550084,0.31500167096965015,207.95200180145912,1,1
656,sign,22553.702945007,70.28699837974273,223.43900127452798,62.86899952101521,4.352001269580796,0.6179980118758976,361.5649984567426,1,1
657,sign,22553.727995533,90.11799920699559,231.80700009106658,128.498999401927,7.786999049130827,0.9040013537742198,459.1149991028942,1,1
658,sign,22553.752343602,87.84700185060501,261.6380006656982,97.0149994827807,6.5069980337284505,0.8740025805309415,453.8810026133433,1,1
659,sign,22553.778510882,96.58099952503107,261.4229997561779,103.43400208512321,7.212998752947897,0.8890019671525806,469.54000208643265,1,1
660,sign,22553.8039808,143.26000018627383,243.92500199610367,57.29399708798155,3.9380029193125665,0.504998752148822,448.92200094182044,1,1
661,sign,22553.828052115,40.50799907417968,121.01700122002512,39.57099761464633,2.9080001695547253,0.37400241126306355,204.37800048966892,1,1
662,sign,22553.854281089,95.67400047671981,269.4670001801569,111.53399827890098,7.146001735236496,0.8280003385152668,484.64900100952946,1,1
663,sign,22553.878356152,88.11000225250609,234.31899899151176,93.61499905935489,6.663001840934157,0.8729984983801842,423.5800006426871,1,1
664,sign,22553.90215063,88.55899795889854,248.72500216588378,103.75700003351085,7.086997356964275,0.9700015652924776,449.0979990805499,1,1
665,sign,22553.925902817,42.20699702273123,146.43000031355768,50.05899947718717,3.5940029192715883,0.838997948449105,243.12899768119678,1,1
666,sign,22553.949577024,35.33999915816821,95.97300231689587,34.42299930611625,2.8700014809146523,0.24799737730063498,168.85399963939562,1,1
667,sign,22553.975232331,70.56100002955645,171.96300177602097,62.39399954210967,4.5289998524822295,0.74800118454732,310.19500238471664,1,1
668,sign,22554.003311059,94.79399886913598,257.38600015756674,107.29800123954192,7.500999345211312,0.9039977157954127,467.88299732725136,1,1
669,sign,22554.029112597,89.8709986358881,251.43700258922763,103.40299922972918,7.098999049048871,1.1990014172624797,453.00900092115626,1,1
670,sign,22554.053392772,97.96300219022669,292.87600045790896,113.86799815227278,7.853999704821035,1.0320000001229346,513.5930005053524,1,1
671,sign,22554.077103956,45.63300171867013,118.7130001198966,32.986001315293834,2.782999217743054,0.40899976738728583,200.5240021389909,1,1
672,sign,22554.108313084,65.95199738512747,194.77000023471192,98.4960024652537,5.7349971029907465,0.7800008461344987,365.7329980342183,1,1
673,sign,22554.140267091,95.79600009601563,271.4629990805406,154.73500025109388,9.956002031685784,1.1900010576937348,533.1400025170296,1,1
674,sign,22554.170374598,106.18799933581613,369.3670005304739,187.42199972621165,10.055999155156314,1.6179983504116535,674.6509970980696,1,1
675,sign,22554.204691509,99.81400216929615,369.04199805576354,169.52499936451204,10.22400101646781,0.9350005711894482,649.540001177229,1,1
676,sign,22554.228491088,47.219000407494605,133.52299720281735,39.86500087194145,2.888002200052142,0.37799691199325025,223.8729975942988,1,1
677,sign,22554.25269444,64.03899897122756,167.7090003795456,53.23799996403977,3.9619990275241435,0.5820002115797251,289.5299985539168,1,1
678,sign,22554.277369836,80.4209994385019,231.0740019311197,99.0249973256141,7.529000868089497,0.9499999578110874,418.9989995211363,1,1
679,sign,22554.301749026,117.44800212909468,315.2659992338158,108.28999802470207,7.854003342799842,1.3029966794420034,550.1609994098544,1,1
680,sign,22554.326087997,43.82599945529364,123.64099893602543,39.062000723788515,3.174001903971657,0.40499799069948494,210.10799900977872,1,1
681,sign,22554.350716131,45.082997530698776,107.39800200099126,32.21799852326512,2.896002115448937,0.3950008249375969,187.9900009953417,1,1
682,sign,22554.376421767,85.6890001159627,249.712000368163,101.45900159841403,7.53099811845459,1.0500007192604244,445.44100092025474,1,1
683,sign,22554.410357073,104.79900083737448,248.23899730108678,419.3780005152803,7.8310004028026015,0.9969990060199052,781.2439980625641,1,1
684,sign,22554.435729079,74.50100019923411,272.22599965170957,105.66900164121762,7.033999281702563,0.8390015864279121,460.2690023602918,1,1
685,sign,22554.460972099,77.13000013609417,155.90700058965012,36.9059998774901,3.4810000215657055,0.4209978214930743,273.8449984462932,1,1
686,sign,22554.484984103,50.497998017817736,110.94000001321547,32.486001146025956,2.3989996407181025,0.43700129026547074,196.76000010804273,1,1
687,sign,22554.511330838,90.01500075100921,246.9569990353193,96.07600077288225,6.696001946693286,0.8999995770864189,440.6440020829905,1,1
688,sign,22554.539413739,90.86499994737096,253.5960011300631,103.54099867981859,7.3549999797251076,0.8970018825493753,456.2540016195271,1,1
689,sign,22554.569752099,81.83300087694079,257.2519988461863,107.54300092230551,7.172999175963923,0.9780014806892723,454.7790013020858,1,1
690,sign,22554.604438649,91.4289994398132,153.1550005893223,37.95299926423468,3.3090000215452164,0.37000063457526267,286.21599994949065,1,1
691,sign,22554.628897777,43.48500078776851,132.82800136948936,41.13500108360313,2.706998202484101,0.45599881559610367,220.6110002589412,1,1
692,sign,22554.653866094,71.47600263124332,249.96099818963557,102.8260012390092,7.168000593082979,0.9879986464511603,432.41900129942223,1,1
693,sign,22554.677670798,92.31000149156898,273.76499929232523,103.31399971619248,7.2549992182757705,0.9790019248612225,477.6230016432237,1,1
694,sign,22554.701737855,82.11399836000055,289.80600109207444,139.5250001223758,7.239999831654131,0.871998054208234,519.5569974603131,1,1
695,sign,22554.725882831,48.468999011674896,167.12800061213784,59.334000980015844,4.423000063979998,0.48699803301133215,279.8409987008199,1,1
696,sign,22554.749719901,57.12200072593987,131.33199900039472,44.92100197239779,3.430999640841037,0.47399953473359346,237.280000874307,1,1
697,sign,22554.775617768,60.514001233968884,196.28800146165304,76.61899871891364,5.476998921949416,0.6869995559100062,339.584999892395,1,1
698,sign,22554.803678949,73.50899977609515,282.1509988280013,109.94300100719556,7.168000593082979,0.8269998943433166,473.59800009871833,1,1
699,sign,22554.828347474,95.60000034980476,259.83399973483756,99.25300037139095,6.913000106578693,0.9630020940676332,462.5630026566796,1,1
700,sign,22554.853460304,46.79899939219467,118.30700168502517,35.76900053303689,3.040000592591241,0.3679997462313622,204.28300194907933,1,1
701,sign,22554.877036728,46.10899850376882,110.54000060539693,34.48300049058162,2.7889982447959483,0.6660011422354728,194.58699898677878,1,1
702,sign,22554.900797647,75.24600005126558,239.6930030954536,89.45799709181301,6.033002136973664,0.7729977369308472,411.2030001124367,1,1
703,sign,22554.925342908,121.88099935883656,351.5479984343983,203.38000103947707,11.526997695909813,1.2920027074869722,689.6279992361087,1,1
704,sign,22554.950938064,142.60399984777905,340.9790006116964,161.6849986021407,9.968000085791573,1.1410011211410165,656.3770002685487,1,1
705,sign,22554.973980288,107.81099990708753,247.10399884497747,102.45700104860589,7.90000194683671,0.9159994078800082,466.1880011553876,1,1
706,sign,22554.998197497,47.633999201934785,132.6060009887442,36.79099972941913,3.383000148460269,0.4979992809239775,220.91199934948236,1,1
707,sign,22555.022082703,58.51100286236033,154.22199794556946,54.84600114868954,4.175999492872506,0.9069990483112633,272.6620004978031,1,1
708,sign,22555.048824826,100.15799853135832,270.54599922848865,105.27100312174298,7.679998816456646,0.9930008673109114,484.6480005653575,1,1
709,sign,22555.072644087,131.63200128474273,333.8249989610631,115.84100138861686,7.039001502562314,1.5449986676685512,589.8820018046536,1,1
710,sign,22555.099132686,168.50800238898955,551.0880000656471,258.4249996289145,15.120000171009451,1.5359983080998063,994.6770005626604,1,1
711,sign,22555.123643374,78.3079995017033,276.2689982773736,100.92800221173093,11.34699778049253,1.038999471347779,467.89099724264815,1,1
712,sign,22555.148588582,40.0889985030517,108.39900278369896,37.671998143196106,2.5990011636167765,0.3809982445091009,189.13999883807264,1,1
713,sign,22555.172879331,90.61899982043542,294.12799995043315,106.0899994627107,7.597001967951655,0.9209979907609522,499.35499919229187,1,1
714,sign,22555.197835676,76.82700015720911,269.14599948213436,118.08599811047316,9.06100103748031,1.1400006769690663,474.259999464266,1,1
715,sign,22555.221840613,157.38299771328457,402.66400174004957,171.42299839179032,10.383999324403703,1.2890013749711215,743.1429985444993,1,1
716,sign,22555.247740066,96.25100210541859,276.2019976216834,105.7130029948894,7.3929986683651805,1.1299998732283711,486.68900126358494,1,1
717,sign,22555.271189332,60.8709997322876,160.29600010369904,36.20300049078651,3.0509982025250793,0.3349996404722333,260.75599816977046,1,1
718,sign,22555.298307152,35.386001400183886,109.16999963228591,41.179999243468046,2.720000338740647,0.2939996193163097,188.7500002339948,1,1
719,sign,22555.322934029,103.19399734726176,257.80199939617887,102.30600310023874,6.918999133631587,0.9479990694671869,471.16899804677814,1,1
720,sign,22555.348655312,64.92200191132724,197.74699831032194,102.41000200039707,7.27099904906936,0.7460002962034196,373.09600156731904,1,1
721,sign,22555.374826794,63.85400047292933,258.75800201902166,137.46100012212992,7.081998774083331,0.8679999154992402,468.0230013036635,1,1
722,sign,22555.401384239,27.65200042631477,102.58399925078265,72.15199730126187,4.049001290695742,0.31500167096965015,206.7519999400247,1,1
723,sign,22555.425858553,21.544998162426054,53.84200267144479,28.647998988162726,1.8229984561912715,0.23800021153874695,106.09599848976359,1,1
724,sign,22555.45071154,26.940997486235574,112.42800246691331,66.59199789282866,4.399000317789614,0.4809990059584379,210.8409971697256,1,1
725,sign,22555.475419254,41.13700197194703,162.87099788314663,91.4980009838473,5.903999408474192,0.6990012479946017,302.10900149540976,1,1
726,sign,22555.500036527,39.47600271203555,158.47699978621677,91.79399785352871,6.1350001487880945,0.6810005288571119,296.56300102942623,1,1
727,sign,22555.524393165,15.472000086447224,59.30800034548156,34.14899765630253,2.3330030671786517,0.26399720809422433,111.52599836350419,1,1
728,sign,22555.548714752,13.385000784182921,53.884999942965806,31.676998332841322,2.0549996406771243,0.23000029614195228,101.23199899680912,1,1
729,sign,22555.573996551,46.43400097847916,125.68599777296185,78.81599958636798,5.567002517636865,0.6939990271348506,257.1969998825807,1,1
730,sign,22555.598404595,14.825000107521191,60.779002524213865,35.052999010076746,2.3280008463189006,0.2589986252132803,113.24400111334398,1,1
731,sign,22555.624032835,68.76000043121167,221.8449990323279,99.14300244417973,5.701000191038474,0.7189992174971849,396.16800131625496,1,1
732,sign,22555.649844111,37.131998396944255,176.53499890002422,94.61100125918165,6.491998647106811,0.7760027074255049,315.54599991068244,1,1
733,sign,22555.673653418,11.57399674411863,48.29500176128931,28.58700099750422,1.929998688865453,0.2080014382954687,90.59399963007309,1,1
734,sign,22555.699682585,18.091999663738534,72.02599954325706,43.121999624418095,3.2509997254237533,0.2890010364353657,136.7799995932728,1,1
735,sign,22555.725482515,44.612999772652984,170.6969997030683,92.00899876304902,6.033002136973664,0.8379975042771548,314.1899978800211,1,1
736,sign,22555.749465744,38.579000829486176,154.8750005895272,87.92500011622906,5.463996785692871,0.6880000000819564,287.53099832101725,1,1
737,sign,22555.780493455,114.40999878686853,323.58200041926466,149.5260003139265,8.358001650776714,1.0139992809854448,596.8900004518218,1,1
738,sign,22555.804154272,19.712002540472895,68.3170001138933,41.39399970881641,2.8760005079675466,0.2449996827635914,132.54400255391374,1,1
739,sign,22555.828569086,13.584001862909645,56.086999393301085,30.834999051876366,2.140001015504822,0.22899985197000206,102.87500117556192,1,1
740,sign,22555.853627382,19.903000065824017,83.95800250582397,53.599997045239434,3.746001311810687,0.45100023271515965,161.65800116141327,1,1
741,sign,22555.877657056,40.95999975106679,172.77699953410774,94.26800170331262,6.0349993873387575,0.72900002123788,314.7690003970638,1,1
742,sign,22555.902557891,69.9439988238737,248.03899941616692,101.64299965254031,6.630001735175028,0.8189999789465219,427.0749996067025,1,1
743,sign,22555.928957751,13.27599966316484,74.59300104528666,30.486000468954444,2.415999915683642,0.20600054995156825,120.97700164304115,1,1
744,sign,22555.954698661,11.654999980237335,48.72800127486698,27.396999939810485,1.8459977582097054,0.21099913283251226,89.83699808595702,1,1
745,sign,22555.980553302,87.55899762036279,237.62700220686384,105.69000005489215,5.982998118270189,0.8960014383774251,437.7549994387664,1,1
746,sign,22556.006394858,98.81400183076039,358.15199953503907,203.2269985647872,10.479001502972096,1.1400006769690663,671.8120021105278,1,1
747,sign,22556.031739239,124.66900079743937,381.9900011876598,173.03200002061203,10.208997991867363,1.5950026863720268,691.4950026839506,1,1
748,sign,22556.05621514,51.32200021762401,154.29300037794746,59.89499913994223,4.137000360060483,0.5500005499925464,270.19700064556673,1,1
749,sign,22556.08154504,57.352997828274965,157.87700249347836,56.73999839928001,4.1240018617827445,0.47299909056164324,276.5669996733777,1,1
750,sign,22556.110126743,56.9180010643322,210.82500097691081,126.80399959208444,6.1680002545472234,0.8040005923248827,401.51900248019956,1,1
751,sign,22556.137027755,39.267997635761276,159.8310009285342,91.78799882647581,6.113001290941611,0.7029993867035955,297.7029980684165,1,1
752,sign,22556.165815345,37.325000448618084,169.85399997793138,91.99600026477128,7.885999366408214,0.7369999366346747,307.79799999436364,1,1
753,sign,22556.197372303,19.09500133479014,62.32899977476336,34.43999958108179,2.2089989215601236,0.2580018190201372,118.33100143121555,1,1
754,sign,22556.222064154,14.311000995803624,53.794999985257164,28.819998988183215,1.8639984773471951,0.20100196707062423,98.99100041366182,1,1
755,sign,22556.249593118,45.778000639984384,177.80200141714886,82.77699816972017,4.815003194380552,0.5599977157544345,311.7320011369884,1,1
756,sign,22556.276500299,58.723999245557934,215.03599782590754,93.20300159743056,6.209000275703147,0.7220005500130355,373.8939994946122,1,1
757,sign,22556.303601084,48.13700070371851,181.39799794880673,91.89200136461295,6.447000487241894,0.6929985829629004,328.566999087343,1,1
758,sign,22556.332292054,13.928998669143766,53.09400148689747,30.778999644098803,2.5139997887890786,0.20500010577961802,100.52099969470873,1,1
759,sign,22556.361273234,36.83199975057505,130.47700122115202,79.2479986557737,4.6819986891932786,0.4440007614903152,251.68299907818437,1,1
760,sign,22556.391607335,63.169998611556366,327.8980002505705,133.41700105229393,6.702997779939324,0.8040005923248827,531.991998286685,1,1
761,sign,22556.416274953,38.6159990739543,151.43600103328936,96.51999789639376,6.328002200461924,0.6900008884258568,293.5900010925252,1,1
762,sign,22556.440997562,29.68300032080151,78.93899964983575,45.278000470716506,3.002998710144311,0.381001882487908,157.284001033986,1,1
763,sign,22556.465690414,11.829000868601725,45.91999822878279,26.64900239324197,1.7639977158978581,0.17100319382734597,86.33300240035169,1,1
764,sign,22556.490972379,25.597000785637647,174.57499779993668,64.88500002888031,4.069999704370275,0.5090005288366228,269.63599884766154,1,1
765,sign,22556.516705282,39.13700129487552,98.5549995675683,63.76500095939264,3.9669976104050875,0.4520006768871099,205.87600010912865,1,1
766,sign,22556.540492617,11.552998330444098,46.4510012534447,27.640999178402126,1.6429985407739878,0.22500171326100826,87.51299901632592,1,1
767,sign,22556.565945942,44.599000830203295,177.0550006767735,95.98899850971065,5.926001904299483,0.7819980964995921,324.3510000174865,1,1
768,sign,22556.590615508,36.161000025458634,151.10199819901027,89.20800246414728,5.921996489632875,0.7360031304415315,283.1290003086906,1,1
769,sign,22556.615284439,41.91399784758687,87.02500053914264,38.056001358199865,2.5279987312387675,0.21199957700446248,169.7349980531726,1,1
770,sign,22556.641359286,27.079997380496934,107.83500329125673,60.39499930921011,4.099998477613553,0.44199987314641476,199.85199833172373,1,1
771,sign,22556.667431861,36.078003176953644,155.7039977342356,91.00900206249207,6.08799746260047,0.6400005077011883,289.519000943983,1,1
772,sign,22556.694188826,38.16299795289524,155.84700304316357,88.91799734556116,5.597001290880144,0.6390000635292381,289.16399969602935,1,1
773,sign,22556.718383362,35.27199805830605,145.61900025000796,83.0490025691688,5.5439995776396245,0.6449990905821323,270.1289995457046,1,1
774,sign,22556.742448685,13.749999197898433,54.440999520011246,32.5780019920785,2.14999818126671,0.2450033207423985,103.16400221199729,1,1
775,sign,22556.769354881,32.1830011671409,131.80899986764416,76.97700129938312,4.801997420145199,0.6320005923043936,246.40300034661777,1,1
776,sign,22556.793849484,39.49400343117304,173.71499779983424,93.35000140708871,6.285998097155243,0.7689995982218534,313.6140003334731,1,1
777,sign,22556.818355712,37.97600220423192,155.74200006085448,90.67199789569713,5.7060024118982255,0.7439994078595191,290.8400019805413,1,1
778,sign,22556.845219955,38.170997868292034,153.39700257754885,89.29199975682423,5.761998181696981,0.7179987733252347,287.3399971576873,1,1
779,sign,22556.868512106,11.944997822865844,49.04399975202978,29.1579999611713,1.9800027075689286,0.22300082491710782,92.35000106855296,1,1
780,sign,22556.917869499,93.25100108981133,5.095997039461508,2.6330017135478556,11.971998901572078,0.9790019248612225,113.93100066925399,1,0
781,sign,22556.962820014,91.55600127996877,4.993999027647078,2.525001036701724,11.824999091913924,0.995998561847955,111.89599899807945,1,0
782,sign,22557.007582794,52.27299698162824,2.5670015020295978,1.1299998732283711,6.1540013120975345,0.45999695430509746,62.58399662328884,1,0
783,sign,22557.052679969,42.89699791115709,2.692999260034412,1.7500024114269763,5.83099972573109,0.6439986464101821,53.81499795475975,1,0
784,sign,22557.099847468,39.516002289019525,4.146000719629228,2.082997525576502,6.434001988964155,0.7950002327561378,52.97400275594555,1,0
785,sign,22557.123666972,11.848002031911165,5.67399911233224,0.5469992174766958,26.044999685836956,0.21400046534836292,44.32800051290542,2,1
786,sign,22557.148741816,18.339000234846026,49.64700201526284,29.00099934777245,2.459997631376609,0.2130000211764127,99.65999925043434,2,1
787,sign,22557.174776521,56.075001339195296,184.24700101604685,134.13499982561916,10.697000107029453,0.9369978215545416,386.0910001094453,2,1
788,sign,22557.201877058,93.70800034957938,295.12699984479696,166.31399921607226,13.100001524435356,1.2460004654712975,569.4950014003552,2,1
789,sign,22557.226224094,45.54000042844564,95.52299889037386,42.39000190864317,3.3469987101852894,0.3349996404722333,187.1349995781202,2,1
790,sign,22557.250318191,34.58100036368705,84.65599967166781,46.146000386215746,3.36900120601058,0.33699689083732665,169.08899851841852,2,1
791,sign,22557.274444898,19.273000361863524,52.42899715085514,28.229002055013552,2.339998900424689,0.23400207282975316,102.50500054098666,2,1
792,sign,22557.323131734,70.11799971223809,3.2850002753548324,1.6220001270994544,6.693000614177436,0.6059999577701092,82.32400068663992,2,0
793,sign,22557.368115468,54.19999797595665,3.068998921662569,1.4370016288012266,6.166999810375273,0.543001078767702,65.41599941556342,2,0
794,sign,22557.412667912,17.069000023184344,0.8189999789465219,0.4379980964586139,1.8040009308606386,0.15099794836714864,20.280996977817267,2,0
795,sign,22557.449671178,48.06300057680346,134.55199950840324,89.49899711296894,6.496000423794612,1.2780001270584762,279.8879977490287,2,1
796,sign,22557.478221246,64.2039995000232,166.12599938525818,90.86299905902706,7.835002179490402,0.7069975254125893,329.73499764921144,2,1
797,sign,22557.504914446,58.51500100106932,167.85700063337572,82.71299884654582,7.276001269929111,0.676998752169311,317.0380005030893,2,1
798,sign,22557.52952831,29.59700213978067,76.95399835938588,44.83299926505424,3.897002898156643,0.32299794838763773,155.60400061076507,2,1
799,sign,22557.554414101,32.85300044808537,69.58900121389888,45.6749985460192,3.474000550340861,0.23200118448585272,151.82300194283016,2,1
800,sign,22557.607662728,77.59499931125902,4.449997504707426,2.448003215249628,10.217998351436108,0.9989998943638057,95.70999827701598,2,0
801,sign,22557.65278836,84.2180015752092,4.240999260218814,2.310000127181411,10.01299824565649,0.7250018825288862,101.5070010907948,2,0
802,sign,22557.697677566,65.48300007125363,2.3479988158214837,1.643998984945938,7.522001396864653,0.5820002115797251,77.57899948046543,2,0
803,sign,22557.742826067,115.88000052142888,5.375000910134986,3.0420014809351414,13.003998901695013,1.3499993656296283,138.65100117982365,2,0
804,sign,22557.787742631,86.26799899502657,4.056000761920586,2.3520005925092846,10.686999303288758,0.8559982234146446,104.21899787615985,2,0
805,sign,22557.832782124,82.5990027806256,3.712000761879608,1.8989994714502245,10.321000445401296,0.6779991963412613,99.20900265569799,2,0
806,sign,22557.877802882,110.26899665012024,4.536002961685881,2.5989975256379694,12.096003047190607,1.1279989848844707,130.62799916951917,2,0
807,sign,22557.922635666,58.56400093762204,2.643999323481694,1.2589989637490362,7.165999704739079,0.5300025804899633,70.16300151008181,2,0
808,sign,22557.967747927,77.66600174363703,3.263998223701492,1.6920021153055131,9.375999070471153,0.7060007192194462,92.70400187233463,2,0
809,sign,22558.012686406,82.7389994810801,3.7760000850539654,2.2700005501974374,9.843999578151852,0.9200011845678091,99.54900087905116,2,0
810,sign,22558.058273227,107.60499935713597,4.969999281456694,2.1900013962294906,11.74999852082692,0.5809997674077749,127.09599832305685,2,0
811,sign,22558.102742684,69.59899837966077,2.830001903930679,1.3699973351322114,8.300001354655251,0.6349982868414372,82.73399726022035,2,0
812,sign,22558.147771268,107.75600094348192,4.689998604590073,2.602002496132627,12.304997653700411,0.9870018402580172,128.34000153816305,2,0
813,sign,22558.192664259,61.32199996500276,2.214997948613018,1.706001057755202,8.41799919726327,0.5020010576117784,74.16299922624603,2,0
814,sign,22558.237865773,118.26599802589044,5.514000804396346,3.183999069733545,35.84400110412389,1.377000444335863,164.18499944848008,2,0
815,sign,22558.282626629,90.60999946086667,4.527002602117136,2.3459979274775833,16.57900065765716,0.8520000847056508,114.9140007328242,1,0
816,sign,22558.307931126,42.2589982917998,212.56200125208125,97.02199895400554,6.2540020735468715,0.838997948449105,358.93599851988256,1,1
817,sign,22558.333053993,20.781000785063952,64.92999818874523,36.2150021828711,2.411998138995841,0.2490014594513923,124.58700075512752,1,1
818,sign,22558.358638448,13.40000017080456,55.32100112759508,32.99799936939962,2.2409985831473023,0.2400010998826474,104.20000035082921,1,1
819,sign,22558.385805511,39.42799958167598,154.17500253533944,111.71099686180241,6.197002221597359,0.6650006980635226,312.1760018984787,1,1
820,sign,22558.414054554,38.30300192930736,150.7499982835725,88.86300201993436,5.861998943146318,0.6980008038226515,284.4760019797832,1,1
821,sign,22558.443628195,39.00400042766705,155.7969990244601,91.55999941867776,5.769001290900633,0.628999259788543,292.7589994214941,1,1
822,sign,22558.470453331,13.670000043930486,60.72000178392045,40.519000322092324,2.5529989216011018,0.28199792723171413,117.74399899877608,1,1
823,sign,22558.496668255,15.245997929014266,61.0350034548901,36.2029968528077,2.3650027287658304,0.2849992597475648,115.13400022522546,1,1
824,sign,22558.523224526,41.420000343350694,160.73199731181376,90.01400030683726,6.207999831531197,0.7090020517352968,299.0829998452682,1,1
825,sign,22558.550635931,60.289999964879826,232.94499987969175,141.95200128597207,6.85499981045723,0.7330017979256809,442.77500273892656,1,1
826,sign,22558.576822871,53.05699960445054,225.0949983135797,128.94600149593316,6.71900124871172,1.2759992387145758,415.0929999013897,1,1
827,sign,22558.603154045,14.805002138018608,53.32000000635162,30.56900095543824,2.033997589023784,0.24800101527944207,100.9760017041117,1,1
828,sign,22558.632222783,33.61000199220143,128.83599993074313,72.75199823197909,4.917001206194982,0.5660003807861358,240.68100174190477,1,1
829,sign,22558.662789738,43.47499998402782,166.4160008658655,132.76900062919594,6.398000550689176,0.7279995770659298,349.78600160684437,1,1
830,sign,22558.693051258,39.19200025848113,311.5170002274681,250.82399952225387,16.137000784510747,1.5269979485310614,619.1969987412449,1,1
831,sign,22558.722439467,16.01899930392392,58.17199780722149,30.84600029978901,1.915002940222621,0.25099870981648564,107.20299906097353,1,1
832,sign,22558.748665788,11.981999705312774,50.49900209996849,28.66899740183726,1.9130020518787205,0.2130000211764127,93.27600128017366,1,1
833,sign,22558.775973648,24.5789997279644,122.30799984536134,61.20000034570694,4.567998985294253,0.4350004019215703,213.0899993062485,1,1
834,sign,22558.800433802,30.578001315006986,89.4859986146912,52.284998673712835,3.168002876918763,0.32899697544053197,175.8459984557703,1,1
835,sign,22558.825655894,43.76200013211928,172.78700033784844,93.44899808638729,6.599999323952943,0.691001332597807,317.28899921290576,1,1
836,sign,22558.850405147,13.551998563343659,52.65599975246005,30.677001632284373,2.044998836936429,0.200001522898674,99.13000030792318,1,1
837,sign,22558.875138115,16.411999240517616,58.53500260855071,31.409999792231247,1.9709987100213766,0.21099913283251226,108.53899948415346,1,1
838,sign,22558.901286052,33.98999979253858,134.2329996987246,77.0879996707663,5.662001058226451,0.5709989636670798,251.543999183923,1,1
839,sign,22558.926824654,56.66399738402106,180.94500046572648,92.63700121664442,5.978999979561195,0.6939990271348506,336.918998073088,1,1
840,sign,22558.951707128,34.971002605743706,143.828998261597,88.7040005181916,5.851998139405623,1.834003342082724,275.19000286702067,1,1
841,sign,22558.977382582,39.03099786839448,155.30200107605197,91.97899998980574,8.195998816518113,1.5980003809090704,296.10599813167937,1,1
842,sign,22559.001992927,34.68600334599614,64.49399734265171,31.892999686533585,2.357999619562179,0.22800304577685893,133.65900304052047,1,1
843,sign,22559.028559266,27.343001420376822,107.29999848990701,62.99699816736393,4.170000465819612,0.46400236897170544,202.27400091243908,1,1
844,sign,22559.054771578,42.32799983583391,203.88899793033488,154.25400124513544,8.653998520458117,0.9160030458588153,410.04100057762116,1,1
845,sign,22559.080334441,39.82699854532257,161.9709983060602,92.89300214732066,5.984999006614089,0.7230009941849858,301.3989989995025,1,1
846,sign,22559.107625398,24.638000468257815,95.82799975760281,57.5420017412398,3.634999302448705,0.41399835026822984,182.05699961981736,1,1
847,sign,22559.132569839,13.65999924018979,65.32500265166163,32.83199839643203,2.02999945031479,0.22600215743295848,114.0730018960312,1,1
848,sign,22559.157986822,40.21399945486337,119.27500236197375,71.82999979704618,4.718996933661401,0.4760004230774939,236.5139989706222,1,1
849,sign,22559.184361478,28.714999643852934,116.20900113484822,67.7719981467817,4.328001523390412,0.5619986040983349,217.5859990529716,1,1
850,sign,22559.208905563,16.52200080570765,64.06700049410574,43.385000026319176,2.4129985831677914,0.281001121038571,126.66800103033893,1,1
851,sign,22559.235389451,39.91399717051536,165.74000255786814,90.51999950315803,6.7879991547670215,0.6949994713068008,303.65699785761535,1,1
852,sign,22559.260675974,12.469998182496056,50.84200165583752,29.300997994141653,1.9210019672755152,0.22799940779805183,94.7619992075488,1,1
853,sign,22559.285901642,13.269000191939995,53.59699935070239,31.007999496068805,9.989998943638057,0.285999703919515,108.14999768626876,1,1
854,sign,22559.312282677,44.81499854591675,171.622999914689,84.43000115221366,4.861998604610562,0.6340014806482941,306.36399969807826,1,1
855,sign,22559.336598938,30.092000088188797,144.73999908659607,72.47100074891932,4.942001396557316,0.5939982656855136,252.83899958594702,1,1
856,sign,22559.363142155,39.683996874373406,158.35000158404,90.88300066650845,6.236998160602525,0.7580019882880151,295.9119992738124,1,1
857,sign,22559.390444231,27.85499964375049,89.68799738795497,37.18300285981968,3.736997314263135,0.29300281312316656,158.75600001891144,1,1
858,sign,22559.415284538,18.17500015022233,81.90999869839288,38.597001548623666,2.2599997464567423,0.23699976736679673,141.17899991106242,1,1
859,sign,22559.44008813,12.890999641967937,51.83300163480453,28.72500044759363,1.9899998733308166,0.20899824448861182,95.64799984218553,1,1
860,sign,22559.468315152,31.02999835391529,117.93900193879381,67.52099943696521,4.5339984353631735,0.519001332577318,221.5429994976148,1,1
861,sign,22559.497211615,45.472002966562286,179.5739990484435,91.54700092040002,5.903999408474192,0.6560003384947777,323.1530026823748,1,1
862,sign,22559.522168311,14.526001905323938,51.31999932928011,28.28899960150011,1.9030012481380254,0.22499807528220117,96.26300015952438,1,1
863,sign,22559.548458281,20.84700099658221,83.25000089826062,48.85700036538765,3.344997821841389,0.386000465368852,156.68500054744072,1,1
864,sign,22559.574772339,39.926999306771904,154.7899992146995,106.5440010279417,27.657999453367665,0.809999619377777,329.72899862215854,1,1
865,sign,22559.600264184,38.82199962390587,156.95500042056665,110.94300134573132,6.2969993450678885,0.7880007615312934,313.805001496803,1,1
866,sign,22559.629126518,41.23599865124561,161.95100033655763,91.3520016183611,6.1680002545472234,0.7039998308755457,301.4110006915871,1,1
867,sign,22559.654706987,17.051999748218805,53.06200182531029,30.691000574734062,2.1189989638514817,0.2989982021972537,103.22299931431189,1,1
868,sign,22559.681504999,15.369998436653987,60.518003010656685,36.682999052572995,2.338998456252739,0.24700057110749185,115.1569995272439,1,1
869,sign,22559.709782456,37.64699795283377,150.71100278873928,112.42699838476256,6.26700057182461,0.7269991328939795,307.7789988310542,1,1
870,sign,22559.736699954,38.06500171776861,149.2650008003693,89.58599937614053,5.965997843304649,0.724001438356936,283.60600117594004,1,1
871,sign,22559.761815126,38.211001083254814,169.1840006969869,93.7570002861321,7.5219977588858455,0.6949994713068008,309.36899929656647,1,1
872,sign,22559.788872856,26.870999136008322,74.08500096062198,47.497000196017325,3.287001163698733,0.3339991963002831,152.07400065264665,1,1
873,sign,22559.815712937,14.793000445934013,54.84199937200174,30.988998332759365,1.9670005713123828,0.261999957729131,102.85299867973663,1,1
874,sign,22559.842436814,41.12199894734658,166.4020019234158,94.29099736735225,6.277001375565305,0.7669987098779529,308.8589983235579,1,1
875,sign,22559.870989298,77.09499914199114,239.99000040930696,154.42999938386492,9.190000128000975,1.1410011211410165,481.846000184305,1,1
876,sign,22559.896331436,39.651000406593084,155.2339999761898,90.85899728233926,6.14500095252879,0.6180016498547047,292.50700026750565,1,1
877,sign,22559.92469403,16.31399936741218,65.2880007692147,37.131998396944255,2.300999767612666,0.2940032572951168,121.32900155847892,1,1
878,sign,22559.952145662,25.023000489454716,59.57000030321069,34.221000532852486,2.264001523144543,0.2629967639222741,121.34099961258471,1,1
879,sign,22559.979610024,56.297001719940454,234.2000007047318,136.85999874724075,6.901002052472904,0.8559982234146446,435.11400144780055,1,1
880,sign,22560.006530839,39.41400063922629,158.44699737499468,93.17900185124017,6.160000339150429,0.9180002962239087,298.1180005008355,1,1
881,sign,22560.031059041,42.268999095540494,191.28200074192137,77.63599933241494,5.546000465983525,0.5559995770454407,317.28899921290576,1,1
882,sign,22560.055797383,14.813998859608546,57.35300146625377,33.71699858689681,2.2120002540759742,0.2529995981603861,108.34899876499549,1,1
883,sign,22560.080609336,18.90099883894436,72.41400089696981,47.82799805980176,2.8240028768777847,0.35199991543777287,142.31900058803149,1,1
884,sign,22560.107966037,17.521997506264597,84.87100058118813,41.423001675866544,2.7149981178808957,0.2800006768666208,146.81099855806679,1,1
885,sign,22560.136798968,44.9010003649164,195.2319980773609,100.46900206361897,6.910999218234792,1.3639983080793172,348.8769980322104,1,1
886,sign,22560.163869143,39.06599886249751,176.58199794823304,92.11100041284226,6.116999429650605,0.7570015441160649,314.6329981973395,1,1
887,sign,22560.192574366,12.714001059066504,46.54199801734649,27.505000616656616,1.8930004443973303,0.1949993020389229,88.84899943950586,1,1
888,sign,22560.219101099,22.661999537376687,89.03100024326704,51.74000034458004,3.4620024962350726,0.3939967427868396,167.28899936424568,1,1
889,sign,22560.262837237,96.99099973659031,4.753997927764431,3.0190021789167076,11.519998224684969,1.110001903725788,117.3939999716822,1,0
890,sign,22560.307777962,72.04999928944744,3.9560000004712492,2.6650013751350343,9.551000403007492,0.829000782687217,89.05100185074843,1,0
891,sign,22560.352555895,40.42000000481494,2.5180015654768795,1.3999997463542968,5.156998668098822,0.5460024112835526,50.04100239602849,1,0
892,sign,22560.398979364,62.34700049390085,4.115998308407143,2.0450024749152362,7.70699989516288,0.8069982868619263,77.02199945924804,1,0
893,sign,22560.442827894,92.95899872086011,5.043002602178603,2.8799986466765404,12.210999557282776,1.1180018191225827,114.21100134612061,1,0
894,sign,22560.487586338,47.71000021719374,2.5509980332572013,1.1880001693498343,6.051002856111154,0.4399989848025143,57.94000026071444,1,0
895,sign,22560.532850861,97.01599992695265,5.182999302633107,2.4930013751145452,11.842999811051413,1.100997906178236,117.63599832192995,1,0
896,sign,22560.577763859,50.83900032332167,3.359997208463028,1.5180012269411236,6.28400084679015,0.33800097298808396,62.339000578504056,1,0
897,sign,22560.622803186,87.24600047571585,4.636996891349554,2.2940002963878214,11.428001016611233,1.2140008038841188,106.81899948394857,1,0
898,sign,22560.667634414,50.515998736955225,4.004003130830824,1.8499995348975062,7.614999049110338,0.7800008461344987,64.76500129792839,1,0
899,sign,22560.712669831,33.61200288054533,2.187996869906783,1.0940020729321986,4.804998752661049,0.42800093069672585,42.12700150674209,1,0
900,sign,22560.757727232,69.3949987180531,3.9389997255057096,1.91100116353482,9.31699833017774,0.8130009518936276,85.374998889165,1,0
901,sign,22560.80276458,90.04200182971545,5.298999894876033,2.6620000426191837,11.418000212870538,1.0779986041598022,110.499000584241,1,0
902,sign,22560.847745304,72.62500002980232,4.23800156568177,2.344997483305633,9.758001397131011,0.809999619377777,89.77600009529851,1,0
903,sign,22560.892832717,72.17299935291521,3.5800003388430923,1.9229992176406085,9.239000064553693,0.809999619377777,87.72499859333038,1,0
904,sign,22560.937719553,100.79300045617856,7.3929986683651805,5.076002707937732,19.64900002349168,1.5730001905467361,134.4840020465199,1,0
905,sign,22560.982502069,23.302000045077875,1.7429993022233248,1.0570001904852688,3.272998583270237,0.27500209398567677,29.650000215042382,1,0
906,sign,22561.02779382,93.25399878434837,4.729998181574047,2.793000021483749,11.730000551324338,1.0110015864484012,113.5179991251789,1,0
907,sign,22561.072843665,175.07400116301142,7.3689989221747965,4.784000338986516,15.192999853752553,1.210002665175125,203.6300029431004,1,0
908,sign,22561.117674491,51.09599806019105,2.1790001483168453,1.630000042496249,5.734000296797603,0.3130007826257497,60.9519993304275,1,0
909,sign,22561.162774569,105.98700100672431,4.387999069876969,2.4280016077682376,15.46600105939433,0.9799987310543656,129.24900147481821,1,0
910,sign,22561.207735255,84.81999975629151,4.937999619869515,2.4930013751145452,11.108997568953782,1.0350013326387852,104.39499965286814,1,0
911,sign,22561.252515149,34.43799869273789,2.9040020308457315,1.401000190526247,6.151996785774827,0.6000009307172149,45.49499863060191,1,0
912,sign,22561.297857669,96.85599798103794,5.338002665666863,3.4379991120658815,12.66699837287888,1.3570024748332798,119.65600060648285,1,0
913,sign,22561.342786866,88.34300024318509,4.535999323707074,2.5459994503762573,11.244999768678099,1.3780008885078132,108.04799967445433,1,0
914,sign,22561.376407763,25.520999770378694,12.327000149525702,1.1429983715061098,50.80000119050965,0.5280016921460629,90.31900117406622,2,1
915,sign,22561.401902439,20.973999198758975,70.61400174279697,44.90399805945344,18.419999832985923,0.24200198822654784,155.15400082222186,2,1
916,sign,22561.447844785,130.10699694859795,5.650999810313806,3.936002030968666,14.605000615119934,24.085999029921368,178.38499843492173,2,0
917,sign,22561.492779676,103.95000208518468,4.8149995564017445,2.338998456252739,12.911001249449328,0.9989998943638057,125.0140012416523,2,0
918,sign,22561.537564098,56.70400059898384,2.2410022211261094,1.167998561868444,6.886999472044408,0.5639994924422354,67.56400034646504,2,0
919,sign,22561.582604487,54.3610003660433,3.6389974411576986,1.7359998309984803,7.800001185387373,0.6369991751853377,68.17299799877219,2,0
920,sign,22561.627852456,112.58499944233336,4.778001311933622,2.9529983294196427,13.066000974504277,1.052998413797468,134.43499847198837,2,0
921,sign,22561.672605063,55.92900197370909,2.34400067711249,1.1319971235934645,6.882000889163464,0.43700129026547074,66.72400195384398,2,0
922,sign,22561.717620992,67.11300011374988,3.616998583311215,1.9230028556194156,9.030998626258224,0.7749986252747476,82.45899880421348,2,0
923,sign,22561.76279584,99.36700007528998,4.351000825408846,2.2749991330783814,11.793999874498695,0.8009992598090321,118.58799916808493,2,0
924,sign,22561.769989639,103.88200098532252,117.59999688365497,55.15000157174654,9.519000741420314,0.5859983502887189,286.73699853243306,1,1
925,sign,22561.795266952,15.91600084793754,66.33399971178733,37.49200186575763,2.5990011636167765,0.2749984560068697,122.61600204510614,1,1
926,sign,22561.823176855,13.378001312958077,53.186999139143154,32.83700061729178,3.1749987101648003,0.2130000211764127,102.78999980073422,1,1
927,sign,22561.851391919,36.491997889243066,115.50700219231658,56.156997743528336,3.725999704329297,0.4520006768871099,212.3339982063044,1,1
928,sign,22561.877599278,58.54300252394751,228.09899746789597,159.48900181683712,7.169997843448073,0.7840026228222996,454.08500227495097,1,1
929,sign,22561.903671266,50.81699782749638,196.904999029357,137.49600111623295,6.760001269867644,0.7220005500130355,392.699999792967,1,1
930,sign,22561.927780253,17.501999536762014,68.95600017742254,35.865999961970374,2.567998308222741,0.26500129024498165,125.15699927462265,1,1
931,sign,22561.972968668,121.55500007793307,5.663998308591545,3.38800236932002,12.166998203611001,1.143002009484917,143.91700096894056,1,0
932,sign,22562.017830462,96.91800005384721,5.476002115756273,4.118999640922993,12.54800008609891,1.2509990483522415,120.31200094497763,1,0
933,sign,22562.062638411,52.338000386953354,2.1460000425577164,1.4520010154228657,6.40500002191402,0.3679997462313622,62.70900121307932,1,0
934,sign,22562.102290071,54.50199751066975,214.249001146527,92.03399895341136,6.399000994861126,0.70999885792844,367.8939974633977,1,1
935,sign,22562.127134563,37.65599831240252,150.2109989814926,89.99500278150663,6.0540005506481975,0.8019997039809823,284.7180003300309,1,1
936,sign,22562.152263027,90.56099952431396,242.54099844256416,102.27100210613571,6.324000423774123,1.028998667607084,442.72599916439503,1,1
937,sign,22562.176939174,19.126997358398512,89.84700252767652,46.855999244144186,2.8809990908484906,0.34299955586902797,159.05399777693674,1,1
938,sign,22562.200703334,17.485999705968425,71.89600000856444,42.71999932825565,2.558997948653996,0.27900023269467056,134.9399972241372,1,1
939,sign,22562.227202038,41.666000470286235,165.35900067538023,94.33800005353987,6.073998520150781,0.7560010999441147,308.19300081930123,1,1
940,sign,22562.251902375,39.655002183280885,199.26299864891917,93.53600034955889,5.998001142870635,0.7729977369308472,339.2250000615604,1,1
941,sign,22562.278313891,39.160997403087094,154.88999997614883,90.2579995454289,5.802001396659762,0.7249982445500791,290.83599656587467,1,1
942,sign,22562.304230687,31.10099714831449,74.42200148943812,46.85400199377909,2.9149996407795697,0.46899731387384236,155.7609975861851,1,1
943,sign,22562.328419206,16.101002984214574,52.64799983706325,28.25199771905318,1.8020000425167382,0.2180022420361638,99.02100282488391,1,1
944,sign,22562.351915715,67.9420008964371,209.80000044801272,75.61399979749694,9.117997251451015,0.9420000424142927,363.41599843581207,1,1
945,sign,22562.377236061,93.27600128017366,269.39500094158575,104.3029988068156,7.1340000431519,1.010001142276451,475.11800221400335,1,1
946,sign,22562.401446791,105.80600064713508,324.3370010750368,147.2670010116417,10.553998436080292,1.1949996405746788,589.1590008104686,1,1
947,sign,22562.425786539,104.18999954708852,352.7430017129518,172.27499847649597,9.387000318383798,1.1980009730905294,639.7930010280106,1,1
948,sign,22562.449688661,84.226001490606,311.5939980489202,161.42499953275546,9.613002475816756,1.0139992809854448,567.8720008290838,1,1
949,sign,22562.47415326,108.39500100701116,298.7610023410525,97.88099850993603,5.436999344965443,0.8739989425521344,511.3480001455173,1,1
950,sign,22562.500880528,70.27899846434593,183.328000275651,59.32199928793125,4.9390000640414655,0.47900175559334457,318.346999847563,1,1
951,sign,22562.529375995,33.06299913674593,100.48500189441256,44.41299824975431,3.445002221269533,0.36499841371551156,181.77099991589785,1,1
952,sign,22562.558976262,73.84600030491129,248.87600011425093,107.73599933600053,6.68099892209284,0.7470007403753698,437.88599941763096,1,1
953,sign,22562.582784414,48.75100057688542,142.32999819796532,51.858001825166866,3.520999598549679,0.35999983083456755,246.82000002940185,1,1
954,sign,22562.610813095,48.67199822911061,121.20600149501115,49.81500023859553,3.1999989005271345,0.4450012056622654,223.3380000689067,1,1
955,sign,22562.63774642,80.50799806369469,286.6770009859465,125.65399811137468,15.027002518763766,0.6560003384947777,508.5220000182744,1,1
956,sign,22562.669910563,109.27200128207915,258.9529976830818,103.51700257160701,7.091999577824026,0.9619980119168758,479.79599912650883,1,1
957,sign,22562.697510484,20.751002011820674,83.13999933307059,49.39599966746755,3.249999281251803,0.3530003596097231,156.89000065322034,1,1
958,sign,22562.722250096,12.384996807668358,50.45500074629672,27.534999389899895,1.8420032574795187,0.19399885786697268,92.41099905921146,1,1
959,sign,22562.75052556,38.191999919945374,153.95199807244353,88.37399946060032,5.428002623375505,0.624000676907599,286.5700007532723,1,1
960,sign,22562.776020427,43.0410000262782,152.24199887597933,89.39399776863866,5.948000762145966,0.7269991328939795,291.35199656593613,1,1
961,sign,22562.799888725,37.49299867195077,177.89500270737335,91.97799954563379,6.213998858584091,0.6299997039604932,314.2099994875025,1,1
962,sign,22562.831526123,40.76900222571567,169.94399993564002,92.43299791705795,6.16700344835408,0.6989976100157946,310.0120011367835,1,1
963,sign,22562.858198946,25.288001779699698,98.07499736780301,61.767001170665026,3.5369994293432683,0.25700137484818697,188.9240011223592,1,1
964,sign,22562.884583045,21.56999835278839,80.17000072868541,47.549001465085894,3.406999894650653,0.3399982233531773,153.03599866456352,1,1
965,sign,22562.910137354,38.468999264296144,165.20899953320622,90.44100079336204,6.399000994861126,0.6810005288571119,301.19900111458264,1,1
966,sign,22562.935145278,37.51899930648506,152.25300012389198,90.16700278152712,6.160000339150429,0.7299968274310231,286.8289993784856,1,1
967,sign,22562.962899649,38.697002310073,187.54999837256037,93.02100079366937,6.485999620053917,0.7060007192194462,326.4600018155761,1,1
968,sign,22562.987466183,13.55399945168756,50.085000111721456,27.82600131467916,1.8789978639688343,0.2080014382954687,93.55200018035248,1,1
969,sign,22563.01516225,23.548000172013417,98.68799679679796,62.95800267253071,4.192999767838046,0.46800050768069923,189.85499991686083,1,1
970,sign,22563.045418651,37.062000046717,158.87400149949826,84.47399886790663,5.203000910114497,0.5939982656855136,286.2069995899219,1,1
971,sign,22563.075742772,37.17800063895993,153.59200187958777,117.18399764504284,6.566002412000671,0.7630005711689591,315.28300314676017,1,1
972,sign,22563.10137877,37.24899943335913,158.71600044192746,93.10899986303411,6.227000994840637,0.652999005978927,295.9539997391403,1,1
973,sign,22563.125190515,15.78000228619203,74.8290003684815,50.90699778520502,3.201002982677892,0.31399758881889284,145.03100101137534,1,1
974,sign,22563.150494291,24.31699977023527,98.52400035015307,54.839001677464694,3.7659992813132703,0.4039975465275347,181.84999862569384,1,1
975,sign,22563.175505045,45.07499761530198,177.29099999996834,85.65000098315068,6.117999873822555,0.7010021363385022,314.83500060858205,1,1
976,sign,22563.202560129,27.309000870445743,110.86399899795651,61.451999499695376,4.800000169780105,0.5030015017837286,204.92800103966147,1,1
977,sign,22563.231441153,25.569999706931412,99.24300320562907,57.196997659048066,3.6620003811549395,0.4180001269560307,186.0900010797195,1,1
978,sign,22563.257424934,18.12000118661672,65.60299880220555,34.72800017334521,2.7189998945686966,0.23400207282975316,121.40400212956592,1,1
979,sign,22563.281767989,11.529999028425664,46.2200005131308,27.471000066725537,1.8230020941700786,0.1769985829014331,87.22100028535351,1,1
980,sign,22563.308285011,61.796999943908304,228.9299991389271,145.6950012652669,8.966999303083867,0.9610012057237327,446.3500008569099,1,1
981,sign,22563.334783267,58.01599763799459,251.805002335459,128.27300088247284,6.8019980972167104,0.7749986252747476,445.6709975784179,1,1
982,sign,22563.362255156,63.86099994415417,240.36100148805417,144.05399997485802,8.74599936651066,1.014999725157395,458.0370004987344,1,1
983,sign,22563.38721726,20.912000763928518,74.77600229321979,45.394997869152576,2.5480003387201577,0.26899942895397544,143.90000069397502,1,1
984,sign,22563.41471371,29.479997465386987,113.01199992885813,52.71300324238837,3.092998667852953,0.37800054997205734,198.6759998544585,1,1
985,sign,22563.443970597,72.22800195449963,218.61199638806283,122.27900151629001,6.140999175840989,0.7400012691505253,420.000000303844,1,1
986,sign,22563.469112993,59.594000049401075,232.45299962582067,134.18100206763484,6.7399996623862535,0.7220005500130355,433.69000195525587,1,1
987,sign,22563.49772333,91.79399785352871,285.4170015780255,147.79299817746505,8.482002158416435,1.1089978215750307,534.5949975890107,1,1
988,sign,22563.521352201,21.915999241173267,75.73100083391182,50.706999900285155,2.6949965103995055,0.3230015863664448,151.3719980721362,1,1
989,sign,22563.54729262,23.810000129742548,89.63900108938105,55.13699943549,3.0330011213663965,0.3749992174562067,171.9940009934362,1,1
990,sign,22563.574800772,37.33600169653073,161.1970001249574,138.87299792259,9.005001629702747,0.9309987945016474,347.34200016828254,1,1
991,sign,22563.602315175,51.81199958315119,186.61799913388677,94.44700117455795,6.483998731710017,0.72900002123788,340.0899986445438,1,1
992,sign,22563.629742826,41.405000956729054,160.02699703676626,107.4800020433031,6.318998202914372,0.8090028131846339,316.0400010528974,1,1
993,sign,22563.654604908,15.183999494183809,53.206000302452594,30.351002351380885,2.4709988792892545,0.20700099412351847,101.41900202143006,1,1
994,sign,22563.682678767,31.723000574856997,103.43100075260736,48.86600072495639,3.474997356534004,0.4169996827840805,187.91199909173883,1,1
995,sign,22563.708975154,52.50899994280189,155.44499910902232,83.45700189238414,5.786998372059315,0.6939990271348506,297.8919983434025,1,1
996,sign,22563.737693923,78.67299791541882,219.08599956077524,118.53800242533907,6.745998689439148,0.7400012691505253,423.7829998601228,1,1
997,sign,22563.76330533,57.51899880124256,222.41500118980184,140.83999849390239,7.872000423958525,0.9040013537742198,429.55000026267953,1,1
998,sign,22563.787882322,13.030999980401248,49.49899812345393,30.21600059582852,1.8089995137415826,0.2130000211764127,94.76799823460169,1,1
999,sign,22563.813395073,21.7079978028778,90.07900007418357,52.25200220593251,3.5129996831528842,0.43199906940571964,167.98399883555248,1,1
1000,sign,22563.842803334,58.885001635644585,245.91900000814348,112.54600030952133,6.225000106496736,0.7249982445500791,424.3000003043562,1,1
1001,sign,22563.870292953,50.33900015405379,185.79300012788735,95.04599802312441,4.957000783178955,0.6459995347540826,336.7809986229986,1,1
1002,sign,22563.899354298,52.45000284048729,197.77499983320013,108.95800005528145,6.34899697615765,0.8200004231184721,366.352000128245,1,1
1003,sign,22563.92584345,18.65399826783687,60.24100002832711,29.705002816626802,1.9519975467119366,0.19300205167382956,110.74500071117654,1,1
1004,sign,22563.95089673,12.632001016754657,52.7299998793751,28.750000637955964,1.9100007193628699,0.19399885786697268,96.21600111131556,1,1
1005,sign,22563.977305681,103.25699986424297,295.4759984277189,126.57399929594249,7.804999768268317,1.101001544157043,534.2129989003297,1,1
1006,sign,22564.005229414,84.35699783149175,245.53600087529048,103.10899961041287,6.853002560092136,0.9429968486074358,440.7979977258947,1,1
1007,sign,22564.02958157,93.58999886899255,242.3350015305914,119.91799692623317,7.1400027081836015,0.9760005923453718,463.9590006263461,1,1
1008,sign,22564.053344292,48.35500294575468,153.9759978186339,41.1729997722432,4.143999831285328,1.1250012903474271,248.77300165826455,1,1
1009,sign,22564.079820754,69.51199975446798,220.18000163370743,68.45999814686365,4.642002750188112,0.5689980753231794,363.36300036055036,1,1
1010,sign,22564.106248647,85.10800034855492,250.26599905686453,105.20300202188082,7.309998181881383,0.8890019671525806,448.77600157633424,1,1
1011,sign,22564.130149787,85.15399895259179,240.27000108617358,101.49999798159115,7.5500029197428375,0.9309987945016474,435.404999734601,1,1
1012,sign,22564.158586077,119.04900020454079,282.1790003508795,133.72600005823188,7.656999514438212,1.0440016922075301,543.6550018202979,1,1
1013,sign,22564.186777312,38.4599989047274,103.96300058346242,40.224000258604065,2.573000529082492,0.2849992597475648,185.50499953562394,1,1
1014,sign,22564.211307224,43.83000123198144,153.40299796662293,48.684003559174016,3.1039999157655984,0.4209978214930743,249.44200049503706,1,1
1015,sign,22564.238192447,36.719000490847975,110.4219991248101,35.799999750452116,2.377000782871619,0.667001586407423,185.98500173538923,1,1
1016,sign,22564.265839509,48.58000102103688,123.7579999724403,36.08699989854358,2.8699978429358453,0.366999302059412,211.66199803701602,1,1
1017,sign,22564.290375248,43.7259986938443,121.24199929530732,35.54599970811978,2.491000486770645,0.34299955586902797,203.34799773991108,1,1
1018,sign,22564.314542558,31.34099824819714,106.80800187401474,33.78999826963991,2.36400228459388,0.28299837140366435,174.58599904784933,1,1
1019,sign,22564.338616799,47.52400127472356,115.75299868127331,41.5700014855247,3.64600055036135,0.285999703919515,208.77900169580244,1,1
1020,sign,22564.365160961,51.007002184633166,113.95999899832532,34.55299884080887,2.4140026653185487,0.4619978426489979,202.3960005317349,1,1
1021,sign,22564.392145941,60.996997490292415,122.00800119899213,35.11600152705796,3.102999471593648,0.41399835026822984,221.6379980382044,1,1
1022,sign,22564.418714435,32.72100002504885,96.48500054026954,31.995998142519966,2.0850020518992096,0.3399982233531773,163.62699898309074,1,1
1023,sign,22564.444859018,51.79000072530471,136.98399925488047,35.86299862945452,2.5810004444792867,0.3500026650726795,227.56800171919167,1,1
1024,sign,22564.470817269,62.79700028244406,179.88900071941316,62.20099749043584,4.556000931188464,0.6209993443917483,310.0639987678733,1,1
1025,sign,22564.522770758,83.9079984871205,4.434001311892644,2.9429975256789476,10.626001312630251,1.2519994925241917,103.16299812984653,1,0
1026,sign,22564.567654226,51.15100066177547,2.974000381072983,1.5480000001844019,6.423997547244653,0.6640002538915724,62.76099884416908,1,0
1027,sign,22564.61275718,82.64800271717831,4.174999048700556,2.330998540855944,10.97200220101513,0.9139985195361078,101.04000102728605,1,0
1028,sign,22564.657840059,95.34800119581632,5.570997018367052,3.5860030038747936,11.828997230622917,1.1000010999850929,117.43399954866618,1,0
1029,sign,22564.702715654,61.22100239736028,3.9679980545770377,2.4820001272019,8.19200067780912,0.74800118454732,76.61100244149566,1,0
1030,sign,22564.74770557,71.1739994585514,3.6380006349645555,2.0320003386586905,9.543000487610698,0.7819980964995921,87.16899901628494,1,0
1031,sign,22564.792817117,89.96299948194064,4.999001248506829,2.692999260034412,11.40400127042085,1.014999725157395,110.07400098606013,1,0
1032,sign,22564.821458619,79.21499855001457,231.05000218492933,72.09499744931236,5.300000339047983,0.7140006346162409,388.3739991579205,1,1
1033,sign,22564.846231717,39.62699702242389,112.12600293220021,35.08000008878298,2.7989990485366434,0.4120010999031365,190.04400019184686,1,1
1034,sign,22564.871902349,72.93799717444927,165.03300139447674,39.44800118915737,3.477998689049855,0.486001226818189,281.3829996739514,1,1
1035,sign,22564.897187156,85.95200051786378,256.60599931143224,97.73900092113763,6.4539999584667385,0.8349998097401112,447.5860005186405,1,1
1036,sign,22564.922968229,120.5160006065853,263.21499899495393,102.91299986420199,7.174003258114681,0.9010000212583691,494.71900274511427,1,1
1037,sign,22564.947411505,64.47700070566498,245.7429982314352,98.57400073087774,6.164998922031373,0.8490023901686072,415.8080009801779,1,1
1038,sign,22564.971745599,59.698999393731356,178.12000078265555,109.26400136668235,5.5679993238300085,0.5510009941644967,353.20200186106376,1,1
1039,sign,22564.996281209,67.78699753340334,197.77499983320013,76.5410004532896,5.2200011850800365,0.6640002538915724,347.98699925886467,1,1
1040,sign,22565.047870571,80.647998402128,4.704001185018569,2.706998202484101,10.313000530004501,0.9889990906231105,99.36099741025828,1,0
1041,sign,22565.092873591,88.2600033946801,4.694997187471017,2.8089998522773385,11.703999916790053,1.0080002539325505,108.47600060515106,1,0
1042,sign,22565.137649171,46.73999865190126,2.08700294024311,1.219999830937013,6.66299820295535,0.4079993232153356,57.11799894925207,1,0
1043,sign,22565.142919522,35.90199776226655,117.77400140999816,34.567001421237364,2.4660002964083105,0.28700014809146523,190.99600103800185,1,1
1044,sign,22565.167533466,81.0370002000127,216.650001675589,78.17499863449484,5.344998498912901,0.7230009941849858,381.93000000319444,1,1
1045,sign,22565.194748705,91.70900011667982,304.7680002055131,106.09099990688264,7.3500013968441635,1.0110015864484012,510.9290032123681,1,1
1046,sign,22565.222606911,89.65799861471169,286.25200138776563,179.4199997675605,10.299998393747956,1.2250020517967641,566.8550002155825,1,1
1047,sign,22565.246348959,42.790998122654855,127.2590016014874,37.15999991982244,3.1099989428184927,0.4339999577496201,210.7539985445328,1,1
1048,sign,22565.271613467,48.97599865216762,130.12700219405815,44.07999949762598,3.167999238939956,0.4489993443712592,226.79999892716296,1,1
1049,sign,22565.296492184,84.0700013213791,231.53700021794066,95.78000026522204,6.368998583639041,0.9020004654303193,418.65800085361116,1,1
1050,sign,22565.320582514,89.60600098362193,274.4429984886665,189.5140012493357,9.668001439422369,1.5379991964437068,564.7690013574902,1,1
1051,sign,22565.343596807,95.24900087853894,297.59099925286137,124.18099868227728,7.851002010283992,1.338998117716983,526.2109989416786,1,1
1052,sign,22565.367579812,38.58499985653907,115.07900126161985,41.28100044908933,3.183999069733545,0.2980013960041106,198.4270020329859,1,1
1053,sign,22565.391230658,54.30100281955674,136.30299872602336,31.616000342182815,2.4000000848900527,0.3179993655066937,224.93800133815967,1,1
1054,sign,22565.417926961,113.87700214982033,256.79099780973047,102.53599975840189,7.100999937392771,1.0030016710516065,481.30800132639706,1,1
1055,sign,22565.443208746,65.9769975754898,221.302001591539,94.28699922864325,7.919999916339293,0.9750001481734216,390.4609984601848,1,1
1056,sign,22565.471168808,79.47400081320666,247.03099916223437,104.4590026140213,7.27099904906936,0.9510004019830376,439.1860020405147,1,1
1057,sign,22565.495829955,102.25799996987917,276.2159965641331,98.43700172496028,7.702001312281936,0.890999217517674,485.50399878877215,1,1
1058,sign,22565.519466031,62.33100066310726,139.5129984302912,34.31900040595792,2.763001248240471,0.3799978003371507,239.305998547934,1,1
1059,sign,22565.546918581,106.4569987647701,235.03400007029995,84.6740003908053,6.070000381441787,1.0889998520724475,433.3239994593896,1,1
1060,sign,22565.575988869,103.55300037190318,266.7579974513501,130.71899957139976,7.487000402761623,1.0020012268796563,509.5189990242943,1,1
1061,sign,22565.602675478,94.03500007465482,307.8299996559508,108.3349998225458,7.27299993741326,1.0549993021413684,518.5279987927061,1,1
1062,sign,22565.628169551,60.76899808249436,121.2110000778921,33.48300015204586,2.4270011635962874,0.5030015017837286,218.39300097781233,1,1
1063,sign,22565.652373855,30.93300256296061,88.97599764168262,32.04600216122344,2.1220002963673323,0.3219975042156875,154.3990001664497,1,1
1064,sign,22565.676395776,77.57200000924058,211.87399761402048,85.45700256945565,5.960999260423705,0.7889975677244365,381.65299702086486,1,1
1065,sign,22565.70160139,126.18800246855244,373.8029990927316,151.1980008217506,9.470997611060739,1.1350020940881222,661.7950020881835,1,1
1066,sign,22565.724439662,51.23300070408732,150.42899758554995,54.0550026926212,4.131998139200732,0.4020002961624414,260.25099941762164,1,1
1067,sign,22565.749557251,87.09099711268209,190.8369995362591,45.55500345304608,4.308996722102165,0.7369999366346747,328.5289967607241,1,1
1068,sign,22565.774436701,52.23600237513892,125.17600043793209,41.815997974481434,3.3510004868730903,0.47000139602459967,223.04900267045014,1,1
1069,sign,22565.798256005,44.476000766735524,123.78899918985553,44.68100087251514,3.773999196710065,0.37299832911230624,217.09299835492857,1,1
1070,sign,22565.823588549,79.61200026329607,246.4419994794298,149.94700177339837,9.42199767450802,1.5130026440601796,486.93600183469243,1,1
1071,sign,22565.84783742,75.82200123579241,266.89299920690246,114.09900253056549,8.671999239595607,1.0129988368134946,466.49900104966946,1,1
1072,sign,22565.872113721,89.04099740902893,248.02200277918018,102.75000022375025,7.144997653085738,0.9540017344988883,447.911999799544,1,1
1073,sign,22565.895613369,68.40700007160194,203.94899911480024,79.29899948067032,5.55700171389617,0.6089976523071527,357.8209980332758,1,1
1074,sign,22565.919004799,34.45000038482249,118.31799929495901,32.20899816369638,2.4040018615778536,0.31399758881889284,187.69499729387462,1,1
1075,sign,22565.94307186,52.39899837761186,142.1269989805296,51.78699939278886,3.983001079177484,0.547999661648646,250.84399749175645,1,1
1076,sign,22565.968633593,61.01600229158066,152.4520012026187,55.86699990089983,3.7419995351228863,0.5330002750270069,273.6100032052491,1,1
1077,sign,22565.993345928,71.37599823181517,234.07100161421113,99.99900066759437,6.841000868007541,0.9129980753641576,413.1999994569924,1,1
1078,sign,22566.01658039,75.26099943788722,185.7089991972316,72.71000140463002,5.133999366080388,0.6619993655476719,339.4759987713769,1,1
1079,sign,22566.039636095,51.37500193086453,131.3679968006909,44.71500142244622,3.589000698411837,0.5029978638049215,231.5499987162184,1,1
1080,sign,22566.063488538,60.99200254539028,172.06199845531955,61.75200178404339,4.497000190895051,0.6489972292911261,299.9520002049394,1,1
1081,sign,22566.088214106,90.97099973587319,270.946002274286,103.89700037194416,7.210997864603996,1.0700023267418146,474.09500257344916,1,1
1082,sign,22566.111269703,85.86300100432709,242.67499975394458,125.17899813246913,7.028000254649669,0.9520008461549878,461.69699999154545,1,1
1083,sign,22566.135620795,90.76499918592162,271.8209980230313,137.68300050287507,7.609000022057444,0.8950009942054749,508.7729987280909,1,1
1084,sign,22566.15892262,76.93499719607644,264.4580017658882,104.88599946256727,6.897000275785103,0.7740018190816045,453.9500005193986,1,1
1085,sign,22566.182980532,86.1469998199027,154.69199934159406,38.54399983538315,2.7889982447959483,0.443000317318365,282.6149975589942,1,1
1086,sign,22566.206558286,52.76099909679033,141.2189994880464,53.77400157158263,3.9289989217650145,0.4799985617864877,252.16299763997085,1,1
1087,sign,22566.231622106,94.09400081494823,260.3290013212245,122.92599785723723,7.203001587186009,0.9430004865862429,485.4950020671822,1,1
1088,sign,22566.254982401,148.9790010964498,257.906001934316,125.99599722307175,7.195001671789214,0.8659990271553397,540.9420009527821,1,1
1089,sign,22566.279527951,76.09900058014318,237.358999584103,102.61799980071373,7.303002348635346,0.895997800398618,424.2750001139939,1,1
1090,sign,22566.305205144,46.805002057226375,115.35699741216376,34.50100120971911,2.5810004444792867,0.3360000846441835,199.58000120823272,1,1
1091,sign,22566.329165971,43.32800017436966,110.55199865950271,32.86200080765411,2.8329995984677225,0.32000025385059416,189.8949994938448,1,1
1092,sign,22566.353624057,58.89000021852553,210.34300152678043,69.45199857000262,4.680001438828185,0.6749978638254106,344.03999961796217,1,1
1093,sign,22566.378717261,103.95700155640952,276.69300106936134,152.01699716271833,8.156002877512947,1.0029980330727994,541.8260006990749,1,1
1094,sign,22566.40262654,76.35700239916332,228.51199901197106,130.14800060773268,7.448998076142743,0.9239993232768029,443.3899994182866,1,1
1095,sign,22566.429499136,76.13300113007426,241.4049995422829,101.65699859499,6.985999789321795,0.8550014172215015,427.03600047389045,1,1
1096,sign,22566.454724376,60.35300248186104,134.3059993814677,38.51799920084886,3.1130002753343433,0.37399877328425646,236.6640001127962,1,1
1097,sign,22566.479110818,43.94099960336462,109.15399980149232,33.79700137884356,2.8419999580364674,0.33800097298808396,190.07200171472505,1,1
1098,sign,22566.503915392,117.57500033127144,255.06499878247268,108.10499952640384,7.210001058410853,0.8669994713272899,488.8219991698861,1,1
1099,sign,22566.529611924,95.04099944024347,254.00300000910647,136.0079986625351,7.180002285167575,0.9759969543665648,493.2079973514192,1,1
1100,sign,22566.55413002,52.95900336932391,191.0499995574355,51.91599848330952,3.8239995774347335,0.5510009941644967,300.3000019816682,1,1
1101,sign,22566.578177054,65.87699681404047,145.50300329574384,52.27299698162824,2.7080022846348584,0.3979985194746405,266.75899789552204,1,1
1102,sign,22566.602213717,54.60299871629104,148.32099986961111,41.7949995608069,3.9530023059342057,0.9399991540703923,249.61199960671365,1,1
1103,sign,22566.626682609,61.82600191095844,194.68499885988422,111.03499855380505,5.982001312077045,0.9789982868824154,374.50699892360717,1,1
1104,sign,22566.650606305,80.29500168049708,269.0839974093251,129.30700177093968,7.061000360408798,0.9679970389697701,486.7149982601404,1,1
1105,sign,22566.675780777,121.00700041628443,377.906999347033,167.6520005275961,11.378997442079708,1.5920013538561761,679.5369990868494,1,1
1106,sign,22566.699270537,42.32699939166196,129.81500185560435,48.55799852521159,3.1890012905932963,0.4760004230774939,224.36500148614869,1,1
1107,sign,22566.723108034,68.44300150987692,182.46599938720465,80.8770018920768,4.661997081711888,0.9930008673109114,337.4410007381812,1,1
1108,sign,22566.747640231,67.13600305374712,207.9499972751364,104.27300003357232,6.107002263888717,0.6859991117380559,386.1520017380826,1,1
1109,sign,22566.771680227,100.59800115413964,268.7209998839535,105.25499965297058,7.3739975050557405,0.9260002116207033,482.87399840774015,1,1
1110,sign,22566.794787114,90.21000005304813,277.1860017674044,103.16699990653433,7.089998689480126,0.8960014383774251,478.5490018548444,1,1
1111,sign,22566.819388557,78.82700083428062,241.42400070559233,103.09799836250022,7.171998731791973,0.9390023478772491,431.4600009820424,1,1
1112,sign,22566.84308971,47.36499977298081,144.22700041905046,54.23999755294062,3.440000000409782,0.376003299606964,249.64800104498863,1,1
1113,sign,22566.868781017,51.88199793337844,138.5670002491679,65.49099998665042,4.067998816026375,0.40600207285024226,260.4139990580734,1,1
1114,sign,22566.895287695,56.27100108540617,161.61099847522564,63.75800148816779,4.640001861844212,0.6390000635292381,286.91900297417305,1,1
1115,sign,22566.91920622,78.3019968366716,232.82300026039593,94.524999440182,6.567002856172621,0.9209979907609522,413.1379973841831,1,1
1116,sign,22566.942310999,79.76600318215787,238.3029968768824,95.19300147076137,6.4539999584667385,0.8259994501713663,420.54200093843974,1,1
1117,sign,22566.96662452,52.166000386932865,161.66800196515396,56.818000302882865,4.176999937044457,0.5089968908578157,275.33799948287196,1,1
1118,sign,22566.991014919,51.34800085215829,141.76100012264214,44.838998292107135,3.1150011636782438,0.41900057112798095,241.4820010017138,1,1
1119,sign,22567.016547753,80.49300231505185,198.37499712593853,77.40300134173594,5.598998541245237,0.7510025170631707,362.62100184103474,1,1
1120,sign,22567.041590649,108.44799908227287,267.2459995665122,124.55699834390543,7.58700116421096,1.2939999578520656,509.1319981147535,1,1
1121,sign,22567.066387007,119.90200073341839,341.4720013097394,188.96400069934316,10.316998668713495,1.2080017768312246,661.8630031880457,1,1
1122,sign,22567.091079087,59.11699918215163,155.13800099142827,57.49000047217123,4.300000000512227,0.5080000846646726,276.55300073092803,1,1
1123,sign,22567.118909835,43.19800063967705,252.86799791501835,37.49200186575763,2.6029993023257703,0.31400122679769993,336.4750009495765,1,1
1124,sign,22567.143975817,109.4959989131894,240.18199837883003,96.35199967306107,6.948001100681722,0.9180002962239087,453.89599836198613,1,1
1125,sign,22567.168808494,86.06700066593476,345.4239995335229,166.0250018176157,9.42299811867997,1.5279983927030116,608.4669985284563,1,1
1126,sign,22567.193657317,92.17200204147957,247.8280002833344,131.662000057986,7.069997081998736,0.7220005500130355,479.45400001481175,1,1
1127,sign,22567.218516016,69.08000068506226,176.98299780022353,69.50600072741508,4.913999873679131,0.5399997462518513,321.02299883263186,1,1
1128,sign,22567.242064338,80.45100184972398,207.10600074380636,59.03499913983978,3.670000296551734,0.4849971446674317,350.7469991745893,1,1
1129,sign,22567.282836637,84.86200022161938,2.587999915704131,1.3039971236139536,10.543000826146454,0.3839995770249516,99.68099766410887,1,0
1130,sign,22567.327870983,93.43599958810955,2.901000698329881,1.462998625356704,11.783999070758,0.5850015440955758,110.16899952664971,1,0
1131,sign,22567.372654192,53.102998208487406,1.4070028555579484,0.5439978849608451,6.1870014178566635,0.16199919627979398,61.40299956314266,1,0
1132,sign,22567.405686398,78.89900007285178,245.92599947936833,102.63199874316342,8.006001735338941,0.990999978967011,436.4540000096895,1,1
1133,sign,22567.431458582,111.08599937870167,320.94000198412687,192.445997527102,10.133000614587218,1.6410012904088944,636.2460007949267,1,1
1134,sign,22567.455653661,95.24000051897019,297.259000944905,122.49799692654051,7.60500188334845,0.8749993867240846,523.4769996604882,1,1
1135,sign,22567.481539657,152.30699864332564,444.2829995241482,146.07100092689507,10.072999430121854,1.7499987734481692,754.4839972979389,1,1
1136,sign,22567.505534716,86.8499992066063,198.30599921988323,51.62000161362812,7.167996955104172,0.8910028554964811,344.8349998507183,1,1
1137,sign,22567.53236644,45.74000195134431,132.02999980421737,36.9059998774901,2.8089998522773385,0.3720015229191631,217.85700300824828,1,1
1138,sign,22567.557523402,94.87799979979172,223.47800040734,96.97700079414062,6.870999641250819,0.9309987945016474,423.1349994370248,1,1
1139,sign,22567.582685487,85.24100121576339,287.06900047836825,105.86599819362164,6.7639994085766375,1.3349999790079892,486.2749992753379,1,1
1140,sign,22567.610467852,88.41599992592819,254.1760004532989,103.14500104868785,7.7029981184750795,0.9710020094644278,454.41100155585445,1,1
1141,sign,22567.636388944,62.058999901637435,164.4080002733972,64.79800140368752,6.708996806992218,0.4400026227813214,298.4140010084957,1,1
1142,sign,22567.667440675,58.53300172020681,150.52399976411834,57.975998061010614,4.056000761920586,0.5290021363180131,271.61800244357437,1,1
1143,sign,22567.692610736,91.21299808612093,257.4620011728257,138.110997795593,8.462000550935045,0.957999873207882,496.20599747868255,1,1
1144,sign,22567.716580932,86.8440001795534,249.4000000297092,140.9559990861453,8.999999408842996,0.929001544136554,487.12900024838746,1,1
1145,sign,22567.740182444,73.07700070668943,205.36900046863593,83.57499973499216,6.039001164026558,0.857999111758545,368.91800118610263,1,1
1146,sign,22567.764689751,44.47100218385458,118.26899935840629,38.16399839706719,2.6800007617566735,0.4030007403343916,203.98700144141912,1,1
1147,sign,22567.789153328,46.2179996247869,107.13699884945527,32.56900163250975,2.676999429240823,0.38299913285300136,188.98399866884574,1,1
1148,sign,22567.815451312,100.18100147135556,272.81299844617024,95.02300235908478,6.728998414473608,0.8960014383774251,475.6420021294616,1,1
1149,sign,22567.839694924,78.64599683671258,263.6660028656479,111.49499914608896,7.243997970363125,0.9170034900307655,461.96800030884333,1,1
1150,sign,22567.864539633,92.53300231648609,246.39499679324217,145.8810002077371,8.789000276010484,1.18200114229694,494.7800007357728,1,1
1151,sign,22567.889413038,109.74800170515664,161.7759990040213,50.18299998482689,3.8440011849161237,0.4760004230774939,326.02700230199844,1,1
1152,sign,22567.912636361,65.46700024046004,144.88699889625423,48.39499888475984,3.7890022213105112,0.9449977369513363,263.48299797973596,1,1
1153,sign,22567.936937241,141.0689983458724,340.89300243067555,463.88500049943104,8.963997970568016,1.1320007615722716,955.9430000081193,1,1
1154,sign,22567.960690825,84.46500214631669,273.05599724058993,110.4319999285508,7.17200236977078,0.9649993444327265,476.0900010296609,1,1
1155,sign,22567.983831993,95.72800263413228,280.37099764333107,105.96799984341487,12.331001926213503,1.0469993867445737,495.4450014338363,1,1
1156,sign,22568.008606512,94.68599819228984,260.3720022307243,125.13299952843226,7.496997568523511,0.910000380827114,488.59799790079705,1,1
1157,sign,22568.03375365,36.72599996207282,99.12099994835444,32.290998206008226,2.4180008040275425,0.4339999577496201,170.98999887821265,1,1
1158,sign,22568.058551303,54.33500336948782,114.2089968197979,38.005000533303246,2.6510024326853454,0.4119974619243294,209.61200061719865,1,1
1159,sign,22568.082687956,80.89399852906354,269.8739990592003,144.65900312643498,8.2970000221394,1.1759984772652388,504.89999921410345,1,1
1160,sign,22568.107642848,113.63999874447472,297.12900141021237,134.87400065059774,8.402999810641631,1.0689982445910573,555.1149988605175,1,1
1161,sign,22568.131549137,88.08499842416495,249.99699962791055,101.75700299441814,7.214999641291797,0.9289979061577469,447.9829985939432,1,1
1162,sign,22568.155334929,76.1379997129552,233.84900123346597,87.98999988357536,6.07099718763493,0.7390008249785751,404.78699884261005,1,1
1163,sign,22568.178507869,49.79900040780194,131.48399739293382,44.83100201468915,3.535998985171318,0.47299909056164324,230.12299789115787,1,1
1164,sign,22568.227815358,90.71000022231601,2.7850001060869545,1.6499980119988322,11.164000170538202,0.35199991543777287,106.66099842637777,1,0
1165,sign,22568.272933064,105.39499999140389,3.1269992177840322,1.4590004866477102,10.870000551221892,0.5260008038021624,121.37700105085969,1,0
1166,sign,22568.317726475,57.82699736300856,1.1030024325009435,0.5500005499925464,6.603997462661937,0.16000194591470063,66.24399975407869,1,0
1167,sign,22568.33897148,106.05400166241452,234.48899810318835,79.20500138425268,5.769998097093776,0.7300004654098302,426.24799971235916,1,1
1168,sign,22568.364319407,66.58200072706677,203.12099877628498,76.067000918556,5.080000846646726,0.6589980330318213,351.5089993015863,1,1
1169,sign,22568.387630808,55.933000112418085,149.05699936207384,51.20499918120913,3.8819998735561967,0.872001692187041,260.9490002214443,1,1
1170,sign,22568.412872268,74.65399903594516,247.26600167923607,89.90000060293823,6.332000339170918,0.6539994501508772,418.80600110744126,1,1
1171,sign,22568.436454115,49.48100104229525,122.39599891472608,38.776001019869,2.974000381072983,0.3850000211969018,214.0120013791602,1,1
1172,sign,22568.459920355,48.94499943475239,127.43300248985179,38.3810001949314,2.8079994081053883,0.4440007614903152,218.01100228913128,1,1
1173,sign,22568.485035926,80.82999920588918,248.38799799908884,103.4600027196575,7.202997949207202,1.248001353815198,441.1289992276579,1,1
1174,sign,22568.50874791,101.98800009675324,304.1769996343646,105.90500096441247,7.285998435690999,1.1750016710720956,520.5310008022934,1,1
1175,sign,22568.531728558,94.18900299351662,261.02099946001545,107.33700037235394,6.9309971877373755,0.8230017556343228,470.3010017692577,1,1
1176,sign,22568.555628109,71.65900024119765,205.42200218187645,79.47999984025955,6.307996955001727,0.7660019036848098,363.6350011220202,1,1
1177,sign,22568.578741782,52.50600224826485,101.01199950440787,31.546998798148707,2.445001882733777,0.3069981175940484,187.81700055114925,1,1
1178,sign,22568.632844189,89.31200136430562,2.916996891144663,1.5980003809090704,11.023003025911748,0.628999259788543,105.47900092205964,1,0
1179,sign,22568.677822865,85.25800149072893,2.2429994714912027,1.1810006981249899,8.776998583925888,0.5020010576117784,97.96100130188279,1,0
1180,sign,22568.722730313,63.3529998594895,2.0710031094495207,0.9059986041393131,7.976999768288806,0.3400018613319844,74.64700320269912,1,0
1181,sign,22568.767908272,112.79300088062882,3.1509989639744163,1.5710029401816428,12.453998351702467,0.6599984772037715,130.62899961369112,1,0
1182,sign,22568.812841137,87.01199840288609,3.049000952159986,1.505999534856528,10.847001249203458,0.452997483080253,102.86699762218632,1,0
1183,sign,22568.857565902,43.01499939174391,0.8820024959277362,0.4579997039400041,5.123998562339693,0.15600016922689974,49.63500032317825,1,0
1184,sign,22568.903079426,191.2279985845089,9.369003237225115,4.885998350800946,26.370998966740444,1.6779995348770171,233.53199867415242,1,0
1185,sign,22568.947951773,108.45599899766967,2.8750000637955964,1.4790020941291004,11.498999811010435,0.6880000000819564,124.99700096668676,1,0
1186,sign,22568.992615999,55.846001487225294,1.3569988368544728,0.6400005077011883,6.398000550689176,0.19199796952307224,64.4329993519932,1,0
1187,sign,22569.037983978,106.46000009728596,2.5519984774291515,1.3890021364204586,9.6180010586977,0.44199987314641476,120.46100164297968,1,0
1188,sign,22569.082999874,138.94899893784896,3.998000465799123,1.9660001271404326,14.162000297801569,0.6810005288571119,159.7560003574472,1,0
1189,sign,22569.127781607,77.98400110914372,1.896998583106324,0.6779991963412613,7.175000064307824,0.21700179786421359,87.95100075076334,1,0
1190,sign,22569.172968175,113.57499897712842,3.273999027442187,1.8900027498602867,11.05499904952012,0.6129994289949536,130.40699923294596,1,0
1191,sign,22569.217818035,99.46600039256737,2.9850016289856285,1.4239994925446808,11.495001672301441,0.47699722927063704,115.84700041566975,1,0
1192,sign,22569.262682391,60.3340013185516,1.8619975890032947,0.8520000847056508,7.523001841036603,0.3589993866626173,70.93000021995977,1,0
1193,sign,22569.307825694,81.56300100381486,2.8229987947270274,1.2060008884873241,10.079998901346698,0.4070025170221925,96.0790021053981,1,0
1194,sign,22569.353023791,125.02499885158613,3.1269992177840322,1.6470003174617887,11.296000593574718,0.49499794840812683,141.5899969288148,1,0
1195,sign,22569.397696841,71.94800127763301,2.357999619562179,0.9920004231389612,9.056999260792509,0.4120010999031365,84.7670016810298,1,0
1196,sign,22569.442820468,89.96899850899354,3.1130002753343433,1.5289988368749619,11.52800177806057,0.4789981176145375,106.61799751687795,1,0
1197,sign,22569.487931347,116.44299956969917,3.5369994293432683,1.7189995560329407,12.484000762924552,0.7560010999441147,134.93900041794404,1,0
1198,sign,22569.532728246,63.45600195345469,1.9559993233997375,0.8019997039809823,6.411999493138865,0.3130007826257497,72.93900125660002,1,0
1199,sign,22569.577641591,51.32099977345206,1.3760000001639128,0.6330010364763439,6.242000381462276,0.21599771571345627,59.78799890726805,1,0
1200,sign,22569.622658296,46.90000059781596,1.0749972716439515,0.5060028342995793,5.415997293312103,0.20700099412351847,54.10399899119511,1,0
1201,sign,22569.667958002,132.89500202517956,3.534998540999368,1.6269987099803984,12.637003237614408,0.633997842669487,151.32800035644323,1,0
1202,sign,22569.712839061,102.72399958921596,3.1989984563551843,1.5309997252188623,11.636002454906702,0.4299981810618192,119.51999840675853,1,0
1203,sign,22569.757679152,64.59200085373595,2.4759974621701986,1.1789998097810894,10.449002729728818,0.39699807530269027,79.09299893071875,1,0
1204,sign,22569.802791176,66.6900014039129,2.1169980755075812,0.8130009518936276,7.868999091442674,0.2439992385916412,77.73299876134843,1,0
1205,sign,22569.847860839,92.93499897466972,2.6850029826164246,1.3849967217538506,11.09400182031095,0.43700129026547074,108.53600178961642,1,0
1206,sign,22569.89276376,54.524000006495044,1.4420002116821706,0.4800021997652948,5.482997949002311,0.1590015017427504,62.08800186868757,1,0
1207,sign,22569.937972377,175.13100101496093,3.097000444540754,1.3999997463542968,9.977997251553461,0.5330002750270069,190.13899873243645,1,0
1208,sign,22569.982779344,90.20899960887618,2.8859976737294346,1.3140015653334558,9.663999662734568,0.4799985617864877,104.55299707246013,1,0
1209,sign,22570.027610505,46.608998673036695,0.9900031727738678,0.4339999577496201,5.803998647024855,0.1590015017427504,53.99600195232779,1,0
1210,sign,22570.072841959,104.89199848962016,2.9379989427980036,1.5830009942874312,10.64100069925189,0.5840010999236256,120.63800022588111,1,0
1211,sign,22570.117935454,108.22100011864677,3.0230003176257014,1.4920005924068391,10.997999197570607,0.5199981387704611,124.25399836502038,1,0
1212,sign,22570.162747987,52.0370012964122,1.4479992387350649,0.6019981810823083,7.590002496726811,0.1989974407479167,61.8759986537043,1,0
1213,sign,22570.207801143,79.34400127851404,3.1460003810934722,1.4049983292352408,4.188001184957102,0.4020002961624414,88.4850014699623,0,0
1214,sign,22570.25286101,0.9929972293321043,2.430999302305281,1.1020019883289933,1.1939991964027286,0.40500162867829204,6.124999345047399,0,0
1215,sign,22570.297665918,0.5360016075428575,0.7749986252747476,0.33400283427909017,0.33699689083732665,0.08500137482769787,2.06700133276172,0,0
1216,sign,22570.342885295,1.134001649916172,2.74099875241518,1.2300006346777081,1.077001797966659,0.3749992174562067,6.557002052431926,0,0
1217,sign,22570.387924291,1.1929987522307783,2.5520021154079586,1.0759977158159018,1.1270021786913276,0.34999902709387243,6.297999789239839,0,0
1218,sign,22570.432632927,0.5889996828045696,0.7609996828250587,0.35600169212557375,0.2950000634882599,0.10899748303927481,2.109998604282737,0,0
1219,sign,22570.47785036,1.0740004654508084,2.0699990272987634,1.0660005500540137,0.8900024113245308,0.34999902709387243,5.450001481221989,0,0
1220,sign,22570.522750007,0.8899987733457237,2.488002792233601,1.0129988368134946,0.8429997251369059,0.35099947126582265,5.584999598795548,0,0
1221,sign,22570.567616967,0.9799987310543656,0.9020004654303193,0.35600169212557375,0.36900019040331244,0.09299765224568546,2.6999987312592566,0,0
1222,sign,22570.612835814,0.957999873207882,2.362998202443123,0.9989998943638057,0.9590003173798323,0.2910019247792661,5.570000212173909,0,0
1223,sign,22570.657853465,1.0730000212788582,2.6609995984472334,1.1310003174003214,1.3079989003017545,0.3770001058001071,6.549998943228275,0,0
1224,sign,22570.702768114,1.390999386785552,0.9390023478772491,0.371997884940356,0.29600050766021013,0.0770014594309032,3.0750015866942704,0,0
1225,sign,22570.747815393,0.9560026228427887,2.454999048495665,1.0209987522102892,1.1030024325009435,0.35499760997481644,5.890000466024503,0,0
1226,sign,22570.793084399,1.3560020306613296,2.9459988581947982,1.119999069487676,1.0570001904852688,0.42800093069672585,6.907001079525799,0,0
1227,sign,22570.838057183,2.1280029613990337,0.8520000847056508,0.3569984983187169,0.36100027500651777,0.14299803297035396,3.840999852400273,0,0
1228,sign,22570.882732281,0.8850001904647797,1.520002115285024,0.7089984137564898,0.6609989213757217,0.17400088836438954,3.9490005292464048,0,0
1229,sign,22570.927838671,0.8819988579489291,2.474000211805105,1.072003215085715,1.1079973774030805,0.3090026439167559,5.845002306159586,0,0
1230,sign,22570.972568904,0.443000317318365,0.7630005711689591,0.3720015229191631,0.3069981175940484,0.09400173439644277,1.9790022633969784,0,0
1231,sign,22571.017883645,1.6230005712714046,2.302000211784616,1.0609983291942626,1.172000338556245,0.28800059226341546,6.446000043069944,0,0
1232,sign,22571.062944428,1.0210023901890963,2.4839973775669932,0.9940013114828616,1.0889998520724475,0.2720007614698261,5.860001692781225,0,0
1233,sign,22571.107632406,0.4629982868209481,0.7990020094439387,0.34599725040607154,0.3349996404722333,0.1090011210180819,2.0519983081612736,0,0
1234,sign,22571.152769387,1.009997504297644,1.987002178793773,0.814998202258721,0.8410024747718126,0.2399974619038403,4.892997822025791,0,0
1235,sign,22571.197646332,1.514999894425273,0.8150018402375281,0.30999945010989904,0.31400122679769993,0.10899748303927481,3.062999894609675,0,0
1236,sign,22571.242620564,0.8610004442743957,0.7109993021003902,0.2989982021972537,0.2670021785888821,0.11799784260801971,2.2559979697689414,0,0
1237,sign,22571.287898526,1.1730007827281952,2.6099987735506147,1.1740012269001454,0.9920004231389612,0.3899986040778458,6.338999810395762,0,0
1238,sign,22571.332816867,1.067997800419107,2.297001628903672,1.0170006135012954,0.9819996193982661,0.32800016924738884,5.6919998314697295,0,0
1239,sign,22571.377680537,0.5830006557516754,0.9499999578110874,0.467000063508749,0.3399982233531773,0.1180014805868268,2.458000381011516,0,0
1240,sign,22571.422815981,1.4430006558541209,2.4809996830299497,1.1379997886251658,1.0929979907814413,0.4260000423528254,6.580998160643503,0,0
1241,sign,22571.467944534,1.3040007615927607,2.454999048495665,1.1589982022996992,1.010001142276451,0.3400018613319844,6.2680010159965605,0,0
1242,sign,22571.512625555,0.6730006134603173,0.7840026228222996,0.3249988367315382,0.3159984771627933,0.1090011210180819,2.20700167119503,0,0
1243,sign,22571.557754497,0.9020004654303193,2.382999809924513,0.9430004865862429,1.0250005288980901,0.29699731385335326,5.549998604692519,0,0
1244,sign,22571.602851447,1.2040000001434237,2.7339992811903358,1.1449992598500103,1.1330012057442218,0.3069981175940484,6.52299786452204,0,0
1245,sign,22571.647604243,0.6299997039604932,0.757998350309208,0.26500129024498165,0.31899980967864394,0.1180014805868268,2.0900006347801536,0,0
1246,sign,22571.692920356,1.1510019248817116,2.3419997887685895,1.0759977158159018,1.0680014383979142,0.3040004230570048,5.941001290921122,0,0
1247,sign,22571.737883414,1.2970012903679162,2.3989996407181025,1.0219991963822395,1.0609983291942626,0.33300239010713995,6.112000846769661,0,0
1248,sign,22571.782608358,0.8239985618274659,0.9300019883085042,0.3989989636465907,0.4249995981808752,0.10800067684613168,2.6859997888095677,0,0
1249,sign,22571.827784058,1.0589974408503622,2.092001523124054,0.971998815657571,0.9070026862900704,0.30099909054115415,5.330999556463212,0,0
1250,sign,22571.872906832,1.5430014173034579,3.5339980968274176,1.906002580653876,1.4599972928408533,0.48800211516208947,8.931001502787694,0,0
1251,sign,22571.917690147,0.700001692166552,1.1209995136596262,0.4120010999031365,0.5750007403548807,0.12099917512387037,2.9290022212080657,0,0
1252,sign,22571.962909434,1.2279997463338077,2.5849985831882805,1.02400008472614,1.082000380847603,0.2899978426285088,6.20899663772434,0,0
1253,sign,22572.00763383,1.5690020518377423,1.652999344514683,0.6810005288571119,1.14399881567806,0.2500019036233425,5.29700264451094,0,0
1254,sign,22572.052815238,1.0270014172419906,2.038999809883535,1.1129995982628316,1.019998308038339,0.2630004019010812,5.461999535327777,0,0
1255,sign,22572.097955951,1.0160001693293452,2.4219989427365363,1.2040000001434237,1.2599994079209864,0.42399915400892496,6.3259976741392165,0,0
1256,sign,22572.142883162,1.0799994925037026,2.8140020731370896,1.2849995982833207,1.257998519577086,0.4040011845063418,6.841000868007541,0,0
1257,sign,22572.187683957,0.9610012057237327,0.7779999577905983,0.3040004230570048,0.386000465368852,0.08799906936474144,2.5170011213049293,0,0
1258,sign,22572.23285122,1.3469980331137776,2.5430017558392137,1.1459997040219605,1.1170013749506325,0.3040004230570048,6.457001290982589,0,0
1259,sign,22572.277821427,1.381999027216807,2.240001776954159,0.957999873207882,1.0730000212788582,0.2769993443507701,5.9300000430084765,0,0
1260,sign,22572.322662328,0.705000275047496,1.8470018403604627,0.7269991328939795,0.7300004654098302,0.25099870981648564,4.260000423528254,0,0
1261,sign,22572.367908718,1.0680014383979142,2.406999556114897,1.0949988791253418,1.4130018826108426,0.4619978426489979,6.444999598897994,0,0
1262,sign,22572.412826265,1.0519979696255177,2.5890003598760813,1.191001501865685,1.157997758127749,0.33400283427909017,6.324000423774123,0,0
1263,sign,22572.457673008,0.5809997674077749,0.8620008884463459,0.4159992386121303,0.42399915400892496,0.13899989426136017,2.4219989427365363,0,0
1264,sign,22572.503093995,1.7029997252393514,3.9039987314026803,1.9069993868470192,1.6550002328585833,0.538002495886758,9.707000572234392,0,0
1265,sign,22572.547673245,0.7150010787881911,0.8049973985180259,0.3300010575912893,0.3179993655066937,0.08999995770864189,2.257998858112842,0,0
1266,sign,22572.592683895,0.805001036496833,1.582000550115481,0.7189992174971849,0.6070004019420594,0.18799983081407845,3.9010010368656367,0,0
1267,sign,22572.63787395,1.053002051776275,2.6329980755690485,1.1250012903474271,0.9469986252952367,0.41000021155923605,6.1680002545472234,0,0
1268,sign,22572.683053622,1.4529978216160089,2.887001755880192,1.239000994246453,1.0049989214166999,0.44199987314641476,7.0259993663057685,0,0
1269,sign,22572.727672831,0.6070004019420594,1.234002411365509,0.4659996193367988,0.42399915400892496,0.18300124793313444,2.9140028345864266,0,0
1270,sign,22572.772876065,1.5540026652161032,2.476997906342149,1.0370022209826857,1.1329975677654147,0.3300010575912893,6.531001417897642,0,0
1271,sign,22572.817887023,0.9989998943638057,1.8499995348975062,0.8269998943433166,0.8060014806687832,0.27900023269467056,4.761001036968082,0,0
1272,sign,22572.862747584,0.8589995559304953,1.934000465553254,0.8140013960655779,0.657997588859871,0.2849992597475648,4.549998266156763,0,0
1273,sign,22572.907992451,1.1839983926620334,3.117002052022144,1.1669981176964939,1.1420015653129667,0.3589993866626173,6.9689995143562555,0,0
1274,sign,22572.952918253,1.5710029401816428,2.543998562032357,0.9750001481734216,0.9850009519141167,0.37399877328425646,6.4490013755857944,0,0
1275,sign,22572.997800077,0.9360010153613985,2.300999767612666,0.8710012480150908,0.9779978427104652,0.33300239010713995,5.41900226380676,0,0
1276,sign,22573.042850561,1.2620002962648869,2.315999154234305,1.1170013749506325,1.2800010154023767,0.3399982233531773,6.315000064205378,0,0
1277,sign,22573.087593712,0.9249997674487531,0.8870010788086802,0.3489985829219222,0.3940003807656467,0.1090011210180819,2.664000930963084,0,0
1278,sign,22573.132832758,1.2210002751089633,2.7520000003278255,1.1359989002812654,1.2599994079209864,0.31099989428184927,6.67999847792089,0,0
1279,sign,22573.17787692,1.0350013326387852,2.3379980120807886,1.0020012268796563,1.058000634657219,0.28800059226341546,5.721001798519865,0,0
1280,sign,22573.222662835,0.8140013960655779,1.095999323297292,0.4539979272522032,0.4160028765909374,0.12099917512387037,2.901000698329881,0,0
1281,sign,22573.2678602,1.033997250488028,2.4600012693554163,1.1080010153818876,1.0369985830038786,0.25600093067623675,5.894999048905447,0,0
1282,sign,22573.312831541,0.9850009519141167,2.5999979698099196,1.1600022844504565,0.9449977369513363,0.381001882487908,6.071000825613737,0,0
1283,sign,22573.357668387,0.5559995770454407,0.7809976523276418,0.3310015017632395,0.3720015229191631,0.10199801181443036,2.1419982658699155,0,0
1284,sign,22573.403074571,1.5519981388933957,4.1570019675418735,1.6070007404778153,1.4309989637695253,0.5010006134398282,9.248000424122438,0,0
1285,sign,22573.447910645,1.0699986887630075,2.8709982871077955,1.1750016710720956,1.1310003174003214,0.3770001058001071,6.623999070143327,0,0
1286,sign,22573.492618607,0.9180002962239087,1.0129988368134946,0.34099866752512753,0.3850000211969018,0.13700264389626682,2.7940004656556994,0,0
1287,sign,22573.537979214,0.9569994290359318,2.3619977582711726,0.9870018402580172,0.9399991540703923,0.3259992809034884,5.571997462539002,0,0
1288,sign,22573.582839156,0.8970018825493753,2.3139982658904046,1.0600015230011195,1.0170006135012954,0.25999906938523054,5.548001354327425,0,0
1289,sign,22573.627625853,0.5900001269765198,0.7349990482907742,0.35099947126582265,0.31099989428184927,0.100000761449337,2.086999302264303,0,0
1290,sign,22573.672847928,1.0740004654508084,2.292999852215871,1.1209995136596262,0.8390015864279121,0.34199911169707775,5.669000529451296,0,0
1291,sign,22573.717815863,0.8799979696050286,2.411001332802698,1.0830008250195533,1.1419979273341596,0.3900022420566529,5.9060002968180925,0,0
1292,sign,22573.762645267,0.5490001058205962,0.8059978426899761,0.3660024958662689,0.35199991543777287,0.10700023267418146,2.1800005924887955,0,0
1293,sign,22573.807865313,1.3130011211615056,2.8079994081053883,1.0889998520724475,1.0740004654508084,0.3839995770249516,6.668000423815101,0,0
1294,sign,22573.85280811,1.7929996829479933,2.120999852195382,0.8360002539120615,0.9359973773825914,0.23500251700170338,5.920999683439732,0,0
1295,sign,22573.897644233,0.5460024112835526,0.8089991752058268,0.362000719178468,0.3029999788850546,0.11600059224292636,2.1360028767958283,0,0
1296,sign,22573.94295819,1.1299998732283711,2.664000930963084,1.0599978850223124,1.1219999578315765,0.28400245355442166,6.260001100599766,0,0
1297,sign,22573.987899628,0.8660026651341468,2.6189991331193596,1.062999217538163,1.1550000635907054,0.35600169212557375,6.059002771507949,0,0
1298,sign,22574.032647239,0.5639994924422354,0.8079987310338765,0.357002136297524,0.34099866752512753,0.09100040188059211,2.1609994291793555,0,0
1299,sign,22574.077798248,1.3919998309575021,2.18700006371364,1.020001946017146,1.119999069487676,0.23399843485094607,5.95299934502691,0,0
1300,sign,22574.123337933,1.1429983715061098,2.8940012271050364,1.062999217538163,1.1680021998472512,0.4249995981808752,6.693000614177436,0,0
1301,sign,22574.167766389,0.6689988367725164,0.9780014806892723,0.43199906940571964,0.4350004019215703,0.15600016922689974,2.6699999580159783,0,0
1302,sign,22574.212901133,1.058000634657219,2.6620000426191837,1.1980009730905294,1.14399881567806,0.2730012056417763,6.3350016716867685,0,0
1303,sign,22574.257914989,1.1650008673314005,2.8319991542957723,1.2259988579899073,1.152999175246805,0.3070017555728555,6.6829998104367405,0,0
1304,sign,22574.30270252,0.7939997885841876,1.0410003596916795,0.4489993443712592,0.28400245355442166,0.16400008462369442,2.7320020308252424,0,0
1305,sign,22574.347935099,1.2130003597121686,2.6430025172885507,1.1070005712099373,1.2799973774235696,0.31899980967864394,6.56200063531287,0,0
1306,sign,22574.392859161,1.0640032996889204,2.887998562073335,1.2279997463338077,1.14399881567806,0.29200236895121634,6.6160027927253395,0,0
1307,sign,22574.437718359,0.5580004653893411,0.6939990271348506,0.31099989428184927,0.3300010575912893,0.10599978850223124,1.9990002328995615,0,0
1308,sign,22574.482858864,1.2499986041802913,2.4270011635962874,1.0759977158159018,1.0700023267418146,0.28399881557561457,6.10699862590991,0,0
1309,sign,22574.528065705,1.6590020095463842,4.165998689131811,1.7740021576173604,1.57699832925573,0.628999259788543,9.805000445339829,0,0
1310,sign,22574.572643658,0.5559995770454407,0.8189999789465219,0.41100065573118627,0.34999902709387243,0.10499934433028102,2.2409985831473023,0,0
1311,sign,22574.617823901,1.043998054228723,2.5420013116672635,1.0939984349533916,1.1210031516384333,0.3889981599058956,6.189999112393707,0,0
1312,sign,22574.662841635,1.4079996617510915,2.507000317564234,1.071999577106908,1.1789998097810894,0.36500205169431865,6.531001417897642,0,0
1313,sign,22574.707614955,0.5849979061167687,0.74800118454732,0.2749984560068697,0.3320019459351897,0.08899951353669167,2.02899900614284,0,0
1314,sign,22574.75296694,1.1590018402785063,2.4750006559770554,1.0569965525064617,0.8570023055654019,0.33700052881613374,5.885001883143559,0,0
1315,sign,22574.79788129,1.1800002539530396,2.8340000426396728,1.2640011846087873,1.3270000636111945,0.4129979060962796,7.017999450908974,0,0
1316,sign,22574.842682177,0.6459995347540826,1.1640004231594503,0.49499794840812683,0.505002390127629,0.1849984982982278,2.9949987947475165,0,0
1317,sign,22574.887975512,1.1090014595538378,2.720000338740647,1.1569973139557987,1.0969997674692422,0.443000317318365,6.5259991970378906,0,0
1318,sign,22574.932971146,1.7210004443768412,2.729997504502535,1.1880001693498343,1.1129995982628316,0.37800054997205734,7.129998266464099,0,0
1319,sign,22574.977610202,0.8399983926210552,0.8429997251369059,0.35199991543777287,0.37400241126306355,0.12999953469261527,2.538999979151413,0,0
1320,sign,22575.022850234,1.357999281026423,2.893000782933086,1.1250012903474271,1.1699994502123445,0.41100065573118627,6.957001460250467,0,0
1321,sign,22575.067891775,1.0879994079004973,2.7850001060869545,1.0269977792631835,0.9970026439987123,0.30999945010989904,6.206999387359247,0,0
1322,sign,22575.112993903,1.5229998098220676,1.095999323297292,0.5080000846646726,0.48199945013038814,0.1550033630337566,3.764002030948177,0,0
1323,sign,22575.157877272,1.5600016922689974,2.610999217722565,1.3700009731110185,1.095999323297292,0.35099947126582265,6.9880006776656955,0,0
1324,sign,22575.202856245,1.205000444315374,2.5039989850483835,1.1470001481939107,1.0730000212788582,0.2950000634882599,6.223999662324786,0,0
1325,sign,22575.24773897,0.6350019248202443,1.0949988791253418,0.5069996404927224,0.46900095185264945,0.13399767340160906,2.839999069692567,0,0
1326,sign,22575.292855652,1.2360032997094095,2.254997525596991,1.148000592365861,1.0000003385357559,0.31400122679769993,5.953002983005717,0,0
1327,sign,22575.337862047,1.5260011423379183,2.30599835049361,1.2310010788496584,1.1789998097810894,0.3349996404722333,6.577000021934509,0,0
1328,sign,22575.38261542,0.5229994712863117,1.0350013326387852,0.4440007614903152,0.4299981810618192,0.1219996192958206,2.553999365773052,0,0
1329,sign,22575.427827197,1.0110015864484012,2.381999365752563,1.2710006558336318,1.0069998097606003,0.3029999788850546,5.974001396680251,0,0
1330,sign,22575.472757443,0.9649993444327265,1.9180006347596645,0.9879986464511603,0.9180002962239087,0.2710003172978759,5.059999239165336,0,0
1331,sign,22575.517868088,1.138996594818309,2.625001798151061,1.1550000635907054,1.02400008472614,0.3800014383159578,6.322999979602173,0,0
1332,sign,22575.56287084,1.45800004247576,2.564000169513747,1.3110002328176051,1.1209995136596262,0.3579989424906671,6.811998900957406,0,0
1333,sign,22575.607865672,0.9510004019830376,2.4190012481994927,1.2060008884873241,1.2419986887834966,0.37000063457526267,6.188001862028614,0,0
1334,sign,22575.65292383,1.0830008250195533,1.2759992387145758,0.7620001269970089,0.7160015229601413,0.17400088836438954,4.011002602055669,0,0
1335,sign,22575.697865507,1.0699986887630075,2.354998287046328,1.1880001693498343,1.1350020940881222,0.2679989847820252,6.0159982240293175,0,0
1336,sign,22575.742698866,0.7349990482907742,1.3479984772857279,0.7090020517352968,0.6740010576322675,0.185998942470178,3.6519995774142444,0,0
1337,sign,22575.787849961,1.2809978215955198,3.026001650141552,1.491000148234889,1.3600001693703234,0.3839995770249516,7.541999366367236,0,0
1338,sign,22575.83286109,1.1949996405746788,2.2080021153669804,1.0599978850223124,0.9770010365173221,0.26999987312592566,5.710000550607219,0,0
1339,sign,22575.868325636,1.5480000001844019,2.635002601891756,1.3159988156985492,64.24299863283522,0.42800093069672585,70.17000098130666,1,1
1340,sign,22575.892263572,44.45999729796313,114.10600200179033,35.80799966584891,2.764001692412421,0.4399989848025143,197.5779996428173,1,1
1341,sign,22575.937939202,170.31100287567824,5.234000127529725,3.2999996619764715,12.590000551426783,1.167998561868444,192.60300177847967,1,0
1342,sign,22575.982799017,92.07199764205143,4.974001058144495,2.655000571394339,12.04399814014323,1.2750024325214326,113.01999984425493,1,0
1343,sign,22576.027730519,54.316999012371525,2.1460000425577164,1.2600030458997935,6.812999345129356,0.35999983083456755,64.89600127679296,1,0
1344,sign,22576.072715432,77.3129977460485,4.269000783096999,2.3520005925092846,9.897998097585514,0.8360002539120615,94.66799747315235,1,0
1345,sign,22576.117768627,90.1260027603712,4.485998942982405,3.1810013751965016,11.960997653659433,0.9790019248612225,110.73300265707076,1,0
1346,sign,22576.162651513,54.058000387158245,2.8429967642296106,1.2830023479182273,7.274000381585211,0.4749999789055437,65.93299985979684,1,0
1347,sign,22576.207826067,88.95599967218004,4.481000360101461,3.102999471593648,11.815001926152036,1.101001544157043,109.45600297418423,1,0
1348,sign,22576.252735464,100.54700032924302,5.412999598775059,2.730001142481342,12.968997907591984,1.0889998520724475,122.74799883016385,1,0
1349,sign,22576.289165762,49.71000089426525,121.2050010508392,40.43700027978048,2.862998371711001,0.3540008037816733,214.5690014003776,1,1
1350,sign,22576.317622285,54.69499956234358,149.2489973315969,56.158001825679094,4.052999429404736,0.772000930737704,264.926999079762,1,1
1351,sign,22576.348115374,75.2990017645061,242.22699721576646,99.09000073093921,6.4730011217761785,0.838997948449105,423.92799878143705,1,1
1352,sign,22576.374440859,74.69599950127304,255.79900102457032,110.05600026692264,7.146998541429639,0.8830029400996864,448.5810022742953,1,1
1353,sign,22576.405294072,95.66600056132302,271.77599986316636,107.64399848994799,8.220002200687304,0.9879986464511603,484.29399976157583,1,1
1354,sign,22576.432454707,59.162000979995355,123.00999878789298,33.64300209796056,2.9719994927290827,0.2349988790228963,219.02200023760088,1,1
1355,sign,22576.477735944,84.91999687976204,4.694000381277874,2.6030029403045774,10.337000276194885,1.048996637109667,103.60299711464904,1,0
1356,sign,22576.522813799,93.83499855175614,5.152000085217878,2.6669986255001277,11.50800017057918,1.0309995559509844,114.19299698900431,1,0
1357,sign,22576.56772769,52.35400021774694,2.707001840462908,1.3450007827486843,6.8019980972167104,0.4889989213552326,63.69699985953048,1,0
1358,sign,22576.597260818,89.23499990487471,248.4379983798135,100.75200043502264,7.01200042385608,0.9379982657264918,446.3749974092934,1,1
1359,sign,22576.622428849,103.5129971569404,246.19200121378526,102.5140009005554,7.6930009527131915,0.9479990694671869,460.85999929346144,1,1
1360,sign,22576.646319571,92.75800039176829,284.89300166256726,155.7159994263202,9.015999239636585,1.2540003808680922,543.6370011011604,1,1
1361,sign,22576.670310033,67.21399768139236,205.7269994111266,84.5380018290598,5.981000867905095,0.7589987944811583,364.218998583965,1,1
1362,sign,22576.693922704,46.213001041905954,138.57399972039275,35.642999137053266,2.8280010155867785,0.3339991963002831,223.59200011123903,1,1
1363,sign,22576.728985462,126.6430008399766,259.8040009615943,104.60399789735675,6.815000233473256,0.9479990694671869,498.81399900186807,1,1
1364,sign,22576.761082825,94.675000582356,259.1379998193588,104.39600009704009,7.501999789383262,1.0090006981045008,466.72000098624267,1,1
1365,sign,22576.788589487,89.88799891085364,251.46400002995506,126.90400035353377,7.521000952692702,0.9789982868824154,476.7559985339176,1,1
1366,sign,22576.814451701,47.34399772132747,120.41800073347986,38.316000427585095,3.111999831162393,0.32900061341933906,209.51899932697415,1,1
1367,sign,22576.839376394,93.991999165155,276.8359991023317,182.13400107924826,17.146001482615247,2.511998900445178,572.6199997297954,1,1
1368,sign,22576.864954745,122.64700126252137,261.32499988307245,101.97799929301254,7.0499991124961525,0.8780007192399353,493.87800027034245,1,1
1369,sign,22576.892248506,79.03900041128509,233.6329998797737,94.88300202065147,6.346999725792557,0.8619972504675388,414.76399928797036,1,1
1370,sign,22576.919228802,90.36200208356604,258.482999925036,104.32699855300598,7.1260001277551055,0.8390015864279121,461.137002275791,1,1
1371,sign,22576.944880505,30.464998417301103,107.59900033008307,34.44499816396274,2.420001692371443,0.24299879441969097,175.17199739813805,1,1
1372,sign,22576.968974398,103.09599747415632,215.03600146388635,63.096998928813264,5.410001904238015,0.5109977792017162,387.14999755029567,1,1
1373,sign,22576.993723555,76.16100265295245,271.33399999001995,110.57899973820895,6.881000444991514,0.8859969966579229,465.8409998228308,1,1
1374,sign,22577.01873516,103.09099889127538,277.02300212695263,116.7089976661373,7.143000402720645,1.0030016710516065,504.96900075813755,1,1
1375,sign,22577.044305177,88.20899893180467,249.24700119299814,105.00299686100334,7.03100158716552,0.9409995982423425,450.430998171214,1,1
1376,sign,22577.071091716,111.65199975948781,180.5909996619448,39.8680022044573,3.1859999580774456,0.39699807530269027,335.69399965927005,1,1
1377,sign,22577.094696071,61.17300290497951,133.55299961403944,42.219999158987775,3.6860001273453236,1.2029995559714735,241.83500136132352,1,1
1378,sign,22577.120361508,88.87999865692109,326.5080013079569,100.36399908130988,6.867001502541825,0.9239993232768029,523.5429998720065,1,1
1379,sign,22577.147947778,108.1569971574936,257.4780010036193,104.22500054119155,6.548998499056324,0.8850001904647797,477.29399739182554,1,1
1380,sign,22577.177414033,88.13399836071767,258.2060005806852,101.50399975827895,6.9210000219754875,0.9169998520519584,455.6819985737093,1,1
1381,sign,22577.203421413,49.715999921318144,179.80900156544521,45.48699871520512,4.268000338925049,0.4120010999031365,279.69200164079666,1,1
1382,sign,22577.229401713,40.136997995432466,115.40400009835139,40.70200157002546,2.901000698329881,0.3079985617659986,199.4519989239052,1,1
1383,sign,22577.254221999,108.75199950532988,608.7399997340981,211.70500258449465,10.276999091729522,1.215001248056069,940.6890021637082,1,1
1384,sign,22577.27920237,73.81600153166801,230.47899958328344,102.20500189461745,7.070997526170686,0.8580027497373521,414.42900328547694,1,1
1385,sign,22577.305701611,82.67399971373379,265.2930015756283,106.86300083762035,7.608996384078637,0.9740033419802785,463.41300185304135,1,1
1386,sign,22577.329464474,82.25299825426191,247.00799986021593,112.33199984417297,8.394999895244837,0.9399991540703923,450.92799700796604,1,1
1387,sign,22577.353628065,59.018999309046194,145.52300126524642,50.15599890612066,5.390000296756625,0.7810012903064489,260.86900106747635,1,1
1388,sign,22577.378347933,59.729998611146584,175.22399866720662,69.04499969095923,4.956000339007005,0.8090028131846339,309.76400012150407,1,1
1389,sign,22577.405378884,94.55899999011308,260.50200176541694,104.07599984318949,6.8879999162163585,1.014999725157395,467.04000124009326,1,1
1390,sign,22577.432380884,88.58499859343283,260.2050008135848,103.03199815098196,7.0499991124961525,0.9870018402580172,459.85899851075374,1,1
1391,sign,22577.457951555,150.56700067361817,362.56699968362227,169.6110011835117,11.842999811051413,1.2899981811642647,695.8779995329678,1,1
1392,sign,22577.484006104,43.85799911688082,118.31200026790611,32.42800084990449,2.392000169493258,0.5259971658233553,197.51599757000804,1,1
1393,sign,22577.513511114,69.94499926804565,234.79100127588026,106.87899703043513,6.833000952610746,0.8490023901686072,419.2970009171404,1,1
1394,sign,22577.542153289,126.90000221482478,361.59399678581394,167.8970002103597,10.703002772061154,1.3600001693703234,668.4540021524299,1,1
1395,sign,22577.567273384,86.10399891040288,266.52800079318695,102.18299939879216,7.034999725874513,0.9040013537742198,462.7540001820307,1,1
1396,sign,22577.595109222,108.77900058403611,297.4920025735628,106.1449984263163,7.634000212419778,0.8479983080178499,520.8980001043528,1,1
1397,sign,22577.622218533,45.325999963097274,120.87099821656011,32.61399979237467,2.4550026864744723,0.3889981599058956,201.65499881841242,1,1
1398,sign,22577.646703014,76.97799810557626,200.5909991567023,99.88700185203925,5.252000846667215,0.6599984772037715,383.3679984381888,1,1
1399,sign,22577.672838147,122.57700291229412,364.0139984781854,167.78699864516966,9.563002095092088,1.4350007404573262,665.3760028711986,1,1
1400,sign,22577.699138105,75.51499948021956,234.4310014450457,95.09099982096814,6.426998879760504,0.929001544136554,412.39300117013045,1,1
1401,sign,22577.727198396,110.18599980161525,336.3349969731644,163.07000259985216,9.92700006463565,1.519998477306217,621.0379979165737,1,1
1402,sign,22577.750692074,73.80299939541146,162.03799896175042,52.318999223643914,3.5570010368246585,0.45599881559610367,292.17299743322656,1,1
1403,sign,22577.775865223,58.36700074723922,143.53599908645265,36.42799856606871,2.9670009098481387,0.37900099414400756,241.67700030375272,1,1
1404,sign,22577.801192151,87.088999862317,265.04899869905785,106.94000229705125,7.214999641291797,1.071999577106908,467.3650000768248,1,1
1405,sign,22577.828186551,80.13600017875433,236.99699886492454,112.0470005844254,11.119002010673285,0.8019997039809823,441.10100134275854,1,1
1406,sign,22577.855131488,89.82399958767928,274.74200032884255,104.93599984329194,7.454000297002494,0.8820024959277362,477.838002552744,1,1
1407,sign,22577.881018711,66.29000199609436,152.51599688781425,33.970001823036,2.691998815862462,0.3990026016253978,255.86700212443247,1,1
1408,sign,22577.904754108,48.188998334808275,150.33300223876722,59.77999899187125,4.426001396495849,0.6109985406510532,263.33899950259365,1,1
1409,sign,22577.930267906,128.08700194000266,321.8509991711471,81.29900015774183,13.027998647885397,1.8210012058261782,546.0860011226032,1,1
1410,sign,22577.955350063,72.50800263136625,221.7959990957752,78.02599793649279,5.351001163944602,0.643001840217039,378.32400266779587,1,1
1411,sign,22577.980636348,75.9980030125007,235.25699725723825,137.67500058747828,7.246002496685833,0.9479990694671869,457.12400242337026,1,1
1412,sign,22578.007091924,58.25400148751214,156.6339997225441,57.86999827250838,4.190002073301002,0.4520006768871099,277.40000223275274,1,1
1413,sign,22578.033646303,55.72800000663847,125.0829991477076,32.9569993482437,3.0130031518638134,0.4629982868209481,217.24399994127452,1,1
1414,sign,22578.060509345,90.87899888982065,278.6780023598112,105.34499961067922,7.13299959897995,1.3319986464921385,483.3669991057832,1,1
1415,sign,22578.088278483,89.43400098360144,256.6319999459665,138.9620010741055,10.782998288050294,1.1070005712099373,496.9180008629337,1,1
1416,sign,22578.116699288,71.27199933165684,220.08500309311785,124.63500024750829,6.733000191161409,0.8349998097401112,423.5600026731845,1,1
1417,sign,22578.141799454,75.7570014684461,259.9159997771494,98.07199967326596,6.595000741071999,0.7899980118963867,441.12999967182986,1,1
1418,sign,22578.165973792,80.51399709074758,135.21900109481066,45.99699968821369,3.221000952180475,0.7169983291532844,265.6679971551057,1,1
1419,sign,22578.191544932,50.583999836817384,143.5369995306246,50.16300201532431,3.9629994716960937,0.4399989848025143,248.6869998392649,1,1
1420,sign,22578.217730275,96.79399954620749,289.92600346100517,106.57899838406593,5.788999260403216,0.5570000212173909,499.6450006728992,1,1
1421,sign,22578.243265473,50.64400102128275,119.40499825868756,38.592999771935865,3.0750015866942704,0.40599843487143517,212.12299907347187,1,1
1422,sign,22578.268028721,64.47800114983693,152.134001837112,55.3639983991161,4.035999154439196,0.47800131142139435,276.4900018519256,1,1
1423,sign,22578.292228832,70.38699914119206,136.86400052392855,52.91499837767333,3.1480012694373727,0.5879992386326194,263.90199855086394,1,1
1424,sign,22578.317982045,115.24799992912449,249.74800180643797,101.34200056199916,7.327998901018873,0.8409988367930055,474.5070000353735,1,1
1425,sign,22578.343218424,90.85499914363027,246.76799876033328,102.5870005832985,6.914000550750643,0.9399991540703923,448.0639981920831,1,1
1426,sign,22578.368819198,73.06599945877679,250.58800019905902,102.06699880654924,6.768001185264438,0.8589995559304953,433.34799920558,1,1
1427,sign,22578.395610424,93.38000018033199,253.69300055899657,123.86900198180228,7.467999239452183,1.1570009519346058,479.56700291251764,1,1
1428,sign,22578.422057305,58.69599772267975,112.67800073255785,33.73599975020625,2.429002051940188,0.3399982233531773,207.8789984807372,1,1
1429,sign,22578.447250255,46.18299863068387,118.38099817396142,39.43800038541667,2.8840004233643413,0.37900099414400756,207.2649986075703,1,1
1430,sign,22578.472715564,115.56900062714703,350.94700069748797,148.02999794483185,10.34500019159168,1.115000486606732,626.0059999476653,1,1
1431,sign,22578.501778709,108.46100121852942,360.98599957767874,165.8729997870978,10.736999684013426,1.2429991329554468,647.2999994002748,1,1
1432,sign,22578.528800783,126.4849997824058,152.2940001450479,45.611002860823646,3.473000106168911,0.4609973984770477,328.3240002929233,1,1
1433,sign,22578.553291375,45.45900083030574,104.94500020286068,32.76699862908572,2.459000825183466,0.40599843487143517,186.03599892230704,1,1
1434,sign,22578.580114598,107.74600013974123,270.835000264924,116.58899893518537,7.60300099500455,1.1849988368339837,503.95799917168915,1,1
1435,sign,22578.606980247,154.49299826286733,359.27000135416165,168.6409996182192,9.748000593390316,1.3429998944047838,693.4949997230433,1,1
1436,sign,22578.632741783,98.19499973673373,318.9210001437459,108.89500117627904,7.25299832993187,1.0639996617101133,534.3279990484007,1,1
1437,sign,22578.660645032,91.83600195683539,242.98799689859152,119.8940008180216,6.768001185264438,0.8999995770864189,462.38600043579936,1,1
1438,sign,22578.688758803,49.81199890607968,113.09500041534193,36.47799894679338,2.7280002541374415,0.3710010787472129,202.48399960109964,1,1
1439,sign,22578.716838461,66.61999941570684,226.77200104226358,83.40399654116482,5.812002200400457,0.7499984349124134,383.3579976344481,1,1
1440,sign,22578.745571775,81.2619982752949,247.38299907767214,125.65300130518153,7.574999472126365,0.9569994290359318,462.82999755931087,1,1
1441,sign,22578.771916549,117.53899889299646,277.1830004348885,101.47399734705687,8.007002179510891,0.8169990906026214,505.01999794505537,1,1
1442,sign,22578.800138038,58.272999012842774,192.61100169387646,35.657998523674905,2.574000973254442,0.366999302059412,289.482999505708,1,1
1443,sign,22578.828330023,60.49199873814359,165.89900042163208,58.33400064148009,5.2530012908391654,0.5010006134398282,290.47900170553476,1,1
1444,sign,22578.854756753,112.71699986536987,301.7449998878874,104.34599971631542,7.602000550832599,1.1919983080588281,527.6019983284641,1,1
1445,sign,22578.882183698,95.9919998422265,268.72000307776034,102.79999696649611,7.378999725915492,1.2780001270584762,476.1689997394569,1,1
1446,sign,22578.909855193,81.40899808495305,273.11500161886215,104.56400195835158,7.432998245349154,0.9110008249990642,467.432000732515,1,1
1447,sign,22578.935469336,55.40599886444397,142.28800137061626,45.343000238062814,3.897999704349786,0.4260000423528254,247.36100021982566,1,1
1448,sign,22578.963505751,54.17200009105727,129.43800174980424,32.27900015190244,2.977998519781977,0.33700052881613374,219.20400104136206,1,1
1449,sign,22578.994355113,83.46199683728628,253.7500004109461,103.31200246582739,7.015998562565073,0.9079994924832135,448.44799776910804,1,1
1450,sign,22579.024775177,87.68100087763742,294.6620006696321,110.47899897675961,7.131999154808,0.8839997462928295,500.83799942512996,1,1
1451,sign,22579.056891066,100.4229998216033,297.20399834332056,104.9230013450142,7.123999239411205,1.0750009096227586,510.748999658972,1,1
1452,sign,22579.087198181,68.29999983892776,135.44799730880186,42.59300112607889,3.1370000215247273,0.42900137486867607,249.9069996702019,1,1
1453,sign,22579.118591454,62.527000409318134,195.44300084817223,92.17399929184467,6.940997991478071,0.8070019248407334,357.89200046565384,1,1
1454,sign,22579.149186026,69.68600064283237,231.6919999429956,89.69199916464277,6.26499968348071,0.9310024324804544,398.2660018664319,1,1
1455,sign,22579.178853246,76.34999928995967,357.63699997914955,134.0950002486352,8.11999780125916,0.9450013749301434,577.1469986939337,1,1
1456,sign,22579.20453261,39.57099761464633,111.23100193799473,34.45399852353148,2.7860005502589047,0.25700137484818697,188.29900000127964,1,1
1457,sign,22579.228826137,49.98499935027212,144.67700020759366,47.63899778481573,3.3770011214073747,0.5799993232358247,246.2579977873247,1,1
1458,sign,22579.254998308,97.65000140760094,240.49000057857484,104.8379999701865,7.384998752968386,0.8739989425521344,451.2369996518828,1,1
1459,sign,22579.279479656,100.5060003080871,265.7839977473486,99.09300206345506,6.512997060781345,0.843003363115713,472.73900054278784,1,1
1460,sign,22579.308104971,48.636997235007584,126.7139996343758,40.07900133728981,2.963999577332288,0.46900095185264945,218.86299873585813,1,1
1461,sign,22579.334272989,48.76700040767901,117.706000310136,36.683999496744946,2.8600006771739572,0.3269997250754386,206.34400061680935,1,1
1462,sign,22579.358572331,48.85700036538765,152.73600001819432,58.04300235467963,4.100998921785504,0.42800093069672585,264.1650025907438,1,1
1463,sign,22579.38468287,94.69799988437444,284.8590011126362,107.02199870138429,7.143000402720645,11.437998182373121,505.1599982834887,1,1
1464,sign,22579.412890895,89.69199916464277,283.91600062604994,103.19599823560566,7.1499998739454895,0.8700008038431406,484.823998704087,1,1
1465,sign,22579.440336007,91.08900121646002,246.5249999659136,101.3389992294833,7.235001248773187,0.9369978215545416,447.12499948218465,1,1
1466,sign,22579.466496127,54.17700231191702,145.20199692924507,52.52900155028328,3.9520018617622554,0.5079964466858655,256.3679990998935,1,1
1467,sign,22579.49106229,41.05200059711933,106.37300147209316,33.381998946424574,2.616001438582316,0.35099947126582265,183.7740019254852,1,1
1468,sign,22579.517886496,91.8769983400125,233.05900322156958,78.36399890948087,5.521000275621191,0.8280003385152668,409.6490010851994,1,1
1469,sign,22579.54631794,78.06000212440267,261.9009974296205,103.58399958931841,7.300001016119495,1.0080002539325505,451.8530004133936,1,1
1470,sign,22579.574505253,87.1660013217479,258.482999925036,102.68699770676903,8.688002708368003,1.138996594818309,458.16299825673923,1,1
1471,sign,22579.60151823,56.41000097966753,145.68299957318231,37.48599920072593,3.50600021192804,0.5940019036643207,243.67900186916813,1,1
1472,sign,22579.628447866,36.78299981402233,102.42200005450286,32.916999771259725,2.7379974198993295,0.3260029188822955,175.18599997856654,1,1
1473,sign,22579.65908654,138.5690011375118,388.40200068079866,171.91199731314555,10.513002052903175,1.6449994291178882,711.0410006134771,1,1
1474,sign,22579.688804548,96.4600003499072,316.6030001011677,106.21199908200651,6.144000508356839,0.8299975888803601,526.2489976303186,1,1
1475,sign,22579.719458947,79.92400060174987,288.8550006900914,119.50599946430884,8.05700256023556,1.1749980330932885,497.51700134947896,1,1
1476,sign,22579.750839307,55.500000598840415,139.4339997204952,42.71700163371861,2.9559996619354934,0.5080000846646726,241.11500169965439,1,1
1477,sign,22579.776854683,70.16100062173791,219.062996620778,73.45800258917734,5.628997314488515,0.6410009518731385,368.9519980980549,1,1
1478,sign,22579.802568937,87.36599920666777,273.97599842515774,115.78900011954829,8.184000762412325,0.9319992386735976,486.2469977524597,1,1
1479,sign,22579.829691975,80.41600085562095,276.08700111159123,107.24599997047335,7.190999895101413,0.9549985406920314,471.895000373479,1,1
1480,sign,22579.859601802,84.8359995870851,360.83600207348354,115.1469987235032,7.628001185366884,1.2379969120956957,569.6849984815344,1,1
1481,sign,22579.884141657,48.120000428752974,154.5349987281952,33.87700053281151,2.9910006560385227,0.19399885786697268,239.71699920366518,1,1
1482,sign,22579.910525197,67.73900167900138,164.18899758718908,66.36300167883746,6.512000254588202,0.9089999366551638,305.7120011362713,1,1
1483,sign,22579.93710024,78.72399874031544,201.96100012981333,79.37900227261707,5.775000317953527,0.7419985195156187,366.580999980215,1,1
1484,sign,22579.971485971,88.82100155460648,267.90799893205985,156.01899940520525,21.613999706460163,1.3069984561298043,535.6689980544616,1,1
1485,sign,22579.9970644,125.23600162239745,356.3270001905039,148.52999811409973,8.693001291248947,1.3989993021823466,640.1850005204324,1,1
1486,sign,22580.021120328,69.06399721628986,159.90700194379315,56.801000027917325,3.9429978642147034,0.5360016075428575,290.2509986597579,1,1
1487,sign,22580.047090058,103.23899914510548,261.9580009195488,108.38999878615141,6.820002454333007,0.8499991963617504,481.25700050150044,1,1
1488,sign,22580.072808825,94.76099876337685,286.1800021491945,106.07700096443295,7.124999683583155,0.9939976735040545,495.1369992340915,1,1
1489,sign,22580.09693763,95.40499740978703,235.35600121249445,125.49899838631973,7.457001629518345,0.8569986675865948,464.57399730570614,1,1
1490,sign,22580.125171975,82.08800136344507,245.55499840062112,101.92500121775083,7.056998583720997,1.1470001481939107,437.77199971373193,1,1
1491,sign,22580.14995354,46.025001211091876,132.69999908516183,36.858000385109335,2.663000486791134,0.3540008037816733,218.60000197193585,1,1
1492,sign,22580.176203274,69.21000021975487,187.0300002337899,63.043997215572745,4.785000783158466,0.5889996828045696,324.65799813508056,1,1
1493,sign,22580.20261309,100.16399755841121,267.3720009624958,142.19800141290762,8.148999768309295,1.0080002539325505,518.8909999560565,1,1
1494,sign,22580.229951897,95.87900058249943,263.8520018081181,104.11499897600152,7.119000656530261,0.8819988579489291,471.8470008810982,1,1
1495,sign,22580.257404367,59.647001762641594,187.27199858403765,77.33500024187379,5.435998900793493,0.6570007826667279,330.34700027201325,1,1
1496,sign,22580.282742099,55.40500205825083,134.1519964626059,38.6260035156738,3.0509982025250793,0.4760004230774939,231.7100006621331,1,1
1497,sign,22580.308765709,120.3600004373584,389.9350012943614,180.8889974199701,9.941999451257288,1.1140000424347818,702.239998645382,1,1
1498,sign,22580.338135434,96.65299876360223,266.7219996510539,109.5689985959325,7.085000106599182,0.9270006557926536,480.9559977729805,1,1
1499,sign,22580.366410675,86.35199992568232,244.5760001137387,101.99600001215003,6.785001460229978,1.0929979907814413,440.8019995025825,1,1
1500,sign,22580.392343582,48.816000344231725,124.81199883040972,37.38500163308345,3.2709976949263364,0.46400236897170544,214.74800087162293,1,1
1501,sign,22580.417113105,45.520002458943054,110.1079978980124,31.941999623086303,2.6220004656352103,0.31500167096965015,190.50700211664662,1,1
1502,sign,22580.442220728,80.51500117289834,262.48999711242504,105.19600255065598,7.3549999797251076,1.1429983715061098,456.6989991872106,1,1
1503,sign,22580.468898554,72.27300011436455,263.66099700680934,96.54000314185396,6.166999810375273,0.676998752169311,439.31799882557243,1,1
1504,sign,22580.493762895,90.26900079334155,270.52600125898607,104.35199874336831,7.039998308755457,1.0710027709137648,473.25800187536515,1,1
1505,sign,22580.520390502,122.04900122014806,392.2139985661488,212.57200205582194,12.996999430470169,1.562999386806041,741.395000659395,1,1
1506,sign,22580.545330527,48.36000152863562,143.73399972100742,54.37599975266494,4.045999958179891,0.5990004865452647,251.11500144703314,1,1
1507,sign,22580.570250766,59.68600089545362,160.62899885582738,62.50099977478385,3.788001777138561,0.5969995982013643,287.20100090140477,1,1
1508,sign,22580.601766379,69.37500074855052,216.16199956042692,89.27199814934283,6.85800114297308,0.8220013114623725,382.4890009127557,1,1
1509,sign,22580.632242406,95.9859971771948,274.74400121718645,104.98000119696371,7.186998118413612,0.986001396086067,483.88299910584465,1,1
1510,sign,22580.657772465,92.55499753635377,261.684999713907,85.12200292898342,5.608999344985932,0.6980008038226515,445.6690003280528,1,1
1511,sign,22580.682346901,83.46799950231798,229.61599825066514,106.83599975891411,6.103000487200916,0.7950002327561378,426.8179982318543,1,1
1512,sign,22580.707085563,85.33000072930008,25.23399962228723,2.8389986255206168,86.42399916425347,1.1350020940881222,200.96200023544952,1,1
1513,sign,22580.733896526,102.82299990649335,47.42800228996202,4.039000486955047,119.4260003103409,1.4239994925446808,275.140002486296,1,1
1514,sign,22580.761710196,114.58500011940487,33.666001399978995,3.688001015689224,135.73799878940918,1.558000803925097,289.23500212840736,1,1
1515,sign,22580.78742958,73.13899914151989,20.745999790960923,1.7410020518582314,66.72100062132813,0.9949981176760048,163.34199972334318,1,1
1516,sign,22580.811935162,45.27000055531971,9.277999197365716,1.1669981176964939,39.370999729726464,0.41900057112798095,95.50499817123637,1,1
1517,sign,22580.837914448,81.2070029496681,316.29399745725095,101.15000259247608,6.313999620033428,0.8209972293116152,505.7859998487402,1,1
1518,sign,22580.867549028,81.17700053844601,249.6070010238327,103.51099990657531,7.260998245328665,0.9260002116207033,442.4819999258034,1,1
1519,sign,22580.89755635,81.08000110951252,247.7470006851945,102.87499753758311,7.001002813922241,0.8940005500335246,439.5970026962459,1,1
1520,sign,22580.922814486,87.92299922788516,269.6630035643466,121.3509967783466,9.112001862376928,0.934000127017498,488.98300155997276,1,1
1521,sign,22580.949757097,35.35299765644595,100.27200187323615,31.630999728804454,2.5999979698099196,0.31899980967864394,170.17499703797512,1,1
1522,sign,22580.976576198,104.34799696668051,235.73700309498236,115.43499931576662,6.785998266423121,0.8570023055654019,463.162999949418,1,1
1523,sign,22581.004435496,128.77699919044971,358.56500107911415,199.45099847973324,11.21199966291897,1.7140009731519967,699.7189993853681,1,1
1524,sign,22581.02958412,109.08700278378092,372.6389986695722,171.4350000838749,9.744999260874465,1.2540003808680922,664.1600011789706,1,1
1525,sign,22581.054967424,126.22700160136446,328.6520004621707,154.97300046263263,9.706996934255585,1.4500001270789653,621.0089995875023,1,1
1526,sign,22581.078565208,59.92399746901356,150.90700253495015,55.57799886446446,4.320998414186761,0.4339999577496201,271.16399724036455,1,1
1527,sign,22581.103638285,46.40499901142903,10.394000128144398,1.3989993021823466,37.95600059675053,0.7980015652719885,96.95200060377829,1,1
1528,sign,22581.129249445,73.00700235646218,21.0170001082588,2.648997906362638,75.4630018491298,0.9689974831417203,173.10499970335513,1,1
1529,sign,22581.156313319,126.89299910562113,31.93800148437731,3.441000444581732,123.11400132603012,1.3609969755634665,286.74699933617376,1,1
1530,sign,22581.181855449,94.7620028455276,25.01099879737012,3.236000338802114,133.41299927560613,1.5879995771683753,258.01000083447434,1,1
1531,sign,22581.205865333,44.64400262804702,9.960000170394778,1.1979973351117224,34.63900065980852,0.41499879444018006,90.85599958780222,1,1
1532,sign,22581.231722709,87.92800144874491,23.583001166116446,2.8429967642296106,79.43100354168564,1.0299991117790341,194.81500203255564,1,1
1533,sign,22581.257121757,119.09499880857766,35.42299964465201,4.247001925250515,112.66000001342036,2.0429979485925287,273.46799834049307,1,1
1534,sign,22581.282948708,101.42300016013905,24.17399809928611,2.8130016289651394,86.22699897387065,0.9260002116207033,215.56299907388166,1,1
1535,sign,22581.309773505,82.38900045398623,24.293000024044886,2.877000952139497,89.97799886856228,1.5379991964437068,201.0749994951766,1,1
1536,sign,22581.335426824,48.785001126816496,13.551998563343659,2.287000825162977,48.644000344211236,0.48199945013038814,113.75000030966476,1,1
1537,sign,22581.363437941,67.69100218662061,159.37199714244343,52.291001338744536,4.0000013541430235,0.48299989430233836,283.83700191625394,1,1
1538,sign,22581.390394899,76.03499761899002,207.33000201289542,83.02499918499961,6.023001333232969,0.7439994078595191,373.15699955797754,1,1
1539,sign,22581.416981807,61.916998674860224,307.171001622919,124.7670006705448,5.414996849140152,0.8280003385152668,500.09799815597944,1,1
1540,sign,22581.443606397,64.77100032498129,188.63700097426772,64.82699973275885,4.715999239124358,0.5309993866831064,323.4819996578153,1,1
1541,sign,22581.479883513,52.5050018040929,141.77299817674793,36.10100247897208,3.1419986044056714,0.57199940783903,234.0930004720576,1,1
1542,sign,22581.506429101,73.08400017791428,200.46000281581655,78.34999996703118,5.941998097114265,0.619002094026655,358.45500315190293,1,1
1543,sign,22581.535144647,75.45199696323834,24.330001906491816,2.6460002118255943,81.98700015782379,1.0469993867445737,185.4619986261241,2,1
1544,sign,22581.565583642,99.06599734677002,243.84200150961988,121.517001389293,8.631999662611634,0.8659990271553397,473.92299893544987,2,1
1545,sign,22581.591220712,110.82499986514449,220.79599875723943,87.96000111033209,8.336999599123374,0.7899980118963867,428.70799734373577,2,1
1546,sign,22581.614703148,51.679999160114676,108.34000204340555,33.84999945410527,3.1529998523183167,0.3809982445091009,197.4039987544529,2,1
1547,sign,22581.639026914,101.17900092154741,240.88300051516853,86.80599785293452,7.722002919763327,0.628999259788543,437.21900146920234,2,1
1548,sign,22581.665143197,118.07600094471127,257.985000644112,104.78900003363378,8.15900057204999,1.205000444315374,490.2140026388224,2,1
1549,sign,22581.691803302,108.81499838433228,276.65100060403347,100.56999963126145,8.90600131242536,0.8879978850018233,495.8299978170544,2,1
1550,sign,22581.72030605,111.87099880771711,258.1650005595293,136.21399921248667,12.932003301102668,2.663997292984277,521.84599917382,2,1
1551,sign,22581.74493025,40.29300180263817,118.94300041603856,32.81899989815429,3.062999894609675,0.4219982656650245,195.54000027710572,2,1
1552,sign,22581.770162741,102.03400233876891,243.70399842155166,88.89899982023053,7.517999620176852,0.6850023055449128,442.84000250627287,2,1
1553,sign,22581.795089478,109.24999878625385,250.66400121431798,99.54599954653531,9.125000360654667,0.8069982868619263,469.39199819462374,2,1
1554,sign,22581.819518717,139.2190024489537,324.7379972890485,187.94600327964872,12.61399665963836,1.0370022209826857,665.554001898272,2,1
1555,sign,22581.847669023,169.88399875117466,380.002999008866,167.62700033723377,12.846998288296163,1.2000018614344299,731.560998247005,2,1
1556,sign,22581.875230561,53.53300002752803,131.86700016376562,51.8790002388414,4.435998562257737,0.40899976738728583,242.12399875978008,2,1
1557,sign,22581.900577893,92.95400013797916,171.77599875140004,60.6460016570054,5.298999894876033,0.5990004865452647,331.2740009278059,2,1
1558,sign,22581.932307817,169.69700300251134,361.07499909121543,180.7490007195156,13.475000741891563,1.229996996698901,726.2260005518328,2,1
1559,sign,22581.963470432,159.40099910949357,332.5649995531421,189.16900080512278,13.745000615017489,1.1539996194187552,696.0339997021947,2,1
1560,sign,22581.988800561,103.62799730501138,255.3670019551646,95.08799848845229,9.245002729585394,0.9409995982423425,464.269000076456,2,1
1561,sign,22582.015971872,38.764999771956354,115.19000327098183,31.565999961458147,2.4849978217389435,0.23400207282975316,188.24000289896503,2,1
1562,sign,22582.042620356,36.62500239443034,94.96200073044747,53.80699803936295,4.67000063508749,0.4159992386121303,190.48000103794038,2,1
1563,sign,22582.072848699,60.81399988033809,188.95500033977441,92.49299910152331,7.522001396864653,0.8289971447084099,350.6129978632089,2,1
1564,sign,22582.099086444,91.54500003205612,217.5190020352602,103.4439992508851,7.482998626073822,0.7020025805104524,420.6930025247857,2,1
1565,sign,22582.123082589,67.47099905624054,173.16599769401364,100.26200106949545,7.56800000090152,0.6110021786298603,349.077999999281,2,1
1566,sign,22582.146490048,20.50100010819733,52.08400034462102,27.57800029939972,2.4620021576993167,0.21899904822930694,102.84400195814669,2,1
1567,sign,22582.172740388,39.52400220441632,106.0819995473139,59.18999886489473,5.079000402474776,0.4399989848025143,210.31500000390224,2,1
1568,sign,22582.202093731,67.83599746995606,158.0280004418455,89.50100163929164,8.077000529738143,0.7419985195156187,324.18399860034697,2,1
1569,sign,22582.230259254,61.12600021879189,185.04599938751198,108.02800170495175,8.302999049192294,0.7899980118963867,363.2929983723443,2,1
1570,sign,22582.256357817,26.195997634204105,63.04600174189545,33.624997740844265,2.791002771118656,0.24600012693554163,125.90400001499802,2,1
1571,sign,22582.281475138,43.161002395208925,143.17899695015512,42.84300302970223,3.7229983718134463,0.25999906938523054,233.16599981626496,2,1
1572,sign,22582.305536493,26.474001060705632,60.69399751140736,34.07600161153823,2.8889990062452853,0.2359993231948465,124.36899851309136,2,1
1573,sign,22582.332460742,56.27700011245906,153.8639990030788,88.86700015864335,8.05700256023556,0.7089984137564898,307.77400024817325,2,1
1574,sign,22582.362154512,58.53000038769096,155.74499775539152,88.67900032782927,7.384001946775243,0.6449990905821323,310.98299950826913,2,1
1575,sign,22582.389768979,52.27700239629485,152.34499733196571,119.02600090252236,7.557999197160825,0.6900008884258568,331.8960007163696,2,1
1576,sign,22582.414285378,19.973002054030076,50.57599992142059,28.94799763453193,2.4360015231650323,0.19999788491986692,102.1329990180675,2,1
1577,sign,22582.441200574,49.46499757352285,131.3760003540665,76.5309996495489,6.0870006564073265,0.6709997251164168,264.129997958662,2,1
1578,sign,22582.466467264,51.77999992156401,143.03400166681968,81.48999768309295,7.190999895101413,0.6170012056827545,284.1120003722608,2,1
1579,sign,22582.492294254,62.61900125537068,168.7519979896024,90.59399963007309,7.796999852871522,0.6930022209417075,330.4550009488594,2,1
1580,sign,22582.518481411,58.54399933014065,160.68900004029274,89.36700032791123,7.474001904483885,0.6549998943228275,316.72900149715133,2,1
1581,sign,22582.545878557,23.595999664394185,65.87199823115952,51.248000090708956,3.5150005714967847,3.239001671317965,147.4700002290774,2,1
1582,sign,22582.573737568,81.90399967133999,172.4559988360852,92.81300299335271,6.766997103113681,0.6290028977673501,354.56900150165893,2,1
1583,sign,22582.600631621,94.63099922868423,233.37799939326942,174.4700020935852,11.771000572480261,1.1609990906435996,515.4110003786627,2,1
1584,sign,22582.630443905,98.96800111164339,224.0389985672664,142.31800014385954,10.476000170456246,0.9040013537742198,476.7050013469998,2,1
1585,sign,22582.655211221,31.26199953840114,100.79499770654365,40.245002310257405,3.344997821841389,0.47000139602459967,176.1169987730682,2,1
1586,sign,22582.681478925,439.39100214629434,54.8169991816394,32.430998544441536,2.369000867474824,0.21900268620811403,529.2270034260582,2,1
1587,sign,22582.706021876,34.91699681035243,91.91100252792239,51.70499935047701,4.462999640963972,0.38299913285300136,183.3789974625688,2,1
1588,sign,22582.732373503,55.57099939323962,163.82000103476457,98.97799827740528,7.681999704800546,0.7199996616691351,326.77099807187915,2,1
1589,sign,22582.757502621,58.58200165675953,156.35299860150553,88.20400034892373,7.996000931598246,0.6689988367725164,311.80400037555955,2,1
1590,sign,22582.785413139,58.395999076310545,159.22500097076409,89.20999971451238,7.737999112578109,0.8479983080178499,315.41699718218297,2,1
1591,sign,22582.812316019,25.983998057199642,64.16600081138313,45.746000978397205,3.416000254219398,0.25199915398843586,139.5639992551878,1,1
1592,sign,22582.839298587,32.56499985582195,16.46699820412323,1.6180019883904606,66.50099749094807,0.7160015229601413,117.86699906224385,1,1
1593,sign,22582.869576234,36.75900006783195,17.194000974996015,1.767999492585659,72.07200178527273,0.6789996405132115,128.47200196119957,1,1
1594,sign,22582.899610981,39.76800144300796,19.548999262042344,1.8430000636726618,74.46399831678718,0.8730021363589913,136.49700122186914,1,1
1595,sign,22582.930581745,14.152999938232824,6.40600046608597,0.5959991540294141,30.655999580631033,0.26500129024498165,52.07600042922422,1,1
1596,sign,22582.960655694,12.040000001434237,5.735997547162697,0.628999259788543,26.790999982040375,0.261999957729131,45.45799674815498,1,1
1597,sign,22583.002852631,97.28499935590662,5.1440001698210835,3.1620002118870616,12.822998542105779,1.0680014383979142,119.48199971811846,1,0
1598,sign,22583.04878374,84.34000119450502,5.426998541224748,3.606000973377377,10.801999451359734,1.2499986041802913,105.42499876464717,1,0
1599,sign,22583.092556054,45.68499934975989,2.134998794645071,1.4170000213198364,5.770001735072583,0.5679976311512291,55.57499753194861,1,0
1600,sign,22583.097735294,14.085999282542616,6.380003469530493,0.6649970600847155,27.124002372147515,0.2759989001788199,48.53100108448416,2,1
1601,sign,22583.125413588,101.97799929301254,259.9729996290989,185.24800179875456,11.826999980257824,1.0469993867445737,560.0730000878684,2,1
1602,sign,22583.151798891,91.8929981708061,232.22500021802261,104.04700151411816,7.7599979704245925,0.7369999366346747,436.66199781000614,2,1
1603,sign,22583.181416591,126.8580017494969,292.42399978102185,141.63899686536752,11.24600021285005,1.077001797966659,573.244000406703,2,1
1604,sign,22583.205743133,36.81599991978146,96.14200098440051,48.4589982079342,3.7680001696571708,0.28700014809146523,185.4719994298648,2,1
1605,sign,22583.231509404,30.4810018860735,64.30699795600958,29.547001759056002,2.5170011213049293,0.24299879441969097,127.0950015168637,2,1
1606,sign,22583.25836591,122.56300033186562,246.56599998706952,152.18900080071762,9.055002010427415,0.790998456068337,531.1640015861485,2,1
1607,sign,22583.285838992,98.75999967334792,253.40700085507706,113.93299791961908,7.844002539059147,0.6839982233941555,474.62799921049736,2,1
1608,sign,22583.313190426,100.54499944089912,243.36799833690748,143.2310018572025,10.554998880252242,0.8730021363589913,498.57200065162033,2,1
1609,sign,22583.339874244,35.13399860821664,85.37000030628406,57.06000229110941,3.5129996831528842,0.33700052881613374,181.41400141757913,2,1
1610,sign,22583.365038284,33.509000786580145,90.58700015884824,48.4670017613098,4.37299968325533,0.30999945010989904,177.24600184010342,2,1
1611,sign,22583.395061198,59.27099846303463,160.4550016054418,90.37500058184378,7.755999831715599,0.7109993021003902,318.5679997841362,2,1
1612,sign,22583.426157824,60.62299871700816,159.32099995552562,88.67500218912028,7.677997928112745,0.7369999366346747,317.0339987264015,2,1
1613,sign,22583.452155813,92.14400051860139,217.61899915873073,127.12399984593503,9.455001418245956,0.9600007615517825,447.3020017030649,2,1
1614,sign,22583.47815877,20.920997485518456,54.03199975262396,27.65099998214282,2.258002496091649,0.22099993657320738,105.0829996529501,2,1
1615,sign,22583.527816557,109.99999722116627,4.598001396516338,2.405999111942947,12.193999282317236,1.001000782707706,130.1989977946505,2,0
1616,sign,22583.572883809,146.54500046162866,5.235000571701676,2.854998456314206,13.881999620934948,1.172000338556245,169.68899944913574,2,0
1617,sign,22583.617486281,26.436999178258702,1.1830015864688903,0.70999885792844,5.783000233350322,0.2800006768666208,34.393000532872975,1,0
1618,sign,22583.662649639,50.27899896958843,2.5080007617361844,1.2849995982833207,6.754999049007893,0.5270012479741126,61.35399962658994,1,0
1619,sign,22583.707815305,92.52400195691735,4.699999408330768,2.7610003598965704,11.893000191776082,1.052998413797468,112.93100033071823,1,0
1620,sign,22583.752501935,36.32199877756648,2.1700034267269075,0.7569979061372578,4.102999810129404,0.22400126908905804,43.576001189649105,1,0
1621,sign,22583.797846534,96.38200208428316,5.164998583495617,3.303000994492322,12.860000424552709,1.1359989002812654,118.84600098710507,1,0
1622,sign,22583.842723317,41.63599805906415,3.64600055036135,2.0180013962090015,6.587000825675204,0.7569979061372578,54.643998737446964,1,0
1623,sign,22583.872417492,13.7330025609117,52.19299782766029,30.734001484233886,1.905998942675069,0.2130000211764127,98.77900083665736,1,1
1624,sign,22583.898387669,19.298000552225858,76.145999628352,44.28999818628654,3.502002073219046,0.34600088838487864,143.58200132846832,1,1
1625,sign,22583.925021365,54.27100040833466,171.6839979053475,100.76000035041943,5.875001079402864,0.7089984137564898,333.29899815726094,1,1
1626,sign,22583.951333599,37.8379991161637,151.9959987490438,89.8040016181767,5.747999239247292,0.6810005288571119,286.0669992514886,1,1
1627,sign,22583.979285243,28.618000214919448,108.12500113388523,68.42599759693258,3.8090001908130944,0.4480025381781161,209.42600167472847,1,1
1628,sign,22584.002824178,17.578000552020967,71.12700041034259,43.52100222604349,2.4709988792892545,0.28299837140366435,134.98000043909997,1,1
1629,sign,22584.029253801,45.00900104176253,148.94799824105576,62.1069993940182,3.9389997255057096,0.5290021363180131,260.5320005386602,1,1
1630,sign,22584.05588542,62.25600009202026,254.70300170127302,153.31599934143014,7.765000191284344,0.9270006557926536,478.9670019818004,1,1
1631,sign,22584.081596431,61.09600144554861,235.5639990128111,139.32100046076812,6.867001502541825,0.6730006134603173,443.52100303513,1,1
1632,sign,22584.109450801,39.254002331290394,158.70299830567092,91.64899893221445,6.084999768063426,0.6959999154787511,296.38699925271794,1,1
1633,sign,22584.134238419,16.7540019901935,65.92999852728099,34.59299841779284,2.2850035747978836,0.28699651011265814,119.84899902017787,1,1
1634,sign,22584.159807752,16.853002307470888,69.66799992369488,40.37999678985216,2.6030029403045774,0.3079985617659986,129.8120005230885,1,1
1635,sign,22584.185899463,40.5589998990763,172.2880006127525,89.47300011641346,5.951002094661817,0.7179987733252347,308.9890014962293,1,1
1636,sign,22584.211345743,39.778002246748656,158.81299987086095,89.92099901661277,5.879999662283808,0.7189992174971849,295.11100001400337,1,1
1637,sign,22584.237299222,41.400999180041254,162.42000128841028,92.31600051862188,6.416998076019809,0.7700000423938036,303.323999105487,1,1
1638,sign,22584.263454312,12.887001503258944,51.68599818716757,30.480998248094693,2.211003447882831,0.22899985197000206,97.49400123837404,1,1
1639,sign,22584.288863975,14.563996955985203,56.075001339195296,33.43299977132119,2.1080013539176434,0.2399974619038403,106.41999688232318,1,1
1640,sign,22584.317720589,38.51600195048377,153.9149998279754,107.91299791890197,6.2920007621869445,0.7390008249785751,307.37500128452666,1,1
1641,sign,22584.34277779,38.316000427585095,157.60099995532073,110.21499813068658,6.250000296859071,0.7270027708727866,313.10900158132426,1,1
1642,sign,22584.36772535,24.081000447040424,97.73200144991279,57.845998526318,4.047000402351841,0.37900099414400756,184.08500181976706,1,1
1643,sign,22584.39336341,27.279002097202465,66.87599670840427,37.10600140038878,2.429998858133331,0.37800054997205734,134.0689996141009,1,1
1644,sign,22584.416715077,13.77999797114171,46.527002268703654,26.80999750737101,1.7560014384798706,0.20299921743571758,89.07599840313196,1,1
1645,sign,22584.442883099,38.32400034298189,181.83999782195315,93.26100189355202,5.939000402577221,0.7249982445500791,320.08899870561436,1,1
1646,sign,22584.468051776,42.830000893445686,164.47199959657155,91.83400106849149,6.262998795136809,0.6590016710106283,306.05800202465616,1,1
1647,sign,22584.49376326,36.75900006783195,145.9969971620012,116.44400001387112,6.094000127632171,0.6990012479946017,305.99299861933105,1,1
1648,sign,22584.519724695,12.268999853404239,50.52199776400812,27.903002774110064,1.953998435055837,0.20299921743571758,92.85099804401398,1,1
1649,sign,22584.547925443,21.938001736998558,74.5049983379431,38.02900027949363,2.5139997887890786,0.30099909054115415,137.28699923376553,1,1
1650,sign,22584.574119983,55.50800051423721,214.4979989679996,139.173000206938,7.810998795321211,0.8089991752058268,417.79899765970185,1,1
1651,sign,22584.600501036,37.80699989874847,152.07800242933445,90.53299800143577,6.207999831531197,0.6610025593545288,287.2870027204044,1,1
1652,sign,22584.626261392,39.165999623946846,155.18899817834608,91.08700032811612,5.975001840852201,0.7179987733252347,292.1349987445865,1,1
1653,sign,22584.651097931,26.130997866857797,103.25000039301813,60.516002122312784,3.8869984564371407,0.4120010999031365,194.19599993852898,1,1
1654,sign,22584.675047909,15.31000089016743,55.27299799723551,29.31700146291405,1.8520004232414067,0.1899970811791718,101.94199785473756,1,1
1655,sign,22584.69991954,76.89000267419033,260.57099967147224,118.092997581698,6.7020009737461805,0.8899987733457237,463.14599967445247,1,1
1656,sign,22584.726517378,94.8470005823765,258.7140006653499,104.45199950481765,7.212998752947897,0.9780014806892723,466.2040009861812,1,1
1657,sign,22584.753572365,161.50200099218637,377.4029974010773,178.5300009942148,9.979001333704218,1.3569988368544728,728.7709995580371,1,1
1658,sign,22584.78023458,87.26099986233748,278.7989978969563,109.57199992844835,7.419002940878272,0.9509967640042305,484.0019973926246,1,1
1659,sign,22584.80551883,42.80299981473945,104.39000106998719,34.2659986927174,2.606000634841621,0.30500086722895503,184.37000107951462,1,1
1660,sign,22584.830612506,112.57699952693656,234.70399901270866,75.38299905718304,6.745001883246005,0.5600013537332416,429.9690008338075,1,1
1661,sign,22584.858636015,87.20199912204407,246.5780016791541,132.5189987255726,7.343001925619319,0.914998963708058,474.55700041609816,1,1
1662,sign,22584.886318996,86.78399899508804,265.7930017448962,104.09300011815503,8.089999028015882,0.9850009519141167,465.74500083806925,1,1
1663,sign,22584.911717327,70.91000225045718,260.46399943879806,111.14500011899509,6.872000085422769,0.8139977580867708,450.20499965175986,1,1
1664,sign,22584.935587068,65.66099909832701,191.96699940948747,62.86799907684326,5.128000339027494,0.6030022632330656,326.2270001869183,1,1
1665,sign,22584.961054025,69.07500210218132,195.7199965545442,75.0640028854832,4.541998350759968,0.547999661648646,344.94899955461733,1,1
1666,sign,22584.988220241,86.32999742985703,253.27100229333155,103.16599946236238,7.010999979684129,0.8969982445705682,450.67499740980566,1,1
1667,sign,22585.015642081,77.86799687892199,237.49000320094638,123.84000001475215,7.139999070204794,0.9139985195361078,447.2519976843614,1,1
1668,sign,22585.042768918,158.47400209167972,465.9219994209707,243.30099768121727,11.518000974319875,1.3360004231799394,880.5510005913675,1,1
1669,sign,22585.067326865,76.88100231462158,182.7849991968833,46.02899934980087,3.287001163698733,0.4569992597680539,309.43900128477253,1,1
1670,sign,22585.117645488,72.84199818968773,3.0459996196441352,1.7110032786149532,9.514998964732513,0.8819988579489291,87.99599891062826,1,0
1671,sign,22585.162834154,117.73299775086343,5.8490004448685795,3.249999281251803,15.86399957886897,1.5570003597531468,144.25299741560593,1,0
1672,sign,22585.207644083,47.07200059783645,2.0650004444178194,1.6900012269616127,5.924997822148725,0.8390015864279121,57.59100167779252,1,0
1673,sign,22585.245261325,74.048999522347,220.86700118961744,87.59599950280972,6.464000762207434,0.8220013114623725,389.79800228844397,1,1
1674,sign,22585.272673335,80.45600043260492,334.7220008436125,130.77399853500538,7.558002835139632,0.9729992598295212,554.4830019061919,1,1
1675,sign,22585.299622051,78.00300227245316,241.7010000499431,130.6669983023312,7.200000254670158,0.9329996828455478,458.50400056224316,1,1
1676,sign,22585.325388666,32.11700095562264,127.36999997287057,72.66600005095825,4.53300162917003,0.504998752148822,237.19100136077031,1,1
1677,sign,22585.350094078,12.696000339929014,47.8530018881429,27.272999432170764,1.791999238776043,0.21199957700446248,89.82600047602318,1,1
1678,sign,22585.374497505,74.48900214512832,235.20999820902944,114.12599997129291,13.453998690238222,0.7650014595128596,438.04400047520176,1,1
1679,sign,22585.400167084,120.80899978172965,348.4619992377702,168.95400040084496,9.827999747358263,1.119999069487676,649.1729982371908,1,1
1680,sign,22585.42491209,141.16500096861273,345.3249992162455,166.38800298096612,10.349998774472624,1.2070013326592743,664.4350032729562,1,1
1681,sign,22585.449101033,39.38700319849886,174.77299843449146,87.98300041235052,4.818000888917595,0.5490001058205962,307.510003040079,1,1
1682,sign,22585.472351187,74.80700151063502,160.0639989192132,58.73899863217957,2.9270013328641653,0.41900057112798095,296.95600096601993,1,1
1683,sign,22585.497372531,85.39699774701148,238.34500098018907,108.29999882844277,6.389000191120431,0.8839997462928295,439.3149974930566,1,1
1684,sign,22585.524182303,110.61599798267707,323.01400278811343,168.9059972704854,9.19800004339777,1.3060016499366611,613.0399997346103,1,1
1685,sign,22585.551479415,125.1700014108792,360.9829982451629,188.7680009531323,11.35099955718033,1.252999936696142,687.5250001030508,1,1
1686,sign,22585.578724566,122.43200035300106,361.27800194662996,157.76699729030952,9.549999958835542,1.2060008884873241,652.2330004372634,1,1
1687,sign,22585.605461473,62.82899994403124,160.95200044219382,87.622000137344,6.6490028984844685,1.567997969686985,319.6200013917405,1,1
1688,sign,22585.63046048,52.63099956209771,137.74100079899654,49.83400140190497,3.4910008253064007,0.4619978426489979,244.15900043095462,1,1
1689,sign,22585.65765834,92.91800233768299,277.31500085792504,107.26099935709499,7.224000000860542,0.8700008038431406,485.5880033574067,1,1
1690,sign,22585.687204526,85.13300053891726,246.77100009284914,103.22999878553674,7.419002940878272,1.2469972716644406,443.79999962984584,1,1
1691,sign,22585.714681963,49.09899871563539,114.231002953602,34.95700002531521,3.6339988582767546,0.4610010364558548,202.3820015892852,1,1
1692,sign,22585.742745767,48.96300015388988,117.48600081773475,37.54299905267544,3.260000084992498,0.44199987314641476,207.69399998243898,1,1
1693,sign,22585.770190619,84.60800017928705,241.45299903466366,100.14999861596152,13.531000149669126,0.9610012057237327,440.7029991853051,1,1
1694,sign,22585.797699573,71.2710025254637,222.56999727687798,130.746000650106,7.061000360408798,0.8349998097401112,432.4830006225966,1,1
1695,sign,22585.826360811,76.12400077050552,248.79800184862688,102.01199984294362,7.052996807033196,0.8380011422559619,434.8250004113652,1,1
1696,sign,22585.851943348,45.71300087263808,263.8299993122928,43.46499918028712,3.7200006772764027,0.3310015017632395,357.0590015442576,1,1
1697,sign,22585.877646841,52.23300104262307,119.07699808944017,32.86500214016996,2.697997842915356,0.3500026650726795,207.22300178022124,1,1
1698,sign,22585.90295195,143.6079983250238,372.00600127107464,187.6800015452318,10.91699959943071,1.4379984349943697,715.6489991757553,1,1
1699,sign,22585.928835207,75.80400051665492,254.20699967071414,101.41399980057031,7.335002010222524,0.8779970812611282,439.637999079423,1,1
1700,sign,22585.956203122,86.13499812781811,258.3740024419967,106.10799654386938,7.422000635415316,0.8930001058615744,458.9319978549611,1,1
1701,sign,22585.979757927,88.19999857223593,274.19199977885,113.66599937900901,7.233000360429287,0.938998709898442,484.22999680042267,1,1
1702,sign,22586.004082422,65.08299702545628,173.81400175509043,61.1789982940536,6.394002411980182,0.7950002327561378,307.26499971933663,1,1
1703,sign,22586.030075559,53.07800165610388,120.47400014125742,35.552999179344624,2.749999111983925,8.811999578028917,220.66699966671877,1,1
1704,sign,22586.060694673,84.01699960813858,172.81100008403882,83.50300049642101,6.38399797026068,0.9380019037052989,347.6530000625644,1,1
1705,sign,22586.09179661,89.7130012162961,275.85199859458953,109.5810002880171,7.304002792807296,0.8379975042771548,483.2880003959872,1,1
1706,sign,22586.118539221,55.360000260407105,188.63299919757992,74.38800093950704,4.917001206194982,0.5219990271143615,323.8200006308034,1,1
1707,sign,22586.142693269,40.30099808005616,110.39799937861972,38.63600068143569,2.7520000003278255,0.3259992809034884,192.41299742134288,1,1
1708,sign,22586.169029989,69.3299989507068,231.99400311568752,102.39099719910882,6.412999937310815,0.7810012903064489,410.9090004931204,1,1
1709,sign,22586.196531017,95.30699753668159,260.47400024253875,102.11500193690881,7.119997462723404,1.005002559395507,466.02099973824807,1,1
1710,sign,22586.222303671,87.49100015847944,247.78800070635043,104.13600102765486,7.561000529676676,0.8999995770864189,447.8760019992478,1,1
1711,sign,22586.247400323,82.49099846580066,347.31000050669536,194.59900067886338,11.336996976751834,1.2930031516589224,637.0299997797702,1,1
1712,sign,22586.271053892,69.88300083321519,143.37999891722575,35.96399983507581,3.4240001696161926,0.39099904824979603,253.04199880338274,1,1
1713,sign,22586.295194013,51.98099825065583,165.30400171177462,73.21899829548784,5.263002094579861,0.8159986464306712,296.5829989989288,1,1
1714,sign,22586.320893509,124.05199959175661,369.4020015245769,163.83999900426716,9.044997568707913,1.1260017345193774,667.464999423828,1,1
1715,sign,22586.345746501,114.85800132504664,310.4370007349644,108.82899732678197,7.700000423938036,1.0410003596916795,542.8650001704227,1,1
1716,sign,22586.372987106,56.300003052456304,160.4449971637223,92.29200077243149,6.531001417897642,0.7269991328939795,316.2950015394017,1,1
1717,sign,22586.396652676,15.816996892681345,62.62500028242357,37.24000271176919,2.5720000849105418,0.29299917514435947,118.54699914692901,1,1
1718,sign,22586.421925985,19.678001990541816,102.38599861622788,46.854998799972236,3.031000233022496,0.37400241126306355,172.3240020510275,1,1
1719,sign,22586.448041446,40.56099714944139,154.76400221814401,90.82799806492403,5.83200016990304,0.6840018613729626,292.66899946378544,1,1
1720,sign,22586.475502249,39.913000364322215,156.67700063204393,90.61500168172643,5.9689991758205,0.6679983926005661,293.84200024651363,1,1
1721,sign,22586.500282157,39.95399674749933,163.90600285376422,104.0659990394488,6.0589991335291415,0.7160015229601413,314.70099929720163,1,1
1722,sign,22586.524203323,22.509000700665638,80.31200195546262,41.960000089602545,3.559998731361702,0.2800006768666208,148.62100215395913,1,1
1723,sign,22586.553473068,36.352997994981706,142.2120003553573,79.80599912116304,5.5870004871394485,0.6030022632330656,264.56100022187456,1,1
1724,sign,22586.581543208,38.659996789647266,155.13600010308437,100.48500189441256,5.827998393215239,0.6869995559100062,300.79599673626944,1,1
1725,sign,22586.61186412,37.757999962195754,187.2469983936753,98.07099922909401,6.196001777425408,0.7029993867035955,329.9749987490941,1,1
1726,sign,22586.641362692,39.61000038543716,159.1219988767989,92.91700189351104,6.070000381441787,0.6699992809444666,298.38900081813335,1,1
1727,sign,22586.667879906,12.729000445688143,50.07499930798076,28.956001187907532,1.9120016077067703,0.23399843485094607,93.90600098413415,1,1
1728,sign,22586.723838082,41.62400000495836,3.658999048639089,2.1609994291793555,6.479000148829073,0.8220013114623725,54.74499994306825,1,0
1729,sign,22586.767924601,121.60500045865774,5.619000148726627,3.158998879371211,11.558000551303849,1.0559997463133186,142.99699978437275,1,0
1730,sign,22586.812718072,75.92199835926294,9.798000974114984,2.1750020096078515,9.911997040035203,0.505002390127629,98.31200077314861,1,0
1731,sign,22586.826614619,17.3699991137255,59.92799924570136,33.946002076845616,2.064000000245869,0.2269989636261016,113.53499940014444,1,1
1732,sign,22586.853455499,38.00799822784029,156.38400145689957,92.25100075127557,6.130998372100294,0.628999259788543,293.40299806790426,1,1
1733,sign,22586.878371732,38.41500074486248,174.68199803261086,95.24800043436699,6.156999006634578,0.72900002123788,315.2309982397128,1,1
1734,sign,22586.906872362,54.56199869513512,204.4930006377399,94.55899999011308,6.345999281620607,0.8780007192399353,360.83799932384863,1,1
1735,sign,22586.933591424,11.620999430306256,48.387999413535,28.18600114551373,1.6800004232209176,0.1769985829014331,90.05199899547733,1,1
1736,sign,22586.960272664,24.389999452978373,96.42700024414808,54.477000958286226,3.635999746620655,0.41000021155923605,179.34000061359257,1,1
1737,sign,22586.987891505,55.03700231201947,227.56799808121286,97.36799984239042,6.4970008679665625,1.0619987733662128,387.5319998769555,1,1
1738,sign,22587.01388782,34.3449974025134,155.73500058962964,94.2070000746753,5.688001692760736,0.5740002961829305,290.549000055762,1,1
1739,sign,22587.03927351,17.083999409805983,70.73900269460864,41.74499918008223,2.648997906362638,0.3210006980225444,132.53799988888204,1,1
1740,sign,22587.064296296,12.37399919773452,55.25099913938902,30.712999432580546,1.8589998944662511,0.20600054995156825,100.40299821412191,1,1
1741,sign,22587.093112582,39.39900125260465,156.69500135118142,89.5489974936936,5.900001269765198,0.6830014172010124,292.2260027844459,1,1
1742,sign,22587.120622618,37.90399932768196,153.10399976442568,90.20700235851109,5.979996785754338,0.6610025593545288,287.8560007957276,1,1
1743,sign,22587.147229509,39.53700070269406,173.03400090895593,96.10299821360968,6.410002242773771,0.7199996616691351,315.8040017297026,1,1
1744,sign,22587.175968839,59.22099808230996,158.90999929979444,90.58599971467629,6.161000783322379,0.7760027074255049,315.65400058752857,1,1
1745,sign,22587.204302387,26.968002202920616,104.53699724166654,62.669001636095345,4.110999725526199,0.34199911169707775,198.62699991790578,1,1
1746,sign,22587.231891802,27.40900163189508,128.3149977098219,66.29100244026631,4.309000360080972,0.467000063508749,226.79100220557302,1,1
1747,sign,22587.264442591,37.82700150622986,154.10699779749848,89.66699897428043,6.013000529492274,0.6680020305793732,288.2820008380804,1,1
1748,sign,22587.289154079,52.93899812386371,164.65700173284858,91.28099918598309,6.14500095252879,0.6449990905821323,315.6669990858063,1,1
1749,sign,22587.314841675,18.95400055218488,74.56599996658042,43.88299930724315,2.7040005079470575,0.28399881557561457,140.39099914953113,1,1
1750,sign,22587.338924631,12.307998986216262,48.084999434649944,37.765003071399406,2.559998392825946,0.2359993231948465,100.9539992082864,1,1
1751,sign,22587.363874608,31.386000046040863,146.1040010326542,76.32699998794124,4.800000169780105,0.5639994924422354,259.18100072885863,1,1
1752,sign,22587.392098267,48.804002290125936,171.48400002042763,89.69999908003956,6.149999535409734,0.7359994924627244,316.8740004184656,1,1
1753,sign,22587.417343805,38.458001654362306,152.5449988548644,90.30000001075678,5.908001185161993,0.70999885792844,287.9210005630739,1,1
1754,sign,22587.441887059,42.64499875716865,196.39300080598332,94.87999705015682,6.232003215700388,0.7569979061372578,340.90699773514643,1,1
1755,sign,22587.46757138,28.768001357093453,77.02699804212898,42.535000829957426,3.315999492770061,0.6390000635292381,152.28499978547916,1,1
1756,sign,22587.492075048,22.966996766626835,62.30300277820788,39.873997593531385,1.906002580653876,0.24299879441969097,127.29299851343967,1,1
1757,sign,22587.522563607,39.71100159105845,158.19300097064115,92.90899834013544,5.9919984778389335,0.7360031304415315,297.5410025101155,1,1
1758,sign,22587.552700787,35.60400000424124,153.19399972213432,93.2889997784514,6.310001481324434,0.70999885792844,289.10699984407984,1,1
1759,sign,22587.578850323,26.298999728169292,104.44200233905576,79.8599976405967,4.104000254301354,0.46000059228390455,215.16500055440702,1,1
1760,sign,22587.604250844,14.298999303719029,57.254001148976386,30.724997486686334,2.0229999790899456,0.24400287657044828,104.54500079504214,1,1
1761,sign,22587.633439334,38.263999158516526,153.04900080082007,89.88199988380075,5.891000910196453,0.6709997251164168,287.7570004784502,1,1
1762,sign,22587.662383897,42.99400097806938,164.95399904670194,93.60900003230199,6.254998879740015,0.7460002962034196,308.55799923301674,1,1
1763,sign,22587.687636148,68.28600089647807,223.99899899028242,164.02400069637224,9.276001947000623,0.9349969332106411,466.519999463344,1,1
1764,sign,22587.713879607,24.499000573996454,114.97200102894567,63.13300036708824,3.9669976104050875,0.4569992597680539,207.0279988402035,1,1
1765,sign,22587.73835168,12.363998393993825,47.0000013592653,27.295998734189197,1.6810008673928678,0.2180022420361638,88.55900159687735,1,1
1766,sign,22587.763217569,24.8869982897304,104.17500016046688,61.14899952081032,3.797002136707306,0.4759967850986868,194.4839968928136,1,1
1767,sign,22587.79064883,40.00899934908375,159.5130015630275,86.71199975651689,5.629000952467322,0.714997440809384,292.57799906190485,1,1
1768,sign,22587.815466894,37.52100019482896,151.9899997219909,91.52900020126253,6.094000127632171,0.672000169288367,287.8060004150029,1,1
1769,sign,22587.839948854,38.78699862980284,165.99800073890947,79.67299825395457,5.656002031173557,0.6219997885636985,290.73599944240414,1,1
1770,sign,22587.864900498,11.749001714633778,50.062997615896165,28.208000003360212,1.944001269293949,0.1679982233326882,92.13199882651679,1,1
1771,sign,22587.890267279,39.114001992857084,126.2279984075576,71.16499909898266,6.367001333273947,0.6410009518731385,243.51500178454444,1,1
1772,sign,22587.920023366,34.90800008876249,138.30799798597582,78.04100096109323,5.280999175738543,0.586001988267526,257.1240001998376,1,1
1773,sign,22587.946336403,40.776998503133655,183.0059991334565,123.01199967623688,6.44400279270485,0.7259986887220293,353.9649987942539,1,1
1774,sign,22587.971531496,37.45699723367579,151.80600166786462,90.59700096258894,5.661000614054501,0.7279995770659298,286.2490000552498,1,1
1775,sign,22587.994824492,33.42899799463339,63.3509989711456,43.005002225982025,2.221000613644719,0.2950000634882599,142.300999868894,1,1
1776,sign,22588.019889306,15.13099778094329,56.06100239674561,30.42900061700493,2.157998096663505,0.21899904822930694,103.99799793958664,1,1
1777,sign,22588.047675725,31.457999284612015,132.3140022577718,74.7539997973945,4.727000487037003,0.5269976099953055,243.7799994368106,1,1
1778,sign,22588.072492881,40.03799767815508,170.03900211420842,105.47700003371574,13.439999747788534,0.9739997040014714,329.96799927786924,1,1
1779,sign,22588.097151125,39.345002733170986,157.30199811514467,90.21499863592908,5.735000740969554,0.6959999154787511,293.29300014069304,1,1
1780,sign,22588.122566066,29.378003091551363,115.8439990831539,71.42399772419594,4.755002009915188,0.37800054997205734,221.77900245878845,1,1
1781,sign,22588.147783994,29.298997105797753,101.72600013902411,57.864002883434296,3.8469988794531673,0.7540002116002142,193.48999921930954,1,1
1782,sign,22588.174604994,23.095999495126307,78.25799912097864,36.04000085033476,2.221000613644719,0.2489978214725852,139.863997901557,1,1
1783,sign,22588.201911824,32.57700154790655,158.78699923632666,78.95399903645739,5.200003215577453,0.6499976734630764,276.16800070973113,1,1
1784,sign,22588.228798415,39.168000512290746,156.62900113966316,109.08399781328626,6.251000741031021,0.772000930737704,311.9040011370089,1,1
1785,sign,22588.254519666,13.413999113254249,54.45100032375194,28.43400216079317,1.938999048434198,0.20899824448861182,98.44699889072217,1,1
1786,sign,22588.279451798,14.12499841535464,55.255000916076824,32.38700082874857,2.1179985196795315,0.2630004019010812,104.14799908176064,1,1
1787,sign,22588.305478664,40.642000385560095,160.48299949034117,91.662001068471,6.117999873822555,0.7550006557721645,299.660001473967,1,1
1788,sign,22588.330940177,78.13699994585477,239.56600125529803,152.18599946820177,8.143000741256401,0.8030001481529325,478.8350015587639,1,1
1789,sign,22588.35548236,55.63000013353303,169.82899978756905,92.6630018511787,6.005000614095479,0.7659982657060027,324.89300065208226,1,1
1790,sign,22588.380722331,13.883000065106899,55.6070008315146,30.91300095547922,2.02999945031479,0.2679989847820252,102.70100028719753,1,1
1791,sign,22588.405512987,12.69100175704807,51.295999583089724,28.872000257251784,1.8039972928818315,0.20300285541452467,94.86600174568594,1,1
1792,sign,22588.432158016,41.541999962646514,157.04600082244724,90.22499943966977,5.909001629333943,0.70999885792844,295.4320007120259,1,1
1793,sign,22588.457429909,38.36299947579391,151.94200022961013,89.3929973244667,5.683999916072935,0.6580012268386781,286.03999817278236,1,1
1794,sign,22588.481864355,36.268000258132815,167.8280023043044,91.1089991859626,5.572001100517809,0.7939997885841876,301.5710026375018,1,1
1795,sign,22588.505937879,32.955002097878605,134.81499991030432,81.54699753504246,4.224999429425225,0.8280003385152668,254.36999931116588,1,1
1796,sign,22588.530010446,13.24099866906181,52.92500281939283,27.914997190237045,1.8130012904293835,0.19200160750187933,96.08600157662295,1,1
1797,sign,22588.582689703,57.78500053565949,3.5990015021525323,2.2130006982479244,7.807000656612217,0.9329996828455478,72.33700307551771,1,0
1798,sign,22588.627781039,84.83700003125705,4.4480002543423325,2.52100289799273,10.504998499527574,1.0469993867445737,103.35800106986426,1,0
1799,sign,22588.672545746,31.36199666187167,1.8320024537388235,1.4049983292352408,4.630001058103517,0.3360000846441835,39.564998587593436,1,0
1800,sign,22588.717966013,146.04800162487663,9.87399835139513,5.363002856029198,24.59600000292994,1.591997715877369,187.47300055110827,1,0
1801,sign,22588.762731626,67.9420008964371,3.801997081609443,2.644002961460501,8.805996912997216,0.8020033419597894,83.99600119446404,1,0
1802,sign,22588.807647313,60.62700049369596,3.126002411590889,1.9769977370742708,7.672002539038658,0.6679983926005661,74.07000157400034,1,0
1803,sign,22588.853048515,157.32999963802285,9.213999874191359,4.541001544566825,22.616997739532962,1.6070007404778153,195.30899953679182,1,0
1804,sign,22588.89760013,37.55899888346903,2.2360000002663583,1.315002009505406,4.851000994676724,0.39099904824979603,46.352000936167315,1,0
1805,sign,22588.916629881,12.18199759023264,47.18100171885453,28.032998670823872,1.7120000848080963,0.21199957700446248,89.3199976417236,1,1
1806,sign,22588.942676591,24.43999983370304,96.41600263421424,56.25799894914962,3.730998287210241,0.4400026227813214,181.28500232705846,1,1
1807,sign,22588.971844989,55.917000281624496,180.93600010615773,109.66500121867284,6.289999873843044,0.8419992809649557,353.6500007612631,1,1
1808,sign,22589.002469493,43.32399839768186,163.5510016058106,90.75400157598779,6.723999831592664,0.6429982022382319,304.99599961331114,1,1
1809,sign,22589.033284249,70.3330006217584,266.85400007409044,94.22999937669374,7.590002496726811,0.8869974408298731,439.89400001009926,1,1
1810,sign,22589.061883997,13.697997928829864,54.29900193121284,31.641997338738292,2.1129999367985874,0.20200241124257445,101.95399954682216,1,1
1811,sign,22589.089161862,30.731000151718035,75.14000026276335,40.12299905298278,2.734999725362286,0.28399881557561457,149.01299800840206,1,1
1812,sign,22589.124998747,54.07799835666083,151.8460012448486,83.95799886784516,5.551002686843276,0.6249974831007421,296.0579986392986,1,1
1813,sign,22589.157437528,38.34000017377548,161.3610002095811,91.75699960906059,5.942998541286215,0.6830014172010124,298.0839999509044,1,1
1814,sign,22589.185413419,11.40400127042085,45.9789989690762,28.304999432293698,1.6939993656706065,0.1910011633299291,87.57300020079128,1,1
1815,sign,22589.213498109,17.13100209599361,67.93499778723344,39.307000406552106,2.5510016712360084,0.3159984771627933,127.24000043817796,1,1
1816,sign,22589.238682657,26.598998374538496,101.85400242335163,68.1569981679786,3.498000296531245,0.3660024958662689,200.47400175826624,1,1
1817,sign,22589.264364925,16.050002159317955,66.54599928879179,39.475999074056745,2.5289991754107177,0.3170025593135506,124.91800225689076,1,1
1818,sign,22589.292643379,37.74399738176726,149.48600073694251,90.59100193553604,5.928999598836526,0.6800000846851617,284.4299997377675,1,1
1819,sign,22589.318955903,22.1820009755902,89.99599958769977,49.702000978868455,4.437999450601637,0.3219975042156875,166.63999849697575,1,1
1820,sign,22589.346971826,19.26700133481063,91.15699867834337,46.350000047823414,3.064000338781625,0.366999302059412,160.20499970181845,1,1
1821,sign,22589.392756521,86.12300007371232,4.334000550443307,2.3120010155253112,10.215997463092208,0.9150026016868651,103.90000170446001,1,0
1822,sign,22589.437776832,66.53699892922305,3.4100012271665037,1.7469974409323186,7.473001460311934,0.809999619377777,79.97699867701158,1,0
1823,sign,22589.482650214,58.57900032424368,3.4799995773937553,2.064000000245869,7.351001841016114,0.5389993020799011,72.01300104497932,1,0
1824,sign,22589.498218957,47.10199937107973,174.8550021147821,89.57499812822789,5.0150010793004185,0.547999661648646,317.0950003550388,1,1
1825,sign,22589.524085187,66.46399924647994,237.4440009589307,104.97699986444786,6.094000127632171,0.7779999577905983,415.7570001552813,1,1
1826,sign,22589.548864628,57.130000641336665,267.55300132208504,92.13999874191359,5.558998964261264,0.6539994501508772,423.03599911974743,1,1
1827,sign,22589.573231307,49.64600157109089,178.9679990906734,113.6940009018872,6.300997483776882,0.6959999154787511,349.3049989629071,1,1
1828,sign,22589.596879446,34.99400190776214,130.29099864070304,49.353999202139676,2.692002453841269,0.890999217517674,218.2220014219638,1,1
1829,sign,22589.621216695,16.321999282808974,82.2850015538279,33.29399987705983,2.0369989215396345,0.2590022631920874,134.19700189842843,1,1
1830,sign,22589.646907694,33.91800055396743,157.39299851702526,79.0170015534386,5.077999958302826,0.6169975677039474,276.02299815043807,1,1
1831,sign,22589.670754338,61.72299981699325,270.5129991227295,153.1020025140606,8.724000508664176,1.0029980330727994,495.06499999552034,1,1
1832,sign,22589.696498304,59.67299875919707,233.67899848381057,131.1980013269931,6.696998752886429,0.8179995347745717,432.06499685766175,1,1
1833,sign,22589.721422846,23.369000700768083,83.25700036948547,49.84499901183881,2.921999112004414,0.2900014806073159,159.6830006747041,1,1
1834,sign,22589.745706334,18.72799839475192,63.810999563429505,29.92300142068416,2.0369989215396345,0.26500129024498165,114.7639995906502,1,1
1835,sign,22589.772272204,67.32999827363528,207.56400044774637,113.2280012825504,5.878999218111858,0.8079987310338765,394.8089979530778,1,1
1836,sign,22589.798790407,55.24399966816418,233.0490024178289,119.74099834333174,6.023998139426112,0.6770023901481181,414.73500095889904,1,1
1837,sign,22589.824827806,38.04800144280307,194.83199866954237,92.95400013797916,5.883000994799659,0.7550006557721645,332.47200190089643,1,1
1838,sign,22589.850285544,13.02100281463936,61.59999975352548,28.973998269066215,2.0379993657115847,0.2540000423323363,105.88700024527498,1,1
1839,sign,22589.877268348,14.373003068612888,57.43200017604977,32.37599958083592,2.0839979697484523,0.25999906938523054,106.52499986463226,1,1
1840,sign,22589.904948691,41.20700032217428,177.75100059225224,91.27399971475825,5.639998562401161,0.757998350309208,316.62999754189514,1,1
1841,sign,22589.93167211,39.52000042772852,158.4979981998913,99.07800267683342,7.613998604938388,0.8829993021208793,305.5929992115125,1,1
1842,sign,22589.957665368,14.306999219115824,58.74699854757637,50.5640018673148,3.477998689049855,0.2950000634882599,127.3909983865451,1,1
1843,sign,22589.984476454,13.740002032136545,52.58699820842594,31.118001061258838,2.0999978005420417,0.2220003807451576,99.76699948310852,1,1
1844,sign,22590.011528841,28.025999199599028,116.83499906212091,79.10899876151234,4.8100009735208005,0.5780020728707314,229.3580000696238,1,1
1845,sign,22590.039562165,48.88300099992193,183.34800188313238,82.20399831770919,4.903999069938436,0.5340007191989571,319.8730009899009,1,1
1846,sign,22590.064454885,14.9609986692667,56.36200148728676,33.337000786559656,2.1369996829889715,0.2490014594513923,107.04600208555348,1,1
1847,sign,22590.092362651,40.11599958175793,156.28499750164337,91.55700172414072,5.928999598836526,0.667001586407423,294.553999992786,1,1
1848,sign,22590.117131653,13.868997484678403,51.22400034451857,27.952999516855925,1.9140024960506707,0.18799983081407845,95.14799967291765,1,1
1849,sign,22590.141731976,14.84099993831478,55.34899901249446,29.92300142068416,2.1849991753697395,0.25700137484818697,102.55500092171133,1,1
1850,sign,22590.168270156,38.631002098554745,153.7669995741453,90.77299910131842,5.963000148767605,0.6730006134603173,289.8070015362464,1,1
1851,sign,22590.198589186,60.934002249268815,235.08500089519657,113.89799692551605,23.463002435164526,1.0000003385357559,434.3800028436817,1,1
1852,sign,22590.225027738,60.76799763832241,232.36500055645593,99.06100240186788,6.26399923930876,0.7109993021003902,399.16899913805537,1,1
1853,sign,22590.250513425,25.229001039406285,92.77600111090578,59.08000093768351,2.6529996830504388,0.27799978852272034,180.01600255956873,1,1
1854,sign,22590.276529193,19.137998606311157,59.54700100119226,31.49799886159599,2.010001480812207,0.2540000423323363,112.44699999224395,1,1
1855,sign,22590.30229969,20.41200059466064,79.59199865581468,45.20199945545755,2.9790026019327343,0.35099947126582265,148.53600077913143,1,1
1856,sign,22590.331501859,38.54199894703925,155.0740016682539,107.84699770738371,5.963000148767605,0.6810005288571119,308.1069990003016,1,1
1857,sign,22590.356088722,42.203999328194186,158.54299999773502,91.06699872063473,5.940000846749172,0.7070011633913964,298.4610000567045,1,1
1858,sign,22590.380176443,14.549001207342371,56.068998674163595,31.820000003790483,2.0950028556399047,0.2529995981603861,104.78600233909674,1,1
1859,sign,22590.405191229,21.175997972022742,86.02000161772594,47.12499867309816,3.1429990485776216,0.33300239010713995,157.7969997015316,1,1
1860,sign,22590.432163606,40.08999894722365,152.3079990874976,90.25699910125695,5.770001735072583,0.628999259788543,289.0539981308393,1,1
1861,sign,22590.45941038,38.28599801636301,144.4750014343299,84.50699897366576,5.269001121632755,0.6080008461140096,273.14500039210543,1,1
1862,sign,22590.484995384,77.18300184933469,230.01799854682758,109.48899944196455,5.860001692781225,0.752999767428264,423.3030012983363,1,1
1863,sign,22590.508455153,29.20799670391716,109.97800200129859,62.27999983821064,4.227000317769125,0.43199906940571964,206.12499793060124,1,1
1864,sign,22590.533567755,11.636999261099845,46.044002374401316,27.146998036187142,1.6939993656706065,0.18300124793313444,86.70500028529204,1,1
1865,sign,22590.559599031,38.95400004694238,176.2470019457396,92.19799903803505,6.094000127632171,0.7329981599468738,314.2259993182961,1,1
1866,sign,22590.587716811,56.667002354515716,215.8759998565074,121.78500037407503,7.008999091340229,0.8429997251369059,402.1800014015753,1,1
1867,sign,22590.614692727,37.9270022676792,152.03799921437167,90.76499918592162,5.683999916072935,0.619002094026655,287.0330026780721,1,1
1868,sign,22590.639600456,17.727998056216165,72.67500041052699,43.158001062693074,2.892000338761136,0.31399758881889284,136.76699745701626,1,1
1869,sign,22590.664534619,15.892997907940298,57.806999393505976,30.14899994013831,2.102002326864749,0.22299718693830073,106.17399675538763,1,1
1870,sign,22590.691411273,61.61399869597517,232.61499882210046,119.95100066997111,6.7639994085766375,0.8360002539120615,421.77999785053544,1,1
1871,sign,22590.716145058,62.839000747771934,237.39199968986213,159.8800008650869,8.456998330075294,0.9890027286019176,469.5570023613982,1,1
1872,sign,22590.741402462,60.53999823052436,232.71200188901275,159.22799866530113,8.125000022118911,0.8589995559304953,461.46399836288765,1,1
1873,sign,22590.766402838,31.442003091797233,130.39899931754917,76.79699774598703,4.712001100415364,0.6230002327356488,243.97300148848444,1,1
1874,sign,22590.790319427,14.00900146109052,53.32299770088866,29.26900197053328,1.8039972928818315,0.19500294001773,98.60000136541203,1,1
1875,sign,22590.815712031,22.58600216009654,92.09599738824181,54.497002565767616,3.820998244918883,0.3850000211969018,173.38500038022175,1,1
1876,sign,22590.841897249,40.25200178148225,188.84199744206853,93.30900138593279,6.0589991335291415,0.7710004865657538,329.23300022957847,1,1
1877,sign,22590.869575783,35.33000199240632,156.67499974370003,89.722998382058,5.796002369606867,0.576997990719974,288.1010004784912,1,1
1878,sign,22590.897413208,41.25299892621115,163.61700181732886,93.86199963046238,5.717000021832064,0.7640010153409094,305.21300141117536,1,1
1879,sign,22590.923828042,23.579999833600596,69.86800144659355,32.98099909443408,2.6339985197409987,0.24400287657044828,129.30700177093968,1,1
1880,sign,22590.94783011,12.951000826433301,51.367998821660876,30.381001124624163,1.8569990061223507,0.2080014382954687,96.76500121713616,1,1
1881,sign,22590.976961711,38.311998650897294,181.96800010628067,89.90000060293823,5.799000064143911,0.8330025593750179,316.8120019836351,1,1
1882,sign,22591.004634228,44.51700078789145,168.03999824333005,92.72199895349331,6.032001692801714,0.7779999577905983,312.0889996353071,1,1
1883,sign,22591.031440289,38.3830010832753,154.10899868584238,90.62400204129517,5.799996870337054,0.7770031515974551,289.69300183234736,1,1
1884,sign,22591.056408574,21.623000066028908,55.188000260386616,31.003997719381005,1.992000761674717,0.23200118448585272,110.0389999919571,1,1
1885,sign,22591.081369974,24.152999685611576,87.8630016813986,44.66300015337765,2.8719987312797457,0.3310015017632395,159.8820017534308,1,1
1886,sign,22591.108158443,38.051999581512064,174.53200052841567,122.6700005645398,5.978999979561195,0.7329981599468738,341.9659988139756,1,1
1887,sign,22591.135041484,38.37599797407165,157.46600183774717,132.17000014265068,7.358998118434101,0.9229988791048527,336.29399695200846,1,1
1888,sign,22591.161722643,40.818002162268385,160.8359998499509,110.59299868065864,6.441001460189,0.8319984772242606,319.5200006302912,1,1
1889,sign,22591.184739373,12.970001989742741,48.12299812329002,27.73500091279857,1.9069993868470192,0.21199957700446248,90.94699998968281,1,1
1890,sign,22591.213134155,24.859000404831022,93.37699884781614,54.49499803944491,3.50600021192804,0.39600126910954714,176.63299877312966,1,1
1891,sign,22591.239451477,37.91100243688561,155.27399955317378,85.36599852959625,5.466001312015578,0.7349990482907742,284.752000879962,1,1
1892,sign,22591.264266703,40.27999966638163,157.01799929956906,92.29799979948439,6.026999471941963,0.6800000846851617,296.3029983220622,1,1
1893,sign,22591.290927682,42.43299918016419,178.6620014172513,91.78400068776682,5.978999979561195,0.7960006769280881,319.6540019416716,1,1
1894,sign,22591.315830214,18.915998225566,77.73500328767113,44.70799831324257,3.0180017347447574,0.2989982021972537,144.67599976342171,1,1
1895,sign,22591.341047979,14.271998225012794,53.801002650288865,30.953000532463193,1.9569997675716877,0.2579981810413301,101.24099935637787,1,1
1896,sign,22591.367566585,39.53600025852211,159.8250019014813,94.9120003497228,6.230999133549631,0.8819988579489291,301.38600050122477,1,1
1897,sign,22591.393588019,38.868998672114685,155.19500084337778,91.83600195683539,5.620997399091721,0.6330010364763439,292.1539999078959,1,1
1898,sign,22591.418208371,42.19399852445349,155.04100156249478,90.0209997780621,5.732999852625653,0.7279995770659298,293.71699929470196,1,1
1899,sign,22591.442694712,39.54299972974695,156.86199913034216,91.16499859374017,5.71500277146697,0.714997440809384,293.9999976661056,1,1
1900,sign,22591.467912268,25.54900129325688,95.3739981923718,47.953002649592236,3.434997779550031,0.42800093069672585,172.73900084546767,1,1
1901,sign,22591.493470731,23.91900125076063,99.06099876388907,56.869001127779484,3.697001375257969,0.40499799069948494,183.95100050838664,1,1
1902,sign,22591.518626707,34.41599983489141,140.09600272402167,82.29399827541783,5.214002158027142,0.6679983926005661,262.6880013849586,1,1
1903,sign,22591.545405251,38.91500091413036,161.1970001249574,89.74599768407643,5.883000994799659,0.5850015440955758,296.32600126205944,1,1
1904,sign,22591.57099885,26.282999897375703,84.40800229436718,44.69099803827703,2.291002601850778,0.28199792723171413,157.9550007591024,1,1
1905,sign,22591.59553262,19.728002371266484,80.89599941740744,39.459999243263155,2.7050009521190077,0.2220003807451576,143.01100236480124,1,1
1906,sign,22591.622284733,26.97500167414546,74.15099753416143,38.43700324068777,2.7329988370183855,0.4069988790433854,142.70300016505644,1,1
1907,sign,22591.65046408,45.93999983626418,157.12299864389934,89.55199882620946,5.567002517636865,0.7279995770659298,298.90999940107577,1,1
1908,sign,22591.678601096,37.37500082934275,170.73200069717132,90.06099935504608,5.632999091176316,0.7590024324599653,304.5600024051964,1,1
1909,sign,22591.704176179,22.049000108381733,75.68300134153105,44.18800017447211,2.439999661874026,0.29700095183216035,144.65700223809108,1,1
1910,sign,22591.729826478,15.25499828858301,61.018999986117706,35.02800245769322,2.1140003809705377,0.28700014809146523,113.70300126145594,1,1
1911,sign,22591.758230013,65.70199911948293,236.91399837844074,155.12900063185953,7.992999599082395,1.0809999366756529,466.81899766554125,1,1
1912,sign,22591.785154111,68.55999890831299,263.6720018927008,163.39400099241175,9.16600038181059,0.9539980965200812,505.7460002717562,1,1
1913,sign,22591.811713227,60.24799949955195,244.23599825240672,157.61100075906143,8.31500074127689,0.9619980119168758,471.37199726421386,1,1
1914,sign,22591.836502514,43.96000076667406,123.07599899941124,85.01599950250238,4.705998435383663,0.5750007403548807,257.3329984443262,1,1
1915,sign,22591.861114034,15.62100078444928,60.844999097753316,28.930000553373247,1.9859980966430157,0.21500090952031314,107.59699944173917,1,1
1916,sign,22591.88720249,26.976998924510553,104.34700016048737,60.12700032442808,3.9330006984528154,0.4399989848025143,195.82399909268133,1,1
1917,sign,22591.913709706,56.92799823009409,215.39500085054897,151.25500067370012,8.00400084699504,0.8679999154992402,432.45000051683746,1,1
1918,sign,22591.94152538,40.54600140079856,187.14299949351698,92.4400010262616,5.918998795095831,0.6890004442539066,326.7370011599269,1,1
1919,sign,22591.965689848,36.145000194665045,141.42299914965406,83.87600246351212,5.214998964220285,0.5809997674077749,267.2400005394593,1,1
1920,sign,22591.989711181,11.501000699354336,47.551002353429794,27.756999770645052,1.6699996194802225,0.19299841369502246,88.67200085660443,1,1
1921,sign,22592.017357118,50.92799983685836,190.86900283582509,96.53199958847836,5.10400059283711,0.5789988790638745,344.0120017330628,1,1
1922,sign,22592.044447088,44.48300023796037,161.3710010133218,90.8760011952836,6.051999662304297,0.7639973773621023,303.5459994862322,1,1
1923,sign,22592.071643176,98.99399810819887,197.2780009964481,125.63999916892499,7.781000022077933,0.9200011845678091,430.6129994802177,1,1
1924,sign,22592.097094989,24.897999537643045,95.17700163996778,54.459000239148736,3.4859986044466496,0.40899976738728583,178.4289997885935,1,1
1925,sign,22592.122900431,12.877000699518248,49.33200034429319,28.53499972843565,1.7809979908633977,0.19399885786697268,92.71899762097746,1,1
1926,sign,22592.148522886,20.11900141951628,79.55499677336775,47.9300033475738,3.0749979487154633,0.31099989428184927,150.98999938345514,1,1
1927,sign,22592.176327323,30.990002414910123,121.46299923188053,69.75699943723157,4.39300129073672,0.5009969754610211,227.10399935021996,1,1
1928,sign,22592.200990787,54.33799742604606,158.4050005476456,93.2809998630546,6.868001946713775,0.7439994078595191,313.63599919131957,1,1
1929,sign,22592.226741802,16.19900285732001,69.98199751251377,37.050001992611215,2.3129978217184544,0.3130007826257497,125.8570009667892,1,1
1930,sign,22592.256261114,13.050001143710688,50.450002163415775,29.45300002465956,1.9740000425372273,0.19999788491986692,95.12700125924312,1,1
1931,sign,22592.285204344,22.02099858550355,96.29000123823062,55.99500218522735,3.4759978007059544,0.37399877328425646,178.15599858295172,1,1
1932,sign,22592.321862386,40.36599784740247,187.40200175670907,96.37800030759536,5.964997399132699,0.7130001904442906,330.8239975012839,1,1
1933,sign,22592.351458416,39.601000025868416,158.23300054762512,90.60799857252277,6.004000169923529,0.6250011210795492,295.0710004370194,1,1
1934,sign,22592.378339857,11.580999853322282,46.836998080834746,27.153000701218843,1.720000000204891,0.2220003807451576,87.51299901632592,1,1
1935,sign,22592.410683109,14.532000932376832,58.59299926669337,34.839998988900334,2.2029998945072293,0.2540000423323363,110.4219991248101,1,1
1936,sign,22592.43987701,36.91699748742394,181.685001734877,90.8719994185958,6.356000085361302,0.7259986887220293,316.5559974149801,1,1
1937,sign,22592.464195422,40.30200216220692,153.69099855888635,89.62400170275941,6.025999027770013,0.6699992809444666,290.31300073256716,1,1
1938,sign,22592.488168584,30.698000045958906,111.64299939991906,57.856999774230644,3.7009995139669627,0.41100065573118627,204.30999938980676,1,1
1939,sign,22592.513293856,11.507003364386037,47.943998652044684,27.645000955089927,1.6589983715675771,0.17799902707338333,88.93300037016161,1,1
1940,sign,22592.540616531,25.522000214550644,101.0429987218231,59.728998166974634,3.7990030250512064,0.46899731387384236,190.56199744227342,1,1
1941,sign,22592.566520139,33.942000300157815,140.29799785930663,83.63400047528557,5.5109994718804955,0.6059999577701092,263.9909980644006,1,1
1942,sign,22592.590935715,38.51099972962402,167.6379979471676,89.61999992607161,6.1060018197167665,0.7159978849813342,302.59099730756134,1,1
1943,sign,22592.619683118,38.366000808309764,238.4309991612099,153.86100130854174,7.228001777548343,0.9420000424142927,438.82800309802406,1,1
1944,sign,22592.645847603,14.532000932376832,51.158000133000314,27.815000066766515,2.0229999790899456,0.200001522898674,95.72800263413228,1,1
1945,sign,22592.671368337,15.222001820802689,57.628996728453785,32.92900146334432,2.176999259972945,0.23000029614195228,108.18699956871569,1,1
1946,sign,22592.694981864,96.59600254963152,261.53599901590496,104.83200094313361,7.216000085463747,0.9639989002607763,471.1440014943946,1,1
1947,sign,22592.719165766,106.28599920892157,260.13800015789457,112.07799980184063,7.024002115940675,1.3529970601666719,486.8789983447641,1,1
1948,sign,22592.743997891,142.54900088417344,329.78599847410806,149.57000166759826,9.16399949346669,1.567997969686985,632.6369984890334,1,1
1949,sign,22592.768133386,18.917002307716757,95.48299931338988,31.17500091320835,2.1429987100418657,0.23000029614195228,147.9480015404988,1,1
1950,sign,22592.791826198,40.8609994337894,101.69899906031787,40.14200021629222,2.9139991966076195,0.3210006980225444,185.93699860502966,1,1
1951,sign,22592.81867427,65.58399763889611,244.89299903507344,248.0550028849393,7.190999895101413,0.7809976523276418,566.5039971063379,1,1
1952,sign,22592.844060617,78.25400098226964,239.59499958436936,101.84799975831993,6.823000148870051,0.8649985829833895,427.3849990568124,1,1
1953,sign,22592.871496725,122.25399768794887,284.7010000550654,120.17200060654432,7.476999599020928,0.9659997886046767,535.5699977371842,1,1
1954,sign,22592.895044229,81.82300007320009,241.48900047293864,104.34099749545567,6.793001375626773,0.9629984560888261,435.40899787331,1,1
1955,sign,22592.918927675,68.49399869679473,179.48000095202588,34.962999052368104,2.5600020308047533,0.3929999365936965,285.89000066858716,1,1
1956,sign,22592.943636873,46.28700116882101,108.66600132430904,32.273997931042686,2.6289999368600547,0.5590009095612913,190.41500127059408,1,1
1957,sign,22592.97041837,92.46899935533293,312.72399792214856,166.55500076012686,31.839001167099923,1.6899975889828056,605.2769967936911,1,1
1958,sign,22592.995203681,64.97200229205191,236.63100000703707,100.22499918704852,6.782000127714127,0.8540009730495512,409.4640025869012,1,1
1959,sign,22593.026068476,41.0249995184131,156.1680001032073,90.35699986270629,6.188001862028614,0.6539994501508772,294.3920007965062,1,1
1960,sign,22593.053154837,13.39899972663261,51.728999096667394,29.951999749755487,2.173001121263951,0.2169981598854065,97.46999785420485,1,1
1961,sign,22593.083695242,25.261000700993463,109.46800102829002,59.734000387834385,3.8089965528342873,0.47000139602459967,198.74200006597675,1,1
1962,sign,22593.114600432,37.2200011042878,149.78900071582757,88.84699855116196,5.646001227432862,0.771997292758897,282.2739988914691,1,1
1963,sign,22593.145565075,38.3039987355005,153.41200196417049,92.48100104741752,5.750000127591193,0.7569979061372578,290.70399978081696,1,1
1964,sign,22593.175270348,13.894998119212687,61.781000113114715,31.927000236464664,1.8809987523127347,0.20500010577961802,109.68899732688442,1,1
1965,sign,22593.202016052,41.5659997088369,74.4419994589407,40.15300146420486,2.806998963933438,0.443000317318365,159.41099991323426,1,1
1966,sign,22593.228064197,42.119001591345295,164.33600103482604,91.47599848802201,6.161000783322379,0.7479975465685129,304.83999944408424,1,1
1967,sign,22593.253272654,38.299000152619556,153.46999862231314,90.73999899555929,5.985002644592896,0.6619993655476719,289.15599978063256,1,1
1968,sign,22593.278098069,43.124000512761995,162.73599976557307,91.82500070892274,6.414000381482765,0.7139969966374338,304.812998365378,1,1
1969,sign,22593.303197559,18.73000292107463,74.22899943776429,42.29399928590283,2.840999513864517,0.30199953471310437,138.39600069331937,1,1
1970,sign,22593.327798987,13.074000889901072,52.15599958319217,39.5399983972311,2.7240021154284477,0.3629975253716111,107.8569985111244,1,1
1971,sign,22593.354588502,52.70000110613182,229.04900106368586,181.45499780075625,11.240001185797155,1.61500065587461,476.0590018122457,1,1
1972,sign,22593.379112738,41.0210013797041,158.48499970161356,91.40199836110696,5.9060002968180925,0.6789996405132115,297.49299937975593,1,1
1973,sign,22593.405118906,48.51400080951862,172.00299771502614,93.9800011110492,5.915000656386837,0.7449998520314693,321.1570001440123,1,1
1974,sign,22593.429246049,31.801999284652993,122.72300227778032,69.43900007172488,4.3479994928929955,0.5139991117175668,228.82600023876876,1,1
1975,sign,22593.452721465,15.54999835207127,60.517002566484734,35.76699964469299,2.2719978005625308,0.25600093067623675,114.36199929448776,1,1
1976,sign,22593.47868268,27.489000785863027,108.73799692490138,87.38800170249306,4.401001206133515,0.5109977792017162,228.5269983985927,1,1
1977,sign,22593.505813849,36.789002479054034,166.8879995122552,94.90199954598211,6.71800080453977,0.6150003173388541,305.91200265916996,1,1
1978,sign,22593.53090381,45.67799987853505,187.5160014606081,90.5800006876234,6.10699862590991,0.7599992386531085,330.64099989132956,1,1
1979,sign,22593.557049095,40.66199835506268,156.14899893989787,89.63700020103715,5.83400105824694,0.6549998943228275,292.93699844856746,1,1
1980,sign,22593.580890558,12.933000107295811,51.33899685461074,30.711002182215452,1.8840000848285854,0.2079978003166616,97.07499702926725,1,1
1981,sign,22593.605628699,15.838002582313493,60.722999478457496,34.649998269742355,2.119999408023432,0.2720007614698261,113.6030005000066,1,1
1982,sign,22593.631854938,24.928998755058274,65.9100005577784,41.22199970879592,3.691999154398218,0.35600169212557375,136.1089998681564,1,1
1983,sign,22593.65628334,39.12000101990998,161.4360007806681,90.50999869941734,5.9869998949579895,0.672000169288367,297.7250005642418,1,1
1984,sign,22593.682239086,40.47200127388351,155.66499860142358,90.13100134325214,6.013000529492274,0.7429989636875689,293.02400071173906,1,1
1985,sign,22593.707659676,13.869997928850353,57.1570017200429,29.55699892481789,1.9760009308811277,0.20699735614471138,102.76699686073698,1,1
1986,sign,22593.731925645,11.124000593554229,46.74299998441711,34.01600042707287,1.7839993233792484,0.2090018824674189,93.87600221089087,1,1
1987,sign,22593.760033958,33.83200237294659,132.52399730845354,79.26900070742704,5.497000529430807,0.6350019248202443,251.75700284307823,1,1
1988,sign,22593.786779558,40.66700057592243,155.30100063188002,113.90399959054776,6.068999937269837,0.776999513618648,316.7180002492387,1,1
1989,sign,22593.813807548,38.31300273304805,175.8739999786485,95.33299817121588,6.035999831510708,0.6800000846851617,316.2360007991083,1,1
1990,sign,22593.840522176,14.201999874785542,50.28599844081327,28.247002774151042,1.8459977582097054,0.20500010577961802,94.78599895373918,1,1
1991,sign,22593.867738923,12.030999641865492,48.574001993983984,27.8349980362691,1.8749997252598405,0.21500090952031314,90.53000030689873,1,1
1992,sign,22593.89457505,38.491001760121435,161.60499944817275,90.0349987205118,5.881000106455758,0.7500020728912205,296.76200210815296,1,1
1993,sign,22593.91990982,37.85599983530119,166.4060000621248,91.28500096267089,5.848996806889772,0.6469999789260328,302.0429976459127,1,1
1994,sign,22593.944408895,39.583999750902876,161.45499830599874,93.12200199929066,5.965997843304649,0.7580019882880151,300.88499988778494,1,1
1995,sign,22593.969752473,14.501001714961603,61.296999774640426,44.63000004761852,2.4419969122391194,0.27400164981372654,123.1440000992734,1,1
1996,sign,22593.996816104,12.051998055540025,47.42300006910227,27.213001885684207,1.7589991330169141,0.19299841369502246,88.63999755703844,1,1
1997,sign,22594.02285251,34.242002584505826,158.4209967404604,86.08700227341615,5.621997843263671,0.6700029189232737,285.0420023605693,1,1
1998,sign,22594.04858995,39.786998968338594,156.60200006095693,89.38099927036092,5.945999873802066,0.7410017133224756,292.456999886781,1,1
1999,sign,22594.074635373,102.77600085828453,411.47500087390654,240.56300026131794,17.03899761196226,1.2840027920901775,773.1370023975614,1,1
2000,sign,22594.099418539,26.63999839569442,92.9790003283415,57.93400123366155,3.0369992600753903,0.3659988578874618,180.95599807566032,1,1
2001,sign,22594.123327794,13.622997357742861,54.31099998531863,30.60300150536932,1.8639984773471951,0.24800101527944207,100.64899834105745,1,1
2002,sign,22594.149933453,32.57299977121875,147.2509975428693,76.89000267419033,5.141999281477183,0.6310001481324434,262.486999417888,1,1
2003,sign,22594.176479427,45.52800237433985,160.2689990249928,91.29099998972379,5.6200005928985775,0.7509988790843636,303.4590008610394,1,1
2004,sign,22594.202542488,59.68999903416261,174.94399799034,93.6150026973337,6.237998604774475,0.6609989213757217,335.1479972479865,1,1
2005,sign,22594.227591212,20.920000679325312,112.41600077482872,51.52900121174753,3.5579978430178016,0.366999302059412,188.78999981097877,1,1
2006,sign,22594.25404785,56.8289979128167,114.75000064820051,65.2009985060431,3.5370030673220754,0.4039975465275347,240.72099768090993,1,1
2007,sign,22594.27995917,18.323000404052436,8.45199974719435,0.8780007192399353,85.43700096197426,0.6369991751853377,113.72700100764632,2,1
2008,sign,22594.307725489,61.30499969003722,158.4029996593017,107.56399933598004,7.875998562667519,0.7340022420976311,335.8819994900841,2,1
2009,sign,22594.333918839,58.190002164337784,179.8919984139502,89.67500252765603,7.53099811845459,0.8160022844094783,336.1040035088081,2,1
2010,sign,22594.362074065,22.275999072007835,53.485000535147265,32.764000934548676,2.524997398722917,0.22400126908905804,111.27399920951575,2,1
2011,sign,22594.388523831,20.808001863770187,56.86199801857583,43.25700137997046,2.655000571394339,0.24699693312868476,123.8289987668395,2,1
2012,sign,22594.415470953,59.03999772272073,160.32699932111427,90.00300269690342,7.631999324075878,0.7489979907404631,317.75099705555476,2,1
2013,sign,22594.445564692,100.20899935625494,238.58200074755587,139.60800060885958,8.822000381769612,0.8440001693088561,488.06500126374885,2,1
2014,sign,22594.4810985,101.349000033224,241.73500059987418,133.03800005814992,10.081999789690599,1.0889998520724475,487.29300033301115,2,1
2015,sign,22594.506279925,39.426999137504026,83.2049991004169,44.021999201504514,3.5080011002719402,0.261999957729131,170.4239984974265,2,1
2016,sign,22594.536779597,64.00100028258748,175.4119984980207,91.30800026468933,7.032998837530613,0.7449998520314693,338.4989977348596,2,1
2017,sign,22594.563427543,57.79200000688434,155.56100333924405,90.57999704964459,7.9740020737517625,0.672000169288367,312.5790026388131,2,1
2018,sign,22594.591902956,63.882001995807514,174.77899746154435,90.4300031834282,7.466998795280233,0.6379996193572879,337.1960010554176,2,1
2019,sign,22594.61943671,95.88100147084333,248.04999702610075,141.26500173006207,11.011001333827153,0.9679970389697701,497.1749985998031,2,1
2020,sign,22594.644250171,17.959999240702018,46.86600004788488,27.188998501515016,2.349999704165384,0.200001522898674,94.56499901716597,2,1
2021,sign,22594.673453792,29.5450008707121,89.2630014277529,45.50800076685846,3.678997018141672,0.29600050766021013,168.29100059112534,2,1
2022,sign,22594.705532321,66.05399903492071,175.69099873071536,135.1470018562395,8.169001375790685,0.8829993021208793,385.94400029978715,2,1
2023,sign,22594.734505048,93.86700185132213,175.43799913255498,92.31700096279383,7.775997801218182,0.7449998520314693,370.1429995999206,2,1
2024,sign,22594.760705974,55.9799991606269,192.62299974798225,163.5289991099853,11.748001270461828,0.953001290326938,424.8330005793832,2,1
2025,sign,22594.787942816,19.324997992953286,58.870002249022946,29.738999728579074,2.5789995561353862,0.22099993657320738,110.7339994632639,2,1
2026,sign,22594.815259027,39.774000470060855,106.52099808794446,61.085000197635964,5.059002432972193,0.47799767344258726,212.91699886205606,2,1
2027,sign,22594.844531175,59.785001212731004,159.67799845384434,89.54399891081266,7.458002073690295,0.7269991328939795,317.1919997839723,2,1
2028,sign,22594.872392042,57.85999746876769,157.2030014358461,90.06400068756193,7.811999239493161,0.6589980330318213,313.5979968647007,2,1
2029,sign,22594.898901937,32.76700226706453,102.5019992084708,53.41200085240416,4.503999662119895,0.4579997039400041,193.6430016939994,2,1
2030,sign,22594.92928488,22.610998712480068,59.17400267207995,29.659000574611127,2.486998710082844,0.19599974621087313,114.12700041546486,2,1
2031,sign,22594.956790205,19.117000192636624,51.54899918125011,29.620001441799104,2.472999767633155,0.17799902707338333,102.93699961039238,2,1
2032,sign,22594.985812103,67.66799924662337,206.81000023614615,102.98999768565409,8.863000402925536,0.8429997251369059,387.17399729648605,2,1
2033,sign,22595.012025608,61.37099990155548,163.49499856005423,90.22700032801367,7.44700082577765,0.6990012479946017,323.23900086339563,2,1
2034,sign,22595.039341339,22.199998056748882,59.755002439487725,32.11299917893484,2.9990005714353174,0.2589986252132803,117.32599887182005,2,1
2035,sign,22595.066356818,21.965999621897936,59.147001593373716,33.470998459961265,2.7839996619150043,0.28700014809146523,117.65499948523939,2,1
2036,sign,22595.094090199,62.060000345809385,161.14300160552375,89.31499905884266,7.652997737750411,0.743002601666376,320.9140013495926,2,1
2037,sign,22595.120294166,59.33599823038094,153.7550015200395,90.57100032805465,7.904996891738847,0.6990012479946017,312.26599821820855,2,1
2038,sign,22595.147304553,64.96700007119216,173.10999828623608,91.64500079350546,8.126000466290861,0.7929993444122374,338.6409989616368,2,1
2039,sign,22595.172555438,19.25100150401704,49.96799907530658,28.545000532176346,2.4469991330988705,0.16600097296759486,100.37700121756643,2,1
2040,sign,22595.199379528,36.25799945439212,89.28600072977133,50.96200038678944,4.293000529287383,0.3979985194746405,181.19699961971492,2,1
2041,sign,22595.226613572,58.10900256619789,153.12200048356317,88.51500024320558,7.543996616732329,0.6640002538915724,307.95400016359054,2,1
2042,sign,22595.255116104,72.71100184880197,192.51800040365197,94.51399819226936,8.080001862253994,0.7309972716029733,368.55399957858026,2,1
2043,sign,22595.279538171,57.603003369877115,152.95899720513262,88.97199950297363,7.337002898566425,0.5869987944606692,307.45800177101046,2,1
2044,sign,22595.306047653,38.19699850282632,97.4060021690093,49.491998652229086,4.012999852420762,0.38299913285300136,189.49099830933847,2,1
2045,sign,22595.332762331,19.36799890245311,50.50999970990233,29.107002774253488,2.368000423302874,0.2399974619038403,101.59299927181564,2,1
2046,sign,22595.359319239,50.23500125389546,136.98499969905242,78.42799823265523,6.673999450867996,0.5930014594923705,272.9150000959635,2,1
2047,sign,22595.385536196,57.3029974475503,153.33000192185864,89.52699863584712,7.614999049110338,0.7330017979256809,308.5079988522921,2,1
2048,sign,22595.413604152,63.694002164993435,163.2899984542746,90.59899821295403,7.72400017012842,0.7350026862695813,326.0420016886201,2,1
2049,sign,22595.442041899,29.508999432437122,72.89700079127215,36.08499901019968,3.203000233042985,0.2800006768666208,141.97400014381856,2,1
2050,sign,22595.468577117,26.596000680001453,73.01999721676111,51.161001465516165,3.324999852338806,0.3259992809034884,154.42799849552102,2,1
2051,sign,22595.495447834,104.72600115463138,376.5980000025593,180.13599765254185,12.692999007413164,0.9380019037052989,675.090999720851,2,1
2052,sign,22595.521875181,73.29400250455365,215.14399850275367,97.87299859453924,7.922000804683194,0.8440001693088561,395.0770005758386,2,1
2053,sign,22595.549508481,58.45800114911981,157.0130007166881,89.99499914352782,7.874998118495569,0.667001586407423,314.00800071423873,2,1
2054,sign,22595.574545776,22.557000193046406,53.80800212151371,28.492999263107777,2.2950007405597717,0.20999868866056204,107.36300100688823,2,1
2055,sign,22595.603328227,22.791999072069302,58.52200047229417,35.79099939088337,2.7280002541374415,0.2490014594513923,120.08200064883567,2,1
2056,sign,22595.629829272,30.41200034203939,86.43399996799417,73.84499986073934,4.875000740867108,0.4579997039400041,196.02400061558,2,1
2057,sign,22595.656737399,75.36900011473335,261.32899802178144,107.2550003300421,8.343002264155075,0.7269991328939795,453.02299986360595,2,1
2058,sign,22595.683983838,81.86600098269992,167.36199904698879,93.38300151284784,7.929997082101181,0.7760027074255049,351.3170013320632,2,1
2059,sign,22595.709827234,19.741997675737366,73.29400250455365,30.924999009585008,2.4369983293581754,0.23000029614195228,126.62799781537615,2,1
2060,sign,22595.735421442,20.658997527789325,55.31300121219829,30.611001420766115,2.5189983716700226,0.2529995981603861,109.35499813058414,2,1
2061,sign,22595.763376208,50.72799831395969,145.0180025130976,77.22699956502765,6.952999683562666,0.6209993443917483,280.54699942003936,1,1
2062,sign,22595.79366423,37.689998862333596,152.94599870685488,90.85000056074932,5.934001819696277,0.690997694619,288.1109976442531,1,1
2063,sign,22595.822951184,23.038999643176794,105.06800026632845,53.77100023906678,3.460001607891172,0.4759967850986868,185.8139985415619,1,1
2064,sign,22595.850698929,13.214001228334382,54.578998970100656,31.274001230485737,2.0999978005420417,0.21199957700446248,101.37899880646728,1,1
2065,sign,22595.880762043,36.541998269967735,148.24300160398707,102.33299690298736,5.981000867905095,0.6580012268386781,293.75699887168594,1,1
2066,sign,22595.907384323,38.630001654382795,149.82099673943594,84.81900295009837,5.747999239247292,0.6609989213757217,279.6789995045401,1,1
2067,sign,22595.935557914,37.534999137278646,152.34600141411647,90.77199865714647,6.590002158191055,0.6989976100157946,287.94199897674844,1,1
2068,sign,22595.963031427,13.231001503299922,52.63099956209771,28.045000362908468,1.8289974832441658,0.21700179786421359,95.95300070941448,1,1
2069,sign,22595.990474711,12.352000339888036,47.33099922304973,28.056998417014256,1.9840008462779224,0.23000029614195228,89.9539991223719,1,1
2070,sign,22596.017549093,20.718998712254688,9.871000656858087,1.0179974196944386,41.71300315647386,0.42399915400892496,73.74499909929,2,1
2071,sign,22596.045292036,61.43900100141764,160.38799731177278,91.1210008780472,7.951999577926472,0.8150018402375281,321.7150006094016,2,1
2072,sign,22596.071377236,60.184000176377594,174.59299851907417,95.60700345900841,8.502000127919018,1.0809999366756529,339.96700221905485,2,1
2073,sign,22596.097390676,27.867998142028227,70.15899973339401,41.04800245841034,3.4429976949468255,0.3029999788850546,142.82099800766446,2,1
2074,sign,22596.12473684,19.398001313675195,55.52099901251495,28.454000130295753,2.7290006983093917,0.20699735614471138,106.30899851094,2,1
2075,sign,22596.152425222,28.43000038410537,72.9669991414994,43.37599966675043,3.6230012483429164,0.31399758881889284,148.709998029517,2,1
2076,sign,22596.182506108,57.684999774210155,156.75699978601187,90.75999696506187,7.619000825798139,0.6830014172010124,313.50399876828305,2,1
2077,sign,22596.210139015,60.468002629932016,154.80499860132113,90.23299935506657,7.796999852871522,0.6770023901481181,313.98000282933936,2,1
2078,sign,22596.238683613,22.126001567812636,58.09700087411329,33.06599683128297,3.011002263519913,0.24299879441969097,116.5430003311485,2,1
2079,sign,22596.268012102,41.687002521939576,118.92099792021327,49.90000161342323,4.176999937044457,0.48199945013038814,215.16700144275092,2,1
2080,sign,22596.293552986,72.48099791468121,157.9490017320495,76.96000102441758,5.254998541204259,0.7160015229601413,313.3610007353127,2,1
2081,sign,22596.321742927,50.76899833511561,107.11499999160878,32.44099934818223,2.8840004233643413,0.3029999788850546,193.51199807715602,2,1
2082,sign,22596.347579701,78.76499876147136,210.7640029862523,57.71999713033438,5.164001777302474,0.4309986252337694,352.8439992805943,2,1
2083,sign,22596.373117589,48.261001211358234,103.33099999115802,32.30700167478062,3.0769988370593637,0.29700095183216035,187.2730026661884,2,1
2084,sign,22596.403237961,138.37000005878508,334.09300158382393,155.4099981149193,11.842999811051413,1.0889998520724475,640.8049994206522,2,1
2085,sign,22596.432572736,104.95799870113842,244.23899958492257,127.22199971904047,9.309002052759752,0.8669994713272899,486.5949995291885,2,1
2086,sign,22596.461525792,113.4309968620073,244.08000172115862,102.5240017042961,9.149000106845051,1.2589989637490362,470.4429993580561,2,1
2087,sign,22596.489645145,20.453000615816563,102.78400077368133,31.456998840440065,2.333999873371795,0.2400010998826474,157.2680012031924,2,1
2088,sign,22596.516870673,33.60199843882583,68.42400034656748,38.95600093528628,3.0379997042473406,0.23400207282975316,144.2540014977567,2,1
2089,sign,22596.543968801,199.1219978663139,37.846999475732446,4.432000423548743,131.70199963496998,1.448002876713872,374.55100027727894,3,1
2090,sign,22596.570836179,117.70300261559896,269.30999956675805,115.97499906201847,10.148000001208857,1.1459997040219605,514.2820009496063,3,1
2091,sign,22596.59879468,120.52099918946624,252.957997872727,95.90999979991466,10.217001545242965,1.0209987522102892,480.62699715956114,3,1
2092,sign,22596.626354381,80.23200280149467,135.16599938157015,35.43799903127365,3.8130019675008953,1.0029980330727994,255.65200121491216,3,1
2093,sign,22596.653252382,57.10100231226534,141.47799811325967,52.24300184636377,4.80900052934885,0.45499837142415345,256.0860011726618,3,1
2094,sign,22596.681585563,179.2639995983336,366.26799919758923,150.66400010255165,14.23199864802882,1.2540003808680922,711.6819979273714,3,1
2095,sign,22596.709928405,145.85400276700966,247.23199749132618,93.9920028031338,9.469000360695645,0.8849965524859726,497.43199997465126,3,1
2096,sign,22596.737310223,131.62299728719518,272.9820007516537,112.5980015785899,10.838000889634714,1.0320000001229346,529.0730005071964,3,1
2097,sign,22596.764431813,64.72200038842857,129.0459986194037,39.50400059693493,4.412999260239303,0.4079993232153356,238.09299818822183,3,1
2098,sign,22596.791352137,40.206999983638525,95.16700083622709,31.26199953840114,3.3130017982330173,0.2630004019010812,170.21200255840085,3,1
2099,sign,22596.818837586,108.58799942070618,240.829998801928,95.04099944024347,10.947002010652795,0.7919989002402872,456.19799857377075,2,1
2100,sign,22596.847435635,111.81899753864855,26.469002477824688,2.8429967642296106,83.95000259042718,1.1299998732283711,226.2109992443584,2,1
2101,sign,22596.877226693,148.4200001868885,30.086001061135903,2.983000740641728,88.28499994706362,1.076998159987852,270.8510000957176,2,1
2102,sign,22596.904256686,115.58899859664962,25.75699909357354,3.2330026442650706,72.3409975762479,0.6320005923043936,217.55199850304052,2,1
2103,sign,22596.932330381,76.761996751884,17.399001080775633,2.1570012904703617,52.15999772190116,0.6270020094234496,149.1049988544546,2,1
2104,sign,22596.959673303,105.89199882815592,268.2919985090848,104.74000009708107,8.703002094989643,0.9949981176760048,488.62199764698744,2,1
2105,sign,22596.985851042,53.37099719326943,141.0710028721951,50.950999138876796,5.508998583536595,0.5580004653893411,251.45999825326726,2,1
2106,sign,22597.013932002,94.40299982088618,234.35100229107775,111.10099876532331,8.500999683747068,0.7700000423938036,449.1260006034281,2,1
2107,sign,22597.039203201,41.78500239504501,109.10600030911155,34.86199784674682,3.4270015021320432,0.3269997250754386,189.50700177811086,2,1
2108,sign,22597.064507023,72.92300142580643,145.62700016540475,59.64999945717864,4.680001438828185,0.5900001269765198,283.4700026141945,2,1
2109,sign,22597.091988978,111.93899990757927,222.50499750953168,108.15499990712851,8.258000889327377,0.8150018402375281,451.67200005380437,2,1
2110,sign,22597.119492852,136.33699927595444,322.8349996788893,179.5089992810972,13.474000297719613,1.2419986887834966,653.396997222444,2,1
2111,sign,22597.159212489,106.61999840522185,313.9649998047389,168.495000252733,19.869999960064888,1.8370010366197675,610.7869994593784,2,1
2112,sign,22597.174291635,60.577996919164434,119.21300028916448,34.706001315498725,3.64600055036135,0.4210014594718814,218.56400053366087,2,1
2113,sign,22597.202898607,98.00300176721066,213.30999879864976,65.76799933100119,5.631998647004366,0.5700021574739367,383.2830007013399,2,1
2114,sign,22597.229515779,72.82899969140999,160.6820005690679,59.157999203307554,5.232999683357775,0.5770016286987811,298.479000775842,2,1
2115,sign,22597.257358576,137.5659994664602,256.37100043240935,102.20499825663865,8.443003025604412,0.9279974619857967,505.5129986430984,2,1
2116,sign,22597.283952377,104.290997114731,236.6090011491906,98.9600011962466,7.891998393461108,0.8429997251369059,448.5949975787662,2,1
2117,sign,22597.310521494,63.26299990178086,128.69199781562202,39.7890034946613,4.66799974674359,1.0469993867445737,237.45900034555234,2,1
2118,sign,22597.338318968,121.29500100854784,250.88999973377213,115.9269995696377,9.51300171436742,1.0639996617101133,498.6890016880352,2,1
2119,sign,22597.365946398,181.993000296643,352.1840008033905,169.61099754553288,13.369000953389332,1.5330006135627627,718.6900002125185,2,1
2120,sign,22597.391560286,116.73300105030648,264.95999918552116,132.427998323692,9.069000952877104,0.9450013749301434,524.1350008873269,2,1
2121,sign,22597.41710698,135.5720014544204,277.21399965230376,108.78600005526096,9.535000572213903,0.8829993021208793,531.9900010363199,2,1
2122,sign,22597.441996044,64.00500205927528,117.405998025788,37.12900070240721,3.2429998100269586,0.3440000000409782,222.12700059753843,2,1
2123,sign,22597.467846435,51.10400161356665,184.1060002334416,65.23299816763029,5.149999196873978,0.5080000846646726,306.1009992961772,2,1
2124,sign,22597.497228907,93.27999941888265,224.93399956147186,120.29000208713114,9.643001249060035,1.2939999578520656,449.44100227439776,2,1
2125,sign,22597.525541267,100.6419988698326,252.89299810538068,100.62800356536172,26.894998882198706,0.9360010153613985,481.9940004381351,2,1
2126,sign,22597.551376081,117.52200225600973,269.0699984668754,108.50100079551339,9.534000128041953,1.0119983926415443,505.639000039082,2,1
2127,sign,22597.57760483,71.59300002967939,154.82700109714642,36.32700099842623,4.882997018285096,0.8189999789465219,268.44899912248366,2,1
2128,sign,22597.603743023,164.4790027057752,233.54299992206506,78.98399780970067,6.42200029687956,0.6900008884258568,484.11800162284635,2,1
2129,sign,22597.634839241,102.31399937765673,270.9559994400479,122.2220016643405,9.398998372489586,0.9470022632740438,505.83800111780874,2,1
2130,sign,22597.665991244,123.39599925326183,245.61000100220554,104.03600026620552,8.838000212563202,0.8489987521898001,482.7289994864259,2,1
2131,sign,22597.695243793,42.93799793231301,10.899002518272027,1.1599986464716494,35.10799797368236,0.376003299606964,90.48100037034601,2,1
2132,sign,22597.722359714,62.62500028242357,13.860000763088465,1.5639998309779912,42.84999886294827,0.5610017979051918,121.46000153734349,2,1
2133,sign,22597.749678417,101.71699977945536,23.220000002766028,2.6750021788757294,73.71799802058376,1.1369993444532156,202.4669993261341,2,1
2134,sign,22597.777778029,108.75299994950183,25.658999220468104,3.0099981813691556,80.4049996077083,1.4270008250605315,219.25399778410792,2,1
2135,sign,22597.804590396,124.73799870349467,27.310001314617693,2.8089998522773385,98.32899741013534,1.0870026017073542,254.2729998822324,2,1
2136,sign,22597.831468552,77.85299749230035,16.259000403806567,1.8669998098630458,48.51300036534667,0.6650006980635226,145.15699876938015,2,1
2137,sign,22597.857527299,46.251003368524835,10.263996955472976,0.9980030881706625,36.65499752969481,0.4030007403343916,94.57100168219768,2,1
2138,sign,22597.884653733,101.48200090043247,26.015000912593678,2.6939997042063624,82.99799810629338,1.1610027286224067,214.3500023521483,2,1
2139,sign,22597.915067976,88.7099995452445,25.95400292193517,2.378998033236712,85.90899960836396,0.9430004865862429,203.89500059536658,2,1
2140,sign,22597.945565014,104.41300037200563,26.03299799375236,2.9380025807768106,79.6269996499177,1.100997906178236,214.11199850263074,2,1
2141,sign,22597.970067701,62.508999690180644,18.601000192575157,1.748998329276219,57.57600229117088,0.3539971658028662,140.78899766900577,2,1
2142,sign,22597.997481725,71.24499825295061,150.9590001660399,53.9760003448464,5.152000085217878,0.5160000000614673,281.84799884911627,2,1
2143,sign,22598.028595043,80.9640005172696,184.4569997047074,70.3349978721235,5.43700298294425,1.047999830916524,342.2410009079613,2,1
2144,sign,22598.057844362,84.97399903717451,178.61800006357953,66.1529993521981,20.57400342891924,0.9349969332106411,351.253998815082,2,1
2145,sign,22598.083024685,114.62600014056079,246.51800049468875,131.09800056554377,9.540999599266797,0.8600000001024455,502.64300080016255,2,1
2146,sign,22598.110586638,50.6430005771108,115.19200052134693,33.77599932719022,3.2040006772149354,0.42800093069672585,203.2430020335596,2,1
2147,sign,22598.138950207,146.35499974247068,26.31399911479093,2.2269996406976134,83.49700146936812,0.9789982868824154,259.37199825420976,2,1
2148,sign,22598.164446051,71.43000038922764,13.932000001659617,1.3950011634733528,41.94799839751795,0.5360016075428575,129.24100155942142,2,1
2149,sign,22598.200741031,182.92399909114465,53.83200186770409,5.526999302674085,165.68700084462762,1.5839978004805744,409.553998906631,2,1
2150,sign,22598.227093844,57.3029974475503,15.93500201124698,1.4689976524095982,42.130999645451084,0.37800054997205734,117.21599730663002,2,1
2151,sign,22598.255906137,58.29899964737706,144.3879991711583,38.00999911618419,3.5510020097717643,0.371997884940356,244.61999782943167,2,1
2152,sign,22598.283229775,130.4460020037368,350.0829989206977,122.59800132596865,10.161998943658546,0.9920004231389612,614.2810016172007,2,1
2153,sign,22598.314139295,114.48000077507459,249.16999973356724,120.26600234094076,11.726999218808487,1.3719982234761119,497.0150002918672,2,1
2154,sign,22598.346857815,92.32900265487842,270.33500009565614,102.16499867965467,8.386999979848042,0.7249982445500791,473.94099965458736,2,1
2155,sign,22598.377630846,22.504998923977837,57.40200140280649,33.56999877723865,2.839002263499424,0.2359993231948465,116.55200069071725,2,1
2156,sign,22598.404023331,23.800999770173803,63.24599962681532,33.91399877727963,3.012002707691863,0.29299917514435947,124.26600005710497,2,1
2157,sign,22598.430225931,106.81999992812052,262.10299984086305,100.32200225396082,8.284998330054805,0.872001692187041,478.40200204518624,2,1
2158,sign,22598.458943377,116.73299741232768,227.6779996464029,94.69900032854639,8.21100184111856,0.8200004231184721,448.140999651514,2,1
2159,sign,22598.484467878,87.75800233706832,198.7569994525984,81.39099736581556,6.910002412041649,1.1299998732283711,375.9460014407523,2,1
2160,sign,22598.509702965,50.54500070400536,111.84899994987063,31.98999911546707,3.2520001695957035,0.3400018613319844,197.97600180027075,2,1
2161,sign,22598.5378433,102.78799891239032,251.06099928962067,90.01700163935311,8.43800080474466,0.8040005923248827,453.10800123843364,2,1
2162,sign,22598.565186602,112.25699927308597,254.25599960726686,102.49199840473011,9.163002687273547,0.8869974408298731,479.05499741318636,2,1
2163,sign,22598.590899942,92.58100180886686,260.7139977044426,100.83900269819424,8.15800012787804,0.8019997039809823,463.0940020433627,2,1
2164,sign,22598.616435402,107.43500024545938,267.1209986147005,102.02600242337212,8.58999919728376,6.610000127693638,491.7820006085094,2,1
2165,sign,22598.641566615,56.46399949910119,115.19300096551888,35.33500057528727,3.306999133201316,0.36900019040331244,210.66800036351196,2,1
2166,sign,22598.667885952,92.0550010050647,235.38800087408163,76.89899939578027,7.170998287620023,0.6840018613729626,412.1970014239196,2,1
2167,sign,22598.694785832,98.88699787552468,272.853001661133,104.39399920869619,8.327999239554629,0.8569986675865948,485.3189966524951,2,1
2168,sign,22598.721314721,113.65600221324712,249.10399952204898,103.01599832018837,8.226001227740198,0.9479990694671869,474.95000035269186,2,1
2169,sign,22598.746685286,102.56999667035416,258.2520028227009,107.88299914565869,9.134000720223412,0.8839997462928295,478.72299910523,2,1
2170,sign,22598.77173931,62.71399979596026,135.69899965659715,32.32000017305836,3.4389995562378317,0.4350004019215703,234.60699958377518,2,1
2171,sign,22598.799861319,82.61300172307529,203.82799993967637,76.7759993323125,6.488000508397818,0.7939997885841876,370.49900129204616,2,1
2172,sign,22598.829687985,95.52900155540556,255.73899984010495,112.4400005210191,8.545997843611985,0.8750030247028917,473.1290027848445,2,1
2173,sign,22598.856275847,116.52000102913007,256.0869979788549,102.23299977951683,8.671002433402464,0.9399991540703923,484.4510003749747,2,1
2174,sign,22598.883549698,60.68299990147352,142.6150010956917,66.77499914076179,5.410001904238015,0.45599881559610367,275.93900085776113,2,1
2175,sign,22598.91226091,24.711000151000917,81.17199831758626,45.480999688152224,3.0459996196441352,0.26099951355718076,154.67099728994071,2,1
2176,sign,22598.939410325,26.983998395735398,71.53999831643887,40.886003262130544,3.3869982871692628,0.3360000846441835,143.13299834611826,2,1
2177,sign,22598.969935752,113.10799891361967,235.29499958385713,104.11800030851737,7.951999577926472,0.7660019036848098,461.23900028760545,2,1
2178,sign,22598.999534711,97.29599696584046,233.31400007009506,115.69900016183965,8.238999726017937,0.8390015864279121,455.386998510221,2,1
2179,sign,22599.027226558,19.768001948250458,53.08400068315677,28.929000109201297,2.3089996830094606,0.22299718693830073,104.31299961055629,2,1
2180,sign,22599.055713335,20.469000446610153,54.65099820867181,31.119001505430788,2.712000423343852,0.2359993231948465,109.18699990725145,2,1
2181,sign,22599.086479158,42.77300104149617,111.47300028824247,63.88100155163556,5.246998625807464,0.6250011210795492,223.99900262826122,2,1
2182,sign,22599.117596316,57.75099998572841,149.99999984866008,87.34400034882128,7.018999895080924,0.7279995770659298,302.84199965535663,2,1
2183,sign,22599.144702326,57.93899981654249,160.90999997686595,156.52799993404187,8.41899964143522,0.857999111758545,384.6539984806441,2,1
2184,sign,22599.170162762,27.98200148390606,84.65399878332391,37.38099985639565,4.817000444745645,0.2910019247792661,155.12500249315053,2,1
2185,sign,22599.196203215,28.79800013033673,77.9289985075593,43.121999624418095,3.7620011426042765,0.3230015863664448,153.93400099128485,2,1
2186,sign,22599.225321241,61.905000620754436,167.25800014683045,91.4999982342124,7.86400050856173,0.7070011633913964,329.2340006737504,2,1
2187,sign,22599.253896665,58.000001445179805,173.70899877278134,88.3169996086508,7.406000804621726,0.6619993655476719,328.09399999678135,2,1
2188,sign,22599.287085201,64.71600136137567,167.2549988143146,91.23700147029012,7.768998329993337,0.7220005500130355,331.6990005259868,2,1
2189,sign,22599.316379748,21.81799936806783,56.27000064123422,31.769999623065814,2.6890011213254184,0.21199957700446248,112.75900033069775,2,1
2190,sign,22599.344626663,23.924996639834717,62.48499994399026,35.6010023097042,3.2509997254237533,0.26999987312592566,125.53199849207886,2,1
2191,sign,22599.375726049,82.07000064430758,190.17800150322728,101.77500007557683,6.369999027810991,0.6640002538915724,381.05700150481425,2,1
2192,sign,22599.406148313,114.40600064815953,282.7480020641815,105.53799802437425,8.581999281886965,0.8400020305998623,512.1140020492021,2,1
2193,sign,22599.433843205,19.342001905897632,49.41799852531403,28.124999516876414,2.4860019038897008,0.21599771571345627,99.58699956769124,2,1
2194,sign,22599.461656839,74.92099757655524,154.13400251418352,52.35799835645594,4.854999133385718,0.481002643937245,286.74900022451766,2,1
2195,sign,22599.492256092,94.79800064582378,238.95300182630308,101.1139975162223,8.095001248875633,0.7710004865657538,443.73100172379054,2,1
2196,sign,22599.522369656,100.8220024232287,241.12399842124432,103.25200128136203,8.6759973783046,0.8570023055654019,454.73100180970505,2,1
2197,sign,22599.548767336,72.4259989510756,198.67100127157755,77.60299922665581,6.253001629374921,0.6759983079973608,355.62899938668124,2,1
2198,sign,22599.573946563,51.53900201548822,133.6779969278723,35.30800313455984,3.530996764311567,0.36000346881337464,224.4160023110453,2,1
2199,sign,22599.601282134,54.1179979336448,149.1229995735921,76.17700248374604,6.256999768083915,0.6659975042566657,286.3409972633235,2,1
2200,sign,22599.630745417,29.6320031338837,79.80599912116304,44.37600000528619,3.76499883714132,0.3300010575912893,157.90900215506554,2,1
2201,sign,22599.659519716,47.68000144395046,126.05500160134397,70.78599810483865,10.812000255100429,0.6340014806482941,255.9670028858818,1,1
2202,sign,22599.685763969,12.313001207076013,49.70800000592135,27.81899820547551,1.858003088273108,0.20199877326376736,91.90000128000975,1,1
2203,sign,22599.712811827,24.376000510528684,97.69699681783095,51.38400229043327,3.2520001695957035,0.4199973773211241,177.12899716570973,1,1
2204,sign,22599.738738783,159.14700270514004,38.28399712801911,2.9910006560385227,114.1460015787743,1.2159980542492121,315.7840001222212,2,1
2205,sign,22599.767238715,104.53599679749459,257.4970021669287,101.29499787581153,9.423001756658778,0.9110008249990642,473.6619994218927,2,1
2206,sign,22599.793222847,97.95000005397014,241.2939975329209,99.60800161934458,8.908999006962404,0.8880015229806304,448.64899973617867,2,1
2207,sign,22599.818700578,62.02100121299736,161.4659995539114,62.44399992283434,5.174002581043169,0.5749971023760736,291.68000037316233,2,1
2208,sign,22599.846333022,50.99099871586077,123.18399967625737,31.805000617168844,3.35000004270114,0.36900019040331244,209.69899924239144,2,1
2209,sign,22599.877584134,49.90100205759518,134.89399862010032,77.13000013609417,6.85600025462918,0.519001332577318,269.30000240099616,2,1
2210,sign,22599.908540369,61.918999563204125,163.54200124624185,90.21499863592908,7.872000423958525,0.7060007192194462,324.254000588553,2,1
2211,sign,22599.934954117,73.75600034720264,166.5539966779761,88.62000322551467,7.856997399358079,0.7590024324599653,337.54600008251145,2,1
2212,sign,22599.960975212,23.312997655011714,102.41500058327802,37.09000156959519,3.9249971450772136,0.25700137484818697,166.99999832781032,2,1
2213,sign,22599.98813382,22.820000594947487,56.69000165653415,29.759998142253608,2.510001650080085,0.21499727154150605,111.99499931535684,2,1
2214,sign,22600.017031326,57.146000472130254,152.87499991245568,88.08200072962791,7.642000127816573,0.6750015018042177,306.42000274383463,2,1
2215,sign,22600.047069315,57.414003094891086,152.78099817805924,88.35799962980673,7.572001777589321,0.6939990271348506,306.8190017074812,2,1
2216,sign,22600.076053572,59.2379983572755,156.60400094930083,88.70700185070746,7.5930001912638545,0.7139969966374338,312.85599834518507,2,1
2217,sign,22600.101060039,20.41100015048869,52.65800064080395,31.626997952116653,2.672000846359879,0.23699976736679673,107.60499935713597,2,1
2218,sign,22600.127640928,26.50500027812086,70.74799941619858,41.113002225756645,3.6139972507953644,0.28700014809146523,142.26699931896292,2,1
2219,sign,22600.156158303,74.91699943784624,187.4169975053519,93.32100307801738,8.012997568584979,0.7220005500130355,364.38999813981354,2,1
2220,sign,22600.181357357,53.345000196713954,145.35000082105398,84.37299766228534,7.704002200625837,0.6589980330318213,291.43099891371094,2,1
2221,sign,22600.20677226,34.409000363666564,90.2479987416882,49.41199949826114,4.9910013331100345,0.6170012056827545,179.6770011424087,2,1
2222,sign,22600.236061869,21.380001271609217,53.05599916027859,29.996997909620404,2.540000423323363,0.2130000211764127,107.18599878600799,2,1
2223,sign,22600.267230815,19.209001038689166,50.32799890614115,28.97000013035722,2.36300184042193,0.21099913283251226,101.08100104844198,2,1
2224,sign,22600.301280194,59.83200026093982,158.94399984972551,83.97800047532655,7.255999662447721,0.6350019248202443,310.64500217325985,2,1
2225,sign,22600.331402643,40.634997276356444,107.8000022971537,60.83100015530363,5.1299975893925875,0.44999978854320943,214.84599710674956,2,1
2226,sign,22600.36253673,29.792998248012736,75.2949999878183,38.15300078713335,2.773998858174309,0.2449996827635914,146.2599975639023,2,1
2227,sign,22600.39476396,37.48999733943492,81.64900282281451,36.47599805844948,3.0150004022289068,0.25199915398843586,158.88199777691625,2,1
2228,sign,22600.423827933,60.99300298956223,200.51699902978726,98.06199886952527,8.49000207381323,0.7369999366346747,368.79900289932266,2,1
2229,sign,22600.453957396,105.60100054135546,219.02699882048182,121.92600115668029,7.696999091422185,0.7350026862695813,454.98600229620934,2,1
2230,sign,22600.479479458,46.487999497912824,114.27600111346692,86.66299981996417,5.235997377894819,0.5080000846646726,253.1709978939034,2,1
2231,sign,22600.505106563,19.764000171562657,50.61699994257651,27.189998945686966,2.249002136522904,0.21899904822930694,100.03900024457835,2,1
2232,sign,22600.532914826,42.258001485606655,126.6979998035822,66.2929996906314,5.730998964281753,0.5300025804899633,241.51000252459198,2,1
2233,sign,22600.561317565,59.735000832006335,170.1949986454565,124.61599908419885,8.619001164333895,0.7650014595128596,363.93000118550844,2,1
2234,sign,22600.588385358,60.305999795673415,162.52299974439666,91.4109987206757,7.6979995355941355,0.6750015018042177,322.61299929814413,2,1
2235,sign,22600.614778366,24.880999262677506,60.88599911890924,29.01799962273799,3.035002009710297,0.2219967427663505,118.04199675680138,2,1
2236,sign,22600.641472849,18.21999831008725,73.78300142590888,43.03199966670945,2.5800000003073364,0.23399843485094607,137.84899783786386,2,1
2237,sign,22600.668477939,116.12199887167662,259.664000623161,102.78999980073422,8.839997462928295,0.9890027286019176,488.40499948710203,2,1
2238,sign,22600.697132705,96.78099740995094,258.2970009825658,112.11899982299656,9.624000085750595,0.9020004654303193,477.7229987666942,2,1
2239,sign,22600.728167725,157.05400073784404,336.33199927862734,116.51699969661422,8.648999937577173,1.0309995559509844,619.5829992066137,2,1
2240,sign,22600.756076762,44.943997636437416,105.23600212763995,37.33199991984293,3.463999746600166,0.32000025385059416,191.29599968437105,2,1
2241,sign,22600.785965368,85.9120009408798,190.4279997688718,62.250001064967364,6.0060010582674295,0.5789988790638745,345.1750017120503,2,1
2242,sign,22600.815368909,117.15700020431541,274.915000773035,103.81299944128841,11.733998690033332,1.3170028978493065,508.93600200652145,2,1
2243,sign,22600.845887335,109.58900020341389,280.8169992931653,101.20600200025365,9.333998605143279,0.9370014595333487,501.88300156150945,2,1
2244,sign,22600.873364291,108.61699774977751,240.81800074782223,101.4260014926549,8.69299765327014,0.9890027286019176,460.5430003721267,2,1
2245,sign,22600.898077362,52.53900235402398,112.70699906162918,46.53100040741265,3.344001015648246,0.4439971235115081,215.56499996222556,2,1
2246,sign,22600.923890667,64.41599907702766,149.7570010542404,47.25100006908178,4.158999217906967,0.4840003384742886,266.0669997567311,2,1
2247,sign,22600.952252095,108.76699889195152,279.9180001602508,161.06199836940505,21.7180022445973,1.1839983926620334,572.6489980588667,2,1
2248,sign,22600.979150142,99.25899939844385,257.27300089783967,101.08900096383877,8.84999826666899,0.8230017556343228,467.2940012824256,2,1
2249,sign,22601.007139131,61.80600030347705,166.06099961791188,89.16699880501255,7.609000022057444,0.7330017979256809,325.3760005463846,2,1
2250,sign,22601.037573723,27.73700180114247,76.51999840163626,34.17600237298757,2.754997694864869,0.25100234779529274,141.43900261842646,2,1
2251,sign,22601.069069978,51.83000030228868,151.43800192163326,83.61899745068513,6.973001291044056,0.6689988367725164,294.52899980242364,2,1
2252,sign,22601.09998362,36.47099947556853,63.07200237642974,35.275999834993854,2.772998414002359,0.28800059226341546,137.8800006932579,2,1
2253,sign,22601.125999183,31.129999115364626,55.07300011231564,27.676000172505155,2.362998202443123,0.20500010577961802,116.44699770840816,2,1
2254,sign,22601.153511093,28.058999305358157,74.34600047417916,46.7569989268668,2.724998921621591,0.2269989636261016,152.1139965916518,2,1
2255,sign,22601.183915269,35.30399771989323,112.25900016142987,56.9300027564168,4.915997124044225,0.4350004019215703,209.8439981637057,2,1
2256,sign,22601.212403895,118.94800263689831,255.9569984441623,101.02500164066441,8.97099744179286,1.1299998732283711,486.03100003674626,2,1
2257,sign,22601.242443555,109.78600039379671,253.97799981874414,102.72900181007572,8.351998985745013,0.8610004442743957,475.706001452636,2,1
2258,sign,22601.269830648,106.80499690352008,276.1410032690037,104.55999654368497,8.306000381708145,0.8839997462928295,496.69599684420973,2,1
2259,sign,22601.300156328,89.55799785326235,171.91799997817725,37.568999687209725,3.564000508049503,0.4809990059584379,303.08999703265727,2,1
2260,sign,22601.32635102,107.32299779192545,177.23000200930983,64.41699952119961,5.759000487159938,0.6320005923043936,355.3610004018992,2,1
2261,sign,22601.354644997,147.73599832551554,303.77800067071803,108.44599819392897,9.16700082598254,0.9229988791048527,570.0499968952499,2,1
2262,sign,22601.383118921,96.89999933470972,264.6259999892209,104.02900079498067,8.462000550935045,1.001000782707706,475.018001452554,2,1
2263,sign,22601.408935147,91.88600233756006,235.68299729959108,108.59400208573788,7.792998076183721,0.6890004442539066,444.64500024332665,2,1
2264,sign,22601.433414854,63.657000282546505,118.16500045824796,33.99100023671053,3.4179975045844913,0.3710010787472129,219.6019995608367,2,1
2265,sign,22601.461275174,68.31400241935626,148.71899838908575,53.381001634988934,4.6959976316429675,0.45900014811195433,275.56900022318587,2,1
2266,sign,22601.490561945,83.8310006656684,184.67100017005578,71.73499761847779,6.44200190436095,0.6519985618069768,347.3309989203699,2,1
2267,sign,22601.517311271,96.26999963074923,236.13200028194115,101.30699956789613,8.577000699006021,0.8989991329144686,443.184999312507,2,1
2268,sign,22601.544051919,26.531997718848288,70.33600195427425,38.25699968729168,3.0619994504377246,0.29600050766021013,138.48299931851216,2,1
2269,sign,22601.570872682,17.90599708328955,50.70100087323226,28.69700256269425,2.3409993445966393,0.1900007191579789,99.83500058297068,2,1
2270,sign,22601.601890663,69.50899842195213,193.93999900785275,93.72400018037297,7.70699989516288,0.8499991963617504,365.7299967017025,2,1
2271,sign,22601.629568152,56.91100159310736,152.80499792424962,89.8120015335735,7.5930001912638545,0.6519985618069768,307.7729998040013,2,1
2272,sign,22601.66081085,75.43199899373576,203.37599926278926,97.83700079424307,7.614999049110338,0.7160015229601413,384.9759996228386,2,1
2273,sign,22601.687454847,20.21999898715876,52.63099956209771,28.579001082107425,2.2560016077477485,0.22999665816314518,103.91599789727479,2,1
2274,sign,22601.716758722,63.972001953516155,140.84699796512723,62.60000009206124,4.433000867720693,0.4760004230774939,272.3280013015028,2,1
2275,sign,22601.747925364,224.89799812319688,382.74699909379706,160.8320017112419,13.542998203774914,1.1920019460376352,783.2119990780484,2,1
2276,sign,22601.775551942,111.4330007112585,273.3629989961628,125.2430010936223,9.20100137591362,0.9479990694671869,520.1880012464244,2,1
2277,sign,22601.803591794,112.99299876554869,254.30599998799153,138.32100012223236,12.046002666465938,1.2689997674897313,518.9350013097282,2,1
2278,sign,22601.829847387,35.05799759295769,98.88700151350349,37.377998523879796,2.9860020731575787,0.24099790607579052,174.54999760957435,2,1
2279,sign,22601.856181413,78.44699939596467,183.31300088902935,64.2749982944224,5.996000254526734,0.504998752148822,332.535997586092,2,1
2280,sign,22601.88351671,95.81199992680922,193.35300021339208,54.97199890669435,4.689998604590073,0.6180016498547047,349.44499930134043,2,1
2281,sign,22601.90809936,75.04799941671081,176.8260008248035,45.99299791152589,4.064000677317381,0.41500243241898715,302.34600126277655,2,1
2282,sign,22601.935604514,114.10099978093058,270.6479972403031,151.70600090641528,10.088999260915443,0.9760005923453718,547.5199977809098,2,1
2283,sign,22601.960573522,45.519002014771104,112.71800030954182,37.966998206684366,3.5320008464623243,0.36499841371551156,200.10099979117513,2,1
2284,sign,22601.986425182,70.29699918348342,136.81100244866684,44.159998651593924,4.104000254301354,0.42399915400892496,255.79599969205447,2,1
2285,sign,22602.012728454,93.93300206284039,263.00699755665846,103.62300236010924,8.406997949350625,1.0680014383979142,470.0380013673566,2,1
2286,sign,22602.043346596,101.43699910258874,240.4529986961279,103.24300092179328,383.3269984170329,1.010001142276451,829.4699982798193,2,1
2287,sign,22602.072844412,58.42600148753263,168.3609989413526,90.60600132215768,7.655999070266262,0.5990004865452647,325.64800130785443,2,1
2288,sign,22602.095921882,18.221002392238006,48.39499888475984,35.74400034267455,2.419998054392636,0.22000313038006425,105.0000028044451,2,1
2289,sign,22602.122890758,23.799999326001853,62.61900125537068,48.56399755226448,3.2990028557833284,0.7179987733252347,138.99999976274557,2,1
2290,sign,22602.153193111,59.87999975332059,162.4709984753281,90.47200001077726,7.827002264093608,0.6929985829629004,321.34299908648245,2,1
2291,sign,22602.177916037,57.80200081062503,189.61200112244114,92.15399768436328,8.05700256023556,0.705000275047496,348.3300024527125,2,1
2292,sign,22602.203407678,59.419999161036685,158.47800023038872,89.73199874162674,7.8450029832310975,0.7469971023965627,316.2219982186798,2,1
2293,sign,22602.226485638,22.04600241384469,54.96799713000655,30.750001315027475,2.468001184752211,0.19599974621087313,110.4280017898418,2,1
2294,sign,22602.251765362,26.669997168937698,61.13200288382359,34.01299909455702,2.8670001483988017,0.261999957729131,124.94399925344624,2,1
2295,sign,22602.278157304,59.77199907647446,175.093999132514,93.0640017031692,7.8310004028026015,0.8030001481529325,336.5640004631132,2,1
2296,sign,22602.30294594,73.00200013560243,165.5770029174164,90.17799675348215,7.791000825818628,0.7220005500130355,337.27000118233263,2,1
2297,sign,22602.32840762,56.715001846896484,156.36599709978327,88.11400039121509,7.495000318158418,0.6689988367725164,309.3589984928258,2,1
2298,sign,22602.35376997,30.556002457160503,78.38199962861836,68.24899901403114,3.496999852359295,0.33299875212833285,181.01699970429763,2,1
2299,sign,22602.377694712,30.829000024823472,67.58600284229033,35.72799687390216,3.21200059261173,0.3029999788850546,137.65800031251274,2,1
2300,sign,22602.403502895,98.21900312090293,221.48099742480554,112.69600145169534,7.768998329993337,0.7310009095817804,440.8960012369789,2,1
2301,sign,22602.43071056,94.78700303588994,269.17599825537764,166.59900211379863,10.353996913181618,0.9780014806892723,541.8940017989371,2,1
2302,sign,22602.45493186,127.7170013054274,306.412999634631,117.09299724316224,8.553000952815637,1.1330012057442218,560.9090003417805,2,1
2303,sign,22602.478723685,37.573001463897526,83.76700134249404,46.38799873646349,3.592998837120831,0.2769993443507701,171.59799972432666,2,1
2304,sign,22602.502571831,21.479001588886604,52.01399835641496,27.464000595500693,2.373999450355768,0.2270026016049087,103.55800259276293,2,1
2305,sign,22602.527614587,71.96300066425465,162.92999862344004,88.81000030669384,6.078000296838582,0.5959991540294141,330.3769990452565,2,1
2306,sign,22602.552755295,97.73499914444983,246.94600142538548,98.90499859466217,7.4640011007431895,0.7649978215340525,451.8149980867747,2,1
2307,sign,22602.576559409,57.664998166728765,158.12600031495094,90.83300028578378,7.681999704800546,0.7880007615312934,315.09399923379533,2,1
2308,sign,22602.603599257,104.99500058358535,267.8199998626951,81.9589986349456,6.061000021873042,0.6219997885636985,461.4569988916628,2,1
2309,sign,22602.626090632,19.345003238413483,58.71299799764529,27.936999686062336,2.393000613665208,0.21999949240125716,108.60800102818757,2,1
2310,sign,22602.650390581,21.90400118706748,59.162000979995355,35.884000681107864,2.7939968276768923,0.2540000423323363,119.99799971817993,2,1
2311,sign,22602.675968705,92.56400153390132,160.08699822123162,90.30500223161653,8.688999514561146,0.7300004654098302,352.37500196672045,2,1
2312,sign,22602.700169727,60.98400262999348,162.66899910988286,89.0259980224073,7.945000106701627,0.6730006134603173,321.2970004824456,2,1
2313,sign,22602.725596852,58.29599831486121,162.98700211336836,103.08199853170663,7.7600016084034,0.7569979061372578,332.88199847447686,2,1
2314,sign,22602.750705167,18.891998479375616,48.87500108452514,28.333000955171883,4.563000402413309,0.2220003807451576,100.8850013022311,1,1
2315,sign,22602.774581892,11.952997738262638,48.418001824757084,27.082998713012785,1.815998984966427,0.2080014382954687,89.4779986992944,1,1
2316,sign,22602.800608215,37.28700175997801,149.52999845263548,89.91300273919478,5.692996637662873,0.6810005288571119,283.10400011832826,1,1
2317,sign,22602.825552518,39.9349992221687,163.49200086551718,89.13400233723223,6.360998668242246,0.6990012479946017,299.62100234115496,1,1
2318,sign,22602.850247299,59.19300019741058,236.61299928789958,152.22200090647675,8.787999831838533,0.9510004019830376,457.7670006256085,1,1
2319,sign,22602.873956039,36.96000203490257,153.32000111811794,101.58099757973105,5.363999662222341,0.6390000635292381,297.86400045850314,1,1
2320,sign,22602.896630406,13.582997780758888,54.457999794976786,30.972001695772633,1.948999852174893,0.2349988790228963,101.1969980027061,1,1
2321,sign,22602.92177452,34.183998650405556,139.60900105303153,95.12899850960821,7.343001925619319,1.4139986888039857,277.6789988274686,1,1
2322,sign,22602.947750068,37.64999928534962,150.9040012024343,117.81300054281019,6.2829967646393925,0.7180024113040417,313.36800020653754,1,1
2323,sign,22602.973704311,36.4459992852062,151.26600192161277,89.51599738793448,5.983001756248996,0.6869995559100062,283.89799990691245,1,1
2324,sign,22603.003902903,38.730999222025275,183.3300011639949,92.39499922841787,6.459998985519633,0.7689995982218534,321.6849981981795,1,1
2325,sign,22603.030184909,11.742002243408933,49.438996938988566,28.075002774130553,1.8739992810878903,0.17799902707338333,91.30800026468933,1,1
2326,sign,22603.057515393,16.234000213444233,74.61999848601408,44.30999979376793,2.5860026653390378,0.2809974830597639,138.03099864162505,1,1
2327,sign,22603.084485222,48.26499935006723,163.4520012885332,90.81299867830239,5.717000021832064,0.5920010153204203,308.8390003540553,1,1
2328,sign,22603.10777189,36.63799725472927,165.55800175410695,126.24299779417925,6.843001756351441,0.9069990483112633,336.1889976076782,1,1
2329,sign,22603.134735985,36.41199873527512,152.97299978556111,114.81900219223462,8.540999260731041,0.990999978967011,313.7359999527689,1,1
2330,sign,22603.158997148,25.6710009125527,52.27899964665994,28.548001864692196,1.8849968910217285,0.23500251700170338,108.61800183192827,1,1
2331,sign,22603.185398564,53.46100078895688,197.39499839488417,49.89299850421958,4.490000719670206,1.0130024747923017,306.25200088252313,1,1
2332,sign,22603.213151191,115.075999929104,377.599000785267,164.7039971430786,9.866002073977143,1.5400000847876072,668.7850000162143,1,1
2333,sign,22603.241016305,94.27099939784966,334.81300124549307,125.70000035339035,9.261999366572127,1.3349999790079892,565.3810003423132,1,1
2334,sign,22603.268451306,42.829000449273735,139.99599832459353,40.746999729890376,3.225999535061419,0.46400236897170544,227.26200040779077,1,1
2335,sign,22603.29205804,47.80400195159018,144.41700113820843,55.580996559001505,4.276000254321843,1.3890021364204586,253.46700203954242,1,1
2336,sign,22603.317110024,18.400998669676483,73.09300053748302,43.123000068590045,2.7860005502589047,0.3169989213347435,137.7199987473432,1,1
2337,sign,22603.34631374,42.11200212012045,149.9739992141258,83.5979990370106,5.754998710472137,0.6100017344579101,282.0490008161869,1,1
2338,sign,22603.375874322,40.42400178150274,198.5140006581787,95.9999997576233,6.618000043090433,0.7169983291532844,342.27300056954846,1,1
2339,sign,22603.40424305,52.64100036583841,185.43999976827763,92.81999882659875,6.223999662324786,0.7400012691505253,337.8649998921901,1,1
2340,sign,22603.427779868,19.64299735845998,75.12900265282951,32.71300010965206,2.0949992176610976,0.18799983081407845,129.76799916941673,1,1
2341,sign,22603.451436723,48.16000000573695,147.12700067320839,56.49800004903227,4.014000296592712,0.4979992809239775,256.2970003054943,1,1
2342,sign,22603.477793579,98.06399975786917,292.228000034811,105.49400030868128,7.2260008892044425,0.9229988791048527,503.9349998696707,1,1
2343,sign,22603.502791515,89.27200178732164,275.7719994406216,96.54200039221905,6.237998604774475,0.9940013114828616,468.8180015364196,1,1
2344,sign,22603.527544374,76.68400212423876,243.91999977524392,103.7559995893389,6.919999577803537,0.890999217517674,432.1710002841428,1,1
2345,sign,22603.553311422,33.475000236649066,104.39499965286814,45.75499769998714,2.830001903930679,0.3889981599058956,186.84399765334092,1,1
2346,sign,22603.578685291,50.63400021754205,121.99900083942339,33.682001230772585,2.905999281210825,0.347998138749972,209.56899970769882,1,1
2347,sign,22603.60666164,75.80100282211788,211.35299903107807,99.19800140778534,5.532998329726979,0.7080016075633466,392.5930031982716,1,1
2348,sign,22603.63752951,119.75899906246923,346.44100014702417,188.47500177798793,10.648996976669878,1.3060016499366611,666.6299996140879,1,1
2349,sign,22603.665549551,91.83300062431954,220.19500102032907,87.97199916443788,5.665999196935445,0.7770031515974551,406.4430031576194,1,1
2350,sign,22603.692073143,64.08799890778027,132.17699961387552,36.23600059654564,3.0430019251070917,0.4539979272522032,235.99799897056073,1,1
2351,sign,22603.718105093,73.62599717453122,221.75200138008222,78.03500193404034,5.465997674036771,0.7320013537537307,379.6109995164443,1,1
2352,sign,22603.746337437,93.09499728260562,256.19300140533596,124.92200039559975,7.105998520273715,0.9510004019830376,482.2669980057981,1,1
2353,sign,22603.770084089,79.23100201878697,248.72199719538912,130.04200081923045,7.532002200605348,0.8179995347745717,466.34500176878646,1,1
2354,sign,22603.795271966,71.46800271584652,245.4919995216187,102.76299872202799,6.907001079525799,0.8589995559304953,427.4890015949495,1,1
2355,sign,22603.818707881,35.2120005118195,101.48999717785046,32.1830011671409,2.396998752374202,0.3080021997448057,171.58999980892986,1,1
2356,sign,22603.842266202,38.25600288109854,109.10199853242375,37.460999010363594,2.5840017769951373,0.32800016924738884,187.7310023701284,1,1
2357,sign,22603.867275186,87.03200001036748,251.73700123559684,103.35700062569231,6.718997610732913,1.3220014807302505,450.1670009631198,1,1
2358,sign,22603.890319086,90.73799810721539,248.96100148907863,115.52200157893822,7.433998689521104,0.9979994501918554,463.6529993149452,1,1
2359,sign,22603.91410146,78.04900087649003,239.6769996266812,103.32400051993318,6.8879999162163585,0.9409995982423425,428.8790005375631,1,1
2360,sign,22603.937983796,67.59199823136441,162.9010002943687,61.96600224939175,4.383997293189168,0.5200017767492682,297.3629998450633,1,1
2361,sign,22603.960709758,36.18099799496122,102.86700126016513,33.23900091345422,2.8199974622111768,0.32400203053839505,175.43099966133013,1,1
2362,sign,22603.984778036,70.04999861237593,203.342002350837,68.13499931013212,14.818000636296347,0.6859991117380559,357.03100002137944,1,1
2363,sign,22604.009316665,90.13199814944528,281.70800214866176,141.47999900160357,8.396000339416787,0.9350005711894482,522.6510002103169,1,1
2364,sign,22604.032625888,131.2949971179478,375.9440005524084,171.94000247400254,10.217998351436108,3.715998900588602,693.1129973963834,1,1
2365,sign,22604.056936937,109.7290005418472,250.79300030483864,102.04100180999376,6.865997420391068,0.9620016498956829,470.39100172696635,1,1
2366,sign,22604.082117231,177.62700008461252,437.49900214606896,84.17199933319353,7.131999154808,1.8470018403604627,708.2770025590435,1,1
2367,sign,22604.105286499,105.79499939922243,199.5839993469417,66.28700066357851,7.382997864624485,0.6010013748891652,379.6499986492563,1,1
2368,sign,22604.128965073,63.26299990178086,156.56200048397295,50.538001232780516,3.3510004868730903,0.4789981176145375,274.19300022302195,1,1
2369,sign,22604.154467186,348.77500002039596,334.628999553388,121.67000022600405,7.734000973869115,1.2349992175586522,814.0429999912158,1,1
2370,sign,22604.178539491,89.98900011647493,249.32399901445024,102.31000123894773,7.344999175984412,0.967000232776627,449.93499977863394,1,1
2371,sign,22604.204131113,50.75999797554687,112.23399997106753,34.517001040512696,2.755001332843676,0.4199973773211241,200.6859976972919,1,1
2372,sign,22604.230429127,50.60100011178292,193.97099822526798,64.71600136137567,4.8910005716606975,0.8539973350707442,315.032997605158,1,1
2373,sign,22604.255315725,50.80700066173449,131.51500024832785,50.3230003232602,3.48799949279055,0.43199906940571964,236.56499979551882,1,1
2374,sign,22604.279974922,116.93200212903321,256.653998803813,103.0509993142914,6.574999133590609,0.9260002116207033,484.13799959234893,1,1
2375,sign,22604.303999568,98.27199755818583,254.91999986115843,102.59200280415826,6.979000318096951,1.081996742868796,463.84499728446826,1,1
2376,sign,22604.328882286,106.11299876472913,306.22600024798885,149.99300037743524,9.4600000011269,1.1000010999850929,572.8920004912652,1,1
2377,sign,22604.352350048,69.17100108694285,151.8239987490233,57.8520011913497,4.383997293189168,0.43700129026547074,283.6679996107705,1,1
2378,sign,22604.377443269,50.726001063594595,122.95999840716831,40.14099977212027,3.1509989639744163,0.44199987314641476,217.419998080004,1,1
2379,sign,22604.40269545,91.88399781123735,282.6870004355442,107.4089996109251,7.15400165063329,0.9399991540703923,490.0739986624103,1,1
2380,sign,22604.426797742,83.2170007925015,296.9759989355225,107.61400335468352,7.0549976953770965,0.9460018191020936,495.8080025971867,1,1
2381,sign,22604.452107651,90.0289996934589,249.58699941635132,129.8830029554665,9.077997674467042,1.2160016922280192,479.7930014319718,1,1
2382,sign,22604.477498624,47.03900049207732,123.93100041663274,37.45599678950384,2.9790026019327343,0.347998138749972,211.7529984388966,1,1
2383,sign,22604.503367939,63.95799937308766,173.06200243183412,56.361997849307954,3.549001121427864,0.5109977792017162,297.4419985548593,1,1
2384,sign,22604.530168459,89.26199734560214,281.7590029735584,138.36399739375338,8.137001714203507,1.1219999578315765,518.643999384949,1,1
2385,sign,22604.555174863,119.33100176975131,308.7410004809499,162.52299974439666,10.005998774431646,1.6090016288217157,602.2100023983512,1,1
2386,sign,22604.580322536,81.94800102501176,249.39899958553724,111.55600077472627,6.834998202975839,0.8640017767902464,450.60200136504136,1,1
2387,sign,22604.603730778,36.443001590669155,203.04999998188578,81.03199797915295,4.475001333048567,0.47299909056164324,325.4729999753181,1,1
2388,sign,22604.627519461,47.36600021715276,119.31900007766671,40.09999975096434,2.8419999580364674,0.4020002961624414,210.02900029998273,1,1
2389,sign,22604.652262875,119.51200212934054,362.5429999374319,140.10799714014865,9.038001735461876,0.990999978967011,632.19200092135,1,1
2390,sign,22604.679162527,110.23299884982407,347.6999991107732,164.5519987505395,9.523002518108115,1.1509982869029045,633.1589975161478,1,1
2391,sign,22604.708826805,74.94999954360537,302.16199957067147,109.94100011885166,7.380000170087442,0.9440009307581931,495.37700033397414,1,1
2392,sign,22604.735401618,83.02300193463452,230.34599871607497,94.76500054006465,6.222999218152836,0.8749993867240846,415.23199979565106,1,1
2393,sign,22604.763155731,47.80199742526747,120.6760025525,44.49100015335716,3.3389987947884947,0.44699845602735877,216.75499738194048,1,1
2394,sign,22604.790526853,75.79500015708618,225.26999964611605,97.40599853103049,8.203001925721765,1.033997250488028,407.7079975104425,1,1
2395,sign,22604.818719354,78.64600047469139,256.14200058043934,113.5929996962659,6.785998266423121,0.8660026651341468,456.0330016829539,1,1
2396,sign,22604.848967303,132.48999675852247,402.4820009362884,171.2929988570977,10.884999937843531,1.2310010788496584,718.3809975686017,1,1
2397,sign,22604.879213941,77.70099909976125,153.46900181612,53.87399869505316,4.055000317748636,0.5200017767492682,289.6190017054323,1,1
2398,sign,22604.90448744,94.66900155530311,247.56299899308942,59.11300104344264,6.22999868937768,0.7010021363385022,408.27600241755135,1,1
2399,sign,22604.932408364,67.39899981766939,180.21700088866055,57.82200241810642,4.3769978219643235,0.6350019248202443,310.45000287122093,1,1
2400,sign,22604.961599645,89.42799831856973,240.6349994998891,125.45800200314261,7.0450005296152085,0.8089991752058268,463.37499952642247,1,1
2401,sign,22604.986684362,73.95599823212251,175.48000323586166,58.19199941470288,4.628000169759616,0.5539986887015402,312.8099997411482,1,1
2402,sign,22605.012692182,46.94499875768088,110.82399942097254,33.005002478603274,2.61999957729131,0.43599720811471343,193.82999744266272,1,1
2403,sign,22605.03891312,48.95100209978409,153.8299984531477,59.82700167805888,3.687997377710417,0.5160000000614673,266.81199960876256,1,1
2404,sign,22605.063849018,88.9630027813837,272.04899743082933,100.94000026583672,7.033999281702563,1.0690018825698644,470.05500164232217,1,1
2405,sign,22605.08988251,88.31800005282275,266.75699700717814,102.00400356552564,6.99399970471859,0.9639989002607763,465.0369992305059,1,1
2406,sign,22605.114244661,70.73400047374889,239.40000028233044,101.28899884875864,7.197999366326258,0.9120012691710144,419.53300024033524,1,1
2407,sign,22605.139594519,53.98099892772734,164.59099788335152,65.03800250357017,4.9629998102318496,0.4889989213552326,289.0619980462361,1,1
2408,sign,22605.16357061,57.24100265069865,115.19299732754007,38.091002352302894,2.911998308263719,0.2590022631920874,213.69600290199742,1,1
2409,sign,22605.188740675,60.67800131859258,197.24999947356991,100.15299994847737,6.346999725792557,0.6059999577701092,365.03400042420253,1,1
2410,sign,22605.213552253,90.37600102601573,264.21599977766164,124.80099758249708,8.361999789485708,0.9600007615517825,488.71499893721193,1,1
2411,sign,22605.24270628,78.88699838076718,244.0310017846059,98.0929980869405,6.258000212255865,0.9280010999646038,428.19699956453405,1,1
2412,sign,22605.266622462,82.52399857155979,234.58800205844454,125.95699809025973,6.457001290982589,0.9639989002607763,450.4899989115074,1,1
2413,sign,22605.293772952,56.605997087899595,142.2850000381004,48.506000894121826,2.9959992389194667,0.3749992174562067,250.7679964764975,1,1
2414,sign,22605.322081318,92.7459986996837,251.95999842253514,102.62400246574543,7.003000064287335,0.8940005500335246,455.2270002022851,1,1
2415,sign,22605.352168137,112.07900024601258,352.70900116302073,170.5819995549973,9.327999578090385,1.4519973774440587,646.1499979195651,1,1
2416,sign,22605.380290152,109.71600204356946,253.7909967941232,105.87100041448139,7.400001777568832,0.8839997462928295,477.6620007760357,1,1
2417,sign,22605.405459232,34.240001696161926,129.5809997827746,40.52800068166107,2.511998900445178,0.261999957729131,207.1230010187719,1,1
2418,sign,22605.43281543,14.953002391848713,59.76499960524961,28.577000193763524,1.9270009943284094,0.24999826564453542,105.4720014508348,1,1
2419,sign,22605.459458905,37.36600046977401,152.27200128720142,89.81999781099148,5.753001460107043,0.6500013114418834,285.86100233951584,1,1
2420,sign,22605.484908762,41.420000343350694,204.14800019352697,92.02799992635846,5.862002581125125,0.7049966370686889,344.16299968142994,1,1
2421,sign,22605.510540767,37.96099917963147,149.5789983891882,88.7829992279876,5.8440018619876355,0.7130001904442906,282.8799988492392,1,1
2422,sign,22605.535347572,11.693999113049358,46.53599899029359,29.191000066930428,1.686999894445762,0.19700019038282335,89.30499825510196,1,1
2423,sign,22605.561560075,23.238000721903518,85.19800030626357,40.783001168165356,2.648997906362638,0.30500086722895503,152.17300096992403,1,1
2424,sign,22605.587952103,39.81400004704483,192.33100101700984,132.47799870441668,8.899998647393659,0.9400027920491993,374.4630012079142,1,1
2425,sign,22605.613221148,48.624999180901796,194.8140015883837,98.31200077314861,6.219997885636985,0.800002453615889,348.77100188168697,1,1
2426,sign,22605.640915217,38.82199962390587,187.6539972727187,91.08100130106322,6.12800067756325,0.8770002750679851,324.561999150319,1,1
2427,sign,22605.666489057,52.113999117864296,185.92000196804293,68.70699871797115,4.585999704431742,0.5800029612146318,311.90700246952474,1,1
2428,sign,22605.690515202,20.25499998126179,91.09600068768486,64.80099909822457,3.1529998523183167,0.44999978854320943,179.75499940803275,1,1
2429,sign,22605.714573708,13.474000297719613,52.97800089465454,31.4860008074902,2.1790001483168453,0.20699735614471138,100.32399950432591,1,1
2430,sign,22605.740763558,11.588002962525934,47.94199776370078,27.50999919953756,1.7240017768926919,0.20500010577961802,88.96900180843659,1,1
2431,sign,22605.76604437,16.06899968464859,65.39999958476983,36.337001802166924,2.3989996407181025,0.3079985617659986,120.51299927406944,1,1
2432,sign,22605.794466612,34.536002203822136,139.87900092615746,83.18499749293551,5.357000190997496,0.6200025381986052,263.5770033521112,1,1
2433,sign,22605.81865591,11.877000360982493,46.31300180335529,26.79699900909327,1.7499987734481692,0.19700019038282335,86.93400013726205,1,1
2434,sign,22605.844372957,57.913002819987014,149.61099805077538,81.06200039037503,4.974001058144495,0.9510004019830376,294.51100272126496,1,1
2435,sign,22605.870945831,137.98500003758818,298.0879980896134,107.18400153564289,7.2879993240348995,0.9309987945016474,551.475997781381,1,1
2436,sign,22605.896050518,88.93099948181771,297.51400143140927,105.3749983839225,7.401002221740782,0.8029965101741254,500.0239980290644,1,1
2437,sign,22605.925371617,81.35499956551939,241.89000032492913,102.24000288872048,7.007998647168279,0.9750001481734216,433.4680015745107,1,1
2438,sign,22605.95168489,35.019002098124474,101.67999789700843,32.348001695936546,2.6339985197409987,0.3090026439167559,171.9900028547272,1,1
2439,sign,22605.981058671,63.723997300257906,169.8360028967727,59.69099947833456,4.672998329624534,0.8400020305998623,298.76400003558956,1,1
2440,sign,22606.008897863,97.71599798114039,268.6020015971735,101.28099893336184,6.778998795198277,0.9640025382395834,475.3419998451136,1,1
2441,sign,22606.035582161,80.90000119409524,249.05499958549626,130.86499893688597,7.933002052595839,0.9889990906231105,469.7420008596964,1,1
2442,sign,22606.060358964,76.66999954381026,238.46899784984998,102.00399992754683,6.792000931454822,0.8810020517557859,424.8160003044177,1,1
2443,sign,22606.084534692,51.5710016770754,119.803000416141,35.49699977156706,2.610999217722565,0.37800054997205734,209.8600016324781,1,1
2444,sign,22606.109652611,58.6219975957647,154.59499991266057,59.53599975327961,4.109002475161105,0.6089976523071527,277.47099738917314,1,1
2445,sign,22606.136333379,68.41499998699874,240.41299911914393,103.02200098522007,7.095000910339877,0.7779999577905983,419.7230009594932,1,1
2446,sign,22606.161021377,86.7689996084664,243.91500119236298,95.10699965176173,6.555997970281169,0.7330017979256809,433.08000022079796,1,1
2447,sign,22606.189745886,43.28199793235399,105.09800267755054,32.881998777156696,2.559001586632803,0.44499756768345833,184.26599854137748,1,1
2448,sign,22606.215652743,52.65999789116904,122.8319997608196,37.98100078711286,2.7089990908280015,0.586001988267526,216.76799951819703,1,1
2449,sign,22606.24104581,53.67199992178939,168.72700143721886,69.00800144649111,4.53000029665418,0.6669979484286159,296.60400105058216,1,1
2450,sign,22606.267788715,88.93900303519331,262.09699717583135,74.3000018701423,5.55600126972422,0.9939976735040545,431.8860010243952,1,1
2451,sign,22606.295775628,66.50800060015172,199.94199828943238,72.38800026243553,4.6819986891932786,0.6100017344579101,344.1299995756708,1,1
2452,sign,22606.322309556,83.8960004330147,262.7239991852548,129.00600268039852,7.373000698862597,0.9849973139353096,483.98400031146593,1,1
2453,sign,22606.349405427,45.323999074753374,119.92999861831777,32.727999496273696,2.550001227064058,0.3300010575912893,200.86199947400019,1,1
2454,sign,22606.376697209,76.11799810547382,192.43499991716817,88.96399958757684,6.1060018197167665,0.6549998943228275,364.2779993242584,1,1
2455,sign,22606.402756781,85.42899740859866,292.50700026750565,105.91600221232511,7.366998033830896,0.8999995770864189,492.11899749934673,1,1
2456,sign,22606.42828457,89.57400132203475,254.14799893042073,103.39199798181653,6.824000593042001,0.9940013114828616,454.93200013879687,1,1
2457,sign,22606.456692346,99.10700100590475,295.1789974758867,105.15900066820905,7.0259993663057685,0.9610012057237327,507.43199972203,1,1
2458,sign,22606.483516089,35.38899909472093,103.89000090071931,35.18599987728521,2.7419991965871304,0.28400245355442166,177.491001522867,1,1
2459,sign,22606.508221599,43.379997805459425,127.90400069206953,45.053002395434305,2.974000381072983,0.43299951357766986,219.7440007876139,1,1
2460,sign,22606.535755224,113.37500109220855,288.5530011553783,138.31899923388846,7.424001523759216,1.0549993021413684,548.7260023073759,1,1
2461,sign,22606.560431253,90.31199806486256,204.03800226631574,40.71899820701219,3.383000148460269,0.4079993232153356,338.8599980098661,1,1
2462,sign,22606.592621599,49.062000471167266,117.03500058501959,95.1549991441425,4.853998689213768,0.37800054997205734,266.4839994395152,1,1
2463,sign,22606.615459758,11.587999324547127,52.503000915749,30.310999136418104,2.329001290490851,0.25099870981648564,96.98199937702157,1,1
2464,sign,22606.64125675,63.780000346014276,181.31699835066684,66.08400144614279,4.780999006470665,0.6839982233941555,316.6459973726887,1,1
2465,sign,22606.667457854,103.7639995047357,268.6549996724352,105.67700155661441,7.555998308816925,0.9420000424142927,486.59399908501655,1,1
2466,sign,22606.692238643,70.74599852785468,228.9180010848213,102.75800013914704,7.283997547347099,0.972002453636378,410.6779997528065,1,1
2467,sign,22606.721204977,82.45400022133254,241.1580026091542,101.60699821426533,6.549998943228275,0.8410024747718126,432.61000246275216,1,1
2468,sign,22606.74722552,45.742999645881355,123.38400119915605,39.734997699270025,3.0600022000726312,0.3360000846441835,212.25800082902424,1,1
2469,sign,22606.775800183,63.084000430535525,170.40300008375198,52.93499998515472,4.049998096888885,0.4940011422149837,290.9659997385461,1,1
2470,sign,22606.80272776,91.05799836106598,269.60200193570927,107.19199781306088,7.018999895080924,0.9950017556548119,475.86599976057187,1,1
2471,sign,22606.8295364,84.32399772573262,243.4030029689893,102.77799810864963,6.689002475468442,0.8889983291737735,438.0829996080138,1,1
2472,sign,22606.857726748,168.72500054887496,391.07799966586754,170.53800183930434,11.01799716707319,1.6230005712714046,742.9819997923914,1,1
2473,sign,22606.881674557,21.198000467848033,59.97300104354508,31.146999390330166,2.020999090746045,0.2579981810413301,114.59699817351066,1,1
2474,sign,22606.927718706,69.55600110813975,3.6799974623136222,2.2220010578166693,8.965002052718773,0.8179995347745717,85.24100121576339,1,0
2475,sign,22606.972736481,77.96800127835013,4.822999471798539,2.573000529082492,9.668998245615512,1.005002559395507,96.03800208424218,1,0
2476,sign,22607.017473552,17.551999917486683,1.6319972928613424,0.6770023901481181,2.754997694864869,0.26600173441693187,22.881999029777944,1,0
2477,sign,22607.062841097,90.23800157592632,4.888999683316797,2.474000211805105,11.503001587698236,1.067997800419107,110.17200085916556,1,0
2478,sign,22607.107884822,83.96700286539271,4.655998054658994,2.7759997465182096,11.470001481939107,1.028998667607084,103.89800081611611,1,0
2479,sign,22607.152612838,40.43499939143658,2.04800016945228,0.9770010365173221,5.234000127529725,0.2999986463692039,48.99399937130511,1,0
2480,sign,22607.198627147,43.537998863030225,3.7130012060515583,1.9959989003837109,7.063998054945841,0.7680027920287102,57.078999816440046,1,0
2481,sign,22607.242814922,139.70700092613697,5.182999302633107,3.444001777097583,12.18099714606069,1.124000846175477,161.63899999810383,1,0
2482,sign,22607.287712934,64.81499804067425,3.1420022423844784,1.4209981600288302,7.467999239452183,0.5510009941644967,77.39699867670424,1,0
2483,sign,22607.332808852,80.53200144786388,4.228000761941075,2.468997990945354,10.644998837960884,0.9940013114828616,98.86800035019405,1,0
2484,sign,22607.377995654,143.61300054588355,7.914000889286399,3.8950020098127425,18.93399894470349,1.3319986464921385,175.68800103617832,1,0
2485,sign,22607.422734715,50.46899968874641,2.2950007405597717,1.1739975889213383,5.927002348471433,0.6179980118758976,60.48299837857485,1,0
2486,sign,22607.467969124,121.22399857616983,6.467998900916427,3.6860001273453236,13.947999832453206,1.1209995136596262,146.44699695054442,1,0
2487,sign,22607.512870071,86.38699728180654,4.816000000573695,2.773002051981166,10.963998647639528,1.082000380847603,106.02199836284854,1,0
2488,sign,22607.557674649,52.113999117864296,3.302000550320372,1.3479984772857279,7.098002242855728,0.35499760997481644,64.21699799830094,1,0
2489,sign,22607.602637344,62.84999835770577,4.102003003936261,2.4749970179982483,10.3980019048322,1.1629999789875,80.98800026345998,1,0
2490,sign,22607.647789015,84.9089992698282,4.772999091073871,2.796998160192743,10.445000953041017,1.4040015230420977,104.32799899717793,1,0
2491,sign,22607.692606677,49.25599932903424,2.349002897972241,1.128999429056421,6.154998118290678,0.41000021155923605,59.298999985912815,1,0
2492,sign,22607.737787662,83.80399958696216,4.174999048700556,2.772998414002359,10.421001206850633,1.0469993867445737,102.21999764326029,1,0
2493,sign,22607.782801616,85.85800242144614,4.53000029665418,2.61999957729131,11.879998055519536,1.363001501886174,106.25100185279734,1,0
2494,sign,22607.827593572,25.697998353280127,1.5000005078036338,0.8509996405337006,3.612000000430271,0.3210006980225444,31.981999200070277,1,0
2495,sign,22607.872814671,92.25900066667236,4.993002221453935,3.2369971449952573,10.773001122288406,1.1680021998472512,112.43000335525721,1,0
2496,sign,22607.917829238,98.17500176723115,5.249999958323315,2.7089990908280015,12.042000889778137,1.1299998732283711,119.30600157938898,1,0
2497,sign,22607.96267397,57.78099875897169,2.415003109490499,1.8559985619504005,7.1309987106360495,0.5809997674077749,69.76399890845641,1,0
2498,sign,22608.007646717,55.360000260407105,3.8299986044876277,2.3130014596972615,8.200000593205914,0.7729977369308472,70.47599865472876,1,0
2499,sign,22608.052960667,145.63300283043645,7.543996616732329,4.068002454005182,16.54299921938218,1.5760015230625868,175.36400264361873,1,0
2500,sign,22608.097677557,48.62999776378274,2.5699991965666413,1.3730023056268692,5.183999746805057,0.45499837142415345,58.21199738420546,1,0
2501,sign,22608.142791554,83.71899821213447,4.2620013118721545,2.868000592570752,10.353000106988475,1.0509975254535675,102.25299774901941,1,0
2502,sign,22608.187710281,56.364999181823805,4.088000423507765,2.0760016923304647,7.2309994720853865,0.9479990694671869,70.70799983921461,1,0
2503,sign,22608.23289062,103.9910021063406,23.4990002354607,3.7709978641942143,17.51600211719051,1.2609998520929366,150.03800217527896,1,0
2504,sign,22608.277768851,63.398001657333225,3.1669987947680056,1.6929989214986563,7.782000466249883,0.6939990271348506,76.73399886698462,1,0
2505,sign,22608.322581808,44.7429993073456,2.3620013962499797,1.3019998732488602,5.935999070061371,0.4540015652310103,54.79700121213682,1,0
2506,sign,22608.367772725,82.07300197682343,4.496996552916244,2.4130022211465985,10.02999852062203,0.8800016075838357,99.89300087909214,1,0
2507,sign,22608.412773745,90.2700012375135,4.694000381277874,2.5859990273602307,11.495998478494585,1.3749995559919626,110.42099868063815,1,0
2508,sign,22608.457907018,143.903998832684,7.499998901039362,4.960002115694806,25.48200063756667,1.6079975466709584,183.4539980336558,1,0
2509,sign,22608.502622627,49.06700269202702,2.221000613644719,1.3449971447698772,2.2090025595389307,0.4979992809239775,55.34000229090452,0,0
2510,sign,22608.547694846,1.944001269293949,5.894002242712304,2.3719985620118678,1.743999746395275,0.8319984772242606,12.786000297637656,0,0
2511,sign,22608.592737797,1.9740000425372273,5.526999302674085,2.125001628883183,1.7370002751704305,0.857999111758545,12.22100036102347,0,0
2512,sign,22608.637423491,0.8089991752058268,2.7419991965871304,1.058000634657219,0.9470022632740438,0.38199868868105114,5.937999958405271,0,0
2513,sign,22608.682850271,3.3759970392566174,7.179001840995625,2.439999661874026,2.5000008463393897,1.0180010576732457,16.513000446138903,0,0
2514,sign,22608.727700359,2.230000973213464,5.451001925393939,2.2759995772503316,1.8829996406566352,0.8200004231184721,12.660002539632842,0,0
2515,sign,22608.772547085,1.468000846216455,3.577999450499192,1.215001248056069,1.6269987099803984,0.4989997250959277,8.386999979848042,0,0
2516,sign,22608.817882714,3.288998414063826,6.438000127673149,2.5990011636167765,2.515000232961029,1.1429983715061098,15.98399830982089,0,0
2517,sign,22608.862504246,0.8059978426899761,2.5120025384239852,0.995998561847955,0.7369999366346747,0.41499879444018006,5.465997674036771,0,0
2518,sign,22608.907804107,3.617002221290022,7.059999916236848,2.720000338740647,2.087999746436253,0.976997398538515,16.461999621242285,0,0
2519,sign,22608.9526897,2.077998942695558,7.111000741133466,2.691002009669319,2.291999408043921,1.009997504297644,15.181998605839908,0,0
2520,sign,22608.997485557,0.7269991328939795,2.1310006559360772,0.667001586407423,0.6679983926005661,0.2269989636261016,4.419998731464148,0,0
2521,sign,22609.042703181,2.7089990908280015,5.559002602240071,2.3229986254591495,1.4850011211819947,0.7779999577905983,12.854001397499815,0,0
2522,sign,22609.087970715,3.7719983083661646,9.944000339601189,3.5039993235841393,2.8340000426396728,1.3460012269206345,21.3999992411118,0,0
2523,sign,22609.132704302,1.6650010365992785,4.645000444725156,2.0080005924683064,1.2589989637490362,0.55299824452959,10.129999282071367,0,0
2524,sign,22609.177837267,2.8229987947270274,6.42200029687956,2.2360000002663583,1.9319995772093534,1.2409982446115464,14.653996913693845,0,0
2525,sign,22609.222759703,2.2999993234407157,6.301001121755689,2.300999767612666,1.7599995771888644,0.9210016287397593,13.583001418737695,0,0
2526,sign,22609.267666157,1.8270002328790724,4.692999937105924,1.7460006347391754,1.1419979273341596,0.43299951357766986,9.840998245636001,0,0
2527,sign,22609.312892866,2.905999281210825,8.543000149074942,2.700999175431207,2.4860019038897008,1.1640004231594503,17.800000932766125,0,0
2528,sign,22609.357776602,3.0369992600753903,6.202000804478303,2.4790024326648563,1.8959981389343739,1.3899989426136017,15.003999578766525,0,0
2529,sign,22609.402612427,2.059001417364925,4.173001798335463,1.3079989003017545,0.8259994501713663,0.49599839258007705,8.861999958753586,0,0
2530,sign,22609.447833007,2.6189991331193596,7.296999683603644,3.058001311728731,2.291999408043921,0.9989998943638057,16.26499943085946,0,0
2531,sign,22609.492849833,3.4389995562378317,7.161997928051278,2.4979999579954892,2.3430002329405397,1.0700023267418146,16.512000001966953,0,0
2532,sign,22609.53763599,1.962998794624582,3.6390010791365057,1.1660013115033507,0.967000232776627,0.8549977792426944,8.58999919728376,0,0
2533,sign,22609.582782874,2.724998921621591,6.821999704698101,2.864002453861758,1.981999957934022,1.4180004654917866,15.811001503607258,0,0
2534,sign,22609.627518795,1.2349992175586522,2.238997694803402,0.8610004442743957,1.0660005500540137,0.30600131140090525,5.706999218091369,0,0
2535,sign,22609.672694091,2.210999809904024,3.7809986679349095,1.0639996617101133,0.8850001904647797,0.5030015017837286,8.443999831797555,0,0
2536,sign,22609.717944579,3.321001713629812,6.751000910298899,2.7839996619150043,2.1029991330578923,1.1070005712099373,16.066001990111545,0,0
2537,sign,22609.762775576,2.0309998944867402,5.785997927887365,2.9480033845175058,2.001997927436605,0.910000380827114,13.67699951515533,0,0
2538,sign,22609.80758652,1.5980003809090704,3.0619994504377246,1.4049983292352408,0.7550006557721645,0.4450012056622654,7.265000022016466,0,0
2539,sign,22609.852669681,2.1189989638514817,5.558998964261264,2.563003363320604,1.8259997887071222,0.9269970178138465,12.993998097954318,0,0
2540,sign,22609.897765633,2.6380002964287996,7.389000529656187,2.3140019038692117,1.8509999790694565,0.9399991540703923,15.132001863094047,0,0
2541,sign,22609.942968431,1.835000148275867,3.421999281272292,1.1659976735245436,1.3700009731110185,0.4530011210590601,8.245999197242782,0,0
2542,sign,22609.988060407,2.3140019038692117,7.090999133652076,2.9660004656761885,2.3130014596972615,1.1269985407125205,15.811001503607258,0,0
2543,sign,22610.03288252,3.149998519802466,7.390000973828137,3.001998265972361,2.0690022211056203,1.3520002539735287,16.963000234682113,0,0
2544,sign,22610.077595954,1.348998921457678,2.9700022423639894,1.152999175246805,0.7899980118963867,0.8250026439782232,7.087000994943082,0,0
2545,sign,22610.122985885,3.3760006772354245,9.785999282030389,21.14500239258632,2.8479989850893617,1.8290011212229729,38.98400245816447,0,0
2546,sign,22610.167694646,1.9590006559155881,5.670000973623246,2.2130006982479244,1.9089966372121125,0.8020033419597894,12.55300230695866,0,0
2547,sign,22610.212480404,0.72900002123788,2.945002052001655,0.8949973562266678,0.772000930737704,0.49200025387108326,5.83300061407499,0,0
2548,sign,22610.257842504,3.143999492749572,7.538998033851385,2.9460024961736053,2.269000106025487,1.0139992809854448,16.911999409785494,0,0
2549,sign,22610.302897001,4.649002221412957,11.375999747542664,4.165998689131811,3.4180011425632983,1.3620010577142239,24.971002858364955,0,0
2550,sign,22610.347633029,1.7589991330169141,3.549001121427864,1.538999640615657,1.5840014384593815,0.4379980964586139,8.86899942997843,0,0
2551,sign,22610.392809891,3.4939985198434442,7.143000402720645,3.077002475038171,1.9929975678678602,1.3749995559919626,17.081998521462083,0,0
2552,sign,22610.437967536,3.5039993235841393,9.733001206768677,4.05899845645763,2.872002369258553,1.1609990906435996,21.329000446712598,0,0
2553,sign,22610.482464694,0.6199989002197981,2.020002284552902,0.8379975042771548,0.5649999366141856,0.2540000423323363,4.296998667996377,0,0
2554,sign,22610.529421599,1.6519989003427327,5.157002306077629,2.2139975044410676,1.6890007827896625,0.7839989848434925,11.495998478494585,0,0
2555,sign,22610.572811609,3.117002052022144,7.384998752968386,2.5999979698099196,2.101001882692799,1.1379997886251658,16.341000446118414,0,0
2556,sign,22610.617621298,2.1939995349384844,2.974000381072983,1.4670004020445049,0.8620008884463459,0.47399953473359346,7.971000741235912,0,0
2557,sign,22610.662811422,3.158998879371211,11.239000741625205,4.712001100415364,2.8229987947270274,1.282001903746277,23.215001419885084,0,0
2558,sign,22610.707809206,2.755001332843676,7.661998097319156,3.1609997677151114,2.449000021442771,1.0120020306203514,17.039001249941066,0,0
2559,sign,22610.752397377,0.4899993655271828,1.9330000213813037,0.705000275047496,0.6629998097196221,0.28399881557561457,4.074998287251219,0,0
2560,sign,22610.798023779,1.0539988579694182,4.989000444766134,1.2640011846087873,1.3520002539735287,0.5229994712863117,9.18200021260418,0,0
2561,sign,22610.84302936,0.9770010365173221,5.098998371977359,1.3060016499366611,1.453998265787959,0.5000001692678779,9.33599949348718,0,0
2562,sign,22610.887699797,0.5340007191989571,3.163997462252155,0.3990026016253978,0.39599763113074005,0.12800228432752192,4.621000698534772,0,0
2563,sign,22610.93294994,3.4320000850129873,7.962000381667167,2.8289978217799217,2.3079992388375103,1.5000005078036338,18.03099803510122,0,0
2564,sign,22610.977809411,2.9670009098481387,7.54799839342013,3.0470000638160855,2.3319989850278944,1.095999323297292,16.98999767540954,0,0
2565,sign,22611.022597133,1.9760009308811277,3.1279996619559824,1.3360004231799394,0.8819988579489291,0.486001226818189,7.808001100784168,0,0
2566,sign,22611.067839845,3.1759991543367505,7.141999958548695,2.3700013116467744,2.076998498523608,1.1410011211410165,15.906000044196844,0,0
2567,sign,22611.112874788,3.1800009310245514,7.943999662529677,2.9610018827952445,2.510998456273228,1.1359989002812654,17.731999832903966,0,0
2568,sign,22611.157767569,2.65900234808214,5.112000508233905,1.5939986042212695,1.1709998943842947,0.9510004019830376,11.487001756904647,0,0
2569,sign,22611.203109479,1.1320007615722716,4.6579989430028945,1.2080017768312246,1.2599994079209864,0.45599881559610367,8.71399970492348,0,0
2570,sign,22611.248035599,1.2159980542492121,4.770001396536827,1.333999534836039,1.1800002539530396,0.4530011210590601,8.953000360634178,0,0
2571,sign,22611.292661185,0.3799978003371507,1.830001565394923,0.37399877328425646,0.3400018613319844,0.12999953469261527,3.05399953504093,0,0
2572,sign,22611.338024032,13.925000530434772,11.100997653556988,3.0709998100064695,3.3010001061484218,1.7120000848080963,33.10999818495475,0,0
2573,sign,22611.382999257,21.187999664107338,10.293002560501918,3.7869976949878037,2.855002094293013,1.6979975043796003,39.82099951826967,0,0
2574,sign,22611.427749398,0.7060007192194462,2.4719993234612048,0.9219984349329025,0.910000380827114,0.29299917514435947,5.302998033585027,0,0
2575,sign,22611.472750558,2.7329988370183855,5.863999831490219,2.75799902738072,1.9270009943284094,0.9420000424142927,14.223998732632026,0,0
2576,sign,22611.517859083,2.7179994503967464,7.228001777548343,2.9900002118665725,2.0669976947829127,1.6030026017688215,16.606001736363396,0,0
2577,sign,22611.562515932,0.9479990694671869,3.32999843521975,0.9950017556548119,0.9309987945016474,0.3890017978847027,6.592999852728099,0,0
2578,sign,22611.607937397,3.512002876959741,7.801998435752466,2.6419984351377934,2.2460008040070534,1.0250005288980901,17.227001080755144,0,0
2579,sign,22611.652765862,2.949000190710649,7.235001248773187,2.7389978640712798,2.373002644162625,0.9729992598295212,16.269001207547262,0,0
2580,sign,22611.697652916,1.977001375053078,6.741000106558204,2.369000867474824,1.5480000001844019,0.72900002123788,13.364002370508388,0,0
2581,sign,22611.742848812,3.0800001695752144,8.045000868150964,3.107001248281449,2.654000127222389,1.3649987522512674,18.251001165481284,0,0
2582,sign,22611.787871811,3.216999175492674,9.095001587411389,5.769998097093776,2.2849999368190765,0.8450006134808064,21.21199941029772,0,0
2583,sign,22611.83257126,1.1719967005774379,3.660003130789846,1.3039971236139536,1.0889998520724475,0.4400026227813214,7.664999429835007,0,0
2584,sign,22611.877833487,2.93500124826096,6.6069987951777875,2.925000444520265,2.2899985197000206,1.0949988791253418,15.851997886784375,0,0
2585,sign,22611.922734334,2.064000000245869,4.515000910032541,1.5750010788906366,1.5209989214781672,0.6010013748891652,10.276002285536379,0,0
2586,sign,22611.967600734,1.35800291900523,4.072997398907319,1.725002221064642,1.148000592365861,0.5779984348919243,8.882001566234976,0,0
2587,sign,22612.012833402,3.0650007829535753,6.99299926054664,2.9240000003483146,1.967997377505526,1.0020012268796563,15.951998648233712,0,0
2588,sign,22612.057709816,1.9879989849869162,4.747002094518393,2.1790001483168453,1.5379991964437068,0.7060007192194462,11.158001143485308,0,0
2589,sign,22612.102542926,1.8989994714502245,4.074001481058076,1.1609990906435996,1.0189978638663888,0.48299989430233836,8.635997801320627,0,0
2590,sign,22612.147859611,3.364002623129636,6.846999895060435,3.302997356513515,2.2080021153669804,0.9939976735040545,16.71599966357462,0,0
2591,sign,22612.192676551,2.0900006347801536,3.7799982237629592,1.4120014384388924,0.9639989002607763,0.4800021997652948,8.726001397008076,0,0
2592,sign,22612.237893485,3.155000740662217,7.056001777527854,3.031000233022496,2.087999746436253,1.4949982869438827,16.825000784592703,0,0
2593,sign,22612.28261325,1.5019977581687272,5.383000825531781,1.9660001271404326,1.8999999156221747,0.7160015229601413,11.467000149423257,0,0
2594,sign,22612.32765418,2.16899934457615,4.094999894732609,1.5039986465126276,1.019001501845196,0.9430004865862429,9.729999874252826,0,0
2595,sign,22612.372743073,2.7560017770156264,6.52199742035009,2.267002855660394,2.0359984773676842,0.853000528877601,14.434001059271395,0,0
2596,sign,22612.417833146,2.2410022211261094,6.676000339211896,2.840999513864517,2.1079977159388363,0.872001692187041,14.7380014823284,0,0
2597,sign,22612.462601757,1.3309982023201883,3.35000004270114,1.0000003385357559,0.8310016710311174,0.47299909056164324,6.984999345149845,0,0
2598,sign,22612.507836218,3.035002009710297,7.455997547367588,2.5890003598760813,2.0850020518992096,0.943997292779386,16.10899926163256,0,0
2599,sign,22612.552888962,3.5580014809966087,7.5979987741447985,3.5150005714967847,2.082000719383359,1.0749972716439515,17.827998817665502,0,0
2600,sign,22612.597993933,2.811000740621239,29.079001251375303,2.835000486811623,1.996999344555661,1.0689982445910573,37.79100006795488,0,0
2601,sign,22612.642664611,2.1909982024226338,3.82200232706964,1.538999640615657,1.1140000424347818,0.5809997674077749,9.246999979950488,0,0
2602,sign,22612.687995783,0.8740025805309415,26.787998649524525,2.043001586571336,1.776999852154404,0.733998604118824,32.21600127290003,0,0
2603,sign,22612.732723789,0.3990026016253978,2.3949978640303016,0.5660003807861358,0.5389993020799011,0.13400131138041615,4.033001459902152,0,0
2604,sign,22612.778073679,0.971998815657571,4.173998604528606,1.4770012057852,1.2429991329554468,0.538002495886758,8.404000254813582,0,0
2605,sign,22612.823101122,1.5069999790284783,5.513000360224396,1.9609979062806815,1.5510013327002525,0.467000063508749,10.998999641742557,0,0
2606,sign,22612.867693428,0.38799771573394537,1.630000042496249,0.37800054997205734,0.40600207285024226,0.16899866750463843,2.9709990485571325,0,0
2607,sign,22612.913027138,0.9609975677449256,5.083002179162577,1.2879972928203642,1.167001755675301,0.4840003384742886,8.982999133877456,0,0
2608,sign,22612.957913394,0.9260002116207033,4.574001650325954,1.0420008038636297,1.2949967640452087,0.5060028342995793,8.343002264155075,0,0
2609,sign,22613.002705234,0.37399877328425646,1.6759986465331167,0.37400241126306355,0.4020002961624414,0.166997779160738,2.992997906403616,0,0
2610,sign,22613.048130018,1.0779986041598022,5.163001333130524,1.486001565353945,1.2309974408708513,0.5399997462518513,9.497998689766973,0,0
2611,sign,22613.092996902,0.9010000212583691,26.95600051083602,1.9859980966430157,1.8900027498602867,0.8879978850018233,32.620999263599515,0,0
2612,sign,22613.137867109,0.467000063508749,2.401000529062003,0.5000001692678779,0.5399997462518513,0.1990010787267238,4.107001586817205,0,0
2613,sign,22613.183083221,1.019001501845196,5.126999894855544,1.3449971447698772,1.4210017980076373,0.6580012268386781,9.570001566316932,0,0
2614,sign,22613.228034128,1.0460025805514306,5.202000465942547,1.7589991330169141,1.4949982869438827,0.4540015652310103,9.956002031685784,0,0
2615,sign,22613.272673936,0.785999873187393,1.7759994079824537,0.33700052881613374,0.3589993866626173,0.16600097296759486,3.4240001696161926,0,0
2616,sign,22613.31814812,0.967000232776627,4.567998985294253,1.3019998732488602,1.2359996617306024,0.47299909056164324,8.545997843611985,0,0
2617,sign,22613.363136318,0.9569994290359318,5.216003046371043,1.4119978004600853,1.1789998097810894,0.700001692166552,9.464001777814701,0,0
2618,sign,22613.40764323,0.386000465368852,1.7839993233792484,0.35199991543777287,0.3320019459351897,0.13499811757355928,2.9889997676946223,0,0
2619,sign,22613.452964536,0.7329981599468738,4.502999217947945,1.1890006135217845,1.2220007192809135,0.3710010787472129,8.01799978944473,0,0
2620,sign,22613.498184564,1.0350013326387852,5.008998414268717,1.4380020729731768,1.248998160008341,0.5149995558895171,9.245999535778537,0,0
2621,sign,22613.542763317,0.5539986887015402,2.531000063754618,0.6760019459761679,0.6139998731669039,0.20099832909181714,4.575998900691047,0,0
2622,sign,22613.588417644,0.9849973139353096,4.9340014811605215,1.5660007193218917,1.3619974197354168,0.5790025170426816,9.425999451195821,0,0
2623,sign,22613.63321018,1.282001903746277,6.1539976741187274,1.9799990695901215,1.7660022422205657,0.6789996405132115,11.861000530188903,0,0
2624,sign,22613.6777682,0.510000973008573,2.7700007194653153,0.6449990905821323,0.6740010576322675,0.3159984771627933,4.9150003178510815,0,0
2625,sign,22613.723094277,0.9690011211205274,5.04799754708074,1.296000846195966,1.1990014172624797,0.4749999789055437,8.987000910565257,0,0
2626,sign,22613.768235359,0.9649993444327265,4.980000085197389,1.3250028132461011,1.3919998309575021,0.48299989430233836,9.145001968136057,0,0
2627,sign,22613.812709779,0.9750001481734216,2.4360015231650323,0.40099985199049115,0.4120010999031365,0.1629996404517442,4.387002263683826,0,0
2628,sign,22613.858061835,1.4990000636316836,7.437000022036955,1.877000613603741,1.7130005289800465,0.7640010153409094,13.290002243593335,0,0
2629,sign,22613.903166133,1.4229990483727306,6.250000296859071,1.848999090725556,1.6500016499776393,0.5900001269765198,11.762000212911516,0,0
2630,sign,22613.947727244,0.5749971023760736,2.1650012058671564,0.4770008672494441,0.4209978214930743,0.19200160750187933,3.8299986044876277,0,0
2631,sign,22613.992849762,0.5690017133019865,3.363998985150829,0.9809991752263159,0.8570023055654019,0.36399796954356134,6.1350001487880945,0,0
2632,sign,22614.038418427,1.7749989638105035,7.384001946775243,1.4729994290973991,1.4020006346981972,0.6230002327356488,12.657001207116991,0,0
2633,sign,22614.082772662,0.4609973984770477,2.3180000425782055,0.5750007403548807,0.5590009095612913,0.16099875210784376,4.073997843079269,0,0
2634,sign,22614.12804769,1.0360017768107355,4.9439986469224095,1.0229996405541897,1.224001607624814,0.4169996827840805,8.644001354696229,0,0
2635,sign,22614.173036075,1.172000338556245,3.7619975046254694,1.7230013327207416,1.4950019249226898,0.6569971446879208,8.808998245513067,0,0
2636,sign,22614.217681152,0.4309986252337694,1.0650001058820635,0.48800211516208947,0.4520006768871099,0.12899909052066505,2.5650006136856973,0,0
2637,sign,22614.262915691,0.8219976734835654,2.4550026864744723,1.1459997040219605,1.0469993867445737,0.31500167096965015,5.785001121694222,0,0
2638,sign,22614.299295044,2.349002897972241,5.1770002755802125,2.8989998099859804,147.69399786018766,1.1609990906435996,159.2799999343697,1,1
2639,sign,22614.327538516,44.16499723447487,106.93000149331056,32.89300002506934,2.410000888630748,0.32000025385059416,186.7179998953361,1,1
2640,sign,22614.354395729,49.79900040780194,126.81199950748123,43.68600275483914,3.2319985621143132,0.3349996404722333,223.86400087270886,1,1
2641,sign,22614.397835521,85.21600102540106,2.720000338740647,1.3659991964232177,11.014002666343004,0.49599839258007705,100.812001619488,1,0
2642,sign,22614.442857098,74.35099905706011,2.7380010578781366,1.2789969332516193,9.276001947000623,0.40599843487143517,88.04999743006192,1,0
2643,sign,22614.487695003,58.94700007047504,1.5789992175996304,0.8300012268591672,7.3689989221747965,0.28299837140366435,69.0079978085123,1,0
2644,sign,22614.532834853,88.39100337354466,2.906999725382775,1.4359975466504693,11.849002476083115,0.5019974196329713,105.085000541294,1,0
2645,sign,22614.577767718,72.73299706866965,2.311000571353361,1.0160001693293452,9.34100171434693,0.32399839255958796,85.72499791625887,1,0
2646,sign,22614.622742663,67.87600068491884,2.2040003386791795,1.019998308038339,8.772000001044944,0.3950008249375969,80.2670001576189,1,0
2647,sign,22614.667860961,87.0930016390048,3.1849995139054954,1.3540011423174292,11.167998309247196,0.3890017978847027,103.18900240235962,1,0
2648,sign,22614.712875368,95.18799924990162,3.05499997921288,1.3349999790079892,12.460001016734168,0.6609989213757217,112.69899914623238,1,0
2649,sign,22614.757658343,55.14600343303755,1.6979975043796003,0.8160022844094783,6.766997103113681,0.2980013960041106,64.72500172094442,1,0
2650,sign,22614.80292745,147.87799955229275,3.6240016925148666,1.6999983927235007,12.019998393952847,0.6080008461140096,165.82999887759797,1,0
2651,sign,22614.847950676,118.89799861819483,3.305998689029366,1.49600236909464,11.48799856309779,0.5210022209212184,135.70900046033785,1,0
2652,sign,22614.893094095,76.07199950143695,2.2509993868879974,1.0110015864484012,10.181996913161129,0.4950015863869339,90.01099897432141,1,0
2653,sign,22614.93794424,155.05900228163227,4.527999408310279,2.643999323481694,18.892002117354423,0.7319977157749236,181.8550008465536,1,0
2654,sign,22614.982630043,45.56400017463602,1.0510011634323746,0.4440007614903152,5.588997737504542,0.1449989213142544,52.79299875837751,1,0
2655,sign,22615.027813686,86.73900083522312,2.886998117901385,1.3019998732488602,11.160002031829208,0.5209985829424113,102.60899944114499,1,0
2656,sign,22615.072907253,106.80599734769203,3.0090013751760125,1.3899989426136017,11.481002729851753,0.5389993020799011,123.2249996974133,1,0
2657,sign,22615.117784786,73.73999687843025,2.183001925004646,1.18200114229694,8.98899816093035,0.2990018401760608,86.39299994683824,1,0
2658,sign,22615.162769386,64.68900028266944,1.7839993233792484,0.829000782687217,8.361999789485708,0.28800059226341546,75.95200077048503,1,0
2659,sign,22615.207854896,100.38399705081247,3.273002221249044,1.4840006770100445,13.106997357681394,0.8410024747718126,119.08899978152476,1,0
2660,sign,22615.252719623,70.41799835860729,1.0540024959482253,0.40099985199049115,8.996998076327145,0.13300086720846593,81.00299965008162,1,0
2661,sign,22615.297972179,128.04200014215894,4.2860010580625385,2.34400067711249,14.78499689255841,0.8780007192399353,150.33499948913231,1,0
2662,sign,22615.342757869,90.47200001077726,2.9990005714353174,1.5639998309779912,11.11000165110454,0.4270004865247756,106.57200255081989,1,0
2663,sign,22615.388048423,71.17200220818631,1.2839991541113704,0.5929978215135634,7.544000254711136,0.2360029611736536,80.82900239969604,1,0
2664,sign,22615.432933468,104.65499872225337,3.016000846400857,1.3799981388729066,10.65600008587353,0.47900175559334457,120.185999548994,1,0
2665,sign,22615.477851423,87.97600094112568,2.978998963953927,1.3700009731110185,10.945001122308895,0.45599881559610367,103.72600081609562,1,0
2666,sign,22615.522678965,54.09499863162637,0.957999873207882,0.46900095185264945,6.0109996411483735,0.1320004230365157,61.66499952087179,1,0
2667,sign,22615.567849347,89.565000962466,2.7179994503967464,1.2189993867650628,11.265998182352632,0.510000973008573,105.27799895498902,1,0
2668,sign,22615.612845057,88.89099990483373,2.8530012059491128,1.324999175267294,11.375999747542664,0.4889989213552326,104.93399895494804,1,0
2669,sign,22615.657652817,49.546000809641555,1.3589997251983732,0.5829970177728683,6.28600173513405,0.1679982233326882,57.941997511079535,1,0
2670,sign,22615.702902146,138.07800132781267,3.2469979487359524,1.6449994291178882,12.168002285761759,0.5729998520109802,155.71100084343925,1,0
2671,sign,22615.74785311,87.57100295042619,2.9459988581947982,1.2550008250400424,10.727999324444681,0.41000021155923605,102.91000216966495,1,0
2672,sign,22615.792726502,59.591999161057174,1.4360011846292764,0.6659975042566657,6.881000444991514,0.2449996827635914,68.81999797769822,1,0
2673,sign,22615.838065905,94.07499965163879,3.221997758373618,1.4310026017483324,11.882999388035387,0.5059991963207722,111.1169985961169,1,0
2674,sign,22615.882855737,87.32900096219964,2.816999767674133,1.4699980965815485,11.308002285659313,0.443000317318365,103.367001429433,1,0
2675,sign,22615.927709171,60.89100133976899,1.996999344555661,0.6299997039604932,7.279999408638105,0.18699938664212823,70.98499918356538,1,0
2676,sign,22615.972999916,129.4289977522567,3.21100014843978,1.8520004232414067,4.8080000851769,0.5959991540294141,139.8959975631442,0,0
2677,sign,22616.017897758,0.990999978967011,2.320000930922106,1.1949996405746788,1.0599978850223124,0.32900061341933906,5.894999048905447,0,0
2678,sign,22616.062653507,0.4389985406305641,0.9700015652924776,0.3989989636465907,0.3589993866626173,0.1270018401555717,2.2940002963878214,0,0
2679,sign,22616.10787328,1.0269977792631835,2.667999069672078,1.0610019671730697,0.9899995347950608,0.30099909054115415,6.046997441444546,0,0
2680,sign,22616.152907493,0.9319992386735976,2.6759989850688726,1.1320007615722716,1.0610019671730697,0.40099985199049115,6.202000804478303,0,0
2681,sign,22616.171712836,3.098000888712704,8.877999789547175,4.224999429425225,130.2089985983912,1.1250012903474271,147.53499999642372,1,1
2682,sign,22616.196494034,44.561998947756365,115.99800200201571,34.17799962335266,2.5699991965666413,0.3540008037816733,197.66200057347305,1,1
2683,sign,22616.242870593,99.30400119628757,3.183999069733545,1.3940007193014026,12.435000826371834,0.44599801185540855,116.76299982354976,1,0
2684,sign,22616.288052982,95.0720022956375,3.178996848873794,1.568001607665792,11.552998330444098,0.4980029189027846,111.87000200152397,1,0
2685,sign,22616.332595276,43.15100159146823,0.9350005711894482,0.42299870983697474,5.255998985376209,0.11200245353393257,49.877002311404794,1,0
2686,sign,22616.378038886,102.46199963148683,3.0660012271255255,1.4830002328380942,11.97700112243183,0.4379980964586139,119.4260003103409,1,0
2687,sign,22616.423050467,120.92999895685352,3.9519982237834483,2.038003003690392,14.081997505854815,0.7210001058410853,141.72299779602326,1,0
2688,sign,22616.46777864,59.80800051474944,1.3890021364204586,0.633997842669487,7.655999070266262,0.2540000423323363,69.74099960643798,1,0
2689,sign,22616.51292676,116.78500231937505,3.6389974411576986,1.3880016922485083,11.866999557241797,0.5030015017837286,134.1820025118068,1,0
2690,sign,22616.557836388,87.76799950283021,2.811997546814382,1.448002876713872,11.322998034302145,0.43199906940571964,103.78299703006633,1,0
2691,sign,22616.60269343,55.73700036620721,1.5190016711130738,0.7079979695845395,6.89400258124806,0.2540000423323363,65.11200263048522,1,0
2692,sign,22616.647859297,93.04899867856875,2.8559989004861563,1.3980024959892035,11.981999705312774,0.5299989425111562,109.81499872286804,1,0
2693,sign,22616.692873224,102.05799844698049,2.7089990908280015,1.3490025594364852,11.770000128308311,0.5509973561856896,118.43699758173898,1,0
2694,sign,22616.737747585,54.60700049297884,1.549000444356352,0.7609996828250587,6.750997272320092,0.2180022420361638,63.88600013451651,1,0
2695,sign,22616.782865724,105.0040009431541,3.0990013328846544,1.6049998521339148,12.341999536147341,0.5929978215135634,122.64299948583357,1,0
2696,sign,22616.827867314,95.6959993345663,2.8369977371767163,1.3520002539735287,11.759002518374473,0.6509981176350266,112.29499796172604,1,0
2697,sign,22616.872663183,53.61900184652768,1.167998561868444,0.46499917516484857,5.702000635210425,0.1400003384333104,61.09400055720471,1,0
2698,sign,22616.917835528,89.48899994720705,2.4820001272019,1.3060016499366611,11.22799949371256,0.4579997039400041,104.96300092199817,1,0
2699,sign,22616.962829178,90.11899965116754,3.0290029826574028,1.3699973351322114,10.93800165108405,0.4930006980430335,105.94900231808424,1,0
2700,sign,22617.007675051,55.499000154668465,1.4759971236344427,0.7199996616691351,6.749000021954998,0.2630004019010812,64.70699736382812,1,0
2701,sign,22617.05296256,118.4840002679266,3.0519986466970295,1.4700017345603555,10.843999916687608,0.5469992174766958,134.3969997833483,1,0
2702,sign,22617.095773891,139.06900130677968,297.6579999085516,124.47199696907774,9.35600110096857,1.3540011423174292,571.909000427695,1,1
2703,sign,22617.126900436,57.62699947808869,166.1950009292923,39.84499926446006,4.071000148542225,1.1279989848844707,268.86599880526774,1,1
2704,sign,22617.173022156,99.24800178851001,5.459998646983877,2.9850016289856285,12.715998309431598,1.18200114229694,121.59100151620805,1,0
2705,sign,22617.217814347,89.74999946076423,4.6499990276061,2.278000465594232,11.722000635927543,1.0369985830038786,109.43699817289598,1,0
2706,sign,22617.262579886,54.615000408375636,2.173001121263951,1.7620004655327648,6.261998350964859,0.4130015440750867,65.2250018902123,1,0
2707,sign,22617.307820929,96.43500015954487,5.619000148726627,3.03499837173149,12.776003131875768,1.1739975889213383,119.0389994008001,1,0
2708,sign,22617.352822186,111.18200200144202,6.757996743544936,5.368001438910142,30.638999305665493,1.20100230560638,155.14800179516897,1,0
2709,sign,22617.374351013,57.770997955230996,179.57300224225037,73.55399793596007,4.830002581002191,0.6509981176350266,316.37899883207865,1,1
2710,sign,22617.398066101,32.189000194193795,108.40100003406405,35.2080023731105,2.697997842915356,0.3770001058001071,178.87300055008382,1,1
2711,sign,22617.423386241,65.64800060004927,175.10899851913564,65.04900011350401,4.5960005081724375,0.6020018190611154,311.0040015599225,1,1
2712,sign,22617.448237044,95.61600018059835,275.1850006461609,103.76900172559544,7.4169984145555645,1.0299991117790341,483.0170000786893,1,1
2713,sign,22617.473115635,74.11000115098432,238.39300047256984,101.67700020247139,7.198999810498208,0.9329996828455478,422.3120013193693,1,1
2714,sign,22617.500661123,88.32599996821955,340.1280009711627,158.89800124568865,9.413997759111226,1.3040007615927607,598.0700007057749,1,1
2715,sign,22617.530634122,49.76200216333382,120.74999904143624,33.87600008863956,3.4850017982535064,0.4180001269560307,208.29100321861915,1,1
2716,sign,22617.556855339,48.88300099992193,176.09199858270586,61.53299909783527,3.839999408228323,0.8850001904647797,291.23299827915616,1,1
2717,sign,22617.591465852,142.9009971616324,258.74600032693706,102.62599971611053,7.255002856254578,1.0699986887630075,512.5979987496976,1,1
2718,sign,22617.617570591,102.53700020257384,300.118001177907,133.94599955063313,8.235998393502086,1.0020012268796563,545.8390005514957,1,1
2719,sign,22617.642084862,43.871001253137365,122.87899880902842,34.256001526955515,2.824999683070928,0.35199991543777287,204.18300118763,1,1
2720,sign,22617.665474867,74.00499816867523,169.0480021352414,48.450998292537406,2.6710004021879286,0.34099866752512753,294.5159976661671,1,1
2721,sign,22617.691620356,116.49700172711164,342.95200021006167,156.99899813625962,8.981001883512363,1.0619987733662128,626.4910007303115,1,1
2722,sign,22617.717468121,103.1279971357435,336.56500090728514,191.0559985844884,9.996001608669758,1.4969991752877831,642.2419974114746,1,1
2723,sign,22617.744535896,106.26400035107508,334.9130020069424,194.46899750619195,10.752999514807016,1.1810006981249899,647.5800000771414,1,1
2724,sign,22617.768607288,49.947000661632046,124.6979991265107,33.55700027896091,2.4649998522363603,0.36400160752236843,211.03100152686238,1,1
2725,sign,22617.79415556,46.77299875766039,122.95800115680322,36.60699803731404,3.0150004022289068,0.3589993866626173,209.71199774066918,1,1
2726,sign,22617.84786206,99.13100075209513,5.295998562360182,3.340999683132395,12.790002074325457,1.1629999789875,121.72100105090067,1,0
2727,sign,22617.892967669,130.68400221527554,5.357000190997496,3.8420002965722233,13.619999663205817,1.1230004020035267,154.6260027680546,1,0
2728,sign,22617.937633142,48.64999937126413,2.035001671174541,1.1890006135217845,6.098998710513115,0.467000063508749,58.44000042998232,1,0
2729,sign,22617.947821193,52.411000069696456,185.07400091039017,61.86400059959851,4.530997102847323,0.4659996193367988,304.34599830186926,1,1
2730,sign,22617.97643691,89.58899707067758,244.52600337099284,102.5809979182668,7.081998774083331,0.8160022844094783,444.59399941843003,1,1
2731,sign,22618.002466544,81.1200006864965,280.9819998219609,112.48100054217502,7.402999472105876,0.8739989425521344,482.85999946529046,1,1
2732,sign,22618.034691712,84.19499863521196,276.91799914464355,108.77700333367102,8.042999979807064,0.9429968486074358,478.875997941941,1,1
2733,sign,22618.060269284,59.33699867455289,144.33000251301564,41.14699913770892,3.392000508029014,0.4849971446674317,248.6909979779739,1,1
2734,sign,22618.084785751,51.06199751025997,123.94599980325438,38.71400258503854,11.544998415047303,0.4940011422149837,225.76099945581518,1,1
2735,sign,22618.132893503,139.88499995321035,4.396999429445714,2.329001290490851,15.501998859690502,0.6869995559100062,162.79999908874743,1,0
2736,sign,22618.177742573,57.43300062022172,1.6330013750120997,0.8779970812611282,6.984002538956702,0.2759989001788199,67.20400051563047,1,0
2737,sign,22618.215093765,58.58199801878072,166.8010008870624,51.869999879272655,3.478999133221805,0.8070019248407334,281.5389998431783,1,1
2738,sign,22618.244441592,83.17600077134557,256.274997809669,102.19100295216776,6.876998668303713,0.9840005077421665,449.5030007092282,1,1
2739,sign,22618.275196991,109.93999967467971,265.44200227363035,122.87999925320037,7.701000868109986,0.9169998520519584,506.8800019216724,1,1
2740,sign,22618.300207057,76.75400047446601,246.28699975437485,100.67800030810758,7.318998541450128,0.934000127017498,431.97199920541607,1,1
2741,sign,22618.324850318,75.63400140497833,163.0909973755479,39.50400059693493,3.183999069733545,0.4770008672494441,281.88999931444414,1,1
2742,sign,22618.350977001,83.03800132125616,172.73699995712377,65.31200051540509,4.765999619849026,0.57199940783903,326.4250008214731,1,1
2743,sign,22618.37994467,115.87200060603209,268.81599842454307,107.4150022759568,9.396000677952543,1.12499765236862,502.6239996368531,1,1
2744,sign,22618.408104986,115.96300100791268,302.329000987811,111.11999992863275,7.5029965955764055,0.934000127017498,537.8489986469503,1,1
2745,sign,22618.434026777,53.192001360002905,117.34800136764534,33.803000405896455,2.6369998522568494,0.35199991543777287,207.33200290123932,1,1
2746,sign,22618.458071781,47.484001697739586,151.99699919321574,35.904002288589254,3.1959971238393337,0.3310015017632395,238.91200180514716,1,1
2747,sign,22618.481953556,79.61200026329607,180.07700055022724,73.30800144700333,4.66900019091554,0.6740010576322675,338.34000350907445,1,1
2748,sign,22618.507774493,93.53600034955889,271.5379996516276,110.24100240319967,7.769998774165288,1.3130011211615056,484.39800229971297,1,1
2749,sign,22618.534797348,93.1390022742562,286.9489981094375,105.52499952609651,6.9970010372344404,0.9270006557926536,493.5370016028173,1,1
2750,sign,22618.558981016,105.89599696686491,242.658999923151,102.88700286764652,7.284997991519049,1.0360017768107355,459.7629995259922,1,1
2751,sign,22618.582712071,98.05200170376338,324.65199910802767,107.3120001819916,7.026999810477719,0.8009992598090321,537.8440000640694,1,1
2752,sign,22618.609142443,49.06799949822016,119.60999836446717,38.60099968733266,3.0240007617976516,0.45900014811195433,210.7619984599296,1,1
2753,sign,22618.635855076,93.65799996885471,312.2359994449653,105.55399785516784,7.787002687109634,0.9369978215545416,520.171997777652,1,1
2754,sign,22618.665660168,87.49499829718843,252.0910020393785,126.84700050158426,7.637998351128772,0.9819996193982661,475.05299880867824,1,1
2755,sign,22618.691190379,76.7620003898628,267.2570008144248,111.93599857506342,6.873000529594719,1.0020012268796563,463.83000153582543,1,1
2756,sign,22618.717366214,39.24699922208674,112.23500041523948,35.09499947540462,2.411998138995841,0.25200279196724296,189.24100004369393,1,1
2757,sign,22618.741266859,45.78600055538118,115.12499986565672,38.77899871440604,3.0190021789167076,0.352996721630916,203.06199803599156,1,1
2758,sign,22618.766766051,82.49500024248846,268.22399740922265,100.76800026581623,7.185000868048519,0.914998963708058,459.5869977492839,1,1
2759,sign,22618.791233959,94.66399933444336,313.2130004814826,128.1000004382804,7.651000487385318,1.0669973562471569,544.6949980978388,1,1
2760,sign,22618.814915811,122.8360015375074,259.13900026353076,102.88900011801161,7.491998985642567,0.9770010365173221,493.33300194120966,1,1
2761,sign,22618.839149008,75.80999954370782,234.27999985869974,102.48600301565602,6.784997822251171,0.9220020729117095,420.28300231322646,1,1
2762,sign,22618.862939777,121.15700155845843,267.14200066635385,103.65599882788956,7.039001502562314,0.7999988156370819,499.79400137090124,1,1
2763,sign,22618.893233777,89.47100286604837,251.5359992685262,101.56899952562526,7.112001185305417,0.8690003596711904,450.55700320517644,1,1
2764,sign,22618.921979363,127.88399908458814,348.9030023047235,179.2089969967492,10.99100336432457,1.2209966371301562,668.2079983875155,1,1
2765,sign,22618.949384468,95.01699969405308,246.53799846419133,101.49100126000121,7.119000656530261,0.8639981388114393,451.02899821358733,1,1
2766,sign,22618.974083363,73.133000114467,241.19299996527843,99.74600106943399,6.957001460250467,0.8319984772242606,421.86100108665414,1,1
2767,sign,22618.998559668,125.74799984577112,373.3470002771355,172.9119976516813,10.334999387850985,1.2310010788496584,683.5729982412886,1,1
2768,sign,22619.022106975,113.52699948474765,337.7860011823941,167.05300004105084,9.848998161032796,1.3400021998677403,629.5550010690931,1,1
2769,sign,22619.045963401,122.4429979629349,265.0540009199176,104.70100096426904,10.673000360839069,0.8979986887425184,503.7689988967031,1,1
2770,sign,22619.073172329,85.92299855081365,253.68000206071883,104.32999988552183,7.611997716594487,0.8919996616896242,452.4369978753384,1,1
2771,sign,22619.101582908,121.7360004375223,345.0540025369264,118.0949984700419,7.432001439156011,0.9679970389697701,593.2849999226164,1,1
2772,sign,22619.129221807,80.62099732342176,246.09500178485177,102.53800064674579,7.119000656530261,0.9119976311922073,437.2849980427418,1,1
2773,sign,22619.157147534,83.33100049640052,241.29500161507167,102.53499931422994,6.883998139528558,0.824002199806273,434.86900176503696,1,1
2774,sign,22619.185193949,76.86199751333334,238.28000121284276,102.01899931416847,6.991002010181546,0.8809984137769789,425.0329984643031,1,1
2775,sign,22619.213260159,42.14100044919178,121.25400098739192,44.08099994179793,3.6040000850334764,0.44999978854320943,211.5300012519583,1,1
2776,sign,22619.242075361,93.81600102642551,258.3499990578275,105.14700261410326,7.3979972512461245,0.8790011634118855,465.5900011130143,1,1
2777,sign,22619.27094041,201.05000294279307,353.92299832892604,107.45100007625297,7.415001164190471,0.9559989848639816,670.7950014970265,1,1
2778,sign,22619.301151023,95.58100282447413,262.09099814877845,142.07899948814884,8.399001671932638,1.0639996617101133,509.21400179504417,1,1
2779,sign,22619.331278253,99.02799865812995,287.03000134555623,103.28099961043335,6.900998414494097,1.0450021363794804,497.2850001649931,1,1
2780,sign,22619.357112974,98.22299762163311,262.7890025905799,102.75999738951214,6.752001354470849,0.9750001481734216,471.49899910436943,1,1
2781,sign,22619.3815844,82.4290000309702,242.959002207499,124.64300016290508,7.6219985203351825,1.0980002116411924,458.75100113335066,1,1
2782,sign,22619.405716159,91.23500058194622,267.0009998837486,104.78799958946183,7.197999366326258,0.953001290326938,471.17500071180984,1,1
2783,sign,22619.431312637,80.3379989520181,238.28000121284276,111.69199933647178,7.074999302858487,0.9089999366551638,438.2939987408463,1,1
2784,sign,22619.46115091,88.28100180835463,252.38399757654406,104.3720003508497,7.253001967910677,0.9299983503296971,453.22000005398877,1,1
2785,sign,22619.488064617,82.12000102503225,246.53899890836328,122.45900143170729,7.296999683603644,1.1400006769690663,459.55500172567554,1,1
2786,sign,22619.518755861,71.86199945863336,246.00699907750823,98.3300014922861,7.978997018653899,4.831003025174141,429.00900007225573,1,1
2787,sign,22619.544593123,76.19000098202378,236.6760018048808,124.74100003601052,7.543996616732329,0.9400027920491993,446.0910022316966,1,1
2788,sign,22619.568785661,107.34900206443854,302.9850013263058,103.37999992771074,7.347996870521456,0.8550014172215015,521.917001606198,1,1
2789,sign,22619.592513347,93.6799988267012,256.8499985500239,104.65500236023217,7.695998647250235,0.9950017556548119,463.8760001398623,1,1
2790,sign,22619.61723501,89.54700024332851,256.003000686178,102.14099893346429,7.611000910401344,0.9300019883085042,456.23200276168063,1,1
2791,sign,22619.64186426,93.65200094180182,283.8649998011533,114.56100037321448,7.063998054945841,1.1680021998472512,500.3100013709627,1,1
2792,sign,22619.66524099,79.80399823281914,259.9200015538372,104.05200009699911,7.3119990702252835,0.8450006134808064,451.93299956736155,1,1
2793,sign,22619.689347753,91.33500134339556,261.52599821216427,104.83600271982141,7.026999810477719,0.9010000212583691,465.6250021071173,1,1
2794,sign,22619.713286687,93.10899986303411,280.60199838364497,104.16599980089813,6.844002200523391,0.8319984772242606,485.55299872532487,1,1
2795,sign,22619.737713996,110.86399899795651,373.55799940996803,121.32000119891018,7.6979995355941355,0.9059986041393131,614.3459977465682,1,1
2796,sign,22619.761048611,89.8870021046605,257.2470002633054,103.37699859519489,7.096001354511827,0.976997398538515,458.5839997162111,1,1
2797,sign,22619.785248094,84.48700100416318,261.61099958699197,136.66499944520183,7.3070004873443395,0.8850001904647797,490.9550007141661,1,1
2798,sign,22619.809678255,95.9230019361712,284.84200083767064,105.73899999144487,7.108999852789566,0.8489987521898001,494.4620013702661,1,1
2799,sign,22619.834092064,78.95900125731714,239.48199668666348,101.1120002658572,7.086000550771132,0.9060022421181202,427.5450010027271,1,1
2800,sign,22619.85880267,83.71099829673767,252.8059994801879,101.88899977947585,6.998001481406391,0.9190007403958589,446.32299977820367,1,1
2801,sign,22619.881815221,90.22999802255072,306.2670002691448,106.35100261424668,7.128997822292149,0.8460010576527566,510.8229997858871,1,1
2802,sign,22619.906304087,83.70599971385673,246.80200294824317,102.25900041405112,7.23499761079438,0.9559989848639816,440.9579996718094,1,1
2803,sign,22619.930288885,94.98999861534685,261.1070012790151,104.40099867992103,6.984002538956702,0.8520000847056508,468.3340011979453,1,1
2804,sign,22619.95451971,99.51899846782908,308.0790011154022,179.38299788511358,8.89000148163177,1.0379990271758288,596.9089979771525,1,1
2805,sign,22619.980226833,90.64600089914165,243.44000121345744,102.10999971604906,7.01200042385608,0.8549977792426944,444.0630000317469,1,1
2806,sign,22620.004600758,88.63200127962045,249.0740007488057,124.97200077632442,7.474998710677028,0.9309987945016474,471.08400030992925,1,1
2807,sign,22620.028198535,81.2679973023478,268.470001174137,102.84400195814669,6.737998774042353,0.838997948449105,460.15899715712294,1,1
2808,sign,22620.053835597,74.98600098188035,264.0310012793634,105.33599925111048,7.493999873986468,0.8679999154992402,452.71500130183995,1,1
2809,sign,22620.078726671,94.6729996940121,295.8270015369635,107.58599819382653,7.437000022036955,1.0260009730700403,506.54900041990913,1,1
2810,sign,22620.108840238,99.42399992723949,290.53599791950546,103.93200136604719,27.79200076474808,0.9729992598295212,522.6569992373697,1,1
2811,sign,22620.134517388,83.8330015540123,246.53799846419133,102.66900062561035,7.401999027933925,1.0020012268796563,441.44400089862756,1,1
2812,sign,22620.16292291,97.5520015344955,243.16499911947176,101.45899796043523,6.687001587124541,0.9319992386735976,449.7949994402006,1,1
2813,sign,22620.188822357,78.01700121490285,291.07500085956417,114.03899770812131,8.116003300528973,1.1229967640247196,492.369999847142,1,1
2814,sign,22620.218631718,93.98499969393015,246.2900010868907,116.13300011958927,7.176000508479774,0.9299983503296971,464.5139997592196,1,1
2815,sign,22620.243645652,91.93699952447787,292.71200037328526,107.67999992822297,7.734997780062258,0.9300019883085042,500.99399959435686,1,1
2816,sign,22620.273183533,87.68199768383056,269.99100009561516,104.37899982207455,7.1210015448741615,0.914998963708058,470.0879981101025,1,1
2817,sign,22620.30242503,95.67300003254786,258.901000051992,103.79299783380702,7.524002285208553,1.4270008250605315,467.318001028616,1,1
2818,sign,22620.330309939,89.84699888969772,253.86700144736096,104.11900075268932,7.054000889183953,1.0109979484695941,455.89799992740154,1,1
2819,sign,22620.355303475,79.49599967105314,240.293000388192,102.09799802396446,7.2020011430140585,0.9550021786708385,430.0440014048945,1,1
2820,sign,22620.380372884,97.1590015979018,284.84799986472353,102.3459990392439,7.236001692945138,0.9219984349329025,492.5110006297473,1,1
2821,sign,22620.405163899,87.45699960854836,245.93300258857198,101.86600047745742,7.170998287620023,0.9540017344988883,443.38100269669667,1,1
2822,sign,22620.433797827,71.61899702623487,277.9040005407296,97.98099927138537,6.827001925557852,0.8229981176555157,455.1539968815632,1,1
2823,sign,22620.460153882,64.50600267271511,191.18699856335297,76.9260004744865,5.392001185100526,0.7329981599468738,338.744001055602,1,1
2824,sign,22620.485207947,77.8479989094194,251.37800184893422,105.13400047784671,9.052997484104708,1.1070005712099373,444.519999291515,1,1
2825,sign,22620.509301464,109.00599954766221,313.12300052377395,111.8119980674237,7.516002369811758,1.3559983926825225,542.8129989013541,1,1
2826,sign,22620.535586211,82.30399907915853,247.97500009299256,124.71299851313233,7.118000212358311,0.9880022844299674,463.0980001820717,1,1
2827,sign,22620.560921563,116.48700092337094,263.42799901613034,103.8430018525105,7.319998985622078,1.2829987099394202,492.3609994875733,1,1
2828,sign,22620.590161919,88.34199979901314,244.27099924650975,103.9060007315129,7.219998224172741,0.9300019883085042,444.66899998951703,1,1
2829,sign,22620.619534892,92.9769994399976,258.1049993750639,105.84100164123811,6.880000000819564,0.8690003596711904,464.6720008167904,1,1
2830,sign,22620.649951414,105.17899863771163,251.8799992685672,104.69100016052835,7.27299993741326,1.2470009096432477,470.2699989138637,1,1
2831,sign,22620.675633809,79.59199865581468,232.59799854713492,119.69300248892978,7.378999725915492,0.9239993232768029,440.18599874107167,1,1
2832,sign,22620.700655209,70.09299952187575,217.25400074501522,133.6679997621104,7.165002898545936,0.9010000212583691,429.0810029488057,1,1
2833,sign,22620.728770927,74.29499964928254,259.2590026324615,104.46399755892344,6.900001608300954,0.9059986041393131,445.82400005310774,1,1
2834,sign,22620.75659439,94.57899795961566,256.9429998402484,150.4440006101504,7.704002200625837,0.9559989848639816,510.62599959550425,1,1
2835,sign,22620.782357009,88.79899905878119,255.11700005154125,102.68900223309174,7.467999239452183,0.8069982868619263,454.8799988697283,1,1
2836,sign,22620.806947223,108.83599679800682,260.59800075017847,106.06800060486421,7.460999768227339,0.9190007403958589,483.8819986616727,1,1
2837,sign,22620.835460275,80.18099833861925,241.98200117098168,101.1120002658572,6.752998160663992,0.8280003385152668,430.8559982746374,1,1
2838,sign,22620.861925639,118.04499808931723,250.9320001991,93.90400009579025,6.902999302837998,0.7460002962034196,470.5299979832489,1,1
2839,sign,22620.891650586,86.67600195622072,248.95199749153107,122.11799912620336,6.746002327417955,0.8700008038431406,465.36200170521624,1,1
2840,sign,22620.917340373,77.84500121488236,258.2359993539285,102.51700223307125,6.905000191181898,0.9039977157954127,446.4070007088594,1,1
2841,sign,22620.942350269,87.31300113140605,246.09699903521687,102.22299897577614,7.340000593103468,1.2640011846087873,444.2370009201113,1,1
2842,sign,22620.96907724,75.57800199720077,238.54699975345284,104.56499876454473,7.000999175943434,0.7760027074255049,426.4670023985673,1,1
2843,sign,22620.996950183,113.95900219213217,256.6740004112944,102.62700016028248,6.870999641250819,0.9299983503296971,481.06100075528957,1,1
2844,sign,22621.02402489,91.41799819190055,254.84400248387828,103.99199891253375,7.450998964486644,0.90500179794617,458.6100003507454,1,1
2845,sign,22621.050417266,134.41700139082968,367.8269968077075,185.7090028352104,10.16999885905534,1.305001205764711,699.4280010985676,1,1
2846,sign,22621.102660891,59.60699854767881,1.2740019883494824,0.4809990059584379,7.613001798745245,0.1400003384333104,69.11500167916529,1,0
2847,sign,22621.147715094,82.30399907915853,2.730001142481342,1.2989985407330096,10.037001629825681,0.48299989430233836,96.8530002865009,1,0
2848,sign,22621.193035085,88.51999882608652,2.877000952139497,1.5519981388933957,11.043000995414332,0.6400005077011883,104.63199942023493,1,0
2849,sign,22621.237990787,118.4879984066356,3.0910014174878597,1.448999682907015,11.857999197673053,0.5820002115797251,135.46799891628325,1,0
2850,sign,22621.28289264,87.45100058149546,2.787000994430855,1.462998625356704,11.001000530086458,0.5000001692678779,103.20200090063736,1,0
2851,sign,22621.327815601,82.96000305563211,2.8859976737294346,1.219999830937013,20.931001927237958,0.49499794840812683,108.49200043594465,1,0
2852,sign,22621.37289794,94.26099859410897,2.9520015232264996,1.4469987945631146,36.131001252215356,0.5379988579079509,135.3289990220219,1,0
2853,sign,22621.417935847,108.69700054172426,3.0990013328846544,1.3639983080793172,11.676998838083819,0.4950015863869339,125.33200060715899,1,0
2854,sign,22621.462871416,89.56800229498185,2.6509987947065383,1.3749995559919626,11.514999641804025,0.510000973008573,105.61900126049295,1,0
2855,sign,22621.507871329,88.04699973552488,2.892000338761136,1.3560020306613296,11.03799877455458,0.5299989425111562,103.86299982201308,1,0
2856,sign,22621.55297958,138.5889991070144,3.025001205969602,1.6220001270994544,12.280001101316884,0.5490001058205962,156.06500164722092,1,0
2857,sign,22621.5979774,128.26699821744114,3.2370007829740644,1.505999534856528,11.878000805154443,0.5649999366141856,145.45299927704036,1,0
2858,sign,22621.642833522,88.08100028545596,2.840999513864517,1.4920005924068391,10.666997695807368,0.5770016286987811,103.65799971623346,1,0
2859,sign,22621.687772345,116.68599836411886,2.9479997465386987,1.4270008250605315,11.402000382076949,0.5129986675456166,132.97599798534065,1,0
2860,sign,22621.73278052,102.32400018139742,3.1140007195062935,1.4069992175791413,9.405997843714431,0.386000465368852,116.63699842756614,1,0
2861,sign,22621.777867114,88.3920001797378,2.9840011848136783,1.4689976524095982,9.996001608669758,0.504998752148822,103.34599937777966,1,0
2862,sign,22621.822912187,111.02700227638707,3.0279989005066454,1.5459991118405014,12.093001714674756,0.4789981176145375,128.1730001210235,1,0
2863,sign,22621.867847275,88.7220012373291,3.1009985832497478,1.5280020306818187,10.945997928502038,0.5270012479741126,104.82400102773681,1,0
2864,sign,22621.912882742,90.13000089908019,2.901000698329881,1.5219993656501174,11.446001735748723,0.5949987098574638,106.59400140866637,1,0
2865,sign,22621.957915614,126.89399954979308,3.484001354081556,1.700998836895451,11.901000107172877,0.5729998520109802,144.55299969995394,1,0
2866,sign,22622.002932529,110.04399857483804,3.183999069733545,1.6699996194802225,12.489002983784303,0.4789981176145375,127.86599836545065,1,0
2867,sign,22622.047873459,89.86200191429816,2.6950001483783126,1.5429977793246508,11.272000847384334,0.4069988790433854,105.77899956842884,1,0
2868,sign,22622.092842535,89.89900015876628,3.0279989005066454,1.582000550115481,11.457999789854512,0.4490029823500663,106.41600238159299,1,0
2869,sign,22622.13777436,85.2230004966259,2.873999619623646,1.5160003385972232,23.041000531520694,0.43199906940571964,113.08600005577318,1,0
2870,sign,22622.182807591,87.79599738772959,3.020999429281801,1.505002728663385,10.398998711025342,0.4350004019215703,103.15599865862168,1,0
2871,sign,22622.227873863,94.07999823451973,2.9330003599170595,1.7710008251015097,11.824999091913924,0.46900095185264945,111.07799946330488,1,0
2872,sign,22622.272913971,111.86900155735202,3.0080009310040623,1.3779972505290061,11.674001143546775,0.5389993020799011,128.46800018451177,1,0
2873,sign,22622.317894915,95.34600030747242,3.0230003176257014,1.8470018403604627,27.80499926302582,0.6189984560478479,128.64000018453225,1,0
2874,sign,22622.362805222,81.4809973235242,2.7180030883755535,1.4029974408913404,10.037001629825681,0.4579997039400041,96.09699918655679,1,0
2875,sign,22622.408016096,145.6239988328889,3.850000211969018,1.6039994079619646,15.551002434222028,0.5199981387704611,167.14899902581237,1,0
2876,sign,22622.452983199,117.34399959095754,3.0849987524561584,1.686003088252619,12.290998711250722,0.5319998308550566,134.9379999737721,1,0
2877,sign,22622.49773308,66.81800005026162,2.1050000214017928,1.0660005500540137,8.306000381708145,0.2950000634882599,78.59000106691383,1,0
2878,sign,22622.542872753,93.79799666930921,3.149001713609323,1.3409990060608834,11.063999409088865,0.4360008460935205,109.7879976441618,1,0
2879,sign,22622.587952483,128.51799692725763,3.020002623088658,1.529999281046912,11.887001164723188,0.5789988790638745,145.53399887518026,1,0
2880,sign,22622.633137522,129.755000671139,4.639998223865405,2.3550019250251353,15.13700044597499,0.7449998520314693,152.632001118036,1,0
2881,sign,22622.677883735,89.5550001587253,2.6380002964287996,1.353000698145479,3.7179997889325023,0.5420006345957518,97.80600157682784,0,0
2882,sign,22622.722981433,1.105003320844844,2.786997356452048,1.2500022421590984,1.1559968697838485,0.443000317318365,6.741000106558204,0,0
2883,sign,22622.767863529,0.9440009307581931,2.549000782892108,1.0170006135012954,1.0399999155197293,0.28699651011265814,5.836998752783984,0,0
2884,sign,22622.812857457,0.8809984137769789,2.472002961440012,1.0909971024375409,1.029002305585891,0.30199953471310437,5.775000317953527,0,0
2885,sign,22622.857872294,1.0420008038636297,2.9699986043851823,1.128999429056421,1.047999830916524,0.467000063508749,6.655998731730506,0,0
2886,sign,22622.902881744,1.172997144749388,2.6130001060664654,1.0990006558131427,1.258002157555893,0.34599725040607154,6.488997314590961,0,0
2887,sign,22622.947796583,0.7779999577905983,2.61999957729131,1.0759977158159018,1.1590018402785063,0.37000063457526267,6.002999725751579,0,0
2888,sign,22622.992871846,0.7779999577905983,2.9180009732954204,1.0799994925037026,1.172000338556245,0.35199991543777287,6.300000677583739,0,0
2889,sign,22623.038135044,1.0660005500540137,4.37400012742728,1.6269987099803984,1.2370001059025526,0.5330002750270069,8.836999768391252,0,0
2890,sign,22623.082866655,1.1749980330932885,2.5670015020295978,1.0799994925037026,1.0780022421386093,0.40499799069948494,6.304999260464683,0,0
2891,sign,22623.127953528,0.8210008672904223,2.420998498564586,1.0350013326387852,1.0379990271758288,0.32399839255958796,5.63899811822921,0,0
2892,sign,22623.172851128,0.9279974619857967,2.881999535020441,1.172000338556245,1.0680014383979142,0.347998138749972,6.397996912710369,0,0
2893,sign,22623.217845098,0.9649993444327265,2.5430017558392137,1.1619995348155499,1.0920011845882982,0.35099947126582265,6.113001290941611,0,0
2894,sign,22623.262786582,0.7010021363385022,2.5419976736884564,1.058000634657219,1.101001544157043,0.2999986463692039,5.702000635210425,0,0
2895,sign,22623.307915093,0.9040013537742198,2.439999661874026,1.02400008472614,1.1459997040219605,0.3450004442129284,5.859001248609275,0,0
2896,sign,22623.352964821,1.0889998520724475,2.3040011001285166,1.115000486606732,1.1119991540908813,0.3579989424906671,5.977999535389245,0,0
2897,sign,22623.397820937,0.8409988367930055,2.592001692391932,1.014999725157395,1.028998667607084,0.32000025385059416,5.796999175800011,0,0
2898,sign,22623.442757111,1.0750009096227586,2.209999365732074,0.848001945996657,0.8399983926210552,0.2759989001788199,5.248999514151365,0,0
2899,sign,22623.487919142,0.8540009730495512,2.4000000848900527,1.0539988579694182,1.128999429056421,0.30500086722895503,5.742000212194398,0,0
2900,sign,22623.532815312,0.8410024747718126,2.4649998522363603,1.128999429056421,1.0849980753846467,0.457002897746861,5.977002729196101,0,0
2901,sign,22623.577832357,1.12499765236862,2.5240005925297737,1.1260017345193774,1.058000634657219,0.4029971023555845,6.235997716430575,0,0
2902,sign,22623.623018063,1.305998011957854,3.8100006349850446,1.77200126927346,1.3589997251983732,0.6449990905821323,8.891998731996864,0,0
2903,sign,22623.667845203,0.8220013114623725,2.543998562032357,1.1539996194187552,1.2740019883494824,0.4039975465275347,6.197999027790502,0,0
2904,sign,22623.712857977,0.8940005500335246,2.3889988369774073,0.9970026439987123,1.0519979696255177,0.3210006980225444,5.653000698657706,0,0
2905,sign,22623.757796294,0.8169990906026214,2.472999767633155,1.0699986887630075,1.0950025171041489,0.37899735616520047,5.833997420268133,0,0
2906,sign,22623.802837188,0.8400020305998623,2.3760003386996686,1.076998159987852,1.0830008250195533,0.40599843487143517,5.781999789178371,0,0
2907,sign,22623.847789529,1.1309966794215143,2.4000000848900527,1.2250020517967641,0.9750001481734216,0.3489985829219222,6.079997547203675,0,0
2908,sign,22623.892823217,0.7659982657060027,2.0420011423993856,1.0619987733662128,0.9380019037052989,0.29600050766021013,5.10400059283711,0,0
2909,sign,22623.937930464,0.7970011211000383,2.772998414002359,1.124000846175477,1.1080010153818876,0.34199911169707775,6.144000508356839,0,0
2910,sign,22623.982858341,0.7439994078595191,2.277000021422282,1.2380005500745028,1.1459997040219605,0.39999940781854093,5.804999091196805,0,0
2911,sign,22624.027803884,0.7669987098779529,2.396001946181059,1.1259980965405703,0.9989998943638057,0.281001121038571,5.568999768001959,0,0
2912,sign,22624.072904807,1.02400008472614,2.6560010155662894,1.1279989848844707,1.272001100005582,0.28800059226341546,6.3680017774458975,0,0
2913,sign,22624.117820982,0.7160015229601413,2.5000008463393897,1.0369985830038786,1.1500014807097614,0.28799695428460836,5.690999387297779,0,0
2914,sign,22624.162901635,0.814998202258721,2.664000930963084,1.1859992810059339,1.0209987522102892,0.42000101529993117,6.105998181737959,0,0
2915,sign,22624.207829626,1.0619987733662128,2.688000677153468,1.148000592365861,1.3069984561298043,0.42900137486867607,6.633999873884022,0,0
2916,sign,22624.25320947,1.5119985619094223,4.172001354163513,1.6179983504116535,1.7910024325829,0.5000001692678779,9.593000868335366,0,0
2917,sign,22624.297730396,0.5949987098574638,1.263000740436837,0.5069996404927224,0.46000059228390455,0.1400003384333104,2.9650000215042382,0,0
2918,sign,22624.342701811,0.5249967216514051,1.2620002962648869,0.59100057114847,0.5149995558895171,0.19599974621087313,3.088996891165152,0,0
2919,sign,22624.388161602,0.9930008673109114,2.5379995349794626,1.1929987522307783,1.0949988791253418,0.45500200940296054,6.274000043049455,0,0
2920,sign,22624.4328965,0.934000127017498,2.5030021788552403,1.2649979908019304,1.1420015653129667,0.39600126910954714,6.240003131097183,0,0
2921,sign,22624.477850363,1.0549993021413684,2.5129993446171284,1.1420015653129667,1.1550000635907054,0.32900061341933906,6.194000889081508,0,0
2922,sign,22624.522907571,1.0539988579694182,2.8040012693963945,1.3850003597326577,1.2289965525269508,0.32900061341933906,6.80099765304476,0,0
2923,sign,22624.567770953,0.7449998520314693,2.411001332802698,1.0180010576732457,0.8729984983801842,0.2820015652105212,5.329002306098118,0,0
2924,sign,22624.612677504,0.5450019671116024,1.12499765236862,0.505002390127629,0.5829970177728683,0.20300285541452467,2.9610018827952445,0,0
2925,sign,22624.657700769,0.5299989425111562,1.2400014384184033,0.5530018825083971,0.5160000000614673,0.2130000211764127,3.0520022846758366,0,0
2926,sign,22624.702758468,0.5059991963207722,1.1119991540908813,0.4450012056622654,0.4770008672494441,0.16999911167658865,2.7099995349999517,0,0
2927,sign,22624.747672737,0.5399997462518513,1.1999982234556228,0.4530011210590601,0.4249995981808752,0.1990010787267238,2.816999767674133,0,0
2928,sign,22624.792606225,0.4569992597680539,0.833999365568161,0.38800135371275246,0.371997884940356,0.11600059224292636,2.1669984562322497,0,0
2929,sign,22624.837963902,0.9830000635702163,2.4479995772708207,1.186002918984741,1.1279989848844707,0.3450004442129284,6.090001988923177,0,0
2930,sign,22624.882922522,0.8349998097401112,2.2860003809910268,1.2460004654712975,0.9979994501918554,0.33800097298808396,5.703001079382375,0,0
2931,sign,22624.927914918,0.9379982657264918,2.2760032152291387,1.0309995559509844,0.9169998520519584,0.28199792723171413,5.4439988161902875,0,0
2932,sign,22624.972906367,0.9690011211205274,2.7570022211875767,1.2969976523891091,1.1110023478977382,0.35999983083456755,6.494003173429519,0,0
2933,sign,22625.01790055,0.9940013114828616,2.4529981601517648,1.1000010999850929,1.1550000635907054,0.362000719178468,6.064001354388893,0,0
2934,sign,22625.062815117,1.0000003385357559,2.4840010155458003,0.9840005077421665,0.9249997674487531,0.2749984560068697,5.6680000852793455,0,0
2935,sign,22625.10787896,1.2749987945426255,4.014000296592712,1.4400029613170773,1.3699973351322114,0.5680012691300362,8.667000656714663,0,0
2936,sign,22625.152953413,1.3140015653334558,2.3520005925092846,0.9819996193982661,0.9110008249990642,0.32299794838763773,5.882000550627708,0,0
2937,sign,22625.197852973,0.9399991540703923,2.2419990273192525,1.0930016287602484,1.04300124803558,0.3809982445091009,5.698999302694574,0,0
2938,sign,22625.243023064,1.1900010576937348,3.026001650141552,1.2919990695081651,1.209999027196318,0.37000063457526267,7.0880014391150326,0,0
2939,sign,22625.287835171,1.229000190505758,2.6230009098071605,1.309999788645655,1.1779993656091392,0.30199953471310437,6.641999789280817,0,0
2940,sign,22625.332854637,0.7599992386531085,2.464003046043217,1.1079973774030805,0.9520008461549878,0.31099989428184927,5.595000402536243,0,0
2941,sign,22625.378092137,0.914998963708058,2.7860005502589047,1.1470001481939107,1.0909971024375409,0.38800135371275246,6.326998118311167,0,0
2942,sign,22625.422840967,0.9710020094644278,2.6809975679498166,1.3330027286428958,1.0359981388319284,0.3360000846441835,6.357000529533252,0,0
2943,sign,22625.467888433,0.9030009096022695,2.6130001060664654,0.9590003173798323,0.9600007615517825,0.32000025385059416,5.755002348450944,0,0
2944,sign,22625.512934189,1.3850003597326577,2.6320012693759054,1.104999682866037,1.1740012269001454,0.3339991963002831,6.630001735175028,0,0
2945,sign,22625.557843697,1.4430006558541209,2.568001946201548,1.1949996405746788,1.0139992809854448,0.39199949242174625,6.612001016037539,0,0
2946,sign,22625.603046747,1.4469987945631146,3.701999958138913,1.4430006558541209,1.3639983080793172,0.5310030246619135,8.48700074129738,0,0
2947,sign,22625.647863287,1.2700002116616815,2.7040005079470575,1.0840012691915035,1.1609990906435996,0.3589993866626173,6.5780004661064595,0,0
2948,sign,22625.69289991,0.9040013537742198,2.516000677132979,1.1400006769690663,1.1109987099189311,0.3440000000409782,6.015001417836174,0,0
2949,sign,22625.738023949,5.680998583557084,3.739998646778986,1.224001607624814,1.3060016499366611,0.428997736889869,12.379998224787414,0,0
2950,sign,22625.782826378,1.0660005500540137,2.573000529082492,1.062999217538163,0.938998709898442,0.4090034053660929,6.050002411939204,0,0
2951,sign,22625.827832898,1.0219991963822395,2.3619977582711726,0.9870018402580172,1.0229996405541897,0.29700095183216035,5.690999387297779,0,0
2952,sign,22625.87287205,1.2189993867650628,2.74099875241518,1.020001946017146,1.02400008472614,0.471998646389693,6.475998816313222,0,0
2953,sign,22625.917985124,1.0090006981045008,2.5890003598760813,1.0359981388319284,1.0740004654508084,0.4270004865247756,6.1350001487880945,0,0
2954,sign,22625.962628534,0.43400359572842717,0.7819980964995921,0.3339991963002831,0.26500129024498165,0.08899951353669167,1.9040016923099756,0,0
2955,sign,22626.007787218,0.8869974408298731,2.492000930942595,1.0219991963822395,0.9490031516179442,0.3169989213347435,5.666999641107395,0,0
2956,sign,22626.052757655,0.7269991328939795,2.5080007617361844,0.9869982022792101,1.101001544157043,0.27900023269467056,5.601999873761088,0,0
2957,sign,22626.097830312,0.8870010788086802,2.2800013539381325,1.000997144728899,0.9920004231389612,0.28800059226341546,5.448000592878088,0,0
2958,sign,22626.142793555,0.8400020305998623,2.3419997887685895,0.9920004231389612,1.0109979484695941,0.2680026227608323,5.4530028137378395,0,0
2959,sign,22626.187997671,1.986998540814966,17.260001186514273,2.038999809883535,1.6859994502738118,0.6949994713068008,23.666998458793387,0,0
2960,sign,22626.232812788,0.9010000212583691,2.6330017135478556,1.0359981388319284,0.9800023690331727,0.30999945010989904,5.860001692781225,0,0
2961,sign,22626.277867457,1.0600015230011195,2.4789987946860492,1.1119991540908813,1.1849988368339837,0.3320019459351897,6.1680002545472234,0,0
2962,sign,22626.322859807,1.1399970389902592,2.5430017558392137,1.1829979484900832,1.096002961276099,0.34199911169707775,6.303998816292733,0,0
2963,sign,22626.367981637,0.8780007192399353,2.4900000425986946,1.1000010999850929,1.0500007192604244,0.34999902709387243,5.8680016081780195,0,0
2964,sign,22626.412816521,0.7340022420976311,2.3229986254591495,1.047999830916524,0.9800023690331727,0.3129971446469426,5.39800021215342,0,0
2965,sign,22626.458049563,1.6640005924273282,4.163000994594768,1.6619997040834278,1.5810001059435308,0.6589980330318213,9.728999430080876,0,0
2966,sign,22626.502911196,1.001000782707706,2.6080015231855214,1.0509975254535675,1.0950025171041489,0.3989989636465907,6.1540013120975345,0,0
2967,sign,22626.547873633,1.014999725157395,2.4820001272019,1.0599978850223124,1.1400006769690663,0.35600169212557375,6.053000106476247,0,0
2968,sign,22626.592780674,0.7640010153409094,2.4289984139613807,1.1900010576937348,0.8440001693088561,0.27399801183491945,5.5009986681398,0,0
2969,sign,22626.637962762,1.606000296305865,2.9910006560385227,1.2999989849049598,1.196000084746629,0.3210006980225444,7.414000720018521,0,0
2970,sign,22626.682824951,0.7599992386531085,2.520999260013923,1.0980002116411924,1.077001797966659,0.2720007614698261,5.728001269744709,0,0
2971,sign,22626.727882655,1.2620002962648869,2.740001946222037,1.0849980753846467,1.1709998943842947,0.28700014809146523,6.545000360347331,0,0
2972,sign,22626.772897073,0.9060022421181202,2.46399940806441,1.267999323317781,0.9879986464511603,0.36500205169431865,5.99100167164579,0,0
2973,sign,22626.817802126,0.7870003173593432,2.3850006982684135,0.9830000635702163,1.2919990695081651,0.32400203053839505,5.771002179244533,0,0
2974,sign,22626.862839667,1.1930023902095854,2.367996785324067,1.2360032997094095,1.1179981811437756,0.3310015017632395,6.246002158150077,0,0
2975,sign,22626.907794792,0.7939997885841876,3.4339973353780806,1.3650023902300745,1.3159988156985492,0.4399989848025143,7.348997314693406,0,0
2976,sign,22626.952823031,0.7550006557721645,2.197000867454335,1.0889998520724475,1.0359981388319284,0.37900099414400756,5.456000508274883,0,0
2977,sign,22626.997857585,0.8230017556343228,3.03599881590344,1.2499986041802913,1.1360025382600725,0.35099947126582265,6.596001185243949,0,0
2978,sign,22627.042822545,0.8049973985180259,2.7030000637751073,1.0260009730700403,1.1160009307786822,0.3399982233531773,5.989997589495033,0,0
2979,sign,22627.087972686,0.9600007615517825,2.7749993023462594,1.239000994246453,1.067997800419107,0.41400198824703693,6.456000846810639,0,0
2980,sign,22627.132900521,0.8839997462928295,2.2560016077477485,1.0299991117790341,1.0570001904852688,0.3179993655066937,5.545000021811575,0,0
2981,sign,22627.178115232,0.8780007192399353,2.531000063754618,1.1080010153818876,1.0979965736623853,0.38700090954080224,6.001999281579629,0,0
2982,sign,22627.2228518,0.8089991752058268,2.7649984986055642,1.1120027920696884,1.2549971870612353,0.29300281312316656,6.234000466065481,0,0
2983,sign,22627.267856031,0.833999365568161,2.692999260034412,0.9059986041393131,0.9180002962239087,0.3480017767287791,5.698999302694574,0,0
2984,sign,22627.312851062,0.7710004865657538,2.2239983081817627,0.9280010999646038,1.1109987099189311,0.2900014806073159,5.324000085238367,0,0
2985,sign,22627.357898442,1.296000846195966,2.692999260034412,1.1070005712099373,1.091000740416348,0.44700209400616586,6.634003511862829,0,0
2986,sign,22627.403086563,1.3760000001639128,4.065997927682474,2.0700026652775705,1.7739985196385533,0.5789988790638745,9.864997991826385,0,0
2987,sign,22627.447850882,0.8819988579489291,2.263001078972593,1.1279989848844707,0.9250034054275602,0.26999987312592566,5.468002200359479,0,0
2988,sign,22627.492844775,0.8930001058615744,2.5520021154079586,1.1089978215750307,1.053002051776275,0.3450004442129284,5.952002538833767,0,0
2989,sign,22627.537912877,0.9899995347950608,2.297001628903672,1.219999830937013,1.1699994502123445,0.34600088838487864,6.023001333232969,0,0
2990,sign,22627.582899615,1.0129988368134946,2.5650006136856973,1.14399881567806,1.0350013326387852,0.2979977580253035,6.054997356841341,0,0
2991,sign,22627.627836535,0.9030009096022695,2.639997546793893,1.1459997040219605,1.172000338556245,0.3989989636465907,6.259997462620959,0,0
2992,sign,22627.67288816,0.8520000847056508,2.6130001060664654,1.1490010365378112,1.2460004654712975,0.3040004230570048,6.16400211583823,0,0
2993,sign,22627.717995198,0.8669994713272899,2.5480003387201577,1.0900002962443978,19.35399996000342,0.43700129026547074,24.296001356560737,0,0
2994,sign,22627.76287102,0.8019997039809823,2.5469998945482075,1.1509982869029045,1.1350020940881222,0.3389977791812271,5.973997758701444,0,0
2995,sign,22627.807801066,0.7939997885841876,2.5030021788552403,1.0320000001229346,1.095999323297292,0.30999945010989904,5.735000740969554,0,0
